0.000000000000000000e+00,2.048448815625000066e+02,0.000000000000000000e+00,2.282431999999999902e-05,0.000000000000000000e+00
0.000000000000000000e+00,2.048448815625000066e+02,0.000000000000000000e+00,-1.629363000000000056e-06,0.000000000000000000e+00
0.000000000000000000e+00,2.048448815625000066e+02,0.000000000000000000e+00,-6.437766999999999522e-07,0.000000000000000000e+00
4.790217356211760175e-02,2.048448336603264295e+02,0.000000000000000000e+00,-1.011939999999999994e-07,0.000000000000000000e+00
1.993366879397480973e-01,2.048446822258120505e+02,0.000000000000000000e+00,9.815266999999999954e-08,0.000000000000000000e+00
3.909558232820439239e-01,2.048444906066767146e+02,0.000000000000000000e+00,3.704626999999999971e-07,0.000000000000000000e+00
6.286345857641268964e-01,2.048442529279142263e+02,0.000000000000000000e+00,6.593327000000000155e-07,0.000000000000000000e+00
9.029408750636132019e-01,2.048439786216249274e+02,0.000000000000000000e+00,7.923953999999999646e-07,0.000000000000000000e+00
1.198911602331049986e+00,2.048436826508976765e+02,0.000000000000000000e+00,9.657670000000000743e-07,0.000000000000000000e+00
1.552181131954483595e+00,2.048433293813680507e+02,0.000000000000000000e+00,1.068881999999999976e-06,0.000000000000000000e+00
1.938684073967755550e+00,2.048429428784260153e+02,0.000000000000000000e+00,1.194508999999999993e-06,0.000000000000000000e+00
2.350558694472673071e+00,2.048425310038055329e+02,0.000000000000000000e+00,1.300227999999999988e-06,0.000000000000000000e+00
2.749414547956019472e+00,2.048421321479520429e+02,0.000000000000000000e+00,1.381777000000000052e-06,0.000000000000000000e+00
3.192432648617701041e+00,2.048416891298513747e+02,0.000000000000000000e+00,1.436899999999999956e-06,0.000000000000000000e+00
3.607540009775492162e+00,2.048412740224902109e+02,0.000000000000000000e+00,1.438777000000000099e-06,0.000000000000000000e+00
3.996311620023059952e+00,2.048408852508799782e+02,0.000000000000000000e+00,1.429244999999999984e-06,0.000000000000000000e+00
4.426497239999132916e+00,2.048404550652599880e+02,0.000000000000000000e+00,1.485256000000000048e-06,0.000000000000000000e+00
4.857474300049879901e+00,2.048400240881999537e+02,0.000000000000000000e+00,1.539011000000000095e-06,0.000000000000000000e+00
5.242876179167660133e+00,2.048396386863208249e+02,0.000000000000000000e+00,1.500156999999999925e-06,0.000000000000000000e+00
5.684602474408248618e+00,2.048391969600255891e+02,0.000000000000000000e+00,1.492983000000000102e-06,0.000000000000000000e+00
6.100166721382564994e+00,2.048387813957786250e+02,0.000000000000000000e+00,1.421271000000000101e-06,0.000000000000000000e+00
6.515566985045193604e+00,2.048383659955149483e+02,0.000000000000000000e+00,1.391468999999999925e-06,0.000000000000000000e+00
6.943280157532909946e+00,2.048379382823424635e+02,0.000000000000000000e+00,1.374486999999999991e-06,0.000000000000000000e+00
7.386235691603053155e+00,2.048374953268083800e+02,0.000000000000000000e+00,1.365537000000000060e-06,0.000000000000000000e+00
7.782103305313381014e+00,2.048370994591946896e+02,0.000000000000000000e+00,1.406864999999999912e-06,0.000000000000000000e+00
8.204615807755718748e+00,2.048366769466922506e+02,0.000000000000000000e+00,1.438048999999999909e-06,0.000000000000000000e+00
8.633134556725034159e+00,2.048362484279432749e+02,0.000000000000000000e+00,1.453561999999999950e-06,0.000000000000000000e+00
9.053906295880844723e+00,2.048358276562041169e+02,0.000000000000000000e+00,1.442370999999999992e-06,0.000000000000000000e+00
9.447934908795764031e+00,2.048354336275912146e+02,0.000000000000000000e+00,1.470630999999999955e-06,0.000000000000000000e+00
9.879165558262364755e+00,2.048350023969417464e+02,0.000000000000000000e+00,1.462597999999999926e-06,0.000000000000000000e+00
1.032113007981609520e+01,2.048345604324201759e+02,0.000000000000000000e+00,1.509440999999999970e-06,0.000000000000000000e+00
1.070650921867667194e+01,2.048341750532813137e+02,0.000000000000000000e+00,1.527034000000000040e-06,0.000000000000000000e+00
1.114005383019508066e+01,2.048337415086697888e+02,0.000000000000000000e+00,1.534324999999999917e-06,0.000000000000000000e+00
1.152506292329492865e+01,2.048333564995766949e+02,0.000000000000000000e+00,1.576626999999999974e-06,0.000000000000000000e+00
1.194906119541984602e+01,2.048329325013045832e+02,0.000000000000000000e+00,1.587395999999999929e-06,0.000000000000000000e+00
1.238444467036498864e+01,2.048324971178296323e+02,0.000000000000000000e+00,1.532651000000000083e-06,0.000000000000000000e+00
1.280982508407618070e+01,2.048320717374159301e+02,0.000000000000000000e+00,1.459207999999999946e-06,0.000000000000000000e+00
1.321755252232088473e+01,2.048316640099776862e+02,0.000000000000000000e+00,1.510619999999999904e-06,0.000000000000000000e+00
1.363269356598812365e+01,2.048312488689340114e+02,0.000000000000000000e+00,1.495835000000000053e-06,0.000000000000000000e+00
1.403948775294398210e+01,2.048308420747470393e+02,0.000000000000000000e+00,1.510575999999999960e-06,0.000000000000000000e+00
1.444216639061046337e+01,2.048304393961093979e+02,0.000000000000000000e+00,1.520399000000000061e-06,0.000000000000000000e+00
1.487806548337706758e+01,2.048300034970166337e+02,0.000000000000000000e+00,1.556371000000000087e-06,0.000000000000000000e+00
1.530871595737242785e+01,2.048295728465426180e+02,0.000000000000000000e+00,1.583045000000000104e-06,0.000000000000000000e+00
1.571330745561678555e+01,2.048291682550443795e+02,0.000000000000000000e+00,1.566994000000000036e-06,0.000000000000000000e+00
1.612455839800673374e+01,2.048287570041019876e+02,0.000000000000000000e+00,1.532782000000000100e-06,0.000000000000000000e+00
1.654002708515691467e+01,2.048283415354148360e+02,0.000000000000000000e+00,1.491250999999999938e-06,0.000000000000000000e+00
1.696382280175233248e+01,2.048279177396982504e+02,0.000000000000000000e+00,1.500156999999999925e-06,0.000000000000000000e+00
1.737199643753551115e+01,2.048275095660624743e+02,0.000000000000000000e+00,1.591746999999999966e-06,0.000000000000000000e+00
1.780303349590336381e+01,2.048270785290040976e+02,0.000000000000000000e+00,1.514491000000000032e-06,0.000000000000000000e+00
1.823065232128922730e+01,2.048266509101786994e+02,0.000000000000000000e+00,1.517778999999999949e-06,0.000000000000000000e+00
1.865617195517068438e+01,2.048262253905448347e+02,0.000000000000000000e+00,1.381748000000000099e-06,0.000000000000000000e+00
1.908904185212712434e+01,2.048257925206478660e+02,0.000000000000000000e+00,1.528678999999999920e-06,0.000000000000000000e+00
1.950367082526945950e+01,2.048253778916747194e+02,0.000000000000000000e+00,1.557461999999999921e-06,0.000000000000000000e+00
1.990287274494143688e+01,2.048249786897550564e+02,0.000000000000000000e+00,1.564709000000000065e-06,0.000000000000000000e+00
2.034269199071804834e+01,2.048245388705092864e+02,0.000000000000000000e+00,1.503300000000000074e-06,0.000000000000000000e+00
2.077346893650539172e+01,2.048241080935634955e+02,0.000000000000000000e+00,1.500432999999999920e-06,0.000000000000000000e+00
2.117459818442234010e+01,2.048237069643155621e+02,0.000000000000000000e+00,1.606007999999999964e-06,0.000000000000000000e+00
2.158146844850637081e+01,2.048233000940514899e+02,0.000000000000000000e+00,1.613341999999999969e-06,0.000000000000000000e+00
2.199736982880440905e+01,2.048228841926711823e+02,0.000000000000000000e+00,1.500709999999999943e-06,0.000000000000000000e+00
2.239615579608292251e+01,2.048224854067039189e+02,0.000000000000000000e+00,1.540888000000000027e-06,0.000000000000000000e+00
2.283648790371060855e+01,2.048220450745962751e+02,0.000000000000000000e+00,1.550070000000000009e-06,0.000000000000000000e+00
2.326567054529551015e+01,2.048216158919547070e+02,0.000000000000000000e+00,1.551073999999999983e-06,0.000000000000000000e+00
2.364259643674705913e+01,2.048212389660632482e+02,0.000000000000000000e+00,1.597130999999999930e-06,0.000000000000000000e+00
2.407384950703740145e+01,2.048208077129929734e+02,0.000000000000000000e+00,1.523614999999999896e-06,0.000000000000000000e+00
2.449105204051094020e+01,2.048203905104594753e+02,0.000000000000000000e+00,1.558160999999999946e-06,0.000000000000000000e+00
2.488901860635988683e+01,2.048199925438936475e+02,0.000000000000000000e+00,1.529756000000000003e-06,0.000000000000000000e+00
2.533028555783995017e+01,2.048195512769421498e+02,0.000000000000000000e+00,1.574706000000000098e-06,0.000000000000000000e+00
2.576139679156817053e+01,2.048191201657084264e+02,0.000000000000000000e+00,1.626846000000000034e-06,0.000000000000000000e+00
2.617908793680918222e+01,2.048187024745631959e+02,0.000000000000000000e+00,1.617213000000000096e-06,0.000000000000000000e+00
2.658501568109926438e+01,2.048182965468188854e+02,0.000000000000000000e+00,1.630861999999999930e-06,0.000000000000000000e+00
2.698537097941922269e+01,2.048178961915205889e+02,0.000000000000000000e+00,1.591353999999999918e-06,0.000000000000000000e+00
2.743245574846127965e+01,2.048174491067515248e+02,0.000000000000000000e+00,1.628155999999999985e-06,0.000000000000000000e+00
2.785604418158829887e+01,2.048170255183184167e+02,0.000000000000000000e+00,1.651279000000000026e-06,0.000000000000000000e+00
2.829551027684233588e+01,2.048165860522231583e+02,0.000000000000000000e+00,1.628214000000000103e-06,0.000000000000000000e+00
2.869825527139714083e+01,2.048161833072286129e+02,0.000000000000000000e+00,1.647044000000000015e-06,0.000000000000000000e+00
2.911382761874469693e+01,2.048157677348812626e+02,0.000000000000000000e+00,1.605294999999999976e-06,0.000000000000000000e+00
2.952638495271720842e+01,2.048153551775472749e+02,0.000000000000000000e+00,1.603635999999999921e-06,0.000000000000000000e+00
2.994064178407208132e+01,2.048149409207159124e+02,0.000000000000000000e+00,1.546403000000000007e-06,0.000000000000000000e+00
3.036134888091603656e+01,2.048145202136190903e+02,0.000000000000000000e+00,1.554377000000000102e-06,0.000000000000000000e+00
3.076013787733486282e+01,2.048141214246226696e+02,0.000000000000000000e+00,1.547189000000000104e-06,0.000000000000000000e+00
3.120414572226787442e+01,2.048136774167777219e+02,0.000000000000000000e+00,1.501350000000000034e-06,0.000000000000000000e+00
3.160777113587786147e+01,2.048132737913641108e+02,0.000000000000000000e+00,1.447974000000000072e-06,0.000000000000000000e+00
3.200757352474356310e+01,2.048128739889752410e+02,0.000000000000000000e+00,1.452398000000000007e-06,0.000000000000000000e+00
3.243703116046062718e+01,2.048124445313395370e+02,0.000000000000000000e+00,1.468870000000000050e-06,0.000000000000000000e+00
3.285810386927481375e+01,2.048120234586307333e+02,0.000000000000000000e+00,1.523861999999999938e-06,0.000000000000000000e+00
3.327603553408080472e+01,2.048116055269659057e+02,0.000000000000000000e+00,1.599154000000000080e-06,0.000000000000000000e+00
3.369722996347443456e+01,2.048111843325365271e+02,0.000000000000000000e+00,1.602166000000000001e-06,0.000000000000000000e+00
3.408508902801706597e+01,2.048107964734719815e+02,0.000000000000000000e+00,1.555120000000000071e-06,0.000000000000000000e+00
3.452549252682554481e+01,2.048103560699731815e+02,0.000000000000000000e+00,1.564519999999999930e-06,0.000000000000000000e+00
3.494931044156587774e+01,2.048099322520584451e+02,0.000000000000000000e+00,1.568405000000000021e-06,0.000000000000000000e+00
3.534818013073142851e+01,2.048095333823692670e+02,0.000000000000000000e+00,1.573672999999999959e-06,0.000000000000000000e+00
3.579256463438225211e+01,2.048090889978656151e+02,0.000000000000000000e+00,1.504712000000000087e-06,0.000000000000000000e+00
3.617783007195679801e+01,2.048087037324280288e+02,0.000000000000000000e+00,1.514913000000000034e-06,0.000000000000000000e+00
3.660478444445622870e+01,2.048082767780555287e+02,0.000000000000000000e+00,1.500956999999999985e-06,0.000000000000000000e+00
3.702024863381664233e+01,2.048078613138661694e+02,0.000000000000000000e+00,1.573440000000000092e-06,0.000000000000000000e+00
3.744742011311589636e+01,2.048074341423868816e+02,0.000000000000000000e+00,1.498411000000000010e-06,0.000000000000000000e+00
3.785527801761006117e+01,2.048070262844823901e+02,0.000000000000000000e+00,1.567226999999999903e-06,0.000000000000000000e+00
3.828940230864285610e+01,2.048065921601913431e+02,0.000000000000000000e+00,1.587032000000000046e-06,0.000000000000000000e+00
3.873676674257846031e+01,2.048061447957574046e+02,0.000000000000000000e+00,1.565291000000000037e-06,0.000000000000000000e+00
3.915198043714050868e+01,2.048057295820628667e+02,0.000000000000000000e+00,1.477631000000000058e-06,0.000000000000000000e+00
3.956087510331830259e+01,2.048053206873966872e+02,0.000000000000000000e+00,1.514693999999999918e-06,0.000000000000000000e+00
3.996374804632400668e+01,2.048049178144536597e+02,0.000000000000000000e+00,1.526627000000000029e-06,0.000000000000000000e+00
4.039471223908045516e+01,2.048044868502609290e+02,0.000000000000000000e+00,1.478983999999999924e-06,0.000000000000000000e+00
4.080286690741905176e+01,2.048040786955925796e+02,0.000000000000000000e+00,1.475113000000000008e-06,0.000000000000000000e+00
4.123018468363019196e+01,2.048036513778163794e+02,0.000000000000000000e+00,1.490974999999999942e-06,0.000000000000000000e+00
4.164200772258246275e+01,2.048032395547774058e+02,0.000000000000000000e+00,1.462264000000000024e-06,0.000000000000000000e+00
4.205492740493343717e+01,2.048028266350950730e+02,0.000000000000000000e+00,1.504536999999999915e-06,0.000000000000000000e+00
4.247887504491996680e+01,2.048024026874550714e+02,0.000000000000000000e+00,1.478635000000000032e-06,0.000000000000000000e+00
4.287786441335877896e+01,2.048020036980866507e+02,0.000000000000000000e+00,1.480337000000000003e-06,0.000000000000000000e+00
4.331973168987877187e+01,2.048015618308101295e+02,0.000000000000000000e+00,1.470151000000000046e-06,0.000000000000000000e+00
4.370527001053978466e+01,2.048011762924894583e+02,0.000000000000000000e+00,1.447900999999999963e-06,0.000000000000000000e+00
4.413815484873704520e+01,2.048007434076512538e+02,0.000000000000000000e+00,1.481836000000000088e-06,0.000000000000000000e+00
4.454825763400844352e+01,2.048003333048660011e+02,0.000000000000000000e+00,1.496605999999999948e-06,0.000000000000000000e+00
4.495174998312766945e+01,2.047999298125168650e+02,0.000000000000000000e+00,1.451102000000000019e-06,0.000000000000000000e+00
4.538264999722414927e+01,2.047994989125027701e+02,0.000000000000000000e+00,1.482097999999999909e-06,0.000000000000000000e+00
4.581988051470693080e+01,2.047990616819852789e+02,0.000000000000000000e+00,1.494757999999999970e-06,0.000000000000000000e+00
4.624393519688909038e+01,2.047986376273030942e+02,0.000000000000000000e+00,1.490902000000000045e-06,0.000000000000000000e+00
4.664256833931298019e+01,2.047982389941606698e+02,0.000000000000000000e+00,1.476219000000000045e-06,0.000000000000000000e+00
4.707395907506361254e+01,2.047978076034249284e+02,0.000000000000000000e+00,1.412495999999999918e-06,0.000000000000000000e+00
4.749154719351130893e+01,2.047973900153064903e+02,0.000000000000000000e+00,1.294901999999999931e-06,0.000000000000000000e+00
4.792272296744811655e+01,2.047969588395325502e+02,0.000000000000000000e+00,1.321124999999999993e-06,0.000000000000000000e+00
4.833105361058338900e+01,2.047965505088894247e+02,0.000000000000000000e+00,1.305525000000000092e-06,0.000000000000000000e+00
4.876318122474295080e+01,2.047961183812752495e+02,0.000000000000000000e+00,1.276668999999999982e-06,0.000000000000000000e+00
4.917004432955260285e+01,2.047957115181704353e+02,0.000000000000000000e+00,1.325387999999999930e-06,0.000000000000000000e+00
4.956740480916030833e+01,2.047953141576908251e+02,0.000000000000000000e+00,1.342371000000000103e-06,0.000000000000000000e+00
5.001075384780129696e+01,2.047948708086522061e+02,0.000000000000000000e+00,1.389140000000000010e-06,0.000000000000000000e+00
5.042370852912409163e+01,2.047944578539708687e+02,0.000000000000000000e+00,1.229243999999999966e-06,0.000000000000000000e+00
5.083226764312976798e+01,2.047940492948568760e+02,0.000000000000000000e+00,1.270177999999999954e-06,0.000000000000000000e+00
5.127586000071566019e+01,2.047936057024992920e+02,0.000000000000000000e+00,1.309672000000000003e-06,0.000000000000000000e+00
5.167186017313859736e+01,2.047932097023268625e+02,0.000000000000000000e+00,1.292283000000000058e-06,0.000000000000000000e+00
5.208735215628065163e+01,2.047927942103437147e+02,0.000000000000000000e+00,1.282314999999999978e-06,0.000000000000000000e+00
5.248100683235340824e+01,2.047924005556676548e+02,0.000000000000000000e+00,1.307707999999999999e-06,0.000000000000000000e+00
5.291032021513304784e+01,2.047919712422848590e+02,0.000000000000000000e+00,1.355540000000000027e-06,0.000000000000000000e+00
5.333332919658867155e+01,2.047915482333034163e+02,0.000000000000000000e+00,1.351131000000000083e-06,0.000000000000000000e+00
5.374842410305343066e+01,2.047911331383969298e+02,0.000000000000000000e+00,1.313804999999999951e-06,0.000000000000000000e+00
5.416397163198769960e+01,2.047907175908680131e+02,0.000000000000000000e+00,1.353532000000000079e-06,0.000000000000000000e+00
5.458788500062892268e+01,2.047902936774993634e+02,0.000000000000000000e+00,1.255043999999999998e-06,0.000000000000000000e+00
5.499527292753622731e+01,2.047898862895724506e+02,0.000000000000000000e+00,1.310371000000000028e-06,0.000000000000000000e+00
5.541925295088145731e+01,2.047894623095491227e+02,0.000000000000000000e+00,1.286999999999999917e-06,0.000000000000000000e+00
5.584855925539231691e+01,2.047890330032446116e+02,0.000000000000000000e+00,1.322231000000000030e-06,0.000000000000000000e+00
5.626573998776864727e+01,2.047886158225122415e+02,0.000000000000000000e+00,1.355133000000000015e-06,0.000000000000000000e+00
5.668453528221167659e+01,2.047881970272177909e+02,0.000000000000000000e+00,1.375738000000000007e-06,0.000000000000000000e+00
5.708974914248909016e+01,2.047877918133575008e+02,0.000000000000000000e+00,1.390333999999999935e-06,0.000000000000000000e+00
5.748949219474745576e+01,2.047873920703052590e+02,0.000000000000000000e+00,1.384862000000000083e-06,0.000000000000000000e+00
5.792039139035391315e+01,2.047869611711096525e+02,0.000000000000000000e+00,1.380336000000000086e-06,0.000000000000000000e+00
5.836139703752475327e+01,2.047865201654624627e+02,0.000000000000000000e+00,1.383828999999999944e-06,0.000000000000000000e+00
5.880462877258728582e+01,2.047860769337274007e+02,0.000000000000000000e+00,1.354536000000000053e-06,0.000000000000000000e+00
5.920896378787661973e+01,2.047856725987121251e+02,0.000000000000000000e+00,1.366541000000000034e-06,0.000000000000000000e+00
5.961977826935616775e+01,2.047852617842306415e+02,0.000000000000000000e+00,1.354011999999999988e-06,0.000000000000000000e+00
6.003540922140642522e+01,2.047848461532785791e+02,0.000000000000000000e+00,1.347928999999999999e-06,0.000000000000000000e+00
6.044224199562641786e+01,2.047844393205043616e+02,0.000000000000000000e+00,1.325548999999999927e-06,0.000000000000000000e+00
6.086787000104094147e+01,2.047840136924989451e+02,0.000000000000000000e+00,1.375171000000000026e-06,0.000000000000000000e+00
6.129470577675287757e+01,2.047835868567232467e+02,0.000000000000000000e+00,1.371474000000000042e-06,0.000000000000000000e+00
6.169704362859490487e+01,2.047831845188713942e+02,0.000000000000000000e+00,1.388529000000000085e-06,0.000000000000000000e+00
6.212595418740458797e+01,2.047827556083125842e+02,0.000000000000000000e+00,1.390580999999999977e-06,0.000000000000000000e+00
6.250014452841391233e+01,2.047823814179715782e+02,0.000000000000000000e+00,1.393055000000000082e-06,0.000000000000000000e+00
6.294941789832773082e+01,2.047819321446016829e+02,0.000000000000000000e+00,1.387219999999999951e-06,0.000000000000000000e+00
6.337381922137404189e+01,2.047815077432786097e+02,0.000000000000000000e+00,1.378764999999999919e-06,0.000000000000000000e+00
6.379313444583721804e+01,2.047810884280541472e+02,0.000000000000000000e+00,1.345003999999999938e-06,0.000000000000000000e+00
6.421832329058764799e+01,2.047806632392094173e+02,0.000000000000000000e+00,1.355292999999999985e-06,0.000000000000000000e+00
6.460604338622206910e+01,2.047802755191137862e+02,0.000000000000000000e+00,1.359062000000000050e-06,0.000000000000000000e+00
6.502155653659183088e+01,2.047798600059633998e+02,0.000000000000000000e+00,1.398294000000000067e-06,0.000000000000000000e+00
6.544819886829607469e+01,2.047794333636317106e+02,0.000000000000000000e+00,1.403051999999999903e-06,0.000000000000000000e+00
6.586815545856111953e+01,2.047790134070414467e+02,0.000000000000000000e+00,1.409615000000000013e-06,0.000000000000000000e+00
6.629060346374046730e+01,2.047785909590362508e+02,0.000000000000000000e+00,1.304098999999999904e-06,0.000000000000000000e+00
6.673843561375143452e+01,2.047781431268862491e+02,0.000000000000000000e+00,1.289343000000000007e-06,0.000000000000000000e+00
6.715371187319426838e+01,2.047777278506268033e+02,0.000000000000000000e+00,1.365056999999999939e-06,0.000000000000000000e+00
6.756228181984732828e+01,2.047773192806801603e+02,0.000000000000000000e+00,1.400156000000000008e-06,0.000000000000000000e+00
6.796485898844093754e+01,2.047769167035115458e+02,0.000000000000000000e+00,1.389052999999999938e-06,0.000000000000000000e+00
6.839537529491879297e+01,2.047764861872050801e+02,0.000000000000000000e+00,1.346052000000000068e-06,0.000000000000000000e+00
6.883372908854961736e+01,2.047760478334114396e+02,0.000000000000000000e+00,1.318389000000000067e-06,0.000000000000000000e+00
6.923438475159400696e+01,2.047756471777483966e+02,0.000000000000000000e+00,1.287160999999999915e-06,0.000000000000000000e+00
6.964665166674619456e+01,2.047752349108332623e+02,0.000000000000000000e+00,1.365754999999999937e-06,0.000000000000000000e+00
7.007341762581596356e+01,2.047748081448741857e+02,0.000000000000000000e+00,1.357912000000000070e-06,0.000000000000000000e+00
7.047959641908397543e+01,2.047744019660809158e+02,0.000000000000000000e+00,1.329827000000000067e-06,0.000000000000000000e+00
7.091240278117544449e+01,2.047739691597188312e+02,0.000000000000000000e+00,1.261330999999999901e-06,0.000000000000000000e+00
7.130276243040148643e+01,2.047735788000696004e+02,0.000000000000000000e+00,1.364533000000000086e-06,0.000000000000000000e+00
7.175147727527054542e+01,2.047731300852247216e+02,0.000000000000000000e+00,1.321925000000000053e-06,0.000000000000000000e+00
7.215059241069681661e+01,2.047727309700892988e+02,0.000000000000000000e+00,1.276931000000000014e-06,0.000000000000000000e+00
7.255512219471465585e+01,2.047723264403052781e+02,0.000000000000000000e+00,1.305263000000000059e-06,0.000000000000000000e+00
7.297603029312513456e+01,2.047719055322068584e+02,0.000000000000000000e+00,1.324908000000000021e-06,0.000000000000000000e+00
7.338418028799445381e+01,2.047714973822120044e+02,0.000000000000000000e+00,1.351799999999999915e-06,0.000000000000000000e+00
7.381505792682874301e+01,2.047710665045731560e+02,0.000000000000000000e+00,1.350156000000000063e-06,0.000000000000000000e+00
7.424477877184054364e+01,2.047706367837281505e+02,0.000000000000000000e+00,1.350810999999999932e-06,0.000000000000000000e+00
7.463243963104325474e+01,2.047702491228689610e+02,0.000000000000000000e+00,1.371692999999999947e-06,0.000000000000000000e+00
7.506776687917174229e+01,2.047698137956208200e+02,0.000000000000000000e+00,1.363921999999999949e-06,0.000000000000000000e+00
7.549168485126077144e+01,2.047693898776487345e+02,0.000000000000000000e+00,1.343127000000000007e-06,0.000000000000000000e+00
7.589047380419847855e+01,2.047689910886957989e+02,0.000000000000000000e+00,1.381019999999999908e-06,0.000000000000000000e+00
7.633096761848582901e+01,2.047685505948815035e+02,0.000000000000000000e+00,1.433377999999999933e-06,0.000000000000000000e+00
7.671630596781609768e+01,2.047681652565321713e+02,0.000000000000000000e+00,1.439707999999999964e-06,0.000000000000000000e+00
7.715194660050890718e+01,2.047677296158994977e+02,0.000000000000000000e+00,1.523920000000000056e-06,0.000000000000000000e+00
7.756713025302833842e+01,2.047673144322469625e+02,0.000000000000000000e+00,1.509877999999999963e-06,0.000000000000000000e+00
7.800968583678044865e+01,2.047668718766632026e+02,0.000000000000000000e+00,1.531923999999999921e-06,0.000000000000000000e+00
7.843350375152078868e+01,2.047664480587484661e+02,0.000000000000000000e+00,1.526408999999999940e-06,0.000000000000000000e+00
7.887026454321095059e+01,2.047660112979567941e+02,0.000000000000000000e+00,1.538922999999999996e-06,0.000000000000000000e+00
7.927803095172414771e+01,2.047656035315482654e+02,0.000000000000000000e+00,1.515757000000000038e-06,0.000000000000000000e+00
7.969967470257375908e+01,2.047651818877974108e+02,0.000000000000000000e+00,1.468345999999999985e-06,0.000000000000000000e+00
8.010362472807079826e+01,2.047647779377719246e+02,0.000000000000000000e+00,1.464446999999999931e-06,0.000000000000000000e+00
8.050287352824237530e+01,2.047643786889717603e+02,0.000000000000000000e+00,1.480496999999999972e-06,0.000000000000000000e+00
8.093325394808179851e+01,2.047639483085519032e+02,0.000000000000000000e+00,1.410735000000000013e-06,0.000000000000000000e+00
8.134138901450846504e+01,2.047635401734854952e+02,0.000000000000000000e+00,1.467982999999999917e-06,0.000000000000000000e+00
8.177449017085331207e+01,2.047631070723291487e+02,0.000000000000000000e+00,1.473352000000000103e-06,0.000000000000000000e+00
8.218046160890025931e+01,2.047627011008910927e+02,0.000000000000000000e+00,1.464125999999999964e-06,0.000000000000000000e+00
8.259742557599179236e+01,2.047622841369239950e+02,0.000000000000000000e+00,1.485895999999999927e-06,0.000000000000000000e+00
8.301910756010497039e+01,2.047618624549398874e+02,0.000000000000000000e+00,1.454841999999999919e-06,0.000000000000000000e+00
8.341988570872396735e+01,2.047614616767912707e+02,0.000000000000000000e+00,1.448672000000000070e-06,0.000000000000000000e+00
8.385777625156687520e+01,2.047610237862484439e+02,0.000000000000000000e+00,1.442167999999999894e-06,0.000000000000000000e+00
8.424301894888421316e+01,2.047606385435511243e+02,0.000000000000000000e+00,1.423904999999999964e-06,0.000000000000000000e+00
8.468456467103135310e+01,2.047601969978289560e+02,0.000000000000000000e+00,1.391672000000000022e-06,0.000000000000000000e+00
8.510005665417340026e+01,2.047597815058458366e+02,0.000000000000000000e+00,1.334817999999999982e-06,0.000000000000000000e+00
8.551434990109497392e+01,2.047593672125989031e+02,0.000000000000000000e+00,1.324820999999999949e-06,0.000000000000000000e+00
8.592139866655101343e+01,2.047589601638334500e+02,0.000000000000000000e+00,1.346531999999999977e-06,0.000000000000000000e+00
8.636237999608768234e+01,2.047585191825039033e+02,0.000000000000000000e+00,1.399574000000000036e-06,0.000000000000000000e+00
8.678637214351144280e+01,2.047580951903564994e+02,0.000000000000000000e+00,1.394582999999999909e-06,0.000000000000000000e+00
8.719087630101930131e+01,2.047576906861989698e+02,0.000000000000000000e+00,1.383451000000000097e-06,0.000000000000000000e+00
8.762109621543680760e+01,2.047572604662845492e+02,0.000000000000000000e+00,1.415886999999999925e-06,0.000000000000000000e+00
8.803622346266600118e+01,2.047568453390373406e+02,0.000000000000000000e+00,1.447653999999999921e-06,0.000000000000000000e+00
8.846030816308119427e+01,2.047564212543369138e+02,0.000000000000000000e+00,1.425811000000000061e-06,0.000000000000000000e+00
8.886839146650473253e+01,2.047560131710334872e+02,0.000000000000000000e+00,1.418156999999999905e-06,0.000000000000000000e+00
8.930424892502206546e+01,2.047555773135749746e+02,0.000000000000000000e+00,1.428415999999999971e-06,0.000000000000000000e+00
8.972797222081206314e+01,2.047551535902791784e+02,0.000000000000000000e+00,1.433029000000000040e-06,0.000000000000000000e+00
9.011281514459139430e+01,2.047547687473553992e+02,0.000000000000000000e+00,1.451350000000000089e-06,0.000000000000000000e+00
9.055614122935827481e+01,2.047543254212706358e+02,0.000000000000000000e+00,1.280408000000000066e-06,0.000000000000000000e+00
9.095764116048745507e+01,2.047539239213395206e+02,0.000000000000000000e+00,1.388689000000000055e-06,0.000000000000000000e+00
9.137298407519442378e+01,2.047535085784247997e+02,0.000000000000000000e+00,1.398730000000000032e-06,0.000000000000000000e+00
9.180996284690773734e+01,2.047530715996530830e+02,0.000000000000000000e+00,1.401741999999999953e-06,0.000000000000000000e+00
9.219574741000499785e+01,2.047526858150899898e+02,0.000000000000000000e+00,1.411405000000000084e-06,0.000000000000000000e+00
9.263321246748840565e+01,2.047522483500325166e+02,0.000000000000000000e+00,1.489446999999999904e-06,0.000000000000000000e+00
9.304405266270663333e+01,2.047518375098372871e+02,0.000000000000000000e+00,1.496650000000000104e-06,0.000000000000000000e+00
9.344829543474300237e+01,2.047514332670652664e+02,0.000000000000000000e+00,1.404056000000000089e-06,0.000000000000000000e+00
9.387937856315059548e+01,2.047510021839368335e+02,0.000000000000000000e+00,1.266177000000000049e-06,0.000000000000000000e+00
9.428746011147015338e+01,2.047505941023885327e+02,0.000000000000000000e+00,1.371751000000000065e-06,0.000000000000000000e+00
9.471094325909825784e+01,2.047501706192408903e+02,0.000000000000000000e+00,1.438572999999999974e-06,0.000000000000000000e+00
9.512629627333210180e+01,2.047497552662266571e+02,0.000000000000000000e+00,1.407723000000000091e-06,0.000000000000000000e+00
9.551398194863094204e+01,2.047493675805513647e+02,0.000000000000000000e+00,1.485954000000000046e-06,0.000000000000000000e+00
9.596120211684440449e+01,2.047489203603831527e+02,0.000000000000000000e+00,1.483319999999999971e-06,0.000000000000000000e+00
9.638507006025908197e+01,2.047484964924397275e+02,0.000000000000000000e+00,1.475346000000000087e-06,0.000000000000000000e+00
9.678370631436820304e+01,2.047480978561856375e+02,0.000000000000000000e+00,1.449400000000000048e-06,0.000000000000000000e+00
9.723038853150264060e+01,2.047476511739685066e+02,0.000000000000000000e+00,1.535111000000000014e-06,0.000000000000000000e+00
9.764591493498024022e+01,2.047472356475650201e+02,0.000000000000000000e+00,1.491164000000000077e-06,0.000000000000000000e+00
9.806157204877015943e+01,2.047468199904512289e+02,0.000000000000000000e+00,1.531879999999999977e-06,0.000000000000000000e+00
9.850391249706143526e+01,2.047463776500029269e+02,0.000000000000000000e+00,1.555744999999999959e-06,0.000000000000000000e+00
9.888915519437880164e+01,2.047459924073056072e+02,0.000000000000000000e+00,1.545340999999999914e-06,0.000000000000000000e+00
9.932701403220495706e+01,2.047455545484677941e+02,0.000000000000000000e+00,1.548338000000000057e-06,0.000000000000000000e+00
9.977366109286489859e+01,2.047451079014071240e+02,0.000000000000000000e+00,1.530309000000000022e-06,0.000000000000000000e+00
1.001587757005421935e+02,2.047447227867994570e+02,0.000000000000000000e+00,1.544118000000000036e-06,0.000000000000000000e+00
1.005817693853208397e+02,2.047442997931146635e+02,0.000000000000000000e+00,1.583116999999999974e-06,0.000000000000000000e+00
1.009980722959750210e+02,2.047438834902040128e+02,0.000000000000000000e+00,1.619438999999999921e-06,0.000000000000000000e+00
1.014142687050871530e+02,2.047434672937949074e+02,0.000000000000000000e+00,1.712439999999999947e-06,0.000000000000000000e+00
1.018370384565604070e+02,2.047430445240434267e+02,0.000000000000000000e+00,1.690568999999999949e-06,0.000000000000000000e+00
1.022443886153772610e+02,2.047426371738846171e+02,0.000000000000000000e+00,1.743974000000000076e-06,0.000000000000000000e+00
1.026591972875318248e+02,2.047422223652124558e+02,0.000000000000000000e+00,1.714609000000000104e-06,0.000000000000000000e+00
1.030670194833723059e+02,2.047418145430166305e+02,0.000000000000000000e+00,1.781197999999999933e-06,0.000000000000000000e+00
1.034689693228947647e+02,2.047414125931771025e+02,0.000000000000000000e+00,1.807653000000000047e-06,0.000000000000000000e+00
1.039148517975093995e+02,2.047409667107024802e+02,0.000000000000000000e+00,1.808831999999999981e-06,0.000000000000000000e+00
1.043079509562577414e+02,2.047405736115437378e+02,0.000000000000000000e+00,1.803898999999999972e-06,0.000000000000000000e+00
1.047361823021178395e+02,2.047401453801978732e+02,0.000000000000000000e+00,1.748732999999999940e-06,0.000000000000000000e+00
1.051615532660305377e+02,2.047397200092339631e+02,0.000000000000000000e+00,1.782071000000000103e-06,0.000000000000000000e+00
1.055945768367482174e+02,2.047392869856632558e+02,0.000000000000000000e+00,1.721011000000000004e-06,0.000000000000000000e+00
1.059866438453311019e+02,2.047388949186546654e+02,0.000000000000000000e+00,1.691543999999999970e-06,0.000000000000000000e+00
1.064163240645385144e+02,2.047384652384354524e+02,0.000000000000000000e+00,1.714376000000000025e-06,0.000000000000000000e+00
1.068469295173819660e+02,2.047380346329826182e+02,0.000000000000000000e+00,1.695646999999999937e-06,0.000000000000000000e+00
1.072802905290679547e+02,2.047376012719709308e+02,0.000000000000000000e+00,1.706474000000000011e-06,0.000000000000000000e+00
1.076857119101298963e+02,2.047371958505898704e+02,0.000000000000000000e+00,1.706109999999999916e-06,0.000000000000000000e+00
1.080870562413125811e+02,2.047367945062586898e+02,0.000000000000000000e+00,1.655892000000000095e-06,0.000000000000000000e+00
1.085304379136427428e+02,2.047363511245863492e+02,0.000000000000000000e+00,1.613109000000000101e-06,0.000000000000000000e+00
1.089557837781006810e+02,2.047359257787219065e+02,0.000000000000000000e+00,1.656283999999999904e-06,0.000000000000000000e+00
1.093504521301526751e+02,2.047355311103698341e+02,0.000000000000000000e+00,1.580002999999999990e-06,0.000000000000000000e+00
1.097947891230535618e+02,2.047350867733769348e+02,0.000000000000000000e+00,1.614927999999999914e-06,0.000000000000000000e+00
1.101982904706696331e+02,2.047346832720293150e+02,0.000000000000000000e+00,1.549851999999999921e-06,0.000000000000000000e+00
1.106078115903307975e+02,2.047342737509096651e+02,0.000000000000000000e+00,1.590189999999999974e-06,0.000000000000000000e+00
1.110210197972279786e+02,2.047338605427027574e+02,0.000000000000000000e+00,1.608874000000000090e-06,0.000000000000000000e+00
1.114269428865129754e+02,2.047334546196134966e+02,0.000000000000000000e+00,1.631619000000000073e-06,0.000000000000000000e+00
1.118577972129256182e+02,2.047330237652870721e+02,0.000000000000000000e+00,1.675144000000000008e-06,0.000000000000000000e+00
1.122657480195181137e+02,2.047326158144804822e+02,0.000000000000000000e+00,1.665015999999999959e-06,0.000000000000000000e+00
1.126846006864049770e+02,2.047321969618135995e+02,0.000000000000000000e+00,1.664840999999999998e-06,0.000000000000000000e+00
1.131043030096939930e+02,2.047317772594903147e+02,0.000000000000000000e+00,1.677995999999999960e-06,0.000000000000000000e+00
1.134895405121443162e+02,2.047313920219878582e+02,0.000000000000000000e+00,1.645341000000000016e-06,0.000000000000000000e+00
1.139373422835058989e+02,2.047309442202164860e+02,0.000000000000000000e+00,1.648717000000000032e-06,0.000000000000000000e+00
1.143633222069459237e+02,2.047305182402930370e+02,0.000000000000000000e+00,1.590524000000000088e-06,0.000000000000000000e+00
1.147599537595420003e+02,2.047301216087404612e+02,0.000000000000000000e+00,1.655396999999999984e-06,0.000000000000000000e+00
1.152046852157871228e+02,2.047296768772842199e+02,0.000000000000000000e+00,1.703257999999999965e-06,0.000000000000000000e+00
1.156083092783702000e+02,2.047292732532216348e+02,0.000000000000000000e+00,1.632448000000000087e-06,0.000000000000000000e+00
1.160080360504665009e+02,2.047288735264495187e+02,0.000000000000000000e+00,1.629654000000000042e-06,0.000000000000000000e+00
1.164373361205786068e+02,2.047284442263794233e+02,0.000000000000000000e+00,1.635241999999999920e-06,0.000000000000000000e+00
1.168796879795796855e+02,2.047280018745204302e+02,0.000000000000000000e+00,1.651264000000000035e-06,0.000000000000000000e+00
1.172760502925549133e+02,2.047276055122074467e+02,0.000000000000000000e+00,1.623324000000000011e-06,0.000000000000000000e+00
1.176971038083121357e+02,2.047271844586916814e+02,0.000000000000000000e+00,1.525724999999999906e-06,0.000000000000000000e+00
1.181399559967132404e+02,2.047267416065032819e+02,0.000000000000000000e+00,1.510358000000000084e-06,0.000000000000000000e+00
1.185554824001908401e+02,2.047263260800997955e+02,0.000000000000000000e+00,1.555381000000000076e-06,0.000000000000000000e+00
1.189760244800589959e+02,2.047259055380199300e+02,0.000000000000000000e+00,1.568914999999999911e-06,0.000000000000000000e+00
1.193840350018000009e+02,2.047254975274981916e+02,0.000000000000000000e+00,1.587977999999999901e-06,0.000000000000000000e+00
1.198212317221307757e+02,2.047250603307778647e+02,0.000000000000000000e+00,1.629247000000000031e-06,0.000000000000000000e+00
1.202451496942198048e+02,2.047246364128057792e+02,0.000000000000000000e+00,1.612671999999999897e-06,0.000000000000000000e+00
1.206324076074959635e+02,2.047242491548925045e+02,0.000000000000000000e+00,1.589186000000000000e-06,0.000000000000000000e+00
1.210756781046995627e+02,2.047238058843952899e+02,0.000000000000000000e+00,1.609078000000000004e-06,0.000000000000000000e+00
1.214722684561068746e+02,2.047234092940439041e+02,0.000000000000000000e+00,1.597626000000000041e-06,0.000000000000000000e+00
1.218903917969465596e+02,2.047229911707030396e+02,0.000000000000000000e+00,1.633176000000000065e-06,0.000000000000000000e+00
1.222894375934540392e+02,2.047225921249065550e+02,0.000000000000000000e+00,1.562249999999999950e-06,0.000000000000000000e+00
1.227374792745778791e+02,2.047221440832254302e+02,0.000000000000000000e+00,1.617649000000000061e-06,0.000000000000000000e+00
1.231378178891671951e+02,2.047217437446108192e+02,0.000000000000000000e+00,1.609180000000000067e-06,0.000000000000000000e+00
1.235407336878098050e+02,2.047213408288121741e+02,0.000000000000000000e+00,1.626205999999999944e-06,0.000000000000000000e+00
1.239641165917026342e+02,2.047209174459082988e+02,0.000000000000000000e+00,1.552849000000000063e-06,0.000000000000000000e+00
1.243719787750428196e+02,2.047205095837249473e+02,0.000000000000000000e+00,1.576176000000000018e-06,0.000000000000000000e+00
1.248080889517402454e+02,2.047200734735482683e+02,0.000000000000000000e+00,1.603766999999999937e-06,0.000000000000000000e+00
1.252319318808177542e+02,2.047196496306191875e+02,0.000000000000000000e+00,1.654028999999999915e-06,0.000000000000000000e+00
1.256305709839694771e+02,2.047192509915160201e+02,0.000000000000000000e+00,1.622538999999999942e-06,0.000000000000000000e+00
1.260603421311301560e+02,2.047188212203688806e+02,0.000000000000000000e+00,1.605964000000000020e-06,0.000000000000000000e+00
1.264803793798537015e+02,2.047184011831201360e+02,0.000000000000000000e+00,1.621257999999999945e-06,0.000000000000000000e+00
1.269112074789963174e+02,2.047179703550210093e+02,0.000000000000000000e+00,1.576991000000000069e-06,0.000000000000000000e+00
1.273190588189369237e+02,2.047175625036810516e+02,0.000000000000000000e+00,1.569060000000000102e-06,0.000000000000000000e+00
1.277499254068439143e+02,2.047171316370931606e+02,0.000000000000000000e+00,1.564257999999999898e-06,0.000000000000000000e+00
1.281737507810778141e+02,2.047167078117189192e+02,0.000000000000000000e+00,1.621913000000000026e-06,0.000000000000000000e+00
1.285886778049013230e+02,2.047162928846950933e+02,0.000000000000000000e+00,1.648834000000000085e-06,0.000000000000000000e+00
1.289963731254767367e+02,2.047158851893745179e+02,0.000000000000000000e+00,1.705120999999999933e-06,0.000000000000000000e+00
1.294277993783695990e+02,2.047154537631216158e+02,0.000000000000000000e+00,1.769396000000000050e-06,0.000000000000000000e+00
1.298194198206106762e+02,2.047150621426793862e+02,0.000000000000000000e+00,1.718347999999999976e-06,0.000000000000000000e+00
1.302668773944612042e+02,2.047146146851055448e+02,0.000000000000000000e+00,1.687644000000000100e-06,0.000000000000000000e+00
1.306677076789045486e+02,2.047142138548210824e+02,0.000000000000000000e+00,1.751977999999999940e-06,0.000000000000000000e+00
1.310740002408884948e+02,2.047138075622591202e+02,0.000000000000000000e+00,1.775987999999999902e-06,0.000000000000000000e+00
1.314914482506993920e+02,2.047133901142493073e+02,0.000000000000000000e+00,1.673935999999999909e-06,0.000000000000000000e+00
1.318996406944980606e+02,2.047129819218054934e+02,0.000000000000000000e+00,1.765976999999999906e-06,0.000000000000000000e+00
1.323384501600266958e+02,2.047125431123399721e+02,0.000000000000000000e+00,1.696811999999999908e-06,0.000000000000000000e+00
1.327384460780707798e+02,2.047121431164219132e+02,0.000000000000000000e+00,1.745168000000000000e-06,0.000000000000000000e+00
1.331609582114077170e+02,2.047117206042885869e+02,0.000000000000000000e+00,1.679567999999999942e-06,0.000000000000000000e+00
1.335769780774218702e+02,2.047113045844225780e+02,0.000000000000000000e+00,1.797306999999999909e-06,0.000000000000000000e+00
1.339833182867911887e+02,2.047108982442132117e+02,0.000000000000000000e+00,1.788561000000000103e-06,0.000000000000000000e+00
1.344154630134895001e+02,2.047104660994864958e+02,0.000000000000000000e+00,1.665335999999999898e-06,0.000000000000000000e+00
1.348462767766476702e+02,2.047100352857233361e+02,0.000000000000000000e+00,1.712775000000000089e-06,0.000000000000000000e+00
1.352542471474670265e+02,2.047096273153525203e+02,0.000000000000000000e+00,1.691893000000000074e-06,0.000000000000000000e+00
1.356702362640089063e+02,2.047092113262359874e+02,0.000000000000000000e+00,1.717490000000000009e-06,0.000000000000000000e+00
1.360929787301077738e+02,2.047087885837698877e+02,0.000000000000000000e+00,1.685403000000000074e-06,0.000000000000000000e+00
1.364783628214270266e+02,2.047084031996785711e+02,0.000000000000000000e+00,1.628825000000000029e-06,0.000000000000000000e+00
1.369249888904580246e+02,2.047079565736095503e+02,0.000000000000000000e+00,1.688139000000000000e-06,0.000000000000000000e+00
1.373625503124200122e+02,2.047075190121875892e+02,0.000000000000000000e+00,1.680993999999999918e-06,0.000000000000000000e+00
1.377481341135954551e+02,2.047071334283864132e+02,0.000000000000000000e+00,1.619729999999999906e-06,0.000000000000000000e+00
1.381912123086383701e+02,2.047066903501913657e+02,0.000000000000000000e+00,1.598381999999999946e-06,0.000000000000000000e+00
1.386069553924037336e+02,2.047062746071075878e+02,0.000000000000000000e+00,1.678753000000000103e-06,0.000000000000000000e+00
1.390454774776115983e+02,2.047058360850223835e+02,0.000000000000000000e+00,1.698107000000000079e-06,0.000000000000000000e+00
1.394693401885496087e+02,2.047054122223114518e+02,0.000000000000000000e+00,1.689709999999999955e-06,0.000000000000000000e+00
1.398678844299823254e+02,2.047050136780700029e+02,0.000000000000000000e+00,1.660343999999999955e-06,0.000000000000000000e+00
1.403107955311314186e+02,2.047045707669688568e+02,0.000000000000000000e+00,1.651817000000000053e-06,0.000000000000000000e+00
1.406959060354803910e+02,2.047041856564645173e+02,0.000000000000000000e+00,1.569030999999999937e-06,0.000000000000000000e+00
1.411268754660729314e+02,2.047037546870339213e+02,0.000000000000000000e+00,1.549197000000000052e-06,0.000000000000000000e+00
1.415381026516853922e+02,2.047033434598482984e+02,0.000000000000000000e+00,1.537671999999999980e-06,0.000000000000000000e+00
1.419425182010366200e+02,2.047029390442989722e+02,0.000000000000000000e+00,1.574254999999999931e-06,0.000000000000000000e+00
1.423734611507015870e+02,2.047025081013493093e+02,0.000000000000000000e+00,1.560546999999999951e-06,0.000000000000000000e+00
1.427815782137404597e+02,2.047020999842862636e+02,0.000000000000000000e+00,1.496605999999999948e-06,0.000000000000000000e+00
1.432040819741829409e+02,2.047016774805258024e+02,0.000000000000000000e+00,1.476858999999999924e-06,0.000000000000000000e+00
1.436072910899592046e+02,2.047012742714100284e+02,0.000000000000000000e+00,1.492254999999999911e-06,0.000000000000000000e+00
1.440068147514843133e+02,2.047008747477485144e+02,0.000000000000000000e+00,1.566469999999999971e-06,0.000000000000000000e+00
1.444551210702545063e+02,2.047004264414297552e+02,0.000000000000000000e+00,1.523163999999999940e-06,0.000000000000000000e+00
1.448572215612898049e+02,2.047000243409387110e+02,0.000000000000000000e+00,1.571068000000000049e-06,0.000000000000000000e+00
1.452779070551075904e+02,2.046996036554448892e+02,0.000000000000000000e+00,1.530178000000000006e-06,0.000000000000000000e+00
1.457243895326547829e+02,2.046991571729673467e+02,0.000000000000000000e+00,1.504173000000000032e-06,0.000000000000000000e+00
1.461401587747766939e+02,2.046987414037252222e+02,0.000000000000000000e+00,1.521416999999999997e-06,0.000000000000000000e+00
1.465281216424936304e+02,2.046983534408575167e+02,0.000000000000000000e+00,1.473308999999999975e-06,0.000000000000000000e+00
1.469535016733897237e+02,2.046979280608265981e+02,0.000000000000000000e+00,1.442530999999999962e-06,0.000000000000000000e+00
1.473978964792099191e+02,2.046974836660207870e+02,0.000000000000000000e+00,1.388995000000000031e-06,0.000000000000000000e+00
1.478217394082874137e+02,2.046970598230917062e+02,0.000000000000000000e+00,1.471940999999999906e-06,0.000000000000000000e+00
1.482230921662040259e+02,2.046966584703338015e+02,0.000000000000000000e+00,1.476131999999999973e-06,0.000000000000000000e+00
1.486602734762510636e+02,2.046962212890237538e+02,0.000000000000000000e+00,1.521810000000000046e-06,0.000000000000000000e+00
1.490679407919847392e+02,2.046958136217079982e+02,0.000000000000000000e+00,1.513457000000000077e-06,0.000000000000000000e+00
1.494700036201340083e+02,2.046954115588798686e+02,0.000000000000000000e+00,1.424822000000000078e-06,0.000000000000000000e+00
1.499009519914987720e+02,2.046949806105085088e+02,0.000000000000000000e+00,1.485473999999999925e-06,0.000000000000000000e+00
1.503248250545692883e+02,2.046945567374454242e+02,0.000000000000000000e+00,1.493696000000000090e-06,0.000000000000000000e+00
1.507375086633975627e+02,2.046941440538365953e+02,0.000000000000000000e+00,1.501932000000000005e-06,0.000000000000000000e+00
1.511376001595457979e+02,2.046937439623404487e+02,0.000000000000000000e+00,1.461200999999999903e-06,0.000000000000000000e+00
1.515406307342751973e+02,2.046933409317657322e+02,0.000000000000000000e+00,1.442910000000000048e-06,0.000000000000000000e+00
1.519852804049618271e+02,2.046928962820950346e+02,0.000000000000000000e+00,1.495544000000000067e-06,0.000000000000000000e+00
1.523824375340330732e+02,2.046924991249659627e+02,0.000000000000000000e+00,1.542314000000000003e-06,0.000000000000000000e+00
1.528076665192041617e+02,2.046920738959807977e+02,0.000000000000000000e+00,1.495485999999999949e-06,0.000000000000000000e+00
1.532433796072333223e+02,2.046916381828927740e+02,0.000000000000000000e+00,1.499662000000000025e-06,0.000000000000000000e+00
1.536425013218826621e+02,2.046912390611781234e+02,0.000000000000000000e+00,1.546024999999999949e-06,0.000000000000000000e+00
1.540458753016142168e+02,2.046908356871983869e+02,0.000000000000000000e+00,1.522101000000000032e-06,0.000000000000000000e+00
1.544681006736933284e+02,2.046904134618262958e+02,0.000000000000000000e+00,1.554769999999999939e-06,0.000000000000000000e+00
1.548759527054282046e+02,2.046900056097945821e+02,0.000000000000000000e+00,1.658233999999999945e-06,0.000000000000000000e+00
1.553126353850044268e+02,2.046895689271150047e+02,0.000000000000000000e+00,1.590742999999999992e-06,0.000000000000000000e+00
1.557149570790483892e+02,2.046891666054209509e+02,0.000000000000000000e+00,1.543331999999999939e-06,0.000000000000000000e+00
1.561226125790017818e+02,2.046887589499209810e+02,0.000000000000000000e+00,1.655701999999999932e-06,0.000000000000000000e+00
1.565655200203562458e+02,2.046883160424796415e+02,0.000000000000000000e+00,1.558365000000000071e-06,0.000000000000000000e+00
1.569841420769881495e+02,2.046878974204230133e+02,0.000000000000000000e+00,1.551321000000000025e-06,0.000000000000000000e+00
1.573920701404467479e+02,2.046874894923595605e+02,0.000000000000000000e+00,1.572275999999999937e-06,0.000000000000000000e+00
1.578229244697360798e+02,2.046870586380302655e+02,0.000000000000000000e+00,1.585780000000000003e-06,0.000000000000000000e+00
1.582538849193921635e+02,2.046866276775806170e+02,0.000000000000000000e+00,1.524268999999999949e-06,0.000000000000000000e+00
1.586780030061786135e+02,2.046862035594938050e+02,0.000000000000000000e+00,1.588923999999999968e-06,0.000000000000000000e+00
1.591134125942693629e+02,2.046857681499057264e+02,0.000000000000000000e+00,1.647990000000000081e-06,0.000000000000000000e+00
0.000000000000000000e+00,2.048448815625000066e+02,5.000000000000000000e+00,2.353841999999999951e-05,0.000000000000000000e+00
0.000000000000000000e+00,2.048448815625000066e+02,5.000000000000000000e+00,-1.079169999999999995e-06,0.000000000000000000e+00
1.089613532369160080e-02,2.048448706663646703e+02,5.000000000000000000e+00,-1.422741000000000127e-07,0.000000000000000000e+00
1.432634166953928034e-01,2.048447382990833034e+02,5.000000000000000000e+00,4.371832000000000154e-07,0.000000000000000000e+00
2.842229873563469900e-01,2.048445973395126316e+02,5.000000000000000000e+00,8.617208000000000065e-07,0.000000000000000000e+00
4.608084095110677736e-01,2.048444207540904927e+02,5.000000000000000000e+00,1.179214000000000040e-06,0.000000000000000000e+00
7.060104206351573986e-01,2.048441755520793492e+02,5.000000000000000000e+00,1.409891000000000008e-06,0.000000000000000000e+00
9.708591119725660246e-01,2.048439107033880191e+02,5.000000000000000000e+00,9.954673999999999450e-07,0.000000000000000000e+00
1.271160324498109784e+00,2.048436104021755000e+02,5.000000000000000000e+00,1.169887000000000078e-06,0.000000000000000000e+00
1.615233982442748184e+00,2.048432663285175579e+02,5.000000000000000000e+00,1.167777000000000068e-06,0.000000000000000000e+00
2.028649388035094425e+00,2.048428529131119546e+02,5.000000000000000000e+00,1.325578000000000093e-06,0.000000000000000000e+00
2.437128726636582421e+00,2.048424444337733519e+02,5.000000000000000000e+00,1.372114999999999949e-06,0.000000000000000000e+00
2.848442126882797965e+00,2.048420331203731166e+02,5.000000000000000000e+00,1.537890000000000068e-06,0.000000000000000000e+00
3.272117459901238146e+00,2.048416094450400919e+02,5.000000000000000000e+00,1.729597000000000052e-06,0.000000000000000000e+00
3.678131777666933999e+00,2.048412034307223166e+02,5.000000000000000000e+00,1.668333000000000041e-06,0.000000000000000000e+00
4.094908019236640939e+00,2.048407866544807518e+02,5.000000000000000000e+00,1.642897000000000103e-06,0.000000000000000000e+00
4.520649671757626109e+00,2.048403609128282312e+02,5.000000000000000000e+00,1.733176999999999983e-06,0.000000000000000000e+00
4.947788640659292803e+00,2.048399337738593431e+02,5.000000000000000000e+00,1.775043000000000074e-06,0.000000000000000000e+00
5.341215846561224723e+00,2.048395403466534219e+02,5.000000000000000000e+00,1.754743000000000032e-06,0.000000000000000000e+00
5.786214270017999262e+00,2.048390953482299892e+02,5.000000000000000000e+00,1.724373000000000058e-06,0.000000000000000000e+00
6.209765199544093228e+00,2.048386717973004636e+02,5.000000000000000000e+00,1.753579000000000088e-06,0.000000000000000000e+00
6.624962568600737178e+00,2.048382565999313840e+02,5.000000000000000000e+00,1.795574999999999957e-06,0.000000000000000000e+00
7.055565485714285323e+00,2.048378259970142778e+02,5.000000000000000000e+00,1.777646999999999957e-06,0.000000000000000000e+00
7.440626928030566134e+00,2.048374409355719763e+02,5.000000000000000000e+00,1.801294000000000062e-06,0.000000000000000000e+00
7.883854720580166564e+00,2.048369977077794033e+02,5.000000000000000000e+00,1.740729000000000076e-06,0.000000000000000000e+00
8.307873870839694419e+00,2.048365736886291586e+02,5.000000000000000000e+00,1.811350000000000030e-06,0.000000000000000000e+00
8.710974472555355064e+00,2.048361705880274428e+02,5.000000000000000000e+00,1.814173000000000028e-06,0.000000000000000000e+00
9.137738234317389185e+00,2.048357438242656769e+02,5.000000000000000000e+00,1.740248999999999955e-06,0.000000000000000000e+00
9.561210633563220540e+00,2.048353203518664429e+02,5.000000000000000000e+00,1.677123000000000002e-06,0.000000000000000000e+00
9.955520396079144518e+00,2.048349260421039162e+02,5.000000000000000000e+00,1.754466000000000009e-06,0.000000000000000000e+00
1.038809679828240640e+01,2.048344934657017120e+02,5.000000000000000000e+00,1.742212999999999958e-06,0.000000000000000000e+00
1.079633004344205638e+01,2.048340852324565446e+02,5.000000000000000000e+00,1.647960999999999916e-06,0.000000000000000000e+00
1.122210412803562463e+01,2.048336594583719545e+02,5.000000000000000000e+00,1.535837999999999965e-06,0.000000000000000000e+00
1.162365702960471125e+01,2.048332579054703899e+02,5.000000000000000000e+00,1.657928999999999996e-06,0.000000000000000000e+00
1.202504872256149149e+01,2.048328565137774433e+02,5.000000000000000000e+00,1.668129999999999943e-06,0.000000000000000000e+00
1.247129690093752075e+01,2.048324102655990657e+02,5.000000000000000000e+00,1.750711999999999934e-06,0.000000000000000000e+00
1.287078394410647064e+01,2.048320107785558832e+02,5.000000000000000000e+00,1.736406999999999992e-06,0.000000000000000000e+00
1.329406325973567427e+01,2.048315874992402712e+02,5.000000000000000000e+00,1.749998999999999946e-06,0.000000000000000000e+00
1.371782836068702238e+01,2.048311637341393237e+02,5.000000000000000000e+00,1.766850000000000075e-06,0.000000000000000000e+00
1.411676998325341614e+01,2.048307647925167316e+02,5.000000000000000000e+00,1.753739000000000058e-06,0.000000000000000000e+00
1.454489647871077196e+01,2.048303366660212816e+02,5.000000000000000000e+00,1.774285999999999931e-06,0.000000000000000000e+00
1.496752486915486458e+01,2.048299140376308287e+02,5.000000000000000000e+00,1.730629999999999980e-06,0.000000000000000000e+00
1.537578640737351066e+01,2.048295057760926170e+02,5.000000000000000000e+00,1.765729000000000048e-06,0.000000000000000000e+00
1.580629676542256767e+01,2.048290752657345877e+02,5.000000000000000000e+00,1.742489999999999981e-06,0.000000000000000000e+00
1.621099904085498267e+01,2.048286705634591556e+02,5.000000000000000000e+00,1.714695999999999964e-06,0.000000000000000000e+00
1.662232594349935155e+01,2.048282592365565051e+02,5.000000000000000000e+00,1.698571999999999998e-06,0.000000000000000000e+00
1.703777901534709827e+01,2.048278437834846386e+02,5.000000000000000000e+00,1.722379000000000073e-06,0.000000000000000000e+00
1.748260745905816194e+01,2.048273989550409340e+02,5.000000000000000000e+00,1.726278999999999943e-06,0.000000000000000000e+00
1.788124162664185590e+01,2.048270003208733669e+02,5.000000000000000000e+00,1.642270999999999976e-06,0.000000000000000000e+00
1.830495206880118531e+01,2.048265766104312036e+02,5.000000000000000000e+00,1.666426999999999944e-06,0.000000000000000000e+00
1.875365511410292285e+01,2.048261279073858816e+02,5.000000000000000000e+00,1.525346000000000032e-06,0.000000000000000000e+00
1.917007993019507950e+01,2.048257114825698011e+02,5.000000000000000000e+00,1.583669999999999992e-06,0.000000000000000000e+00
1.960177807295021069e+01,2.048252797844270390e+02,5.000000000000000000e+00,1.586581000000000090e-06,0.000000000000000000e+00
1.997988585455846788e+01,2.048249016766454247e+02,5.000000000000000000e+00,1.590771999999999946e-06,0.000000000000000000e+00
2.042445178856365828e+01,2.048244571107114211e+02,5.000000000000000000e+00,1.604872999999999974e-06,0.000000000000000000e+00
2.085267192747947718e+01,2.048240288905725208e+02,5.000000000000000000e+00,1.602631999999999947e-06,0.000000000000000000e+00
2.124685092587132473e+01,2.048236347115741296e+02,5.000000000000000000e+00,1.597611000000000051e-06,0.000000000000000000e+00
2.168941351501272408e+01,2.048231921489849867e+02,5.000000000000000000e+00,1.592416000000000010e-06,0.000000000000000000e+00
2.207683461126514146e+01,2.048228047278887232e+02,5.000000000000000000e+00,1.417152999999999931e-06,0.000000000000000000e+00
2.249376726983149055e+01,2.048223877952301564e+02,5.000000000000000000e+00,1.549924000000000003e-06,0.000000000000000000e+00
2.289207797977099190e+01,2.048219894845202305e+02,5.000000000000000000e+00,1.618057000000000100e-06,0.000000000000000000e+00
2.333270250277584879e+01,2.048215488599972218e+02,5.000000000000000000e+00,1.563515999999999956e-06,0.000000000000000000e+00
2.376236428229493569e+01,2.048211191982177013e+02,5.000000000000000000e+00,1.547566999999999950e-06,0.000000000000000000e+00
2.415403882418426917e+01,2.048207275236757994e+02,5.000000000000000000e+00,1.549531999999999982e-06,0.000000000000000000e+00
2.456947337828668410e+01,2.048203120891216997e+02,5.000000000000000000e+00,1.570005999999999957e-06,0.000000000000000000e+00
2.501044558218212543e+01,2.048198711169178239e+02,5.000000000000000000e+00,1.569642000000000074e-06,0.000000000000000000e+00
2.541028246933371193e+01,2.048194712800306547e+02,5.000000000000000000e+00,1.611406000000000103e-06,0.000000000000000000e+00
2.583390623325938407e+01,2.048190476562667470e+02,5.000000000000000000e+00,1.606677000000000008e-06,0.000000000000000000e+00
2.627963058012187858e+01,2.048186019319198863e+02,5.000000000000000000e+00,1.626002000000000030e-06,0.000000000000000000e+00
2.666480505666761047e+01,2.048182167574433379e+02,5.000000000000000000e+00,1.607986999999999958e-06,0.000000000000000000e+00
2.708922385877862737e+01,2.048177923386412260e+02,5.000000000000000000e+00,1.564243999999999935e-06,0.000000000000000000e+00
2.750451702388209441e+01,2.048173770454761211e+02,5.000000000000000000e+00,1.618522000000000019e-06,0.000000000000000000e+00
2.793442069728908805e+01,2.048169471418027001e+02,5.000000000000000000e+00,1.616571999999999978e-06,0.000000000000000000e+00
2.835571440176530089e+01,2.048165258480982232e+02,5.000000000000000000e+00,1.664272999999999990e-06,0.000000000000000000e+00
2.877586925565972820e+01,2.048161056932443387e+02,5.000000000000000000e+00,1.614199999999999936e-06,0.000000000000000000e+00
2.919953708437701323e+01,2.048156820254156116e+02,5.000000000000000000e+00,1.508290999999999990e-06,0.000000000000000000e+00
2.961220888586237621e+01,2.048152693536141271e+02,5.000000000000000000e+00,1.553824000000000084e-06,0.000000000000000000e+00
3.002441362334667474e+01,2.048148571488766549e+02,5.000000000000000000e+00,1.588923999999999968e-06,0.000000000000000000e+00
3.045099127861031008e+01,2.048144305712213793e+02,5.000000000000000000e+00,1.578825000000000084e-06,0.000000000000000000e+00
3.084508270827071641e+01,2.048140364797917243e+02,5.000000000000000000e+00,1.556138000000000008e-06,0.000000000000000000e+00
3.129000020645385050e+01,2.048135915622935386e+02,5.000000000000000000e+00,1.531341999999999949e-06,0.000000000000000000e+00
3.169256248784560626e+01,2.048131890000121587e+02,5.000000000000000000e+00,1.515683999999999929e-06,0.000000000000000000e+00
3.210181795149362216e+01,2.048127797445484930e+02,5.000000000000000000e+00,1.587177000000000025e-06,0.000000000000000000e+00
3.251689302791104552e+01,2.048123646694720890e+02,5.000000000000000000e+00,1.346109999999999975e-06,0.000000000000000000e+00
3.292847264408397479e+01,2.048119530898559049e+02,5.000000000000000000e+00,1.464416999999999950e-06,0.000000000000000000e+00
3.335262121298605109e+01,2.048115289412870084e+02,5.000000000000000000e+00,1.559833999999999964e-06,0.000000000000000000e+00
3.378079352073476116e+01,2.048111007689792586e+02,5.000000000000000000e+00,1.572946000000000008e-06,0.000000000000000000e+00
3.417855049618320606e+01,2.048107030120038132e+02,5.000000000000000000e+00,1.620428999999999931e-06,0.000000000000000000e+00
3.460948681294878782e+01,2.048102720756870383e+02,5.000000000000000000e+00,1.609616000000000032e-06,0.000000000000000000e+00
3.503009503745310127e+01,2.048098514674625505e+02,5.000000000000000000e+00,1.649328999999999985e-06,0.000000000000000000e+00
3.543181753664122624e+01,2.048094497449633593e+02,5.000000000000000000e+00,1.684733000000000002e-06,0.000000000000000000e+00
3.585568981740976824e+01,2.048090258726825823e+02,5.000000000000000000e+00,1.575347000000000005e-06,0.000000000000000000e+00
3.629525666493051972e+01,2.048085863058350640e+02,5.000000000000000000e+00,1.595792000000000027e-06,0.000000000000000000e+00
3.669769476968748734e+01,2.048081838677303210e+02,5.000000000000000000e+00,1.638706000000000036e-06,0.000000000000000000e+00
3.711323571383888975e+01,2.048077683267861460e+02,5.000000000000000000e+00,1.625593999999999991e-06,0.000000000000000000e+00
3.752850534672781180e+01,2.048073530571532785e+02,5.000000000000000000e+00,1.632870000000000089e-06,0.000000000000000000e+00
3.797442322650825730e+01,2.048069071392734770e+02,5.000000000000000000e+00,1.630003999999999963e-06,0.000000000000000000e+00
3.839864378854961302e+01,2.048064829187114526e+02,5.000000000000000000e+00,1.653446999999999943e-06,0.000000000000000000e+00
3.879768381803000921e+01,2.048060838786819602e+02,5.000000000000000000e+00,1.602339999999999934e-06,0.000000000000000000e+00
3.922172686180491041e+01,2.048056598356381812e+02,5.000000000000000000e+00,1.537278999999999931e-06,0.000000000000000000e+00
3.966199478484904972e+01,2.048052195677151417e+02,5.000000000000000000e+00,1.522916000000000083e-06,0.000000000000000000e+00
4.006973194246045722e+01,2.048048118305575258e+02,5.000000000000000000e+00,1.598396999999999936e-06,0.000000000000000000e+00
4.047161794942528701e+01,2.048044099445505708e+02,5.000000000000000000e+00,1.542721000000000014e-06,0.000000000000000000e+00
4.090247597527704926e+01,2.048039790865247198e+02,5.000000000000000000e+00,1.539433000000000097e-06,0.000000000000000000e+00
4.131025909444601041e+01,2.048035713034055618e+02,5.000000000000000000e+00,1.597786000000000011e-06,0.000000000000000000e+00
4.173891999215415893e+01,2.048031426425078507e+02,5.000000000000000000e+00,1.611435000000000056e-06,0.000000000000000000e+00
4.213894870976668727e+01,2.048027426137902296e+02,5.000000000000000000e+00,1.596622000000000068e-06,0.000000000000000000e+00
4.254206985681341990e+01,2.048023394926431706e+02,5.000000000000000000e+00,1.509237000000000056e-06,0.000000000000000000e+00
4.298678133924950373e+01,2.048018947811607404e+02,5.000000000000000000e+00,1.425258000000000043e-06,0.000000000000000000e+00
4.337308931751641694e+01,2.048015084731824800e+02,5.000000000000000000e+00,1.611872000000000049e-06,0.000000000000000000e+00
4.380919003129771028e+01,2.048010723724686954e+02,5.000000000000000000e+00,1.647101999999999921e-06,0.000000000000000000e+00
4.421177992036435001e+01,2.048006697825796323e+02,5.000000000000000000e+00,1.531195999999999942e-06,0.000000000000000000e+00
4.463182667639972578e+01,2.048002497358235985e+02,5.000000000000000000e+00,1.553883000000000018e-06,0.000000000000000000e+00
4.506171631224322027e+01,2.047998198461877450e+02,5.000000000000000000e+00,1.593697000000000007e-06,0.000000000000000000e+00
4.548166567106176217e+01,2.047993998968289304e+02,5.000000000000000000e+00,1.513980999999999930e-06,0.000000000000000000e+00
4.588981765843291782e+01,2.047989917448415724e+02,5.000000000000000000e+00,1.466891000000000056e-06,0.000000000000000000e+00
4.632088126827152763e+01,2.047985606812317201e+02,5.000000000000000000e+00,1.480511999999999963e-06,0.000000000000000000e+00
4.675198590271714494e+01,2.047981295765972902e+02,5.000000000000000000e+00,1.567619999999999951e-06,0.000000000000000000e+00
4.716000322768970676e+01,2.047977215592723041e+02,5.000000000000000000e+00,1.503475000000000034e-06,0.000000000000000000e+00
4.757482125050692900e+01,2.047973067412494856e+02,5.000000000000000000e+00,1.479057000000000034e-06,0.000000000000000000e+00
4.799848907922422114e+01,2.047968830734207586e+02,5.000000000000000000e+00,1.486725999999999968e-06,0.000000000000000000e+00
4.842948231967036321e+01,2.047964520801803303e+02,5.000000000000000000e+00,1.505541000000000101e-06,0.000000000000000000e+00
4.883772719498601589e+01,2.047960438353049994e+02,5.000000000000000000e+00,1.574721000000000089e-06,0.000000000000000000e+00
4.926840228417766099e+01,2.047956131602158223e+02,5.000000000000000000e+00,1.536493000000000046e-06,0.000000000000000000e+00
4.968750513913113309e+01,2.047951940573608738e+02,5.000000000000000000e+00,1.519350999999999931e-06,0.000000000000000000e+00
5.007485728905027855e+01,2.047948067052109593e+02,5.000000000000000000e+00,1.472552000000000043e-06,0.000000000000000000e+00
5.049208649785295933e+01,2.047943894760021522e+02,5.000000000000000000e+00,1.482302000000000034e-06,0.000000000000000000e+00
5.090848512637416690e+01,2.047939730773736358e+02,5.000000000000000000e+00,1.409337999999999990e-06,0.000000000000000000e+00
5.133885014012737713e+01,2.047935427123598799e+02,5.000000000000000000e+00,1.418971999999999956e-06,0.000000000000000000e+00
5.176047328962488336e+01,2.047931210892103593e+02,5.000000000000000000e+00,1.463427999999999967e-06,0.000000000000000000e+00
5.215161834139100705e+01,2.047927299441585944e+02,5.000000000000000000e+00,1.460909999999999918e-06,0.000000000000000000e+00
5.258505314458837177e+01,2.047922965093553955e+02,5.000000000000000000e+00,1.454900000000000038e-06,0.000000000000000000e+00
5.300842842601548455e+01,2.047918731340739953e+02,5.000000000000000000e+00,1.510721999999999967e-06,0.000000000000000000e+00
5.340851385080750902e+01,2.047914730486491806e+02,5.000000000000000000e+00,1.428459999999999915e-06,0.000000000000000000e+00
5.383275104539708167e+01,2.047910488114546013e+02,5.000000000000000000e+00,1.446328999999999980e-06,0.000000000000000000e+00
5.427612077165917981e+01,2.047906054417283315e+02,5.000000000000000000e+00,1.483348999999999924e-06,0.000000000000000000e+00
5.467238056691493853e+01,2.047902091819330792e+02,5.000000000000000000e+00,1.509556999999999996e-06,0.000000000000000000e+00
5.508775474837649000e+01,2.047897938077516073e+02,5.000000000000000000e+00,1.511202000000000088e-06,0.000000000000000000e+00
5.548139283303183333e+01,2.047894001696669761e+02,5.000000000000000000e+00,1.427761000000000102e-06,0.000000000000000000e+00
5.591039946424932339e+01,2.047889711630357397e+02,5.000000000000000000e+00,1.450709999999999998e-06,0.000000000000000000e+00
5.635010643433452060e+01,2.047885314560656695e+02,5.000000000000000000e+00,1.526161000000000083e-06,0.000000000000000000e+00
5.674920461450381026e+01,2.047881323578855017e+02,5.000000000000000000e+00,1.512351000000000041e-06,0.000000000000000000e+00
5.717296798415992498e+01,2.047877085945158342e+02,5.000000000000000000e+00,1.484252000000000075e-06,0.000000000000000000e+00
5.760750952926208868e+01,2.047872740529707301e+02,5.000000000000000000e+00,1.523935000000000047e-06,0.000000000000000000e+00
5.802263641635963154e+01,2.047868589260836245e+02,5.000000000000000000e+00,1.547552999999999987e-06,0.000000000000000000e+00
5.844924158383032164e+01,2.047864323209161626e+02,5.000000000000000000e+00,1.516615000000000005e-06,0.000000000000000000e+00
5.884971857094187442e+01,2.047860318439290666e+02,5.000000000000000000e+00,1.481429000000000076e-06,0.000000000000000000e+00
5.928738340527412021e+01,2.047855941790947156e+02,5.000000000000000000e+00,1.462568999999999972e-06,0.000000000000000000e+00
5.971109401500252289e+01,2.047851704684850063e+02,5.000000000000000000e+00,1.491469000000000026e-06,0.000000000000000000e+00
6.015425333707954536e+01,2.047847273091629177e+02,5.000000000000000000e+00,1.515406999999999906e-06,0.000000000000000000e+00
6.053796923435114508e+01,2.047843435932656462e+02,5.000000000000000000e+00,1.543055999999999944e-06,0.000000000000000000e+00
6.096220733471695752e+01,2.047839193551652670e+02,5.000000000000000000e+00,1.433858000000000054e-06,0.000000000000000000e+00
6.136145586068370505e+01,2.047835201066393154e+02,5.000000000000000000e+00,1.474793000000000069e-06,0.000000000000000000e+00
6.180483905586397952e+01,2.047830767234441396e+02,5.000000000000000000e+00,1.528882000000000018e-06,0.000000000000000000e+00
6.219003204025069920e+01,2.047826915304597435e+02,5.000000000000000000e+00,1.563487000000000003e-06,0.000000000000000000e+00
6.261986479582262888e+01,2.047822616977041719e+02,5.000000000000000000e+00,1.502251999999999945e-06,0.000000000000000000e+00
6.302891081572727217e+01,2.047818526516842610e+02,5.000000000000000000e+00,1.501932000000000005e-06,0.000000000000000000e+00
6.343058996221373746e+01,2.047814509725377832e+02,5.000000000000000000e+00,1.518608999999999990e-06,0.000000000000000000e+00
6.386736942317452304e+01,2.047810141930768282e+02,5.000000000000000000e+00,1.542561000000000044e-06,0.000000000000000000e+00
6.429431207681450644e+01,2.047805872504231957e+02,5.000000000000000000e+00,1.540799999999999927e-06,0.000000000000000000e+00
6.469668024130619699e+01,2.047801848822586805e+02,5.000000000000000000e+00,1.563036000000000047e-06,0.000000000000000000e+00
6.511228861282370417e+01,2.047797692738871831e+02,5.000000000000000000e+00,1.571214000000000056e-06,0.000000000000000000e+00
6.554997805214819095e+01,2.047793315844478457e+02,5.000000000000000000e+00,1.366307999999999955e-06,0.000000000000000000e+00
6.597364054580152981e+01,2.047789079219541861e+02,5.000000000000000000e+00,1.477907000000000053e-06,0.000000000000000000e+00
6.637230714931176578e+01,2.047785092553506843e+02,5.000000000000000000e+00,1.386739000000000014e-06,0.000000000000000000e+00
6.681440940825399366e+01,2.047780671530917402e+02,5.000000000000000000e+00,1.415726999999999956e-06,0.000000000000000000e+00
6.724454849799877820e+01,2.047776370140020106e+02,5.000000000000000000e+00,1.471271000000000046e-06,0.000000000000000000e+00
6.764411362022900676e+01,2.047772374488797595e+02,5.000000000000000000e+00,1.357053000000000075e-06,0.000000000000000000e+00
6.804805968181938169e+01,2.047768335028181639e+02,5.000000000000000000e+00,1.457302000000000062e-06,0.000000000000000000e+00
6.847040618125826938e+01,2.047764111563187441e+02,5.000000000000000000e+00,1.519831000000000052e-06,0.000000000000000000e+00
6.891668451976430276e+01,2.047759648779802433e+02,5.000000000000000000e+00,1.376639999999999918e-06,0.000000000000000000e+00
6.930970747308609248e+01,2.047755718550268966e+02,5.000000000000000000e+00,1.319640000000000083e-06,0.000000000000000000e+00
6.973838979786360426e+01,2.047751431727021441e+02,5.000000000000000000e+00,1.271880999999999953e-06,0.000000000000000000e+00
7.018137754961831831e+01,2.047747001849503761e+02,5.000000000000000000e+00,1.229505999999999998e-06,0.000000000000000000e+00
7.056190643408559993e+01,2.047743196560658987e+02,5.000000000000000000e+00,1.361767999999999995e-06,0.000000000000000000e+00
7.098559814389312805e+01,2.047738959643561145e+02,5.000000000000000000e+00,1.350898000000000004e-06,0.000000000000000000e+00
7.138421776603053104e+01,2.047734973447339542e+02,5.000000000000000000e+00,1.322813000000000001e-06,0.000000000000000000e+00
7.182543936952137642e+01,2.047730561231304875e+02,5.000000000000000000e+00,1.309629000000000086e-06,0.000000000000000000e+00
7.225579288296920311e+01,2.047726257696170364e+02,5.000000000000000000e+00,1.201930000000000070e-06,0.000000000000000000e+00
7.264524280775042087e+01,2.047722363196922402e+02,5.000000000000000000e+00,1.372173000000000067e-06,0.000000000000000000e+00
7.306031628541136058e+01,2.047718212462145857e+02,5.000000000000000000e+00,1.435255000000000076e-06,0.000000000000000000e+00
7.346110638081985655e+01,2.047714204561191877e+02,5.000000000000000000e+00,1.355205000000000097e-06,0.000000000000000000e+00
7.388820137182017334e+01,2.047709933611281770e+02,5.000000000000000000e+00,1.411812000000000096e-06,0.000000000000000000e+00
7.431869344829979696e+01,2.047705628690517017e+02,5.000000000000000000e+00,1.455002000000000101e-06,0.000000000000000000e+00
7.472427589284095006e+01,2.047701572866071444e+02,5.000000000000000000e+00,1.470529000000000105e-06,0.000000000000000000e+00
7.513710412256475024e+01,2.047697444583774313e+02,5.000000000000000000e+00,1.516352999999999973e-06,0.000000000000000000e+00
7.557269139656489187e+01,2.047693088711034193e+02,5.000000000000000000e+00,1.503329000000000028e-06,0.000000000000000000e+00
7.595575360769736051e+01,2.047689258088923054e+02,5.000000000000000000e+00,1.558961000000000006e-06,0.000000000000000000e+00
7.639599778697011345e+01,2.047684855647130178e+02,5.000000000000000000e+00,1.564679999999999900e-06,0.000000000000000000e+00
7.683603540006939170e+01,2.047680455270999289e+02,5.000000000000000000e+00,1.520878999999999970e-06,0.000000000000000000e+00
7.722132002203377965e+01,2.047676602424779730e+02,5.000000000000000000e+00,1.536202000000000060e-06,0.000000000000000000e+00
7.765814026707663231e+01,2.047672234222329166e+02,5.000000000000000000e+00,1.582521000000000040e-06,0.000000000000000000e+00
7.807368783778196075e+01,2.047668078746622200e+02,5.000000000000000000e+00,1.557069000000000084e-06,0.000000000000000000e+00
7.849105098022207017e+01,2.047663905115197736e+02,5.000000000000000000e+00,1.575565000000000093e-06,0.000000000000000000e+00
7.893924951224981612e+01,2.047659423129877609e+02,5.000000000000000000e+00,1.615742999999999965e-06,0.000000000000000000e+00
7.937574351525665861e+01,2.047655058189847352e+02,5.000000000000000000e+00,1.588967000000000096e-06,0.000000000000000000e+00
7.976189042557253117e+01,2.047651196720744338e+02,5.000000000000000000e+00,1.540625999999999994e-06,0.000000000000000000e+00
8.020664256749807919e+01,2.047646749199325029e+02,5.000000000000000000e+00,1.480089999999999961e-06,0.000000000000000000e+00
8.060954558916004942e+01,2.047642720169108372e+02,5.000000000000000000e+00,1.517531999999999907e-06,0.000000000000000000e+00
8.100920876274287252e+01,2.047638723537372414e+02,5.000000000000000000e+00,1.557883999999999923e-06,0.000000000000000000e+00
8.143827403192227621e+01,2.047634432884680677e+02,5.000000000000000000e+00,1.520268000000000045e-06,0.000000000000000000e+00
8.184622583765262505e+01,2.047630353366623410e+02,5.000000000000000000e+00,1.557957000000000032e-06,0.000000000000000000e+00
8.227717420901737455e+01,2.047626043882909812e+02,5.000000000000000000e+00,1.469409000000000105e-06,0.000000000000000000e+00
8.267877979122137333e+01,2.047622027827087834e+02,5.000000000000000000e+00,1.378925000000000100e-06,0.000000000000000000e+00
8.308652308299096489e+01,2.047617950394169952e+02,5.000000000000000000e+00,1.425315999999999950e-06,0.000000000000000000e+00
8.352449068054652059e+01,2.047613570718194467e+02,5.000000000000000000e+00,1.368432999999999956e-06,0.000000000000000000e+00
8.392596261971898741e+01,2.047609555998802762e+02,5.000000000000000000e+00,1.407767000000000035e-06,0.000000000000000000e+00
8.434997468527397757e+01,2.047605315878147110e+02,5.000000000000000000e+00,1.317733999999999986e-06,0.000000000000000000e+00
8.474890182385982484e+01,2.047601326606761347e+02,5.000000000000000000e+00,1.305902999999999938e-06,0.000000000000000000e+00
8.517255165706924913e+01,2.047597090108429256e+02,5.000000000000000000e+00,1.475812000000000033e-06,0.000000000000000000e+00
8.560694113775279845e+01,2.047592746213622377e+02,5.000000000000000000e+00,1.522464999999999915e-06,0.000000000000000000e+00
8.602243974744878585e+01,2.047588591227525399e+02,5.000000000000000000e+00,1.442895000000000057e-06,0.000000000000000000e+00
8.643230268095342694e+01,2.047584492598190309e+02,5.000000000000000000e+00,1.449647000000000090e-06,0.000000000000000000e+00
8.685670771859820150e+01,2.047580248547814108e+02,5.000000000000000000e+00,1.435110000000000097e-06,0.000000000000000000e+00
8.729134332746487246e+01,2.047575902191725277e+02,5.000000000000000000e+00,1.476801000000000017e-06,0.000000000000000000e+00
8.771536135690260494e+01,2.047571662011430931e+02,5.000000000000000000e+00,1.492706000000000079e-06,0.000000000000000000e+00
8.812630435531652040e+01,2.047567552581446932e+02,5.000000000000000000e+00,1.554974000000000064e-06,0.000000000000000000e+00
8.854166266960001508e+01,2.047563398998304081e+02,5.000000000000000000e+00,1.510372000000000046e-06,0.000000000000000000e+00
8.896499036533582228e+01,2.047559165721346517e+02,5.000000000000000000e+00,1.440945000000000016e-06,0.000000000000000000e+00
8.938375377742436001e+01,2.047554978087225663e+02,5.000000000000000000e+00,1.374937999999999947e-06,0.000000000000000000e+00
8.980385946545217735e+01,2.047550777030345444e+02,5.000000000000000000e+00,1.383581999999999902e-06,0.000000000000000000e+00
9.023093662194183651e+01,2.047546506258780425e+02,5.000000000000000000e+00,1.485328999999999946e-06,0.000000000000000000e+00
9.061851112211414261e+01,2.047542630513778761e+02,5.000000000000000000e+00,1.410225999999999938e-06,0.000000000000000000e+00
9.103419675530109600e+01,2.047538473657446900e+02,5.000000000000000000e+00,1.477164999999999900e-06,0.000000000000000000e+00
9.144128284992942213e+01,2.047534402796500785e+02,5.000000000000000000e+00,1.411375999999999919e-06,0.000000000000000000e+00
9.187823563834152196e+01,2.047530033268616592e+02,5.000000000000000000e+00,1.350941999999999948e-06,0.000000000000000000e+00
9.229323343320609752e+01,2.047525883290667821e+02,5.000000000000000000e+00,1.420804999999999943e-06,0.000000000000000000e+00
9.269546412320087825e+01,2.047521860983767965e+02,5.000000000000000000e+00,1.506908999999999958e-06,0.000000000000000000e+00
9.313834550746152274e+01,2.047517432169925371e+02,5.000000000000000000e+00,1.490611000000000059e-06,0.000000000000000000e+00
9.352332850155063682e+01,2.047513582339984453e+02,5.000000000000000000e+00,1.243504999999999964e-06,0.000000000000000000e+00
9.394702205190840516e+01,2.047509345404480996e+02,5.000000000000000000e+00,1.345616000000000103e-06,0.000000000000000000e+00
9.438260363384007690e+01,2.047504989588661601e+02,5.000000000000000000e+00,1.459412000000000072e-06,0.000000000000000000e+00
9.479036943445163388e+01,2.047500911930655434e+02,5.000000000000000000e+00,1.372841999999999900e-06,0.000000000000000000e+00
9.521443784393554211e+01,2.047496671246560709e+02,5.000000000000000000e+00,1.317385000000000093e-06,0.000000000000000000e+00
9.562990109067776245e+01,2.047492516614093176e+02,5.000000000000000000e+00,1.494947000000000105e-06,0.000000000000000000e+00
9.605950353017718157e+01,2.047488220589698074e+02,5.000000000000000000e+00,1.488966999999999995e-06,0.000000000000000000e+00
9.644484141400995725e+01,2.047484367210859943e+02,5.000000000000000000e+00,1.396867000000000063e-06,0.000000000000000000e+00
9.688803922956175541e+01,2.047479935232704236e+02,5.000000000000000000e+00,1.461682000000000052e-06,0.000000000000000000e+00
9.730643830790917548e+01,2.047475751241920818e+02,5.000000000000000000e+00,1.502325000000000054e-06,0.000000000000000000e+00
9.771124979240917696e+01,2.047471703127075955e+02,5.000000000000000000e+00,1.360836999999999919e-06,0.000000000000000000e+00
9.815035356577517689e+01,2.047467312089342215e+02,5.000000000000000000e+00,1.232678000000000101e-06,0.000000000000000000e+00
9.856578996135394277e+01,2.047463157725386509e+02,5.000000000000000000e+00,1.238543000000000002e-06,0.000000000000000000e+00
9.898448063880636028e+01,2.047458970818611874e+02,5.000000000000000000e+00,1.229403999999999936e-06,0.000000000000000000e+00
9.943169118423628561e+01,2.047454498713157705e+02,5.000000000000000000e+00,1.256062999999999963e-06,0.000000000000000000e+00
9.983043345957679549e+01,2.047450511290404336e+02,5.000000000000000000e+00,1.429478000000000063e-06,0.000000000000000000e+00
1.002742936474891593e+02,2.047446072688525192e+02,5.000000000000000000e+00,1.479450000000000082e-06,0.000000000000000000e+00
1.006532247425749631e+02,2.047442283377574199e+02,5.000000000000000000e+00,1.560430999999999926e-06,0.000000000000000000e+00
1.010858744907360744e+02,2.047437956880092713e+02,5.000000000000000000e+00,1.705105999999999942e-06,0.000000000000000000e+00
1.015009796798588013e+02,2.047433805828201514e+02,5.000000000000000000e+00,1.781328999999999949e-06,0.000000000000000000e+00
1.019088190428106770e+02,2.047429727434571873e+02,5.000000000000000000e+00,1.792010000000000017e-06,0.000000000000000000e+00
1.023322868244274844e+02,2.047425492756755716e+02,5.000000000000000000e+00,1.808628000000000067e-06,0.000000000000000000e+00
1.027470086098550155e+02,2.047421345538901392e+02,5.000000000000000000e+00,1.806824000000000033e-06,0.000000000000000000e+00
1.031622759175104846e+02,2.047417192865824802e+02,5.000000000000000000e+00,1.850844000000000079e-06,0.000000000000000000e+00
1.035497627350173531e+02,2.047413317997649926e+02,5.000000000000000000e+00,1.840074999999999912e-06,0.000000000000000000e+00
1.039712131324224771e+02,2.047409103493675673e+02,5.000000000000000000e+00,1.794192999999999925e-06,0.000000000000000000e+00
1.043893149370812949e+02,2.047404922475629121e+02,5.000000000000000000e+00,1.739811999999999962e-06,0.000000000000000000e+00
1.048161194019083950e+02,2.047400654430980751e+02,5.000000000000000000e+00,1.727589000000000105e-06,0.000000000000000000e+00
1.052637123452538361e+02,2.047396178501547297e+02,5.000000000000000000e+00,1.697203999999999929e-06,0.000000000000000000e+00
1.056824183596893363e+02,2.047391991441403150e+02,5.000000000000000000e+00,1.737731999999999933e-06,0.000000000000000000e+00
1.060699994864155542e+02,2.047388115630135701e+02,5.000000000000000000e+00,1.754116999999999904e-06,0.000000000000000000e+00
1.064878741398334370e+02,2.047383936883601621e+02,5.000000000000000000e+00,1.681415999999999920e-06,0.000000000000000000e+00
1.069353296607266373e+02,2.047379462328392776e+02,5.000000000000000000e+00,1.669002999999999900e-06,0.000000000000000000e+00
1.073592226184784977e+02,2.047375223398815081e+02,5.000000000000000000e+00,1.675303999999999978e-06,0.000000000000000000e+00
1.077581340302965174e+02,2.047371234284696868e+02,5.000000000000000000e+00,1.651977000000000023e-06,0.000000000000000000e+00
1.082022805388183571e+02,2.047366792819611874e+02,5.000000000000000000e+00,1.559223000000000038e-06,0.000000000000000000e+00
1.086060259670316412e+02,2.047362755365329576e+02,5.000000000000000000e+00,1.535649000000000042e-06,0.000000000000000000e+00
1.090053812998303613e+02,2.047358761812001546e+02,5.000000000000000000e+00,1.630819000000000013e-06,0.000000000000000000e+00
1.094353459268287168e+02,2.047354462165731661e+02,5.000000000000000000e+00,1.660533999999999906e-06,0.000000000000000000e+00
1.098563527716438415e+02,2.047350252097283487e+02,5.000000000000000000e+00,1.647131000000000087e-06,0.000000000000000000e+00
1.102741061021036586e+02,2.047346074563978959e+02,5.000000000000000000e+00,1.696739000000000011e-06,0.000000000000000000e+00
1.106947058214588822e+02,2.047341868566785479e+02,5.000000000000000000e+00,1.645500999999999985e-06,0.000000000000000000e+00
1.110825012062448849e+02,2.047337990612937517e+02,5.000000000000000000e+00,1.678374000000000018e-06,0.000000000000000000e+00
1.115231939183206151e+02,2.047333583685816620e+02,5.000000000000000000e+00,1.726962999999999977e-06,0.000000000000000000e+00
1.119288916969920393e+02,2.047329526708030016e+02,5.000000000000000000e+00,1.749373000000000030e-06,0.000000000000000000e+00
1.123460761761534457e+02,2.047325354863238545e+02,5.000000000000000000e+00,1.683626999999999966e-06,0.000000000000000000e+00
1.127912259263082575e+02,2.047320903365736910e+02,5.000000000000000000e+00,1.721170999999999974e-06,0.000000000000000000e+00
1.131941362900763437e+02,2.047316874262099304e+02,5.000000000000000000e+00,1.690627000000000068e-06,0.000000000000000000e+00
1.136034751366395170e+02,2.047312780873633642e+02,5.000000000000000000e+00,1.739389999999999960e-06,0.000000000000000000e+00
1.140167451761730746e+02,2.047308648173238339e+02,5.000000000000000000e+00,1.727952999999999988e-06,0.000000000000000000e+00
1.144231061104316041e+02,2.047304584563895560e+02,5.000000000000000000e+00,1.686741999999999977e-06,0.000000000000000000e+00
1.148537582758501259e+02,2.047300278042241359e+02,5.000000000000000000e+00,1.715117999999999966e-06,0.000000000000000000e+00
1.152619074893192419e+02,2.047296196550106799e+02,5.000000000000000000e+00,1.684035000000000005e-06,0.000000000000000000e+00
1.156799852930449646e+02,2.047292015772069647e+02,5.000000000000000000e+00,1.646840000000000101e-06,0.000000000000000000e+00
1.161109532612896231e+02,2.047287706092386941e+02,5.000000000000000000e+00,1.671462000000000015e-06,0.000000000000000000e+00
1.165096014431642004e+02,2.047283719610568369e+02,5.000000000000000000e+00,1.736960000000000011e-06,0.000000000000000000e+00
1.169336194726019187e+02,2.047279479430274023e+02,5.000000000000000000e+00,1.714216000000000055e-06,0.000000000000000000e+00
1.173701932436078152e+02,2.047275113692563764e+02,5.000000000000000000e+00,1.710228000000000086e-06,0.000000000000000000e+00
1.178008633101862870e+02,2.047270806991897985e+02,5.000000000000000000e+00,1.741936999999999963e-06,0.000000000000000000e+00
1.182272416440215181e+02,2.047266543208559710e+02,5.000000000000000000e+00,1.737119999999999980e-06,0.000000000000000000e+00
1.186149864855809994e+02,2.047262665760144102e+02,5.000000000000000000e+00,1.735825000000000021e-06,0.000000000000000000e+00
1.190526280394093419e+02,2.047258289344605942e+02,5.000000000000000000e+00,1.643042000000000082e-06,0.000000000000000000e+00
1.194764709684868365e+02,2.047254050915315133e+02,5.000000000000000000e+00,1.746898999999999925e-06,0.000000000000000000e+00
1.199097630514194037e+02,2.047249717994485820e+02,5.000000000000000000e+00,1.715961999999999970e-06,0.000000000000000000e+00
1.203177735731603946e+02,2.047245637889268437e+02,5.000000000000000000e+00,1.551262999999999906e-06,0.000000000000000000e+00
1.207487158624857670e+02,2.047241328466375023e+02,5.000000000000000000e+00,1.522945000000000036e-06,0.000000000000000000e+00
1.211477926332212007e+02,2.047237337698667829e+02,5.000000000000000000e+00,1.492896000000000029e-06,0.000000000000000000e+00
1.215516433768918745e+02,2.047233299191231026e+02,5.000000000000000000e+00,1.536696999999999960e-06,0.000000000000000000e+00
1.219545179358686369e+02,2.047229270445641305e+02,5.000000000000000000e+00,1.535809000000000011e-06,0.000000000000000000e+00
1.223811296659292935e+02,2.047225004328340674e+02,5.000000000000000000e+00,1.639797000000000082e-06,0.000000000000000000e+00
1.227890799665155583e+02,2.047220924825334691e+02,5.000000000000000000e+00,1.586610000000000044e-06,0.000000000000000000e+00
1.232131953782866987e+02,2.047216683671217083e+02,5.000000000000000000e+00,1.546693999999999993e-06,0.000000000000000000e+00
1.236406429363295842e+02,2.047212409195636553e+02,5.000000000000000000e+00,1.456209999999999988e-06,0.000000000000000000e+00
1.240163160411365624e+02,2.047208652464588567e+02,5.000000000000000000e+00,1.492590000000000053e-06,0.000000000000000000e+00
1.244635973919225194e+02,2.047204179651080835e+02,5.000000000000000000e+00,1.587671999999999925e-06,0.000000000000000000e+00
1.248977446658859236e+02,2.047199838178341054e+02,5.000000000000000000e+00,1.598381999999999946e-06,0.000000000000000000e+00
1.252863636605835040e+02,2.047195951988394143e+02,5.000000000000000000e+00,1.561188000000000069e-06,0.000000000000000000e+00
1.257335017196777045e+02,2.047191480607803271e+02,5.000000000000000000e+00,1.602325999999999971e-06,0.000000000000000000e+00
1.261487709152596466e+02,2.047187327915847277e+02,5.000000000000000000e+00,1.652573999999999985e-06,0.000000000000000000e+00
1.265750804729559604e+02,2.047183064820270317e+02,5.000000000000000000e+00,1.668857000000000105e-06,0.000000000000000000e+00
1.269601404843858461e+02,2.047179214220156211e+02,5.000000000000000000e+00,1.654917000000000075e-06,0.000000000000000000e+00
1.274053722273909131e+02,2.047174761902726061e+02,5.000000000000000000e+00,1.676743999999999917e-06,0.000000000000000000e+00
1.278296404002004039e+02,2.047170519220997846e+02,5.000000000000000000e+00,1.669468000000000031e-06,0.000000000000000000e+00
1.282739653311068935e+02,2.047166075971688883e+02,5.000000000000000000e+00,1.625303000000000005e-06,0.000000000000000000e+00
1.286697170518726523e+02,2.047162118454481288e+02,5.000000000000000000e+00,1.667852999999999920e-06,0.000000000000000000e+00
1.290853268366952022e+02,2.047157962356633050e+02,5.000000000000000000e+00,1.721200999999999955e-06,0.000000000000000000e+00
1.295003367065054078e+02,2.047153812257934931e+02,5.000000000000000000e+00,1.713925000000000069e-06,0.000000000000000000e+00
1.299082049073560086e+02,2.047149733575926405e+02,5.000000000000000000e+00,1.690365000000000036e-06,0.000000000000000000e+00
1.303479629451786934e+02,2.047145335995548123e+02,5.000000000000000000e+00,1.692998999999999899e-06,0.000000000000000000e+00
1.307472581924486406e+02,2.047141343043075494e+02,5.000000000000000000e+00,1.764216000000000000e-06,0.000000000000000000e+00
1.311617583824846918e+02,2.047137198041175168e+02,5.000000000000000000e+00,1.678039999999999904e-06,0.000000000000000000e+00
1.315858814033961437e+02,2.047132956810966107e+02,5.000000000000000000e+00,1.653882999999999908e-06,0.000000000000000000e+00
1.319931870096137629e+02,2.047128883754903939e+02,5.000000000000000000e+00,1.658031000000000059e-06,0.000000000000000000e+00
1.324171049817028063e+02,2.047124644575182799e+02,5.000000000000000000e+00,1.702079000000000031e-06,0.000000000000000000e+00
1.328161680580180359e+02,2.047120653944419928e+02,5.000000000000000000e+00,1.663982000000000004e-06,0.000000000000000000e+00
1.332636963317212917e+02,2.047116178661682682e+02,5.000000000000000000e+00,1.628984999999999998e-06,0.000000000000000000e+00
1.336820374683383079e+02,2.047111995250316454e+02,5.000000000000000000e+00,1.680993999999999918e-06,0.000000000000000000e+00
1.340695775481750331e+02,2.047108119849518175e+02,5.000000000000000000e+00,1.686333999999999938e-06,0.000000000000000000e+00
1.344878751818871763e+02,2.047103936873181169e+02,5.000000000000000000e+00,1.671142000000000076e-06,0.000000000000000000e+00
1.349189863998265082e+02,2.047099625761001676e+02,5.000000000000000000e+00,1.694571000000000093e-06,0.000000000000000000e+00
1.353273662664815902e+02,2.047095541962335119e+02,5.000000000000000000e+00,1.673267000000000077e-06,0.000000000000000000e+00
1.357589168741620824e+02,2.047091226456258255e+02,5.000000000000000000e+00,1.703141999999999939e-06,0.000000000000000000e+00
1.361665314997289329e+02,2.047087150310002812e+02,5.000000000000000000e+00,1.644424999999999930e-06,0.000000000000000000e+00
1.365819773509864206e+02,2.047082995851490068e+02,5.000000000000000000e+00,1.543448999999999992e-06,0.000000000000000000e+00
1.370062446447371940e+02,2.047078753178552688e+02,5.000000000000000000e+00,1.668944999999999993e-06,0.000000000000000000e+00
1.374360576015267554e+02,2.047074455048984589e+02,5.000000000000000000e+00,1.667766000000000059e-06,0.000000000000000000e+00
1.378439598436815459e+02,2.047070376026563281e+02,5.000000000000000000e+00,1.627792000000000101e-06,0.000000000000000000e+00
1.382747436115460573e+02,2.047066068188884458e+02,5.000000000000000000e+00,1.553911999999999972e-06,0.000000000000000000e+00
1.386954563829617939e+02,2.047061861061170305e+02,5.000000000000000000e+00,1.749183999999999896e-06,0.000000000000000000e+00
1.391245816754616271e+02,2.047057569808245319e+02,5.000000000000000000e+00,1.656444999999999901e-06,0.000000000000000000e+00
1.395438149081997778e+02,2.047053377475917841e+02,5.000000000000000000e+00,1.583350000000000053e-06,0.000000000000000000e+00
1.399468637358715739e+02,2.047049346987641343e+02,5.000000000000000000e+00,1.504652999999999941e-06,0.000000000000000000e+00
1.403826655217193320e+02,2.047044988969782651e+02,5.000000000000000000e+00,1.549794000000000014e-06,0.000000000000000000e+00
1.407694930050812161e+02,2.047041120694949257e+02,5.000000000000000000e+00,1.521052999999999902e-06,0.000000000000000000e+00
1.412145125424232219e+02,2.047036670499575735e+02,5.000000000000000000e+00,1.449632999999999915e-06,0.000000000000000000e+00
1.416297610080844152e+02,2.047032518014919162e+02,5.000000000000000000e+00,1.554858000000000039e-06,0.000000000000000000e+00
1.420172516696353000e+02,2.047028643108303640e+02,5.000000000000000000e+00,1.597349000000000019e-06,0.000000000000000000e+00
1.424448081153737462e+02,2.047024367543846211e+02,5.000000000000000000e+00,1.480003000000000101e-06,0.000000000000000000e+00
1.428528262887876679e+02,2.047020287362112185e+02,5.000000000000000000e+00,1.265609000000000040e-06,0.000000000000000000e+00
1.432866952825822295e+02,2.047015948672174090e+02,5.000000000000000000e+00,1.190608999999999911e-06,0.000000000000000000e+00
1.436913575804996412e+02,2.047011902049194987e+02,5.000000000000000000e+00,1.425606999999999936e-06,0.000000000000000000e+00
1.440939549839637266e+02,2.047007876075160198e+02,5.000000000000000000e+00,1.626540000000000058e-06,0.000000000000000000e+00
1.445369753371325601e+02,2.047003445871628742e+02,5.000000000000000000e+00,1.533132000000000020e-06,0.000000000000000000e+00
1.449433332155381322e+02,2.046999382292844700e+02,5.000000000000000000e+00,1.525870000000000097e-06,0.000000000000000000e+00
1.453556878192705142e+02,2.046995258746807167e+02,5.000000000000000000e+00,1.481429000000000076e-06,0.000000000000000000e+00
1.457995045478834300e+02,2.046990820579521255e+02,5.000000000000000000e+00,1.506079999999999944e-06,0.000000000000000000e+00
1.462256371805121091e+02,2.046986559253194855e+02,5.000000000000000000e+00,1.544002000000000011e-06,0.000000000000000000e+00
1.466133446688048139e+02,2.046982682178311848e+02,5.000000000000000000e+00,1.521635999999999902e-06,0.000000000000000000e+00
1.470289200332918540e+02,2.046978526424666995e+02,5.000000000000000000e+00,1.576539999999999901e-06,0.000000000000000000e+00
1.474746517165895341e+02,2.046974069107833998e+02,5.000000000000000000e+00,1.522551999999999987e-06,0.000000000000000000e+00
1.479075378164469043e+02,2.046969740246835556e+02,5.000000000000000000e+00,1.565465999999999997e-06,0.000000000000000000e+00
1.482973066048331248e+02,2.046965842558951749e+02,5.000000000000000000e+00,1.640961000000000026e-06,0.000000000000000000e+00
1.487458335307869675e+02,2.046961357289692103e+02,5.000000000000000000e+00,1.636391999999999900e-06,0.000000000000000000e+00
1.491450140179389336e+02,2.046957365484820457e+02,5.000000000000000000e+00,1.656037000000000074e-06,0.000000000000000000e+00
1.495488166327563704e+02,2.046953327458672334e+02,5.000000000000000000e+00,1.636638999999999942e-06,0.000000000000000000e+00
1.499710937225390808e+02,2.046949104687774650e+02,5.000000000000000000e+00,1.615830000000000037e-06,0.000000000000000000e+00
1.503893897417302696e+02,2.046944921727582596e+02,5.000000000000000000e+00,1.477266999999999963e-06,0.000000000000000000e+00
1.508163832068513273e+02,2.046940651792931476e+02,5.000000000000000000e+00,1.419321000000000060e-06,0.000000000000000000e+00
1.512181822603716910e+02,2.046936633802396273e+02,5.000000000000000000e+00,1.383246999999999972e-06,0.000000000000000000e+00
1.516266901867147396e+02,2.046932548723132754e+02,5.000000000000000000e+00,1.398089999999999941e-06,0.000000000000000000e+00
1.520696534404919760e+02,2.046928119090595146e+02,5.000000000000000000e+00,1.354550000000000016e-06,0.000000000000000000e+00
1.524678370419847226e+02,2.046924137254580103e+02,5.000000000000000000e+00,1.267021000000000053e-06,0.000000000000000000e+00
1.528849963153701026e+02,2.046919965661846277e+02,5.000000000000000000e+00,1.229825999999999938e-06,0.000000000000000000e+00
1.532836583867550928e+02,2.046915979041132516e+02,5.000000000000000000e+00,1.483218999999999936e-06,0.000000000000000000e+00
1.537304243942004405e+02,2.046911511381057949e+02,5.000000000000000000e+00,1.306164999999999970e-06,0.000000000000000000e+00
1.541459441711241425e+02,2.046907356183288869e+02,5.000000000000000000e+00,1.312538999999999945e-06,0.000000000000000000e+00
1.545551172919201406e+02,2.046903264452080862e+02,5.000000000000000000e+00,1.532854999999999997e-06,0.000000000000000000e+00
1.549579360322692594e+02,2.046899236264677313e+02,5.000000000000000000e+00,1.420893000000000043e-06,0.000000000000000000e+00
1.554025470428206859e+02,2.046894790154571808e+02,5.000000000000000000e+00,1.441658000000000004e-06,0.000000000000000000e+00
1.557967446609993090e+02,2.046890848178389888e+02,5.000000000000000000e+00,1.441454999999999907e-06,0.000000000000000000e+00
1.562226748219577530e+02,2.046886588876780309e+02,5.000000000000000000e+00,1.596373999999999998e-06,0.000000000000000000e+00
1.566658063502531206e+02,2.046882157561497309e+02,5.000000000000000000e+00,1.499473000000000102e-06,0.000000000000000000e+00
1.570664937574114504e+02,2.046878150687425943e+02,5.000000000000000000e+00,1.520646000000000103e-06,0.000000000000000000e+00
1.574722857965123239e+02,2.046874092767034767e+02,5.000000000000000000e+00,1.541251999999999910e-06,0.000000000000000000e+00
1.579054601224844134e+02,2.046869761023775141e+02,5.000000000000000000e+00,1.436565000000000026e-06,0.000000000000000000e+00
1.583362472617813523e+02,2.046865453152382202e+02,5.000000000000000000e+00,1.516527999999999933e-06,0.000000000000000000e+00
1.587685896076336007e+02,2.046861129728923743e+02,5.000000000000000000e+00,1.574197000000000024e-06,0.000000000000000000e+00
1.591926567412567408e+02,2.046856889057587523e+02,5.000000000000000000e+00,1.362218999999999951e-06,0.000000000000000000e+00
0.000000000000000000e+00,2.048448815625000066e+02,1.000000000000000000e+01,2.344846000000000148e-05,0.000000000000000000e+00
0.000000000000000000e+00,2.048448815625000066e+02,1.000000000000000000e+01,-1.141000999999999988e-06,0.000000000000000000e+00
0.000000000000000000e+00,2.048448815625000066e+02,1.000000000000000000e+01,-1.949957000000000048e-07,0.000000000000000000e+00
1.029862200505732989e-01,2.048447785762799356e+02,1.000000000000000000e+01,3.916938999999999946e-07,0.000000000000000000e+00
2.443206037958617904e-01,2.048446372418962085e+02,1.000000000000000000e+01,8.320931000000000039e-07,0.000000000000000000e+00
4.348516161967446725e-01,2.048444467108838012e+02,1.000000000000000000e+01,1.170657999999999973e-06,0.000000000000000000e+00
6.650040600151553294e-01,2.048442165584399959e+02,1.000000000000000000e+01,1.429085000000000015e-06,0.000000000000000000e+00
9.246351970896947714e-01,2.048439569273029122e+02,1.000000000000000000e+01,1.160966000000000101e-06,0.000000000000000000e+00
1.233342548566814578e+00,2.048436482199514330e+02,1.000000000000000000e+01,1.198451999999999990e-06,0.000000000000000000e+00
1.592690168865755540e+00,2.048432888723311294e+02,1.000000000000000000e+01,1.229825999999999938e-06,0.000000000000000000e+00
1.977835827619708331e+00,2.048429037266723753e+02,1.000000000000000000e+01,1.201071000000000075e-06,0.000000000000000000e+00
2.385903592982151711e+00,2.048424956589070121e+02,1.000000000000000000e+01,1.405642000000000034e-06,0.000000000000000000e+00
2.816833772141138059e+00,2.048420647287278484e+02,1.000000000000000000e+01,1.623135000000000088e-06,0.000000000000000000e+00
3.222547249008802517e+00,2.048416590152509968e+02,1.000000000000000000e+01,1.667751000000000069e-06,0.000000000000000000e+00
3.634988845633101207e+00,2.048412465736543595e+02,1.000000000000000000e+01,1.691937000000000018e-06,0.000000000000000000e+00
4.050430799968191664e+00,2.048408311317000425e+02,1.000000000000000000e+01,1.688472999999999902e-06,0.000000000000000000e+00
4.471948223165838954e+00,2.048404096142768367e+02,1.000000000000000000e+01,1.774650000000000026e-06,0.000000000000000000e+00
4.880140666964498664e+00,2.048400014218330227e+02,1.000000000000000000e+01,1.789070999999999993e-06,0.000000000000000000e+00
5.310690125977012066e+00,2.048395708723740256e+02,1.000000000000000000e+01,1.726249999999999989e-06,0.000000000000000000e+00
5.739379565064807842e+00,2.048391421829349213e+02,1.000000000000000000e+01,1.727734000000000084e-06,0.000000000000000000e+00
6.154514471586089996e+00,2.048387270480284030e+02,1.000000000000000000e+01,1.672728000000000021e-06,0.000000000000000000e+00
6.580021619414022638e+00,2.048383015408805932e+02,1.000000000000000000e+01,1.732245000000000090e-06,0.000000000000000000e+00
6.965237028422719412e+00,2.048379163254715820e+02,1.000000000000000000e+01,1.666848999999999946e-06,0.000000000000000000e+00
7.410485279389312119e+00,2.048374710772206129e+02,1.000000000000000000e+01,1.699125000000000016e-06,0.000000000000000000e+00
7.834488180313946337e+00,2.048370470743196847e+02,1.000000000000000000e+01,1.728432999999999897e-06,0.000000000000000000e+00
8.280252771824510916e+00,2.048366013097281666e+02,1.000000000000000000e+01,1.784588999999999940e-06,0.000000000000000000e+00
8.665470454858928306e+00,2.048362160920451345e+02,1.000000000000000000e+01,1.770532000000000068e-06,0.000000000000000000e+00
9.084793024731721900e+00,2.048357967694752517e+02,1.000000000000000000e+01,1.733161999999999992e-06,0.000000000000000000e+00
9.492359527227776539e+00,2.048353892029727774e+02,1.000000000000000000e+01,1.723936000000000065e-06,0.000000000000000000e+00
9.915255662719559382e+00,2.048349663068372877e+02,1.000000000000000000e+01,1.779349999999999955e-06,0.000000000000000000e+00
1.034233417286606382e+01,2.048345392283271167e+02,1.000000000000000000e+01,1.755091999999999924e-06,0.000000000000000000e+00
1.077337463404393958e+01,2.048341081878659509e+02,1.000000000000000000e+01,1.775159000000000100e-06,0.000000000000000000e+00
1.117497972963095165e+01,2.048337065827703611e+02,1.000000000000000000e+01,1.744381999999999903e-06,0.000000000000000000e+00
1.158210978320610884e+01,2.048332994527168012e+02,1.000000000000000000e+01,1.740248999999999955e-06,0.000000000000000000e+00
1.199803645131096630e+01,2.048328835260486755e+02,1.000000000000000000e+01,1.802691000000000085e-06,0.000000000000000000e+00
1.240590913113140026e+01,2.048324756533688742e+02,1.000000000000000000e+01,1.726075000000000029e-06,0.000000000000000000e+00
1.283644175517001962e+01,2.048320451207448230e+02,1.000000000000000000e+01,1.685213999999999939e-06,0.000000000000000000e+00
1.326726643057037514e+01,2.048316142960694322e+02,1.000000000000000000e+01,1.710956000000000064e-06,0.000000000000000000e+00
1.366767840629785979e+01,2.048312138840936996e+02,1.000000000000000000e+01,1.745632999999999919e-06,0.000000000000000000e+00
1.407366836955046629e+01,2.048308078941304586e+02,1.000000000000000000e+01,1.792258000000000087e-06,0.000000000000000000e+00
1.449077721636919591e+01,2.048303907852836403e+02,1.000000000000000000e+01,1.835317000000000075e-06,0.000000000000000000e+00
1.490718762494483407e+01,2.048299743748750643e+02,1.000000000000000000e+01,1.870269999999999925e-06,0.000000000000000000e+00
1.532959371950293814e+01,2.048295519687804926e+02,1.000000000000000000e+01,1.878783000000000075e-06,0.000000000000000000e+00
1.576031468829563131e+01,2.048291212478117131e+02,1.000000000000000000e+01,1.832814000000000016e-06,0.000000000000000000e+00
1.615989334524201482e+01,2.048287216691547599e+02,1.000000000000000000e+01,1.844294999999999932e-06,0.000000000000000000e+00
1.656516475911681496e+01,2.048283163977408776e+02,1.000000000000000000e+01,1.866893999999999909e-06,0.000000000000000000e+00
1.700739063485293201e+01,2.048278741718651474e+02,1.000000000000000000e+01,1.843567999999999982e-06,0.000000000000000000e+00
1.743116034116131630e+01,2.048274504021588314e+02,1.000000000000000000e+01,1.891719999999999948e-06,0.000000000000000000e+00
1.783004934186406842e+01,2.048270515131581249e+02,1.000000000000000000e+01,1.858221000000000000e-06,0.000000000000000000e+00
1.825393729674848942e+01,2.048266276252032583e+02,1.000000000000000000e+01,1.834937999999999990e-06,0.000000000000000000e+00
1.869785683002544729e+01,2.048261837056699619e+02,1.000000000000000000e+01,1.825189000000000026e-06,0.000000000000000000e+00
1.911339190110000885e+01,2.048257681705989057e+02,1.000000000000000000e+01,1.801716000000000064e-06,0.000000000000000000e+00
1.952866538116468931e+01,2.048253528971188189e+02,1.000000000000000000e+01,1.786581999999999897e-06,0.000000000000000000e+00
1.995427440657543983e+01,2.048249272880934200e+02,1.000000000000000000e+01,1.737775000000000061e-06,0.000000000000000000e+00
2.037375307435342009e+01,2.048245078094256542e+02,1.000000000000000000e+01,1.773863999999999929e-06,0.000000000000000000e+00
2.079278304258853183e+01,2.048240887794574121e+02,1.000000000000000000e+01,1.753200000000000002e-06,0.000000000000000000e+00
2.121747390390161314e+01,2.048236640885961037e+02,1.000000000000000000e+01,1.763518000000000003e-06,0.000000000000000000e+00
2.160485127387812909e+01,2.048232767112261286e+02,1.000000000000000000e+01,1.779756999999999967e-06,0.000000000000000000e+00
2.202009033360722867e+01,2.048228614721663803e+02,1.000000000000000000e+01,1.777604000000000040e-06,0.000000000000000000e+00
2.244722010492713338e+01,2.048224343423950700e+02,1.000000000000000000e+01,1.779073999999999960e-06,0.000000000000000000e+00
2.285544184008154289e+01,2.048220261206599275e+02,1.000000000000000000e+01,1.798064000000000053e-06,0.000000000000000000e+00
2.328625455614833939e+01,2.048215953079438520e+02,1.000000000000000000e+01,1.761014999999999944e-06,0.000000000000000000e+00
2.368880257296214253e+01,2.048211927599270439e+02,1.000000000000000000e+01,1.785999999999999926e-06,0.000000000000000000e+00
2.409763104283290858e+01,2.048207839314571572e+02,1.000000000000000000e+01,1.740801999999999973e-06,0.000000000000000000e+00
2.451300781212394497e+01,2.048203685546878603e+02,1.000000000000000000e+01,1.787833999999999940e-06,0.000000000000000000e+00
2.496070061136954976e+01,2.048199208618886189e+02,1.000000000000000000e+01,1.821419999999999961e-06,0.000000000000000000e+00
2.534955827577531906e+01,2.048195320042242145e+02,1.000000000000000000e+01,1.806678000000000026e-06,0.000000000000000000e+00
2.578333584446193427e+01,2.048190982266555409e+02,1.000000000000000000e+01,1.801235999999999944e-06,0.000000000000000000e+00
2.620750395992271109e+01,2.048186740585400685e+02,1.000000000000000000e+01,1.809020999999999904e-06,0.000000000000000000e+00
2.664616372486548102e+01,2.048182353987751299e+02,1.000000000000000000e+01,1.765875000000000055e-06,0.000000000000000000e+00
2.706142673120046993e+01,2.048178201357687840e+02,1.000000000000000000e+01,1.711435999999999973e-06,0.000000000000000000e+00
2.748088800017349342e+01,2.048174006744998223e+02,1.000000000000000000e+01,1.688531000000000021e-06,0.000000000000000000e+00
2.787787507984445767e+01,2.048170036874201401e+02,1.000000000000000000e+01,1.694948999999999940e-06,0.000000000000000000e+00
2.831978409420745635e+01,2.048165617784057986e+02,1.000000000000000000e+01,1.711072000000000090e-06,0.000000000000000000e+00
2.875063609663847686e+01,2.048161309264033605e+02,1.000000000000000000e+01,1.735796000000000067e-06,0.000000000000000000e+00
2.914929428435114289e+01,2.048157322682156405e+02,1.000000000000000000e+01,1.727952999999999988e-06,0.000000000000000000e+00
2.955364936517613117e+01,2.048153279131348086e+02,1.000000000000000000e+01,1.791006000000000043e-06,0.000000000000000000e+00
2.997441589694209441e+01,2.048149071466030477e+02,1.000000000000000000e+01,1.826425000000000051e-06,0.000000000000000000e+00
3.039224790776081164e+01,2.048144893145922367e+02,1.000000000000000000e+01,1.779015000000000025e-06,0.000000000000000000e+00
3.081306103539208863e+01,2.048140685014646181e+02,1.000000000000000000e+01,1.667213000000000041e-06,0.000000000000000000e+00
3.124233964810348141e+01,2.048136392228518901e+02,1.000000000000000000e+01,1.768653999999999897e-06,0.000000000000000000e+00
3.164174791955914756e+01,2.048132398145804416e+02,1.000000000000000000e+01,1.733250000000000092e-06,0.000000000000000000e+00
3.204496805746547494e+01,2.048128365944425298e+02,1.000000000000000000e+01,1.677647000000000067e-06,0.000000000000000000e+00
3.246791743719639101e+01,2.048124136450628043e+02,1.000000000000000000e+01,1.614113000000000075e-06,0.000000000000000000e+00
3.288658451130151406e+01,2.048119949779886895e+02,1.000000000000000000e+01,1.716180000000000059e-06,0.000000000000000000e+00
3.330708571854871991e+01,2.048115744767814590e+02,1.000000000000000000e+01,1.779583000000000034e-06,0.000000000000000000e+00
3.373553544783715097e+01,2.048111460270521604e+02,1.000000000000000000e+01,1.819659000000000055e-06,0.000000000000000000e+00
3.414634565669796729e+01,2.048107352168433124e+02,1.000000000000000000e+01,1.812498999999999983e-06,0.000000000000000000e+00
3.453852377184053779e+01,2.048103430387281492e+02,1.000000000000000000e+01,1.808105000000000030e-06,0.000000000000000000e+00
3.496214471930775858e+01,2.048099194177806908e+02,1.000000000000000000e+01,1.802866000000000045e-06,0.000000000000000000e+00
3.540722764073570517e+01,2.048094743348592601e+02,1.000000000000000000e+01,1.832551999999999984e-06,0.000000000000000000e+00
3.580079067051245545e+01,2.048090807718294855e+02,1.000000000000000000e+01,1.795734999999999926e-06,0.000000000000000000e+00
3.622765918422308573e+01,2.048086539033157862e+02,1.000000000000000000e+01,1.792680000000000089e-06,0.000000000000000000e+00
3.665395594627734255e+01,2.048082276065537144e+02,1.000000000000000000e+01,1.813968999999999903e-06,0.000000000000000000e+00
3.708655459909348906e+01,2.048077950079008929e+02,1.000000000000000000e+01,1.721505999999999904e-06,0.000000000000000000e+00
3.748061321374046173e+01,2.048074009492862615e+02,1.000000000000000000e+01,1.695079999999999956e-06,0.000000000000000000e+00
3.790063422314464248e+01,2.048069809282768574e+02,1.000000000000000000e+01,1.723484999999999898e-06,0.000000000000000000e+00
3.832427703752475168e+01,2.048065572854624747e+02,1.000000000000000000e+01,1.776047000000000048e-06,0.000000000000000000e+00
3.877110915128383084e+01,2.048061104533487082e+02,1.000000000000000000e+01,1.789404999999999895e-06,0.000000000000000000e+00
3.919081867783491901e+01,2.048056907438221685e+02,1.000000000000000000e+01,1.683613000000000003e-06,0.000000000000000000e+00
3.959562476051432611e+01,2.048052859377394839e+02,1.000000000000000000e+01,1.688050999999999900e-06,0.000000000000000000e+00
3.999499814912166329e+01,2.048048865643508805e+02,1.000000000000000000e+01,1.643319000000000105e-06,0.000000000000000000e+00
4.042571467244516725e+01,2.048044558478275405e+02,1.000000000000000000e+01,1.658060000000000012e-06,0.000000000000000000e+00
4.085661669553902442e+01,2.048040249458044570e+02,1.000000000000000000e+01,1.647568000000000079e-06,0.000000000000000000e+00
4.126492826232352229e+01,2.048036166342376703e+02,1.000000000000000000e+01,1.637744999999999979e-06,0.000000000000000000e+00
4.168387669393271722e+01,2.048031976858060546e+02,1.000000000000000000e+01,1.637163000000000007e-06,0.000000000000000000e+00
4.209928665885657750e+01,2.048027822758411389e+02,1.000000000000000000e+01,1.637919999999999939e-06,0.000000000000000000e+00
4.249006133386346562e+01,2.048023915011661416e+02,1.000000000000000000e+01,1.575871000000000069e-06,0.000000000000000000e+00
4.291978802246752878e+01,2.048019617744775189e+02,1.000000000000000000e+01,1.570617000000000094e-06,0.000000000000000000e+00
4.335038986827438379e+01,2.048015311726317123e+02,1.000000000000000000e+01,1.543899999999999948e-06,0.000000000000000000e+00
4.375849695701584352e+01,2.048011230655429813e+02,1.000000000000000000e+01,1.482418000000000060e-06,0.000000000000000000e+00
4.417599477933575258e+01,2.048007055677206552e+02,1.000000000000000000e+01,1.580134000000000006e-06,0.000000000000000000e+00
4.458245894288849343e+01,2.048002991035571085e+02,1.000000000000000000e+01,1.506851000000000051e-06,0.000000000000000000e+00
4.498322717453157793e+01,2.047998983353254516e+02,1.000000000000000000e+01,1.514025000000000086e-06,0.000000000000000000e+00
4.541401600034699015e+01,2.047994675464996419e+02,1.000000000000000000e+01,1.521810000000000046e-06,0.000000000000000000e+00
4.585435848854962160e+01,2.047990272040114519e+02,1.000000000000000000e+01,1.551830999999999915e-06,0.000000000000000000e+00
4.627799849649315433e+01,2.047986035640035141e+02,1.000000000000000000e+01,1.624314000000000022e-06,0.000000000000000000e+00
4.672427472950406724e+01,2.047981572877704934e+02,1.000000000000000000e+01,1.621795999999999973e-06,0.000000000000000000e+00
4.711435403196634297e+01,2.047977672084680307e+02,1.000000000000000000e+01,1.526889000000000061e-06,0.000000000000000000e+00
4.752731269508058176e+01,2.047973542498049255e+02,1.000000000000000000e+01,1.395295999999999897e-06,0.000000000000000000e+00
4.795326744455769585e+01,2.047969282950554373e+02,1.000000000000000000e+01,1.384701999999999901e-06,0.000000000000000000e+00
4.838396857844284682e+01,2.047964975939215435e+02,1.000000000000000000e+01,1.349704999999999896e-06,0.000000000000000000e+00
4.877120246177354801e+01,2.047961103600382273e+02,1.000000000000000000e+01,1.400490999999999938e-06,0.000000000000000000e+00
4.921702544533092549e+01,2.047956645370546767e+02,1.000000000000000000e+01,1.461055999999999924e-06,0.000000000000000000e+00
4.963240625334641010e+01,2.047952491562466548e+02,1.000000000000000000e+01,1.470092999999999928e-06,0.000000000000000000e+00
5.004273206412212716e+01,2.047948388304358787e+02,1.000000000000000000e+01,1.412103000000000081e-06,0.000000000000000000e+00
5.044693118681414035e+01,2.047944346313131803e+02,1.000000000000000000e+01,1.375330999999999995e-06,0.000000000000000000e+00
5.087783522855718132e+01,2.047940037272714449e+02,1.000000000000000000e+01,1.464330000000000090e-06,0.000000000000000000e+00
5.128598683310201523e+01,2.047935955756668989e+02,1.000000000000000000e+01,1.382111999999999982e-06,0.000000000000000000e+00
5.170930366686987867e+01,2.047931722588331240e+02,1.000000000000000000e+01,1.361434000000000093e-06,0.000000000000000000e+00
5.212468447488536327e+01,2.047927568780251022e+02,1.000000000000000000e+01,1.350447000000000049e-06,0.000000000000000000e+00
5.251229339539322183e+01,2.047923692691045972e+02,1.000000000000000000e+01,1.441513000000000025e-06,0.000000000000000000e+00
5.294082463342804346e+01,2.047919407378665824e+02,1.000000000000000000e+01,1.445193999999999990e-06,0.000000000000000000e+00
5.337172210257855909e+01,2.047915098403974241e+02,1.000000000000000000e+01,1.408828999999999916e-06,0.000000000000000000e+00
5.379826033532791030e+01,2.047910833021646795e+02,1.000000000000000000e+01,1.424864999999999994e-06,0.000000000000000000e+00
5.420195703151316025e+01,2.047906796054684833e+02,1.000000000000000000e+01,1.462423999999999993e-06,0.000000000000000000e+00
5.461755299239271721e+01,2.047902640095076094e+02,1.000000000000000000e+01,1.475403999999999994e-06,0.000000000000000000e+00
5.504971895296133511e+01,2.047898318435470344e+02,1.000000000000000000e+01,1.416323000000000102e-06,0.000000000000000000e+00
5.543500713079308895e+01,2.047894465553692100e+02,1.000000000000000000e+01,1.454915000000000028e-06,0.000000000000000000e+00
5.587747032209737341e+01,2.047890040921778905e+02,1.000000000000000000e+01,1.489970999999999969e-06,0.000000000000000000e+00
5.629292848761480883e+01,2.047885886340123704e+02,1.000000000000000000e+01,1.525564999999999936e-06,0.000000000000000000e+00
5.669504070188458655e+01,2.047881865217981101e+02,1.000000000000000000e+01,1.526670999999999973e-06,0.000000000000000000e+00
5.712433082161955156e+01,2.047877572316783699e+02,1.000000000000000000e+01,1.503853000000000092e-06,0.000000000000000000e+00
5.755343523651497151e+01,2.047873281272634927e+02,1.000000000000000000e+01,1.518899999999999976e-06,0.000000000000000000e+00
5.797448597757584565e+01,2.047869070765224251e+02,1.000000000000000000e+01,1.568391000000000058e-06,0.000000000000000000e+00
5.840515810097154059e+01,2.047864764043990249e+02,1.000000000000000000e+01,1.457926999999999950e-06,0.000000000000000000e+00
5.883569694938191219e+01,2.047860458655506193e+02,1.000000000000000000e+01,1.478154000000000095e-06,0.000000000000000000e+00
5.924326318700349958e+01,2.047856382993130069e+02,1.000000000000000000e+01,1.451727999999999935e-06,0.000000000000000000e+00
5.965786764661913821e+01,2.047852236948533857e+02,1.000000000000000000e+01,1.573775000000000022e-06,0.000000000000000000e+00
6.009066792356688325e+01,2.047847908945764175e+02,1.000000000000000000e+01,1.617387000000000029e-06,0.000000000000000000e+00
6.049057759129058098e+01,2.047843909849086970e+02,1.000000000000000000e+01,1.605411000000000002e-06,0.000000000000000000e+00
6.091358037595419717e+01,2.047839679821240395e+02,1.000000000000000000e+01,1.573339000000000057e-06,0.000000000000000000e+00
6.131230005305344122e+01,2.047835692624469459e+02,1.000000000000000000e+01,1.636698000000000089e-06,0.000000000000000000e+00
6.176001273205959308e+01,2.047831215497679409e+02,1.000000000000000000e+01,1.682972999999999912e-06,0.000000000000000000e+00
6.214525542937693814e+01,2.047827363070706213e+02,1.000000000000000000e+01,1.652471999999999923e-06,0.000000000000000000e+00
6.256489060574094907e+01,2.047823166718942502e+02,1.000000000000000000e+01,1.592271000000000031e-06,0.000000000000000000e+00
6.298408295744957286e+01,2.047818974795425504e+02,1.000000000000000000e+01,1.603956000000000072e-06,0.000000000000000000e+00
6.339232664865215838e+01,2.047814892358513532e+02,1.000000000000000000e+01,1.632680999999999954e-06,0.000000000000000000e+00
6.382311583821648071e+01,2.047810584466617740e+02,1.000000000000000000e+01,1.622538999999999942e-06,0.000000000000000000e+00
6.422921443244274542e+01,2.047806523480675480e+02,1.000000000000000000e+01,1.600696000000000082e-06,0.000000000000000000e+00
6.464223615977947190e+01,2.047802393263402223e+02,1.000000000000000000e+01,1.613138000000000055e-06,0.000000000000000000e+00
6.507670564393235679e+01,2.047798048568560603e+02,1.000000000000000000e+01,1.618841999999999958e-06,0.000000000000000000e+00
6.550060698124092085e+01,2.047793809555187465e+02,1.000000000000000000e+01,1.626874999999999988e-06,0.000000000000000000e+00
6.589935992747919613e+01,2.047789822025725073e+02,1.000000000000000000e+01,1.572421999999999944e-06,0.000000000000000000e+00
6.632335119274809188e+01,2.047785582113072564e+02,1.000000000000000000e+01,1.651657000000000084e-06,0.000000000000000000e+00
6.677020130381036722e+01,2.047781113611961814e+02,1.000000000000000000e+01,1.612862000000000060e-06,0.000000000000000000e+00
6.718982126540673505e+01,2.047776917412345767e+02,1.000000000000000000e+01,1.640422999999999998e-06,0.000000000000000000e+00
6.759488172981225773e+01,2.047772866807701746e+02,1.000000000000000000e+01,1.648034000000000025e-06,0.000000000000000000e+00
6.799440831593328483e+01,2.047768871541840667e+02,1.000000000000000000e+01,1.692823999999999939e-06,0.000000000000000000e+00
6.844243792557251993e+01,2.047764391245744378e+02,1.000000000000000000e+01,1.654931000000000037e-06,0.000000000000000000e+00
6.884140613731571534e+01,2.047760401563626829e+02,1.000000000000000000e+01,1.541164000000000022e-06,0.000000000000000000e+00
6.926535290708270054e+01,2.047756162095929255e+02,1.000000000000000000e+01,1.528722000000000049e-06,0.000000000000000000e+00
6.971055167832057009e+01,2.047751710108216798e+02,1.000000000000000000e+01,1.481821999999999913e-06,0.000000000000000000e+00
7.011335798773825445e+01,2.047747682045122701e+02,1.000000000000000000e+01,1.527136000000000103e-06,0.000000000000000000e+00
7.051369491642590503e+01,2.047743678675835781e+02,1.000000000000000000e+01,1.541979000000000073e-06,0.000000000000000000e+00
7.092622354070333301e+01,2.047739553389592970e+02,1.000000000000000000e+01,1.550244999999999969e-06,0.000000000000000000e+00
7.135057851705667531e+01,2.047735309839829370e+02,1.000000000000000000e+01,1.471664000000000094e-06,0.000000000000000000e+00
7.177860776271793952e+01,2.047731029547372827e+02,1.000000000000000000e+01,1.468739000000000034e-06,0.000000000000000000e+00
7.217582961168393751e+01,2.047727057328883120e+02,1.000000000000000000e+01,1.510940000000000055e-06,0.000000000000000000e+00
7.259106482423727869e+01,2.047722904976757548e+02,1.000000000000000000e+01,1.520428000000000014e-06,0.000000000000000000e+00
7.302823426358136771e+01,2.047718533282364035e+02,1.000000000000000000e+01,1.576510999999999948e-06,0.000000000000000000e+00
7.342985006130871284e+01,2.047714517124386759e+02,1.000000000000000000e+01,1.552383999999999933e-06,0.000000000000000000e+00
7.385374054427479962e+01,2.047710278219557267e+02,1.000000000000000000e+01,1.611043000000000035e-06,0.000000000000000000e+00
7.425247933051838345e+01,2.047706290831694673e+02,1.000000000000000000e+01,1.638312999999999988e-06,0.000000000000000000e+00
7.469580296593950663e+01,2.047701857595340584e+02,1.000000000000000000e+01,1.656081000000000018e-06,0.000000000000000000e+00
7.511130157563547982e+01,2.047697702609243606e+02,1.000000000000000000e+01,1.689462999999999913e-06,0.000000000000000000e+00
7.549929802290075997e+01,2.047693822644770876e+02,1.000000000000000000e+01,1.673207999999999930e-06,0.000000000000000000e+00
7.593022804207240029e+01,2.047689513344579382e+02,1.000000000000000000e+01,1.696113000000000095e-06,0.000000000000000000e+00
7.635157598568702042e+01,2.047685299865143236e+02,1.000000000000000000e+01,1.702923000000000035e-06,0.000000000000000000e+00
7.676864157328128613e+01,2.047681129209267112e+02,1.000000000000000000e+01,1.626205999999999944e-06,0.000000000000000000e+00
7.718800443268746392e+01,2.047676935580673216e+02,1.000000000000000000e+01,1.599516999999999936e-06,0.000000000000000000e+00
7.763105257963792383e+01,2.047672505099203590e+02,1.000000000000000000e+01,1.636493999999999963e-06,0.000000000000000000e+00
7.803798994656487764e+01,2.047668435725534266e+02,1.000000000000000000e+01,1.610096999999999968e-06,0.000000000000000000e+00
7.844067633559961905e+01,2.047664408861643892e+02,1.000000000000000000e+01,1.620675999999999973e-06,0.000000000000000000e+00
7.887665678698763827e+01,2.047660049057130038e+02,1.000000000000000000e+01,1.670806999999999934e-06,0.000000000000000000e+00
7.930727986848839350e+01,2.047655742826315191e+02,1.000000000000000000e+01,1.722423000000000017e-06,0.000000000000000000e+00
7.973558953831472706e+01,2.047651459729616761e+02,1.000000000000000000e+01,1.705236999999999959e-06,0.000000000000000000e+00
8.014606644071913877e+01,2.047647354960592736e+02,1.000000000000000000e+01,1.663691000000000018e-06,0.000000000000000000e+00
8.056584912086513839e+01,2.047643157133791192e+02,1.000000000000000000e+01,1.663778999999999906e-06,0.000000000000000000e+00
8.098472971048123270e+01,2.047638968327895270e+02,1.000000000000000000e+01,1.712585999999999954e-06,0.000000000000000000e+00
8.138177578396431500e+01,2.047634997867160394e+02,1.000000000000000000e+01,1.653155999999999957e-06,0.000000000000000000e+00
8.182312935461484926e+01,2.047630584331453747e+02,1.000000000000000000e+01,1.622377999999999944e-06,0.000000000000000000e+00
8.220836821617400858e+01,2.047626731942838205e+02,1.000000000000000000e+01,1.648935999999999936e-06,0.000000000000000000e+00
8.264205057392780418e+01,2.047622395119260830e+02,1.000000000000000000e+01,1.638560000000000029e-06,0.000000000000000000e+00
8.305169191507228277e+01,2.047618298705849327e+02,1.000000000000000000e+01,1.600420000000000086e-06,0.000000000000000000e+00
8.345485361046171136e+01,2.047614267088895303e+02,1.000000000000000000e+01,1.608234000000000000e-06,0.000000000000000000e+00
8.388538723549694964e+01,2.047609961752644949e+02,1.000000000000000000e+01,1.620951999999999969e-06,0.000000000000000000e+00
8.429344865945219567e+01,2.047605881138405550e+02,1.000000000000000000e+01,1.554071999999999941e-06,0.000000000000000000e+00
8.471881270653096863e+01,2.047601627497934658e+02,1.000000000000000000e+01,1.573294999999999901e-06,0.000000000000000000e+00
8.513422048167095113e+01,2.047597473420183292e+02,1.000000000000000000e+01,1.585095999999999968e-06,0.000000000000000000e+00
8.552216292755851157e+01,2.047593593995724461e+02,1.000000000000000000e+01,1.557301999999999951e-06,0.000000000000000000e+00
8.594907727099236183e+01,2.047589324852289963e+02,1.000000000000000000e+01,1.564011000000000068e-06,0.000000000000000000e+00
8.638565141744399511e+01,2.047584959110825480e+02,1.000000000000000000e+01,1.569147999999999990e-06,0.000000000000000000e+00
8.682145608848213669e+01,2.047580601064115058e+02,1.000000000000000000e+01,1.509615999999999930e-06,0.000000000000000000e+00
8.725266986221373600e+01,2.047576288926377970e+02,1.000000000000000000e+01,1.512292999999999922e-06,0.000000000000000000e+00
8.766046394205162073e+01,2.047572210985579488e+02,1.000000000000000000e+01,1.516470000000000026e-06,0.000000000000000000e+00
8.807540521634581410e+01,2.047568061572836484e+02,1.000000000000000000e+01,1.530701000000000043e-06,0.000000000000000000e+00
8.849934820277201197e+01,2.047563822142972185e+02,1.000000000000000000e+01,1.541192999999999975e-06,0.000000000000000000e+00
8.891534343670484475e+01,2.047559662190632821e+02,1.000000000000000000e+01,1.551482000000000022e-06,0.000000000000000000e+00
8.933820716965583131e+01,2.047555433553303317e+02,1.000000000000000000e+01,1.560139999999999940e-06,0.000000000000000000e+00
8.976906499345044210e+01,2.047551124975065591e+02,1.000000000000000000e+01,1.566193999999999975e-06,0.000000000000000000e+00
9.016971527404579945e+01,2.047547118472259626e+02,1.000000000000000000e+01,1.570427999999999959e-06,0.000000000000000000e+00
9.057622878002491973e+01,2.047543053337199694e+02,1.000000000000000000e+01,1.466425999999999925e-06,0.000000000000000000e+00
9.099313515057143320e+01,2.047538884273494375e+02,1.000000000000000000e+01,1.493389999999999901e-06,0.000000000000000000e+00
9.140126807581867752e+01,2.047534802944241790e+02,1.000000000000000000e+01,1.576903999999999997e-06,0.000000000000000000e+00
9.183192118841084550e+01,2.047530496413115770e+02,1.000000000000000000e+01,1.561610000000000072e-06,0.000000000000000000e+00
9.223887678274768120e+01,2.047526426857172623e+02,1.000000000000000000e+01,1.528241999999999928e-06,0.000000000000000000e+00
9.265299385119412534e+01,2.047522285686488033e+02,1.000000000000000000e+01,1.601424000000000060e-06,0.000000000000000000e+00
9.307861949677952396e+01,2.047518029430032129e+02,1.000000000000000000e+01,1.546038999999999912e-06,0.000000000000000000e+00
9.348519889501180558e+01,2.047513963636049823e+02,1.000000000000000000e+01,1.486551000000000008e-06,0.000000000000000000e+00
9.390892271628615617e+01,2.047509726397836971e+02,1.000000000000000000e+01,1.516892000000000028e-06,0.000000000000000000e+00
9.433982390394402273e+01,2.047505417385960413e+02,1.000000000000000000e+01,1.448613999999999951e-06,0.000000000000000000e+00
9.475604784073213693e+01,2.047501255146592598e+02,1.000000000000000000e+01,1.405744000000000097e-06,0.000000000000000000e+00
9.517268926763325965e+01,2.047497088732323505e+02,1.000000000000000000e+01,1.393534999999999991e-06,0.000000000000000000e+00
9.556043555513146259e+01,2.047493211269448636e+02,1.000000000000000000e+01,1.453590999999999903e-06,0.000000000000000000e+00
9.598027759311227669e+01,2.047489012849068786e+02,1.000000000000000000e+01,1.437671000000000063e-06,0.000000000000000000e+00
9.642737395987499838e+01,2.047484541885401086e+02,1.000000000000000000e+01,1.424720000000000015e-06,0.000000000000000000e+00
9.681912820663184505e+01,2.047480624342933595e+02,1.000000000000000000e+01,1.490261999999999954e-06,0.000000000000000000e+00
9.724970448283724522e+01,2.047476318580171721e+02,1.000000000000000000e+01,1.483000000000000031e-06,0.000000000000000000e+00
9.769269041567048362e+01,2.047471888720843367e+02,1.000000000000000000e+01,1.392065000000000071e-06,0.000000000000000000e+00
9.810832799427464579e+01,2.047467732345057243e+02,1.000000000000000000e+01,1.433668999999999919e-06,0.000000000000000000e+00
9.852359700169634493e+01,2.047463579654983050e+02,1.000000000000000000e+01,1.495514999999999902e-06,0.000000000000000000e+00
9.893316611510248038e+01,2.047459483963849038e+02,1.000000000000000000e+01,1.506763999999999979e-06,0.000000000000000000e+00
9.935799306647004414e+01,2.047455235694335158e+02,1.000000000000000000e+01,1.570341000000000099e-06,0.000000000000000000e+00
9.979278462519083348e+01,2.047450887778747983e+02,1.000000000000000000e+01,1.648906999999999983e-06,0.000000000000000000e+00
1.001971154161787041e+02,2.047446844470838130e+02,1.000000000000000000e+01,1.639767999999999917e-06,0.000000000000000000e+00
1.006158961513394985e+02,2.047442656663486673e+02,1.000000000000000000e+01,1.675508000000000103e-06,0.000000000000000000e+00
1.010362400596820578e+02,2.047438453224403077e+02,1.000000000000000000e+01,1.773310999999999910e-06,0.000000000000000000e+00
1.014384813557575171e+02,2.047434430811442496e+02,1.000000000000000000e+01,1.769017999999999992e-06,0.000000000000000000e+00
1.018749060382563414e+02,2.047430066564617448e+02,1.000000000000000000e+01,1.757435000000000014e-06,0.000000000000000000e+00
1.022613167035473225e+02,2.047426202457964450e+02,1.000000000000000000e+01,1.787601000000000073e-06,0.000000000000000000e+00
1.027057558104325636e+02,2.047421758066895734e+02,1.000000000000000000e+01,1.809327000000000092e-06,0.000000000000000000e+00
1.031089465691452460e+02,2.047417726159308415e+02,1.000000000000000000e+01,1.789943999999999951e-06,0.000000000000000000e+00
1.035084320080578948e+02,2.047413731304919509e+02,1.000000000000000000e+01,1.745749999999999972e-06,0.000000000000000000e+00
1.039378740684450406e+02,2.047409436884315426e+02,1.000000000000000000e+01,1.756794999999999923e-06,0.000000000000000000e+00
1.043459802387231150e+02,2.047405355822612876e+02,1.000000000000000000e+01,1.752065000000000012e-06,0.000000000000000000e+00
1.047796428754502784e+02,2.047401019196245500e+02,1.000000000000000000e+01,1.721054999999999948e-06,0.000000000000000000e+00
1.052031856324816772e+02,2.047396783768675164e+02,1.000000000000000000e+01,1.763925000000000014e-06,0.000000000000000000e+00
1.056156340201687129e+02,2.047392659284798242e+02,1.000000000000000000e+01,1.748092000000000034e-06,0.000000000000000000e+00
1.060260209802714826e+02,2.047388555415197118e+02,1.000000000000000000e+01,1.741573000000000080e-06,0.000000000000000000e+00
1.064498138806746397e+02,2.047384317486193197e+02,1.000000000000000000e+01,1.741674999999999931e-06,0.000000000000000000e+00
1.068850489136016648e+02,2.047379965135863813e+02,1.000000000000000000e+01,1.720415000000000070e-06,0.000000000000000000e+00
1.073158583505020403e+02,2.047375657041494890e+02,1.000000000000000000e+01,1.768989000000000039e-06,0.000000000000000000e+00
1.077214617757102957e+02,2.047371601007242816e+02,1.000000000000000000e+01,1.691688999999999949e-06,0.000000000000000000e+00
1.081340055886547447e+02,2.047367475569113537e+02,1.000000000000000000e+01,1.809166999999999911e-06,0.000000000000000000e+00
1.085632024528637629e+02,2.047363183600471359e+02,1.000000000000000000e+01,1.712716999999999970e-06,0.000000000000000000e+00
1.089683319449939205e+02,2.047359132305550133e+02,1.000000000000000000e+01,1.705295000000000077e-06,0.000000000000000000e+00
1.093920830390037793e+02,2.047354894794609947e+02,1.000000000000000000e+01,1.742504999999999972e-06,0.000000000000000000e+00
1.098258537086513940e+02,2.047350557087913501e+02,1.000000000000000000e+01,1.759049999999999913e-06,0.000000000000000000e+00
1.102389311828663949e+02,2.047346426313171435e+02,1.000000000000000000e+01,1.676612999999999900e-06,0.000000000000000000e+00
1.106543742049990868e+02,2.047342271882949944e+02,1.000000000000000000e+01,1.623426000000000074e-06,0.000000000000000000e+00
1.110624776828244222e+02,2.047338190848171848e+02,1.000000000000000000e+01,1.665728999999999947e-06,0.000000000000000000e+00
1.114647641664678730e+02,2.047334167983335362e+02,1.000000000000000000e+01,1.716748000000000067e-06,0.000000000000000000e+00
1.118833034326297593e+02,2.047329982590673580e+02,1.000000000000000000e+01,1.754175000000000023e-06,0.000000000000000000e+00
1.123036645183899935e+02,2.047325778979815993e+02,1.000000000000000000e+01,1.703679999999999967e-06,0.000000000000000000e+00
1.127308269180162625e+02,2.047321507355819676e+02,1.000000000000000000e+01,1.691893000000000074e-06,0.000000000000000000e+00
1.131312864325961982e+02,2.047317502760674017e+02,1.000000000000000000e+01,1.683584000000000049e-06,0.000000000000000000e+00
1.135331985567895572e+02,2.047313483639431979e+02,1.000000000000000000e+01,1.701293999999999961e-06,0.000000000000000000e+00
1.139785415950381662e+02,2.047309030209049467e+02,1.000000000000000000e+01,1.583175999999999909e-06,0.000000000000000000e+00
1.143771763069460405e+02,2.047305043861930471e+02,1.000000000000000000e+01,1.739900000000000062e-06,0.000000000000000000e+00
1.148013823948090391e+02,2.047300801801051762e+02,1.000000000000000000e+01,1.717416999999999900e-06,0.000000000000000000e+00
1.152256451847328407e+02,2.047296559173152559e+02,1.000000000000000000e+01,1.728476000000000025e-06,0.000000000000000000e+00
1.156358974623842357e+02,2.047292456650376096e+02,1.000000000000000000e+01,1.689768000000000073e-06,0.000000000000000000e+00
1.160538667555861991e+02,2.047288276957443998e+02,1.000000000000000000e+01,1.648164000000000014e-06,0.000000000000000000e+00
1.164747074685751613e+02,2.047284068550314089e+02,1.000000000000000000e+01,1.797393999999999981e-06,0.000000000000000000e+00
1.168824911362581531e+02,2.047279990713637403e+02,1.000000000000000000e+01,1.713895000000000088e-06,0.000000000000000000e+00
1.173132977935584620e+02,2.047275682647064343e+02,1.000000000000000000e+01,1.710519000000000072e-06,0.000000000000000000e+00
1.177429739452381625e+02,2.047271385885547659e+02,1.000000000000000000e+01,1.718100999999999934e-06,0.000000000000000000e+00
1.181675655278626067e+02,2.047267139969721370e+02,1.000000000000000000e+01,1.755718000000000052e-06,0.000000000000000000e+00
1.186017364255837947e+02,2.047262798260744034e+02,1.000000000000000000e+01,1.632113999999999973e-06,0.000000000000000000e+00
1.190154301156488401e+02,2.047258661323843398e+02,1.000000000000000000e+01,1.664709999999999982e-06,0.000000000000000000e+00
1.194219245025265224e+02,2.047254596379974600e+02,1.000000000000000000e+01,1.800916000000000004e-06,0.000000000000000000e+00
1.198524408090043636e+02,2.047250291216909943e+02,1.000000000000000000e+01,1.744206999999999943e-06,0.000000000000000000e+00
1.202802737720169972e+02,2.047246012887279676e+02,1.000000000000000000e+01,1.660081999999999923e-06,0.000000000000000000e+00
1.206777788584303011e+02,2.047242037836415705e+02,1.000000000000000000e+01,1.674271000000000050e-06,0.000000000000000000e+00
1.210933475963633441e+02,2.047237882149036352e+02,1.000000000000000000e+01,1.698718000000000005e-06,0.000000000000000000e+00
1.214857542028109663e+02,2.047233958082971981e+02,1.000000000000000000e+01,1.736013999999999944e-06,0.000000000000000000e+00
1.219154529541324194e+02,2.047229661095458653e+02,1.000000000000000000e+01,1.498498000000000082e-06,0.000000000000000000e+00
1.223384927931932395e+02,2.047225430697068020e+02,1.000000000000000000e+01,1.675157999999999971e-06,0.000000000000000000e+00
1.227549217688797540e+02,2.047221266407311191e+02,1.000000000000000000e+01,1.750420999999999948e-06,0.000000000000000000e+00
1.231791271791788773e+02,2.047217024353208217e+02,1.000000000000000000e+01,1.770021999999999966e-06,0.000000000000000000e+00
1.235587367048532741e+02,2.047213228257951414e+02,1.000000000000000000e+01,1.761581999999999925e-06,0.000000000000000000e+00
1.240021527404580155e+02,2.047208794097595330e+02,1.000000000000000000e+01,1.717518999999999962e-06,0.000000000000000000e+00
1.244172318403244333e+02,2.047204643306596665e+02,1.000000000000000000e+01,1.722189999999999938e-06,0.000000000000000000e+00
1.248245209393129755e+02,2.047200570415606933e+02,1.000000000000000000e+01,1.691543999999999970e-06,0.000000000000000000e+00
1.252709845854928972e+02,2.047196105779144943e+02,1.000000000000000000e+01,1.718581000000000055e-06,0.000000000000000000e+00
1.256910588041455838e+02,2.047191905036958417e+02,1.000000000000000000e+01,1.647407999999999898e-06,0.000000000000000000e+00
1.260789390359159370e+02,2.047188026234640859e+02,1.000000000000000000e+01,1.721128000000000058e-06,0.000000000000000000e+00
1.265198579649792379e+02,2.047183617045350275e+02,1.000000000000000000e+01,1.791559000000000062e-06,0.000000000000000000e+00
1.269437564128915170e+02,2.047179378060870931e+02,1.000000000000000000e+01,1.802108999999999901e-06,0.000000000000000000e+00
1.273688721367684451e+02,2.047175126903632361e+02,1.000000000000000000e+01,1.810869000000000093e-06,0.000000000000000000e+00
1.277876738931297638e+02,2.047170938886068541e+02,1.000000000000000000e+01,1.781022999999999973e-06,0.000000000000000000e+00
1.282111155397460607e+02,2.047166704469602507e+02,1.000000000000000000e+01,1.738939000000000005e-06,0.000000000000000000e+00
1.286137240524834056e+02,2.047162678384475214e+02,1.000000000000000000e+01,1.811552999999999916e-06,0.000000000000000000e+00
1.290136879987277325e+02,2.047158678745012708e+02,1.000000000000000000e+01,1.785229000000000031e-06,0.000000000000000000e+00
1.294420287629415895e+02,2.047154395337370545e+02,1.000000000000000000e+01,1.738444999999999921e-06,0.000000000000000000e+00
1.298849999833965398e+02,2.047149965625166033e+02,1.000000000000000000e+01,1.753157000000000086e-06,0.000000000000000000e+00
1.302839173590973019e+02,2.047145976451409126e+02,1.000000000000000000e+01,1.807406000000000005e-06,0.000000000000000000e+00
1.307077553320610832e+02,2.047141738071679242e+02,1.000000000000000000e+01,1.761174999999999913e-06,0.000000000000000000e+00
1.311195253276658264e+02,2.047137620371723301e+02,1.000000000000000000e+01,1.683059999999999984e-06,0.000000000000000000e+00
1.315338840660534743e+02,2.047133476784339337e+02,1.000000000000000000e+01,1.669555999999999919e-06,0.000000000000000000e+00
1.319582849801565771e+02,2.047129232775198489e+02,1.000000000000000000e+01,1.604741999999999958e-06,0.000000000000000000e+00
1.323527496327679671e+02,2.047125288128672196e+02,1.000000000000000000e+01,1.685067999999999932e-06,0.000000000000000000e+00
1.327928907542443540e+02,2.047120886717457608e+02,1.000000000000000000e+01,1.661639999999999942e-06,0.000000000000000000e+00
1.331945178971028838e+02,2.047116870446028827e+02,1.000000000000000000e+01,1.717330000000000039e-06,0.000000000000000000e+00
1.336097809034378940e+02,2.047112717815965652e+02,1.000000000000000000e+01,1.754378999999999936e-06,0.000000000000000000e+00
1.340227205232949359e+02,2.047108588419767159e+02,1.000000000000000000e+01,1.568142999999999988e-06,0.000000000000000000e+00
1.344286065724571699e+02,2.047104529559275363e+02,1.000000000000000000e+01,1.620544999999999957e-06,0.000000000000000000e+00
1.348703094179389268e+02,2.047100112530820581e+02,1.000000000000000000e+01,1.562947999999999948e-06,0.000000000000000000e+00
1.352675442736006630e+02,2.047096140182264037e+02,1.000000000000000000e+01,1.596345000000000045e-06,0.000000000000000000e+00
1.356868517062050898e+02,2.047091947107937813e+02,1.000000000000000000e+01,1.593246000000000051e-06,0.000000000000000000e+00
1.361300075822731230e+02,2.047087515549177112e+02,1.000000000000000000e+01,1.611159000000000061e-06,0.000000000000000000e+00
1.365176900770270265e+02,2.047083638724229786e+02,1.000000000000000000e+01,1.706371999999999949e-06,0.000000000000000000e+00
1.369454717206679675e+02,2.047079360907793273e+02,1.000000000000000000e+01,1.728928000000000008e-06,0.000000000000000000e+00
1.373764894953481814e+02,2.047075050730046542e+02,1.000000000000000000e+01,1.652005999999999977e-06,0.000000000000000000e+00
1.378073414839843167e+02,2.047070742210160006e+02,1.000000000000000000e+01,1.309148999999999966e-06,0.000000000000000000e+00
1.382354095941898606e+02,2.047066461529058188e+02,1.000000000000000000e+01,1.489853999999999915e-06,0.000000000000000000e+00
1.386232276118429922e+02,2.047062583348881617e+02,1.000000000000000000e+01,1.544395000000000059e-06,0.000000000000000000e+00
1.390666714982903613e+02,2.047058148910016939e+02,1.000000000000000000e+01,1.587148000000000072e-06,0.000000000000000000e+00
1.394852246330810601e+02,2.047053963378669152e+02,1.000000000000000000e+01,1.507912999999999932e-06,0.000000000000000000e+00
1.399159683421309524e+02,2.047049655941578692e+02,1.000000000000000000e+01,1.562947999999999948e-06,0.000000000000000000e+00
1.403239333833575415e+02,2.047045576291166356e+02,1.000000000000000000e+01,1.634659999999999948e-06,0.000000000000000000e+00
1.407544270455866240e+02,2.047041271354543994e+02,1.000000000000000000e+01,1.567473999999999945e-06,0.000000000000000000e+00
1.411535928799828241e+02,2.047037279696200187e+02,1.000000000000000000e+01,1.504479000000000008e-06,0.000000000000000000e+00
1.415579784742618017e+02,2.047033235840257248e+02,1.000000000000000000e+01,1.636974000000000084e-06,0.000000000000000000e+00
1.420009069221660809e+02,2.047028806555778431e+02,1.000000000000000000e+01,1.654159999999999931e-06,0.000000000000000000e+00
1.423863315415410682e+02,2.047024952309584478e+02,1.000000000000000000e+01,1.587555999999999899e-06,0.000000000000000000e+00
1.428236561068702315e+02,2.047020579063931223e+02,1.000000000000000000e+01,1.518711000000000052e-06,0.000000000000000000e+00
1.432250224315766616e+02,2.047016565400684271e+02,1.000000000000000000e+01,1.498555999999999989e-06,0.000000000000000000e+00
1.436464681974283621e+02,2.047012350943025751e+02,1.000000000000000000e+01,1.588414000000000078e-06,0.000000000000000000e+00
1.440641678185288015e+02,2.047008173946814793e+02,1.000000000000000000e+01,1.550258999999999932e-06,0.000000000000000000e+00
1.444698729110904196e+02,2.047004116895889183e+02,1.000000000000000000e+01,1.592562000000000017e-06,0.000000000000000000e+00
1.449034497946649367e+02,2.046999781127053382e+02,1.000000000000000000e+01,1.651030999999999956e-06,0.000000000000000000e+00
1.453273459198854880e+02,2.046995542165801112e+02,1.000000000000000000e+01,1.608844999999999925e-06,0.000000000000000000e+00
1.457408078689567503e+02,2.046991407546310313e+02,1.000000000000000000e+01,1.602006000000000032e-06,0.000000000000000000e+00
1.461559938768521079e+02,2.046987255686231322e+02,1.000000000000000000e+01,1.581371000000000059e-06,0.000000000000000000e+00
1.465715414475574505e+02,2.046983100210524356e+02,1.000000000000000000e+01,1.687426000000000012e-06,0.000000000000000000e+00
1.470120963275645352e+02,2.046978694661724205e+02,1.000000000000000000e+01,1.635999000000000064e-06,0.000000000000000000e+00
1.473973409888966160e+02,2.046974842215111039e+02,1.000000000000000000e+01,1.490058000000000041e-06,0.000000000000000000e+00
1.478361660627400340e+02,2.046970453964372609e+02,1.000000000000000000e+01,1.572887000000000074e-06,0.000000000000000000e+00
1.482818943584316287e+02,2.046965996681415731e+02,1.000000000000000000e+01,1.618041999999999898e-06,0.000000000000000000e+00
1.486671323257357074e+02,2.046962144301742512e+02,1.000000000000000000e+01,1.674037999999999972e-06,0.000000000000000000e+00
1.490917093582845325e+02,2.046957898531417186e+02,1.000000000000000000e+01,1.640219000000000084e-06,0.000000000000000000e+00
1.495069300301640851e+02,2.046953746324698216e+02,1.000000000000000000e+01,1.613472999999999985e-06,0.000000000000000000e+00
1.499210456836371463e+02,2.046949605168163657e+02,1.000000000000000000e+01,1.687323999999999949e-06,0.000000000000000000e+00
1.503445151891739329e+02,2.046945370473108312e+02,1.000000000000000000e+01,1.677647000000000067e-06,0.000000000000000000e+00
1.507527131135111631e+02,2.046941288493864874e+02,1.000000000000000000e+01,1.435736000000000013e-06,0.000000000000000000e+00
1.511688612172069099e+02,2.046937127012827773e+02,1.000000000000000000e+01,1.512409999999999975e-06,0.000000000000000000e+00
1.515919729928216668e+02,2.046932895895071738e+02,1.000000000000000000e+01,1.594817000000000006e-06,0.000000000000000000e+00
1.519776932355403289e+02,2.046929038692644554e+02,1.000000000000000000e+01,1.662192999999999960e-06,0.000000000000000000e+00
1.524247312750781305e+02,2.046924568312249164e+02,1.000000000000000000e+01,1.646185000000000020e-06,0.000000000000000000e+00
1.528626989065516000e+02,2.046920188635934323e+02,1.000000000000000000e+01,1.705265999999999912e-06,0.000000000000000000e+00
1.532481743885491312e+02,2.046916333881114554e+02,1.000000000000000000e+01,1.730194000000000015e-06,0.000000000000000000e+00
1.536907562379134617e+02,2.046911908062620853e+02,1.000000000000000000e+01,1.640204999999999909e-06,0.000000000000000000e+00
1.540954716461747580e+02,2.046907860908538339e+02,1.000000000000000000e+01,1.597029000000000079e-06,0.000000000000000000e+00
1.544949446023725272e+02,2.046903866178976159e+02,1.000000000000000000e+01,1.689477000000000088e-06,0.000000000000000000e+00
1.549258702334800830e+02,2.046899556922665226e+02,1.000000000000000000e+01,1.644555999999999946e-06,0.000000000000000000e+00
1.553341190011927608e+02,2.046895474434988103e+02,1.000000000000000000e+01,1.622989999999999897e-06,0.000000000000000000e+00
1.557661679524797762e+02,2.046891153945475139e+02,1.000000000000000000e+01,1.533219000000000092e-06,0.000000000000000000e+00
1.561897857525227380e+02,2.046886917767474756e+02,1.000000000000000000e+01,1.744134000000000045e-06,0.000000000000000000e+00
1.565705584282874270e+02,2.046883110040717213e+02,1.000000000000000000e+01,1.716965999999999944e-06,0.000000000000000000e+00
1.570138500927187408e+02,2.046878677124072681e+02,1.000000000000000000e+01,1.691049000000000070e-06,0.000000000000000000e+00
1.574422161585773097e+02,2.046874393463414208e+02,1.000000000000000000e+01,1.742940999999999937e-06,0.000000000000000000e+00
1.578730748220598059e+02,2.046870084876779288e+02,1.000000000000000000e+01,1.669831999999999914e-06,0.000000000000000000e+00
1.582809034217432043e+02,2.046866006590782661e+02,1.000000000000000000e+01,1.619177000000000100e-06,0.000000000000000000e+00
1.587029294885890636e+02,2.046861786330113944e+02,1.000000000000000000e+01,1.670836000000000099e-06,0.000000000000000000e+00
1.591315045954340519e+02,2.046857500579045563e+02,1.000000000000000000e+01,1.655716999999999923e-06,0.000000000000000000e+00
0.000000000000000000e+00,2.048448815625000066e+02,1.500000000000000000e+01,2.372470000000000004e-05,0.000000000000000000e+00
0.000000000000000000e+00,2.048448815625000066e+02,1.500000000000000000e+01,-7.538038000000000070e-07,0.000000000000000000e+00
0.000000000000000000e+00,2.048448815625000066e+02,1.500000000000000000e+01,1.796870000000000128e-07,0.000000000000000000e+00
5.884537537912380017e-02,2.048448227171246288e+02,1.500000000000000000e+01,7.609778999999999813e-07,0.000000000000000000e+00
2.159133181855772132e-01,2.048446656491818203e+02,1.500000000000000000e+01,1.200417000000000021e-06,0.000000000000000000e+00
4.080938334367827935e-01,2.048444734686665640e+02,1.500000000000000000e+01,1.539795999999999953e-06,0.000000000000000000e+00
6.441963283088070202e-01,2.048442373661716829e+02,1.500000000000000000e+01,1.800887000000000051e-06,0.000000000000000000e+00
9.090622029998509657e-01,2.048439725002969851e+02,1.500000000000000000e+01,1.475652000000000064e-06,0.000000000000000000e+00
1.198872478443266720e+00,2.048436826900215522e+02,1.500000000000000000e+01,1.196604000000000012e-06,0.000000000000000000e+00
1.552446283928528903e+00,2.048433291162160685e+02,1.500000000000000000e+01,1.169536999999999946e-06,0.000000000000000000e+00
1.955564660510507702e+00,2.048429259978394725e+02,1.500000000000000000e+01,1.202905000000000090e-06,0.000000000000000000e+00
2.349817309077029570e+00,2.048425317451909109e+02,1.500000000000000000e+01,1.238499000000000058e-06,0.000000000000000000e+00
2.794006030101930271e+00,2.048420875564698918e+02,1.500000000000000000e+01,1.381602000000000092e-06,0.000000000000000000e+00
3.179106046911866823e+00,2.048417024564530777e+02,1.500000000000000000e+01,1.679727999999999912e-06,0.000000000000000000e+00
3.606661726275611990e+00,2.048412749007737261e+02,1.500000000000000000e+01,1.671374999999999943e-06,0.000000000000000000e+00
4.018257568389321577e+00,2.048408633049316165e+02,1.500000000000000000e+01,1.678229000000000039e-06,0.000000000000000000e+00
4.418674579054345131e+00,2.048404628879209497e+02,1.500000000000000000e+01,1.753200000000000002e-06,0.000000000000000000e+00
4.856867965232478213e+00,2.048400246945347760e+02,1.500000000000000000e+01,1.598484000000000009e-06,0.000000000000000000e+00
5.287638132541042424e+00,2.048395939243674491e+02,1.500000000000000000e+01,1.523599999999999905e-06,0.000000000000000000e+00
5.711641673878124159e+00,2.048391699208261230e+02,1.500000000000000000e+01,1.417588999999999896e-06,0.000000000000000000e+00
6.114307198091602835e+00,2.048387672553019172e+02,1.500000000000000000e+01,1.454886000000000075e-06,0.000000000000000000e+00
6.514996144723936844e+00,2.048383665663552620e+02,1.500000000000000000e+01,1.712614999999999907e-06,0.000000000000000000e+00
6.943306216334851122e+00,2.048379382562836497e+02,1.500000000000000000e+01,1.716296999999999900e-06,0.000000000000000000e+00
7.386829279935113846e+00,2.048374947332200691e+02,1.500000000000000000e+01,1.685766999999999957e-06,0.000000000000000000e+00
7.810661242262457726e+00,2.048370709012577322e+02,1.500000000000000000e+01,1.743318999999999995e-06,0.000000000000000000e+00
8.213378440163952021e+00,2.048366681840598460e+02,1.500000000000000000e+01,1.774766000000000051e-06,0.000000000000000000e+00
8.633498408244275168e+00,2.048362480640917624e+02,1.500000000000000000e+01,1.732726000000000027e-06,0.000000000000000000e+00
9.060299108605818219e+00,2.048358212633913809e+02,1.500000000000000000e+01,1.711042999999999925e-06,0.000000000000000000e+00
9.471346723931384659e+00,2.048354102157760792e+02,1.500000000000000000e+01,1.639375000000000080e-06,0.000000000000000000e+00
9.879709330394330635e+00,2.048350018531696151e+02,1.500000000000000000e+01,1.655163999999999905e-06,0.000000000000000000e+00
1.032125602487909610e+01,2.048345603064751117e+02,1.500000000000000000e+01,1.647378999999999944e-06,0.000000000000000000e+00
1.070659650530242324e+01,2.048341749659946913e+02,1.500000000000000000e+01,1.653882999999999908e-06,0.000000000000000000e+00
1.114026599585442945e+01,2.048337412965041437e+02,1.500000000000000000e+01,1.580396000000000039e-06,0.000000000000000000e+00
1.155583343434236454e+01,2.048333257290656491e+02,1.500000000000000000e+01,1.653475999999999896e-06,0.000000000000000000e+00
1.195747462676977513e+01,2.048329240878732378e+02,1.500000000000000000e+01,1.659790999999999937e-06,0.000000000000000000e+00
1.237276725250125153e+01,2.048325087952474917e+02,1.500000000000000000e+01,1.675566000000000010e-06,0.000000000000000000e+00
1.281502552321138211e+01,2.048320665369767823e+02,1.500000000000000000e+01,1.697087999999999903e-06,0.000000000000000000e+00
1.320036848036085964e+01,2.048316811940196374e+02,1.500000000000000000e+01,1.721710000000000029e-06,0.000000000000000000e+00
1.363252198236806478e+01,2.048312490405176334e+02,1.500000000000000000e+01,1.732551000000000067e-06,0.000000000000000000e+00
1.404791092637828598e+01,2.048308336515736130e+02,1.500000000000000000e+01,1.672539000000000098e-06,0.000000000000000000e+00
1.447017571185426199e+01,2.048304113867881426e+02,1.500000000000000000e+01,1.687890999999999930e-06,0.000000000000000000e+00
1.487838699465203440e+01,2.048300031755053396e+02,1.500000000000000000e+01,1.641645000000000060e-06,0.000000000000000000e+00
1.530893741151569287e+01,2.048295726250884741e+02,1.500000000000000000e+01,1.685184999999999985e-06,0.000000000000000000e+00
1.573708429779474471e+01,2.048291444782022097e+02,1.500000000000000000e+01,1.690728999999999919e-06,0.000000000000000000e+00
1.612453445140085506e+01,2.048287570280485852e+02,1.500000000000000000e+01,1.658060000000000012e-06,0.000000000000000000e+00
1.653980964304609458e+01,2.048283417528569430e+02,1.500000000000000000e+01,1.704349000000000011e-06,0.000000000000000000e+00
1.696311943816793999e+01,2.048279184430618329e+02,1.500000000000000000e+01,1.756517999999999900e-06,0.000000000000000000e+00
1.738184883015267346e+01,2.048274997136698516e+02,1.500000000000000000e+01,1.739972999999999959e-06,0.000000000000000000e+00
1.780184075666015886e+01,2.048270797217433312e+02,1.500000000000000000e+01,1.672072999999999940e-06,0.000000000000000000e+00
1.822880843694966302e+01,2.048266527540630477e+02,1.500000000000000000e+01,1.669890000000000033e-06,0.000000000000000000e+00
1.865451565025049163e+01,2.048262270468497377e+02,1.500000000000000000e+01,1.660272000000000085e-06,0.000000000000000000e+00
1.908703342951201876e+01,2.048257945290704924e+02,1.500000000000000000e+01,1.589796999999999926e-06,0.000000000000000000e+00
1.950242535504015962e+01,2.048253791371449495e+02,1.500000000000000000e+01,1.548701999999999940e-06,0.000000000000000000e+00
1.993256948778626025e+01,2.048249489930122138e+02,1.500000000000000000e+01,1.602850000000000036e-06,0.000000000000000000e+00
2.034046204513456857e+01,2.048245411004548657e+02,1.500000000000000000e+01,1.629523000000000026e-06,0.000000000000000000e+00
2.077104657238403007e+01,2.048241105159276003e+02,1.500000000000000000e+01,1.611813999999999930e-06,0.000000000000000000e+00
2.119108228542953043e+01,2.048236904802145659e+02,1.500000000000000000e+01,1.626350999999999923e-06,0.000000000000000000e+00
2.157899377591178691e+01,2.048233025687240740e+02,1.500000000000000000e+01,1.659208999999999965e-06,0.000000000000000000e+00
2.199547179277379882e+01,2.048228860907072146e+02,1.500000000000000000e+01,1.641993999999999953e-06,0.000000000000000000e+00
2.240348101233978895e+01,2.048224780814876453e+02,1.500000000000000000e+01,1.650608999999999954e-06,0.000000000000000000e+00
2.283441818123495892e+01,2.048220471443187591e+02,1.500000000000000000e+01,1.667547999999999971e-06,0.000000000000000000e+00
2.326415381571676022e+01,2.048216174086842898e+02,1.500000000000000000e+01,1.678243000000000002e-06,0.000000000000000000e+00
2.365644637951599449e+01,2.048212251161204733e+02,1.500000000000000000e+01,1.659442000000000044e-06,0.000000000000000000e+00
2.407157704349670269e+01,2.048208099854564921e+02,1.500000000000000000e+01,1.677952000000000016e-06,0.000000000000000000e+00
2.446950977715047060e+01,2.048204120527228440e+02,1.500000000000000000e+01,1.691121999999999968e-06,0.000000000000000000e+00
2.489741336687558260e+01,2.048199841491331199e+02,1.500000000000000000e+01,1.709675000000000068e-06,0.000000000000000000e+00
2.533604596030534140e+01,2.048195455165397050e+02,1.500000000000000000e+01,1.664666000000000038e-06,0.000000000000000000e+00
2.575955979178892719e+01,2.048191220027082124e+02,1.500000000000000000e+01,1.706808999999999941e-06,0.000000000000000000e+00
2.620397589757997991e+01,2.048186775866024050e+02,1.500000000000000000e+01,1.762353000000000031e-06,0.000000000000000000e+00
2.658255118948448370e+01,2.048182990113105006e+02,1.500000000000000000e+01,1.700128999999999990e-06,0.000000000000000000e+00
2.700737590627402085e+01,2.048178741865937127e+02,1.500000000000000000e+01,1.651496999999999902e-06,0.000000000000000000e+00
2.743652836954305840e+01,2.048174450341304578e+02,1.500000000000000000e+01,1.603213999999999919e-06,0.000000000000000000e+00
2.786724933833575690e+01,2.048170143131616499e+02,1.500000000000000000e+01,1.738357000000000033e-06,0.000000000000000000e+00
2.829409777325408371e+01,2.048165874647267515e+02,1.500000000000000000e+01,1.685882999999999983e-06,0.000000000000000000e+00
2.869690000265062224e+01,2.048161846624973350e+02,1.500000000000000000e+01,1.614039999999999966e-06,0.000000000000000000e+00
2.911261433604580162e+01,2.048157689481639636e+02,1.500000000000000000e+01,1.687644000000000100e-06,0.000000000000000000e+00
2.952830012553011230e+01,2.048153532623744582e+02,1.500000000000000000e+01,1.664563999999999976e-06,0.000000000000000000e+00
2.993671437329781426e+01,2.048149448481266859e+02,1.500000000000000000e+01,1.694163000000000054e-06,0.000000000000000000e+00
3.036177536360876061e+01,2.048145197871363905e+02,1.500000000000000000e+01,1.657419000000000106e-06,0.000000000000000000e+00
3.079664930709224890e+01,2.048140849131929144e+02,1.500000000000000000e+01,1.606399999999999985e-06,0.000000000000000000e+00
3.120057914434420709e+01,2.048136809833556526e+02,1.500000000000000000e+01,1.617837999999999984e-06,0.000000000000000000e+00
3.160525387674609732e+01,2.048132763086232444e+02,1.500000000000000000e+01,1.642518000000000018e-06,0.000000000000000000e+00
3.201832146075671659e+01,2.048128632410392527e+02,1.500000000000000000e+01,1.654974999999999981e-06,0.000000000000000000e+00
3.242490041464260742e+01,2.048124566620853670e+02,1.500000000000000000e+01,1.662236000000000089e-06,0.000000000000000000e+00
3.286625702521529746e+01,2.048120153054747732e+02,1.500000000000000000e+01,1.604013999999999979e-06,0.000000000000000000e+00
3.328331226972546375e+01,2.048115982502302757e+02,1.500000000000000000e+01,1.529450000000000027e-06,0.000000000000000000e+00
3.368207453547857000e+01,2.048111994879645295e+02,1.500000000000000000e+01,1.596767000000000047e-06,0.000000000000000000e+00
3.411262916615377350e+01,2.048107689333338328e+02,1.500000000000000000e+01,1.586464000000000037e-06,0.000000000000000000e+00
3.453297517137280437e+01,2.048103485873286331e+02,1.500000000000000000e+01,1.611828000000000105e-06,0.000000000000000000e+00
3.493524534879171739e+01,2.048099463171512014e+02,1.500000000000000000e+01,1.634035000000000060e-06,0.000000000000000000e+00
3.535925741434671465e+01,2.048095223050856362e+02,1.500000000000000000e+01,1.633729000000000084e-06,0.000000000000000000e+00
3.579850063813291428e+01,2.048090830618618554e+02,1.500000000000000000e+01,1.523395999999999992e-06,0.000000000000000000e+00
3.620263155914862097e+01,2.048086789309408573e+02,1.500000000000000000e+01,1.591296000000000011e-06,0.000000000000000000e+00
3.661848834732824542e+01,2.048082630741526771e+02,1.500000000000000000e+01,1.603374000000000101e-06,0.000000000000000000e+00
3.703085423678999888e+01,2.048078507082632029e+02,1.500000000000000000e+01,1.689230000000000046e-06,0.000000000000000000e+00
3.743606518878358713e+01,2.048074454973112211e+02,1.500000000000000000e+01,1.592402000000000047e-06,0.000000000000000000e+00
3.787861206984732831e+01,2.048070029504301601e+02,1.500000000000000000e+01,1.555482999999999927e-06,0.000000000000000000e+00
3.830217819018082537e+01,2.048065793843098277e+02,1.500000000000000000e+01,1.644293999999999914e-06,0.000000000000000000e+00
3.875075119845590166e+01,2.048061308113015286e+02,1.500000000000000000e+01,1.565437000000000044e-06,0.000000000000000000e+00
3.916640570822730893e+01,2.048057151567917629e+02,1.500000000000000000e+01,1.473280000000000021e-06,0.000000000000000000e+00
3.957340556062884218e+01,2.048053081569393612e+02,1.500000000000000000e+01,1.397479000000000016e-06,0.000000000000000000e+00
3.997472538630695738e+01,2.048049068371136912e+02,1.500000000000000000e+01,1.443492000000000019e-06,0.000000000000000000e+00
4.042114144745819004e+01,2.048044604210525392e+02,1.500000000000000000e+01,1.357243000000000026e-06,0.000000000000000000e+00
4.081369374149895890e+01,2.048040678687584943e+02,1.500000000000000000e+01,1.543026999999999990e-06,0.000000000000000000e+00
4.124322415119145546e+01,2.048036383383488044e+02,1.500000000000000000e+01,1.436230000000000096e-06,0.000000000000000000e+00
4.165247209386046734e+01,2.048032290904061483e+02,1.500000000000000000e+01,1.505978000000000093e-06,0.000000000000000000e+00
4.207365224184272279e+01,2.048028079102581671e+02,1.500000000000000000e+01,1.415669000000000049e-06,0.000000000000000000e+00
4.247112870119079275e+01,2.048024104337987978e+02,1.500000000000000000e+01,1.435415000000000046e-06,0.000000000000000000e+00
4.288934731878145357e+01,2.048019922151812295e+02,1.500000000000000000e+01,1.405322000000000095e-06,0.000000000000000000e+00
4.332363799439397667e+01,2.048015579245056017e+02,1.500000000000000000e+01,1.444524999999999947e-06,0.000000000000000000e+00
4.373586406658185410e+01,2.048011456984334018e+02,1.500000000000000000e+01,1.543753999999999941e-06,0.000000000000000000e+00
4.415130008747050994e+01,2.048007302624125145e+02,1.500000000000000000e+01,1.390333999999999935e-06,0.000000000000000000e+00
4.453902018310493816e+01,2.048003425423168835e+02,1.500000000000000000e+01,1.006380999999999911e-06,0.000000000000000000e+00
4.496255084871616958e+01,2.047999190116512693e+02,1.500000000000000000e+01,1.279622999999999996e-06,0.000000000000000000e+00
4.540737331863832793e+01,2.047994741891813533e+02,1.500000000000000000e+01,1.335342000000000047e-06,0.000000000000000000e+00
4.583114120470430919e+01,2.047990504212953056e+02,1.500000000000000000e+01,1.352528000000000106e-06,0.000000000000000000e+00
4.623157585270325853e+01,2.047986499866472911e+02,1.500000000000000000e+01,1.383551999999999921e-06,0.000000000000000000e+00
4.667057859718504176e+01,2.047982109839028055e+02,1.500000000000000000e+01,1.500593000000000102e-06,0.000000000000000000e+00
4.708568809393803178e+01,2.047977958744060629e+02,1.500000000000000000e+01,1.485167999999999949e-06,0.000000000000000000e+00
4.750080597852951314e+01,2.047973807565214770e+02,1.500000000000000000e+01,1.501000999999999929e-06,0.000000000000000000e+00
4.790850047362942377e+01,2.047969730620263533e+02,1.500000000000000000e+01,1.456705000000000099e-06,0.000000000000000000e+00
4.834794150203964591e+01,2.047965336209979625e+02,1.500000000000000000e+01,1.533524000000000041e-06,0.000000000000000000e+00
4.874692239288657447e+01,2.047961346401071125e+02,1.500000000000000000e+01,1.490320000000000073e-06,0.000000000000000000e+00
4.917022653441159719e+01,2.047957113359655921e+02,1.500000000000000000e+01,1.458377999999999905e-06,0.000000000000000000e+00
4.960457749070957334e+01,2.047952769850092807e+02,1.500000000000000000e+01,1.496825000000000064e-06,0.000000000000000000e+00
4.999430163894796664e+01,2.047948872608610600e+02,1.500000000000000000e+01,1.547916000000000055e-06,0.000000000000000000e+00
5.042439086239725299e+01,2.047944571716375890e+02,1.500000000000000000e+01,1.445733000000000046e-06,0.000000000000000000e+00
5.084647435696393813e+01,2.047940350881430334e+02,1.500000000000000000e+01,1.495573000000000021e-06,0.000000000000000000e+00
5.126358257977489075e+01,2.047936179799202137e+02,1.500000000000000000e+01,1.469874000000000024e-06,0.000000000000000000e+00
5.168217154664969826e+01,2.047931993909533332e+02,1.500000000000000000e+01,1.398947999999999908e-06,0.000000000000000000e+00
5.206952189869323888e+01,2.047928120406012908e+02,1.500000000000000000e+01,1.388718000000000008e-06,0.000000000000000000e+00
5.248768077798261089e+01,2.047923938817220062e+02,1.500000000000000000e+01,1.405759000000000088e-06,0.000000000000000000e+00
5.290421568828276833e+01,2.047919773468117057e+02,1.500000000000000000e+01,1.410211999999999975e-06,0.000000000000000000e+00
5.333390217786259058e+01,2.047915476603221236e+02,1.500000000000000000e+01,1.427324999999999925e-06,0.000000000000000000e+00
5.377953775194639263e+01,2.047911020247480565e+02,1.500000000000000000e+01,1.385284000000000085e-06,0.000000000000000000e+00
5.416480318952095274e+01,2.047907167593104703e+02,1.500000000000000000e+01,1.414970000000000024e-06,0.000000000000000000e+00
5.458924747452685011e+01,2.047902923150254821e+02,1.500000000000000000e+01,1.456966999999999920e-06,0.000000000000000000e+00
5.500431936410696920e+01,2.047898772431358907e+02,1.500000000000000000e+01,1.512482000000000057e-06,0.000000000000000000e+00
5.541196536982499055e+01,2.047894695971301644e+02,1.500000000000000000e+01,1.479028000000000080e-06,0.000000000000000000e+00
5.584250441656003972e+01,2.047890390580834321e+02,1.500000000000000000e+01,1.453081000000000013e-06,0.000000000000000000e+00
5.627138915420552223e+01,2.047886101733458020e+02,1.500000000000000000e+01,1.450301999999999959e-06,0.000000000000000000e+00
5.666625151072120303e+01,2.047882153109892727e+02,1.500000000000000000e+01,1.458960000000000089e-06,0.000000000000000000e+00
5.709825591145038715e+01,2.047877833065885511e+02,1.500000000000000000e+01,1.445906999999999978e-06,0.000000000000000000e+00
5.751993232824428048e+01,2.047873616301717448e+02,1.500000000000000000e+01,1.461842000000000021e-06,0.000000000000000000e+00
5.792103761063002310e+01,2.047869605248893663e+02,1.500000000000000000e+01,1.464606999999999901e-06,0.000000000000000000e+00
5.835921001721931844e+01,2.047865223524827911e+02,1.500000000000000000e+01,1.514708999999999909e-06,0.000000000000000000e+00
5.879024480069399772e+01,2.047860913176993165e+02,1.500000000000000000e+01,1.494786999999999924e-06,0.000000000000000000e+00
5.921482483865666779e+01,2.047856667376613302e+02,1.500000000000000000e+01,1.504144000000000078e-06,0.000000000000000000e+00
5.962912270338964049e+01,2.047852524397966079e+02,1.500000000000000000e+01,1.527703999999999900e-06,0.000000000000000000e+00
6.001774572650886341e+01,2.047848638167734805e+02,1.500000000000000000e+01,1.491149000000000087e-06,0.000000000000000000e+00
6.046458950795582155e+01,2.047844169729920338e+02,1.500000000000000000e+01,1.499473000000000102e-06,0.000000000000000000e+00
6.089832501988679780e+01,2.047839832374801006e+02,1.500000000000000000e+01,1.451320999999999924e-06,0.000000000000000000e+00
6.128702970687024276e+01,2.047835945327931313e+02,1.500000000000000000e+01,1.393258999999999996e-06,0.000000000000000000e+00
6.173404776080790413e+01,2.047831475147391984e+02,1.500000000000000000e+01,1.385108999999999913e-06,0.000000000000000000e+00
6.212192799257825726e+01,2.047827596345074141e+02,1.500000000000000000e+01,1.512206000000000061e-06,0.000000000000000000e+00
6.253747556328359281e+01,2.047823440869367175e+02,1.500000000000000000e+01,1.492706000000000079e-06,0.000000000000000000e+00
6.294400022869866262e+01,2.047819375622713096e+02,1.500000000000000000e+01,1.496112000000000076e-06,0.000000000000000000e+00
6.336952937153267840e+01,2.047815120331284504e+02,1.500000000000000000e+01,1.492065999999999988e-06,0.000000000000000000e+00
6.379600446596693075e+01,2.047810855580340217e+02,1.500000000000000000e+01,1.520456999999999968e-06,0.000000000000000000e+00
6.419918672526307546e+01,2.047806823757747452e+02,1.500000000000000000e+01,1.453255999999999974e-06,0.000000000000000000e+00
6.461484547109498067e+01,2.047802667170288942e+02,1.500000000000000000e+01,1.496154999999999993e-06,0.000000000000000000e+00
6.504725460091086120e+01,2.047798343078990797e+02,1.500000000000000000e+01,1.452979999999999978e-06,0.000000000000000000e+00
6.545077731434433588e+01,2.047794307851856388e+02,1.500000000000000000e+01,1.494263000000000071e-06,0.000000000000000000e+00
6.587506155419846721e+01,2.047790065009457976e+02,1.500000000000000000e+01,1.474763999999999904e-06,0.000000000000000000e+00
6.631718900253736138e+01,2.047785643734974599e+02,1.500000000000000000e+01,1.472668000000000068e-06,0.000000000000000000e+00
6.672317563949521002e+01,2.047781583868604969e+02,1.500000000000000000e+01,1.535474000000000082e-06,0.000000000000000000e+00
6.713581940148964122e+01,2.047777457430985066e+02,1.500000000000000000e+01,1.588996000000000050e-06,0.000000000000000000e+00
6.755120683605905185e+01,2.047773303556639348e+02,1.500000000000000000e+01,1.516615000000000005e-06,0.000000000000000000e+00
6.799475445540208796e+01,2.047768868080445941e+02,1.500000000000000000e+01,1.526131999999999918e-06,0.000000000000000000e+00
6.839364339007633475e+01,2.047764879191099112e+02,1.500000000000000000e+01,1.523527000000000008e-06,0.000000000000000000e+00
6.881765888232065720e+01,2.047760639036176826e+02,1.500000000000000000e+01,1.533786000000000073e-06,0.000000000000000000e+00
6.926495700021688151e+01,2.047756166054997777e+02,1.500000000000000000e+01,1.505978000000000093e-06,0.000000000000000000e+00
6.966555081905579527e+01,2.047752160116809534e+02,1.500000000000000000e+01,1.485459999999999962e-06,0.000000000000000000e+00
7.007126357165955710e+01,2.047748102989283439e+02,1.500000000000000000e+01,1.435314000000000011e-06,0.000000000000000000e+00
7.046904537765144028e+01,2.047744125171223573e+02,1.500000000000000000e+01,1.454478000000000036e-06,0.000000000000000000e+00
7.089672482626704664e+01,2.047739848376737370e+02,1.500000000000000000e+01,1.499677000000000016e-06,0.000000000000000000e+00
7.132080283619593786e+01,2.047735607596638090e+02,1.500000000000000000e+01,1.465726999999999900e-06,0.000000000000000000e+00
7.173225825160366753e+01,2.047731493042483919e+02,1.500000000000000000e+01,1.489096999999999983e-06,0.000000000000000000e+00
7.214730600450604925e+01,2.047727342564954824e+02,1.500000000000000000e+01,1.490727000000000085e-06,0.000000000000000000e+00
7.253512402215919508e+01,2.047723464384778254e+02,1.500000000000000000e+01,1.521300999999999972e-06,0.000000000000000000e+00
7.298063016197905029e+01,2.047719009323380135e+02,1.500000000000000000e+01,1.564927999999999969e-06,0.000000000000000000e+00
7.341357041578832821e+01,2.047714679920842116e+02,1.500000000000000000e+01,1.439053000000000095e-06,0.000000000000000000e+00
7.380399548664121312e+01,2.047710775670133501e+02,1.500000000000000000e+01,1.607593999999999909e-06,0.000000000000000000e+00
7.425273584558998152e+01,2.047706288266544163e+02,1.500000000000000000e+01,1.588180999999999999e-06,0.000000000000000000e+00
7.465180174069038799e+01,2.047702297607592925e+02,1.500000000000000000e+01,1.597086999999999986e-06,0.000000000000000000e+00
7.505627134179763971e+01,2.047698252911582131e+02,1.500000000000000000e+01,1.593275000000000005e-06,0.000000000000000000e+00
7.547685189668409578e+01,2.047694047106033111e+02,1.500000000000000000e+01,1.678970999999999980e-06,0.000000000000000000e+00
7.589429561592747575e+01,2.047689872668840678e+02,1.500000000000000000e+01,1.679843999999999938e-06,0.000000000000000000e+00
7.631563428943202609e+01,2.047685659282105632e+02,1.500000000000000000e+01,1.715933000000000017e-06,0.000000000000000000e+00
7.674562867548439726e+01,2.047681359338245102e+02,1.500000000000000000e+01,1.714623000000000067e-06,0.000000000000000000e+00
7.715420659816528826e+01,2.047677273559018261e+02,1.500000000000000000e+01,1.669133999999999917e-06,0.000000000000000000e+00
7.756872606579355534e+01,2.047673128364342006e+02,1.500000000000000000e+01,1.717562999999999906e-06,0.000000000000000000e+00
7.799229383716213704e+01,2.047668892686628226e+02,1.500000000000000000e+01,1.740584000000000096e-06,0.000000000000000000e+00
7.842380092073474884e+01,2.047664577615792609e+02,1.500000000000000000e+01,1.684238999999999918e-06,0.000000000000000000e+00
7.885477203235670629e+01,2.047660267904676346e+02,1.500000000000000000e+01,1.721200999999999955e-06,0.000000000000000000e+00
7.928272344956462803e+01,2.047655988390504262e+02,1.500000000000000000e+01,1.685577000000000006e-06,0.000000000000000000e+00
7.968106804622561867e+01,2.047652004944537794e+02,1.500000000000000000e+01,1.713443999999999921e-06,0.000000000000000000e+00
8.012428112874069086e+01,2.047647572813712600e+02,1.500000000000000000e+01,1.614579000000000021e-06,0.000000000000000000e+00
8.053256422042463214e+01,2.047643489982795586e+02,1.500000000000000000e+01,1.666063000000000061e-06,0.000000000000000000e+00
8.093508388129771447e+01,2.047639464786186920e+02,1.500000000000000000e+01,1.689025999999999920e-06,0.000000000000000000e+00
8.137172777584524397e+01,2.047635098347241467e+02,1.500000000000000000e+01,1.515639999999999985e-06,0.000000000000000000e+00
8.178015846561558533e+01,2.047631014040343871e+02,1.500000000000000000e+01,1.560460000000000091e-06,0.000000000000000000e+00
8.220220817896522192e+01,2.047626793543210226e+02,1.500000000000000000e+01,1.555978000000000038e-06,0.000000000000000000e+00
8.258989258748377438e+01,2.047622916699125142e+02,1.500000000000000000e+01,1.550142999999999907e-06,0.000000000000000000e+00
8.300493987011954289e+01,2.047618766226298703e+02,1.500000000000000000e+01,1.551423000000000088e-06,0.000000000000000000e+00
8.343463022372587545e+01,2.047614469322762716e+02,1.500000000000000000e+01,1.579726999999999995e-06,0.000000000000000000e+00
8.384280134492854586e+01,2.047610387611550777e+02,1.500000000000000000e+01,1.558844999999999980e-06,0.000000000000000000e+00
8.427592462988143041e+01,2.047606056378701282e+02,1.500000000000000000e+01,1.470077999999999937e-06,0.000000000000000000e+00
8.468158373767647618e+01,2.047601999787623299e+02,1.500000000000000000e+01,1.307810000000000062e-06,0.000000000000000000e+00
8.509835740190838749e+01,2.047597832050981026e+02,1.500000000000000000e+01,1.408362999999999970e-06,0.000000000000000000e+00
8.552455190521376949e+01,2.047593570105947833e+02,1.500000000000000000e+01,1.479390999999999936e-06,0.000000000000000000e+00
8.595094959392756095e+01,2.047589306129060560e+02,1.500000000000000000e+01,1.478576000000000097e-06,0.000000000000000000e+00
8.635871410062456732e+01,2.047585228483993660e+02,1.500000000000000000e+01,1.478241999999999983e-06,0.000000000000000000e+00
8.678938652486391447e+01,2.047580921759751220e+02,1.500000000000000000e+01,1.508000000000000004e-06,0.000000000000000000e+00
8.721329777570440456e+01,2.047576682647242876e+02,1.500000000000000000e+01,1.565319999999999990e-06,0.000000000000000000e+00
8.762802969951422938e+01,2.047572535328004903e+02,1.500000000000000000e+01,1.557535000000000030e-06,0.000000000000000000e+00
8.803982844781603490e+01,2.047568417340521876e+02,1.500000000000000000e+01,1.609631000000000022e-06,0.000000000000000000e+00
8.846367137689352944e+01,2.047564178911231068e+02,1.500000000000000000e+01,1.554755999999999976e-06,0.000000000000000000e+00
8.889787694146733088e+01,2.047559836855585331e+02,1.500000000000000000e+01,1.548920000000000029e-06,0.000000000000000000e+00
8.930568280089349287e+01,2.047555758796991086e+02,1.500000000000000000e+01,1.569132999999999999e-06,0.000000000000000000e+00
8.973346568643147236e+01,2.047551480968135706e+02,1.500000000000000000e+01,1.503910999999999999e-06,0.000000000000000000e+00
9.013414255416400067e+01,2.047547474199458293e+02,1.500000000000000000e+01,1.553387999999999907e-06,0.000000000000000000e+00
9.053653313810103498e+01,2.047543450293619003e+02,1.500000000000000000e+01,1.581109000000000027e-06,0.000000000000000000e+00
9.096042971790423337e+01,2.047539211327820965e+02,1.500000000000000000e+01,1.515713000000000094e-06,0.000000000000000000e+00
9.136826002411623904e+01,2.047535133024758807e+02,1.500000000000000000e+01,1.613589000000000010e-06,0.000000000000000000e+00
9.180383232309930008e+01,2.047530777301768978e+02,1.500000000000000000e+01,1.449064999999999906e-06,0.000000000000000000e+00
9.220674965053892436e+01,2.047526748128494489e+02,1.500000000000000000e+01,1.322784000000000048e-06,0.000000000000000000e+00
9.261265798393723969e+01,2.047522689045160575e+02,1.500000000000000000e+01,1.489374000000000006e-06,0.000000000000000000e+00
9.304580393303261587e+01,2.047518357585669548e+02,1.500000000000000000e+01,1.524880999999999902e-06,0.000000000000000000e+00
9.344927192576159314e+01,2.047514322905742290e+02,1.500000000000000000e+01,1.332475000000000105e-06,0.000000000000000000e+00
9.387326788148290291e+01,2.047510082946185150e+02,1.500000000000000000e+01,1.278530999999999923e-06,0.000000000000000000e+00
9.431007427437728552e+01,2.047505714882256314e+02,1.500000000000000000e+01,1.402383000000000071e-06,0.000000000000000000e+00
9.471772387998304055e+01,2.047501638386200113e+02,1.500000000000000000e+01,1.443739000000000061e-06,0.000000000000000000e+00
9.513304824491744682e+01,2.047497485142550886e+02,1.500000000000000000e+01,1.250664000000000008e-06,0.000000000000000000e+00
9.552084509534286383e+01,2.047493607174046417e+02,1.500000000000000000e+01,1.330947000000000066e-06,0.000000000000000000e+00
9.594809432820804318e+01,2.047489334681717992e+02,1.500000000000000000e+01,1.382416999999999931e-06,0.000000000000000000e+00
9.639184980000000280e+01,2.047484897127000067e+02,1.500000000000000000e+01,1.384891000000000036e-06,0.000000000000000000e+00
9.679056448102292620e+01,2.047480909980189665e+02,1.500000000000000000e+01,1.536508000000000036e-06,0.000000000000000000e+00
9.721430406865479767e+01,2.047476672584313349e+02,1.500000000000000000e+01,1.530672000000000089e-06,0.000000000000000000e+00
9.765369272374489640e+01,2.047472278697762533e+02,1.500000000000000000e+01,1.480671999999999933e-06,0.000000000000000000e+00
9.806915946584673804e+01,2.047468124030341414e+02,1.500000000000000000e+01,1.441236000000000002e-06,0.000000000000000000e+00
9.851003347921320596e+01,2.047463715290207915e+02,1.500000000000000000e+01,1.577428000000000061e-06,0.000000000000000000e+00
9.889523069601611382e+01,2.047459863318039766e+02,1.500000000000000000e+01,1.598993999999999899e-06,0.000000000000000000e+00
9.933349101991936436e+01,2.047455480714800728e+02,1.500000000000000000e+01,1.577601999999999994e-06,0.000000000000000000e+00
9.977925853596754280e+01,2.047451023039640177e+02,1.500000000000000000e+01,1.581428999999999966e-06,0.000000000000000000e+00
1.001644330125132853e+02,2.047447171294874977e+02,1.500000000000000000e+01,1.563458000000000049e-06,0.000000000000000000e+00
1.005886090161153561e+02,2.047442929534838925e+02,1.500000000000000000e+01,1.586028000000000072e-06,0.000000000000000000e+00
1.010034619104463189e+02,2.047438781005895407e+02,1.500000000000000000e+01,1.658031000000000059e-06,0.000000000000000000e+00
1.014113677902452793e+02,2.047434701947097437e+02,1.500000000000000000e+01,1.719381999999999931e-06,0.000000000000000000e+00
1.018422197788814003e+02,2.047430393427211186e+02,1.500000000000000000e+01,1.667969999999999973e-06,0.000000000000000000e+00
1.022502184037648334e+02,2.047426313440962247e+02,1.500000000000000000e+01,1.652456999999999932e-06,0.000000000000000000e+00
1.026656477472367186e+02,2.047422159147527623e+02,1.500000000000000000e+01,1.724430999999999965e-06,0.000000000000000000e+00
1.030732464762631793e+02,2.047418083160237359e+02,1.500000000000000000e+01,1.610823999999999919e-06,0.000000000000000000e+00
1.034748298646773179e+02,2.047414067326353120e+02,1.500000000000000000e+01,1.607564999999999956e-06,0.000000000000000000e+00
1.039056446240728775e+02,2.047409759178759145e+02,1.500000000000000000e+01,1.683176000000000010e-06,0.000000000000000000e+00
1.043134993873780161e+02,2.047405680631126188e+02,1.500000000000000000e+01,1.626104000000000093e-06,0.000000000000000000e+00
1.047431568053435029e+02,2.047401384056946654e+02,1.500000000000000000e+01,1.542793999999999912e-06,0.000000000000000000e+00
1.051674337635916743e+02,2.047397141287364093e+02,1.500000000000000000e+01,1.647829999999999900e-06,0.000000000000000000e+00
1.055829768320610640e+02,2.047392985856679388e+02,1.500000000000000000e+01,1.595225000000000045e-06,0.000000000000000000e+00
1.059902245801941802e+02,2.047388913379197959e+02,1.500000000000000000e+01,1.678651000000000041e-06,0.000000000000000000e+00
1.064220549572760746e+02,2.047384595075427285e+02,1.500000000000000000e+01,1.615976000000000044e-06,0.000000000000000000e+00
1.068525956943896205e+02,2.047380289668056150e+02,1.500000000000000000e+01,1.631663000000000017e-06,0.000000000000000000e+00
1.072866924737708416e+02,2.047375948700262143e+02,1.500000000000000000e+01,1.657695999999999917e-06,0.000000000000000000e+00
1.076916228082669988e+02,2.047371899396917172e+02,1.500000000000000000e+01,1.608627000000000048e-06,0.000000000000000000e+00
1.080940583569327060e+02,2.047367875041430523e+02,1.500000000000000000e+01,1.630659000000000044e-06,0.000000000000000000e+00
1.085372511119592787e+02,2.047363443113880237e+02,1.500000000000000000e+01,1.602194999999999955e-06,0.000000000000000000e+00
1.089435319725662339e+02,2.047359380305274215e+02,1.500000000000000000e+01,1.593813000000000032e-06,0.000000000000000000e+00
1.093559059263818369e+02,2.047355256565736283e+02,1.500000000000000000e+01,1.686770999999999931e-06,0.000000000000000000e+00
1.097999313028127659e+02,2.047350816311971755e+02,1.500000000000000000e+01,1.590975000000000044e-06,0.000000000000000000e+00
1.102041872576336061e+02,2.047346773752423701e+02,1.500000000000000000e+01,1.639025999999999975e-06,0.000000000000000000e+00
1.106144552444668392e+02,2.047342671072555333e+02,1.500000000000000000e+01,1.581705999999999989e-06,0.000000000000000000e+00
1.110269524334072742e+02,2.047338546100666008e+02,1.500000000000000000e+01,1.591891999999999945e-06,0.000000000000000000e+00
1.114327415419847256e+02,2.047334488209580172e+02,1.500000000000000000e+01,1.589068999999999947e-06,0.000000000000000000e+00
1.118540891573067171e+02,2.047330274733427018e+02,1.500000000000000000e+01,1.632478000000000068e-06,0.000000000000000000e+00
1.122714092391238410e+02,2.047326101532608789e+02,1.500000000000000000e+01,1.654626000000000089e-06,0.000000000000000000e+00
1.127027435271433262e+02,2.047321788189728409e+02,1.500000000000000000e+01,1.626598999999999993e-06,0.000000000000000000e+00
1.131085206649172221e+02,2.047317730418350834e+02,1.500000000000000000e+01,1.643667999999999998e-06,0.000000000000000000e+00
1.135083450163543404e+02,2.047313732174836503e+02,1.500000000000000000e+01,1.674881999999999976e-06,0.000000000000000000e+00
1.139376396375702001e+02,2.047309439228624228e+02,1.500000000000000000e+01,1.660955999999999908e-06,0.000000000000000000e+00
1.143586637880047050e+02,2.047305228987119960e+02,1.500000000000000000e+01,1.590990000000000034e-06,0.000000000000000000e+00
1.147767128112773776e+02,2.047301048496887290e+02,1.500000000000000000e+01,1.658875000000000063e-06,0.000000000000000000e+00
1.151978691127309133e+02,2.047296836933872726e+02,1.500000000000000000e+01,1.675899999999999912e-06,0.000000000000000000e+00
1.156155682671813594e+02,2.047292659942328044e+02,1.500000000000000000e+01,1.503357999999999981e-06,0.000000000000000000e+00
1.160010745364716058e+02,2.047288804879635222e+02,1.500000000000000000e+01,1.593303999999999958e-06,0.000000000000000000e+00
1.164496545814546948e+02,2.047284319079185479e+02,1.500000000000000000e+01,1.700944000000000041e-06,0.000000000000000000e+00
1.168485743086979198e+02,2.047280329881913019e+02,1.500000000000000000e+01,1.685999000000000008e-06,0.000000000000000000e+00
1.172724899292444860e+02,2.047276090725707434e+02,1.500000000000000000e+01,1.744862000000000024e-06,0.000000000000000000e+00
1.177182315799294940e+02,2.047271633309200638e+02,1.500000000000000000e+01,1.719862000000000052e-06,0.000000000000000000e+00
1.181338625319797444e+02,2.047267476999680298e+02,1.500000000000000000e+01,1.791616999999999968e-06,0.000000000000000000e+00
1.185492976208651186e+02,2.047263322648791188e+02,1.500000000000000000e+01,1.751032000000000085e-06,0.000000000000000000e+00
1.189935316651637578e+02,2.047258880308348239e+02,1.500000000000000000e+01,1.657229999999999971e-06,0.000000000000000000e+00
1.193926275436805184e+02,2.047254889349563030e+02,1.500000000000000000e+01,1.742504999999999972e-06,0.000000000000000000e+00
1.198163229481619254e+02,2.047250652395518387e+02,1.500000000000000000e+01,1.788415999999999912e-06,0.000000000000000000e+00
1.202624461011072867e+02,2.047246191163988840e+02,1.500000000000000000e+01,1.749373000000000030e-06,0.000000000000000000e+00
1.206389272030343989e+02,2.047242426352969744e+02,1.500000000000000000e+01,1.750027999999999900e-06,0.000000000000000000e+00
1.210698263066157665e+02,2.047238117361933689e+02,1.500000000000000000e+01,1.680643999999999998e-06,0.000000000000000000e+00
1.214682600259233993e+02,2.047234133024740856e+02,1.500000000000000000e+01,1.751483000000000041e-06,0.000000000000000000e+00
1.218959142462319249e+02,2.047229856482537684e+02,1.500000000000000000e+01,1.728040000000000060e-06,0.000000000000000000e+00
1.223202488201498994e+02,2.047225613136798472e+02,1.500000000000000000e+01,1.736218000000000069e-06,0.000000000000000000e+00
1.227311290392557055e+02,2.047221504334607403e+02,1.500000000000000000e+01,1.752675999999999938e-06,0.000000000000000000e+00
1.231467005152671561e+02,2.047217348619847428e+02,1.500000000000000000e+01,1.746447999999999969e-06,0.000000000000000000e+00
1.235341955225700588e+02,2.047213473669774260e+02,1.500000000000000000e+01,1.725827999999999987e-06,0.000000000000000000e+00
1.239586535082735139e+02,2.047209229089917244e+02,1.500000000000000000e+01,1.506180999999999979e-06,0.000000000000000000e+00
1.243776112531806604e+02,2.047205039512468261e+02,1.500000000000000000e+01,1.642329000000000094e-06,0.000000000000000000e+00
1.247970686767442459e+02,2.047200844938232649e+02,1.500000000000000000e+01,1.656575000000000102e-06,0.000000000000000000e+00
1.252232419166158763e+02,2.047196583205833917e+02,1.500000000000000000e+01,1.659122000000000105e-06,0.000000000000000000e+00
1.256668467247667564e+02,2.047192147157752231e+02,1.500000000000000000e+01,1.708831000000000063e-06,0.000000000000000000e+00
1.260543912270787388e+02,2.047188271712729204e+02,1.500000000000000000e+01,1.740642000000000003e-06,0.000000000000000000e+00
1.264753818491900006e+02,2.047184061806508169e+02,1.500000000000000000e+01,1.720457999999999986e-06,0.000000000000000000e+00
1.269061235223595645e+02,2.047179754389776463e+02,1.500000000000000000e+01,1.623761000000000004e-06,0.000000000000000000e+00
1.273456504947159971e+02,2.047175359120052747e+02,1.500000000000000000e+01,1.664535000000000022e-06,0.000000000000000000e+00
1.277448396183040558e+02,2.047171367228816905e+02,1.500000000000000000e+01,1.661784999999999921e-06,0.000000000000000000e+00
1.281593239252524938e+02,2.047167222385747323e+02,1.500000000000000000e+01,1.606836999999999978e-06,0.000000000000000000e+00
1.285922787429089738e+02,2.047162892837570780e+02,1.500000000000000000e+01,1.627209999999999918e-06,0.000000000000000000e+00
1.290146105531435126e+02,2.047158669519468503e+02,1.500000000000000000e+01,1.677456999999999904e-06,0.000000000000000000e+00
1.294149389903384986e+02,2.047154666235096556e+02,1.500000000000000000e+01,1.734224000000000084e-06,0.000000000000000000e+00
1.298531882835765714e+02,2.047150283742164163e+02,1.500000000000000000e+01,1.760258000000000012e-06,0.000000000000000000e+00
1.302383855003795077e+02,2.047146431769996298e+02,1.500000000000000000e+01,1.733002000000000022e-06,0.000000000000000000e+00
1.306787414038751933e+02,2.047142028210961087e+02,1.500000000000000000e+01,1.702835999999999962e-06,0.000000000000000000e+00
1.310846076904580002e+02,2.047137969548095384e+02,1.500000000000000000e+01,1.668654000000000008e-06,0.000000000000000000e+00
1.314848651447408372e+02,2.047133966973552504e+02,1.500000000000000000e+01,1.654275999999999956e-06,0.000000000000000000e+00
1.319154045197024629e+02,2.047129661579803042e+02,1.500000000000000000e+01,1.644192000000000063e-06,0.000000000000000000e+00
1.323233240804146362e+02,2.047125582384195752e+02,1.500000000000000000e+01,1.770443999999999968e-06,0.000000000000000000e+00
1.327547497358238502e+02,2.047121268127641827e+02,1.500000000000000000e+01,1.659208999999999965e-06,0.000000000000000000e+00
1.331626067588211129e+02,2.047117189557411621e+02,1.500000000000000000e+01,1.768188999999999979e-06,0.000000000000000000e+00
1.335587675148302083e+02,2.047113227949851648e+02,1.500000000000000000e+01,1.700740999999999943e-06,0.000000000000000000e+00
1.340016781560628942e+02,2.047108798843439388e+02,1.500000000000000000e+01,1.729261999999999911e-06,0.000000000000000000e+00
1.344254752425211166e+02,2.047104560872574837e+02,1.500000000000000000e+01,1.634543999999999922e-06,0.000000000000000000e+00
1.348242383461437726e+02,2.047100573241538655e+02,1.500000000000000000e+01,1.743624999999999971e-06,0.000000000000000000e+00
1.352710057588480197e+02,2.047096105567411541e+02,1.500000000000000000e+01,1.803972000000000081e-06,0.000000000000000000e+00
1.356561104340056261e+02,2.047092254520659935e+02,1.500000000000000000e+01,1.711901999999999919e-06,0.000000000000000000e+00
1.360781294058896833e+02,2.047088034330941184e+02,1.500000000000000000e+01,1.744105000000000092e-06,0.000000000000000000e+00
1.364947129408600972e+02,2.047083868495591332e+02,1.500000000000000000e+01,1.582563999999999956e-06,0.000000000000000000e+00
1.369254983244274797e+02,2.047079560641755620e+02,1.500000000000000000e+01,1.443288000000000106e-06,0.000000000000000000e+00
1.373336054263283472e+02,2.047075479570736718e+02,1.500000000000000000e+01,1.578751999999999975e-06,0.000000000000000000e+00
1.377659881672749975e+02,2.047071155743327324e+02,1.500000000000000000e+01,1.507039999999999974e-06,0.000000000000000000e+00
1.381898515816793918e+02,2.047066917109183066e+02,1.500000000000000000e+01,1.493215999999999969e-06,0.000000000000000000e+00
1.386264927374029128e+02,2.047062550697625909e+02,1.500000000000000000e+01,1.651729999999999981e-06,0.000000000000000000e+00
1.390374109332760781e+02,2.047058441515667084e+02,1.500000000000000000e+01,1.626306999999999979e-06,0.000000000000000000e+00
1.394420258090260347e+02,2.047054395366909603e+02,1.500000000000000000e+01,1.495761999999999944e-06,0.000000000000000000e+00
1.398725393512903850e+02,2.047050090231487047e+02,1.500000000000000000e+01,1.449588999999999971e-06,0.000000000000000000e+00
1.402989693486005081e+02,2.047045825931514003e+02,1.500000000000000000e+01,1.629450999999999944e-06,0.000000000000000000e+00
1.407028898628568356e+02,2.047041786726371413e+02,1.500000000000000000e+01,1.635096999999999941e-06,0.000000000000000000e+00
1.411312966637404713e+02,2.047037502658362484e+02,1.500000000000000000e+01,1.470558000000000058e-06,0.000000000000000000e+00
1.415058173772629573e+02,2.047033757451227416e+02,1.500000000000000000e+01,1.637642999999999916e-06,0.000000000000000000e+00
1.419538088553843238e+02,2.047029277536446159e+02,1.500000000000000000e+01,1.746012000000000004e-06,0.000000000000000000e+00
1.423770990907717362e+02,2.047025044634092126e+02,1.500000000000000000e+01,1.579392000000000065e-06,0.000000000000000000e+00
1.427966951531738573e+02,2.047020848673468265e+02,1.500000000000000000e+01,1.513035000000000075e-06,0.000000000000000000e+00
1.432226196996315650e+02,2.047016589428003783e+02,1.500000000000000000e+01,1.544612999999999936e-06,0.000000000000000000e+00
1.436100274371140131e+02,2.047012715350628866e+02,1.500000000000000000e+01,1.674313999999999967e-06,0.000000000000000000e+00
1.440256028016009680e+02,2.047008559596984014e+02,1.500000000000000000e+01,1.657084999999999992e-06,0.000000000000000000e+00
1.444348208722342690e+02,2.047004467416277578e+02,1.500000000000000000e+01,1.607943000000000014e-06,0.000000000000000000e+00
1.448594116749582668e+02,2.047000221508250490e+02,1.500000000000000000e+01,1.644192000000000063e-06,0.000000000000000000e+00
1.452942901260049098e+02,2.046995872723740035e+02,1.500000000000000000e+01,1.671462000000000015e-06,0.000000000000000000e+00
1.456983478278068276e+02,2.046991832146721890e+02,1.500000000000000000e+01,1.609340000000000036e-06,0.000000000000000000e+00
1.461022844914252516e+02,2.046987792780085726e+02,1.500000000000000000e+01,1.694891000000000033e-06,0.000000000000000000e+00
1.465452202646310695e+02,2.046983363422353648e+02,1.500000000000000000e+01,1.531763999999999951e-06,0.000000000000000000e+00
1.469677374880614025e+02,2.046979138250119377e+02,1.500000000000000000e+01,1.586260999999999939e-06,0.000000000000000000e+00
1.473862742796254679e+02,2.046974952882203809e+02,1.500000000000000000e+01,1.631021999999999899e-06,0.000000000000000000e+00
1.478068555629676268e+02,2.046970747069370304e+02,1.500000000000000000e+01,1.666688999999999976e-06,0.000000000000000000e+00
1.482349608846949138e+02,2.046966466016152992e+02,1.500000000000000000e+01,1.601002000000000058e-06,0.000000000000000000e+00
1.486456888579297697e+02,2.046962358736420811e+02,1.500000000000000000e+01,1.652370000000000072e-06,0.000000000000000000e+00
1.490379443852943666e+02,2.046958436181147079e+02,1.500000000000000000e+01,1.686130000000000025e-06,0.000000000000000000e+00
1.494831128923664210e+02,2.046953984496076373e+02,1.500000000000000000e+01,1.664331999999999924e-06,0.000000000000000000e+00
1.499155506418858863e+02,2.046949660118580994e+02,1.500000000000000000e+01,1.690961999999999998e-06,0.000000000000000000e+00
1.503059274526717388e+02,2.046945756350473289e+02,1.500000000000000000e+01,1.741689999999999921e-06,0.000000000000000000e+00
1.507541227455470789e+02,2.046941274397544532e+02,1.500000000000000000e+01,1.751760000000000064e-06,0.000000000000000000e+00
1.511431206009489188e+02,2.046937384418990575e+02,1.500000000000000000e+01,1.711102000000000071e-06,0.000000000000000000e+00
1.515583346462745737e+02,2.046933232278537105e+02,1.500000000000000000e+01,1.717039000000000053e-06,0.000000000000000000e+00
1.519593737553178698e+02,2.046929221887446886e+02,1.500000000000000000e+01,1.813240999999999924e-06,0.000000000000000000e+00
1.523866469512263961e+02,2.046924949155487639e+02,1.500000000000000000e+01,1.765758000000000001e-06,0.000000000000000000e+00
1.528243550161024871e+02,2.046920572074838844e+02,1.500000000000000000e+01,1.781969000000000040e-06,0.000000000000000000e+00
1.532256291131159003e+02,2.046916559333868690e+02,1.500000000000000000e+01,1.798762000000000050e-06,0.000000000000000000e+00
1.536358157292125100e+02,2.046912457467707895e+02,1.500000000000000000e+01,1.715933000000000017e-06,0.000000000000000000e+00
1.540645033372370278e+02,2.046908170591627538e+02,1.500000000000000000e+01,1.711524000000000073e-06,0.000000000000000000e+00
1.544697755683103253e+02,2.046904117869316906e+02,1.500000000000000000e+01,1.688021999999999946e-06,0.000000000000000000e+00
1.549036026947149196e+02,2.046899779598052760e+02,1.500000000000000000e+01,1.716005000000000098e-06,0.000000000000000000e+00
1.552928550955891183e+02,2.046895887074043969e+02,1.500000000000000000e+01,1.661740999999999977e-06,0.000000000000000000e+00
1.557413043030190352e+02,2.046891402581969714e+02,1.500000000000000000e+01,1.624662999999999915e-06,0.000000000000000000e+00
1.561569091528694457e+02,2.046887246533471227e+02,1.500000000000000000e+01,1.698077999999999914e-06,0.000000000000000000e+00
1.565446765179314639e+02,2.046883368859820678e+02,1.500000000000000000e+01,1.728519999999999969e-06,0.000000000000000000e+00
1.569671606060159377e+02,2.046879144018939769e+02,1.500000000000000000e+01,1.670734000000000037e-06,0.000000000000000000e+00
1.574125661496183284e+02,2.046874689963503897e+02,1.500000000000000000e+01,1.677807000000000037e-06,0.000000000000000000e+00
1.578362318925547072e+02,2.046870453306074467e+02,1.500000000000000000e+01,1.651089000000000075e-06,0.000000000000000000e+00
1.582794384360065010e+02,2.046866021240639952e+02,1.500000000000000000e+01,1.624692000000000080e-06,0.000000000000000000e+00
1.586766372980623885e+02,2.046862049252019347e+02,1.500000000000000000e+01,1.635024000000000043e-06,0.000000000000000000e+00
1.590918211157760993e+02,2.046857897413842124e+02,1.500000000000000000e+01,1.708249000000000092e-06,0.000000000000000000e+00
0.000000000000000000e+00,2.048448815625000066e+02,2.000000000000000000e+01,2.344812999999999872e-05,0.000000000000000000e+00
0.000000000000000000e+00,2.048448815625000066e+02,2.000000000000000000e+01,-1.059248000000000010e-06,0.000000000000000000e+00
0.000000000000000000e+00,2.048448815625000066e+02,2.000000000000000000e+01,-9.144424000000000516e-08,0.000000000000000000e+00
5.878774295473619682e-02,2.048448227747570343e+02,2.000000000000000000e+01,5.141191999999999573e-07,0.000000000000000000e+00
2.156721522262571022e-01,2.048446658903477839e+02,2.000000000000000000e+01,9.709764999999999861e-07,0.000000000000000000e+00
4.076349032250733972e-01,2.048444739275967663e+02,2.000000000000000000e+01,1.320499000000000077e-06,0.000000000000000000e+00
6.436344959923663289e-01,2.048442379280039916e+02,2.000000000000000000e+01,1.591659000000000078e-06,0.000000000000000000e+00
8.990697342108586732e-01,2.048439824927657753e+02,2.000000000000000000e+01,1.401248000000000081e-06,0.000000000000000000e+00
1.194169852324066250e+00,2.048436873926476665e+02,2.000000000000000000e+01,1.366598999999999941e-06,0.000000000000000000e+00
1.546585930541519494e+00,2.048433349765694516e+02,2.000000000000000000e+01,1.436274000000000040e-06,0.000000000000000000e+00
1.950479472188558328e+00,2.048429310830278212e+02,2.000000000000000000e+01,1.490959999999999952e-06,0.000000000000000000e+00
2.374582720298988203e+00,2.048425069797796993e+02,2.000000000000000000e+01,1.493449000000000048e-06,0.000000000000000000e+00
2.773464725072761095e+00,2.048421080977749114e+02,2.000000000000000000e+01,1.598921000000000001e-06,0.000000000000000000e+00
3.219078639779473949e+00,2.048416624838602047e+02,2.000000000000000000e+01,1.624080999999999943e-06,0.000000000000000000e+00
3.609738085773768201e+00,2.048412718244142354e+02,2.000000000000000000e+01,1.590684000000000058e-06,0.000000000000000000e+00
4.019754230182737587e+00,2.048408618082698069e+02,2.000000000000000000e+01,1.771142999999999993e-06,0.000000000000000000e+00
4.443362124147144598e+00,2.048404382003758428e+02,2.000000000000000000e+01,1.786989999999999936e-06,0.000000000000000000e+00
4.868462871542453385e+00,2.048400130996284645e+02,2.000000000000000000e+01,1.829147000000000014e-06,0.000000000000000000e+00
5.266227879252845412e+00,2.048396153346207313e+02,2.000000000000000000e+01,1.664040999999999938e-06,0.000000000000000000e+00
5.711343212616958098e+00,2.048391702192873822e+02,2.000000000000000000e+01,1.646344999999999990e-06,0.000000000000000000e+00
6.126922585124317422e+00,2.048387546399148675e+02,2.000000000000000000e+01,1.792649999999999896e-06,0.000000000000000000e+00
6.557279336002255654e+00,2.048383242831639848e+02,2.000000000000000000e+01,1.779233999999999930e-06,0.000000000000000000e+00
6.942381043724924261e+00,2.048379391814562780e+02,2.000000000000000000e+01,1.726177000000000092e-06,0.000000000000000000e+00
7.385355787328244048e+00,2.048374962067126717e+02,2.000000000000000000e+01,1.700784000000000071e-06,0.000000000000000000e+00
7.821080205047951317e+00,2.048370604822949588e+02,2.000000000000000000e+01,1.697349999999999936e-06,0.000000000000000000e+00
8.222462951746871695e+00,2.048366590995482568e+02,2.000000000000000000e+01,1.765424000000000099e-06,0.000000000000000000e+00
8.631592554934131911e+00,2.048362499699450723e+02,2.000000000000000000e+01,1.761581999999999925e-06,0.000000000000000000e+00
9.074890075965960534e+00,2.048358066724240416e+02,2.000000000000000000e+01,1.760737999999999921e-06,0.000000000000000000e+00
9.471853864631043507e+00,2.048354097086353534e+02,2.000000000000000000e+01,1.797874999999999918e-06,0.000000000000000000e+00
9.888594732893823291e+00,2.048349929677671071e+02,2.000000000000000000e+01,1.821520999999999996e-06,0.000000000000000000e+00
1.032632318373968161e+01,2.048345552393162450e+02,2.000000000000000000e+01,1.822511000000000007e-06,0.000000000000000000e+00
1.072739972390101926e+01,2.048341541627760876e+02,2.000000000000000000e+01,1.836175000000000042e-06,0.000000000000000000e+00
1.113786202000689229e+01,2.048337437004799995e+02,2.000000000000000000e+01,1.814435000000000061e-06,0.000000000000000000e+00
1.152528854283290727e+01,2.048333562739571505e+02,2.000000000000000000e+01,1.865191999999999937e-06,0.000000000000000000e+00
1.197128233648854945e+01,2.048329102801635031e+02,2.000000000000000000e+01,1.862150000000000035e-06,0.000000000000000000e+00
1.239490946274809069e+01,2.048324866530372503e+02,2.000000000000000000e+01,1.799431999999999910e-06,0.000000000000000000e+00
1.279354359147880338e+01,2.048320880189085074e+02,2.000000000000000000e+01,1.811932000000000002e-06,0.000000000000000000e+00
1.324159874045801644e+01,2.048316399637595282e+02,2.000000000000000000e+01,1.796724999999999937e-06,0.000000000000000000e+00
1.362838801967468960e+01,2.048312531744803096e+02,2.000000000000000000e+01,1.836350000000000003e-06,0.000000000000000000e+00
1.404438321609457674e+01,2.048308371792838898e+02,2.000000000000000000e+01,1.829394000000000056e-06,0.000000000000000000e+00
1.446712545596183119e+01,2.048304144370440270e+02,2.000000000000000000e+01,1.811015000000000100e-06,0.000000000000000000e+00
1.489810410260458440e+01,2.048299834583973791e+02,2.000000000000000000e+01,1.837207999999999970e-06,0.000000000000000000e+00
1.530625788796599629e+01,2.048295753046120353e+02,2.000000000000000000e+01,1.862513999999999918e-06,0.000000000000000000e+00
1.573423037014260828e+01,2.048291473321298497e+02,2.000000000000000000e+01,1.821579999999999930e-06,0.000000000000000000e+00
1.614967804010495556e+01,2.048287318844598985e+02,2.000000000000000000e+01,1.809035999999999894e-06,0.000000000000000000e+00
1.653770648382325703e+01,2.048283438560161756e+02,2.000000000000000000e+01,1.753418000000000091e-06,0.000000000000000000e+00
1.696156926537126708e+01,2.048279199932346160e+02,2.000000000000000000e+01,1.792403000000000066e-06,0.000000000000000000e+00
1.740670878919821618e+01,2.048274748537108110e+02,2.000000000000000000e+01,1.843655000000000054e-06,0.000000000000000000e+00
1.783042606376258377e+01,2.048270511364362392e+02,2.000000000000000000e+01,1.831183999999999915e-06,0.000000000000000000e+00
1.827671834285094477e+01,2.048266048441571456e+02,2.000000000000000000e+01,1.814318000000000007e-06,0.000000000000000000e+00
1.866194636006072471e+01,2.048262196161399231e+02,2.000000000000000000e+01,1.777530999999999931e-06,0.000000000000000000e+00
1.908541375368956849e+01,2.048257961487463206e+02,2.000000000000000000e+01,1.832958999999999995e-06,0.000000000000000000e+00
1.950068839345860994e+01,2.048253808741065427e+02,2.000000000000000000e+01,1.857916000000000051e-06,0.000000000000000000e+00
1.993142679032726861e+01,2.048249501357096563e+02,2.000000000000000000e+01,1.767883000000000002e-06,0.000000000000000000e+00
2.035304649344784167e+01,2.048245285160065521e+02,2.000000000000000000e+01,1.769295000000000015e-06,0.000000000000000000e+00
2.077057827548307500e+01,2.048241109842245180e+02,2.000000000000000000e+01,1.762470000000000085e-06,0.000000000000000000e+00
2.119035149523683614e+01,2.048236912110047570e+02,2.000000000000000000e+01,1.815249999999999900e-06,0.000000000000000000e+00
2.159522909053435669e+01,2.048232863334094702e+02,2.000000000000000000e+01,1.714564999999999948e-06,0.000000000000000000e+00
2.199483216849775502e+01,2.048228867303315042e+02,2.000000000000000000e+01,1.694351999999999977e-06,0.000000000000000000e+00
2.241102073841872055e+01,2.048224705417615894e+02,2.000000000000000000e+01,1.664578999999999966e-06,0.000000000000000000e+00
2.283360452567661625e+01,2.048220479579743198e+02,2.000000000000000000e+01,1.654435999999999926e-06,0.000000000000000000e+00
2.326562903695221962e+01,2.048216159334630504e+02,2.000000000000000000e+01,1.756416000000000049e-06,0.000000000000000000e+00
2.367226960855327533e+01,2.048212092928914387e+02,2.000000000000000000e+01,1.653942000000000054e-06,0.000000000000000000e+00
2.408871452811374425e+01,2.048207928479718873e+02,2.000000000000000000e+01,1.728506000000000006e-06,0.000000000000000000e+00
2.451159259718065186e+01,2.048203699699028277e+02,2.000000000000000000e+01,1.755819999999999903e-06,0.000000000000000000e+00
2.491154987590352832e+01,2.048199700126240828e+02,2.000000000000000000e+01,1.792373999999999900e-06,1.000000000000000000e+00
2.535033467970766097e+01,2.048195312278202778e+02,2.000000000000000000e+01,1.754161000000000060e-06,1.000000000000000000e+00
2.578119141360166466e+01,2.048191003710863924e+02,2.000000000000000000e+01,1.755543000000000092e-06,1.000000000000000000e+00
2.618319777093919143e+01,2.048186983647290447e+02,2.000000000000000000e+01,1.771696000000000011e-06,1.000000000000000000e+00
2.659085680727330470e+01,2.048182907056927320e+02,2.000000000000000000e+01,1.796025999999999912e-06,1.000000000000000000e+00
2.700620965691263464e+01,2.048178753528430889e+02,2.000000000000000000e+01,1.704145999999999913e-06,1.000000000000000000e+00
2.745440137178844964e+01,2.048174271611282222e+02,2.000000000000000000e+01,1.659368999999999935e-06,1.000000000000000000e+00
2.787747427612666939e+01,2.048170040882238823e+02,2.000000000000000000e+01,1.712192999999999905e-06,1.000000000000000000e+00
2.829703356092906574e+01,2.048165845289390745e+02,2.000000000000000000e+01,1.670429000000000088e-06,1.000000000000000000e+00
2.872280505513147020e+01,2.048161587574448674e+02,2.000000000000000000e+01,1.650623999999999945e-06,1.000000000000000000e+00
2.912444730532694237e+01,2.048157571151946570e+02,2.000000000000000000e+01,1.625201999999999970e-06,1.000000000000000000e+00
2.952609910262934534e+01,2.048153554633973670e+02,2.000000000000000000e+01,1.612294000000000051e-06,1.000000000000000000e+00
2.995186515911604630e+01,2.048149296973408866e+02,2.000000000000000000e+01,1.653083000000000060e-06,0.000000000000000000e+00
3.035969918049923066e+01,2.048145218633194986e+02,2.000000000000000000e+01,1.678009999999999923e-06,0.000000000000000000e+00
3.079069303237839605e+01,2.048140908694676057e+02,2.000000000000000000e+01,1.676482000000000096e-06,0.000000000000000000e+00
3.119335923469631666e+01,2.048136882032652863e+02,2.000000000000000000e+01,1.679931000000000010e-06,0.000000000000000000e+00
3.160269147634320319e+01,2.048132788710236412e+02,2.000000000000000000e+01,1.732623999999999964e-06,0.000000000000000000e+00
3.204174088160500133e+01,2.048128398216183825e+02,2.000000000000000000e+01,1.751439000000000097e-06,0.000000000000000000e+00
3.244616252532963330e+01,2.048124353999746745e+02,2.000000000000000000e+01,1.696898999999999980e-06,0.000000000000000000e+00
3.286462302857960793e+01,2.048120169394714196e+02,2.000000000000000000e+01,1.573672999999999959e-06,0.000000000000000000e+00
3.330287043078941878e+01,2.048115786920692187e+02,2.000000000000000000e+01,1.627413000000000016e-06,0.000000000000000000e+00
3.370790211233334333e+01,2.048111736603876523e+02,2.000000000000000000e+01,1.676075000000000084e-06,0.000000000000000000e+00
3.412308510135708417e+01,2.048107584773986503e+02,2.000000000000000000e+01,1.611857000000000058e-06,0.000000000000000000e+00
3.451043388724256289e+01,2.048103711286127577e+02,2.000000000000000000e+01,1.651176999999999963e-06,0.000000000000000000e+00
3.493939829347213077e+01,2.048099421642065181e+02,2.000000000000000000e+01,1.673441000000000009e-06,0.000000000000000000e+00
3.537025159636529281e+01,2.048095113109036447e+02,2.000000000000000000e+01,1.685882999999999983e-06,0.000000000000000000e+00
3.577844946186376518e+01,2.048091031130381339e+02,2.000000000000000000e+01,1.642707999999999968e-06,0.000000000000000000e+00
3.620034709656214034e+01,2.048086812154034249e+02,2.000000000000000000e+01,1.705193000000000015e-06,0.000000000000000000e+00
3.662912733969465506e+01,2.048082524351603126e+02,2.000000000000000000e+01,1.645282999999999897e-06,0.000000000000000000e+00
3.704824407130774233e+01,2.048078333184286919e+02,2.000000000000000000e+01,1.630439999999999928e-06,0.000000000000000000e+00
3.745199078222285749e+01,2.048074295717177620e+02,2.000000000000000000e+01,1.596651000000000021e-06,0.000000000000000000e+00
3.788684594968771790e+01,2.048069947165503208e+02,2.000000000000000000e+01,1.631735000000000099e-06,0.000000000000000000e+00
3.831758720478844538e+01,2.048065639752952052e+02,2.000000000000000000e+01,1.650507000000000103e-06,0.000000000000000000e+00
3.874770985193627837e+01,2.048061338526480597e+02,2.000000000000000000e+01,1.610270999999999901e-06,0.000000000000000000e+00
3.915612284051182002e+01,2.048057254396594828e+02,2.000000000000000000e+01,1.588734000000000017e-06,0.000000000000000000e+00
3.957067416264700910e+01,2.048053108883373454e+02,2.000000000000000000e+01,1.566979000000000045e-06,0.000000000000000000e+00
3.999431697702712540e+01,2.048048872455229628e+02,2.000000000000000000e+01,1.522464999999999915e-06,0.000000000000000000e+00
4.041098729061884853e+01,2.048044705752093648e+02,2.000000000000000000e+01,1.564679999999999900e-06,0.000000000000000000e+00
4.083377338445524174e+01,2.048040477891155433e+02,2.000000000000000000e+01,1.626874999999999988e-06,0.000000000000000000e+00
4.126315835235180174e+01,2.048036184041476417e+02,2.000000000000000000e+01,1.574299000000000087e-06,0.000000000000000000e+00
4.165531992048136090e+01,2.048032262425795125e+02,2.000000000000000000e+01,1.612395999999999902e-06,0.000000000000000000e+00
4.207042279068041069e+01,2.048028111397093198e+02,2.000000000000000000e+01,1.604800000000000076e-06,0.000000000000000000e+00
4.246830623027990015e+01,2.048024132562697162e+02,2.000000000000000000e+01,1.592473999999999917e-06,0.000000000000000000e+00
4.291055995114387400e+01,2.048019710025488394e+02,2.000000000000000000e+01,1.640567999999999977e-06,0.000000000000000000e+00
4.330391525052046831e+01,2.048015776472494736e+02,2.000000000000000000e+01,1.557869999999999960e-06,0.000000000000000000e+00
4.373116117030244254e+01,2.048011504013296928e+02,2.000000000000000000e+01,1.602601999999999966e-06,0.000000000000000000e+00
4.414267065056060346e+01,2.048007388918494485e+02,2.000000000000000000e+01,1.605629000000000090e-06,0.000000000000000000e+00
4.455558027395692022e+01,2.048003259822260418e+02,2.000000000000000000e+01,1.640539000000000023e-06,0.000000000000000000e+00
4.497946775763359284e+01,2.047999020947423503e+02,2.000000000000000000e+01,1.619976999999999948e-06,0.000000000000000000e+00
4.541205840364345647e+01,2.047994695040963506e+02,2.000000000000000000e+01,1.541688000000000087e-06,0.000000000000000000e+00
4.582037187759970465e+01,2.047990611906224103e+02,2.000000000000000000e+01,1.516280000000000075e-06,0.000000000000000000e+00
4.625138843962525925e+01,2.047986301740603778e+02,2.000000000000000000e+01,1.477149999999999909e-06,0.000000000000000000e+00
4.666718238333289293e+01,2.047982143801166615e+02,2.000000000000000000e+01,1.447275000000000047e-06,0.000000000000000000e+00
4.708272995403822136e+01,2.047977988325459648e+02,2.000000000000000000e+01,1.518536000000000092e-06,0.000000000000000000e+00
4.752113204727927354e+01,2.047973604304527271e+02,2.000000000000000000e+01,1.472071999999999922e-06,0.000000000000000000e+00
4.792199439427480456e+01,2.047969595681057342e+02,2.000000000000000000e+01,1.422173000000000012e-06,0.000000000000000000e+00
4.834577289653196175e+01,2.047965357896034675e+02,2.000000000000000000e+01,1.475156999999999952e-06,0.000000000000000000e+00
4.879093464954892312e+01,2.047960906278504467e+02,2.000000000000000000e+01,1.464024999999999929e-06,0.000000000000000000e+00
4.919376550013119953e+01,2.047956877969998573e+02,2.000000000000000000e+01,1.502631000000000030e-06,0.000000000000000000e+00
4.960307125400905903e+01,2.047952784912459947e+02,2.000000000000000000e+01,1.492953999999999936e-06,0.000000000000000000e+00
5.001628162542044720e+01,2.047948652808745749e+02,2.000000000000000000e+01,1.474588999999999944e-06,0.000000000000000000e+00
5.042306753182537449e+01,2.047944584949681825e+02,2.000000000000000000e+01,1.496126000000000039e-06,0.000000000000000000e+00
5.085370985310930081e+01,2.047940278526468774e+02,2.000000000000000000e+01,1.503853000000000092e-06,0.000000000000000000e+00
5.126195820415952653e+01,2.047936196042958272e+02,2.000000000000000000e+01,1.487830999999999977e-06,0.000000000000000000e+00
5.167966293593447347e+01,2.047932018995640533e+02,2.000000000000000000e+01,1.501452000000000096e-06,0.000000000000000000e+00
5.208541407113720112e+01,2.047927961484288630e+02,2.000000000000000000e+01,1.452688999999999992e-06,0.000000000000000000e+00
5.248566493062393334e+01,2.047923958975693779e+02,2.000000000000000000e+01,1.500563999999999936e-06,0.000000000000000000e+00
5.293337508700111727e+01,2.047919481874129985e+02,2.000000000000000000e+01,1.530468999999999991e-06,0.000000000000000000e+00
5.333930807649795014e+01,2.047915422544234900e+02,2.000000000000000000e+01,1.495223999999999916e-06,0.000000000000000000e+00
5.375632969359224944e+01,2.047911252328063938e+02,2.000000000000000000e+01,1.539433000000000097e-06,0.000000000000000000e+00
5.420022658615845756e+01,2.047906813359138312e+02,2.000000000000000000e+01,1.545821000000000035e-06,0.000000000000000000e+00
5.459455925015723210e+01,2.047902870032498299e+02,2.000000000000000000e+01,1.520937000000000088e-06,0.000000000000000000e+00
5.500336982426378540e+01,2.047898781926757295e+02,2.000000000000000000e+01,1.526684999999999936e-06,0.000000000000000000e+00
5.543332287833441541e+01,2.047894482396216631e+02,2.000000000000000000e+01,1.544059999999999918e-06,0.000000000000000000e+00
5.584156767036065361e+01,2.047890399948296363e+02,2.000000000000000000e+01,1.530206999999999959e-06,0.000000000000000000e+00
5.627228321745353412e+01,2.047886092792825536e+02,2.000000000000000000e+01,1.550651999999999981e-06,0.000000000000000000e+00
5.669228245744427142e+01,2.047881892800425589e+02,2.000000000000000000e+01,1.544336999999999941e-06,0.000000000000000000e+00
5.707960470356233884e+01,2.047878019577964324e+02,2.000000000000000000e+01,1.542356999999999919e-06,0.000000000000000000e+00
5.752046992900763200e+01,2.047873610925709897e+02,2.000000000000000000e+01,1.550623000000000027e-06,0.000000000000000000e+00
5.794403222481452786e+01,2.047869375302751962e+02,2.000000000000000000e+01,1.567372000000000094e-06,0.000000000000000000e+00
5.837979298820263807e+01,2.047865017695118013e+02,2.000000000000000000e+01,1.566834000000000066e-06,0.000000000000000000e+00
5.881060641845940751e+01,2.047860709560815451e+02,2.000000000000000000e+01,1.543143000000000016e-06,0.000000000000000000e+00
5.921525487611823024e+01,2.047856663076238704e+02,2.000000000000000000e+01,1.520863999999999979e-06,0.000000000000000000e+00
5.962702515651920265e+01,2.047852545373434907e+02,2.000000000000000000e+01,1.512176999999999896e-06,0.000000000000000000e+00
6.006327037519083234e+01,2.047848182921248110e+02,2.000000000000000000e+01,1.510895999999999899e-06,0.000000000000000000e+00
6.044733978013240261e+01,2.047844342227198524e+02,2.000000000000000000e+01,1.549633000000000017e-06,0.000000000000000000e+00
6.088597619676041717e+01,2.047839955863032344e+02,2.000000000000000000e+01,1.423425000000000055e-06,0.000000000000000000e+00
6.132105662181933781e+01,2.047835605058781709e+02,2.000000000000000000e+01,1.505119000000000099e-06,0.000000000000000000e+00
6.170923581583090822e+01,2.047831723266841664e+02,2.000000000000000000e+01,1.509688000000000012e-06,0.000000000000000000e+00
6.214772777565139705e+01,2.047827338347243540e+02,2.000000000000000000e+01,1.470544000000000095e-06,0.000000000000000000e+00
6.253513551313383090e+01,2.047823464269868623e+02,2.000000000000000000e+01,1.374355999999999975e-06,0.000000000000000000e+00
6.295950900520472260e+01,2.047819220534947817e+02,2.000000000000000000e+01,1.329069999999999923e-06,0.000000000000000000e+00
6.336752661930167108e+01,2.047815140358806900e+02,2.000000000000000000e+01,9.988144000000000080e-07,0.000000000000000000e+00
6.379818224024636208e+01,2.047810833802597585e+02,2.000000000000000000e+01,1.354507000000000100e-06,0.000000000000000000e+00
6.420156294580152689e+01,2.047806799995541951e+02,2.000000000000000000e+01,1.424574000000000008e-06,0.000000000000000000e+00
6.461147705102446537e+01,2.047802700854489615e+02,2.000000000000000000e+01,1.397201999999999993e-06,0.000000000000000000e+00
6.502660771500517001e+01,2.047798549547849802e+02,2.000000000000000000e+01,1.365609999999999958e-06,0.000000000000000000e+00
6.547294049151936690e+01,2.047794086220084750e+02,2.000000000000000000e+01,1.382096999999999991e-06,0.000000000000000000e+00
6.587201100648854890e+01,2.047790095514935160e+02,2.000000000000000000e+01,1.381878999999999903e-06,0.000000000000000000e+00
6.629585088232066425e+01,2.047785857116176658e+02,2.000000000000000000e+01,1.425621999999999926e-06,0.000000000000000000e+00
6.674429943838629242e+01,2.047781372630616090e+02,2.000000000000000000e+01,1.444452000000000049e-06,0.000000000000000000e+00
6.715961803228456972e+01,2.047777219444677144e+02,2.000000000000000000e+01,1.414911999999999905e-06,0.000000000000000000e+00
6.756754880603067193e+01,2.047773140136939674e+02,2.000000000000000000e+01,1.409556999999999894e-06,0.000000000000000000e+00
6.796956501895466829e+01,2.047769119974810508e+02,2.000000000000000000e+01,1.428649000000000050e-06,0.000000000000000000e+00
6.841553685114503480e+01,2.047764660256488582e+02,2.000000000000000000e+01,1.398962999999999899e-06,0.000000000000000000e+00
6.884548168403475188e+01,2.047760360808159703e+02,2.000000000000000000e+01,1.429100000000000005e-06,0.000000000000000000e+00
6.923867035606765796e+01,2.047756428921439351e+02,2.000000000000000000e+01,1.507461999999999976e-06,0.000000000000000000e+00
6.968076535192302856e+01,2.047752007971480737e+02,2.000000000000000000e+01,1.544657000000000092e-06,0.000000000000000000e+00
7.008662747459325715e+01,2.047747949350253975e+02,2.000000000000000000e+01,1.510866999999999946e-06,0.000000000000000000e+00
7.048658964325215948e+01,2.047743949728567543e+02,2.000000000000000000e+01,1.570864999999999952e-06,0.000000000000000000e+00
7.091751527435968683e+01,2.047739640472256326e+02,2.000000000000000000e+01,1.589142000000000056e-06,0.000000000000000000e+00
7.132554853635791403e+01,2.047735560139636277e+02,2.000000000000000000e+01,1.475432999999999948e-06,0.000000000000000000e+00
7.175642882637171738e+01,2.047731251336736307e+02,2.000000000000000000e+01,1.455394999999999937e-06,0.000000000000000000e+00
7.215611998225148227e+01,2.047727254425177534e+02,2.000000000000000000e+01,1.492676999999999913e-06,0.000000000000000000e+00
7.256095660983883988e+01,2.047723206058901440e+02,2.000000000000000000e+01,1.508072999999999901e-06,0.000000000000000000e+00
7.300327250365423026e+01,2.047718782899963514e+02,2.000000000000000000e+01,1.527573000000000096e-06,0.000000000000000000e+00
7.338876534380082717e+01,2.047714927971561849e+02,2.000000000000000000e+01,1.531866000000000014e-06,0.000000000000000000e+00
7.382620816259542096e+01,2.047710553543373919e+02,2.000000000000000000e+01,1.605002999999999963e-06,0.000000000000000000e+00
7.422736532361743400e+01,2.047706541971763841e+02,2.000000000000000000e+01,1.653853999999999954e-06,0.000000000000000000e+00
7.464882019933681079e+01,2.047702327423006636e+02,2.000000000000000000e+01,1.734864999999999991e-06,0.000000000000000000e+00
7.507588577699431198e+01,2.047698056767229957e+02,2.000000000000000000e+01,1.722858999999999982e-06,0.000000000000000000e+00
7.546364398051805722e+01,2.047694179185194798e+02,2.000000000000000000e+01,1.724328999999999902e-06,0.000000000000000000e+00
7.589786200204132172e+01,2.047689837004979552e+02,2.000000000000000000e+01,1.643114999999999980e-06,0.000000000000000000e+00
7.633306721606558654e+01,2.047685484952839374e+02,2.000000000000000000e+01,1.665685000000000003e-06,0.000000000000000000e+00
7.674051664056871402e+01,2.047681410458594371e+02,2.000000000000000000e+01,1.659122000000000105e-06,0.000000000000000000e+00
7.715498268295915807e+01,2.047677265798170367e+02,2.000000000000000000e+01,1.559078000000000059e-06,0.000000000000000000e+00
7.758819653484100343e+01,2.047672933659651449e+02,2.000000000000000000e+01,1.604464999999999935e-06,0.000000000000000000e+00
7.801316114503816834e+01,2.047668684013549694e+02,2.000000000000000000e+01,1.665291999999999954e-06,0.000000000000000000e+00
7.844134754865433479e+01,2.047664402149513307e+02,2.000000000000000000e+01,1.594090000000000055e-06,0.000000000000000000e+00
7.887109640687023671e+01,2.047660104660931211e+02,2.000000000000000000e+01,1.701221000000000064e-06,0.000000000000000000e+00
7.927001070750733902e+01,2.047656115517924889e+02,2.000000000000000000e+01,1.748572999999999970e-06,0.000000000000000000e+00
7.971531011911892506e+01,2.047651662523808795e+02,2.000000000000000000e+01,1.718667999999999915e-06,0.000000000000000000e+00
8.013074304919423696e+01,2.047647508194507964e+02,2.000000000000000000e+01,1.657419000000000106e-06,0.000000000000000000e+00
8.051826542730670155e+01,2.047643632970726912e+02,2.000000000000000000e+01,1.620282999999999925e-06,0.000000000000000000e+00
8.094580177883801753e+01,2.047639357607211537e+02,2.000000000000000000e+01,1.594831999999999997e-06,0.000000000000000000e+00
8.135843464065335695e+01,2.047635231278593437e+02,2.000000000000000000e+01,1.665422999999999970e-06,0.000000000000000000e+00
8.179538555988810344e+01,2.047630861769401065e+02,2.000000000000000000e+01,1.570254000000000026e-06,0.000000000000000000e+00
8.218074195849146690e+01,2.047627008205415109e+02,2.000000000000000000e+01,1.543201999999999951e-06,0.000000000000000000e+00
8.260820070656841096e+01,2.047622733617934330e+02,2.000000000000000000e+01,1.551408999999999913e-06,0.000000000000000000e+00
8.302162640305343189e+01,2.047618599360969540e+02,2.000000000000000000e+01,1.498002999999999971e-06,0.000000000000000000e+00
8.342812998273693381e+01,2.047614534325172713e+02,2.000000000000000000e+01,1.401568000000000021e-06,0.000000000000000000e+00
8.385898895170349476e+01,2.047610225735483027e+02,2.000000000000000000e+01,1.600871000000000042e-06,0.000000000000000000e+00
8.425595068587786329e+01,2.047606256118141062e+02,2.000000000000000000e+01,1.539955999999999923e-06,0.000000000000000000e+00
8.469945901237839792e+01,2.047601821034876082e+02,2.000000000000000000e+01,1.585285999999999919e-06,0.000000000000000000e+00
8.511475643904896060e+01,2.047597668060609521e+02,2.000000000000000000e+01,1.523949000000000010e-06,0.000000000000000000e+00
8.550230977199352367e+01,2.047593792527279959e+02,2.000000000000000000e+01,1.514970999999999941e-06,0.000000000000000000e+00
8.593249707184835984e+01,2.047589490654281406e+02,2.000000000000000000e+01,1.504697000000000097e-06,0.000000000000000000e+00
8.637440907922422184e+01,2.047585071534207657e+02,2.000000000000000000e+01,1.549357000000000021e-06,0.000000000000000000e+00
8.679593108057107997e+01,2.047580856314194193e+02,2.000000000000000000e+01,1.587308000000000041e-06,0.000000000000000000e+00
8.720840418358778834e+01,2.047576731583164076e+02,2.000000000000000000e+01,1.576364999999999941e-06,0.000000000000000000e+00
8.761905083404458594e+01,2.047572625116659424e+02,2.000000000000000000e+01,1.529362999999999955e-06,0.000000000000000000e+00
8.805568882005772480e+01,2.047568258736799294e+02,2.000000000000000000e+01,1.597828999999999928e-06,0.000000000000000000e+00
8.847933710539624030e+01,2.047564022253945950e+02,2.000000000000000000e+01,1.599459000000000029e-06,0.000000000000000000e+00
8.887829903881295479e+01,2.047560032634611957e+02,2.000000000000000000e+01,1.612511999999999927e-06,0.000000000000000000e+00
8.932024315308711948e+01,2.047555613193468957e+02,2.000000000000000000e+01,1.621462000000000070e-06,0.000000000000000000e+00
8.971519830428466946e+01,2.047551663641957020e+02,2.000000000000000000e+01,1.569802000000000043e-06,0.000000000000000000e+00
9.012453891886447366e+01,2.047547570235811349e+02,2.000000000000000000e+01,1.545631999999999900e-06,0.000000000000000000e+00
9.056792059119463545e+01,2.047543136419087944e+02,2.000000000000000000e+01,1.573803999999999975e-06,0.000000000000000000e+00
9.096680483651400095e+01,2.047539147576634946e+02,2.000000000000000000e+01,1.557666000000000046e-06,0.000000000000000000e+00
9.138418884687135346e+01,2.047534973736531185e+02,2.000000000000000000e+01,1.556064999999999898e-06,0.000000000000000000e+00
9.181937379376155661e+01,2.047530621887062239e+02,2.000000000000000000e+01,1.571126999999999984e-06,0.000000000000000000e+00
9.223032711916880544e+01,2.047526512353808243e+02,2.000000000000000000e+01,1.548119999999999969e-06,0.000000000000000000e+00
9.264290820296285744e+01,2.047522386542970310e+02,2.000000000000000000e+01,1.565654999999999920e-06,0.000000000000000000e+00
9.301849329127679766e+01,2.047518630692087243e+02,2.000000000000000000e+01,1.540086999999999939e-06,0.000000000000000000e+00
9.346561765885776651e+01,2.047514159448411419e+02,2.000000000000000000e+01,1.534107000000000040e-06,0.000000000000000000e+00
9.388700718889903385e+01,2.047509945553111095e+02,2.000000000000000000e+01,1.509571999999999986e-06,0.000000000000000000e+00
9.430743432581539309e+01,2.047505741281741791e+02,2.000000000000000000e+01,1.531138000000000035e-06,0.000000000000000000e+00
9.473537899499031312e+01,2.047501461835049952e+02,2.000000000000000000e+01,1.542182999999999986e-06,0.000000000000000000e+00
9.512925094457810360e+01,2.047497523115554259e+02,2.000000000000000000e+01,1.539242999999999935e-06,0.000000000000000000e+00
9.555204970144187371e+01,2.047493295127985675e+02,2.000000000000000000e+01,1.575710000000000072e-06,0.000000000000000000e+00
9.597327984975383686e+01,2.047489082826502340e+02,2.000000000000000000e+01,1.620341000000000043e-06,0.000000000000000000e+00
9.636930598153581684e+01,2.047485122565184668e+02,2.000000000000000000e+01,1.525914000000000041e-06,0.000000000000000000e+00
9.681186166030535389e+01,2.047480697008396930e+02,2.000000000000000000e+01,1.572203000000000039e-06,0.000000000000000000e+00
9.724082450214706341e+01,2.047476407379978411e+02,2.000000000000000000e+01,1.581342000000000106e-06,0.000000000000000000e+00
9.762853158788135488e+01,2.047472530309121055e+02,2.000000000000000000e+01,1.597320000000000065e-06,0.000000000000000000e+00
9.805736301280249734e+01,2.047468241994872074e+02,2.000000000000000000e+01,1.579769999999999911e-06,0.000000000000000000e+00
9.847808618160526350e+01,2.047464034763183918e+02,2.000000000000000000e+01,1.680164000000000089e-06,0.000000000000000000e+00
9.892471563060334461e+01,2.047459568468694044e+02,2.000000000000000000e+01,1.676395000000000024e-06,0.000000000000000000e+00
9.934863123070684310e+01,2.047455329312692811e+02,2.000000000000000000e+01,1.701889999999999896e-06,0.000000000000000000e+00
9.974761228340310026e+01,2.047451339502165979e+02,2.000000000000000000e+01,1.770356999999999896e-06,0.000000000000000000e+00
1.001900136009329998e+02,2.047446915488990555e+02,2.000000000000000000e+01,1.760009999999999942e-06,0.000000000000000000e+00
1.005901535293664040e+02,2.047442914089706392e+02,2.000000000000000000e+01,1.747117000000000013e-06,0.000000000000000000e+00
1.009822463813324021e+02,2.047438993161186715e+02,2.000000000000000000e+01,1.754874000000000048e-06,0.000000000000000000e+00
1.014293891220687556e+02,2.047434521733779320e+02,2.000000000000000000e+01,1.832363000000000061e-06,0.000000000000000000e+00
1.018280563543977593e+02,2.047430535061455998e+02,2.000000000000000000e+01,1.813474000000000003e-06,0.000000000000000000e+00
1.022520375389459986e+02,2.047426295249610462e+02,2.000000000000000000e+01,1.755325000000000003e-06,0.000000000000000000e+00
1.026600836648955664e+02,2.047422214788350914e+02,2.000000000000000000e+01,1.771200999999999900e-06,0.000000000000000000e+00
1.030830942868502831e+02,2.047417984682131475e+02,2.000000000000000000e+01,1.815205999999999956e-06,0.000000000000000000e+00
1.035098579500770057e+02,2.047413717045499197e+02,2.000000000000000000e+01,1.762294999999999913e-06,0.000000000000000000e+00
1.039099362446623189e+02,2.047409716262553445e+02,2.000000000000000000e+01,1.762134999999999943e-06,0.000000000000000000e+00
1.043338482528686342e+02,2.047405477142471284e+02,2.000000000000000000e+01,1.760956000000000009e-06,0.000000000000000000e+00
1.047343829871177547e+02,2.047401471795128884e+02,2.000000000000000000e+01,1.769658000000000083e-06,0.000000000000000000e+00
1.051741833589736785e+02,2.047397073791410094e+02,2.000000000000000000e+01,1.733074999999999920e-06,0.000000000000000000e+00
1.055900342748091560e+02,2.047392915282251806e+02,2.000000000000000000e+01,1.742606000000000007e-06,0.000000000000000000e+00
1.060060443709537594e+02,2.047388755181290492e+02,2.000000000000000000e+01,1.789580000000000067e-06,0.000000000000000000e+00
1.064303837722646193e+02,2.047384511787277290e+02,2.000000000000000000e+01,1.769993000000000013e-06,0.000000000000000000e+00
1.068546833850491140e+02,2.047380268791149547e+02,2.000000000000000000e+01,1.738357000000000033e-06,0.000000000000000000e+00
1.072854224405985661e+02,2.047375961400593951e+02,2.000000000000000000e+01,1.820254999999999990e-06,0.000000000000000000e+00
1.077085640949957650e+02,2.047371729984050148e+02,2.000000000000000000e+01,1.770371000000000071e-06,0.000000000000000000e+00
1.080961163296313003e+02,2.047367854461703587e+02,2.000000000000000000e+01,1.775667999999999962e-06,0.000000000000000000e+00
1.085351728924831178e+02,2.047363463896075189e+02,2.000000000000000000e+01,1.768901999999999967e-06,0.000000000000000000e+00
1.089487160759235422e+02,2.047359328464240775e+02,2.000000000000000000e+01,1.750377000000000004e-06,0.000000000000000000e+00
1.093590228604888210e+02,2.047355225396395042e+02,2.000000000000000000e+01,1.755658999999999906e-06,0.000000000000000000e+00
1.097935171541984829e+02,2.047350880453458046e+02,2.000000000000000000e+01,1.742402999999999909e-06,0.000000000000000000e+00
1.101978268620255932e+02,2.047346837356379581e+02,2.000000000000000000e+01,1.735344999999999900e-06,0.000000000000000000e+00
1.106014135319532414e+02,2.047342801489680539e+02,2.000000000000000000e+01,1.751047000000000076e-06,0.000000000000000000e+00
1.110363556101496556e+02,2.047338452068898391e+02,2.000000000000000000e+01,1.681168000000000063e-06,0.000000000000000000e+00
1.114385840450381551e+02,2.047334429784549457e+02,2.000000000000000000e+01,1.770954000000000070e-06,0.000000000000000000e+00
1.118634957715078855e+02,2.047330180667284765e+02,2.000000000000000000e+01,1.776686999999999927e-06,0.000000000000000000e+00
1.122713293303261537e+02,2.047326102331696802e+02,2.000000000000000000e+01,1.763750000000000054e-06,0.000000000000000000e+00
1.126915552290931970e+02,2.047321900072709013e+02,2.000000000000000000e+01,1.725827999999999987e-06,0.000000000000000000e+00
1.131104706080544844e+02,2.047317710918919431e+02,2.000000000000000000e+01,1.753870000000000074e-06,0.000000000000000000e+00
1.135203352507454753e+02,2.047313612272492378e+02,2.000000000000000000e+01,1.751278999999999915e-06,0.000000000000000000e+00
1.139440030794627603e+02,2.047309375594205392e+02,2.000000000000000000e+01,1.708177000000000010e-06,0.000000000000000000e+00
1.143639478826288354e+02,2.047305176146173551e+02,2.000000000000000000e+01,1.701322999999999914e-06,0.000000000000000000e+00
1.147788147148855131e+02,2.047301027477851108e+02,2.000000000000000000e+01,1.769426000000000031e-06,0.000000000000000000e+00
1.152028524821679980e+02,2.047296787100178221e+02,2.000000000000000000e+01,1.783672000000000039e-06,1.000000000000000000e+00
1.155854105806451599e+02,2.047292961519193568e+02,2.000000000000000000e+01,1.799853999999999912e-06,1.000000000000000000e+00
1.160285691454622423e+02,2.047288529933545362e+02,2.000000000000000000e+01,1.775479000000000039e-06,1.000000000000000000e+00
1.164538634068226770e+02,2.047284276990931744e+02,2.000000000000000000e+01,1.797787000000000030e-06,1.000000000000000000e+00
1.168570396041196062e+02,2.047280245228958790e+02,2.000000000000000000e+01,1.816194999999999939e-06,1.000000000000000000e+00
1.172840671114503834e+02,2.047275974953885509e+02,2.000000000000000000e+01,1.838517999999999920e-06,1.000000000000000000e+00
1.177311728075914061e+02,2.047271503896924116e+02,2.000000000000000000e+01,1.796390000000000007e-06,1.000000000000000000e+00
1.181466436235057245e+02,2.047267349188765024e+02,2.000000000000000000e+01,1.787571999999999908e-06,1.000000000000000000e+00
1.185559469120923666e+02,2.047263256155879105e+02,2.000000000000000000e+01,1.805369000000000104e-06,1.000000000000000000e+00
1.189590358441152773e+02,2.047259225266558929e+02,2.000000000000000000e+01,1.808890000000000099e-06,1.000000000000000000e+00
1.193898196119798030e+02,2.047254917428880105e+02,2.000000000000000000e+01,1.745079999999999901e-06,1.000000000000000000e+00
1.198239110637467206e+02,2.047250576514362592e+02,2.000000000000000000e+01,1.780543000000000064e-06,1.000000000000000000e+00
1.202616632910164469e+02,2.047246198992089887e+02,2.000000000000000000e+01,1.809341000000000055e-06,1.000000000000000000e+00
1.206531256579107634e+02,2.047242284368420826e+02,2.000000000000000000e+01,1.799547999999999935e-06,1.000000000000000000e+00
1.210686732286161202e+02,2.047238128892713860e+02,2.000000000000000000e+01,1.725696999999999971e-06,1.000000000000000000e+00
1.214672068592330447e+02,2.047234143556407560e+02,2.000000000000000000e+01,1.780731999999999987e-06,1.000000000000000000e+00
1.218951230691158401e+02,2.047229864394308834e+02,2.000000000000000000e+01,1.766078999999999968e-06,1.000000000000000000e+00
1.223225543214152395e+02,2.047225590081785924e+02,2.000000000000000000e+01,1.560997999999999907e-06,0.000000000000000000e+00
1.227436861973921367e+02,2.047221378763026109e+02,2.000000000000000000e+01,1.661683000000000070e-06,0.000000000000000000e+00
1.231589549935059580e+02,2.047217226075064787e+02,2.000000000000000000e+01,1.602601999999999966e-06,0.000000000000000000e+00
1.235467730111591038e+02,2.047213347894888500e+02,2.000000000000000000e+01,1.660548000000000080e-06,0.000000000000000000e+00
1.239688759103901532e+02,2.047209126865895996e+02,2.000000000000000000e+01,1.679626000000000061e-06,0.000000000000000000e+00
1.243871954877340755e+02,2.047204943670122645e+02,2.000000000000000000e+01,1.671870000000000054e-06,1.000000000000000000e+00
1.248077079538515051e+02,2.047200738545461434e+02,2.000000000000000000e+01,1.678898000000000083e-06,1.000000000000000000e+00
1.252352779739008355e+02,2.047196462845261067e+02,2.000000000000000000e+01,1.658510999999999968e-06,1.000000000000000000e+00
1.256643882837149988e+02,2.047192171742162827e+02,2.000000000000000000e+01,1.670239999999999953e-06,1.000000000000000000e+00
1.260519049270813952e+02,2.047188296575729112e+02,2.000000000000000000e+01,1.720284000000000054e-06,1.000000000000000000e+00
1.264733248732840423e+02,2.047184082376267042e+02,2.000000000000000000e+01,1.703738000000000085e-06,1.000000000000000000e+00
1.269197009371406750e+02,2.047179618615628556e+02,2.000000000000000000e+01,1.715844999999999917e-06,1.000000000000000000e+00
1.273577165573507415e+02,2.047175238459426510e+02,2.000000000000000000e+01,1.752428999999999896e-06,1.000000000000000000e+00
1.277658158497042393e+02,2.047171157466502791e+02,2.000000000000000000e+01,1.751047000000000076e-06,1.000000000000000000e+00
1.281749195702379609e+02,2.047167066429297506e+02,2.000000000000000000e+01,1.688050999999999900e-06,1.000000000000000000e+00
1.285935132592496188e+02,2.047162880492407453e+02,2.000000000000000000e+01,1.730236999999999931e-06,1.000000000000000000e+00
1.290018175948259795e+02,2.047158797449051804e+02,2.000000000000000000e+01,1.723965000000000019e-06,0.000000000000000000e+00
1.294321398638936387e+02,2.047154494226361123e+02,2.000000000000000000e+01,1.697263000000000075e-06,0.000000000000000000e+00
1.298534535197200910e+02,2.047150281089802775e+02,2.000000000000000000e+01,1.716703999999999912e-06,0.000000000000000000e+00
1.302706894323697213e+02,2.047146108730676133e+02,2.000000000000000000e+01,1.722626999999999931e-06,0.000000000000000000e+00
1.306903900760728447e+02,2.047141911724239378e+02,2.000000000000000000e+01,1.708424000000000052e-06,0.000000000000000000e+00
1.310968516246448701e+02,2.047137847108753590e+02,2.000000000000000000e+01,1.666965999999999999e-06,0.000000000000000000e+00
1.315061994225885940e+02,2.047133753630774038e+02,2.000000000000000000e+01,1.667576999999999925e-06,1.000000000000000000e+00
1.319360165676613406e+02,2.047129455459323424e+02,2.000000000000000000e+01,1.640845000000000000e-06,1.000000000000000000e+00
1.323285107797127580e+02,2.047125530517202776e+02,2.000000000000000000e+01,1.698543000000000044e-06,1.000000000000000000e+00
1.327747802542560578e+02,2.047121067822457405e+02,2.000000000000000000e+01,1.720486999999999940e-06,1.000000000000000000e+00
1.331759714019084129e+02,2.047117055910980810e+02,2.000000000000000000e+01,1.697334999999999945e-06,1.000000000000000000e+00
1.335686962355872538e+02,2.047113128662644215e+02,2.000000000000000000e+01,1.740394999999999962e-06,1.000000000000000000e+00
1.340096772147209947e+02,2.047108718852852860e+02,2.000000000000000000e+01,1.613035999999999992e-06,1.000000000000000000e+00
1.344097624496767764e+02,2.047104718000503283e+02,2.000000000000000000e+01,1.602093000000000104e-06,1.000000000000000000e+00
1.348333742858369533e+02,2.047100481882141594e+02,2.000000000000000000e+01,1.595763000000000073e-06,1.000000000000000000e+00
1.352771404416524206e+02,2.047096044220583337e+02,2.000000000000000000e+01,1.637556000000000056e-06,1.000000000000000000e+00
1.356567408985901295e+02,2.047092248216013957e+02,2.000000000000000000e+01,1.705542999999999935e-06,0.000000000000000000e+00
1.360851879082131859e+02,2.047087963745917705e+02,2.000000000000000000e+01,1.621126999999999929e-06,0.000000000000000000e+00
1.365188682490523888e+02,2.047083626942509511e+02,2.000000000000000000e+01,1.591644999999999903e-06,0.000000000000000000e+00
1.369297247280534293e+02,2.047079518377719296e+02,2.000000000000000000e+01,1.658016000000000068e-06,0.000000000000000000e+00
1.373393855193110937e+02,2.047075421769806951e+02,2.000000000000000000e+01,1.590203999999999937e-06,0.000000000000000000e+00
1.377846633924094704e+02,2.047070968991075972e+02,2.000000000000000000e+01,1.622261999999999919e-06,0.000000000000000000e+00
1.382075808235792920e+02,2.047066739816764311e+02,2.000000000000000000e+01,1.438441999999999958e-06,0.000000000000000000e+00
1.386230994761311592e+02,2.047062584630238575e+02,2.000000000000000000e+01,1.512512000000000038e-06,0.000000000000000000e+00
1.390569228425400468e+02,2.047058246396574646e+02,2.000000000000000000e+01,1.546184999999999919e-06,0.000000000000000000e+00
1.394508361260436686e+02,2.047054307263739474e+02,2.000000000000000000e+01,1.421838999999999898e-06,0.000000000000000000e+00
1.398816253156080052e+02,2.047049999371843967e+02,2.000000000000000000e+01,1.391424999999999981e-06,0.000000000000000000e+00
1.403070058742793549e+02,2.047045745566257153e+02,2.000000000000000000e+01,1.442370999999999992e-06,0.000000000000000000e+00
1.407133043600508984e+02,2.047041682581399584e+02,2.000000000000000000e+01,1.554929999999999908e-06,0.000000000000000000e+00
1.411283506700241333e+02,2.047037532118299623e+02,2.000000000000000000e+01,1.485357999999999899e-06,0.000000000000000000e+00
1.415160770179545580e+02,2.047033654854820384e+02,2.000000000000000000e+01,1.435764999999999966e-06,0.000000000000000000e+00
1.419529995321265403e+02,2.047029285629678839e+02,2.000000000000000000e+01,1.553693000000000068e-06,0.000000000000000000e+00
1.423745222152157908e+02,2.047025070402847859e+02,2.000000000000000000e+01,1.465668999999999993e-06,0.000000000000000000e+00
1.427939268263104111e+02,2.047020876356736778e+02,2.000000000000000000e+01,1.467225999999999986e-06,0.000000000000000000e+00
1.432192083789328763e+02,2.047016623541210549e+02,2.000000000000000000e+01,1.402614999999999911e-06,0.000000000000000000e+00
1.436070052293582933e+02,2.047012745572706365e+02,2.000000000000000000e+01,1.469495999999999965e-06,0.000000000000000000e+00
1.440448978332498484e+02,2.047008366646667525e+02,2.000000000000000000e+01,1.467429999999999899e-06,0.000000000000000000e+00
1.444398198710747181e+02,2.047004417426289251e+02,2.000000000000000000e+01,1.501350000000000034e-06,0.000000000000000000e+00
1.448677986516308067e+02,2.047000137638483750e+02,2.000000000000000000e+01,1.496854000000000018e-06,0.000000000000000000e+00
1.453034936161645021e+02,2.046995780688838238e+02,2.000000000000000000e+01,1.555613999999999943e-06,0.000000000000000000e+00
1.457064644760686178e+02,2.046991750980239146e+02,2.000000000000000000e+01,1.456529999999999927e-06,0.000000000000000000e+00
1.461123408782866875e+02,2.046987692216217170e+02,2.000000000000000000e+01,1.601772999999999953e-06,0.000000000000000000e+00
1.465497728509947990e+02,2.046983317896489893e+02,2.000000000000000000e+01,1.599168000000000043e-06,0.000000000000000000e+00
1.469736652496183353e+02,2.046979078972503885e+02,2.000000000000000000e+01,1.616383000000000055e-06,0.000000000000000000e+00
1.474141848599691400e+02,2.046974673776400380e+02,2.000000000000000000e+01,1.616136000000000013e-06,0.000000000000000000e+00
1.478085600305343519e+02,2.046970730024694660e+02,2.000000000000000000e+01,1.523861999999999938e-06,0.000000000000000000e+00
1.482324484213841060e+02,2.046966491140786104e+02,2.000000000000000000e+01,1.655644000000000025e-06,0.000000000000000000e+00
1.486735463412410070e+02,2.046962080161587494e+02,2.000000000000000000e+01,1.656254999999999951e-06,0.000000000000000000e+00
1.490610702616624224e+02,2.046958204922383402e+02,2.000000000000000000e+01,1.565203999999999965e-06,0.000000000000000000e+00
1.494805745075688606e+02,2.046954009879924286e+02,2.000000000000000000e+01,1.513573999999999919e-06,0.000000000000000000e+00
1.499113446719951526e+02,2.046949702178280006e+02,2.000000000000000000e+01,1.659457000000000034e-06,0.000000000000000000e+00
1.503138947864214288e+02,2.046945676677135850e+02,2.000000000000000000e+01,1.700217000000000090e-06,0.000000000000000000e+00
1.507615575181627037e+02,2.046941200049818406e+02,2.000000000000000000e+01,1.558465999999999895e-06,0.000000000000000000e+00
1.511468684362516512e+02,2.046937346940637497e+02,2.000000000000000000e+01,1.487991999999999974e-06,0.000000000000000000e+00
1.515673035820500161e+02,2.046933142589179511e+02,2.000000000000000000e+01,1.455278999999999912e-06,0.000000000000000000e+00
1.519856911981262897e+02,2.046928958713018574e+02,2.000000000000000000e+01,1.481312000000000023e-06,0.000000000000000000e+00
1.523939396555268786e+02,2.046924876228444816e+02,2.000000000000000000e+01,1.521154999999999965e-06,0.000000000000000000e+00
1.528191069283465424e+02,2.046920624555716586e+02,2.000000000000000000e+01,1.524589999999999916e-06,0.000000000000000000e+00
1.532206387504933787e+02,2.046916609237495095e+02,2.000000000000000000e+01,1.615465999999999942e-06,0.000000000000000000e+00
1.536570491282568014e+02,2.046912245133717363e+02,2.000000000000000000e+01,1.610053000000000024e-06,0.000000000000000000e+00
1.540590800393832183e+02,2.046908224824606179e+02,2.000000000000000000e+01,1.569030999999999937e-06,0.000000000000000000e+00
1.544635803735775994e+02,2.046904179821264051e+02,2.000000000000000000e+01,1.556734999999999970e-06,0.000000000000000000e+00
1.548974076269870466e+02,2.046899841548730024e+02,2.000000000000000000e+01,1.624605000000000008e-06,0.000000000000000000e+00
1.553318186629139461e+02,2.046895497438370910e+02,2.000000000000000000e+01,1.548746000000000096e-06,0.000000000000000000e+00
1.557245237298176335e+02,2.046891570387701904e+02,2.000000000000000000e+01,1.573862000000000094e-06,0.000000000000000000e+00
1.561621775929175442e+02,2.046887193849070741e+02,2.000000000000000000e+01,1.539316000000000044e-06,0.000000000000000000e+00
1.565636666516883224e+02,2.046883178958483143e+02,2.000000000000000000e+01,1.517590000000000025e-06,0.000000000000000000e+00
1.569689258301009147e+02,2.046879126366698927e+02,2.000000000000000000e+01,1.604654000000000070e-06,0.000000000000000000e+00
1.574025366974323390e+02,2.046874790258025598e+02,2.000000000000000000e+01,1.661814000000000087e-06,0.000000000000000000e+00
1.578336648771876582e+02,2.046870478976228185e+02,2.000000000000000000e+01,1.614098000000000085e-06,0.000000000000000000e+00
1.582646523712838871e+02,2.046866169101287198e+02,2.000000000000000000e+01,1.558582999999999948e-06,0.000000000000000000e+00
1.586962925459220344e+02,2.046861852699540805e+02,2.000000000000000000e+01,1.625420000000000059e-06,0.000000000000000000e+00
1.591138690304699423e+02,2.046857676934695291e+02,2.000000000000000000e+01,1.679946000000000000e-06,0.000000000000000000e+00
0.000000000000000000e+00,2.048448815625000066e+02,2.500000000000000000e+01,2.349931999999999848e-05,0.000000000000000000e+00
0.000000000000000000e+00,2.048448815625000066e+02,2.500000000000000000e+01,-9.881333000000000011e-07,0.000000000000000000e+00
0.000000000000000000e+00,2.048448815625000066e+02,2.500000000000000000e+01,-2.114393000000000145e-08,0.000000000000000000e+00
5.896391157667799782e-02,2.048448225985884221e+02,2.500000000000000000e+01,5.960027999999999826e-07,0.000000000000000000e+00
2.159698723199122983e-01,2.048446655926276776e+02,2.500000000000000000e+01,1.068764999999999922e-06,0.000000000000000000e+00
4.080152901991344061e-01,2.048444735472097875e+02,2.500000000000000000e+01,1.431225000000000006e-06,0.000000000000000000e+00
6.398201803334584437e-01,2.048442417423196673e+02,2.500000000000000000e+01,1.705134999999999896e-06,0.000000000000000000e+00
9.012711776356400195e-01,2.048439802913223673e+02,2.500000000000000000e+01,1.564273000000000100e-06,0.000000000000000000e+00
1.204670329474804458e+00,2.048436768921705209e+02,2.500000000000000000e+01,1.521243000000000065e-06,0.000000000000000000e+00
1.558978417609680811e+00,2.048433225840823866e+02,2.500000000000000000e+01,1.429113999999999968e-06,0.000000000000000000e+00
1.944501150034698034e+00,2.048429370613499714e+02,2.500000000000000000e+01,1.535415999999999963e-06,0.000000000000000000e+00
2.352390764970722081e+00,2.048425291717350376e+02,2.500000000000000000e+01,1.565262000000000083e-06,0.000000000000000000e+00
2.783285486864305103e+00,2.048420982770131218e+02,2.500000000000000000e+01,1.630279999999999958e-06,0.000000000000000000e+00
3.194612499658976645e+00,2.048416869500003372e+02,2.500000000000000000e+01,1.688953000000000023e-06,0.000000000000000000e+00
3.579122401272265108e+00,2.048413024400987297e+02,2.500000000000000000e+01,1.685956000000000092e-06,0.000000000000000000e+00
4.019830256332450169e+00,2.048408617322436669e+02,2.500000000000000000e+01,1.742286000000000068e-06,0.000000000000000000e+00
4.443515595085760772e+00,2.048404380469049215e+02,2.500000000000000000e+01,1.731329000000000005e-06,0.000000000000000000e+00
4.842575552508408876e+00,2.048400389869474907e+02,2.500000000000000000e+01,1.862208999999999970e-06,0.000000000000000000e+00
5.266510073618167809e+00,2.048396150524263817e+02,2.500000000000000000e+01,1.694773999999999979e-06,0.000000000000000000e+00
5.711687335902668750e+00,2.048391698751640888e+02,2.500000000000000000e+01,1.603460999999999961e-06,0.000000000000000000e+00
6.112767830873621300e+00,2.048387687946691358e+02,2.500000000000000000e+01,1.642358000000000048e-06,0.000000000000000000e+00
6.550283503251509210e+00,2.048383312789967476e+02,2.500000000000000000e+01,1.676395000000000024e-06,0.000000000000000000e+00
6.974139283591774152e+00,2.048379074232163930e+02,2.500000000000000000e+01,1.667270999999999948e-06,0.000000000000000000e+00
7.373113848173858287e+00,2.048375084486518176e+02,2.500000000000000000e+01,1.716005000000000098e-06,0.000000000000000000e+00
7.796896742842147177e+00,2.048370846657571462e+02,2.500000000000000000e+01,1.632739000000000073e-06,0.000000000000000000e+00
8.245375347989503112e+00,2.048366361871520098e+02,2.500000000000000000e+01,1.769702000000000027e-06,0.000000000000000000e+00
8.637481243032517852e+00,2.048362440812569503e+02,2.500000000000000000e+01,1.727763000000000037e-06,0.000000000000000000e+00
9.035745827687652110e+00,2.048358458166723040e+02,2.500000000000000000e+01,1.750770000000000053e-06,0.000000000000000000e+00
9.469336701090846020e+00,2.048354122257989047e+02,2.500000000000000000e+01,1.722349999999999908e-06,0.000000000000000000e+00
9.902469459061524759e+00,2.048349790930409426e+02,2.500000000000000000e+01,1.726729999999999898e-06,0.000000000000000000e+00
1.030122301961831965e+01,2.048345803394803681e+02,2.500000000000000000e+01,1.702472000000000079e-06,0.000000000000000000e+00
1.074996027460439407e+01,2.048341316022253977e+02,2.500000000000000000e+01,1.704349000000000011e-06,0.000000000000000000e+00
1.113534208836937012e+01,2.048337462204116264e+02,2.500000000000000000e+01,1.700187999999999924e-06,0.000000000000000000e+00
1.153886244223918567e+01,2.048333427000577558e+02,2.500000000000000000e+01,1.714549999999999957e-06,0.000000000000000000e+00
1.196258782315716473e+01,2.048329189746768293e+02,2.500000000000000000e+01,1.791414000000000082e-06,0.000000000000000000e+00
1.238119574817701007e+01,2.048325003667518160e+02,2.500000000000000000e+01,1.722757999999999947e-06,0.000000000000000000e+00
1.280130857814017986e+01,2.048320802539218448e+02,2.500000000000000000e+01,1.765961999999999915e-06,0.000000000000000000e+00
1.322816415066133189e+01,2.048316533983493457e+02,2.500000000000000000e+01,1.749097000000000035e-06,0.000000000000000000e+00
1.361593876606143994e+01,2.048312656237339411e+02,2.500000000000000000e+01,1.741762000000000003e-06,0.000000000000000000e+00
1.403341523629943133e+01,2.048308481472637084e+02,2.500000000000000000e+01,1.732506999999999911e-06,0.000000000000000000e+00
1.446784334947952821e+01,2.048304137191505276e+02,2.500000000000000000e+01,1.732084999999999909e-06,0.000000000000000000e+00
1.488613096004612046e+01,2.048299954315399418e+02,2.500000000000000000e+01,1.729335000000000020e-06,0.000000000000000000e+00
1.530666038402081952e+01,2.048295749021159793e+02,2.500000000000000000e+01,1.683977000000000098e-06,0.000000000000000000e+00
1.573442661419142752e+01,2.048291471358858189e+02,2.500000000000000000e+01,1.701090000000000047e-06,0.000000000000000000e+00
1.614976188435868210e+01,2.048287318006156283e+02,2.500000000000000000e+01,1.671956999999999915e-06,0.000000000000000000e+00
1.653753372038062963e+01,2.048283440287796111e+02,2.500000000000000000e+01,1.658845999999999897e-06,0.000000000000000000e+00
1.697116156557812161e+01,2.048279104009344280e+02,2.500000000000000000e+01,1.720560000000000049e-06,0.000000000000000000e+00
1.740336293969465586e+01,2.048274781995602893e+02,2.500000000000000000e+01,1.680134999999999924e-06,0.000000000000000000e+00
1.783417959584480883e+01,2.048270473829041407e+02,2.500000000000000000e+01,1.694832000000000098e-06,0.000000000000000000e+00
1.826485085813923703e+01,2.048266167116418615e+02,2.500000000000000000e+01,1.672292000000000056e-06,0.000000000000000000e+00
1.866531005267176013e+01,2.048262162524473240e+02,2.500000000000000000e+01,1.641120999999999995e-06,0.000000000000000000e+00
1.907102544889336926e+01,2.048258105370510975e+02,2.500000000000000000e+01,1.706633999999999981e-06,0.000000000000000000e+00
1.948862775733339703e+01,2.048253929347426663e+02,2.500000000000000000e+01,1.649604999999999980e-06,0.000000000000000000e+00
1.993051323930516006e+01,2.048249510492607044e+02,2.500000000000000000e+01,1.536099999999999997e-06,0.000000000000000000e+00
2.035174980094229014e+01,2.048245298126990406e+02,2.500000000000000000e+01,1.612163000000000035e-06,0.000000000000000000e+00
2.076932473983083938e+01,2.048241122377601755e+02,2.500000000000000000e+01,1.642911000000000066e-06,0.000000000000000000e+00
2.118901728014419206e+01,2.048236925452198420e+02,2.500000000000000000e+01,1.570849999999999961e-06,0.000000000000000000e+00
2.159396053173024299e+01,2.048232876019682749e+02,2.500000000000000000e+01,1.651119000000000056e-06,0.000000000000000000e+00
2.199337757276138561e+01,2.048228881849272227e+02,2.500000000000000000e+01,1.647072999999999968e-06,1.000000000000000000e+00
2.240291980137299532e+01,2.048224786426986270e+02,2.500000000000000000e+01,1.637031999999999991e-06,1.000000000000000000e+00
2.282747278933180723e+01,2.048220540897106616e+02,2.500000000000000000e+01,1.659237999999999918e-06,1.000000000000000000e+00
2.325121566106061621e+01,2.048216303468389299e+02,2.500000000000000000e+01,1.648994000000000055e-06,1.000000000000000000e+00
2.365900738617683530e+01,2.048212225551138204e+02,2.500000000000000000e+01,1.618885999999999902e-06,1.000000000000000000e+00
2.407394498761897950e+01,2.048208076175123722e+02,2.500000000000000000e+01,1.690844999999999945e-06,1.000000000000000000e+00
2.449794391755332157e+01,2.048203836185824400e+02,2.500000000000000000e+01,1.666063000000000061e-06,1.000000000000000000e+00
2.492876089054672661e+01,2.048199528016094462e+02,2.500000000000000000e+01,1.654595999999999896e-06,1.000000000000000000e+00
2.532457078961636299e+01,2.048195569917103853e+02,2.500000000000000000e+01,1.678200000000000085e-06,1.000000000000000000e+00
2.575533700743824994e+01,2.048191262254925675e+02,2.500000000000000000e+01,1.687992999999999993e-06,1.000000000000000000e+00
2.617214558532576874e+01,2.048187094169146576e+02,2.500000000000000000e+01,1.719337999999999987e-06,1.000000000000000000e+00
2.660372597018058372e+01,2.048182778365298304e+02,2.500000000000000000e+01,1.698862999999999984e-06,1.000000000000000000e+00
2.703083337450631873e+01,2.048178507291254959e+02,2.500000000000000000e+01,1.673121000000000070e-06,1.000000000000000000e+00
2.745626651723016920e+01,2.048174252959827584e+02,2.500000000000000000e+01,1.637585000000000009e-06,1.000000000000000000e+00
2.785250243088267652e+01,2.048170290600691033e+02,2.500000000000000000e+01,1.665379000000000026e-06,1.000000000000000000e+00
2.828674436490290844e+01,2.048165948181350871e+02,2.500000000000000000e+01,1.679349000000000038e-06,1.000000000000000000e+00
2.871096256374045907e+01,2.048161705999362425e+02,2.500000000000000000e+01,1.599909999999999984e-06,1.000000000000000000e+00
2.912261755641820926e+01,2.048157589449435818e+02,2.500000000000000000e+01,1.626030999999999984e-06,1.000000000000000000e+00
2.950968377787791042e+01,2.048153718787221180e+02,2.500000000000000000e+01,1.620225000000000018e-06,1.000000000000000000e+00
2.995775901715212797e+01,2.048149238034828556e+02,2.500000000000000000e+01,1.660461000000000008e-06,1.000000000000000000e+00
3.036979809573791655e+01,2.048145117644042728e+02,2.500000000000000000e+01,1.655861999999999902e-06,1.000000000000000000e+00
3.078824887180932635e+01,2.048140933136281774e+02,2.500000000000000000e+01,1.641470999999999916e-06,1.000000000000000000e+00
3.121235200466508886e+01,2.048136692104953340e+02,2.500000000000000000e+01,1.690903000000000063e-06,1.000000000000000000e+00
3.161510334883942974e+01,2.048132664591511514e+02,2.500000000000000000e+01,1.655368000000000030e-06,1.000000000000000000e+00
3.201571759302356668e+01,2.048128658449069803e+02,2.500000000000000000e+01,1.649823000000000069e-06,1.000000000000000000e+00
3.244338028713944766e+01,2.048124381822128441e+02,2.500000000000000000e+01,1.624517999999999936e-06,1.000000000000000000e+00
3.286841687440934834e+01,2.048120131456255990e+02,2.500000000000000000e+01,1.670923999999999987e-06,1.000000000000000000e+00
3.327215495190839789e+01,2.048116094075480760e+02,2.500000000000000000e+01,1.678054000000000078e-06,1.000000000000000000e+00
3.371788113637447992e+01,2.048111636813636096e+02,2.500000000000000000e+01,1.659122000000000105e-06,0.000000000000000000e+00
3.410882731218147512e+01,2.048107727351878111e+02,2.500000000000000000e+01,1.694163000000000054e-06,0.000000000000000000e+00
3.452056513329976184e+01,2.048103609973667005e+02,2.500000000000000000e+01,1.645253999999999944e-06,0.000000000000000000e+00
3.494751988202636994e+01,2.048099340426179822e+02,2.500000000000000000e+01,1.672117000000000096e-06,0.000000000000000000e+00
3.536769877391010652e+01,2.048095138637260959e+02,2.500000000000000000e+01,1.652632000000000104e-06,0.000000000000000000e+00
3.577682568954411835e+01,2.048091047368104398e+02,2.500000000000000000e+01,1.534238000000000056e-06,0.000000000000000000e+00
3.620096399656488728e+01,2.048086805985034289e+02,2.500000000000000000e+01,1.653796000000000047e-06,0.000000000000000000e+00
3.663889577989238688e+01,2.048082426667201048e+02,2.500000000000000000e+01,1.682666999999999936e-06,0.000000000000000000e+00
3.702390419580620318e+01,2.048078576583041865e+02,2.500000000000000000e+01,1.709209999999999937e-06,0.000000000000000000e+00
3.744764235267175678e+01,2.048074339201473322e+02,2.500000000000000000e+01,1.624051999999999990e-06,0.000000000000000000e+00
3.787153406140412670e+01,2.048070100284385830e+02,2.500000000000000000e+01,1.609135999999999911e-06,0.000000000000000000e+00
3.831682358030406021e+01,2.048065647389196897e+02,2.500000000000000000e+01,1.631313000000000097e-06,0.000000000000000000e+00
3.873107253017796836e+01,2.048061504899698093e+02,2.500000000000000000e+01,1.622567999999999895e-06,0.000000000000000000e+00
3.917204793087361736e+01,2.048057095145691164e+02,2.500000000000000000e+01,1.559631000000000077e-06,0.000000000000000000e+00
3.957159723733518319e+01,2.048053099652626656e+02,2.500000000000000000e+01,1.566193999999999975e-06,0.000000000000000000e+00
3.997782033769889409e+01,2.048049037421623098e+02,2.500000000000000000e+01,1.588952999999999921e-06,0.000000000000000000e+00
4.041078508572792316e+01,2.048044707774142807e+02,2.500000000000000000e+01,1.655163999999999905e-06,0.000000000000000000e+00
4.084127865194856355e+01,2.048040402838480531e+02,2.500000000000000000e+01,1.619278999999999951e-06,0.000000000000000000e+00
4.123718268204103765e+01,2.048036443798179675e+02,2.500000000000000000e+01,1.578970000000000063e-06,0.000000000000000000e+00
4.165054961734612249e+01,2.048032310128826623e+02,2.500000000000000000e+01,1.541090999999999913e-06,0.000000000000000000e+00
4.207664623795272263e+01,2.048028049162620334e+02,2.500000000000000000e+01,1.550520999999999965e-06,0.000000000000000000e+00
4.246205187655873914e+01,2.048024195106234515e+02,2.500000000000000000e+01,1.482737999999999999e-06,0.000000000000000000e+00
4.290687162786259279e+01,2.048019746908721288e+02,2.500000000000000000e+01,1.479696999999999912e-06,0.000000000000000000e+00
4.330060144503480757e+01,2.048015809610549525e+02,2.500000000000000000e+01,1.535373000000000046e-06,0.000000000000000000e+00
4.372750525448618220e+01,2.048011540572454976e+02,2.500000000000000000e+01,1.553911999999999972e-06,0.000000000000000000e+00
4.415596044212367843e+01,2.048007256020578666e+02,2.500000000000000000e+01,1.470470999999999986e-06,0.000000000000000000e+00
4.454334038582447164e+01,2.048003382221141635e+02,2.500000000000000000e+01,1.447507999999999914e-06,0.000000000000000000e+00
4.496620385383096874e+01,2.047999153586461603e+02,2.500000000000000000e+01,1.484614999999999930e-06,0.000000000000000000e+00
4.539692482262366724e+01,2.047994846376773808e+02,2.500000000000000000e+01,1.441672999999999995e-06,0.000000000000000000e+00
4.583543557012333736e+01,2.047990461269298805e+02,2.500000000000000000e+01,1.532651000000000083e-06,0.000000000000000000e+00
4.623547470610687071e+01,2.047986460877938839e+02,2.500000000000000000e+01,1.524589999999999916e-06,0.000000000000000000e+00
4.665589365096269603e+01,2.047982256688490281e+02,2.500000000000000000e+01,1.495690000000000074e-06,0.000000000000000000e+00
4.707659373159805938e+01,2.047978049687683892e+02,2.500000000000000000e+01,1.246312999999999971e-06,0.000000000000000000e+00
4.749316613628280237e+01,2.047973883963637149e+02,2.500000000000000000e+01,1.453168999999999901e-06,0.000000000000000000e+00
4.792413361970853458e+01,2.047969574288802903e+02,2.500000000000000000e+01,1.506836000000000060e-06,0.000000000000000000e+00
4.833205695682158165e+01,2.047965495055431688e+02,2.500000000000000000e+01,1.399138000000000071e-06,0.000000000000000000e+00
4.876291436715752070e+01,2.047961186481328468e+02,2.500000000000000000e+01,1.414359000000000099e-06,0.000000000000000000e+00
4.918116511061044349e+01,2.047957003973893961e+02,2.500000000000000000e+01,1.457607000000000010e-06,0.000000000000000000e+00
4.959919446538480514e+01,2.047952823680346057e+02,2.500000000000000000e+01,1.348423999999999899e-06,0.000000000000000000e+00
4.999815032456464081e+01,2.047948834121754373e+02,2.500000000000000000e+01,1.363296000000000034e-06,0.000000000000000000e+00
5.042918423525839700e+01,2.047944523782647366e+02,2.500000000000000000e+01,1.375156000000000035e-06,0.000000000000000000e+00
5.083763224358613542e+01,2.047940439302564073e+02,2.500000000000000000e+01,1.376639999999999918e-06,0.000000000000000000e+00
5.126837053093622387e+01,2.047936131919690581e+02,2.500000000000000000e+01,1.401174999999999972e-06,0.000000000000000000e+00
5.168783378736713985e+01,2.047931937287126232e+02,2.500000000000000000e+01,1.393418999999999965e-06,0.000000000000000000e+00
5.207116967103713279e+01,2.047928103928289545e+02,2.500000000000000000e+01,1.334934000000000008e-06,0.000000000000000000e+00
5.250396979398823305e+01,2.047923775927060035e+02,2.500000000000000000e+01,1.372347000000000000e-06,0.000000000000000000e+00
5.293388334098153791e+01,2.047919476791590228e+02,2.500000000000000000e+01,1.422507999999999942e-06,0.000000000000000000e+00
5.332603699312976886e+01,2.047915555255068796e+02,2.500000000000000000e+01,1.406064000000000036e-06,0.000000000000000000e+00
5.377254661074363895e+01,2.047911090158892478e+02,2.500000000000000000e+01,1.423889999999999974e-06,0.000000000000000000e+00
5.419260438412808156e+01,2.047906889581158794e+02,2.500000000000000000e+01,1.431734000000000080e-06,0.000000000000000000e+00
5.458003991539216315e+01,2.047903015225845991e+02,2.500000000000000000e+01,1.351072999999999964e-06,0.000000000000000000e+00
5.500899166751484159e+01,2.047898725708324719e+02,2.500000000000000000e+01,1.407738000000000082e-06,0.000000000000000000e+00
5.542265307812810704e+01,2.047894589094218816e+02,2.500000000000000000e+01,1.458625999999999975e-06,0.000000000000000000e+00
5.583097807027839110e+01,2.047890505844297309e+02,2.500000000000000000e+01,1.443418999999999910e-06,0.000000000000000000e+00
5.627708715510063087e+01,2.047886044753448971e+02,2.500000000000000000e+01,1.480933999999999965e-06,0.000000000000000000e+00
5.667860793587633594e+01,2.047882029545641274e+02,2.500000000000000000e+01,1.388107000000000083e-06,0.000000000000000000e+00
5.708603056862641267e+01,2.047877955319313799e+02,2.500000000000000000e+01,1.413063999999999927e-06,0.000000000000000000e+00
5.750158506499257527e+01,2.047873799774349948e+02,2.500000000000000000e+01,1.463558999999999983e-06,0.000000000000000000e+00
5.794334011676425433e+01,2.047869382223832417e+02,2.500000000000000000e+01,1.446722000000000029e-06,0.000000000000000000e+00
5.837410510340041725e+01,2.047865074573965956e+02,2.500000000000000000e+01,1.395892000000000043e-06,0.000000000000000000e+00
5.880040055567262414e+01,2.047860811619443382e+02,2.500000000000000000e+01,1.401844000000000016e-06,0.000000000000000000e+00
5.920499803663159355e+01,2.047856765644633583e+02,2.500000000000000000e+01,1.455263999999999921e-06,0.000000000000000000e+00
5.963306611169159055e+01,2.047852484963883057e+02,2.500000000000000000e+01,1.494307000000000015e-06,0.000000000000000000e+00
6.006300345831898113e+01,2.047848185590416676e+02,2.500000000000000000e+01,1.488632000000000065e-06,0.000000000000000000e+00
6.045436127804153159e+01,2.047844272012219449e+02,2.500000000000000000e+01,1.435647999999999913e-06,0.000000000000000000e+00
6.087880374019214713e+01,2.047840027587598115e+02,2.500000000000000000e+01,1.420397999999999932e-06,0.000000000000000000e+00
6.128666592353233966e+01,2.047835948965764601e+02,2.500000000000000000e+01,1.417211000000000050e-06,0.000000000000000000e+00
6.171022272430884925e+01,2.047831713397756914e+02,2.500000000000000000e+01,1.375462000000000012e-06,0.000000000000000000e+00
6.212567571885233519e+01,2.047827558867811319e+02,2.500000000000000000e+01,1.408799999999999963e-06,0.000000000000000000e+00
6.253690485898996343e+01,2.047823446576410049e+02,2.500000000000000000e+01,1.404739999999999912e-06,0.000000000000000000e+00
6.296054767337007263e+01,2.047819210148266222e+02,2.500000000000000000e+01,1.399384999999999901e-06,0.000000000000000000e+00
6.336028895283121898e+01,2.047815212735471562e+02,2.500000000000000000e+01,1.408465000000000033e-06,0.000000000000000000e+00
6.379095901940969071e+01,2.047810906034805782e+02,2.500000000000000000e+01,1.416949000000000018e-06,0.000000000000000000e+00
6.419414749512154117e+01,2.047806874150048770e+02,2.500000000000000000e+01,1.421591000000000040e-06,0.000000000000000000e+00
6.460335672510403526e+01,2.047802782057748914e+02,2.500000000000000000e+01,1.436129000000000061e-06,0.000000000000000000e+00
6.504670936556404115e+01,2.047798348531344459e+02,2.500000000000000000e+01,1.407767000000000035e-06,0.000000000000000000e+00
6.545110524334532442e+01,2.047794304572566375e+02,2.500000000000000000e+01,1.433626000000000002e-06,0.000000000000000000e+00
6.585986475162182785e+01,2.047790216977483624e+02,2.500000000000000000e+01,1.391177999999999939e-06,0.000000000000000000e+00
6.630133769809160071e+01,2.047785802248019138e+02,2.500000000000000000e+01,1.381267999999999978e-06,0.000000000000000000e+00
6.675029688796355742e+01,2.047781312656120463e+02,2.500000000000000000e+01,1.430322000000000067e-06,0.000000000000000000e+00
6.716602822933178629e+01,2.047777155342706692e+02,2.500000000000000000e+01,1.438981000000000013e-06,0.000000000000000000e+00
6.755346376059586078e+01,2.047773280987393889e+02,2.500000000000000000e+01,1.397435000000000072e-06,0.000000000000000000e+00
6.797439561406172004e+01,2.047769071668859340e+02,2.500000000000000000e+01,1.466948999999999963e-06,0.000000000000000000e+00
6.841215057409382894e+01,2.047764694119259161e+02,2.500000000000000000e+01,1.490668999999999966e-06,0.000000000000000000e+00
6.880653909835635318e+01,2.047760750234016314e+02,2.500000000000000000e+01,1.434221999999999937e-06,0.000000000000000000e+00
6.925493876428618023e+01,2.047756266237357181e+02,2.500000000000000000e+01,1.468143000000000099e-06,0.000000000000000000e+00
6.965449642862596136e+01,2.047752270660713805e+02,2.500000000000000000e+01,1.413966000000000050e-06,0.000000000000000000e+00
7.005912394709359603e+01,2.047748224385529170e+02,2.500000000000000000e+01,1.392035999999999906e-06,0.000000000000000000e+00
7.047923628713945732e+01,2.047744023262128508e+02,2.500000000000000000e+01,1.414548000000000022e-06,0.000000000000000000e+00
7.090282809450386026e+01,2.047739787344054889e+02,2.500000000000000000e+01,1.393651000000000017e-06,0.000000000000000000e+00
7.132887805026999217e+01,2.047735526844497258e+02,2.500000000000000000e+01,1.395922000000000024e-06,0.000000000000000000e+00
7.175880387977099417e+01,2.047731227586202181e+02,2.500000000000000000e+01,1.395325000000000062e-06,0.000000000000000000e+00
7.214941786624963527e+01,2.047727321446337498e+02,2.500000000000000000e+01,1.410938999999999926e-06,0.000000000000000000e+00
7.256532502459712930e+01,2.047723162374753940e+02,2.500000000000000000e+01,1.415785000000000074e-06,0.000000000000000000e+00
7.298428323574061949e+01,2.047718972792642660e+02,2.500000000000000000e+01,1.402891999999999934e-06,0.000000000000000000e+00
7.339273158491467086e+01,2.047714888309150751e+02,2.500000000000000000e+01,1.556865999999999986e-06,0.000000000000000000e+00
7.383437159927140669e+01,2.047710471909007310e+02,2.500000000000000000e+01,1.476234000000000035e-06,0.000000000000000000e+00
7.424180663775376843e+01,2.047706397558622484e+02,2.500000000000000000e+01,1.519569000000000020e-06,0.000000000000000000e+00
7.465602939482613465e+01,2.047702255331051617e+02,2.500000000000000000e+01,1.522669000000000041e-06,0.000000000000000000e+00
7.506406665578855097e+01,2.047698174958442223e+02,2.500000000000000000e+01,1.565349999999999971e-06,0.000000000000000000e+00
7.546612178994166698e+01,2.047694154407100484e+02,2.500000000000000000e+01,1.526087999999999974e-06,0.000000000000000000e+00
7.591145234189745850e+01,2.047689701101581079e+02,2.500000000000000000e+01,1.577573000000000041e-06,0.000000000000000000e+00
7.632400675937246604e+01,2.047685575557406139e+02,2.500000000000000000e+01,1.586522999999999972e-06,0.000000000000000000e+00
7.674586949611683906e+01,2.047681356930038703e+02,2.500000000000000000e+01,1.628882999999999935e-06,0.000000000000000000e+00
7.716097899286982909e+01,2.047677205835071277e+02,2.500000000000000000e+01,1.610315000000000057e-06,0.000000000000000000e+00
7.759367197175572528e+01,2.047672878905282516e+02,2.500000000000000000e+01,1.598774999999999994e-06,0.000000000000000000e+00
7.801580551104942174e+01,2.047668657569889490e+02,2.500000000000000000e+01,1.556181999999999952e-06,0.000000000000000000e+00
7.841607834652545250e+01,2.047664654841534855e+02,2.500000000000000000e+01,1.561741000000000088e-06,0.000000000000000000e+00
7.885445372752114679e+01,2.047660271087724766e+02,2.500000000000000000e+01,1.646985999999999896e-06,0.000000000000000000e+00
7.927605381814711905e+01,2.047656055086818583e+02,2.500000000000000000e+01,1.602063999999999939e-06,0.000000000000000000e+00
7.972205061202852505e+01,2.047651595118879584e+02,2.500000000000000000e+01,1.576204999999999972e-06,0.000000000000000000e+00
8.010970558566580735e+01,2.047647718569143365e+02,2.500000000000000000e+01,1.597466000000000072e-06,0.000000000000000000e+00
8.052524943769714127e+01,2.047643563130623079e+02,2.500000000000000000e+01,1.566732000000000003e-06,0.000000000000000000e+00
8.093451782879408540e+01,2.047639470446711982e+02,2.500000000000000000e+01,1.490218000000000010e-06,0.000000000000000000e+00
8.135914155808102066e+01,2.047635224209419107e+02,2.500000000000000000e+01,1.499443999999999937e-06,0.000000000000000000e+00
8.178812189675682021e+01,2.047630934406032281e+02,2.500000000000000000e+01,1.509440999999999970e-06,0.000000000000000000e+00
8.217983968052674015e+01,2.047627017228194575e+02,2.500000000000000000e+01,1.511537000000000017e-06,0.000000000000000000e+00
8.259434562838306704e+01,2.047622872168716128e+02,2.500000000000000000e+01,1.464519000000000013e-06,0.000000000000000000e+00
8.300299342879104358e+01,2.047618785690712002e+02,2.500000000000000000e+01,1.482273000000000081e-06,0.000000000000000000e+00
8.343337478831514886e+01,2.047614481877116930e+02,2.500000000000000000e+01,1.489199000000000046e-06,0.000000000000000000e+00
8.385454797630312385e+01,2.047610270145237052e+02,2.500000000000000000e+01,1.481123000000000100e-06,0.000000000000000000e+00
8.427199799926265200e+01,2.047606095645007258e+02,2.500000000000000000e+01,1.497217000000000085e-06,0.000000000000000000e+00
8.470315580063912364e+01,2.047601784066993673e+02,2.500000000000000000e+01,1.470602000000000002e-06,0.000000000000000000e+00
8.509919632642970555e+01,2.047597823661735674e+02,2.500000000000000000e+01,1.431980999999999910e-06,0.000000000000000000e+00
8.550873165764571127e+01,2.047593728308423522e+02,2.500000000000000000e+01,1.349093999999999970e-06,0.000000000000000000e+00
8.593804286190145092e+01,2.047589435196381089e+02,2.500000000000000000e+01,1.391002999999999979e-06,0.000000000000000000e+00
8.636894698867924092e+01,2.047585126155113073e+02,2.500000000000000000e+01,1.416105000000000014e-06,0.000000000000000000e+00
8.679561486479931887e+01,2.047580859476352089e+02,2.500000000000000000e+01,1.432432000000000078e-06,0.000000000000000000e+00
8.719856148562037390e+01,2.047576830010143851e+02,2.500000000000000000e+01,1.466862000000000102e-06,0.000000000000000000e+00
8.762745788851485429e+01,2.047572541046114907e+02,2.500000000000000000e+01,1.483509999999999921e-06,0.000000000000000000e+00
8.804294873324852233e+01,2.047568386137667460e+02,2.500000000000000000e+01,1.425927999999999903e-06,0.000000000000000000e+00
8.848744231494070789e+01,2.047563941201850639e+02,2.500000000000000000e+01,1.484498999999999905e-06,0.000000000000000000e+00
8.887362466345695111e+01,2.047560079378365288e+02,2.500000000000000000e+01,1.510328999999999918e-06,0.000000000000000000e+00
8.930997438824343249e+01,2.047555715881117635e+02,2.500000000000000000e+01,1.517838000000000095e-06,0.000000000000000000e+00
8.971260984836918340e+01,2.047551689526516157e+02,2.500000000000000000e+01,1.489518999999999985e-06,0.000000000000000000e+00
9.013938235216211581e+01,2.047547421801478436e+02,2.500000000000000000e+01,1.550870000000000069e-06,0.000000000000000000e+00
9.054383602022899424e+01,2.047543377264797755e+02,2.500000000000000000e+01,1.446197999999999964e-06,0.000000000000000000e+00
9.094799875500422104e+01,2.047539335637449938e+02,2.500000000000000000e+01,1.519728999999999989e-06,0.000000000000000000e+00
9.139174547068084564e+01,2.047534898170293047e+02,2.500000000000000000e+01,1.517983000000000074e-06,0.000000000000000000e+00
9.178710412838306354e+01,2.047530944583716064e+02,2.500000000000000000e+01,1.481951999999999902e-06,0.000000000000000000e+00
9.221066928618759562e+01,2.047526708932138035e+02,2.500000000000000000e+01,1.422115000000000105e-06,0.000000000000000000e+00
9.263829529444879540e+01,2.047522432672055572e+02,2.500000000000000000e+01,1.513442999999999902e-06,0.000000000000000000e+00
9.302693109210912326e+01,2.047518546314078947e+02,2.500000000000000000e+01,1.483072999999999929e-06,0.000000000000000000e+00
9.345263729666898200e+01,2.047514289252033279e+02,2.500000000000000000e+01,1.501145999999999908e-06,0.000000000000000000e+00
9.387226719001232311e+01,2.047510092953099843e+02,2.500000000000000000e+01,1.516746000000000021e-06,0.000000000000000000e+00
9.429167332303956073e+01,2.047505898891769505e+02,2.500000000000000000e+01,1.575200999999999998e-06,0.000000000000000000e+00
9.471650414949503727e+01,2.047501650583504897e+02,2.500000000000000000e+01,1.491746000000000049e-06,0.000000000000000000e+00
9.513058763939190499e+01,2.047497509748606035e+02,2.500000000000000000e+01,1.471067999999999948e-06,0.000000000000000000e+00
9.554469446155390244e+01,2.047493368680384549e+02,2.500000000000000000e+01,1.490377999999999980e-06,0.000000000000000000e+00
9.595768416213050500e+01,2.047489238783378767e+02,2.500000000000000000e+01,1.450883999999999931e-06,0.000000000000000000e+00
9.637663687366560339e+01,2.047485049256263210e+02,2.500000000000000000e+01,1.501467000000000087e-06,0.000000000000000000e+00
9.680105854668640575e+01,2.047480805039533038e+02,2.500000000000000000e+01,1.515828999999999908e-06,0.000000000000000000e+00
9.722493123595504017e+01,2.047476566312640500e+02,2.500000000000000000e+01,1.503910999999999999e-06,0.000000000000000000e+00
9.763497064284010207e+01,2.047472465918571629e+02,2.500000000000000000e+01,1.535387000000000009e-06,0.000000000000000000e+00
9.807226092950689633e+01,2.047468093015704937e+02,2.500000000000000000e+01,1.602456999999999987e-06,0.000000000000000000e+00
9.846358982228116474e+01,2.047464179726777047e+02,2.500000000000000000e+01,1.603067999999999912e-06,0.000000000000000000e+00
9.890697541412211535e+01,2.047459745870858683e+02,2.500000000000000000e+01,1.568114000000000035e-06,0.000000000000000000e+00
9.934605702988504561e+01,2.047455355054701158e+02,2.500000000000000000e+01,1.599225999999999950e-06,0.000000000000000000e+00
9.977446613394828034e+01,2.047451070963660413e+02,2.500000000000000000e+01,1.622494999999999998e-06,0.000000000000000000e+00
1.001702563286857810e+02,2.047447113061712969e+02,2.500000000000000000e+01,1.671810999999999908e-06,0.000000000000000000e+00
1.005853590500423991e+02,2.047442962034499487e+02,2.500000000000000000e+01,1.670996000000000069e-06,0.000000000000000000e+00
1.009798846309762865e+02,2.047439016778690188e+02,2.500000000000000000e+01,1.664826000000000008e-06,0.000000000000000000e+00
1.014200509296898787e+02,2.047434615115703025e+02,2.500000000000000000e+01,1.699824000000000041e-06,0.000000000000000000e+00
1.018281578730048409e+02,2.047430534046270054e+02,2.500000000000000000e+01,1.697480999999999952e-06,0.000000000000000000e+00
1.022591759611380979e+02,2.047426223865388693e+02,2.500000000000000000e+01,1.652093000000000049e-06,0.000000000000000000e+00
1.026591552958801401e+02,2.047422224072041104e+02,2.500000000000000000e+01,1.693435000000000076e-06,0.000000000000000000e+00
1.030643863927691228e+02,2.047418171761072188e+02,2.500000000000000000e+01,1.698877999999999974e-06,0.000000000000000000e+00
1.034836102193883960e+02,2.047413979522806073e+02,2.500000000000000000e+01,1.617837999999999984e-06,0.000000000000000000e+00
1.039071336584395198e+02,2.047409744288415538e+02,2.500000000000000000e+01,1.680672999999999951e-06,0.000000000000000000e+00
1.043334002260632047e+02,2.047405481622739387e+02,2.500000000000000000e+01,1.642198000000000078e-06,0.000000000000000000e+00
1.047407578806746358e+02,2.047401408046193296e+02,2.500000000000000000e+01,1.617706999999999968e-06,0.000000000000000000e+00
1.051548575106021985e+02,2.047397267049894083e+02,2.500000000000000000e+01,1.570878999999999915e-06,0.000000000000000000e+00
1.055703747656585563e+02,2.047393111877343301e+02,2.500000000000000000e+01,1.646490999999999996e-06,0.000000000000000000e+00
1.060119808177871050e+02,2.047388695816822235e+02,2.500000000000000000e+01,1.636798999999999912e-06,0.000000000000000000e+00
1.064356543245783655e+02,2.047384459081754073e+02,2.500000000000000000e+01,1.583116999999999974e-06,0.000000000000000000e+00
1.068381460201687361e+02,2.047380434164798260e+02,2.500000000000000000e+01,1.596083000000000012e-06,0.000000000000000000e+00
1.072709288332259803e+02,2.047376106336667760e+02,2.500000000000000000e+01,1.660751999999999994e-06,1.000000000000000000e+00
1.076949171984732772e+02,2.047371866453015343e+02,2.500000000000000000e+01,1.710650000000000088e-06,1.000000000000000000e+00
1.081318743367260424e+02,2.047367496881632576e+02,2.500000000000000000e+01,1.629247000000000031e-06,1.000000000000000000e+00
1.085173013868982395e+02,2.047363642611130956e+02,2.500000000000000000e+01,1.619031999999999909e-06,1.000000000000000000e+00
1.089410748241131586e+02,2.047359404876758902e+02,2.500000000000000000e+01,1.659674999999999911e-06,1.000000000000000000e+00
1.093833603002836838e+02,2.047354982021997216e+02,2.500000000000000000e+01,1.657449000000000087e-06,1.000000000000000000e+00
1.097766625913785958e+02,2.047351048999086061e+02,2.500000000000000000e+01,1.621185000000000047e-06,1.000000000000000000e+00
1.102007758885496429e+02,2.047346807866114489e+02,2.500000000000000000e+01,1.566469999999999971e-06,1.000000000000000000e+00
1.106134249625469010e+02,2.047342681375374411e+02,2.500000000000000000e+01,1.612556000000000083e-06,1.000000000000000000e+00
1.110233849330375193e+02,2.047338581775669581e+02,2.500000000000000000e+01,1.615423000000000025e-06,1.000000000000000000e+00
1.114474529911496035e+02,2.047334341095088348e+02,2.500000000000000000e+01,1.514111999999999946e-06,1.000000000000000000e+00
1.118460201661299180e+02,2.047330355423338801e+02,2.500000000000000000e+01,1.538835999999999923e-06,1.000000000000000000e+00
1.122818448753071436e+02,2.047325997176246801e+02,2.500000000000000000e+01,1.497857999999999991e-06,1.000000000000000000e+00
1.126867611049858056e+02,2.047321948013950248e+02,2.500000000000000000e+01,1.524545999999999972e-06,1.000000000000000000e+00
1.130878637735369239e+02,2.047317936987264488e+02,2.500000000000000000e+01,1.542167999999999996e-06,1.000000000000000000e+00
1.135251796536184372e+02,2.047313563828463714e+02,2.500000000000000000e+01,1.583379000000000007e-06,1.000000000000000000e+00
1.139266400690855932e+02,2.047309549224309251e+02,2.500000000000000000e+01,1.439416999999999978e-06,1.000000000000000000e+00
1.143502578691285549e+02,2.047305313046308584e+02,2.500000000000000000e+01,1.506589000000000018e-06,1.000000000000000000e+00
1.147964987215652428e+02,2.047300850637784322e+02,2.500000000000000000e+01,1.608422999999999923e-06,1.000000000000000000e+00
1.151908063193597940e+02,2.047296907561806449e+02,2.500000000000000000e+01,1.504230999999999939e-06,1.000000000000000000e+00
1.156086263092704769e+02,2.047292729361907391e+02,2.500000000000000000e+01,1.322202000000000076e-06,1.000000000000000000e+00
1.160296569328793623e+02,2.047288519055671259e+02,2.500000000000000000e+01,8.178904000000000483e-07,1.000000000000000000e+00
1.164317902159880020e+02,2.047284497722840229e+02,2.500000000000000000e+01,9.448558999999999553e-07,1.000000000000000000e+00
1.168691644295628009e+02,2.047280123980704332e+02,2.500000000000000000e+01,1.328341999999999944e-06,1.000000000000000000e+00
1.172942421379100040e+02,2.047275873203620904e+02,2.500000000000000000e+01,1.065855000000000064e-06,1.000000000000000000e+00
1.176853770852417256e+02,2.047271961854147548e+02,2.500000000000000000e+01,1.041000000000000070e-06,1.000000000000000000e+00
1.181286490860899221e+02,2.047267529134139181e+02,2.500000000000000000e+01,1.043095999999999906e-06,1.000000000000000000e+00
1.185442768215866636e+02,2.047263372856783974e+02,2.500000000000000000e+01,7.818743999999999725e-07,1.000000000000000000e+00
1.189667653625382400e+02,2.047259147971374489e+02,2.500000000000000000e+01,9.191862999999999860e-07,1.000000000000000000e+00
1.194121042807318815e+02,2.047254694582192656e+02,2.500000000000000000e+01,9.476206999999999563e-07,1.000000000000000000e+00
1.198110276203153575e+02,2.047250705348796771e+02,2.500000000000000000e+01,9.555515000000000448e-07,1.000000000000000000e+00
1.202349706067415553e+02,2.047246465918932472e+02,2.500000000000000000e+01,1.094841999999999978e-06,1.000000000000000000e+00
1.206441450999305971e+02,2.047242374174000759e+02,2.500000000000000000e+01,9.370560000000000497e-07,1.000000000000000000e+00
1.210639444442441999e+02,2.047238176180557616e+02,2.500000000000000000e+01,1.048174000000000105e-06,1.000000000000000000e+00
1.214833117813970347e+02,2.047233982507185885e+02,2.500000000000000000e+01,9.854266000000000580e-07,1.000000000000000000e+00
1.218805881583969608e+02,2.047230009743416019e+02,2.500000000000000000e+01,1.034044999999999940e-06,1.000000000000000000e+00
1.223160445164701997e+02,2.047225655179835258e+02,2.500000000000000000e+01,9.582873000000000924e-07,1.000000000000000000e+00
1.227256066452142846e+02,2.047221559558547881e+02,2.500000000000000000e+01,1.007807000000000099e-06,1.000000000000000000e+00
1.231408762781032209e+02,2.047217406862218922e+02,2.500000000000000000e+01,9.847862999999999381e-07,1.000000000000000000e+00
1.235687521381045144e+02,2.047213128103618942e+02,2.500000000000000000e+01,1.002205000000000046e-06,1.000000000000000000e+00
1.239541352076511060e+02,2.047209274272923381e+02,2.500000000000000000e+01,9.610084999999999063e-07,0.000000000000000000e+00
1.243736596287298966e+02,2.047205079028712760e+02,2.500000000000000000e+01,9.636860000000000175e-07,0.000000000000000000e+00
1.247974286279730052e+02,2.047200841338720352e+02,2.500000000000000000e+01,9.987415999999999890e-07,0.000000000000000000e+00
1.252214716717479064e+02,2.047196600908282562e+02,2.500000000000000000e+01,1.029096999999999941e-06,0.000000000000000000e+00
1.256615166831181938e+02,2.047192200458168827e+02,2.500000000000000000e+01,1.053748000000000020e-06,0.000000000000000000e+00
1.260690617889312932e+02,2.047188125007110671e+02,2.500000000000000000e+01,1.170731000000000082e-06,0.000000000000000000e+00
1.264709772498536040e+02,2.047184105852501546e+02,2.500000000000000000e+01,9.981885999999999707e-07,0.000000000000000000e+00
1.269167433307092239e+02,2.047179648191692820e+02,2.500000000000000000e+01,1.120759000000000064e-06,0.000000000000000000e+00
1.273406112741239014e+02,2.047175409512258852e+02,2.500000000000000000e+01,1.123538999999999934e-06,0.000000000000000000e+00
1.277405436155447660e+02,2.047171410188844618e+02,2.500000000000000000e+01,1.110674999999999958e-06,0.000000000000000000e+00
1.281815244577093438e+02,2.047167000380422905e+02,2.500000000000000000e+01,1.047155999999999957e-06,0.000000000000000000e+00
1.285969330595064264e+02,2.047162846294404801e+02,2.500000000000000000e+01,1.105770999999999903e-06,1.000000000000000000e+00
1.289884385423027879e+02,2.047158931239576987e+02,2.500000000000000000e+01,1.059219000000000056e-06,1.000000000000000000e+00
1.294182673777623620e+02,2.047154632951222482e+02,2.500000000000000000e+01,1.203690999999999975e-06,1.000000000000000000e+00
1.298587623456666336e+02,2.047150228001543439e+02,2.500000000000000000e+01,1.136752000000000014e-06,1.000000000000000000e+00
1.302570322994448304e+02,2.047146245302005525e+02,2.500000000000000000e+01,1.230437000000000075e-06,1.000000000000000000e+00
1.306739416481564717e+02,2.047142076208518517e+02,2.500000000000000000e+01,1.155917000000000066e-06,1.000000000000000000e+00
1.310960140853158578e+02,2.047137855484146769e+02,2.500000000000000000e+01,1.147956999999999934e-06,1.000000000000000000e+00
1.315045830179389270e+02,2.047133769794820637e+02,2.500000000000000000e+01,1.119653000000000027e-06,1.000000000000000000e+00
1.319288245878143186e+02,2.047129527379121896e+02,2.500000000000000000e+01,1.121297999999999907e-06,1.000000000000000000e+00
1.323277686757794811e+02,2.047125537938242132e+02,2.500000000000000000e+01,1.181208000000000025e-06,1.000000000000000000e+00
1.327741928577562760e+02,2.047121073696422400e+02,2.500000000000000000e+01,1.077991000000000061e-06,1.000000000000000000e+00
1.331596140156141530e+02,2.047117219484843815e+02,2.500000000000000000e+01,1.141132000000000004e-06,1.000000000000000000e+00
1.335827124289766061e+02,2.047112988500710173e+02,2.500000000000000000e+01,1.173539000000000090e-06,1.000000000000000000e+00
1.339984680574278855e+02,2.047108830944425790e+02,2.500000000000000000e+01,1.121850999999999925e-06,1.000000000000000000e+00
1.344065033802914684e+02,2.047104750591197160e+02,2.500000000000000000e+01,1.164823000000000054e-06,1.000000000000000000e+00
1.348374497240137941e+02,2.047100441127759893e+02,2.500000000000000000e+01,1.172942999999999944e-06,1.000000000000000000e+00
1.352666355931057751e+02,2.047096149269068803e+02,2.500000000000000000e+01,1.132910000000000051e-06,0.000000000000000000e+00
1.356599222006520336e+02,2.047092216402993472e+02,2.500000000000000000e+01,1.114326999999999970e-06,0.000000000000000000e+00
1.360751918335409414e+02,2.047088063706664514e+02,2.500000000000000000e+01,1.083055000000000085e-06,0.000000000000000000e+00
1.365147643666804242e+02,2.047083667981333122e+02,2.500000000000000000e+01,1.121108999999999984e-06,0.000000000000000000e+00
1.369152832859562636e+02,2.047079662792140482e+02,2.500000000000000000e+01,1.190783000000000056e-06,0.000000000000000000e+00
1.373393453801855912e+02,2.047075422171198227e+02,2.500000000000000000e+01,1.108609000000000104e-06,0.000000000000000000e+00
1.377848088275862040e+02,2.047070967536724027e+02,2.500000000000000000e+01,1.064414000000000097e-06,0.000000000000000000e+00
1.382075973141781731e+02,2.047066739651858143e+02,2.500000000000000000e+01,1.155058000000000072e-06,0.000000000000000000e+00
1.386234085433844427e+02,2.047062581539566111e+02,2.500000000000000000e+01,1.157415999999999940e-06,0.000000000000000000e+00
1.390108795211917254e+02,2.047058706829787980e+02,2.500000000000000000e+01,9.302165999999999759e-07,0.000000000000000000e+00
1.394589852693050887e+02,2.047054225772306779e+02,2.500000000000000000e+01,9.089853999999999783e-07,0.000000000000000000e+00
1.398938897359849136e+02,2.047049876727640196e+02,2.500000000000000000e+01,1.389023999999999984e-06,0.000000000000000000e+00
1.402822458608268335e+02,2.047045993166391611e+02,2.500000000000000000e+01,1.322128999999999967e-06,0.000000000000000000e+00
1.407290993264240342e+02,2.047041524631735854e+02,2.500000000000000000e+01,1.222316999999999973e-06,0.000000000000000000e+00
1.411298316616331476e+02,2.047037517308383769e+02,2.500000000000000000e+01,1.065519999999999922e-06,0.000000000000000000e+00
1.415318534515863860e+02,2.047033497090484104e+02,2.500000000000000000e+01,1.175474999999999956e-06,0.000000000000000000e+00
1.419569419399275603e+02,2.047029246205600828e+02,2.500000000000000000e+01,1.242776999999999985e-06,0.000000000000000000e+00
1.423648268635249678e+02,2.047025167356364648e+02,2.500000000000000000e+01,1.286854999999999938e-06,0.000000000000000000e+00
1.428001765702290129e+02,2.047020813859297732e+02,2.500000000000000000e+01,1.125386999999999911e-06,0.000000000000000000e+00
1.432033991722582584e+02,2.047016781633277276e+02,2.500000000000000000e+01,1.046064000000000095e-06,0.000000000000000000e+00
1.436085351414106697e+02,2.047012730273585817e+02,2.500000000000000000e+01,1.016204000000000012e-06,0.000000000000000000e+00
1.440420906039773570e+02,2.047008394718960176e+02,2.500000000000000000e+01,1.074396999999999956e-06,0.000000000000000000e+00
1.444450420401250028e+02,2.047004365204598741e+02,2.500000000000000000e+01,1.195512999999999966e-06,0.000000000000000000e+00
1.448688099261909770e+02,2.047000127525737980e+02,2.500000000000000000e+01,1.157837999999999942e-06,0.000000000000000000e+00
1.452674021155084745e+02,2.046996141603844990e+02,2.500000000000000000e+01,1.221008000000000050e-06,0.000000000000000000e+00
1.457122948736217154e+02,2.046991692676263881e+02,2.500000000000000000e+01,1.236752999999999931e-06,0.000000000000000000e+00
1.461276468884353505e+02,2.046987539156115474e+02,2.500000000000000000e+01,1.296997999999999978e-06,0.000000000000000000e+00
1.465431454981313095e+02,2.046983384170018780e+02,2.500000000000000000e+01,1.323423999999999926e-06,0.000000000000000000e+00
1.469877187286259357e+02,2.046978938437713680e+02,2.500000000000000000e+01,1.393869999999999921e-06,0.000000000000000000e+00
1.473741913643165447e+02,2.046975073711356856e+02,2.500000000000000000e+01,1.297462999999999897e-06,0.000000000000000000e+00
1.478107288837996975e+02,2.046970708336162090e+02,2.500000000000000000e+01,1.171735000000000056e-06,0.000000000000000000e+00
1.482587021713690945e+02,2.046966228603286311e+02,2.500000000000000000e+01,1.295150000000000000e-06,0.000000000000000000e+00
1.486438084271431990e+02,2.046962377540728539e+02,2.500000000000000000e+01,1.295950000000000060e-06,0.000000000000000000e+00
1.490631744399501599e+02,2.046958183880600473e+02,2.500000000000000000e+01,1.250998999999999938e-06,0.000000000000000000e+00
1.494824998588622975e+02,2.046953990626411439e+02,2.500000000000000000e+01,1.198583000000000007e-06,0.000000000000000000e+00
1.498996555421346670e+02,2.046949819069578496e+02,2.500000000000000000e+01,1.177221000000000083e-06,0.000000000000000000e+00
1.503210964497072268e+02,2.046945604660502909e+02,2.500000000000000000e+01,1.251289999999999924e-06,0.000000000000000000e+00
1.507514819136830795e+02,2.046941300805863193e+02,2.500000000000000000e+01,1.085369000000000009e-06,0.000000000000000000e+00
1.511393002541415740e+02,2.046937422622458485e+02,2.500000000000000000e+01,1.192500000000000018e-06,0.000000000000000000e+00
1.515543131164418185e+02,2.046933272493835432e+02,2.500000000000000000e+01,1.310371000000000028e-06,0.000000000000000000e+00
1.519564785368665980e+02,2.046929250839631322e+02,2.500000000000000000e+01,1.307474999999999920e-06,0.000000000000000000e+00
1.523968677054319016e+02,2.046924846947945582e+02,2.500000000000000000e+01,1.435430000000000036e-06,0.000000000000000000e+00
1.527913725679339052e+02,2.046920901899320597e+02,2.500000000000000000e+01,1.392137999999999969e-06,0.000000000000000000e+00
1.532160031111935723e+02,2.046916655593888095e+02,2.500000000000000000e+01,1.275300999999999913e-06,0.000000000000000000e+00
1.536590470424088153e+02,2.046912225154575822e+02,2.500000000000000000e+01,1.231165000000000053e-06,0.000000000000000000e+00
1.540461907921647651e+02,2.046908353717078342e+02,2.500000000000000000e+01,1.206034000000000064e-06,0.000000000000000000e+00
1.544688543568346120e+02,2.046904127081431568e+02,2.500000000000000000e+01,1.294756999999999952e-06,0.000000000000000000e+00
1.548999337480427698e+02,2.046899816287519513e+02,2.500000000000000000e+01,1.234074999999999912e-06,0.000000000000000000e+00
1.553081783557579740e+02,2.046895733841442393e+02,2.500000000000000000e+01,1.165869999999999944e-06,0.000000000000000000e+00
1.557362645016963540e+02,2.046891452979982944e+02,2.500000000000000000e+01,1.220774999999999971e-06,0.000000000000000000e+00
1.561515337705091895e+02,2.046887300287294806e+02,2.500000000000000000e+01,1.295483999999999903e-06,0.000000000000000000e+00
1.565391638582447627e+02,2.046883423986417654e+02,2.500000000000000000e+01,1.223671000000000079e-06,0.000000000000000000e+00
1.569842409904816236e+02,2.046878973215095243e+02,2.500000000000000000e+01,1.235646999999999894e-06,0.000000000000000000e+00
1.574082530560366422e+02,2.046874733094439591e+02,2.500000000000000000e+01,1.339286000000000072e-06,0.000000000000000000e+00
1.578474306512253520e+02,2.046870341318487760e+02,2.500000000000000000e+01,1.202016999999999930e-06,0.000000000000000000e+00
1.582552291357017111e+02,2.046866263333643019e+02,2.500000000000000000e+01,1.186389000000000103e-06,0.000000000000000000e+00
1.586716738874546309e+02,2.046862098886125523e+02,2.500000000000000000e+01,1.224601999999999943e-06,0.000000000000000000e+00
1.590871102830333825e+02,2.046857944522169532e+02,2.500000000000000000e+01,1.223466999999999953e-06,0.000000000000000000e+00
0.000000000000000000e+00,2.048448815625000066e+02,3.000000000000000000e+01,2.312633999999999854e-05,0.000000000000000000e+00
0.000000000000000000e+00,2.048448815625000066e+02,3.000000000000000000e+01,-1.266670999999999921e-06,0.000000000000000000e+00
0.000000000000000000e+00,2.048448815625000066e+02,3.000000000000000000e+01,-3.136520000000000084e-07,0.000000000000000000e+00
6.110478560226279693e-02,2.048448204577144054e+02,3.000000000000000000e+01,2.709712000000000091e-07,0.000000000000000000e+00
2.125716397239592881e-01,2.048446689908602707e+02,3.000000000000000000e+01,7.057388000000000065e-07,0.000000000000000000e+00
4.094931368019275042e-01,2.048444720693632064e+02,3.000000000000000000e+01,1.033550000000000040e-06,0.000000000000000000e+00
6.429972811989559389e-01,2.048442385652188023e+02,3.000000000000000000e+01,1.281805000000000088e-06,0.000000000000000000e+00
9.011831176740719984e-01,2.048439803793823160e+02,3.000000000000000000e+01,9.185459999999999720e-07,0.000000000000000000e+00
1.189764634405670485e+00,2.048436917978656027e+02,3.000000000000000000e+01,9.417416999999999869e-07,0.000000000000000000e+00
1.547192143549261267e+00,2.048433343703564447e+02,3.000000000000000000e+01,9.391077999999999569e-07,0.000000000000000000e+00
1.950641238655501652e+00,2.048429309212613418e+02,3.000000000000000000e+01,1.025954000000000003e-06,0.000000000000000000e+00
2.349374469276461763e+00,2.048425321880307308e+02,3.000000000000000000e+01,1.059787000000000065e-06,0.000000000000000000e+00
2.773366926946565059e+00,2.048421081955730472e+02,3.000000000000000000e+01,1.233885999999999989e-06,0.000000000000000000e+00
3.197131907993988165e+00,2.048416844305920108e+02,3.000000000000000000e+01,1.323860000000000103e-06,0.000000000000000000e+00
3.578659698571314607e+00,2.048413029028014307e+02,3.000000000000000000e+01,1.176100000000000056e-06,0.000000000000000000e+00
4.020575882518746091e+00,2.048408609866174857e+02,3.000000000000000000e+01,1.232779999999999952e-06,0.000000000000000000e+00
4.436692425980785615e+00,2.048404448700740090e+02,3.000000000000000000e+01,1.322666999999999995e-06,0.000000000000000000e+00
4.844913031736462372e+00,2.048400366494682601e+02,3.000000000000000000e+01,1.346198000000000075e-06,0.000000000000000000e+00
5.275658141163713566e+00,2.048396059043588195e+02,3.000000000000000000e+01,1.314779999999999972e-06,0.000000000000000000e+00
5.696935465931560749e+00,2.048391846270340579e+02,3.000000000000000000e+01,1.185545000000000098e-06,0.000000000000000000e+00
6.112361811795265609e+00,2.048387692006882048e+02,3.000000000000000000e+01,1.244960000000000105e-06,0.000000000000000000e+00
6.550280606235835634e+00,2.048383312818937725e+02,3.000000000000000000e+01,1.268038999999999990e-06,0.000000000000000000e+00
6.963453219550714834e+00,2.048379181092804515e+02,3.000000000000000000e+01,1.303837000000000083e-06,0.000000000000000000e+00
7.373323723409239250e+00,2.048375082387765929e+02,3.000000000000000000e+01,1.327280000000000064e-06,0.000000000000000000e+00
7.804130404441360191e+00,2.048370774320955547e+02,3.000000000000000000e+01,1.402092000000000085e-06,0.000000000000000000e+00
8.231485289495585889e+00,2.048366500772104928e+02,3.000000000000000000e+01,1.425651000000000091e-06,0.000000000000000000e+00
8.642860794864565932e+00,2.048362387017051276e+02,3.000000000000000000e+01,1.511303999999999939e-06,0.000000000000000000e+00
9.036545887014005629e+00,2.048358450166129785e+02,3.000000000000000000e+01,1.553605999999999995e-06,0.000000000000000000e+00
9.469820849410131913e+00,2.048354117416505744e+02,3.000000000000000000e+01,1.528125999999999902e-06,0.000000000000000000e+00
9.895271895043835642e+00,2.048349862906049452e+02,3.000000000000000000e+01,1.563253999999999924e-06,0.000000000000000000e+00
1.030793009168311158e+01,2.048345736324083077e+02,3.000000000000000000e+01,1.602704000000000029e-06,0.000000000000000000e+00
1.073603936921119661e+01,2.048341455231307862e+02,3.000000000000000000e+01,1.602761999999999936e-06,0.000000000000000000e+00
1.113618491219733286e+01,2.048337453775878032e+02,3.000000000000000000e+01,1.666907000000000065e-06,0.000000000000000000e+00
1.153896373419566856e+01,2.048333425987657961e+02,3.000000000000000000e+01,1.641470999999999916e-06,0.000000000000000000e+00
1.196257073363695689e+01,2.048329189917663484e+02,3.000000000000000000e+01,1.729261999999999911e-06,0.000000000000000000e+00
1.238702271401807131e+01,2.048324945397859835e+02,3.000000000000000000e+01,1.644919000000000014e-06,0.000000000000000000e+00
1.279365728464896357e+01,2.048320879052153600e+02,3.000000000000000000e+01,1.618799000000000042e-06,0.000000000000000000e+00
1.324158972211943563e+01,2.048316399727778787e+02,3.000000000000000000e+01,1.609718000000000094e-06,0.000000000000000000e+00
1.362854491646678845e+01,2.048312530175835207e+02,3.000000000000000000e+01,1.634674999999999939e-06,0.000000000000000000e+00
1.404469789610623565e+01,2.048308368646038957e+02,3.000000000000000000e+01,1.567298999999999984e-06,0.000000000000000000e+00
1.446752374907505612e+01,2.048304140387509165e+02,3.000000000000000000e+01,1.586173000000000051e-06,0.000000000000000000e+00
1.489810372827307994e+01,2.048299834587717214e+02,3.000000000000000000e+01,1.522711999999999957e-06,0.000000000000000000e+00
1.529407408051007167e+01,2.048295874884194916e+02,3.000000000000000000e+01,1.498279999999999993e-06,0.000000000000000000e+00
1.571918268317120315e+01,2.048291623798168359e+02,3.000000000000000000e+01,1.516818999999999919e-06,0.000000000000000000e+00
1.614634159120208068e+01,2.048287352209087828e+02,3.000000000000000000e+01,1.506851000000000051e-06,0.000000000000000000e+00
1.656365161125111030e+01,2.048283179108887566e+02,3.000000000000000000e+01,1.538558999999999900e-06,0.000000000000000000e+00
1.696861933168567305e+01,2.048279129431683145e+02,3.000000000000000000e+01,1.565523999999999904e-06,0.000000000000000000e+00
1.739265966161406496e+01,2.048274889028383825e+02,3.000000000000000000e+01,1.612249999999999895e-06,0.000000000000000000e+00
1.782936643820103484e+01,2.048270521960617998e+02,3.000000000000000000e+01,1.649241000000000097e-06,0.000000000000000000e+00
1.825240676634461678e+01,2.048266291557336558e+02,3.000000000000000000e+01,1.639869999999999980e-06,0.000000000000000000e+00
1.869575013264770291e+01,2.048261858123673562e+02,3.000000000000000000e+01,1.573963999999999945e-06,0.000000000000000000e+00
1.909094504140533033e+01,2.048257906174585798e+02,3.000000000000000000e+01,1.634296000000000065e-06,0.000000000000000000e+00
1.949885994137404666e+01,2.048253827025586133e+02,3.000000000000000000e+01,1.595122999999999983e-06,0.000000000000000000e+00
1.992988919169829032e+01,2.048249516733083055e+02,3.000000000000000000e+01,1.517736000000000032e-06,0.000000000000000000e+00
2.036058969425950238e+01,2.048245209728057432e+02,3.000000000000000000e+01,1.497187999999999920e-06,0.000000000000000000e+00
2.076873030291464062e+01,2.048241128321970734e+02,3.000000000000000000e+01,1.487714999999999951e-06,0.000000000000000000e+00
2.118853420101253704e+01,2.048236930282989761e+02,3.000000000000000000e+01,1.510940000000000055e-06,0.000000000000000000e+00
2.159348169687254071e+01,2.048232880808031382e+02,3.000000000000000000e+01,1.499559999999999963e-06,0.000000000000000000e+00
2.199315830173277675e+01,2.048228884041982667e+02,3.000000000000000000e+01,1.407795999999999989e-06,0.000000000000000000e+00
2.242379198389971862e+01,2.048224577705161096e+02,3.000000000000000000e+01,1.413325999999999959e-06,0.000000000000000000e+00
2.283197798308393089e+01,2.048220495845169182e+02,3.000000000000000000e+01,1.507039999999999974e-06,0.000000000000000000e+00
2.326279355676519955e+01,2.048216187689432388e+02,3.000000000000000000e+01,1.541412000000000091e-06,0.000000000000000000e+00
2.368098486174724471e+01,2.048212005776382512e+02,3.000000000000000000e+01,1.400665000000000082e-06,0.000000000000000000e+00
2.406833518233625568e+01,2.048208132273176716e+02,3.000000000000000000e+01,1.401218000000000100e-06,0.000000000000000000e+00
2.448642664075817166e+01,2.048203951358592292e+02,3.000000000000000000e+01,1.435371999999999917e-06,0.000000000000000000e+00
2.491739233068031467e+01,2.048199641701693281e+02,3.000000000000000000e+01,1.408611000000000039e-06,0.000000000000000000e+00
2.534002219903781139e+01,2.048195415403009463e+02,3.000000000000000000e+01,1.484281000000000028e-06,0.000000000000000000e+00
2.575622549063150402e+01,2.048191253370093534e+02,3.000000000000000000e+01,1.473643000000000089e-06,0.000000000000000000e+00
2.617284892880241642e+01,2.048187087135711977e+02,3.000000000000000000e+01,1.504450000000000055e-06,0.000000000000000000e+00
2.661622601956158718e+01,2.048182653364804366e+02,3.000000000000000000e+01,1.535474000000000082e-06,0.000000000000000000e+00
2.702599701236174567e+01,2.048178555654876334e+02,3.000000000000000000e+01,1.501844999999999933e-06,0.000000000000000000e+00
2.742726512290076357e+01,2.048174542973770826e+02,3.000000000000000000e+01,1.479595000000000061e-06,0.000000000000000000e+00
2.786464239977446056e+01,2.048170169201002295e+02,3.000000000000000000e+01,1.446881999999999999e-06,0.000000000000000000e+00
2.829547706985317745e+01,2.048165860854301457e+02,3.000000000000000000e+01,1.452063000000000077e-06,0.000000000000000000e+00
2.869909234705026080e+01,2.048161824701529383e+02,3.000000000000000000e+01,1.407636000000000019e-06,0.000000000000000000e+00
2.910894979246733172e+01,2.048157726127075193e+02,3.000000000000000000e+01,1.439998999999999950e-06,0.000000000000000000e+00
2.954274845682065020e+01,2.048153388140431730e+02,3.000000000000000000e+01,1.507927999999999922e-06,0.000000000000000000e+00
2.994589569560342923e+01,2.048149356668043879e+02,3.000000000000000000e+01,1.489548999999999966e-06,0.000000000000000000e+00
3.036973576832060928e+01,2.048145118267316889e+02,3.000000000000000000e+01,1.498730999999999949e-06,0.000000000000000000e+00
3.076849995047592046e+01,2.048141130625495236e+02,3.000000000000000000e+01,1.423847000000000057e-06,0.000000000000000000e+00
3.121357590818247019e+01,2.048136679865918097e+02,3.000000000000000000e+01,1.411506999999999935e-06,0.000000000000000000e+00
3.161591384961831963e+01,2.048132656486503720e+02,3.000000000000000000e+01,1.461724999999999968e-06,0.000000000000000000e+00
3.201633665989874800e+01,2.048128652258400848e+02,3.000000000000000000e+01,1.404273999999999966e-06,0.000000000000000000e+00
3.244424644427576965e+01,2.048124373160557070e+02,3.000000000000000000e+01,1.419698999999999907e-06,0.000000000000000000e+00
3.286450928816793748e+01,2.048120170532118323e+02,3.000000000000000000e+01,1.493768999999999987e-06,0.000000000000000000e+00
3.328275124250704664e+01,2.048115988112574826e+02,3.000000000000000000e+01,1.290492999999999987e-06,0.000000000000000000e+00
3.370516591173430498e+01,2.048111763965882517e+02,3.000000000000000000e+01,1.353008000000000015e-06,0.000000000000000000e+00
3.409279599946987815e+01,2.048107887665005364e+02,3.000000000000000000e+01,1.389664000000000075e-06,0.000000000000000000e+00
3.453220365371311118e+01,2.048103493588462811e+02,3.000000000000000000e+01,1.318796000000000079e-06,0.000000000000000000e+00
3.495589649676757205e+01,2.048099256660032381e+02,3.000000000000000000e+01,1.354565000000000007e-06,0.000000000000000000e+00
3.535471631318288388e+01,2.048095268461868272e+02,3.000000000000000000e+01,1.205945999999999965e-06,0.000000000000000000e+00
3.579882919014573162e+01,2.048090827333098503e+02,3.000000000000000000e+01,1.248873999999999937e-06,0.000000000000000000e+00
3.620254975929768904e+01,2.048086790127406971e+02,3.000000000000000000e+01,1.301217999999999999e-06,0.000000000000000000e+00
3.661263038481725118e+01,2.048082689321151690e+02,3.000000000000000000e+01,1.387058999999999953e-06,0.000000000000000000e+00
3.702820500169634954e+01,2.048078533574982885e+02,3.000000000000000000e+01,1.305218999999999903e-06,0.000000000000000000e+00
3.745370632383430376e+01,2.048074278561761616e+02,3.000000000000000000e+01,1.274209000000000051e-06,0.000000000000000000e+00
3.786160956995077242e+01,2.048070199529300339e+02,3.000000000000000000e+01,1.347375999999999981e-06,0.000000000000000000e+00
3.829673879395977565e+01,2.048065848237060322e+02,3.000000000000000000e+01,1.326844000000000099e-06,0.000000000000000000e+00
3.872052643358778568e+01,2.048061610360664133e+02,3.000000000000000000e+01,1.286375000000000029e-06,0.000000000000000000e+00
3.916013210909957820e+01,2.048057214303908893e+02,3.000000000000000000e+01,1.281630999999999944e-06,0.000000000000000000e+00
3.957567967980491375e+01,2.048053058828201927e+02,3.000000000000000000e+01,1.273118000000000005e-06,0.000000000000000000e+00
3.997250335319961323e+01,2.048049090591468087e+02,3.000000000000000000e+01,1.252076000000000021e-06,0.000000000000000000e+00
4.040074731287545262e+01,2.048044808151871337e+02,3.000000000000000000e+01,1.250490000000000076e-06,0.000000000000000000e+00
4.083146828166815112e+01,2.048040500942183257e+02,3.000000000000000000e+01,1.161388000000000103e-06,0.000000000000000000e+00
4.123845763687111088e+01,2.048036431048631130e+02,3.000000000000000000e+01,1.232591000000000029e-06,0.000000000000000000e+00
4.165279944358152164e+01,2.048032287630564099e+02,3.000000000000000000e+01,1.317631999999999923e-06,0.000000000000000000e+00
4.204010263249131896e+01,2.048028414598674942e+02,3.000000000000000000e+01,1.237174999999999933e-06,0.000000000000000000e+00
4.246360027620307420e+01,2.048024179622237853e+02,3.000000000000000000e+01,1.224238000000000060e-06,0.000000000000000000e+00
4.290887499541984340e+01,2.048019726875045876e+02,3.000000000000000000e+01,1.253938999999999989e-06,0.000000000000000000e+00
4.330801532631981132e+01,2.048015735471736889e+02,3.000000000000000000e+01,1.248409000000000019e-06,0.000000000000000000e+00
4.373228904050765919e+01,2.048011492734594867e+02,3.000000000000000000e+01,1.278399999999999907e-06,0.000000000000000000e+00
4.411817087913485835e+01,2.048007633916208761e+02,3.000000000000000000e+01,1.413048999999999937e-06,0.000000000000000000e+00
4.456134950029157693e+01,2.048003202129997078e+02,3.000000000000000000e+01,1.478998000000000099e-06,0.000000000000000000e+00
4.498087438329249466e+01,2.047999006881167077e+02,3.000000000000000000e+01,1.513370000000000005e-06,0.000000000000000000e+00
4.538887059813489344e+01,2.047994926919018610e+02,3.000000000000000000e+01,1.516672999999999912e-06,0.000000000000000000e+00
4.581981053614104837e+01,2.047990617519638477e+02,3.000000000000000000e+01,1.494495999999999938e-06,0.000000000000000000e+00
4.625076572093799854e+01,2.047986307967790651e+02,3.000000000000000000e+01,1.514271999999999916e-06,0.000000000000000000e+00
4.667465867868985185e+01,2.047982069038212956e+02,3.000000000000000000e+01,1.521766999999999918e-06,0.000000000000000000e+00
4.708927190284524755e+01,2.047977922905971582e+02,3.000000000000000000e+01,1.458597000000000021e-06,0.000000000000000000e+00
4.749708783320212291e+01,2.047973844746667851e+02,3.000000000000000000e+01,1.450345999999999903e-06,0.000000000000000000e+00
4.792800918985035707e+01,2.047969535533101464e+02,3.000000000000000000e+01,1.425868999999999968e-06,0.000000000000000000e+00
4.835865501210148665e+01,2.047965229074878835e+02,3.000000000000000000e+01,1.366978000000000026e-06,0.000000000000000000e+00
4.876669676111990270e+01,2.047961148657388719e+02,3.000000000000000000e+01,1.361214999999999977e-06,0.000000000000000000e+00
4.918589923397036756e+01,2.047956956632660308e+02,3.000000000000000000e+01,1.418040000000000064e-06,0.000000000000000000e+00
4.959125185352704079e+01,2.047952903106464646e+02,3.000000000000000000e+01,1.351886999999999988e-06,0.000000000000000000e+00
4.999104021478604665e+01,2.047948905222852147e+02,3.000000000000000000e+01,1.278938999999999962e-06,0.000000000000000000e+00
5.043921286939095694e+01,2.047944423496306001e+02,3.000000000000000000e+01,1.326537999999999911e-06,0.000000000000000000e+00
5.083041385422132663e+01,2.047940511486457638e+02,3.000000000000000000e+01,1.342822000000000058e-06,0.000000000000000000e+00
5.123723641668853901e+01,2.047936443260832959e+02,3.000000000000000000e+01,1.354899999999999936e-06,0.000000000000000000e+00
5.166948644861312800e+01,2.047932120760513897e+02,3.000000000000000000e+01,1.348248999999999939e-06,0.000000000000000000e+00
5.209481561025260277e+01,2.047927867468897318e+02,3.000000000000000000e+01,1.293184999999999969e-06,0.000000000000000000e+00
5.250900143702289569e+01,2.047923725610629617e+02,3.000000000000000000e+01,1.376131000000000056e-06,0.000000000000000000e+00
5.291623930428747968e+01,2.047919653231957113e+02,3.000000000000000000e+01,1.428866999999999926e-06,0.000000000000000000e+00
5.334635739371069008e+01,2.047915352051062996e+02,3.000000000000000000e+01,1.392065000000000071e-06,0.000000000000000000e+00
5.375444479354616334e+01,2.047911271177064521e+02,3.000000000000000000e+01,1.337771999999999996e-06,0.000000000000000000e+00
5.417064008821268573e+01,2.047907109224117903e+02,3.000000000000000000e+01,1.401000000000000012e-06,0.000000000000000000e+00
5.457739358706075450e+01,2.047903041689129395e+02,3.000000000000000000e+01,1.377323999999999953e-06,0.000000000000000000e+00
5.497846455830495671e+01,2.047899030979417034e+02,3.000000000000000000e+01,1.368126999999999979e-06,0.000000000000000000e+00
5.542518189679604745e+01,2.047894563806032124e+02,3.000000000000000000e+01,1.369975999999999985e-06,0.000000000000000000e+00
5.586265158005681997e+01,2.047890189109199355e+02,3.000000000000000000e+01,1.450841000000000015e-06,0.000000000000000000e+00
5.624801335727607920e+01,2.047886335491427303e+02,3.000000000000000000e+01,1.436012000000000008e-06,0.000000000000000000e+00
5.669083736089906722e+01,2.047881907251390885e+02,3.000000000000000000e+01,1.375213999999999942e-06,0.000000000000000000e+00
5.709571975896371754e+01,2.047877858427410445e+02,3.000000000000000000e+01,1.384090999999999976e-06,0.000000000000000000e+00
5.749519821678593701e+01,2.047873863642832077e+02,3.000000000000000000e+01,1.424908999999999938e-06,0.000000000000000000e+00
5.792571462739910260e+01,2.047869558478726049e+02,3.000000000000000000e+01,1.456734000000000053e-06,0.000000000000000000e+00
5.836742364655645332e+01,2.047865141388534482e+02,3.000000000000000000e+01,1.267936999999999927e-06,0.000000000000000000e+00
5.881058385686711887e+01,2.047860709786431244e+02,3.000000000000000000e+01,1.257111000000000092e-06,0.000000000000000000e+00
5.923995618289288245e+01,2.047856416063171139e+02,3.000000000000000000e+01,1.294319999999999959e-06,0.000000000000000000e+00
5.962774964715860904e+01,2.047852538128528295e+02,3.000000000000000000e+01,1.409498999999999987e-06,0.000000000000000000e+00
6.004307825377050278e+01,2.047848384842462224e+02,3.000000000000000000e+01,1.402514000000000087e-06,0.000000000000000000e+00
6.046610308447008464e+01,2.047844154594155270e+02,3.000000000000000000e+01,1.301873000000000080e-06,0.000000000000000000e+00
6.087427551457321329e+01,2.047840072869854282e+02,3.000000000000000000e+01,1.269553000000000066e-06,0.000000000000000000e+00
6.131069789427480998e+01,2.047835708646057356e+02,3.000000000000000000e+01,1.294698000000000017e-06,0.000000000000000000e+00
6.171332806384593539e+01,2.047831682344361468e+02,3.000000000000000000e+01,1.339315000000000026e-06,0.000000000000000000e+00
6.212039920057253539e+01,2.047827611632994262e+02,3.000000000000000000e+01,1.334861999999999926e-06,0.000000000000000000e+00
6.250807824931745671e+01,2.047823734842506838e+02,3.000000000000000000e+01,1.327004000000000068e-06,0.000000000000000000e+00
6.295586378720866350e+01,2.047819256987127972e+02,3.000000000000000000e+01,1.340537000000000088e-06,0.000000000000000000e+00
6.337980677363486137e+01,2.047815017557263673e+02,3.000000000000000000e+01,1.334178000000000103e-06,0.000000000000000000e+00
6.377847400596387928e+01,2.047811030884940351e+02,3.000000000000000000e+01,1.183143000000000075e-06,0.000000000000000000e+00
6.422488057168605735e+01,2.047806566819283205e+02,3.000000000000000000e+01,1.244873000000000033e-06,0.000000000000000000e+00
6.461478149786384506e+01,2.047802667810021262e+02,3.000000000000000000e+01,1.243213999999999978e-06,0.000000000000000000e+00
6.502816277869960970e+01,2.047798533997213042e+02,3.000000000000000000e+01,1.189007999999999975e-06,0.000000000000000000e+00
6.545367217019800421e+01,2.047794278903297993e+02,3.000000000000000000e+01,1.263527999999999984e-06,0.000000000000000000e+00
6.588441879436130932e+01,2.047789971437056238e+02,3.000000000000000000e+01,1.209511999999999932e-06,0.000000000000000000e+00
6.632213192452110206e+01,2.047785594305754842e+02,3.000000000000000000e+01,1.256921999999999957e-06,0.000000000000000000e+00
6.672376734732824843e+01,2.047781577951526799e+02,3.000000000000000000e+01,1.227453999999999895e-06,0.000000000000000000e+00
6.714506136577685425e+01,2.047777365011342283e+02,3.000000000000000000e+01,1.270585999999999993e-06,0.000000000000000000e+00
6.757625479895035880e+01,2.047773053077010559e+02,3.000000000000000000e+01,1.224630999999999897e-06,0.000000000000000000e+00
6.799335582338653694e+01,2.047768882066766025e+02,3.000000000000000000e+01,1.299718999999999914e-06,0.000000000000000000e+00
6.839173964264413996e+01,2.047764898228573429e+02,3.000000000000000000e+01,1.233783999999999926e-06,0.000000000000000000e+00
6.883237089631541039e+01,2.047760491916036756e+02,3.000000000000000000e+01,1.246852000000000027e-06,0.000000000000000000e+00
6.926325075954198951e+01,2.047756183117404589e+02,3.000000000000000000e+01,1.232226999999999934e-06,0.000000000000000000e+00
6.966363768105155430e+01,2.047752179248189464e+02,3.000000000000000000e+01,1.203297999999999927e-06,0.000000000000000000e+00
7.006931787292920433e+01,2.047748122446270713e+02,3.000000000000000000e+01,1.245571000000000030e-06,0.000000000000000000e+00
7.051025382303954814e+01,2.047743713086769617e+02,3.000000000000000000e+01,1.285981999999999981e-06,0.000000000000000000e+00
7.089542310025807126e+01,2.047739861393997387e+02,3.000000000000000000e+01,1.313456000000000058e-06,0.000000000000000000e+00
7.131984029421704463e+01,2.047735617222057840e+02,3.000000000000000000e+01,1.323657000000000005e-06,0.000000000000000000e+00
7.173050095305748641e+01,2.047731510615469404e+02,3.000000000000000000e+01,1.233317999999999980e-06,0.000000000000000000e+00
7.217343535720533509e+01,2.047727081271427778e+02,3.000000000000000000e+01,1.292283000000000058e-06,0.000000000000000000e+00
7.257253308060982988e+01,2.047723090294193753e+02,3.000000000000000000e+01,1.359948999999999971e-06,0.000000000000000000e+00
7.297857886571722474e+01,2.047719029836342770e+02,3.000000000000000000e+01,1.317355999999999928e-06,0.000000000000000000e+00
7.341117553643303495e+01,2.047714703869635571e+02,3.000000000000000000e+01,1.316963000000000091e-06,0.000000000000000000e+00
7.381964586909563764e+01,2.047710619166309129e+02,3.000000000000000000e+01,1.260428999999999990e-06,0.000000000000000000e+00
7.425064363227863851e+01,2.047706309188677096e+02,3.000000000000000000e+01,1.371823999999999963e-06,0.000000000000000000e+00
7.464962537274267618e+01,2.047702319371272495e+02,3.000000000000000000e+01,1.433131000000000103e-06,0.000000000000000000e+00
7.505396289355385875e+01,2.047698275996064297e+02,3.000000000000000000e+01,1.423454000000000009e-06,0.000000000000000000e+00
7.549748036737517509e+01,2.047693840821326319e+02,3.000000000000000000e+01,1.376872999999999997e-06,0.000000000000000000e+00
7.588325064029494627e+01,2.047689983118596899e+02,3.000000000000000000e+01,1.462205999999999905e-06,0.000000000000000000e+00
7.632061588721104783e+01,2.047685609466127801e+02,3.000000000000000000e+01,1.433742000000000028e-06,0.000000000000000000e+00
7.676759937576716197e+01,2.047681139631242218e+02,3.000000000000000000e+01,1.370382999999999996e-06,0.000000000000000000e+00
7.715297851462774759e+01,2.047677285839853596e+02,3.000000000000000000e+01,1.314605000000000011e-06,0.000000000000000000e+00
7.757432482103477867e+01,2.047673072376789491e+02,3.000000000000000000e+01,1.285035999999999914e-06,0.000000000000000000e+00
7.799139164156058257e+01,2.047668901708584315e+02,3.000000000000000000e+01,1.433305000000000035e-06,0.000000000000000000e+00
7.842223004675774689e+01,2.047664593324532518e+02,3.000000000000000000e+01,1.468098999999999943e-06,0.000000000000000000e+00
7.886349836131586244e+01,2.047660180641386773e+02,3.000000000000000000e+01,1.555162999999999987e-06,0.000000000000000000e+00
7.930186301508855706e+01,2.047655796994849027e+02,3.000000000000000000e+01,1.518622999999999953e-06,0.000000000000000000e+00
7.970644770737138174e+01,2.047651751147926120e+02,3.000000000000000000e+01,1.408523999999999967e-06,0.000000000000000000e+00
8.012188410295014762e+01,2.047647596783970414e+02,3.000000000000000000e+01,1.459252000000000102e-06,0.000000000000000000e+00
8.053363838832034105e+01,2.047643479241116893e+02,3.000000000000000000e+01,1.435954000000000101e-06,0.000000000000000000e+00
8.093845978859708623e+01,2.047639431027114085e+02,3.000000000000000000e+01,1.417123999999999978e-06,0.000000000000000000e+00
8.135924883016917875e+01,2.047635223136698244e+02,3.000000000000000000e+01,1.424646999999999906e-06,0.000000000000000000e+00
8.177728707009021036e+01,2.047631042754298960e+02,3.000000000000000000e+01,1.490189000000000057e-06,0.000000000000000000e+00
8.219905945429003680e+01,2.047626825030457098e+02,3.000000000000000000e+01,1.466366999999999991e-06,0.000000000000000000e+00
8.258683283587785695e+01,2.047622947296641200e+02,3.000000000000000000e+01,1.360764000000000021e-06,0.000000000000000000e+00
8.300188237022901205e+01,2.047618796801297663e+02,3.000000000000000000e+01,1.353255000000000056e-06,0.000000000000000000e+00
8.341702573413117250e+01,2.047614645367658568e+02,3.000000000000000000e+01,1.420427000000000097e-06,0.000000000000000000e+00
8.384934905355567025e+01,2.047610322134464411e+02,3.000000000000000000e+01,1.403780000000000094e-06,0.000000000000000000e+00
8.428995187086258056e+01,2.047605916106291204e+02,3.000000000000000000e+01,1.404900000000000093e-06,0.000000000000000000e+00
8.467180918628784525e+01,2.047602097533137169e+02,3.000000000000000000e+01,1.321794000000000037e-06,0.000000000000000000e+00
8.510619702854720003e+01,2.047597753654714552e+02,3.000000000000000000e+01,1.397201999999999993e-06,0.000000000000000000e+00
8.552134885975560508e+01,2.047593602136402353e+02,3.000000000000000000e+01,1.442197000000000060e-06,0.000000000000000000e+00
8.594809717247511571e+01,2.047589334653275159e+02,3.000000000000000000e+01,1.424209999999999913e-06,0.000000000000000000e+00
8.635616089872046075e+01,2.047585254016012755e+02,3.000000000000000000e+01,1.378925000000000100e-06,0.000000000000000000e+00
8.678704416872329830e+01,2.047580945183312622e+02,3.000000000000000000e+01,1.323351000000000029e-06,0.000000000000000000e+00
8.721051268363019915e+01,2.047576710498163663e+02,3.000000000000000000e+01,1.358013999999999921e-06,0.000000000000000000e+00
8.765339302123148002e+01,2.047572281694787648e+02,3.000000000000000000e+01,1.313775999999999998e-06,0.000000000000000000e+00
8.805608730342001422e+01,2.047568254751965640e+02,3.000000000000000000e+01,1.397536999999999923e-06,0.000000000000000000e+00
8.846064358261367033e+01,2.047564209189173710e+02,3.000000000000000000e+01,1.409848000000000092e-06,0.000000000000000000e+00
8.889514030518326138e+01,2.047559864221948089e+02,3.000000000000000000e+01,1.370280999999999934e-06,0.000000000000000000e+00
8.930338592526729258e+01,2.047555781765747156e+02,3.000000000000000000e+01,1.368257999999999996e-06,0.000000000000000000e+00
8.973054720534365458e+01,2.047551510152946435e+02,3.000000000000000000e+01,1.411536000000000100e-06,0.000000000000000000e+00
9.013123167595419716e+01,2.047547503308240380e+02,3.000000000000000000e+01,1.315158000000000030e-06,0.000000000000000000e+00
9.053319678193335562e+01,2.047543483657180730e+02,3.000000000000000000e+01,1.343986000000000002e-06,0.000000000000000000e+00
9.097887063603616298e+01,2.047539026918639706e+02,3.000000000000000000e+01,1.414228000000000082e-06,0.000000000000000000e+00
9.136623636780014124e+01,2.047535153261322023e+02,3.000000000000000000e+01,1.439329999999999906e-06,0.000000000000000000e+00
9.180154993392019946e+01,2.047530800125660733e+02,3.000000000000000000e+01,1.336709999999999904e-06,0.000000000000000000e+00
9.220494763887141687e+01,2.047526766148611159e+02,3.000000000000000000e+01,1.432491000000000012e-06,0.000000000000000000e+00
9.263787933607230229e+01,2.047522436831639254e+02,3.000000000000000000e+01,1.418899000000000058e-06,0.000000000000000000e+00
9.305333689887878279e+01,2.047518282256011162e+02,3.000000000000000000e+01,1.362714000000000062e-06,0.000000000000000000e+00
9.345572553334791621e+01,2.047514258369666607e+02,3.000000000000000000e+01,1.386128000000000089e-06,0.000000000000000000e+00
9.388260338539612349e+01,2.047509989591146109e+02,3.000000000000000000e+01,1.419568000000000102e-06,0.000000000000000000e+00
9.431331893248899689e+01,2.047505682435674998e+02,3.000000000000000000e+01,1.343491000000000102e-06,0.000000000000000000e+00
9.471857356667780437e+01,2.047501629889333117e+02,3.000000000000000000e+01,1.309264999999999991e-06,0.000000000000000000e+00
9.513051887677259799e+01,2.047497510436232346e+02,3.000000000000000000e+01,1.370440999999999903e-06,0.000000000000000000e+00
9.551842641391007760e+01,2.047493631360860888e+02,3.000000000000000000e+01,1.444307000000000070e-06,0.000000000000000000e+00
9.596559683007704677e+01,2.047489159656699087e+02,3.000000000000000000e+01,1.343461999999999937e-06,0.000000000000000000e+00
9.638958984517759632e+01,2.047484919726548185e+02,3.000000000000000000e+01,1.322231000000000030e-06,0.000000000000000000e+00
9.678873831379566184e+01,2.047480928241861875e+02,3.000000000000000000e+01,1.328706000000000040e-06,0.000000000000000000e+00
9.723641809075488140e+01,2.047476451444092334e+02,3.000000000000000000e+01,1.449908999999999911e-06,0.000000000000000000e+00
9.765177074498369336e+01,2.047472297917550179e+02,3.000000000000000000e+01,1.325592000000000055e-06,0.000000000000000000e+00
9.806706817165424184e+01,2.047468144943283335e+02,3.000000000000000000e+01,1.513253999999999979e-06,0.000000000000000000e+00
9.850909869872849356e+01,2.047463724638012650e+02,3.000000000000000000e+01,1.532972000000000050e-06,0.000000000000000000e+00
9.893281655612014447e+01,2.047459487459438776e+02,3.000000000000000000e+01,1.522261000000000002e-06,0.000000000000000000e+00
9.933156479534339667e+01,2.047455499977046429e+02,3.000000000000000000e+01,1.584688999999999957e-06,0.000000000000000000e+00
9.977738889750595774e+01,2.047451041736024990e+02,3.000000000000000000e+01,1.595980999999999950e-06,0.000000000000000000e+00
1.001987735390161163e+02,2.047446827889609722e+02,3.000000000000000000e+01,1.639957000000000052e-06,0.000000000000000000e+00
1.005863744751504214e+02,2.047442951880248359e+02,3.000000000000000000e+01,1.621884000000000072e-06,0.000000000000000000e+00
1.010019842073791239e+02,2.047438795782926206e+02,3.000000000000000000e+01,1.608612000000000058e-06,0.000000000000000000e+00
1.014171854943045190e+02,2.047434643770056937e+02,3.000000000000000000e+01,1.575449000000000067e-06,0.000000000000000000e+00
1.018405823707141593e+02,2.047430409801292797e+02,3.000000000000000000e+01,1.626641999999999909e-06,0.000000000000000000e+00
1.022485581995753563e+02,2.047426330043004157e+02,3.000000000000000000e+01,1.639506000000000096e-06,0.000000000000000000e+00
1.026636931342840597e+02,2.047422178693657031e+02,3.000000000000000000e+01,1.629407000000000000e-06,0.000000000000000000e+00
1.030712167480916008e+02,2.047418103457519010e+02,3.000000000000000000e+01,1.659151000000000058e-06,0.000000000000000000e+00
1.034728502180004455e+02,2.047414087122820092e+02,3.000000000000000000e+01,1.615174999999999956e-06,0.000000000000000000e+00
1.039189753171755655e+02,2.047409625871828212e+02,3.000000000000000000e+01,1.569132999999999999e-06,1.000000000000000000e+00
1.043181158890240852e+02,2.047405634466109632e+02,3.000000000000000000e+01,1.475272999999999978e-06,1.000000000000000000e+00
1.047418645305596812e+02,2.047401396979694255e+02,3.000000000000000000e+01,1.561508000000000009e-06,1.000000000000000000e+00
1.051838094995759150e+02,2.047396977530004278e+02,3.000000000000000000e+01,1.540625999999999994e-06,1.000000000000000000e+00
1.055890731854962041e+02,2.047392924893144937e+02,3.000000000000000000e+01,1.586872000000000076e-06,1.000000000000000000e+00
1.059889879010214457e+02,2.047388925745989638e+02,3.000000000000000000e+01,1.479114999999999941e-06,1.000000000000000000e+00
1.064195724282709250e+02,2.047384619900717269e+02,3.000000000000000000e+01,1.563646999999999973e-06,1.000000000000000000e+00
1.068604170694911630e+02,2.047380211454305083e+02,3.000000000000000000e+01,1.600289000000000070e-06,1.000000000000000000e+00
1.072591903230515982e+02,2.047376223721769577e+02,3.000000000000000000e+01,1.677516000000000051e-06,1.000000000000000000e+00
1.076829331947804036e+02,2.047371986293052259e+02,3.000000000000000000e+01,1.666877999999999900e-06,1.000000000000000000e+00
1.081183871700593784e+02,2.047367631753299406e+02,3.000000000000000000e+01,1.606531000000000001e-06,1.000000000000000000e+00
1.085276026180304001e+02,2.047363539598819671e+02,3.000000000000000000e+01,1.602428000000000034e-06,1.000000000000000000e+00
1.089291094937735664e+02,2.047359524530062345e+02,3.000000000000000000e+01,1.633016000000000096e-06,1.000000000000000000e+00
1.093662059902845129e+02,2.047355153565097226e+02,3.000000000000000000e+01,1.608045000000000077e-06,1.000000000000000000e+00
1.097742239285218346e+02,2.047351073385714813e+02,3.000000000000000000e+01,1.527819999999999926e-06,1.000000000000000000e+00
1.101951487526705051e+02,2.047346864137473403e+02,3.000000000000000000e+01,1.637497999999999937e-06,1.000000000000000000e+00
1.106105295606859755e+02,2.047342710329393185e+02,3.000000000000000000e+01,1.629771000000000095e-06,1.000000000000000000e+00
1.109986872248419587e+02,2.047338828752751567e+02,3.000000000000000000e+01,1.593754999999999914e-06,1.000000000000000000e+00
1.114472622564469617e+02,2.047334343002435446e+02,3.000000000000000000e+01,1.576176000000000018e-06,1.000000000000000000e+00
1.118715667273919934e+02,2.047330099957726190e+02,3.000000000000000000e+01,1.620850999999999933e-06,0.000000000000000000e+00
1.122695413249361991e+02,2.047326120211750720e+02,3.000000000000000000e+01,1.597436000000000091e-06,0.000000000000000000e+00
1.126756670444796242e+02,2.047322058954555075e+02,3.000000000000000000e+01,1.577776999999999954e-06,0.000000000000000000e+00
1.131021473580194368e+02,2.047317794151419719e+02,3.000000000000000000e+01,1.636609999999999989e-06,0.000000000000000000e+00
1.135176388736217064e+02,2.047313639236263612e+02,3.000000000000000000e+01,1.519686000000000073e-06,0.000000000000000000e+00
1.139449657437053958e+02,2.047309365967562940e+02,3.000000000000000000e+01,1.542473999999999972e-06,1.000000000000000000e+00
1.143532090897182769e+02,2.047305283534102784e+02,3.000000000000000000e+01,1.458639999999999938e-06,1.000000000000000000e+00
1.147841567203331010e+02,2.047300974057796736e+02,3.000000000000000000e+01,1.485473999999999925e-06,1.000000000000000000e+00
1.151864935983013964e+02,2.047296950689016910e+02,3.000000000000000000e+01,1.512729999999999914e-06,1.000000000000000000e+00
1.155948146925014015e+02,2.047292867478074925e+02,3.000000000000000000e+01,1.504173000000000032e-06,1.000000000000000000e+00
1.160342257347328427e+02,2.047288473367652557e+02,3.000000000000000000e+01,1.557432999999999967e-06,1.000000000000000000e+00
1.164234098668045050e+02,2.047284581526331806e+02,3.000000000000000000e+01,1.621926999999999989e-06,1.000000000000000000e+00
1.168566557057181541e+02,2.047280249067942748e+02,3.000000000000000000e+01,1.599590000000000045e-06,1.000000000000000000e+00
1.173004093498156379e+02,2.047275811531501688e+02,3.000000000000000000e+01,1.516717000000000068e-06,1.000000000000000000e+00
1.177272479669202454e+02,2.047271543145330668e+02,3.000000000000000000e+01,1.502165000000000084e-06,1.000000000000000000e+00
1.181285096793339591e+02,2.047267530528206692e+02,3.000000000000000000e+01,1.584747000000000075e-06,1.000000000000000000e+00
1.185303356174622849e+02,2.047263512268825423e+02,3.000000000000000000e+01,1.640670000000000040e-06,1.000000000000000000e+00
1.189761455088146249e+02,2.047259054169911963e+02,3.000000000000000000e+01,1.614666000000000093e-06,1.000000000000000000e+00
1.193999860520062981e+02,2.047254815764480043e+02,3.000000000000000000e+01,1.607652000000000028e-06,1.000000000000000000e+00
1.198399834861096167e+02,2.047250415790138902e+02,3.000000000000000000e+01,1.510663000000000032e-06,1.000000000000000000e+00
1.202254763262561994e+02,2.047246560861737521e+02,3.000000000000000000e+01,1.519481999999999947e-06,1.000000000000000000e+00
1.206631536802374853e+02,2.047242184088197519e+02,3.000000000000000000e+01,1.539898000000000016e-06,1.000000000000000000e+00
1.210709289236861537e+02,2.047238106335763064e+02,3.000000000000000000e+01,1.535489000000000072e-06,1.000000000000000000e+00
1.214722968019084846e+02,2.047234092656980806e+02,3.000000000000000000e+01,1.554858000000000039e-06,0.000000000000000000e+00
1.219032424507286407e+02,2.047229783200492648e+02,3.000000000000000000e+01,1.594423999999999958e-06,0.000000000000000000e+00
1.223111640083275660e+02,2.047225703984916834e+02,3.000000000000000000e+01,1.538369999999999977e-06,0.000000000000000000e+00
1.227400829492657550e+02,2.047221414795507428e+02,3.000000000000000000e+01,1.580978000000000010e-06,0.000000000000000000e+00
1.231274631558300428e+02,2.047217540993441673e+02,3.000000000000000000e+01,1.579740999999999958e-06,0.000000000000000000e+00
1.235426216135924022e+02,2.047213389408863975e+02,3.000000000000000000e+01,1.445747000000000009e-06,0.000000000000000000e+00
1.239871778616856233e+02,2.047208943846383136e+02,3.000000000000000000e+01,1.438122000000000018e-06,0.000000000000000000e+00
1.243861170045801572e+02,2.047204954454954304e+02,3.000000000000000000e+01,1.484018999999999996e-06,0.000000000000000000e+00
1.248098776384369444e+02,2.047200716848615514e+02,3.000000000000000000e+01,1.470442000000000032e-06,0.000000000000000000e+00
1.252124132913467776e+02,2.047196691492086416e+02,3.000000000000000000e+01,1.530003000000000045e-06,1.000000000000000000e+00
1.256473597552946018e+02,2.047192342027447012e+02,3.000000000000000000e+01,1.572189000000000076e-06,1.000000000000000000e+00
1.260630446238337612e+02,2.047188185178761728e+02,3.000000000000000000e+01,1.600331999999999986e-06,1.000000000000000000e+00
1.264823213709527039e+02,2.047183992411290490e+02,3.000000000000000000e+01,1.500680999999999990e-06,1.000000000000000000e+00
1.269294720343519600e+02,2.047179520904656442e+02,3.000000000000000000e+01,1.434048000000000004e-06,1.000000000000000000e+00
1.273283912801183391e+02,2.047175531712198904e+02,3.000000000000000000e+01,1.469904000000000005e-06,1.000000000000000000e+00
1.277522323391302450e+02,2.047171293301608728e+02,3.000000000000000000e+01,1.473687000000000033e-06,1.000000000000000000e+00
1.281956952930262048e+02,2.047166858672069623e+02,3.000000000000000000e+01,1.409280000000000083e-06,1.000000000000000000e+00
1.285906961193615530e+02,2.047162908663806320e+02,3.000000000000000000e+01,1.274471000000000084e-06,1.000000000000000000e+00
1.289987354854716273e+02,2.047158828270145250e+02,3.000000000000000000e+01,1.442967999999999955e-06,1.000000000000000000e+00
1.294294214855456175e+02,2.047154521410144525e+02,3.000000000000000000e+01,1.476014999999999920e-06,1.000000000000000000e+00
1.298374509419444394e+02,2.047150441115580577e+02,3.000000000000000000e+01,1.491746000000000049e-06,1.000000000000000000e+00
1.302679618267224839e+02,2.047146136006732604e+02,3.000000000000000000e+01,1.513879000000000079e-06,1.000000000000000000e+00
1.306872230824608323e+02,2.047141943394175314e+02,3.000000000000000000e+01,1.422230999999999919e-06,1.000000000000000000e+00
1.310749921391046087e+02,2.047138065703609016e+02,3.000000000000000000e+01,1.441002999999999923e-06,1.000000000000000000e+00
1.314920044087439237e+02,2.047133895580912508e+02,3.000000000000000000e+01,1.504376999999999945e-06,1.000000000000000000e+00
1.318998913299791695e+02,2.047129816711700130e+02,3.000000000000000000e+01,1.444073999999999991e-06,1.000000000000000000e+00
1.323391716195519905e+02,2.047125423908804578e+02,3.000000000000000000e+01,1.578301000000000019e-06,1.000000000000000000e+00
1.327609704852593211e+02,2.047121205920147418e+02,3.000000000000000000e+01,1.541863000000000047e-06,0.000000000000000000e+00
1.331526703583545270e+02,2.047117288921416502e+02,3.000000000000000000e+01,1.535605000000000098e-06,0.000000000000000000e+00
1.335960494508442196e+02,2.047112855130491482e+02,3.000000000000000000e+01,1.579217000000000105e-06,0.000000000000000000e+00
1.339876602336288727e+02,2.047108939022663776e+02,3.000000000000000000e+01,1.520384000000000070e-06,0.000000000000000000e+00
1.344174643110754630e+02,2.047104640981889077e+02,3.000000000000000000e+01,1.530220999999999922e-06,0.000000000000000000e+00
1.348482199392978771e+02,2.047100333425607062e+02,3.000000000000000000e+01,1.492807999999999930e-06,0.000000000000000000e+00
1.352561504544784157e+02,2.047096254120455114e+02,3.000000000000000000e+01,1.512206000000000061e-06,0.000000000000000000e+00
1.356728119873837102e+02,2.047092087505126017e+02,3.000000000000000000e+01,1.407809999999999952e-06,0.000000000000000000e+00
1.360883898865003800e+02,2.047087931726134968e+02,3.000000000000000000e+01,1.424893999999999948e-06,0.000000000000000000e+00
1.364821401710434827e+02,2.047083994223289665e+02,3.000000000000000000e+01,1.469482000000000003e-06,0.000000000000000000e+00
1.369275367171926803e+02,2.047079540257828114e+02,3.000000000000000000e+01,1.514331000000000062e-06,0.000000000000000000e+00
1.373512426704802749e+02,2.047075303198295160e+02,3.000000000000000000e+01,1.500709999999999943e-06,0.000000000000000000e+00
1.377499971340640457e+02,2.047071315653659269e+02,3.000000000000000000e+01,1.447507999999999914e-06,0.000000000000000000e+00
1.381933503784557615e+02,2.047066882121215485e+02,3.000000000000000000e+01,1.483844000000000035e-06,0.000000000000000000e+00
1.386086718528335950e+02,2.047062728906471705e+02,3.000000000000000000e+01,1.436317999999999984e-06,0.000000000000000000e+00
1.390241331617144454e+02,2.047058574293382947e+02,3.000000000000000000e+01,1.378851999999999991e-06,0.000000000000000000e+00
1.394703631987404151e+02,2.047054111993012668e+02,3.000000000000000000e+01,1.310036000000000098e-06,0.000000000000000000e+00
1.398694056461270350e+02,2.047050121568538827e+02,3.000000000000000000e+01,1.303430000000000072e-06,0.000000000000000000e+00
1.402936738189365258e+02,2.047045878886810613e+02,3.000000000000000000e+01,1.360501999999999989e-06,0.000000000000000000e+00
1.407417692975322723e+02,2.047041397932024722e+02,3.000000000000000000e+01,1.274267999999999986e-06,0.000000000000000000e+00
1.411297051168659209e+02,2.047037518573831392e+02,3.000000000000000000e+01,1.391337999999999908e-06,0.000000000000000000e+00
1.415448345924512523e+02,2.047033367279075549e+02,3.000000000000000000e+01,1.365449999999999988e-06,0.000000000000000000e+00
1.419492028108624027e+02,2.047029323596891288e+02,3.000000000000000000e+01,1.363484999999999957e-06,0.000000000000000000e+00
1.423752841145930574e+02,2.047025062783854139e+02,3.000000000000000000e+01,1.354289000000000011e-06,0.000000000000000000e+00
1.427831366359636718e+02,2.047020984258640226e+02,3.000000000000000000e+01,1.286738999999999913e-06,0.000000000000000000e+00
1.432057057009311052e+02,2.047016758567990564e+02,3.000000000000000000e+01,1.117033999999999942e-06,0.000000000000000000e+00
1.436087341114053402e+02,2.047012728283885963e+02,3.000000000000000000e+01,1.360342000000000019e-06,0.000000000000000000e+00
1.440081683660075385e+02,2.047008733941339926e+02,3.000000000000000000e+01,8.549105000000000372e-07,0.000000000000000000e+00
1.444560458030534278e+02,2.047004255166969529e+02,3.000000000000000000e+01,1.399269000000000087e-06,0.000000000000000000e+00
1.448791772794465658e+02,2.047000023852205572e+02,3.000000000000000000e+01,1.412597999999999981e-06,0.000000000000000000e+00
1.452786042622137472e+02,2.046996029582377901e+02,3.000000000000000000e+01,1.392297999999999938e-06,0.000000000000000000e+00
1.457247752467794157e+02,2.046991567872532300e+02,3.000000000000000000e+01,1.349152000000000089e-06,0.000000000000000000e+00
1.461398787855912076e+02,2.046987416837144167e+02,3.000000000000000000e+01,1.395892000000000043e-06,0.000000000000000000e+00
1.465275922546717311e+02,2.046983539702453356e+02,3.000000000000000000e+01,1.539433000000000097e-06,0.000000000000000000e+00
1.469531554937543376e+02,2.046979284070062306e+02,3.000000000000000000e+01,1.488544999999999993e-06,0.000000000000000000e+00
1.473841255894689084e+02,2.046974974369105382e+02,3.000000000000000000e+01,1.393316999999999903e-06,0.000000000000000000e+00
1.478217048732824423e+02,2.046970598576267264e+02,3.000000000000000000e+01,1.469786999999999951e-06,0.000000000000000000e+00
1.482672295915073164e+02,2.046966143329084957e+02,3.000000000000000000e+01,1.447187999999999975e-06,0.000000000000000000e+00
1.486443408941580628e+02,2.046962372216058270e+02,3.000000000000000000e+01,1.449400000000000048e-06,0.000000000000000000e+00
1.490758444110583980e+02,2.046958057180889341e+02,3.000000000000000000e+01,1.350156000000000063e-06,0.000000000000000000e+00
1.494927297073583361e+02,2.046953888327926450e+02,3.000000000000000000e+01,1.463239000000000044e-06,0.000000000000000000e+00
1.499006037875561219e+02,2.046949809587124491e+02,3.000000000000000000e+01,1.563646999999999973e-06,0.000000000000000000e+00
1.503245490405948033e+02,2.046945570134593879e+02,3.000000000000000000e+01,1.536303999999999911e-06,0.000000000000000000e+00
1.507367283861425449e+02,2.046941448341138425e+02,3.000000000000000000e+01,1.501247999999999971e-06,0.000000000000000000e+00
1.511518524235693235e+02,2.046937297100764397e+02,3.000000000000000000e+01,1.476219000000000045e-06,0.000000000000000000e+00
1.515396770677763811e+02,2.046933418854322326e+02,3.000000000000000000e+01,1.476553999999999975e-06,0.000000000000000000e+00
1.519633704171763213e+02,2.046929181920828285e+02,3.000000000000000000e+01,1.448236000000000105e-06,0.000000000000000000e+00
1.524085479885496284e+02,2.046924730145114495e+02,3.000000000000000000e+01,1.464752000000000092e-06,0.000000000000000000e+00
1.528022618838888889e+02,2.046920793006161148e+02,3.000000000000000000e+01,1.494772999999999961e-06,0.000000000000000000e+00
1.532291733703713419e+02,2.046916523891296151e+02,3.000000000000000000e+01,1.490043000000000050e-06,0.000000000000000000e+00
1.536407683407356046e+02,2.046912407941592562e+02,3.000000000000000000e+01,1.481646999999999953e-06,0.000000000000000000e+00
1.540537959393129768e+02,2.046908277665606875e+02,3.000000000000000000e+01,1.459047999999999977e-06,0.000000000000000000e+00
1.544779593742217116e+02,2.046904036031257874e+02,3.000000000000000000e+01,1.484092000000000105e-06,0.000000000000000000e+00
1.549106613394634735e+02,2.046899709011605353e+02,3.000000000000000000e+01,1.476436999999999922e-06,0.000000000000000000e+00
1.553005886434313823e+02,2.046895809738565788e+02,3.000000000000000000e+01,1.458203999999999973e-06,0.000000000000000000e+00
1.557490633432819891e+02,2.046891324991567274e+02,3.000000000000000000e+01,1.451291999999999970e-06,0.000000000000000000e+00
1.561477777401593414e+02,2.046887337847598474e+02,3.000000000000000000e+01,1.511972999999999982e-06,0.000000000000000000e+00
1.565517963012166263e+02,2.046883297661987910e+02,3.000000000000000000e+01,1.480816999999999912e-06,0.000000000000000000e+00
1.569728948941467479e+02,2.046879086676058535e+02,3.000000000000000000e+01,1.472886999999999973e-06,0.000000000000000000e+00
1.574191779303895657e+02,2.046874623845696135e+02,3.000000000000000000e+01,1.539331000000000035e-06,0.000000000000000000e+00
1.578179185854961872e+02,2.046870636439145130e+02,3.000000000000000000e+01,1.506138000000000063e-06,0.000000000000000000e+00
1.582418322139363909e+02,2.046866397302860605e+02,3.000000000000000000e+01,1.446634999999999957e-06,0.000000000000000000e+00
1.586839238440374231e+02,2.046861976386559547e+02,3.000000000000000000e+01,1.520661000000000093e-06,0.000000000000000000e+00
1.590994131921119390e+02,2.046857821493078973e+02,3.000000000000000000e+01,1.555527000000000083e-06,0.000000000000000000e+00
0.000000000000000000e+00,2.048448815625000066e+02,3.500000000000000000e+01,2.372099999999999871e-05,0.000000000000000000e+00
0.000000000000000000e+00,2.048448815625000066e+02,3.500000000000000000e+01,-6.969931000000000183e-07,0.000000000000000000e+00
0.000000000000000000e+00,2.048448815625000066e+02,3.500000000000000000e+01,2.657762000000000211e-07,0.000000000000000000e+00
6.117277912468579992e-02,2.048448203897208657e+02,3.500000000000000000e+01,8.646166000000000237e-07,0.000000000000000000e+00
2.124553835907135035e-01,2.048446691071164025e+02,3.500000000000000000e+01,1.317385000000000093e-06,0.000000000000000000e+00
4.094144777423124881e-01,2.048444721480222483e+02,3.500000000000000000e+01,1.666179999999999902e-06,0.000000000000000000e+00
6.425889701888803929e-01,2.048442389735297979e+02,3.500000000000000000e+01,1.942389999999999965e-06,0.000000000000000000e+00
9.006860669559122456e-01,2.048439808764330508e+02,3.500000000000000000e+01,1.674182999999999951e-06,0.000000000000000000e+00
1.203850118926854229e+00,2.048436777123810657e+02,3.500000000000000000e+01,1.498424999999999973e-06,0.000000000000000000e+00
1.558179644353841597e+00,2.048433233828556297e+02,3.500000000000000000e+01,1.482127000000000074e-06,0.000000000000000000e+00
1.943247241690702953e+00,2.048429383152582943e+02,3.500000000000000000e+01,1.551408999999999913e-06,0.000000000000000000e+00
2.363457251360753908e+00,2.048425181052486437e+02,3.500000000000000000e+01,1.651249000000000045e-06,0.000000000000000000e+00
2.781944696105921988e+00,2.048420996178038820e+02,3.500000000000000000e+01,1.695224999999999935e-06,0.000000000000000000e+00
3.204617229567524372e+00,2.048416769452704216e+02,3.500000000000000000e+01,1.695313000000000035e-06,0.000000000000000000e+00
3.592650365329869366e+00,2.048412889121346723e+02,3.500000000000000000e+01,1.712528000000000047e-06,0.000000000000000000e+00
4.007793858403796428e+00,2.048408737686415861e+02,3.500000000000000000e+01,1.719018000000000047e-06,0.000000000000000000e+00
4.455930521014336954e+00,2.048404256319789738e+02,3.500000000000000000e+01,1.846695999999999929e-06,0.000000000000000000e+00
4.845089534106828744e+00,2.048400364729658918e+02,3.500000000000000000e+01,1.806474999999999929e-06,0.000000000000000000e+00
5.278178031880532473e+00,2.048396033844681199e+02,3.500000000000000000e+01,1.667460000000000083e-06,0.000000000000000000e+00
5.701885883537298305e+00,2.048391796766164532e+02,3.500000000000000000e+01,1.711684000000000043e-06,0.000000000000000000e+00
6.139910283711930816e+00,2.048387416522162709e+02,3.500000000000000000e+01,1.749911000000000058e-06,0.000000000000000000e+00
6.545218775086745211e+00,2.048383363437249045e+02,3.500000000000000000e+01,1.795241000000000054e-06,0.000000000000000000e+00
6.948615464707285305e+00,2.048379329470352843e+02,3.500000000000000000e+01,1.743276000000000078e-06,0.000000000000000000e+00
7.383792938118887150e+00,2.048374977695618782e+02,3.500000000000000000e+01,1.712148999999999961e-06,0.000000000000000000e+00
7.814575305606036970e+00,2.048370669871943903e+02,3.500000000000000000e+01,1.805704000000000034e-06,0.000000000000000000e+00
8.244072183460559700e+00,2.048366374903165479e+02,3.500000000000000000e+01,1.674372000000000086e-06,0.000000000000000000e+00
8.643394606016364889e+00,2.048362381678939812e+02,3.500000000000000000e+01,1.672232999999999910e-06,0.000000000000000000e+00
9.044185502191464110e+00,2.048358373769978016e+02,3.500000000000000000e+01,1.710009999999999997e-06,0.000000000000000000e+00
9.478002643103199176e+00,2.048354035598568998e+02,3.500000000000000000e+01,1.693405999999999910e-06,0.000000000000000000e+00
9.906174518397383721e+00,2.048349753879815864e+02,3.500000000000000000e+01,1.770472999999999922e-06,0.000000000000000000e+00
1.030061250942054940e+01,2.048345809499905670e+02,3.500000000000000000e+01,1.809035999999999894e-06,0.000000000000000000e+00
1.074953178224613559e+01,2.048341320307177398e+02,3.500000000000000000e+01,1.674096000000000090e-06,0.000000000000000000e+00
1.113489284864782825e+01,2.048337466696513616e+02,3.500000000000000000e+01,1.750610000000000083e-06,0.000000000000000000e+00
1.155237206813157513e+01,2.048333291904318685e+02,3.500000000000000000e+01,1.729306000000000067e-06,0.000000000000000000e+00
1.197341827648934043e+01,2.048329081442234951e+02,3.500000000000000000e+01,1.608306999999999897e-06,0.000000000000000000e+00
1.238143194590444729e+01,2.048325001305540809e+02,3.500000000000000000e+01,1.627340999999999934e-06,0.000000000000000000e+00
1.281207787184836455e+01,2.048320694846281356e+02,3.500000000000000000e+01,1.727675999999999965e-06,0.000000000000000000e+00
1.324114573240384729e+01,2.048316404167675842e+02,3.500000000000000000e+01,1.740031000000000078e-06,0.000000000000000000e+00
1.364081011946564814e+01,2.048312407523805234e+02,3.500000000000000000e+01,1.743421000000000058e-06,0.000000000000000000e+00
1.404402321800301934e+01,2.048308375392819869e+02,3.500000000000000000e+01,1.752298000000000091e-06,0.000000000000000000e+00
1.446694672809524818e+01,2.048304146157719003e+02,3.500000000000000000e+01,1.714113999999999992e-06,0.000000000000000000e+00
1.489794419361554390e+01,2.048299836183063860e+02,3.500000000000000000e+01,1.722845000000000019e-06,0.000000000000000000e+00
1.530600567833272052e+01,2.048295755568216521e+02,3.500000000000000000e+01,1.769993000000000013e-06,0.000000000000000000e+00
1.573383808128926198e+01,2.048291477244187035e+02,3.500000000000000000e+01,1.720079999999999928e-06,0.000000000000000000e+00
1.614903095938717570e+01,2.048287325315406235e+02,3.500000000000000000e+01,1.742198999999999995e-06,0.000000000000000000e+00
1.653693244724342648e+01,2.048283446300527544e+02,3.500000000000000000e+01,1.757463999999999967e-06,0.000000000000000000e+00
1.696109284104877446e+01,2.048279204696589488e+02,3.500000000000000000e+01,1.837601000000000018e-06,0.000000000000000000e+00
1.740650582160834148e+01,2.048274750566783950e+02,3.500000000000000000e+01,1.746084000000000086e-06,0.000000000000000000e+00
1.783033932984733028e+01,2.048270512231701446e+02,3.500000000000000000e+01,1.753040000000000033e-06,0.000000000000000000e+00
1.827656991423986099e+01,2.048266049925857430e+02,3.500000000000000000e+01,1.759980999999999989e-06,0.000000000000000000e+00
1.866166509731734280e+01,2.048262198974026660e+02,3.500000000000000000e+01,1.735155999999999977e-06,0.000000000000000000e+00
1.908497765614928099e+01,2.048257965848438573e+02,3.500000000000000000e+01,1.720778999999999953e-06,0.000000000000000000e+00
1.950009560787764684e+01,2.048253814668921109e+02,3.500000000000000000e+01,1.663778999999999906e-06,0.000000000000000000e+00
1.993068549175684723e+01,2.048249508770082343e+02,3.500000000000000000e+01,1.674300000000000004e-06,0.000000000000000000e+00
2.035221407059759002e+01,2.048245293484293938e+02,3.500000000000000000e+01,1.698412000000000028e-06,0.000000000000000000e+00
2.076940648581032889e+01,2.048241121560141949e+02,3.500000000000000000e+01,1.720531000000000095e-06,0.000000000000000000e+00
2.118933342830333189e+01,2.048236922290716961e+02,3.500000000000000000e+01,1.797918000000000046e-06,0.000000000000000000e+00
2.157663629745547240e+01,2.048233049262025531e+02,3.500000000000000000e+01,1.754960999999999908e-06,0.000000000000000000e+00
2.199363991259352957e+01,2.048228879225873982e+02,3.500000000000000000e+01,1.667751000000000069e-06,0.000000000000000000e+00
2.240972321475885565e+01,2.048224718392852424e+02,3.500000000000000000e+01,1.717125999999999914e-06,0.000000000000000000e+00
2.283232312185812418e+01,2.048220492393781456e+02,3.500000000000000000e+01,1.794950000000000069e-06,0.000000000000000000e+00
2.326412306488548865e+01,2.048216174394351015e+02,3.500000000000000000e+01,1.742461000000000028e-06,0.000000000000000000e+00
2.367100913187742250e+01,2.048212105533681324e+02,3.500000000000000000e+01,1.728578000000000088e-06,0.000000000000000000e+00
2.406872477323932813e+01,2.048208128377267485e+02,3.500000000000000000e+01,1.736538000000000008e-06,0.000000000000000000e+00
2.451067089765733087e+01,2.048203708916023515e+02,3.500000000000000000e+01,1.697742999999999984e-06,1.000000000000000000e+00
2.493459017557252011e+01,2.048199469723244306e+02,3.500000000000000000e+01,1.743813999999999894e-06,1.000000000000000000e+00
2.533343094787566230e+01,2.048195481315521249e+02,3.500000000000000000e+01,1.733350999999999915e-06,1.000000000000000000e+00
2.575721805658666241e+01,2.048191243444434235e+02,3.500000000000000000e+01,1.750580999999999918e-06,1.000000000000000000e+00
2.620137506022052776e+01,2.048186801874397815e+02,3.500000000000000000e+01,1.814244999999999898e-06,1.000000000000000000e+00
2.661650443533808641e+01,2.048182650580646680e+02,3.500000000000000000e+01,1.793975000000000048e-06,1.000000000000000000e+00
2.702882767852286250e+01,2.048178527348214857e+02,3.500000000000000000e+01,1.775013999999999909e-06,1.000000000000000000e+00
2.743433257078417853e+01,2.048174472299292006e+02,3.500000000000000000e+01,1.725187999999999897e-06,1.000000000000000000e+00
2.786507485571772946e+01,2.048170164876442811e+02,3.500000000000000000e+01,1.666762000000000086e-06,1.000000000000000000e+00
2.829556842193836630e+01,2.048165859940780535e+02,3.500000000000000000e+01,1.613923999999999940e-06,1.000000000000000000e+00
2.869896770552732690e+01,2.048161825947944692e+02,3.500000000000000000e+01,1.607709999999999935e-06,1.000000000000000000e+00
2.910870590208604014e+01,2.048157728565979028e+02,3.500000000000000000e+01,1.664593999999999957e-06,1.000000000000000000e+00
2.952430906035465696e+01,2.048153572534396289e+02,3.500000000000000000e+01,1.633684999999999928e-06,1.000000000000000000e+00
2.997097176516615491e+01,2.048149105907348257e+02,3.500000000000000000e+01,1.722902999999999926e-06,1.000000000000000000e+00
3.035873974886686710e+01,2.048145228227511438e+02,3.500000000000000000e+01,1.695735000000000037e-06,1.000000000000000000e+00
3.079353195524702258e+01,2.048140880305447524e+02,3.500000000000000000e+01,1.650245000000000071e-06,1.000000000000000000e+00
3.119736295981435958e+01,2.048136841995401767e+02,3.500000000000000000e+01,1.633422999999999895e-06,1.000000000000000000e+00
3.160146055513146379e+01,2.048132801019448550e+02,3.500000000000000000e+01,1.612600000000000027e-06,1.000000000000000000e+00
3.201725433265301035e+01,2.048128643081673488e+02,3.500000000000000000e+01,1.605279999999999985e-06,1.000000000000000000e+00
3.246477261308714191e+01,2.048124167898868961e+02,3.500000000000000000e+01,1.657056000000000038e-06,1.000000000000000000e+00
3.285324284883972723e+01,2.048120283196511480e+02,3.500000000000000000e+01,1.733439000000000015e-06,1.000000000000000000e+00
3.328740784617954063e+01,2.048115941546538181e+02,3.500000000000000000e+01,1.691616000000000051e-06,1.000000000000000000e+00
3.371115071790834605e+01,2.048111704117820864e+02,3.500000000000000000e+01,1.679275999999999929e-06,1.000000000000000000e+00
3.412258213115891436e+01,2.048107589803688313e+02,3.500000000000000000e+01,1.699153999999999970e-06,1.000000000000000000e+00
3.450970594343573339e+01,2.048103718565565714e+02,3.500000000000000000e+01,1.682506999999999966e-06,1.000000000000000000e+00
3.495732870803215775e+01,2.048099242337919748e+02,3.500000000000000000e+01,1.697816000000000094e-06,1.000000000000000000e+00
3.537011038021139342e+01,2.048095114521197786e+02,3.500000000000000000e+01,1.595151999999999936e-06,1.000000000000000000e+00
3.578001325381679010e+01,2.048091015492461793e+02,3.500000000000000000e+01,1.511115000000000015e-06,0.000000000000000000e+00
3.620397600667954663e+01,2.048086775864933031e+02,3.500000000000000000e+01,1.607215000000000036e-06,0.000000000000000000e+00
3.664207700373737708e+01,2.048082394854962729e+02,3.500000000000000000e+01,1.675288999999999987e-06,0.000000000000000000e+00
3.704705619084383272e+01,2.048078345063091490e+02,3.500000000000000000e+01,1.637890999999999985e-06,0.000000000000000000e+00
3.745070431222119112e+01,2.048074308581877858e+02,3.500000000000000000e+01,1.628665000000000059e-06,0.000000000000000000e+00
3.788574762256295259e+01,2.048069958148774390e+02,3.500000000000000000e+01,1.601190999999999981e-06,0.000000000000000000e+00
3.831667180777238002e+01,2.048065648906922149e+02,3.500000000000000000e+01,1.673121000000000070e-06,0.000000000000000000e+00
3.874689190023060092e+01,2.048061346705997607e+02,3.500000000000000000e+01,1.632492000000000031e-06,0.000000000000000000e+00
3.916200139698359095e+01,2.048057195611030181e+02,3.500000000000000000e+01,1.658393999999999914e-06,0.000000000000000000e+00
3.958613113469672129e+01,2.048052954313652947e+02,3.500000000000000000e+01,1.672292000000000056e-06,0.000000000000000000e+00
3.997151027355728559e+01,2.048049100522264325e+02,3.500000000000000000e+01,1.688414999999999995e-06,0.000000000000000000e+00
4.040224856090737404e+01,2.048044793139390833e+02,3.500000000000000000e+01,1.638109000000000074e-06,0.000000000000000000e+00
4.084106656590090267e+01,2.048040404959340890e+02,3.500000000000000000e+01,1.656545999999999936e-06,0.000000000000000000e+00
4.124087177185487008e+01,2.048036406907281446e+02,3.500000000000000000e+01,1.612862000000000060e-06,0.000000000000000000e+00
4.165414064961433382e+01,2.048032274218503801e+02,3.500000000000000000e+01,1.704320000000000057e-06,0.000000000000000000e+00
4.207954046331677489e+01,2.048028020220366727e+02,3.500000000000000000e+01,1.600681999999999907e-06,0.000000000000000000e+00
4.248638706076003757e+01,2.048023951754392442e+02,3.500000000000000000e+01,1.544962000000000041e-06,0.000000000000000000e+00
4.291014898294329072e+01,2.048019714135170659e+02,3.500000000000000000e+01,1.663124000000000037e-06,0.000000000000000000e+00
4.330363377415368120e+01,2.048015779287258340e+02,3.500000000000000000e+01,1.693245999999999941e-06,0.000000000000000000e+00
4.373107248347337617e+01,2.048011504900165107e+02,3.500000000000000000e+01,1.662584999999999981e-06,0.000000000000000000e+00
4.414259266725944286e+01,2.048007389698327358e+02,3.500000000000000000e+01,1.673528000000000081e-06,0.000000000000000000e+00
4.455559454948829767e+01,2.048003259679504993e+02,3.500000000000000000e+01,1.740117999999999939e-06,0.000000000000000000e+00
4.497956802671883025e+01,2.047999019944732879e+02,3.500000000000000000e+01,1.701875999999999933e-06,0.000000000000000000e+00
4.540313263244274822e+01,2.047994784298675484e+02,3.500000000000000000e+01,1.703126999999999948e-06,0.000000000000000000e+00
4.584286247810717896e+01,2.047990387000218959e+02,3.500000000000000000e+01,1.690990999999999951e-06,0.000000000000000000e+00
4.625085568129080116e+01,2.047986307068186989e+02,3.500000000000000000e+01,1.752384999999999952e-06,0.000000000000000000e+00
4.666645443952607053e+01,2.047982151080604751e+02,3.500000000000000000e+01,1.695706000000000083e-06,0.000000000000000000e+00
4.708175632569974312e+01,2.047977998061743108e+02,3.500000000000000000e+01,1.472858000000000019e-06,0.000000000000000000e+00
4.749776771876558712e+01,2.047973837947812399e+02,3.500000000000000000e+01,1.545427999999999987e-06,0.000000000000000000e+00
4.792867060961592784e+01,2.047969528918903848e+02,3.500000000000000000e+01,1.542721000000000014e-06,0.000000000000000000e+00
4.833661291058533038e+01,2.047965449495894177e+02,3.500000000000000000e+01,1.513296999999999896e-06,0.000000000000000000e+00
4.876753854169287905e+01,2.047961140239582960e+02,3.500000000000000000e+01,1.566019000000000015e-06,0.000000000000000000e+00
4.918707200933044277e+01,2.047956944904906607e+02,3.500000000000000000e+01,1.546125999999999984e-06,0.000000000000000000e+00
4.960639226960444859e+01,2.047952751702303829e+02,3.500000000000000000e+01,1.513486000000000031e-06,0.000000000000000000e+00
4.999176829407299039e+01,2.047948897942059148e+02,3.500000000000000000e+01,1.501946999999999996e-06,0.000000000000000000e+00
5.043958851461152193e+01,2.047944419739853856e+02,3.500000000000000000e+01,1.560095999999999996e-06,0.000000000000000000e+00
5.083020958296285130e+01,2.047940513529170232e+02,3.500000000000000000e+01,1.504697000000000097e-06,0.000000000000000000e+00
5.126190395725292603e+01,2.047936196585427524e+02,3.500000000000000000e+01,1.547363000000000037e-06,0.000000000000000000e+00
5.168584001717640319e+01,2.047931957224828068e+02,3.500000000000000000e+01,1.555584999999999989e-06,0.000000000000000000e+00
5.209975842501788890e+01,2.047927818040749912e+02,3.500000000000000000e+01,1.559135999999999966e-06,0.000000000000000000e+00
5.250834574527064547e+01,2.047923732167547257e+02,3.500000000000000000e+01,1.540494999999999978e-06,0.000000000000000000e+00
5.293211363133664094e+01,2.047919494488686496e+02,3.500000000000000000e+01,1.532927999999999895e-06,0.000000000000000000e+00
5.333073679887401397e+01,2.047915508257011368e+02,3.500000000000000000e+01,1.552980000000000080e-06,0.000000000000000000e+00
5.375474886442901834e+01,2.047911268136355716e+02,3.500000000000000000e+01,1.579202999999999930e-06,0.000000000000000000e+00
5.419871378991174282e+01,2.047906828487100768e+02,3.500000000000000000e+01,1.564650999999999946e-06,0.000000000000000000e+00
5.459362255878207293e+01,2.047902879399412086e+02,3.500000000000000000e+01,1.589519999999999903e-06,0.000000000000000000e+00
5.500242602814810766e+01,2.047898791364718534e+02,3.500000000000000000e+01,1.514331000000000062e-06,0.000000000000000000e+00
5.543267637458252040e+01,2.047894488861254274e+02,3.500000000000000000e+01,1.570370000000000052e-06,0.000000000000000000e+00
5.586340176578764272e+01,2.047890181607342015e+02,3.500000000000000000e+01,1.598863000000000094e-06,0.000000000000000000e+00
5.627152798126301292e+01,2.047886100345187401e+02,3.500000000000000000e+01,1.580439999999999983e-06,0.000000000000000000e+00
5.669140891817531269e+01,2.047881901535818088e+02,3.500000000000000000e+01,1.553096999999999921e-06,0.000000000000000000e+00
5.710659136849918127e+01,2.047877749711315118e+02,3.500000000000000000e+01,1.556457999999999947e-06,0.000000000000000000e+00
5.749571554689674713e+01,2.047873858469531001e+02,3.500000000000000000e+01,1.614433000000000015e-06,0.000000000000000000e+00
5.792627068424705072e+01,2.047869552918157581e+02,3.500000000000000000e+01,1.590771999999999946e-06,0.000000000000000000e+00
5.835719471640172884e+01,2.047865243677835849e+02,3.500000000000000000e+01,1.576626999999999974e-06,0.000000000000000000e+00
5.879173235850092283e+01,2.047860898301414920e+02,3.500000000000000000e+01,1.557637000000000093e-06,0.000000000000000000e+00
5.921542520155537659e+01,2.047856661372984490e+02,3.500000000000000000e+01,1.572435999999999907e-06,0.000000000000000000e+00
5.965479173854269135e+01,2.047852267707614544e+02,3.500000000000000000e+01,1.605644000000000081e-06,0.000000000000000000e+00
6.005751000776386661e+01,2.047848240524922403e+02,3.500000000000000000e+01,1.580542000000000045e-06,0.000000000000000000e+00
6.046209841870228985e+01,2.047844194640812816e+02,3.500000000000000000e+01,1.500506000000000029e-06,0.000000000000000000e+00
6.088564299961831949e+01,2.047839959195003701e+02,3.500000000000000000e+01,1.526467000000000059e-06,0.000000000000000000e+00
6.128458348661672517e+01,2.047835969790133674e+02,3.500000000000000000e+01,1.565029000000000004e-06,0.000000000000000000e+00
6.173203593055371385e+01,2.047831495265694457e+02,3.500000000000000000e+01,1.558787000000000073e-06,0.000000000000000000e+00
6.214766296861746753e+01,2.047827338995313653e+02,3.500000000000000000e+01,1.487948000000000030e-06,0.000000000000000000e+00
6.253203638292897892e+01,2.047823495261170592e+02,3.500000000000000000e+01,1.494786999999999924e-06,0.000000000000000000e+00
6.295607942670388724e+01,2.047819254830732802e+02,3.500000000000000000e+01,1.556894999999999940e-06,0.000000000000000000e+00
6.339087880080675319e+01,2.047814906836991895e+02,3.500000000000000000e+01,1.487874999999999921e-06,0.000000000000000000e+00
6.377891477449366420e+01,2.047811026477255041e+02,3.500000000000000000e+01,1.548309000000000104e-06,0.000000000000000000e+00
6.422531472823176557e+01,2.047806562477717591e+02,3.500000000000000000e+01,1.539650999999999974e-06,0.000000000000000000e+00
6.464052214700348031e+01,2.047802410403529905e+02,3.500000000000000000e+01,1.508189999999999955e-06,0.000000000000000000e+00
6.504544293760707774e+01,2.047798361195623897e+02,3.500000000000000000e+01,1.465771000000000056e-06,0.000000000000000000e+00
6.544853423655708013e+01,2.047794330282634405e+02,3.500000000000000000e+01,1.542561000000000044e-06,0.000000000000000000e+00
6.588390948438583905e+01,2.047789976530156082e+02,3.500000000000000000e+01,1.416846999999999955e-06,0.000000000000000000e+00
6.631485935322692171e+01,2.047785667031467653e+02,3.500000000000000000e+01,1.465857999999999917e-06,0.000000000000000000e+00
6.674434309391152453e+01,2.047781372194060907e+02,3.500000000000000000e+01,1.501407999999999940e-06,0.000000000000000000e+00
6.715947375789221496e+01,2.047777220887421095e+02,3.500000000000000000e+01,1.510110000000000014e-06,0.000000000000000000e+00
6.756751466348585211e+01,2.047773140478365121e+02,3.500000000000000000e+01,1.499981999999999965e-06,0.000000000000000000e+00
6.796953317620524615e+01,2.047769120293237961e+02,3.500000000000000000e+01,1.546577999999999967e-06,0.000000000000000000e+00
6.840068620988483872e+01,2.047764808762901225e+02,3.500000000000000000e+01,1.528271000000000093e-06,0.000000000000000000e+00
6.883929581717558221e+01,2.047760422666828219e+02,3.500000000000000000e+01,1.524604000000000091e-06,0.000000000000000000e+00
6.923955414196178992e+01,2.047756420083580338e+02,3.500000000000000000e+01,1.501743000000000082e-06,0.000000000000000000e+00
6.966253143795027825e+01,2.047752190310620506e+02,3.500000000000000000e+01,1.413136000000000009e-06,0.000000000000000000e+00
7.008677668303155883e+01,2.047747947858169653e+02,3.500000000000000000e+01,1.478445000000000081e-06,0.000000000000000000e+00
7.046707360527990716e+01,2.047744144888947062e+02,3.500000000000000000e+01,1.600812999999999923e-06,0.000000000000000000e+00
7.090930589489252611e+01,2.047739722566051057e+02,3.500000000000000000e+01,1.550564999999999909e-06,0.000000000000000000e+00
7.133993476399491840e+01,2.047735416277359946e+02,3.500000000000000000e+01,1.535082000000000061e-06,0.000000000000000000e+00
7.173192121497244500e+01,2.047731496412850163e+02,3.500000000000000000e+01,1.580396000000000039e-06,0.000000000000000000e+00
7.217314944310440694e+01,2.047727084130569040e+02,3.500000000000000000e+01,1.605555999999999981e-06,0.000000000000000000e+00
7.256089070596655688e+01,2.047723206717940343e+02,3.500000000000000000e+01,1.544802000000000071e-06,0.000000000000000000e+00
7.298060361693268305e+01,2.047719009588830659e+02,3.500000000000000000e+01,1.627152000000000011e-06,0.000000000000000000e+00
7.341121238931297910e+01,2.047714703501106897e+02,3.500000000000000000e+01,1.640320999999999935e-06,0.000000000000000000e+00
7.382244471619841875e+01,2.047710591177838069e+02,3.500000000000000000e+01,1.682622999999999992e-06,0.000000000000000000e+00
7.426099469332696401e+01,2.047706205678066738e+02,3.500000000000000000e+01,1.690117999999999994e-06,0.000000000000000000e+00
7.466091150724015790e+01,2.047702206509927692e+02,3.500000000000000000e+01,1.695153000000000065e-06,0.000000000000000000e+00
7.506653230036843638e+01,2.047698150301996236e+02,3.500000000000000000e+01,1.748238000000000040e-06,0.000000000000000000e+00
7.548517896519268788e+01,2.047693963835347972e+02,3.500000000000000000e+01,1.718376999999999929e-06,0.000000000000000000e+00
7.590219671024173920e+01,2.047689793657897610e+02,3.500000000000000000e+01,1.731182999999999998e-06,0.000000000000000000e+00
7.632393479939275949e+01,2.047685576277006021e+02,3.500000000000000000e+01,1.702704999999999946e-06,0.000000000000000000e+00
7.675560082864572564e+01,2.047681259616713589e+02,3.500000000000000000e+01,1.728491000000000016e-06,0.000000000000000000e+00
7.716319855583266474e+01,2.047677183639441694e+02,3.500000000000000000e+01,1.684893999999999999e-06,0.000000000000000000e+00
7.757845522688995743e+01,2.047673031072731078e+02,3.500000000000000000e+01,1.759690000000000003e-06,0.000000000000000000e+00
7.800252571961725323e+01,2.047668790367803808e+02,3.500000000000000000e+01,1.771884999999999934e-06,0.000000000000000000e+00
7.843294663850274162e+01,2.047664486158614920e+02,3.500000000000000000e+01,1.812542999999999927e-06,0.000000000000000000e+00
7.886389205812187697e+01,2.047660176704418689e+02,3.500000000000000000e+01,1.808658000000000048e-06,0.000000000000000000e+00
7.929108551330935484e+01,2.047655904769866879e+02,3.500000000000000000e+01,1.667766000000000059e-06,0.000000000000000000e+00
7.969216099112041718e+01,2.047651894015088772e+02,3.500000000000000000e+01,1.718944999999999938e-06,0.000000000000000000e+00
8.010742777650551716e+01,2.047647741347234955e+02,3.500000000000000000e+01,1.779349999999999955e-06,0.000000000000000000e+00
8.054140889314913920e+01,2.047643401536068382e+02,3.500000000000000000e+01,1.771812000000000037e-06,0.000000000000000000e+00
8.094429679164082359e+01,2.047639372657083641e+02,3.500000000000000000e+01,1.759762999999999900e-06,0.000000000000000000e+00
8.136794093485053736e+01,2.047635136215651528e+02,3.500000000000000000e+01,1.690437999999999933e-06,0.000000000000000000e+00
8.176682733233140254e+01,2.047631147351676759e+02,3.500000000000000000e+01,1.503808999999999937e-06,0.000000000000000000e+00
8.221174523243300314e+01,2.047626698172675503e+02,3.500000000000000000e+01,1.572189000000000076e-06,0.000000000000000000e+00
8.260399122862719423e+01,2.047622775712713690e+02,3.500000000000000000e+01,1.689840999999999971e-06,0.000000000000000000e+00
8.301445663994910262e+01,2.047618671058600341e+02,3.500000000000000000e+01,1.688618999999999909e-06,0.000000000000000000e+00
8.344252122330897237e+01,2.047614390412766738e+02,3.500000000000000000e+01,1.652427999999999979e-06,0.000000000000000000e+00
8.385085553035067107e+01,2.047610307069696489e+02,3.500000000000000000e+01,1.696621999999999957e-06,0.000000000000000000e+00
8.428161655795797458e+01,2.047605999459420332e+02,3.500000000000000000e+01,1.652864999999999971e-06,0.000000000000000000e+00
8.468387953832574055e+01,2.047601976829616603e+02,3.500000000000000000e+01,1.664652000000000075e-06,0.000000000000000000e+00
8.509199369364115739e+01,2.047597895688063545e+02,3.500000000000000000e+01,1.612773999999999960e-06,0.000000000000000000e+00
8.553523337203390042e+01,2.047593463291279647e+02,3.500000000000000000e+01,1.696650999999999911e-06,0.000000000000000000e+00
8.595969914173484483e+01,2.047589218633582675e+02,3.500000000000000000e+01,1.541164000000000022e-06,0.000000000000000000e+00
8.637878552961055334e+01,2.047585027769703743e+02,3.500000000000000000e+01,1.536172999999999895e-06,0.000000000000000000e+00
8.679875858778626707e+01,2.047580828039122025e+02,3.500000000000000000e+01,1.621097999999999975e-06,0.000000000000000000e+00
8.722492592689198432e+01,2.047576566365731026e+02,3.500000000000000000e+01,1.634543999999999922e-06,0.000000000000000000e+00
8.764013467490126175e+01,2.047572414278251074e+02,3.500000000000000000e+01,1.665350000000000073e-06,0.000000000000000000e+00
8.806810382494415990e+01,2.047568134586750546e+02,3.500000000000000000e+01,1.648834000000000085e-06,0.000000000000000000e+00
8.845363772935461100e+01,2.047564279247706338e+02,3.500000000000000000e+01,1.596242999999999982e-06,0.000000000000000000e+00
8.889777120687023171e+01,2.047559837912931187e+02,3.500000000000000000e+01,1.588167000000000036e-06,0.000000000000000000e+00
8.929661706472005278e+01,2.047555849454352881e+02,3.500000000000000000e+01,1.620107999999999964e-06,0.000000000000000000e+00
8.974490061038513034e+01,2.047551366618896225e+02,3.500000000000000000e+01,1.581035999999999917e-06,0.000000000000000000e+00
9.014449959045799687e+01,2.047547370629095269e+02,3.500000000000000000e+01,1.483670000000000103e-06,0.000000000000000000e+00
9.054840516765182201e+01,2.047543331573323542e+02,3.500000000000000000e+01,1.481851000000000078e-06,0.000000000000000000e+00
9.097037048652165936e+01,2.047539111920134758e+02,3.500000000000000000e+01,1.505802999999999921e-06,0.000000000000000000e+00
9.137854561176291668e+01,2.047535030168882315e+02,3.500000000000000000e+01,1.478561999999999922e-06,0.000000000000000000e+00
9.181531845168062489e+01,2.047530662440483127e+02,3.500000000000000000e+01,1.465260999999999954e-06,0.000000000000000000e+00
9.221766910836893771e+01,2.047526638933916274e+02,3.500000000000000000e+01,1.496825000000000064e-06,0.000000000000000000e+00
9.262614302117846421e+01,2.047522554194788142e+02,3.500000000000000000e+01,1.402106000000000048e-06,0.000000000000000000e+00
9.305672019258295791e+01,2.047518248423073999e+02,3.500000000000000000e+01,1.343244000000000060e-06,0.000000000000000000e+00
9.346103917593454469e+01,2.047514205233240716e+02,3.500000000000000000e+01,1.363630999999999963e-06,0.000000000000000000e+00
9.388465376374045945e+01,2.047509969087362549e+02,3.500000000000000000e+01,1.433276000000000082e-06,0.000000000000000000e+00
9.431951955693384093e+01,2.047505620429430735e+02,3.500000000000000000e+01,1.520354999999999905e-06,0.000000000000000000e+00
9.473006851665915917e+01,2.047501514939833385e+02,3.500000000000000000e+01,1.545777000000000091e-06,0.000000000000000000e+00
9.514533814954808122e+01,2.047497362243504426e+02,3.500000000000000000e+01,1.549051000000000045e-06,0.000000000000000000e+00
9.553294619677691912e+01,2.047493486163032230e+02,3.500000000000000000e+01,1.521853999999999990e-06,0.000000000000000000e+00
9.595767211086291582e+01,2.047489238903891362e+02,3.500000000000000000e+01,1.448904999999999937e-06,0.000000000000000000e+00
9.640228274643955331e+01,2.047484792797535533e+02,3.500000000000000000e+01,1.448759999999999958e-06,0.000000000000000000e+00
9.680089520034351835e+01,2.047480806672996607e+02,3.500000000000000000e+01,1.526205000000000027e-06,0.000000000000000000e+00
9.722481792218326291e+01,2.047476567445778244e+02,3.500000000000000000e+01,1.593115000000000035e-06,0.000000000000000000e+00
9.766495681119623384e+01,2.047472166056888057e+02,3.500000000000000000e+01,1.645792999999999999e-06,0.000000000000000000e+00
9.808053004113655504e+01,2.047468010324588477e+02,3.500000000000000000e+01,1.691034000000000080e-06,0.000000000000000000e+00
9.849665067198715462e+01,2.047463849118280166e+02,3.500000000000000000e+01,1.721782999999999927e-06,0.000000000000000000e+00
9.890498497902888175e+01,2.047459765775209632e+02,3.500000000000000000e+01,1.684092999999999912e-06,0.000000000000000000e+00
9.934442908573882391e+01,2.047455371334142455e+02,3.500000000000000000e+01,1.668696999999999924e-06,0.000000000000000000e+00
9.976829477649752675e+01,2.047451132677234966e+02,3.500000000000000000e+01,1.661945000000000103e-06,0.000000000000000000e+00
1.001748976651991967e+02,2.047447066648348084e+02,3.500000000000000000e+01,1.633655999999999974e-06,0.000000000000000000e+00
1.006013405976304398e+02,2.047442802219023577e+02,3.500000000000000000e+01,1.659428000000000081e-06,0.000000000000000000e+00
1.010151981823994021e+02,2.047438663643175971e+02,3.500000000000000000e+01,1.692781000000000022e-06,0.000000000000000000e+00
1.014216960013879429e+02,2.047434598664985970e+02,3.500000000000000000e+01,1.613531000000000103e-06,0.000000000000000000e+00
1.018522577883802001e+02,2.047430293047116265e+02,3.500000000000000000e+01,1.660170000000000022e-06,0.000000000000000000e+00
1.022605011343930954e+02,2.047426210613656110e+02,3.500000000000000000e+01,1.628243000000000057e-06,0.000000000000000000e+00
1.026782664520780202e+02,2.047422032960479328e+02,3.500000000000000000e+01,1.550317000000000051e-06,0.000000000000000000e+00
1.030841805420930797e+02,2.047417973819578947e+02,3.500000000000000000e+01,1.499095000000000044e-06,0.000000000000000000e+00
1.034847078148774813e+02,2.047413968546851208e+02,3.500000000000000000e+01,1.410633999999999977e-06,0.000000000000000000e+00
1.039154973360803211e+02,2.047409660651639172e+02,3.500000000000000000e+01,1.503910999999999999e-06,0.000000000000000000e+00
1.043236897798789755e+02,2.047405578727201316e+02,3.500000000000000000e+01,1.589214999999999954e-06,0.000000000000000000e+00
1.047547517767122400e+02,2.047401268107232966e+02,3.500000000000000000e+01,1.627893999999999952e-06,0.000000000000000000e+00
1.051785154041984782e+02,2.047397030470957873e+02,3.500000000000000000e+01,1.659543999999999895e-06,0.000000000000000000e+00
1.055929395924528365e+02,2.047392886229075373e+02,3.500000000000000000e+01,1.631283999999999932e-06,0.000000000000000000e+00
1.060013943961618992e+02,2.047388801681038331e+02,3.500000000000000000e+01,1.635577000000000061e-06,0.000000000000000000e+00
1.064320210146819647e+02,2.047384495414853234e+02,3.500000000000000000e+01,1.682913999999999978e-06,0.000000000000000000e+00
1.068631458864045669e+02,2.047380184166135848e+02,3.500000000000000000e+01,1.685679000000000069e-06,1.000000000000000000e+00
1.072905663860681642e+02,2.047375909961139371e+02,3.500000000000000000e+01,1.655470000000000093e-06,1.000000000000000000e+00
1.076918634811143249e+02,2.047371896990188702e+02,3.500000000000000000e+01,1.552543999999999903e-06,1.000000000000000000e+00
1.081071015325239557e+02,2.047367744609674673e+02,3.500000000000000000e+01,1.661552000000000054e-06,1.000000000000000000e+00
1.085452320942770399e+02,2.047363363304057202e+02,3.500000000000000000e+01,1.671810999999999908e-06,1.000000000000000000e+00
1.089492723815141773e+02,2.047359322901184839e+02,3.500000000000000000e+01,1.632201000000000045e-06,1.000000000000000000e+00
1.093680145980916052e+02,2.047355135479019168e+02,3.500000000000000000e+01,1.638022000000000002e-06,1.000000000000000000e+00
1.098105055472565539e+02,2.047350710569527337e+02,3.500000000000000000e+01,1.630003999999999963e-06,1.000000000000000000e+00
1.101958433151308867e+02,2.047346857191848528e+02,3.500000000000000000e+01,1.605775000000000097e-06,1.000000000000000000e+00
1.106269952931322393e+02,2.047342545672068752e+02,3.500000000000000000e+01,1.603926999999999907e-06,1.000000000000000000e+00
1.110379072970251997e+02,2.047338436552029748e+02,3.500000000000000000e+01,1.622728000000000077e-06,1.000000000000000000e+00
1.114422723855045660e+02,2.047334392901144895e+02,3.500000000000000000e+01,1.578155000000000012e-06,1.000000000000000000e+00
1.118729732809368755e+02,2.047330085892190539e+02,3.500000000000000000e+01,1.682826999999999906e-06,1.000000000000000000e+00
1.122810320379952742e+02,2.047326005304620082e+02,3.500000000000000000e+01,1.473702000000000023e-06,1.000000000000000000e+00
1.127030033056431648e+02,2.047321785591943524e+02,3.500000000000000000e+01,1.428096000000000032e-06,1.000000000000000000e+00
1.131195870281711535e+02,2.047317619754718123e+02,3.500000000000000000e+01,1.677254000000000018e-06,1.000000000000000000e+00
1.135057364156284763e+02,2.047313758260843599e+02,3.500000000000000000e+01,1.658364999999999961e-06,0.000000000000000000e+00
1.139543324248091665e+02,2.047309272300751957e+02,3.500000000000000000e+01,1.657258999999999924e-06,0.000000000000000000e+00
1.143571866759437796e+02,2.047305243758240465e+02,3.500000000000000000e+01,1.705164000000000061e-06,0.000000000000000000e+00
1.147777413511450391e+02,2.047301038211488446e+02,3.500000000000000000e+01,1.686042999999999952e-06,0.000000000000000000e+00
1.152241439987276834e+02,2.047296574185012616e+02,3.500000000000000000e+01,1.655265999999999967e-06,0.000000000000000000e+00
1.156005023177079636e+02,2.047292810601823021e+02,3.500000000000000000e+01,1.572159999999999911e-06,0.000000000000000000e+00
1.160270781396877595e+02,2.047288544843603120e+02,3.500000000000000000e+01,1.182517999999999975e-06,0.000000000000000000e+00
1.164528984438420451e+02,2.047284286640561675e+02,3.500000000000000000e+01,1.004227999999999984e-06,0.000000000000000000e+00
1.168724584251436340e+02,2.047280091040748573e+02,3.500000000000000000e+01,1.261461999999999917e-06,1.000000000000000000e+00
1.172914525350451243e+02,2.047275901099649502e+02,3.500000000000000000e+01,1.463777000000000072e-06,1.000000000000000000e+00
1.177159506284987174e+02,2.047271656118714986e+02,3.500000000000000000e+01,1.631051000000000064e-06,1.000000000000000000e+00
1.181431036702211657e+02,2.047267384588297716e+02,3.500000000000000000e+01,1.625768999999999951e-06,1.000000000000000000e+00
1.185744408950618975e+02,2.047263071216049468e+02,3.500000000000000000e+01,1.543201999999999951e-06,1.000000000000000000e+00
1.189915813816225949e+02,2.047258899811183710e+02,3.500000000000000000e+01,1.565072999999999948e-06,1.000000000000000000e+00
1.193994554618203807e+02,2.047254821070381752e+02,3.500000000000000000e+01,1.593973000000000002e-06,1.000000000000000000e+00
1.198303828361743655e+02,2.047250511796638364e+02,3.500000000000000000e+01,1.615961000000000053e-06,1.000000000000000000e+00
1.202599942346182189e+02,2.047246215682653769e+02,3.500000000000000000e+01,1.433523999999999940e-06,1.000000000000000000e+00
1.206508406488549667e+02,2.047242307218511428e+02,3.500000000000000000e+01,1.475854999999999950e-06,1.000000000000000000e+00
1.210770657278306857e+02,2.047238044967721748e+02,3.500000000000000000e+01,1.592809000000000059e-06,1.000000000000000000e+00
1.214627177497777240e+02,2.047234188447502277e+02,3.500000000000000000e+01,1.582099000000000037e-06,1.000000000000000000e+00
1.219081043473282335e+02,2.047229734581526657e+02,3.500000000000000000e+01,1.537802999999999996e-06,1.000000000000000000e+00
1.223071505663779988e+02,2.047225744119336071e+02,3.500000000000000000e+01,1.568391000000000058e-06,1.000000000000000000e+00
1.227554946431003629e+02,2.047221260678568910e+02,3.500000000000000000e+01,1.457462000000000031e-06,0.000000000000000000e+00
1.231408025076335946e+02,2.047217407599923717e+02,3.500000000000000000e+01,1.661187999999999959e-06,0.000000000000000000e+00
1.235594420386460399e+02,2.047213221204613376e+02,3.500000000000000000e+01,1.599385999999999920e-06,0.000000000000000000e+00
1.239795420297549384e+02,2.047209020204702483e+02,3.500000000000000000e+01,1.346400999999999961e-06,0.000000000000000000e+00
1.243875584168636408e+02,2.047204940040831218e+02,3.500000000000000000e+01,1.613035999999999992e-06,0.000000000000000000e+00
1.248182739639565426e+02,2.047200632885360392e+02,3.500000000000000000e+01,1.645327000000000053e-06,0.000000000000000000e+00
1.252486604034245943e+02,2.047196329020965777e+02,3.500000000000000000e+01,1.643812999999999977e-06,0.000000000000000000e+00
1.256364850476316803e+02,2.047192450774523707e+02,3.500000000000000000e+01,1.646156000000000066e-06,0.000000000000000000e+00
1.260717340240457958e+02,2.047188098284759405e+02,3.500000000000000000e+01,1.664535000000000022e-06,1.000000000000000000e+00
1.264956727578425131e+02,2.047183858897421658e+02,3.500000000000000000e+01,1.628796000000000075e-06,1.000000000000000000e+00
1.269267871208171670e+02,2.047179547753791837e+02,3.500000000000000000e+01,1.629072000000000070e-06,1.000000000000000000e+00
1.273347330058986842e+02,2.047175468294940970e+02,3.500000000000000000e+01,1.677647000000000067e-06,1.000000000000000000e+00
1.277654958710936626e+02,2.047171160666289040e+02,3.500000000000000000e+01,1.579056999999999923e-06,1.000000000000000000e+00
1.281842647097304564e+02,2.047166972977902617e+02,3.500000000000000000e+01,1.655963999999999965e-06,1.000000000000000000e+00
1.286043291660558054e+02,2.047162772333339547e+02,3.500000000000000000e+01,1.666383000000000000e-06,1.000000000000000000e+00
1.289898168053435086e+02,2.047158917456946483e+02,3.500000000000000000e+01,1.648717000000000032e-06,1.000000000000000000e+00
1.294378918874973010e+02,2.047154436706125011e+02,3.500000000000000000e+01,1.693129999999999915e-06,1.000000000000000000e+00
1.298369593492211322e+02,2.047150446031507727e+02,3.500000000000000000e+01,1.670138000000000102e-06,1.000000000000000000e+00
1.302609330530534351e+02,2.047146206294469550e+02,3.500000000000000000e+01,1.716180000000000059e-06,1.000000000000000000e+00
1.306681772790006733e+02,2.047142133852210009e+02,3.500000000000000000e+01,1.703272999999999955e-06,1.000000000000000000e+00
1.310932366735759445e+02,2.047137883258264139e+02,3.500000000000000000e+01,1.669920000000000014e-06,1.000000000000000000e+00
1.315076054454198413e+02,2.047133739570545856e+02,3.500000000000000000e+01,1.645487000000000022e-06,1.000000000000000000e+00
1.319147427909175576e+02,2.047129668197090666e+02,3.500000000000000000e+01,1.561872000000000104e-06,0.000000000000000000e+00
1.323453748670570462e+02,2.047125361876329350e+02,3.500000000000000000e+01,1.617082000000000080e-06,0.000000000000000000e+00
1.327534569628938925e+02,2.047121281055370901e+02,3.500000000000000000e+01,1.671709000000000057e-06,0.000000000000000000e+00
1.331698283555013802e+02,2.047117117341445010e+02,3.500000000000000000e+01,1.653402999999999999e-06,0.000000000000000000e+00
1.335925577192427056e+02,2.047112890047807525e+02,3.500000000000000000e+01,1.578620999999999958e-06,0.000000000000000000e+00
1.339780782459336592e+02,2.047109034842540609e+02,3.500000000000000000e+01,1.610547999999999924e-06,0.000000000000000000e+00
1.344247759259542079e+02,2.047104567865740421e+02,3.500000000000000000e+01,1.593100000000000044e-06,0.000000000000000000e+00
1.348622657430981917e+02,2.047100192967569114e+02,3.500000000000000000e+01,1.657971999999999912e-06,0.000000000000000000e+00
1.352703044267962014e+02,2.047096112580732097e+02,3.500000000000000000e+01,1.684282000000000047e-06,0.000000000000000000e+00
1.356901418616905630e+02,2.047091914206383194e+02,3.500000000000000000e+01,1.623892000000000020e-06,0.000000000000000000e+00
1.360947163032587355e+02,2.047087868461967446e+02,3.500000000000000000e+01,1.690612000000000077e-06,0.000000000000000000e+00
1.364944204778903156e+02,2.047083871420221044e+02,3.500000000000000000e+01,1.702020999999999912e-06,0.000000000000000000e+00
1.369254370700266747e+02,2.047079561254299733e+02,3.500000000000000000e+01,1.702094000000000021e-06,0.000000000000000000e+00
1.373670964889313098e+02,2.047075144660110766e+02,3.500000000000000000e+01,1.541367999999999936e-06,0.000000000000000000e+00
1.377662858518571625e+02,2.047071152766481532e+02,3.500000000000000000e+01,1.591106000000000060e-06,0.000000000000000000e+00
1.381898831673266841e+02,2.047066916793326641e+02,3.500000000000000000e+01,1.608481000000000042e-06,0.000000000000000000e+00
1.386260829779474193e+02,2.047062554795220422e+02,3.500000000000000000e+01,1.603010000000000006e-06,0.000000000000000000e+00
1.390413215324833516e+02,2.047058402409675182e+02,3.500000000000000000e+01,1.591980000000000045e-06,0.000000000000000000e+00
1.394859327487774010e+02,2.047053956297512229e+02,3.500000000000000000e+01,1.552573000000000068e-06,0.000000000000000000e+00
1.398722723927913307e+02,2.047050092901071991e+02,3.500000000000000000e+01,1.547813999999999992e-06,0.000000000000000000e+00
1.403081617885922867e+02,2.047045734007114106e+02,3.500000000000000000e+01,1.543987000000000020e-06,0.000000000000000000e+00
1.407107583111689735e+02,2.047041708041888342e+02,3.500000000000000000e+01,1.568899999999999920e-06,0.000000000000000000e+00
1.411303996454198568e+02,2.047037511628545872e+02,3.500000000000000000e+01,1.521023999999999949e-06,0.000000000000000000e+00
1.415492405099000450e+02,2.047033323219901035e+02,3.500000000000000000e+01,1.495384000000000098e-06,0.000000000000000000e+00
1.419530570397194538e+02,2.047029285054602781e+02,3.500000000000000000e+01,1.346896000000000072e-06,0.000000000000000000e+00
1.423881850812405219e+02,2.047024933774187616e+02,3.500000000000000000e+01,1.375082999999999926e-06,0.000000000000000000e+00
1.427756976236641151e+02,2.047021058648763301e+02,3.500000000000000000e+01,1.511624000000000090e-06,0.000000000000000000e+00
1.432215118110636922e+02,2.047016600506889290e+02,3.500000000000000000e+01,1.461711000000000005e-06,0.000000000000000000e+00
1.436233251603053418e+02,2.047012582373396867e+02,3.500000000000000000e+01,1.522363000000000064e-06,0.000000000000000000e+00
1.440250501246819397e+02,2.047008565123753101e+02,3.500000000000000000e+01,1.514156000000000102e-06,0.000000000000000000e+00
1.444514205786163359e+02,2.047004301419213732e+02,3.500000000000000000e+01,1.509528000000000042e-06,0.000000000000000000e+00
1.448596907612768803e+02,2.047000218717387270e+02,3.500000000000000000e+01,1.591427000000000027e-06,0.000000000000000000e+00
1.452945197935016211e+02,2.046995870427064972e+02,3.500000000000000000e+01,1.553940999999999925e-06,0.000000000000000000e+00
1.457424859406276596e+02,2.046991390765593621e+02,3.500000000000000000e+01,1.572349000000000046e-06,0.000000000000000000e+00
1.461291174374878210e+02,2.046987524450624960e+02,3.500000000000000000e+01,1.511259999999999995e-06,0.000000000000000000e+00
1.465454198824184289e+02,2.046983361426175918e+02,3.500000000000000000e+01,1.502209000000000028e-06,0.000000000000000000e+00
1.469677233298779129e+02,2.046979138391701269e+02,3.500000000000000000e+01,1.610125999999999922e-06,0.000000000000000000e+00
1.473982114743987211e+02,2.046974833510255962e+02,3.500000000000000000e+01,1.585329000000000047e-06,0.000000000000000000e+00
1.478222503828399965e+02,2.046970593121171476e+02,3.500000000000000000e+01,1.597406999999999925e-06,0.000000000000000000e+00
1.482340973337574326e+02,2.046966474651662509e+02,3.500000000000000000e+01,1.519715000000000026e-06,0.000000000000000000e+00
1.486495055140350416e+02,2.046962320569859628e+02,3.500000000000000000e+01,1.432607000000000038e-06,0.000000000000000000e+00
1.490833310402213669e+02,2.046957982314597757e+02,3.500000000000000000e+01,1.550680999999999934e-06,0.000000000000000000e+00
1.494837015957668314e+02,2.046953978609042224e+02,3.500000000000000000e+01,1.598934999999999964e-06,0.000000000000000000e+00
1.499056353862595188e+02,2.046949759271137452e+02,3.500000000000000000e+01,1.562046000000000037e-06,0.000000000000000000e+00
1.503369801568892399e+02,2.046945445823430987e+02,3.500000000000000000e+01,1.536886000000000094e-06,0.000000000000000000e+00
1.507527898575177403e+02,2.046941287726424719e+02,3.500000000000000000e+01,1.520616999999999937e-06,0.000000000000000000e+00
1.511687906503034924e+02,2.046937127718497038e+02,3.500000000000000000e+01,1.435255000000000076e-06,0.000000000000000000e+00
1.515564485318207062e+02,2.046933251139681715e+02,3.500000000000000000e+01,1.536755000000000078e-06,0.000000000000000000e+00
1.519769741293834500e+02,2.046929045883706237e+02,3.500000000000000000e+01,1.511128999999999978e-06,0.000000000000000000e+00
1.524079225007482137e+02,2.046924736399992355e+02,3.500000000000000000e+01,1.507024999999999983e-06,0.000000000000000000e+00
1.528158929636746279e+02,2.046920656695363334e+02,3.500000000000000000e+01,1.440027999999999903e-06,0.000000000000000000e+00
1.532456113090359793e+02,2.046916359511909604e+02,3.500000000000000000e+01,1.481821999999999913e-06,0.000000000000000000e+00
1.536450141335877788e+02,2.046912365483664189e+02,3.500000000000000000e+01,1.487613000000000101e-06,0.000000000000000000e+00
1.540489213098311723e+02,2.046908326411901555e+02,3.500000000000000000e+01,1.494453000000000021e-06,0.000000000000000000e+00
1.544925974299005134e+02,2.046903889650700989e+02,3.500000000000000000e+01,1.612104999999999916e-06,0.000000000000000000e+00
1.548885791064903970e+02,2.046899929833934948e+02,3.500000000000000000e+01,1.604566999999999998e-06,0.000000000000000000e+00
1.553148618645037971e+02,2.046895667006354813e+02,3.500000000000000000e+01,1.612060999999999972e-06,0.000000000000000000e+00
1.557615216584298992e+02,2.046891200408415727e+02,3.500000000000000000e+01,1.564374999999999951e-06,0.000000000000000000e+00
1.561531591634638119e+02,2.046887284033365404e+02,3.500000000000000000e+01,1.583815999999999999e-06,0.000000000000000000e+00
1.565684221697987937e+02,2.046883131403301945e+02,3.500000000000000000e+01,1.550870000000000069e-06,0.000000000000000000e+00
1.569866166447191631e+02,2.046878949458552768e+02,3.500000000000000000e+01,1.600957999999999902e-06,0.000000000000000000e+00
1.573946783589165364e+02,2.046874868841410944e+02,3.500000000000000000e+01,1.587962999999999911e-06,0.000000000000000000e+00
1.578328374068702260e+02,2.046870487250931205e+02,3.500000000000000000e+01,1.579580999999999988e-06,0.000000000000000000e+00
1.582567263768696932e+02,2.046866248361231158e+02,3.500000000000000000e+01,1.574269999999999922e-06,0.000000000000000000e+00
1.587009110317809473e+02,2.046861806514682200e+02,3.500000000000000000e+01,1.648601000000000007e-06,0.000000000000000000e+00
1.591166319917300598e+02,2.046857649305082703e+02,3.500000000000000000e+01,1.609150999999999901e-06,0.000000000000000000e+00
0.000000000000000000e+00,2.048448815625000066e+02,4.000000000000000000e+01,2.346613000000000092e-05,0.000000000000000000e+00
0.000000000000000000e+00,2.048448815625000066e+02,4.000000000000000000e+01,-1.128049999999999940e-06,0.000000000000000000e+00
0.000000000000000000e+00,2.048448815625000066e+02,4.000000000000000000e+01,-1.563894000000000067e-07,0.000000000000000000e+00
4.804483133046399956e-02,2.048448335176686612e+02,4.000000000000000000e+01,4.522589999999999736e-07,0.000000000000000000e+00
1.994841030989900066e-01,2.048446820783968860e+02,4.000000000000000000e+01,9.110662999999999900e-07,0.000000000000000000e+00
3.912352998103508783e-01,2.048444903272001909e+02,4.000000000000000000e+01,1.264736000000000083e-06,0.000000000000000000e+00
6.214567658392153859e-01,2.048442601057341506e+02,4.000000000000000000e+01,1.541004000000000052e-06,0.000000000000000000e+00
8.965262693521454107e-01,2.048439850362306345e+02,4.000000000000000000e+01,1.410065999999999969e-06,0.000000000000000000e+00
1.199170861717246073e+00,2.048436823916382821e+02,4.000000000000000000e+01,1.459804000000000093e-06,0.000000000000000000e+00
1.547985497011494349e+00,2.048433335770029942e+02,4.000000000000000000e+01,1.509077000000000087e-06,0.000000000000000000e+00
1.918119229533030046e+00,2.048429634432704631e+02,4.000000000000000000e+01,1.557230000000000081e-06,0.000000000000000000e+00
2.350830389732580183e+00,2.048425307321102764e+02,4.000000000000000000e+01,1.526481000000000022e-06,0.000000000000000000e+00
2.770525988469643153e+00,2.048421110365115396e+02,4.000000000000000000e+01,1.534469999999999896e-06,0.000000000000000000e+00
3.165062703146288126e+00,2.048417164997968598e+02,4.000000000000000000e+01,1.619788000000000025e-06,0.000000000000000000e+00
3.597432260305343021e+00,2.048412841302396998e+02,4.000000000000000000e+01,1.609340000000000036e-06,0.000000000000000000e+00
4.019344552683741689e+00,2.048408622179473184e+02,4.000000000000000000e+01,1.729087999999999978e-06,0.000000000000000000e+00
4.420201432667764330e+00,2.048404613610673266e+02,4.000000000000000000e+01,1.644846999999999932e-06,0.000000000000000000e+00
4.844063154692494599e+00,2.048400374993452999e+02,4.000000000000000000e+01,1.629013999999999952e-06,0.000000000000000000e+00
5.289068468340923701e+00,2.048395924940316490e+02,4.000000000000000000e+01,1.689462999999999913e-06,0.000000000000000000e+00
5.713417696525035616e+00,2.048391681448034660e+02,4.000000000000000000e+01,1.684340999999999981e-06,0.000000000000000000e+00
6.116170721755724848e+00,2.048387653917782529e+02,4.000000000000000000e+01,1.646766999999999992e-06,0.000000000000000000e+00
6.516702682916744926e+00,2.048383648598170907e+02,4.000000000000000000e+01,1.681474000000000039e-06,0.000000000000000000e+00
6.944543642185162291e+00,2.048379370188578150e+02,4.000000000000000000e+01,1.705352999999999984e-06,0.000000000000000000e+00
7.375535668479721529e+00,2.048375060268315053e+02,4.000000000000000000e+01,1.671112999999999911e-06,0.000000000000000000e+00
7.801497429128066763e+00,2.048370800650708645e+02,4.000000000000000000e+01,1.713357000000000060e-06,0.000000000000000000e+00
8.206173971108224663e+00,2.048366753885288745e+02,4.000000000000000000e+01,1.743552000000000074e-06,0.000000000000000000e+00
8.621546440989211746e+00,2.048362600160590148e+02,4.000000000000000000e+01,1.680862999999999902e-06,0.000000000000000000e+00
9.039293051242259125e+00,2.048358422694487615e+02,4.000000000000000000e+01,1.674664000000000099e-06,0.000000000000000000e+00
9.472284508876406051e+00,2.048354092779911184e+02,4.000000000000000000e+01,1.658976999999999914e-06,0.000000000000000000e+00
9.868532140290609433e+00,2.048350130303597041e+02,4.000000000000000000e+01,1.711741999999999950e-06,0.000000000000000000e+00
1.030421169092774036e+01,2.048345773508090701e+02,4.000000000000000000e+01,1.673789999999999902e-06,0.000000000000000000e+00
1.070749025836224888e+01,2.048341740722416375e+02,4.000000000000000000e+01,1.635489999999999989e-06,0.000000000000000000e+00
1.111339806555517384e+01,2.048337681644344457e+02,4.000000000000000000e+01,1.707755000000000008e-06,0.000000000000000000e+00
1.154610572533234958e+01,2.048333354567746767e+02,4.000000000000000000e+01,1.745837000000000044e-06,0.000000000000000000e+00
1.193119833695213572e+01,2.048329503641630538e+02,4.000000000000000000e+01,1.683307000000000026e-06,0.000000000000000000e+00
1.237298643162289125e+01,2.048325085760683635e+02,4.000000000000000000e+01,1.683263999999999898e-06,0.000000000000000000e+00
1.281522022847476805e+01,2.048320663422715313e+02,4.000000000000000000e+01,1.650754999999999961e-06,0.000000000000000000e+00
1.320058344915529780e+01,2.048316809790508444e+02,4.000000000000000000e+01,1.588617999999999992e-06,0.000000000000000000e+00
1.361973378761897990e+01,2.048312618287123712e+02,4.000000000000000000e+01,1.689623000000000094e-06,0.000000000000000000e+00
1.404862993518699987e+01,2.048308329325648174e+02,4.000000000000000000e+01,1.677370000000000044e-06,0.000000000000000000e+00
1.445218476167150357e+01,2.048304293777383123e+02,4.000000000000000000e+01,1.629101000000000024e-06,0.000000000000000000e+00
1.487846345057795361e+01,2.048300030990494065e+02,4.000000000000000000e+01,1.624139000000000062e-06,0.000000000000000000e+00
1.530912074665047662e+01,2.048295724417533563e+02,4.000000000000000000e+01,1.625842000000000061e-06,0.000000000000000000e+00
1.571402788249719684e+01,2.048291675346175111e+02,4.000000000000000000e+01,1.674998000000000001e-06,0.000000000000000000e+00
1.612559509003684255e+01,2.048287559674099612e+02,4.000000000000000000e+01,1.680236999999999986e-06,0.000000000000000000e+00
1.654106764907891147e+01,2.048283404948509201e+02,4.000000000000000000e+01,1.687716999999999998e-06,0.000000000000000000e+00
1.696450580673592157e+01,2.048279170566932521e+02,4.000000000000000000e+01,1.796404999999999998e-06,0.000000000000000000e+00
1.737268688040597553e+01,2.048275088756195998e+02,4.000000000000000000e+01,1.676672000000000047e-06,0.000000000000000000e+00
1.780331916219557442e+01,2.048270782433378088e+02,4.000000000000000000e+01,1.633102999999999956e-06,0.000000000000000000e+00
1.823063514770853999e+01,2.048266509273522900e+02,4.000000000000000000e+01,1.646593000000000059e-06,0.000000000000000000e+00
1.865631928709924026e+01,2.048262252432128889e+02,4.000000000000000000e+01,1.693696999999999896e-06,0.000000000000000000e+00
1.908910023459061023e+01,2.048257924622654116e+02,4.000000000000000000e+01,1.737876999999999912e-06,0.000000000000000000e+00
1.950369812627789656e+01,2.048253778643737064e+02,4.000000000000000000e+01,1.725362000000000041e-06,0.000000000000000000e+00
1.990274268435792848e+01,2.048249788198156409e+02,4.000000000000000000e+01,1.824286000000000087e-06,0.000000000000000000e+00
2.034235002591138652e+01,2.048245392124740931e+02,4.000000000000000000e+01,1.834327000000000064e-06,0.000000000000000000e+00
2.077333756183040947e+01,2.048241082249381577e+02,4.000000000000000000e+01,1.887835000000000069e-06,0.000000000000000000e+00
2.117446158055296834e+01,2.048237071009194494e+02,4.000000000000000000e+01,1.901411000000000005e-06,0.000000000000000000e+00
2.158141952554736775e+01,2.048233001429744604e+02,4.000000000000000000e+01,1.838736000000000008e-06,0.000000000000000000e+00
2.199718255884802076e+01,2.048228843799411436e+02,4.000000000000000000e+01,1.822670999999999976e-06,0.000000000000000000e+00
2.240519725886792912e+01,2.048224763652411298e+02,4.000000000000000000e+01,1.841690000000000023e-06,0.000000000000000000e+00
2.283583159662552831e+01,2.048220457309033691e+02,4.000000000000000000e+01,1.883133999999999901e-06,0.000000000000000000e+00
2.326541833003996018e+01,2.048216161441699512e+02,4.000000000000000000e+01,1.928230999999999818e-06,0.000000000000000000e+00
2.365802123465952889e+01,2.048212235412653399e+02,4.000000000000000000e+01,1.929437999999999889e-06,0.000000000000000000e+00
2.407337424889336930e+01,2.048208081882511067e+02,4.000000000000000000e+01,1.968423000000000076e-06,0.000000000000000000e+00
2.449095359264400074e+01,2.048203906089073598e+02,4.000000000000000000e+01,1.919571999999999872e-06,0.000000000000000000e+00
2.489899750185422533e+01,2.048199825649981562e+02,4.000000000000000000e+01,1.877241000000000074e-06,0.000000000000000000e+00
2.532955928884647889e+01,2.048195520032111574e+02,4.000000000000000000e+01,1.945765999999999981e-06,0.000000000000000000e+00
2.576022935542495063e+01,2.048191213331445795e+02,4.000000000000000000e+01,1.893669999999999989e-06,0.000000000000000000e+00
2.617766106353539968e+01,2.048187039014364643e+02,4.000000000000000000e+01,1.867141999999999978e-06,0.000000000000000000e+00
2.659908211771849551e+01,2.048182824803822655e+02,4.000000000000000000e+01,1.826455000000000032e-06,0.000000000000000000e+00
2.698441396530187220e+01,2.048178971485346835e+02,4.000000000000000000e+01,1.834327000000000064e-06,0.000000000000000000e+00
2.743149999770992409e+01,2.048174500625022745e+02,4.000000000000000000e+01,1.870925000000000006e-06,0.000000000000000000e+00
2.785526624967198828e+01,2.048170262962503330e+02,4.000000000000000000e+01,1.863910999999999941e-06,0.000000000000000000e+00
2.829542392016539765e+01,2.048165861385798223e+02,4.000000000000000000e+01,1.860593000000000043e-06,0.000000000000000000e+00
2.867880030039601280e+01,2.048162027621995946e+02,4.000000000000000000e+01,1.905064000000000045e-06,0.000000000000000000e+00
2.911432115659588149e+01,2.048157672413433943e+02,4.000000000000000000e+01,1.907203000000000008e-06,0.000000000000000000e+00
2.952968117433137962e+01,2.048153518813256539e+02,4.000000000000000000e+01,1.868698999999999970e-06,0.000000000000000000e+00
2.995506922241499126e+01,2.048149264932775679e+02,4.000000000000000000e+01,1.844993999999999957e-06,0.000000000000000000e+00
3.034931724096471939e+01,2.048145322452590449e+02,4.000000000000000000e+01,1.929409000000000148e-06,0.000000000000000000e+00
3.079369240650618167e+01,2.048140878700934877e+02,4.000000000000000000e+01,1.907915999999999996e-06,0.000000000000000000e+00
3.117916309507286243e+01,2.048137023994049173e+02,4.000000000000000000e+01,1.867811000000000022e-06,0.000000000000000000e+00
3.160658238931297959e+01,2.048132749801106911e+02,4.000000000000000000e+01,1.841588999999999987e-06,0.000000000000000000e+00
3.202212615856018374e+01,2.048128594363414265e+02,4.000000000000000000e+01,1.830282000000000004e-06,0.000000000000000000e+00
3.243246717697109460e+01,2.048124490953230179e+02,4.000000000000000000e+01,1.880121999999999979e-06,0.000000000000000000e+00
3.285688242238126122e+01,2.048120246800776272e+02,4.000000000000000000e+01,1.924504999999999881e-06,0.000000000000000000e+00
3.328756101442171911e+01,2.048115940014855880e+02,4.000000000000000000e+01,1.881125999999999953e-06,0.000000000000000000e+00
3.368995942345953409e+01,2.048111916030765371e+02,4.000000000000000000e+01,1.856344000000000069e-06,0.000000000000000000e+00
3.409883163526480843e+01,2.048107827308647302e+02,4.000000000000000000e+01,1.880281999999999949e-06,0.000000000000000000e+00
3.451440438009913692e+01,2.048103671581199023e+02,4.000000000000000000e+01,1.871215999999999992e-06,0.000000000000000000e+00
3.492663407514611862e+01,2.048099549284248440e+02,4.000000000000000000e+01,1.789244999999999926e-06,0.000000000000000000e+00
3.535057315954978208e+01,2.048095309893404590e+02,4.000000000000000000e+01,1.751032000000000085e-06,0.000000000000000000e+00
3.578176625204397965e+01,2.048090997962479491e+02,4.000000000000000000e+01,1.744294000000000015e-06,0.000000000000000000e+00
3.620426200185543308e+01,2.048086773004981467e+02,4.000000000000000000e+01,1.720617999999999956e-06,0.000000000000000000e+00
3.659203280617032306e+01,2.048082895296938375e+02,4.000000000000000000e+01,1.745429000000000005e-06,0.000000000000000000e+00
3.700743966029634180e+01,2.048078741228397064e+02,4.000000000000000000e+01,1.700493000000000085e-06,0.000000000000000000e+00
3.745548917331043270e+01,2.048074260733266954e+02,4.000000000000000000e+01,1.711378000000000066e-06,0.000000000000000000e+00
3.789005200633255299e+01,2.048069915104936740e+02,4.000000000000000000e+01,1.696039999999999986e-06,0.000000000000000000e+00
3.827761815577661508e+01,2.048066039443442321e+02,4.000000000000000000e+01,1.710359000000000102e-06,0.000000000000000000e+00
3.872406859342115837e+01,2.048061574939065679e+02,4.000000000000000000e+01,1.710432000000000000e-06,0.000000000000000000e+00
3.913942823420892125e+01,2.048057421342657847e+02,4.000000000000000000e+01,1.729101999999999941e-06,0.000000000000000000e+00
3.955476944706568077e+01,2.048053267930529273e+02,4.000000000000000000e+01,1.752355999999999998e-06,0.000000000000000000e+00
3.999824061184666135e+01,2.048048833218881555e+02,4.000000000000000000e+01,1.821478000000000080e-06,0.000000000000000000e+00
4.038371674116523025e+01,2.048044978457588456e+02,4.000000000000000000e+01,1.780353999999999929e-06,0.000000000000000000e+00
4.082097163147096808e+01,2.048040605908685166e+02,4.000000000000000000e+01,1.761495000000000064e-06,0.000000000000000000e+00
4.122247113027260212e+01,2.048036590913697239e+02,4.000000000000000000e+01,1.843669000000000017e-06,0.000000000000000000e+00
4.164353609236861331e+01,2.048032380264076266e+02,4.000000000000000000e+01,1.780849000000000040e-06,0.000000000000000000e+00
4.206132174379216337e+01,2.048028202407562048e+02,4.000000000000000000e+01,1.744875999999999987e-06,0.000000000000000000e+00
4.246624120992367324e+01,2.048024153212900842e+02,4.000000000000000000e+01,1.771055000000000105e-06,0.000000000000000000e+00
4.289995889795653028e+01,2.048019816036020302e+02,4.000000000000000000e+01,1.798703999999999931e-06,0.000000000000000000e+00
4.328897662483897335e+01,2.048015925858751700e+02,4.000000000000000000e+01,1.792067999999999924e-06,0.000000000000000000e+00
4.373641680366846174e+01,2.048011451456963243e+02,4.000000000000000000e+01,1.788837999999999914e-06,0.000000000000000000e+00
4.413678662487177462e+01,2.048007447758751312e+02,4.000000000000000000e+01,1.774941000000000012e-06,0.000000000000000000e+00
4.453939327908394574e+01,2.048003421692209258e+02,4.000000000000000000e+01,1.781328999999999949e-06,0.000000000000000000e+00
4.496275162975493345e+01,2.047999188108702526e+02,4.000000000000000000e+01,1.810375000000000010e-06,0.000000000000000000e+00
4.537101310212313621e+01,2.047995105493978656e+02,4.000000000000000000e+01,1.788998000000000096e-06,0.000000000000000000e+00
4.580687671422428053e+01,2.047990746857857687e+02,4.000000000000000000e+01,1.783729999999999946e-06,0.000000000000000000e+00
4.623104519083969421e+01,2.047986505173091700e+02,4.000000000000000000e+01,1.764478000000000032e-06,0.000000000000000000e+00
4.667207669753757671e+01,2.047982094858024595e+02,4.000000000000000000e+01,1.761290999999999939e-06,0.000000000000000000e+00
4.707893259449401313e+01,2.047978026299055045e+02,4.000000000000000000e+01,1.740816999999999964e-06,0.000000000000000000e+00
4.747977640181301240e+01,2.047974017860981917e+02,4.000000000000000000e+01,1.752342000000000035e-06,0.000000000000000000e+00
4.791046920864869918e+01,2.047969710932913472e+02,4.000000000000000000e+01,1.684573000000000032e-06,0.000000000000000000e+00
4.835018434103866980e+01,2.047965313781589600e+02,4.000000000000000000e+01,1.679683999999999968e-06,0.000000000000000000e+00
4.874897871831016971e+01,2.047961325837816844e+02,4.000000000000000000e+01,1.718798999999999931e-06,0.000000000000000000e+00
4.917246937341062818e+01,2.047957090931265896e+02,4.000000000000000000e+01,1.733395000000000071e-06,0.000000000000000000e+00
4.958751096822884108e+01,2.047952940515317550e+02,4.000000000000000000e+01,1.607840999999999951e-06,0.000000000000000000e+00
4.999502956349149940e+01,2.047948865329365162e+02,4.000000000000000000e+01,1.634704000000000104e-06,0.000000000000000000e+00
5.042626679805690060e+01,2.047944552957019368e+02,4.000000000000000000e+01,1.747611999999999913e-06,0.000000000000000000e+00
5.081808407643311654e+01,2.047940634784235669e+02,4.000000000000000000e+01,1.742883000000000030e-06,0.000000000000000000e+00
5.126552547386684466e+01,2.047936160370261405e+02,4.000000000000000000e+01,1.743596000000000018e-06,0.000000000000000000e+00
5.166605105617977500e+01,2.047932155114438046e+02,4.000000000000000000e+01,1.726788000000000017e-06,0.000000000000000000e+00
5.207232438973706223e+01,2.047928092381102658e+02,4.000000000000000000e+01,1.682056000000000011e-06,0.000000000000000000e+00
5.248975488954913260e+01,2.047923918076104428e+02,4.000000000000000000e+01,1.665481000000000089e-06,0.000000000000000000e+00
5.290643912591944797e+01,2.047919751233740726e+02,4.000000000000000000e+01,1.665960999999999998e-06,0.000000000000000000e+00
5.332871719690298562e+01,2.047915528453031015e+02,4.000000000000000000e+01,1.736028999999999934e-06,0.000000000000000000e+00
5.375879939279963082e+01,2.047911227631072109e+02,4.000000000000000000e+01,1.716092999999999987e-06,0.000000000000000000e+00
5.414950165812282279e+01,2.047907320608418615e+02,4.000000000000000000e+01,1.674881999999999976e-06,0.000000000000000000e+00
5.458329460378349296e+01,2.047902982678962189e+02,4.000000000000000000e+01,1.579304999999999993e-06,0.000000000000000000e+00
5.500666529707221741e+01,2.047898748972029352e+02,4.000000000000000000e+01,1.687280000000000005e-06,0.000000000000000000e+00
5.540602989422458080e+01,2.047894755326057634e+02,4.000000000000000000e+01,1.716965999999999944e-06,0.000000000000000000e+00
5.584520075954198148e+01,2.047890363617404432e+02,4.000000000000000000e+01,1.768741999999999997e-06,0.000000000000000000e+00
5.623071298284573771e+01,2.047886508495171540e+02,4.000000000000000000e+01,1.715787000000000010e-06,0.000000000000000000e+00
5.666980853775810800e+01,2.047882117539622300e+02,4.000000000000000000e+01,1.763968999999999958e-06,0.000000000000000000e+00
5.708543948980836547e+01,2.047877961230101960e+02,4.000000000000000000e+01,1.721083999999999902e-06,0.000000000000000000e+00
5.752350770453264062e+01,2.047873580547954759e+02,4.000000000000000000e+01,1.708918999999999952e-06,0.000000000000000000e+00
5.790859613194248823e+01,2.047869729663680403e+02,4.000000000000000000e+01,1.711916000000000094e-06,0.000000000000000000e+00
5.834844913857678250e+01,2.047865331133614291e+02,4.000000000000000000e+01,1.705978999999999900e-06,0.000000000000000000e+00
5.879308419873782299e+01,2.047860884783012523e+02,4.000000000000000000e+01,1.700856999999999968e-06,0.000000000000000000e+00
5.921845064334181785e+01,2.047856631118566497e+02,4.000000000000000000e+01,1.757041999999999965e-06,0.000000000000000000e+00
5.962060019733767291e+01,2.047852609623026581e+02,4.000000000000000000e+01,1.778476999999999998e-06,0.000000000000000000e+00
6.002130056670289093e+01,2.047848602619332894e+02,4.000000000000000000e+01,1.701453999999999931e-06,0.000000000000000000e+00
6.044803491991065414e+01,2.047844335275800915e+02,4.000000000000000000e+01,1.554609999999999969e-06,0.000000000000000000e+00
6.086791682213784327e+01,2.047840136456778453e+02,4.000000000000000000e+01,1.567080999999999896e-06,0.000000000000000000e+00
6.129049316787137514e+01,2.047835910693321182e+02,4.000000000000000000e+01,1.692809999999999976e-06,0.000000000000000000e+00
6.169505946718717126e+01,2.047831865030328231e+02,4.000000000000000000e+01,1.649692000000000053e-06,0.000000000000000000e+00
6.211362868770724788e+01,2.047827679338122948e+02,4.000000000000000000e+01,1.687206999999999896e-06,0.000000000000000000e+00
6.253401955177722726e+01,2.047823475429482301e+02,4.000000000000000000e+01,1.613224999999999915e-06,0.000000000000000000e+00
6.293618443625953773e+01,2.047819453780637389e+02,4.000000000000000000e+01,1.664913999999999896e-06,0.000000000000000000e+00
6.337268282153932830e+01,2.047815088796784551e+02,4.000000000000000000e+01,1.672072999999999940e-06,0.000000000000000000e+00
6.379889182235298506e+01,2.047810826706776481e+02,4.000000000000000000e+01,1.632971999999999940e-06,0.000000000000000000e+00
6.420290294995758984e+01,2.047806786595500341e+02,4.000000000000000000e+01,1.655585999999999907e-06,0.000000000000000000e+00
6.461853613825275033e+01,2.047802630263617516e+02,4.000000000000000000e+01,1.612220999999999942e-06,0.000000000000000000e+00
6.503028211929891711e+01,2.047798512803807114e+02,4.000000000000000000e+01,1.625506999999999919e-06,0.000000000000000000e+00
6.543583543838646222e+01,2.047794457270616135e+02,4.000000000000000000e+01,1.652093000000000049e-06,0.000000000000000000e+00
6.587826082557252505e+01,2.047790033016744360e+02,4.000000000000000000e+01,1.677995999999999960e-06,0.000000000000000000e+00
6.630230096519477456e+01,2.047785792615348157e+02,4.000000000000000000e+01,1.627281999999999999e-06,0.000000000000000000e+00
6.670576683463815471e+01,2.047781757956653621e+02,4.000000000000000000e+01,1.643420999999999956e-06,0.000000000000000000e+00
6.712495524874161390e+01,2.047777566072512627e+02,4.000000000000000000e+01,1.720822000000000081e-06,0.000000000000000000e+00
6.755408137238582356e+01,2.047773274811275996e+02,4.000000000000000000e+01,1.738269999999999961e-06,0.000000000000000000e+00
6.797508773385382597e+01,2.047769064747661503e+02,4.000000000000000000e+01,1.698427000000000019e-06,0.000000000000000000e+00
6.839273936813646060e+01,2.047764888231318707e+02,4.000000000000000000e+01,1.643901000000000077e-06,0.000000000000000000e+00
6.881361510234000889e+01,2.047760679473976495e+02,4.000000000000000000e+01,1.670618000000000011e-06,0.000000000000000000e+00
6.924304959312959795e+01,2.047756385129068804e+02,4.000000000000000000e+01,1.713226000000000044e-06,0.000000000000000000e+00
6.965217339266969532e+01,2.047752293891073236e+02,4.000000000000000000e+01,1.692154999999999895e-06,0.000000000000000000e+00
7.006640927748091485e+01,2.047748151532225052e+02,4.000000000000000000e+01,1.724940000000000039e-06,0.000000000000000000e+00
7.049022281256709732e+01,2.047743913396874404e+02,4.000000000000000000e+01,1.721972000000000062e-06,0.000000000000000000e+00
7.088919021694219680e+01,2.047739923722830611e+02,4.000000000000000000e+01,1.699997999999999974e-06,0.000000000000000000e+00
7.133016520437196561e+01,2.047735513972956198e+02,4.000000000000000000e+01,1.660605999999999987e-06,0.000000000000000000e+00
7.171536340854478908e+01,2.047731661990914631e+02,4.000000000000000000e+01,1.708002000000000050e-06,0.000000000000000000e+00
7.215079863058286946e+01,2.047727307638694185e+02,4.000000000000000000e+01,1.709559000000000042e-06,0.000000000000000000e+00
7.255389524080499086e+01,2.047723276672591908e+02,4.000000000000000000e+01,1.765729000000000048e-06,0.000000000000000000e+00
7.295822260531024028e+01,2.047719233398946983e+02,4.000000000000000000e+01,1.797277999999999955e-06,0.000000000000000000e+00
7.339287804298324147e+01,2.047714886844570117e+02,4.000000000000000000e+01,1.799125999999999933e-06,0.000000000000000000e+00
7.381748782569280820e+01,2.047710640746743138e+02,4.000000000000000000e+01,1.862049000000000000e-06,0.000000000000000000e+00
7.422730753265479109e+01,2.047706542549673543e+02,4.000000000000000000e+01,1.810243999999999994e-06,0.000000000000000000e+00
7.464249318270734079e+01,2.047702390693172845e+02,4.000000000000000000e+01,1.868961000000000002e-06,0.000000000000000000e+00
7.506996528307779215e+01,2.047698115972169148e+02,4.000000000000000000e+01,1.902619000000000104e-06,0.000000000000000000e+00
7.545540818806384209e+01,2.047694261543119296e+02,4.000000000000000000e+01,1.782086000000000093e-06,0.000000000000000000e+00
7.589984496550408721e+01,2.047689817175345013e+02,4.000000000000000000e+01,1.823370000000000001e-06,0.000000000000000000e+00
7.631161677768722029e+01,2.047685699457223052e+02,4.000000000000000000e+01,1.842577999999999971e-06,0.000000000000000000e+00
7.672000868598087209e+01,2.047681615538140250e+02,4.000000000000000000e+01,1.840803000000000102e-06,0.000000000000000000e+00
7.716310579394067304e+01,2.047677184567060635e+02,4.000000000000000000e+01,1.789812999999999935e-06,0.000000000000000000e+00
7.757818087035809640e+01,2.047673033816296311e+02,4.000000000000000000e+01,1.856736999999999906e-06,0.000000000000000000e+00
7.799469744058643528e+01,2.047668868650594050e+02,4.000000000000000000e+01,1.868567999999999954e-06,0.000000000000000000e+00
7.840288679875087041e+01,2.047664786757012507e+02,4.000000000000000000e+01,1.939071999999999855e-06,0.000000000000000000e+00
7.884226659910780199e+01,2.047660392959008959e+02,4.000000000000000000e+01,1.842549000000000017e-06,0.000000000000000000e+00
7.928741823998610982e+01,2.047655941442600067e+02,4.000000000000000000e+01,1.800305000000000079e-06,0.000000000000000000e+00
7.971105884528321894e+01,2.047651705036547014e+02,4.000000000000000000e+01,1.820212000000000073e-06,0.000000000000000000e+00
8.009882127537308349e+01,2.047647827412246215e+02,4.000000000000000000e+01,1.774969999999999965e-06,0.000000000000000000e+00
8.051431988506904247e+01,2.047643672426149237e+02,4.000000000000000000e+01,1.781313999999999959e-06,0.000000000000000000e+00
8.094252814295938947e+01,2.047639390343570369e+02,4.000000000000000000e+01,1.818887999999999948e-06,0.000000000000000000e+00
8.135085702830126309e+01,2.047635307054717089e+02,4.000000000000000000e+01,1.791194999999999966e-06,0.000000000000000000e+00
8.177896786608883417e+01,2.047631025946339207e+02,4.000000000000000000e+01,1.779117000000000088e-06,0.000000000000000000e+00
8.217606546738409179e+01,2.047627054970326128e+02,4.000000000000000000e+01,1.817038999999999943e-06,0.000000000000000000e+00
8.258227045148977652e+01,2.047622992920485103e+02,4.000000000000000000e+01,1.773703999999999959e-06,0.000000000000000000e+00
8.298255695794929920e+01,2.047618990055420340e+02,4.000000000000000000e+01,1.771084000000000059e-06,0.000000000000000000e+00
8.341341436828523115e+01,2.047614681481317120e+02,4.000000000000000000e+01,1.759035999999999950e-06,0.000000000000000000e+00
8.385357163893129950e+01,2.047610279908610664e+02,4.000000000000000000e+01,1.711218000000000097e-06,0.000000000000000000e+00
8.425241644237696903e+01,2.047606291460576244e+02,4.000000000000000000e+01,1.700391000000000022e-06,0.000000000000000000e+00
8.469553853357012940e+01,2.047601860239664404e+02,4.000000000000000000e+01,1.697786999999999928e-06,0.000000000000000000e+00
8.509079377905010233e+01,2.047597907687209329e+02,4.000000000000000000e+01,1.769993000000000013e-06,0.000000000000000000e+00
8.549861351603053095e+01,2.047593829489839550e+02,4.000000000000000000e+01,1.716834999999999928e-06,0.000000000000000000e+00
8.592939228071392677e+01,2.047589521702192883e+02,4.000000000000000000e+01,1.754538999999999906e-06,0.000000000000000000e+00
8.636022631000456329e+01,2.047585213361900003e+02,4.000000000000000000e+01,1.760854999999999974e-06,0.000000000000000000e+00
8.676826563449067464e+01,2.047581132968655027e+02,4.000000000000000000e+01,1.807711999999999981e-06,0.000000000000000000e+00
8.718773337376414645e+01,2.047576938291262252e+02,4.000000000000000000e+01,1.741340000000000001e-06,0.000000000000000000e+00
8.763128180878415208e+01,2.047572502806912098e+02,4.000000000000000000e+01,1.780383000000000094e-06,0.000000000000000000e+00
8.804680158570785409e+01,2.047568347609143018e+02,4.000000000000000000e+01,1.845357000000000025e-06,0.000000000000000000e+00
8.845111591372284465e+01,2.047564304465862790e+02,4.000000000000000000e+01,1.844630000000000074e-06,0.000000000000000000e+00
8.887784758343995861e+01,2.047560037149165453e+02,4.000000000000000000e+01,1.881838999999999941e-06,0.000000000000000000e+00
8.931110359578183022e+01,2.047555704589042023e+02,4.000000000000000000e+01,1.806430999999999985e-06,0.000000000000000000e+00
8.970455947431199206e+01,2.047551770030256932e+02,4.000000000000000000e+01,1.715146999999999920e-06,0.000000000000000000e+00
9.013764842791636056e+01,2.047547439140720940e+02,4.000000000000000000e+01,1.754044000000000007e-06,0.000000000000000000e+00
9.054774523628904603e+01,2.047543338172636993e+02,4.000000000000000000e+01,1.671767999999999992e-06,0.000000000000000000e+00
9.095162527188739432e+01,2.047539299372281221e+02,4.000000000000000000e+01,1.646344999999999990e-06,0.000000000000000000e+00
9.138221266640641716e+01,2.047534993498335893e+02,4.000000000000000000e+01,1.608205000000000046e-06,0.000000000000000000e+00
9.179032125086743577e+01,2.047530912412491375e+02,4.000000000000000000e+01,1.503823999999999927e-06,0.000000000000000000e+00
9.221443466631323815e+01,2.047526671278336892e+02,4.000000000000000000e+01,1.608219000000000009e-06,0.000000000000000000e+00
9.261675857420263469e+01,2.047522648039257831e+02,4.000000000000000000e+01,1.732783999999999934e-06,0.000000000000000000e+00
9.301741114172871505e+01,2.047518641513582622e+02,4.000000000000000000e+01,1.668158999999999896e-06,0.000000000000000000e+00
9.346444358414048281e+01,2.047514171189158674e+02,4.000000000000000000e+01,1.623905999999999983e-06,0.000000000000000000e+00
9.385305596564812447e+01,2.047510285065343396e+02,4.000000000000000000e+01,1.809109000000000004e-06,0.000000000000000000e+00
9.428690456508979878e+01,2.047505946579348972e+02,4.000000000000000000e+01,1.735344999999999900e-06,0.000000000000000000e+00
9.473399153816791340e+01,2.047501475709618148e+02,4.000000000000000000e+01,1.654581999999999933e-06,0.000000000000000000e+00
9.512253382259814316e+01,2.047497590286774027e+02,4.000000000000000000e+01,1.692883000000000085e-06,0.000000000000000000e+00
9.553753671800035363e+01,2.047493440257819941e+02,4.000000000000000000e+01,1.722204999999999929e-06,0.000000000000000000e+00
9.596172371269952350e+01,2.047489198387872875e+02,4.000000000000000000e+01,1.728753000000000048e-06,0.000000000000000000e+00
9.635716265597939412e+01,2.047485243998440296e+02,4.000000000000000000e+01,1.787324000000000050e-06,0.000000000000000000e+00
9.680080089870095605e+01,2.047480807616013010e+02,4.000000000000000000e+01,1.715176000000000085e-06,0.000000000000000000e+00
9.722722095051288704e+01,2.047476543415494916e+02,4.000000000000000000e+01,1.685112000000000088e-06,0.000000000000000000e+00
9.762841918587785983e+01,2.047472531433141114e+02,4.000000000000000000e+01,1.644817999999999979e-06,0.000000000000000000e+00
9.803039860895380286e+01,2.047468511638910513e+02,4.000000000000000000e+01,1.709152000000000030e-06,0.000000000000000000e+00
9.847632727269255781e+01,2.047464052352273143e+02,4.000000000000000000e+01,1.641107000000000032e-06,0.000000000000000000e+00
9.890904117247511351e+01,2.047459725213275306e+02,4.000000000000000000e+01,1.745894999999999951e-06,0.000000000000000000e+00
9.933980220008240281e+01,2.047455417602999148e+02,4.000000000000000000e+01,1.861175000000000015e-06,0.000000000000000000e+00
9.974758084450596129e+01,2.047451339816554992e+02,4.000000000000000000e+01,1.821972999999999979e-06,0.000000000000000000e+00
1.001624106717557368e+02,2.047447191518282352e+02,4.000000000000000000e+01,1.861960999999999900e-06,0.000000000000000000e+00
1.005775390140748158e+02,2.047443040234859097e+02,4.000000000000000000e+01,1.897525999999999914e-06,0.000000000000000000e+00
1.009736685474822337e+02,2.047439078939525245e+02,4.000000000000000000e+01,1.754743000000000032e-06,0.000000000000000000e+00
1.014172956854886962e+02,2.047434642668144988e+02,4.000000000000000000e+01,1.800334000000000033e-06,0.000000000000000000e+00
1.018260076202139004e+02,2.047430555548797884e+02,4.000000000000000000e+01,1.868014999999999936e-06,0.000000000000000000e+00
1.022390344523550851e+02,2.047426425280476394e+02,4.000000000000000000e+01,1.844818999999999997e-06,0.000000000000000000e+00
1.026494513190197182e+02,2.047422321111809822e+02,4.000000000000000000e+01,1.792563000000000035e-06,0.000000000000000000e+00
1.030636107899520368e+02,2.047418179517100327e+02,4.000000000000000000e+01,1.821404999999999970e-06,0.000000000000000000e+00
1.034876288193897835e+02,2.047413939336805981e+02,4.000000000000000000e+01,1.839914999999999942e-06,0.000000000000000000e+00
1.039054586289213233e+02,2.047409761038710769e+02,4.000000000000000000e+01,1.800959999999999948e-06,0.000000000000000000e+00
1.043277232330680420e+02,2.047405538392669371e+02,4.000000000000000000e+01,1.587701000000000090e-06,0.000000000000000000e+00
1.047585070009325392e+02,2.047401230554990548e+02,4.000000000000000000e+01,1.753927999999999981e-06,0.000000000000000000e+00
1.051579211290076330e+02,2.047397236413710004e+02,4.000000000000000000e+01,1.742446000000000037e-06,0.000000000000000000e+00
1.055627463040712399e+02,2.047393188161959188e+02,4.000000000000000000e+01,1.744221999999999934e-06,0.000000000000000000e+00
1.059821960227282602e+02,2.047388993664772556e+02,4.000000000000000000e+01,1.612585000000000037e-06,0.000000000000000000e+00
1.064292285544979535e+02,2.047384523339455029e+02,4.000000000000000000e+01,1.657754000000000036e-06,0.000000000000000000e+00
1.068280208585128435e+02,2.047380535416414773e+02,4.000000000000000000e+01,1.743479999999999992e-06,0.000000000000000000e+00
1.072745986146472603e+02,2.047376069638853551e+02,4.000000000000000000e+01,1.776629000000000020e-06,0.000000000000000000e+00
1.076956126890555936e+02,2.047371859498109359e+02,4.000000000000000000e+01,1.742795999999999958e-06,0.000000000000000000e+00
1.081111390925331932e+02,2.047367704234074495e+02,4.000000000000000000e+01,1.662468999999999956e-06,0.000000000000000000e+00
1.084992178533715048e+02,2.047363823446466142e+02,4.000000000000000000e+01,1.765846000000000101e-06,0.000000000000000000e+00
1.089480800274815806e+02,2.047359334824725181e+02,4.000000000000000000e+01,1.749852999999999939e-06,0.000000000000000000e+00
1.093717978848732031e+02,2.047355097646151307e+02,4.000000000000000000e+01,1.813416000000000096e-06,0.000000000000000000e+00
1.097706456889313245e+02,2.047351109168110668e+02,4.000000000000000000e+01,1.779132000000000079e-06,0.000000000000000000e+00
1.102161207517162751e+02,2.047346654417482910e+02,4.000000000000000000e+01,1.675288999999999987e-06,0.000000000000000000e+00
1.106077053680032947e+02,2.047342738571319956e+02,4.000000000000000000e+01,1.675697000000000026e-06,0.000000000000000000e+00
1.110194929666286612e+02,2.047338620695333589e+02,4.000000000000000000e+01,1.643303999999999903e-06,0.000000000000000000e+00
1.114304678235492929e+02,2.047334510946764397e+02,4.000000000000000000e+01,1.657782999999999989e-06,0.000000000000000000e+00
1.118550690675341599e+02,2.047330264934324759e+02,4.000000000000000000e+01,1.701613999999999900e-06,0.000000000000000000e+00
1.122857704391576732e+02,2.047325957920608346e+02,4.000000000000000000e+01,1.682754000000000008e-06,0.000000000000000000e+00
1.126881854118320376e+02,2.047321933770881515e+02,4.000000000000000000e+01,1.730818999999999903e-06,0.000000000000000000e+00
1.130967794930951129e+02,2.047317847830069013e+02,4.000000000000000000e+01,1.693028000000000064e-06,0.000000000000000000e+00
1.135111196076148730e+02,2.047313704428923700e+02,4.000000000000000000e+01,1.774912000000000058e-06,0.000000000000000000e+00
1.139180579708535817e+02,2.047309635045291429e+02,4.000000000000000000e+01,1.764943999999999978e-06,0.000000000000000000e+00
1.143589803008659658e+02,2.047305225821991428e+02,4.000000000000000000e+01,1.769295000000000015e-06,0.000000000000000000e+00
1.147577475905436586e+02,2.047301238149094615e+02,4.000000000000000000e+01,1.823849999999999910e-06,0.000000000000000000e+00
1.151814154192609578e+02,2.047297001470807345e+02,4.000000000000000000e+01,1.772511000000000062e-06,0.000000000000000000e+00
1.156168084349140059e+02,2.047292647540650705e+02,4.000000000000000000e+01,1.770532000000000068e-06,0.000000000000000000e+00
1.160046674994566160e+02,2.047288768950005533e+02,4.000000000000000000e+01,1.765772999999999992e-06,0.000000000000000000e+00
1.164347672161523235e+02,2.047284467952838440e+02,4.000000000000000000e+01,1.872976999999999898e-06,0.000000000000000000e+00
1.168657358178348460e+02,2.047280158266821672e+02,4.000000000000000000e+01,1.835374999999999982e-06,0.000000000000000000e+00
1.172738398105441178e+02,2.047276077226894415e+02,4.000000000000000000e+01,1.882348000000000015e-06,0.000000000000000000e+00
1.176945184946589933e+02,2.047271870440053476e+02,4.000000000000000000e+01,1.775376999999999977e-06,0.000000000000000000e+00
1.181098752230704036e+02,2.047267716872769370e+02,4.000000000000000000e+01,1.822729000000000095e-06,0.000000000000000000e+00
1.185530864185331410e+02,2.047263284760814770e+02,4.000000000000000000e+01,1.738605000000000102e-06,0.000000000000000000e+00
1.189743142837067040e+02,2.047259072482162878e+02,4.000000000000000000e+01,1.772336000000000102e-06,0.000000000000000000e+00
1.193920945460906751e+02,2.047254894679539063e+02,4.000000000000000000e+01,1.795255000000000017e-06,0.000000000000000000e+00
1.198131139950120456e+02,2.047250684485049987e+02,4.000000000000000000e+01,1.766311000000000020e-06,0.000000000000000000e+00
1.202426316821374854e+02,2.047246389308178607e+02,4.000000000000000000e+01,1.753781999999999974e-06,0.000000000000000000e+00
1.206420917563873161e+02,2.047242394707436119e+02,4.000000000000000000e+01,1.561508000000000009e-06,0.000000000000000000e+00
1.210456703716701554e+02,2.047238358921283350e+02,4.000000000000000000e+01,1.633874000000000063e-06,0.000000000000000000e+00
1.214897966649967600e+02,2.047233917658350038e+02,4.000000000000000000e+01,1.751002999999999920e-06,0.000000000000000000e+00
1.218762198384732187e+02,2.047230053426615370e+02,4.000000000000000000e+01,1.751555999999999938e-06,0.000000000000000000e+00
1.223021514460767776e+02,2.047225794110539141e+02,4.000000000000000000e+01,1.652515000000000051e-06,0.000000000000000000e+00
1.227074159539852047e+02,2.047221741465460241e+02,4.000000000000000000e+01,1.592503000000000082e-06,0.000000000000000000e+00
1.231355456371010177e+02,2.047217460168629088e+02,4.000000000000000000e+01,1.725405999999999985e-06,0.000000000000000000e+00
1.235538477718647670e+02,2.047213277147281190e+02,4.000000000000000000e+01,1.767038999999999998e-06,0.000000000000000000e+00
1.239581706749367811e+02,2.047209233918250675e+02,4.000000000000000000e+01,1.741180000000000031e-06,0.000000000000000000e+00
1.243929281235279944e+02,2.047204886343764656e+02,4.000000000000000000e+01,1.685432000000000027e-06,0.000000000000000000e+00
1.248006939241395656e+02,2.047200808685758489e+02,4.000000000000000000e+01,1.692461000000000083e-06,0.000000000000000000e+00
1.252273621145038334e+02,2.047196542003854915e+02,4.000000000000000000e+01,1.784370000000000036e-06,0.000000000000000000e+00
1.256430480540726791e+02,2.047192385144459195e+02,4.000000000000000000e+01,1.696752999999999973e-06,0.000000000000000000e+00
1.260709210902624164e+02,2.047188106414097319e+02,4.000000000000000000e+01,1.571214000000000056e-06,0.000000000000000000e+00
1.264564133376127586e+02,2.047184251491623854e+02,4.000000000000000000e+01,1.711188999999999931e-06,0.000000000000000000e+00
1.269008470244042002e+02,2.047179807154755906e+02,4.000000000000000000e+01,1.678229000000000039e-06,0.000000000000000000e+00
1.273406048358092590e+02,2.047175409576641982e+02,4.000000000000000000e+01,1.768377999999999902e-06,0.000000000000000000e+00
1.277711438825443224e+02,2.047171104186174659e+02,4.000000000000000000e+01,1.801294000000000062e-06,0.000000000000000000e+00
1.281719464660305334e+02,2.047167096160339668e+02,4.000000000000000000e+01,1.886583000000000026e-06,0.000000000000000000e+00
1.285784088428976588e+02,2.047163031536570941e+02,4.000000000000000000e+01,1.628126000000000004e-06,0.000000000000000000e+00
1.289947141674654745e+02,2.047158868483325307e+02,4.000000000000000000e+01,1.535067000000000070e-06,0.000000000000000000e+00
1.294028838710069067e+02,2.047154786786289833e+02,4.000000000000000000e+01,1.544583999999999982e-06,0.000000000000000000e+00
1.298337185410856307e+02,2.047150478439588994e+02,4.000000000000000000e+01,1.493143000000000071e-06,0.000000000000000000e+00
1.302633612646561971e+02,2.047146182012353393e+02,4.000000000000000000e+01,1.510837999999999993e-06,0.000000000000000000e+00
1.306552547840746286e+02,2.047142263077159328e+02,4.000000000000000000e+01,1.561696999999999932e-06,0.000000000000000000e+00
1.310884096460771957e+02,2.047137931528539241e+02,4.000000000000000000e+01,1.623994000000000083e-06,0.000000000000000000e+00
1.314684078082545966e+02,2.047134131546917502e+02,4.000000000000000000e+01,1.670806999999999934e-06,0.000000000000000000e+00
1.319110000347328366e+02,2.047129705624652729e+02,4.000000000000000000e+01,1.573527999999999980e-06,0.000000000000000000e+00
1.323348178497065817e+02,2.047125467446502967e+02,4.000000000000000000e+01,1.666543999999999997e-06,0.000000000000000000e+00
1.327352401958751500e+02,2.047121463223041076e+02,4.000000000000000000e+01,1.642968999999999973e-06,0.000000000000000000e+00
1.331576821523414083e+02,2.047117238803476482e+02,4.000000000000000000e+01,1.668827999999999940e-06,0.000000000000000000e+00
1.335740664628729917e+02,2.047113074960371364e+02,4.000000000000000000e+01,1.579974000000000037e-06,0.000000000000000000e+00
1.339807366652830467e+02,2.047109008258347274e+02,4.000000000000000000e+01,1.678286999999999946e-06,0.000000000000000000e+00
1.344130759793537209e+02,2.047104684865206536e+02,4.000000000000000000e+01,1.720778999999999953e-06,0.000000000000000000e+00
1.348437285798056848e+02,2.047100378339201825e+02,4.000000000000000000e+01,1.652676000000000048e-06,0.000000000000000000e+00
1.352518775757628191e+02,2.047096296849242378e+02,4.000000000000000000e+01,1.660737000000000004e-06,0.000000000000000000e+00
1.356679535717125589e+02,2.047092136089282803e+02,4.000000000000000000e+01,1.547916000000000055e-06,0.000000000000000000e+00
1.360906391939275579e+02,2.047087909233060827e+02,4.000000000000000000e+01,1.483596999999999994e-06,0.000000000000000000e+00
1.364756985305343733e+02,2.047084058639694604e+02,4.000000000000000000e+01,1.572828999999999955e-06,0.000000000000000000e+00
1.369222446097939496e+02,2.047079593178902144e+02,4.000000000000000000e+01,1.660548000000000080e-06,0.000000000000000000e+00
1.373463521312977207e+02,2.047075352103686896e+02,4.000000000000000000e+01,1.621200000000000038e-06,0.000000000000000000e+00
1.377457417095270102e+02,2.047071358207904836e+02,4.000000000000000000e+01,1.648236999999999911e-06,0.000000000000000000e+00
1.381879547197497686e+02,2.047066936077802382e+02,4.000000000000000000e+01,1.382562999999999937e-06,0.000000000000000000e+00
1.386034811232273967e+02,2.047062780813767802e+02,4.000000000000000000e+01,1.494744000000000007e-06,0.000000000000000000e+00
1.390188280099665974e+02,2.047058627344900401e+02,4.000000000000000000e+01,1.521882999999999944e-06,0.000000000000000000e+00
1.394659141251908352e+02,2.047054156483748102e+02,4.000000000000000000e+01,1.591092000000000097e-06,0.000000000000000000e+00
1.398645555300460614e+02,2.047050170069699391e+02,4.000000000000000000e+01,1.595763000000000073e-06,0.000000000000000000e+00
1.402884725843511262e+02,2.047045930899156474e+02,4.000000000000000000e+01,1.652123000000000030e-06,0.000000000000000000e+00
1.406929905422684897e+02,2.047041885719577294e+02,4.000000000000000000e+01,1.626264000000000063e-06,0.000000000000000000e+00
1.411236768277360909e+02,2.047037578856722746e+02,4.000000000000000000e+01,1.616805000000000057e-06,0.000000000000000000e+00
1.415323874559333888e+02,2.047033491750440533e+02,4.000000000000000000e+01,1.647903000000000009e-06,0.000000000000000000e+00
1.419341632481690851e+02,2.047029473992518263e+02,4.000000000000000000e+01,1.551423000000000088e-06,0.000000000000000000e+00
1.423707103242176402e+02,2.047025108521757772e+02,4.000000000000000000e+01,1.513675999999999981e-06,0.000000000000000000e+00
1.427786173674531653e+02,2.047021029451325376e+02,4.000000000000000000e+01,1.620588999999999901e-06,0.000000000000000000e+00
1.432004630661330111e+02,2.047016810994338698e+02,4.000000000000000000e+01,1.744774999999999952e-06,0.000000000000000000e+00
1.436041091243588710e+02,2.047012774533756385e+02,4.000000000000000000e+01,1.686711999999999996e-06,0.000000000000000000e+00
1.440035295494473360e+02,2.047008780329505555e+02,4.000000000000000000e+01,1.810491000000000035e-06,0.000000000000000000e+00
1.444520201115484781e+02,2.047004295423884344e+02,4.000000000000000000e+01,1.866471999999999907e-06,0.000000000000000000e+00
1.448418293738153579e+02,2.047000397331261752e+02,4.000000000000000000e+01,1.755296000000000050e-06,0.000000000000000000e+00
1.452750555740356617e+02,2.046996065069259600e+02,4.000000000000000000e+01,1.571169999999999900e-06,0.000000000000000000e+00
1.457207487785405533e+02,2.046991608137214484e+02,4.000000000000000000e+01,1.510139999999999995e-06,0.000000000000000000e+00
1.461360395786571758e+02,2.046987455229213424e+02,4.000000000000000000e+01,1.547159999999999939e-06,0.000000000000000000e+00
1.465237258828393863e+02,2.046983578366171628e+02,4.000000000000000000e+01,1.675129000000000018e-06,0.000000000000000000e+00
1.469503425306759823e+02,2.046979312199693197e+02,4.000000000000000000e+01,1.653505000000000062e-06,0.000000000000000000e+00
1.473813136422979539e+02,2.046975002488576934e+02,4.000000000000000000e+01,1.649678000000000090e-06,0.000000000000000000e+00
1.478181572132922952e+02,2.046970634052867126e+02,4.000000000000000000e+01,1.632929000000000023e-06,0.000000000000000000e+00
1.482202043146320989e+02,2.046966613581853665e+02,4.000000000000000000e+01,1.700522000000000039e-06,0.000000000000000000e+00
1.486566866102260747e+02,2.046962248758897829e+02,4.000000000000000000e+01,1.619132999999999944e-06,0.000000000000000000e+00
1.490722341809314173e+02,2.046958093283190578e+02,4.000000000000000000e+01,1.577559000000000078e-06,0.000000000000000000e+00
1.494698984009701235e+02,2.046954116640990264e+02,4.000000000000000000e+01,1.550375999999999986e-06,0.000000000000000000e+00
1.498977236196135436e+02,2.046949838388803755e+02,4.000000000000000000e+01,1.660155000000000032e-06,0.000000000000000000e+00
1.503217148327535142e+02,2.046945598476672501e+02,4.000000000000000000e+01,1.635286000000000076e-06,0.000000000000000000e+00
1.507329447667717943e+02,2.046941486177332195e+02,4.000000000000000000e+01,1.635372999999999936e-06,0.000000000000000000e+00
1.511485506140797099e+02,2.046937330118859109e+02,4.000000000000000000e+01,1.671171000000000029e-06,0.000000000000000000e+00
1.515363447754658637e+02,2.046933452177245272e+02,4.000000000000000000e+01,1.755296000000000050e-06,0.000000000000000000e+00
1.519602755378977008e+02,2.046929212869621040e+02,4.000000000000000000e+01,1.670923999999999987e-06,0.000000000000000000e+00
1.523791657511828532e+02,2.046925023967488073e+02,4.000000000000000000e+01,1.661698000000000061e-06,0.000000000000000000e+00
1.528035933110687097e+02,2.046920779691889152e+02,4.000000000000000000e+01,1.699488999999999900e-06,0.000000000000000000e+00
1.532273565117488374e+02,2.046916542059882431e+02,4.000000000000000000e+01,1.706052000000000009e-06,0.000000000000000000e+00
1.536261488157637416e+02,2.046912554136842459e+02,4.000000000000000000e+01,1.627354999999999897e-06,0.000000000000000000e+00
1.540554631490444706e+02,2.046908260993509430e+02,4.000000000000000000e+01,1.507826000000000071e-06,0.000000000000000000e+00
1.544760493074253986e+02,2.046904055131925588e+02,4.000000000000000000e+01,1.599052000000000017e-06,0.000000000000000000e+00
1.548839766759488157e+02,2.046899975858240452e+02,4.000000000000000000e+01,1.581226000000000080e-06,0.000000000000000000e+00
1.553151094855457472e+02,2.046895664530144643e+02,4.000000000000000000e+01,1.582099000000000037e-06,0.000000000000000000e+00
1.557452864754028781e+02,2.046891362760245840e+02,4.000000000000000000e+01,1.680630000000000035e-06,0.000000000000000000e+00
1.561329164382007662e+02,2.046887486460617822e+02,4.000000000000000000e+01,1.754625999999999978e-06,0.000000000000000000e+00
1.565482125869380639e+02,2.046883333499130515e+02,4.000000000000000000e+01,1.623949999999999927e-06,0.000000000000000000e+00
1.569924416067943866e+02,2.046878891208932032e+02,4.000000000000000000e+01,1.687337999999999912e-06,0.000000000000000000e+00
1.573783890920604449e+02,2.046875031734079471e+02,4.000000000000000000e+01,1.672043999999999987e-06,0.000000000000000000e+00
1.578148961362628029e+02,2.046870666663637337e+02,4.000000000000000000e+01,1.690321000000000092e-06,0.000000000000000000e+00
1.582623487112402643e+02,2.046866192137887595e+02,4.000000000000000000e+01,1.668770000000000033e-06,0.000000000000000000e+00
1.586805015438280293e+02,2.046862010609561651e+02,4.000000000000000000e+01,1.741499999999999970e-06,0.000000000000000000e+00
1.590961047020966532e+02,2.046857854577978912e+02,4.000000000000000000e+01,1.707099999999999927e-06,0.000000000000000000e+00
0.000000000000000000e+00,2.048448815625000066e+02,4.500000000000000000e+01,2.387898999999999886e-05,0.000000000000000000e+00
0.000000000000000000e+00,2.048448815625000066e+02,4.500000000000000000e+01,-6.343615999999999515e-07,0.000000000000000000e+00
0.000000000000000000e+00,2.048448815625000066e+02,4.500000000000000000e+01,3.196328000000000032e-07,0.000000000000000000e+00
5.894947346144659844e-02,2.048448226130265368e+02,4.500000000000000000e+01,9.089853999999999783e-07,0.000000000000000000e+00
2.158568589257914005e-01,2.048446657056410629e+02,4.500000000000000000e+01,1.349326000000000022e-06,0.000000000000000000e+00
4.007590394725826788e-01,2.048444808034605273e+02,4.500000000000000000e+01,1.688633000000000083e-06,0.000000000000000000e+00
6.286199144774117231e-01,2.048442529425855128e+02,4.500000000000000000e+01,1.950218999999999869e-06,0.000000000000000000e+00
9.033520021883646445e-01,2.048439782104977951e+02,4.500000000000000000e+01,1.630323999999999902e-06,0.000000000000000000e+00
1.199153860850599829e+00,2.048436824086391539e+02,4.500000000000000000e+01,1.447769999999999947e-06,0.000000000000000000e+00
1.552486306868007038e+00,2.048433290761931289e+02,4.500000000000000000e+01,1.561726000000000097e-06,0.000000000000000000e+00
1.955578304664830291e+00,2.048429259841953183e+02,4.500000000000000000e+01,1.499342000000000086e-06,0.000000000000000000e+00
2.349918327441017141e+00,2.048425316441725670e+02,4.500000000000000000e+01,1.688167999999999953e-06,0.000000000000000000e+00
2.794400756227364724e+00,2.048420871617437626e+02,4.500000000000000000e+01,1.762702999999999952e-06,0.000000000000000000e+00
3.179849742199088780e+00,2.048417017127578106e+02,4.500000000000000000e+01,1.796390000000000007e-06,0.000000000000000000e+00
3.607644706099403908e+00,2.048412739177938988e+02,4.500000000000000000e+01,1.714085000000000039e-06,0.000000000000000000e+00
4.022832340288379882e+00,2.048408587301597095e+02,4.500000000000000000e+01,1.768989000000000039e-06,0.000000000000000000e+00
4.432803144146472363e+00,2.048404487593558372e+02,4.500000000000000000e+01,1.738081000000000038e-06,0.000000000000000000e+00
4.857590334625894180e+00,2.048400239721653691e+02,4.500000000000000000e+01,1.758918999999999896e-06,0.000000000000000000e+00
5.288504574947952008e+00,2.048395930579250432e+02,4.500000000000000000e+01,1.758758999999999927e-06,0.000000000000000000e+00
5.712328180284676371e+00,2.048391692343197121e+02,4.500000000000000000e+01,1.764986999999999895e-06,0.000000000000000000e+00
6.127004949899157005e+00,2.048387545575500894e+02,4.500000000000000000e+01,1.778083999999999949e-06,0.000000000000000000e+00
6.514813773562700305e+00,2.048383667487264290e+02,4.500000000000000000e+01,1.783381000000000053e-06,0.000000000000000000e+00
6.962360929312977120e+00,2.048379192015706849e+02,4.500000000000000000e+01,1.776585000000000076e-06,0.000000000000000000e+00
7.396710733741054256e+00,2.048374848517662485e+02,4.500000000000000000e+01,1.755935999999999928e-06,0.000000000000000000e+00
7.785626586817433470e+00,2.048370959359131689e+02,4.500000000000000000e+01,1.739201000000000037e-06,0.000000000000000000e+00
8.232897389264982380e+00,2.048366486651107437e+02,4.500000000000000000e+01,1.761465999999999899e-06,0.000000000000000000e+00
8.648638448644206278e+00,2.048362329240513589e+02,4.500000000000000000e+01,1.809035999999999894e-06,0.000000000000000000e+00
9.054815285904211919e+00,2.048358267472140994e+02,4.500000000000000000e+01,1.803913999999999963e-06,0.000000000000000000e+00
9.468514795496183467e+00,2.048354130477044919e+02,4.500000000000000000e+01,1.813183000000000017e-06,0.000000000000000000e+00
9.904540408692955822e+00,2.048349770220912944e+02,4.500000000000000000e+01,1.850508999999999938e-06,0.000000000000000000e+00
1.029861501832061066e+01,2.048345829474816640e+02,4.500000000000000000e+01,1.841166999999999985e-06,0.000000000000000000e+00
1.072483382491186354e+01,2.048341567286750831e+02,4.500000000000000000e+01,1.839697000000000065e-06,0.000000000000000000e+00
1.113755537314740351e+01,2.048337440071268531e+02,4.500000000000000000e+01,1.824984999999999900e-06,0.000000000000000000e+00
1.155576246995520329e+01,2.048333258000300532e+02,4.500000000000000000e+01,1.693245999999999941e-06,0.000000000000000000e+00
1.197637869835831026e+01,2.048329051838016426e+02,4.500000000000000000e+01,1.661130000000000052e-06,0.000000000000000000e+00
1.237276421722410369e+01,2.048325087982827597e+02,4.500000000000000000e+01,1.588283000000000062e-06,0.000000000000000000e+00
1.281514062487475947e+01,2.048320664218751119e+02,4.500000000000000000e+01,1.668158999999999896e-06,0.000000000000000000e+00
1.322044464533981944e+01,2.048316611178546509e+02,4.500000000000000000e+01,1.718522999999999936e-06,0.000000000000000000e+00
1.363241007692960238e+01,2.048312491524230552e+02,4.500000000000000000e+01,1.725812999999999997e-06,0.000000000000000000e+00
1.404764879917300568e+01,2.048308339137008147e+02,4.500000000000000000e+01,1.733059999999999929e-06,0.000000000000000000e+00
1.445163442585980640e+01,2.048304299280741247e+02,4.500000000000000000e+01,1.734152000000000003e-06,0.000000000000000000e+00
1.489078574805696853e+01,2.048299907767519414e+02,4.500000000000000000e+01,1.696870000000000027e-06,0.000000000000000000e+00
1.530412928806631534e+01,2.048295774332119379e+02,4.500000000000000000e+01,1.707215999999999953e-06,0.000000000000000000e+00
1.571010034354175922e+01,2.048291714621564665e+02,4.500000000000000000e+01,1.760868999999999937e-06,0.000000000000000000e+00
1.613802167477455995e+01,2.048287435408252293e+02,4.500000000000000000e+01,1.756271000000000070e-06,0.000000000000000000e+00
1.656864603239059619e+01,2.048283129164676097e+02,4.500000000000000000e+01,1.759676000000000040e-06,0.000000000000000000e+00
1.696694674242093015e+01,2.048279146157575781e+02,4.500000000000000000e+01,1.819294999999999960e-06,0.000000000000000000e+00
1.739469009275877553e+01,2.048274868724072348e+02,4.500000000000000000e+01,1.775581000000000102e-06,0.000000000000000000e+00
1.782563682380291681e+01,2.048270559256762056e+02,4.500000000000000000e+01,1.774795000000000005e-06,0.000000000000000000e+00
1.825724457373506127e+01,2.048266243179262744e+02,4.500000000000000000e+01,1.751569999999999901e-06,0.000000000000000000e+00
1.866462366764692860e+01,2.048262169388323457e+02,4.500000000000000000e+01,1.779117000000000088e-06,0.000000000000000000e+00
1.907972067608483613e+01,2.048258018418239033e+02,4.500000000000000000e+01,1.760069000000000089e-06,0.000000000000000000e+00
1.950398907714899011e+01,2.048253775734228554e+02,4.500000000000000000e+01,1.739594000000000086e-06,0.000000000000000000e+00
1.993396427722669273e+01,2.048249475982227636e+02,4.500000000000000000e+01,1.782871999999999979e-06,0.000000000000000000e+00
2.035509043546578667e+01,2.048245264720645196e+02,4.500000000000000000e+01,1.666907000000000065e-06,0.000000000000000000e+00
2.077267124514422036e+01,2.048241088912548662e+02,4.500000000000000000e+01,1.721883999999999962e-06,0.000000000000000000e+00
2.119314073685159627e+01,2.048236884217631371e+02,4.500000000000000000e+01,1.761014999999999944e-06,0.000000000000000000e+00
2.158057348873751025e+01,2.048233009890112726e+02,4.500000000000000000e+01,1.763400999999999949e-06,0.000000000000000000e+00
2.199699688858623858e+01,2.048228845656114174e+02,4.500000000000000000e+01,1.730412000000000103e-06,0.000000000000000000e+00
2.240480837933636948e+01,2.048224767541206575e+02,4.500000000000000000e+01,1.756678000000000082e-06,0.000000000000000000e+00
2.284443504067562358e+01,2.048220371274593106e+02,4.500000000000000000e+01,1.785854999999999946e-06,0.000000000000000000e+00
2.324391802216391056e+01,2.048216376444778462e+02,4.500000000000000000e+01,1.765424000000000099e-06,0.000000000000000000e+00
2.365816296742385916e+01,2.048212233995325846e+02,4.500000000000000000e+01,1.721869999999999999e-06,0.000000000000000000e+00
2.408265314191533690e+01,2.048207989093580750e+02,4.500000000000000000e+01,1.638894999999999959e-06,0.000000000000000000e+00
2.448973769855431826e+01,2.048203918248014475e+02,4.500000000000000000e+01,1.655992999999999918e-06,0.000000000000000000e+00
2.491362699770992961e+01,2.048199679355022909e+02,4.500000000000000000e+01,1.668114999999999952e-06,0.000000000000000000e+00
2.535206191320942892e+01,2.048195295005867820e+02,4.500000000000000000e+01,1.701132999999999964e-06,0.000000000000000000e+00
2.576019155793628101e+01,2.048191213709420708e+02,4.500000000000000000e+01,1.717940999999999964e-06,0.000000000000000000e+00
2.617766574469889918e+01,2.048187038967552951e+02,4.500000000000000000e+01,1.786771000000000032e-06,0.000000000000000000e+00
2.659307242918864489e+01,2.048182884900708132e+02,4.500000000000000000e+01,1.805820000000000059e-06,0.000000000000000000e+00
2.703646072807273626e+01,2.048178451017719226e+02,4.500000000000000000e+01,1.837179000000000016e-06,0.000000000000000000e+00
2.744294341792735992e+01,2.048174386190820826e+02,4.500000000000000000e+01,1.779452000000000018e-06,0.000000000000000000e+00
2.785529375147308073e+01,2.048170262687485206e+02,4.500000000000000000e+01,1.682900000000000015e-06,0.000000000000000000e+00
2.829896545674568031e+01,2.048165825970432650e+02,4.500000000000000000e+01,1.744221999999999934e-06,0.000000000000000000e+00
2.870270445191917119e+01,2.048161788580480902e+02,4.500000000000000000e+01,1.684470999999999970e-06,0.000000000000000000e+00
2.911274667840008945e+01,2.048157688158215990e+02,4.500000000000000000e+01,1.706109999999999916e-06,0.000000000000000000e+00
2.952834983666870272e+01,2.048153532126633252e+02,4.500000000000000000e+01,1.669424999999999902e-06,0.000000000000000000e+00
2.997438332517474535e+01,2.048149071791748099e+02,4.500000000000000000e+01,1.590408000000000062e-06,0.000000000000000000e+00
3.036213435183899989e+01,2.048145194281481452e+02,4.500000000000000000e+01,1.595544999999999985e-06,0.000000000000000000e+00
3.079763908926953064e+01,2.048140839234107204e+02,4.500000000000000000e+01,1.594366000000000051e-06,0.000000000000000000e+00
3.120126028028019505e+01,2.048136803022197228e+02,4.500000000000000000e+01,1.602514999999999894e-06,0.000000000000000000e+00
3.161997897774279664e+01,2.048132615835222623e+02,4.500000000000000000e+01,1.617256000000000013e-06,0.000000000000000000e+00
3.199459561068702484e+01,2.048128869668893230e+02,4.500000000000000000e+01,1.606808000000000024e-06,0.000000000000000000e+00
3.244250818960376392e+01,2.048124390543104028e+02,4.500000000000000000e+01,1.594700999999999981e-06,0.000000000000000000e+00
3.287850406731728725e+01,2.048120030584326798e+02,4.500000000000000000e+01,1.671870000000000054e-06,0.000000000000000000e+00
3.326524348004485176e+01,2.048116163190199472e+02,4.500000000000000000e+01,1.693174000000000071e-06,0.000000000000000000e+00
3.370984642298618894e+01,2.048111717160770127e+02,4.500000000000000000e+01,1.704713000000000106e-06,0.000000000000000000e+00
3.411250409446790144e+01,2.048107690584055263e+02,4.500000000000000000e+01,1.688633000000000083e-06,0.000000000000000000e+00
3.451282289840168005e+01,2.048103687396015857e+02,4.500000000000000000e+01,1.696259000000000102e-06,0.000000000000000000e+00
3.494130749043591067e+01,2.048099402550095647e+02,4.500000000000000000e+01,1.695007000000000058e-06,0.000000000000000000e+00
3.536173531439477102e+01,2.048095198271855963e+02,4.500000000000000000e+01,1.726105000000000010e-06,0.000000000000000000e+00
3.578013598299791909e+01,2.048091014265170031e+02,4.500000000000000000e+01,1.631895000000000069e-06,0.000000000000000000e+00
3.620206905696186084e+01,2.048086794934430372e+02,4.500000000000000000e+01,1.624109999999999897e-06,0.000000000000000000e+00
3.661851504942156765e+01,2.048082630474505663e+02,4.500000000000000000e+01,1.697583000000000015e-06,0.000000000000000000e+00
3.702922830487368344e+01,2.048078523341951325e+02,4.500000000000000000e+01,1.672845000000000075e-06,0.000000000000000000e+00
3.745344159580152166e+01,2.048074281209042056e+02,4.500000000000000000e+01,1.649998000000000029e-06,0.000000000000000000e+00
3.788866711196894244e+01,2.048069928953880208e+02,4.500000000000000000e+01,1.653971000000000008e-06,0.000000000000000000e+00
3.831954726256208232e+01,2.048065620152374322e+02,4.500000000000000000e+01,1.661478999999999945e-06,0.000000000000000000e+00
3.872554460211360094e+01,2.048061560178978766e+02,4.500000000000000000e+01,1.660533999999999906e-06,0.000000000000000000e+00
3.913843042192594623e+01,2.048057431320780779e+02,4.500000000000000000e+01,1.663982000000000004e-06,0.000000000000000000e+00
3.957363068966340336e+01,2.048053079318103471e+02,4.500000000000000000e+01,1.667576999999999925e-06,0.000000000000000000e+00
3.999751774274809435e+01,2.048048840447572445e+02,4.500000000000000000e+01,1.682346999999999997e-06,0.000000000000000000e+00
4.039615990152436353e+01,2.048044854025984591e+02,4.500000000000000000e+01,1.685126000000000051e-06,0.000000000000000000e+00
4.083654848656502878e+01,2.048040450140134396e+02,4.500000000000000000e+01,1.671359999999999952e-06,0.000000000000000000e+00
4.122193243842983890e+01,2.048036596300615599e+02,4.500000000000000000e+01,1.691355000000000046e-06,0.000000000000000000e+00
4.165882309966072938e+01,2.048032227394003257e+02,4.500000000000000000e+01,1.579101000000000079e-06,0.000000000000000000e+00
4.206690623650373340e+01,2.048028146562635072e+02,4.500000000000000000e+01,1.628620999999999903e-06,0.000000000000000000e+00
4.246874870187157569e+01,2.048024128137981279e+02,4.500000000000000000e+01,1.650813000000000080e-06,0.000000000000000000e+00
4.289930506716401482e+01,2.048019822574328259e+02,4.500000000000000000e+01,1.635067999999999987e-06,0.000000000000000000e+00
4.330737191281906462e+01,2.048015741905871892e+02,4.500000000000000000e+01,1.650448999999999984e-06,0.000000000000000000e+00
4.373550237273040864e+01,2.048011460601272802e+02,4.500000000000000000e+01,1.646898000000000008e-06,0.000000000000000000e+00
4.414638170813906015e+01,2.048007351807918610e+02,4.500000000000000000e+01,1.615801000000000083e-06,0.000000000000000000e+00
4.453867340461737712e+01,2.048003428890953899e+02,4.500000000000000000e+01,1.627370000000000099e-06,0.000000000000000000e+00
4.498374955471265935e+01,2.047998978129452894e+02,4.500000000000000000e+01,1.741951999999999954e-06,0.000000000000000000e+00
4.540220198556745856e+01,2.047994793605144253e+02,4.500000000000000000e+01,1.733190999999999945e-06,0.000000000000000000e+00
4.580665994551397091e+01,2.047990749025544801e+02,4.500000000000000000e+01,1.722073999999999913e-06,0.000000000000000000e+00
4.625520780690074218e+01,2.047986263546930843e+02,4.500000000000000000e+01,1.747990999999999999e-06,0.000000000000000000e+00
4.667152358576085902e+01,2.047982100389142488e+02,4.500000000000000000e+01,1.719075999999999954e-06,0.000000000000000000e+00
4.708709232369390918e+01,2.047977944701763136e+02,4.500000000000000000e+01,1.735562999999999988e-06,0.000000000000000000e+00
4.748096314484514124e+01,2.047974005993551430e+02,4.500000000000000000e+01,1.740073999999999995e-06,0.000000000000000000e+00
4.790995386575870896e+01,2.047969716086342373e+02,4.500000000000000000e+01,1.716674999999999958e-06,0.000000000000000000e+00
4.834984020992366283e+01,2.047965317222900694e+02,4.500000000000000000e+01,1.736042999999999897e-06,0.000000000000000000e+00
4.879052494268731976e+01,2.047960910375573178e+02,4.500000000000000000e+01,1.672072999999999940e-06,0.000000000000000000e+00
4.917254690388607230e+01,2.047957090155961168e+02,4.500000000000000000e+01,1.655600000000000081e-06,0.000000000000000000e+00
4.960702334349404197e+01,2.047952745391565088e+02,4.500000000000000000e+01,1.607899000000000070e-06,0.000000000000000000e+00
5.002018273336673104e+01,2.047948613797666439e+02,4.500000000000000000e+01,1.591353999999999918e-06,0.000000000000000000e+00
5.042647754436035257e+01,2.047944550849556435e+02,4.500000000000000000e+01,1.614359999999999905e-06,0.000000000000000000e+00
5.085713029238142724e+01,2.047940244322076069e+02,4.500000000000000000e+01,1.593608999999999907e-06,0.000000000000000000e+00
5.126536854998916226e+01,2.047936161939500153e+02,4.500000000000000000e+01,1.608627000000000048e-06,0.000000000000000000e+00
5.168439325130542983e+01,2.047931971692486854e+02,4.500000000000000000e+01,1.648121000000000098e-06,0.000000000000000000e+00
5.208984644404684872e+01,2.047927917160559446e+02,4.500000000000000000e+01,1.637949000000000104e-06,0.000000000000000000e+00
5.248993929111728107e+01,2.047923916232088857e+02,4.500000000000000000e+01,1.655716999999999923e-06,0.000000000000000000e+00
5.293810166807414674e+01,2.047919434608319307e+02,4.500000000000000000e+01,1.637585000000000009e-06,0.000000000000000000e+00
5.333689993597175061e+01,2.047915446625640357e+02,4.500000000000000000e+01,1.619177000000000100e-06,0.000000000000000000e+00
5.376078692984089002e+01,2.047911207755701639e+02,4.500000000000000000e+01,1.628796000000000075e-06,0.000000000000000000e+00
5.420539497548175234e+01,2.047906761675245093e+02,4.500000000000000000e+01,1.683641999999999956e-06,0.000000000000000000e+00
5.459321961968881709e+01,2.047902883428803023e+02,4.500000000000000000e+01,1.699824000000000041e-06,0.000000000000000000e+00
5.500837807745116237e+01,2.047898731844225324e+02,4.500000000000000000e+01,1.713619000000000093e-06,0.000000000000000000e+00
5.542196495032104764e+01,2.047894595975496657e+02,4.500000000000000000e+01,1.693376999999999957e-06,0.000000000000000000e+00
5.584554618932575920e+01,2.047890360163106607e+02,4.500000000000000000e+01,1.745386000000000089e-06,0.000000000000000000e+00
5.627606249580360753e+01,2.047886055000041949e+02,4.500000000000000000e+01,1.719250999999999915e-06,0.000000000000000000e+00
5.667733180954198247e+01,2.047882042306904680e+02,4.500000000000000000e+01,1.677792000000000046e-06,0.000000000000000000e+00
5.708480299668672586e+01,2.047877967595033226e+02,4.500000000000000000e+01,1.642852999999999947e-06,0.000000000000000000e+00
5.752524702707602700e+01,2.047873563154729197e+02,4.500000000000000000e+01,1.659151000000000058e-06,0.000000000000000000e+00
5.794886482711896036e+01,2.047869326976728814e+02,4.500000000000000000e+01,1.656575000000000102e-06,0.000000000000000000e+00
5.837291807295788004e+01,2.047865086444270446e+02,4.500000000000000000e+01,1.668886000000000059e-06,0.000000000000000000e+00
5.879219959003275164e+01,2.047860893629099621e+02,4.500000000000000000e+01,1.625230999999999924e-06,0.000000000000000000e+00
5.921698612707079690e+01,2.047856645763729375e+02,4.500000000000000000e+01,1.618202000000000080e-06,0.000000000000000000e+00
5.963261045256712123e+01,2.047852489520474251e+02,4.500000000000000000e+01,1.640816000000000046e-06,0.000000000000000000e+00
6.006218049697469752e+01,2.047848193820030360e+02,4.500000000000000000e+01,1.646970999999999905e-06,0.000000000000000000e+00
6.044776429815011909e+01,2.047844337982018601e+02,4.500000000000000000e+01,1.591324999999999964e-06,0.000000000000000000e+00
6.089135574236641446e+01,2.047839902067576361e+02,4.500000000000000000e+01,1.567430000000000001e-06,0.000000000000000000e+00
6.128999536859180353e+01,2.047835915671313955e+02,4.500000000000000000e+01,1.588530999999999919e-06,0.000000000000000000e+00
6.171359324967794180e+01,2.047831679692503144e+02,4.500000000000000000e+01,1.606720999999999952e-06,0.000000000000000000e+00
6.212480335114504015e+01,2.047827567591488389e+02,4.500000000000000000e+01,1.581342000000000106e-06,0.000000000000000000e+00
6.253994258329578315e+01,2.047823416199167070e+02,4.500000000000000000e+01,1.543958000000000067e-06,0.000000000000000000e+00
6.296333288594912148e+01,2.047819182296140355e+02,4.500000000000000000e+01,1.568754999999999941e-06,0.000000000000000000e+00
6.337116953511169015e+01,2.047815103929648899e+02,4.500000000000000000e+01,1.560169000000000105e-06,0.000000000000000000e+00
6.380188357961397116e+01,2.047810796789203778e+02,4.500000000000000000e+01,1.568507000000000084e-06,0.000000000000000000e+00
6.420574401984779911e+01,2.047806758184801481e+02,4.500000000000000000e+01,1.570689999999999991e-06,0.000000000000000000e+00
6.461604060370557079e+01,2.047802655218962968e+02,4.500000000000000000e+01,1.584878000000000092e-06,0.000000000000000000e+00
6.505332854847327440e+01,2.047798282339515197e+02,4.500000000000000000e+01,1.573556999999999934e-06,0.000000000000000000e+00
6.543932951119239760e+01,2.047794422329887993e+02,4.500000000000000000e+01,1.584295999999999908e-06,0.000000000000000000e+00
6.587621820812061912e+01,2.047790053442918747e+02,4.500000000000000000e+01,1.565960999999999897e-06,0.000000000000000000e+00
6.631841549271339886e+01,2.047785631470072758e+02,4.500000000000000000e+01,1.535561999999999970e-06,0.000000000000000000e+00
6.674916209611153306e+01,2.047781324004038765e+02,4.500000000000000000e+01,1.553649999999999939e-06,0.000000000000000000e+00
6.714826332154871125e+01,2.047777332991784363e+02,4.500000000000000000e+01,1.588152000000000045e-06,0.000000000000000000e+00
6.755239534211573016e+01,2.047773291671578875e+02,4.500000000000000000e+01,1.613706000000000064e-06,0.000000000000000000e+00
6.797381708104356335e+01,2.047769077454189528e+02,4.500000000000000000e+01,1.625593999999999991e-06,0.000000000000000000e+00
6.842011729516448781e+01,2.047764614452048306e+02,4.500000000000000000e+01,1.594874999999999913e-06,0.000000000000000000e+00
6.881923478556262808e+01,2.047760623277144418e+02,4.500000000000000000e+01,1.672916999999999945e-06,0.000000000000000000e+00
6.926633543366826018e+01,2.047756152270663392e+02,4.500000000000000000e+01,1.630541999999999990e-06,0.000000000000000000e+00
6.965162658766888626e+01,2.047752299359123356e+02,4.500000000000000000e+01,1.629640000000000079e-06,0.000000000000000000e+00
7.007279222964984911e+01,2.047748087702703401e+02,4.500000000000000000e+01,1.557972000000000023e-06,0.000000000000000000e+00
7.049048262288825129e+01,2.047743910798771196e+02,4.500000000000000000e+01,1.651526000000000068e-06,0.000000000000000000e+00
7.089865232642971193e+01,2.047739829101735722e+02,4.500000000000000000e+01,1.699896999999999939e-06,0.000000000000000000e+00
7.132939603547960417e+01,2.047735521664645262e+02,4.500000000000000000e+01,1.711393000000000057e-06,0.000000000000000000e+00
7.173590300341133741e+01,2.047731456594965778e+02,4.500000000000000000e+01,1.703155999999999902e-06,0.000000000000000000e+00
7.214974523073661317e+01,2.047727318172692605e+02,4.500000000000000000e+01,1.703927000000000008e-06,0.000000000000000000e+00
7.257623985218278051e+01,2.047723053226478100e+02,4.500000000000000000e+01,1.694366999999999968e-06,0.000000000000000000e+00
7.298258128027863734e+01,2.047718989812197208e+02,4.500000000000000000e+01,1.725799000000000034e-06,0.000000000000000000e+00
7.340637045038167230e+01,2.047714751920496212e+02,4.500000000000000000e+01,1.754116999999999904e-06,0.000000000000000000e+00
7.380529155638254224e+01,2.047710762709436096e+02,4.500000000000000000e+01,1.736042999999999897e-06,0.000000000000000000e+00
7.422948468618049844e+01,2.047706520778138213e+02,4.500000000000000000e+01,1.778579000000000060e-06,0.000000000000000000e+00
7.466998149539827523e+01,2.047702115810045882e+02,4.500000000000000000e+01,1.838023000000000020e-06,0.000000000000000000e+00
7.507721460912712530e+01,2.047698043478908687e+02,4.500000000000000000e+01,1.843843999999999977e-06,0.000000000000000000e+00
7.547830185144542270e+01,2.047694032606485450e+02,4.500000000000000000e+01,1.761567999999999962e-06,0.000000000000000000e+00
7.590941286176534675e+01,2.047689721496382447e+02,4.500000000000000000e+01,1.801847000000000081e-06,0.000000000000000000e+00
7.631765275062349474e+01,2.047685639097493606e+02,4.500000000000000000e+01,1.737294999999999940e-06,0.000000000000000000e+00
7.674820687062316438e+01,2.047681333556293737e+02,4.500000000000000000e+01,1.741151000000000078e-06,0.000000000000000000e+00
7.719119943001034301e+01,2.047676903630699883e+02,4.500000000000000000e+01,1.752835999999999907e-06,0.000000000000000000e+00
7.757104047138528813e+01,2.047673105220286232e+02,4.500000000000000000e+01,1.825014000000000066e-06,0.000000000000000000e+00
7.799478918269001326e+01,2.047668867733173101e+02,4.500000000000000000e+01,1.850770999999999970e-06,0.000000000000000000e+00
7.842582480362604258e+01,2.047664557376963614e+02,4.500000000000000000e+01,1.883323000000000035e-06,0.000000000000000000e+00
7.885665716065233255e+01,2.047660249053393500e+02,4.500000000000000000e+01,1.837732000000000034e-06,0.000000000000000000e+00
7.929111261203749450e+01,2.047655904498879522e+02,4.500000000000000000e+01,1.807740999999999935e-06,0.000000000000000000e+00
7.969530000320963836e+01,2.047651862624967976e+02,4.500000000000000000e+01,1.742010000000000072e-06,0.000000000000000000e+00
8.011389521412213810e+01,2.047647676672858665e+02,4.500000000000000000e+01,1.740758000000000029e-06,0.000000000000000000e+00
8.053453720110168490e+01,2.047643470252988891e+02,4.500000000000000000e+01,1.692518999999999990e-06,0.000000000000000000e+00
8.093693339364011763e+01,2.047639446291063621e+02,4.500000000000000000e+01,1.778650999999999930e-06,0.000000000000000000e+00
8.137336239902845136e+01,2.047635082001009721e+02,4.500000000000000000e+01,1.750682999999999981e-06,0.000000000000000000e+00
8.175923747646652373e+01,2.047631223250235166e+02,4.500000000000000000e+01,1.679959999999999963e-06,0.000000000000000000e+00
8.220320086177008534e+01,2.047626783616382227e+02,4.500000000000000000e+01,1.583350000000000053e-06,0.000000000000000000e+00
8.260687926982990348e+01,2.047622746832301743e+02,4.500000000000000000e+01,1.580993000000000001e-06,0.000000000000000000e+00
8.300636642695317846e+01,2.047618751960730492e+02,4.500000000000000000e+01,1.679218000000000022e-06,0.000000000000000000e+00
8.343621261599184891e+01,2.047614453498840135e+02,4.500000000000000000e+01,1.661683000000000070e-06,0.000000000000000000e+00
8.384402593623943289e+01,2.047610375365637481e+02,4.500000000000000000e+01,1.656619000000000046e-06,0.000000000000000000e+00
8.427712531806578511e+01,2.047606044371819394e+02,4.500000000000000000e+01,1.590233000000000102e-06,0.000000000000000000e+00
8.468267130846635382e+01,2.047601988911915214e+02,4.500000000000000000e+01,1.602339999999999934e-06,0.000000000000000000e+00
8.508281006600047647e+01,2.047597987524339942e+02,4.500000000000000000e+01,1.645821999999999952e-06,0.000000000000000000e+00
8.552607987192536143e+01,2.047593554826280808e+02,4.500000000000000000e+01,1.610794999999999966e-06,0.000000000000000000e+00
8.595207682713451902e+01,2.047589294856728657e+02,4.500000000000000000e+01,1.566585999999999996e-06,0.000000000000000000e+00
8.637177520416683763e+01,2.047585097872958215e+02,4.500000000000000000e+01,1.520179999999999945e-06,0.000000000000000000e+00
8.679061449875301548e+01,2.047580909480012394e+02,4.500000000000000000e+01,1.538937999999999986e-06,0.000000000000000000e+00
8.721482073960984849e+01,2.047576667417603744e+02,4.500000000000000000e+01,1.606443999999999929e-06,0.000000000000000000e+00
8.764203075340536486e+01,2.047572395317465919e+02,4.500000000000000000e+01,1.599225999999999950e-06,0.000000000000000000e+00
8.805972585422134102e+01,2.047568218366457700e+02,4.500000000000000000e+01,1.679509000000000008e-06,0.000000000000000000e+00
8.846449088613755407e+01,2.047564170716138676e+02,4.500000000000000000e+01,1.614986000000000033e-06,0.000000000000000000e+00
8.889873564954132235e+01,2.047559828268504418e+02,4.500000000000000000e+01,1.662673000000000081e-06,0.000000000000000000e+00
8.928750133428755476e+01,2.047555940611657093e+02,4.500000000000000000e+01,1.698558000000000035e-06,0.000000000000000000e+00
8.973496655064012373e+01,2.047551465959493555e+02,4.500000000000000000e+01,1.729306000000000067e-06,0.000000000000000000e+00
9.015078543260796096e+01,2.047547307770673797e+02,4.500000000000000000e+01,1.653475999999999896e-06,0.000000000000000000e+00
9.053828317798924274e+01,2.047543432793220006e+02,4.500000000000000000e+01,1.567502999999999898e-06,0.000000000000000000e+00
9.096213437904188481e+01,2.047539194281209518e+02,4.500000000000000000e+01,1.652064000000000095e-06,0.000000000000000000e+00
9.137032682284053919e+01,2.047535112356771663e+02,4.500000000000000000e+01,1.621286999999999898e-06,0.000000000000000000e+00
9.180645286461985677e+01,2.047530751096353754e+02,4.500000000000000000e+01,1.605032999999999944e-06,0.000000000000000000e+00
9.220949579996096190e+01,2.047526720667000291e+02,4.500000000000000000e+01,1.678491000000000071e-06,0.000000000000000000e+00
9.261560106064459319e+01,2.047522659614393490e+02,4.500000000000000000e+01,1.728054000000000023e-06,0.000000000000000000e+00
9.304780064730758227e+01,2.047518337618526800e+02,4.500000000000000000e+01,1.690758000000000084e-06,0.000000000000000000e+00
9.345119802972399725e+01,2.047514303644702807e+02,4.500000000000000000e+01,1.645763000000000018e-06,0.000000000000000000e+00
9.388644363948648675e+01,2.047509951188605157e+02,4.500000000000000000e+01,1.710985000000000018e-06,0.000000000000000000e+00
9.431736826892213799e+01,2.047505641942310888e+02,4.500000000000000000e+01,1.533742999999999945e-06,0.000000000000000000e+00
9.472292693165390176e+01,2.047501586355683401e+02,4.500000000000000000e+01,1.488122999999999991e-06,0.000000000000000000e+00
9.513552189148356319e+01,2.047497460406084997e+02,4.500000000000000000e+01,1.467676999999999941e-06,0.000000000000000000e+00
9.554583135857248521e+01,2.047493357311414286e+02,4.500000000000000000e+01,1.700377000000000059e-06,0.000000000000000000e+00
9.594949880245494001e+01,2.047489320636975378e+02,4.500000000000000000e+01,1.672568000000000052e-06,0.000000000000000000e+00
9.639339556581897739e+01,2.047484881669341803e+02,4.500000000000000000e+01,1.677398999999999997e-06,0.000000000000000000e+00
9.681112808379778301e+01,2.047480704344162064e+02,4.500000000000000000e+01,1.784400000000000017e-06,0.000000000000000000e+00
9.721610322977099372e+01,2.047476654592702232e+02,4.500000000000000000e+01,1.781459999999999966e-06,0.000000000000000000e+00
9.765577318355553871e+01,2.047472257893164453e+02,4.500000000000000000e+01,1.737876999999999912e-06,0.000000000000000000e+00
9.807126516669760008e+01,2.047468102973332975e+02,4.500000000000000000e+01,1.879466999999999898e-06,0.000000000000000000e+00
9.848902336780014366e+01,2.047463925391321879e+02,4.500000000000000000e+01,1.870329000000000071e-06,0.000000000000000000e+00
9.893697351705712606e+01,2.047459445889829510e+02,4.500000000000000000e+01,1.938970000000000004e-06,0.000000000000000000e+00
9.932783368445707595e+01,2.047455537288155369e+02,4.500000000000000000e+01,1.883192000000000019e-06,0.000000000000000000e+00
9.975957950398395724e+01,2.047451219829960110e+02,4.500000000000000000e+01,1.930281999999999894e-06,0.000000000000000000e+00
1.002035262837149929e+02,2.047446780362162713e+02,4.500000000000000000e+01,1.922758999999999966e-06,0.000000000000000000e+00
1.005911829333898737e+02,2.047442903795666211e+02,4.500000000000000000e+01,1.805732999999999987e-06,0.000000000000000000e+00
1.010066257798982434e+02,2.047438749367200899e+02,4.500000000000000000e+01,1.766223999999999948e-06,0.000000000000000000e+00
1.014208126592847208e+02,2.047434607498407217e+02,4.500000000000000000e+01,1.933848000000000073e-06,0.000000000000000000e+00
1.018444938046019530e+02,2.047430370686954006e+02,4.500000000000000000e+01,2.008848000000000202e-06,0.000000000000000000e+00
1.022527370912560798e+02,2.047426288254087297e+02,4.500000000000000000e+01,2.026513999999999958e-06,0.000000000000000000e+00
1.026684972536379661e+02,2.047422130652463466e+02,4.500000000000000000e+01,2.042186999999999968e-06,0.000000000000000000e+00
1.030756461052983184e+02,2.047418059163946964e+02,4.500000000000000000e+01,1.967885000000000048e-06,0.000000000000000000e+00
1.034765575783652451e+02,2.047414050049216314e+02,4.500000000000000000e+01,1.810331000000000066e-06,0.000000000000000000e+00
1.039232527874045786e+02,2.047409583097125960e+02,4.500000000000000000e+01,1.697931999999999907e-06,0.000000000000000000e+00
1.043154041885924954e+02,2.047405661583113954e+02,4.500000000000000000e+01,1.836728000000000061e-06,0.000000000000000000e+00
1.047457136518673764e+02,2.047401358488481264e+02,4.500000000000000000e+01,1.741035000000000052e-06,0.000000000000000000e+00
1.051888451801627440e+02,2.047396927173198264e+02,4.500000000000000000e+01,1.799518999999999982e-06,0.000000000000000000e+00
1.055853400473649941e+02,2.047392962224526229e+02,4.500000000000000000e+01,1.902634000000000095e-06,0.000000000000000000e+00
1.059924896026717533e+02,2.047388890728973365e+02,4.500000000000000000e+01,1.915555999999999977e-06,0.000000000000000000e+00
1.064234902736441200e+02,2.047384580722263649e+02,4.500000000000000000e+01,1.906199000000000035e-06,0.000000000000000000e+00
1.068542605369767813e+02,2.047380273019630295e+02,4.500000000000000000e+01,1.951600999999999901e-06,0.000000000000000000e+00
1.072822727016678783e+02,2.047375992897983394e+02,4.500000000000000000e+01,1.926601000000000140e-06,0.000000000000000000e+00
1.076804938790786395e+02,2.047372010686209194e+02,4.500000000000000000e+01,1.834749000000000066e-06,0.000000000000000000e+00
1.081239311389720967e+02,2.047367576313610300e+02,4.500000000000000000e+01,1.797889000000000092e-06,0.000000000000000000e+00
1.085322323860250151e+02,2.047363493301139670e+02,4.500000000000000000e+01,1.916167000000000114e-06,0.000000000000000000e+00
1.089344231058946946e+02,2.047359471393941135e+02,4.500000000000000000e+01,1.803636999999999940e-06,0.000000000000000000e+00
1.093710803736988169e+02,2.047355104821263012e+02,4.500000000000000000e+01,1.598877000000000057e-06,0.000000000000000000e+00
1.097973994767603614e+02,2.047350841630232310e+02,4.500000000000000000e+01,1.659907999999999990e-06,0.000000000000000000e+00
1.102008073852678365e+02,2.047346807551147378e+02,4.500000000000000000e+01,1.691456000000000082e-06,0.000000000000000000e+00
1.106159627692960044e+02,2.047342655997306906e+02,4.500000000000000000e+01,1.719018000000000047e-06,0.000000000000000000e+00
1.110485514023118157e+02,2.047338330110976869e+02,4.500000000000000000e+01,1.749766000000000079e-06,0.000000000000000000e+00
1.114339532814295808e+02,2.047334476092185582e+02,4.500000000000000000e+01,1.780398000000000085e-06,0.000000000000000000e+00
1.118550107644228859e+02,2.047330265517355770e+02,4.500000000000000000e+01,1.613589000000000010e-06,0.000000000000000000e+00
1.122752344248669942e+02,2.047326063280751214e+02,4.500000000000000000e+01,1.621462000000000070e-06,0.000000000000000000e+00
1.127211976462480436e+02,2.047321603648537405e+02,4.500000000000000000e+01,1.545792000000000082e-06,0.000000000000000000e+00
1.131120410928411957e+02,2.047317695214071591e+02,4.500000000000000000e+01,1.585737000000000086e-06,0.000000000000000000e+00
1.135243686781350192e+02,2.047313571938218502e+02,4.500000000000000000e+01,1.433160000000000056e-06,0.000000000000000000e+00
1.139506859745825267e+02,2.047309308765254059e+02,4.500000000000000000e+01,1.143445999999999928e-06,0.000000000000000000e+00
1.143585210654290734e+02,2.047305230414345658e+02,4.500000000000000000e+01,1.513704999999999935e-06,0.000000000000000000e+00
1.147891047446217812e+02,2.047300924577553758e+02,4.500000000000000000e+01,1.670764000000000018e-06,0.000000000000000000e+00
1.151919276570528865e+02,2.047296896348429414e+02,4.500000000000000000e+01,1.691266999999999947e-06,0.000000000000000000e+00
1.156009391928327261e+02,2.047292806233071758e+02,4.500000000000000000e+01,1.741252999999999929e-06,0.000000000000000000e+00
1.160162150224766862e+02,2.047288653474775231e+02,4.500000000000000000e+01,1.761465999999999899e-06,0.000000000000000000e+00
1.164277545918135957e+02,2.047284538079081813e+02,4.500000000000000000e+01,1.768713000000000043e-06,0.000000000000000000e+00
1.168619485762542070e+02,2.047280196139237489e+02,4.500000000000000000e+01,1.743959999999999901e-06,0.000000000000000000e+00
1.173053563881937151e+02,2.047275762061117916e+02,4.500000000000000000e+01,1.698412000000000028e-06,0.000000000000000000e+00
1.177328937998303644e+02,2.047271486687001527e+02,4.500000000000000000e+01,1.729378999999999964e-06,0.000000000000000000e+00
1.181333244941075407e+02,2.047267482380058823e+02,4.500000000000000000e+01,1.875901999999999959e-06,0.000000000000000000e+00
1.185357431586089945e+02,2.047263458193413896e+02,4.500000000000000000e+01,1.782609999999999946e-06,0.000000000000000000e+00
1.189601197656090648e+02,2.047259214427343750e+02,4.500000000000000000e+01,1.728637000000000023e-06,0.000000000000000000e+00
1.194053253732197959e+02,2.047254762371267702e+02,4.500000000000000000e+01,1.837542999999999899e-06,0.000000000000000000e+00
1.198449261960052752e+02,2.047250366363039973e+02,4.500000000000000000e+01,1.884210999999999984e-06,0.000000000000000000e+00
1.202304367789729156e+02,2.047246511257210102e+02,4.500000000000000000e+01,1.777342000000000008e-06,0.000000000000000000e+00
1.206693658865003584e+02,2.047242121966135073e+02,4.500000000000000000e+01,1.662483999999999946e-06,0.000000000000000000e+00
1.210694955451075572e+02,2.047238120669548778e+02,4.500000000000000000e+01,1.551714000000000073e-06,0.000000000000000000e+00
1.214751886067083433e+02,2.047234063738932832e+02,4.500000000000000000e+01,1.604464999999999935e-06,0.000000000000000000e+00
1.219081603220055996e+02,2.047229734021779848e+02,4.500000000000000000e+01,1.654189000000000096e-06,0.000000000000000000e+00
1.223162459228800572e+02,2.047225653165771178e+02,4.500000000000000000e+01,1.784108000000000004e-06,0.000000000000000000e+00
1.227461522268872045e+02,2.047221354102730970e+02,4.500000000000000000e+01,1.683234999999999945e-06,0.000000000000000000e+00
1.231336185347752235e+02,2.047217479439652266e+02,4.500000000000000000e+01,1.661624999999999952e-06,0.000000000000000000e+00
1.235491630206483649e+02,2.047213323994793370e+02,4.500000000000000000e+01,1.773121999999999987e-06,0.000000000000000000e+00
1.239525157905451209e+02,2.047209290467094434e+02,4.500000000000000000e+01,1.748936000000000038e-06,0.000000000000000000e+00
1.243916382512941539e+02,2.047204899242487102e+02,4.500000000000000000e+01,1.728069000000000014e-06,0.000000000000000000e+00
1.248154001734773999e+02,2.047200661623265319e+02,4.500000000000000000e+01,1.765088999999999958e-06,0.000000000000000000e+00
1.252175842189499235e+02,2.047196639782810337e+02,4.500000000000000000e+01,1.673237000000000096e-06,0.000000000000000000e+00
1.256535357735368734e+02,2.047192280267264550e+02,4.500000000000000000e+01,1.605804000000000050e-06,0.000000000000000000e+00
1.260690807873406385e+02,2.047188124817126607e+02,4.500000000000000000e+01,1.917825999999999957e-06,0.000000000000000000e+00
1.264873374487095958e+02,2.047183942250512985e+02,4.500000000000000000e+01,1.887704000000000053e-06,0.000000000000000000e+00
1.269350400625969257e+02,2.047179465224373871e+02,4.500000000000000000e+01,1.845387000000000006e-06,0.000000000000000000e+00
1.273262966164255801e+02,2.047175552658835613e+02,4.500000000000000000e+01,1.779524999999999916e-06,0.000000000000000000e+00
1.277578694465039604e+02,2.047171236930534803e+02,4.500000000000000000e+01,1.847248999999999947e-06,0.000000000000000000e+00
1.282017642057942624e+02,2.047166797982941944e+02,4.500000000000000000e+01,1.782944000000000060e-06,0.000000000000000000e+00
1.285804815851901424e+02,2.047163010809148034e+02,4.500000000000000000e+01,1.803870000000000019e-06,0.000000000000000000e+00
1.290048584828902278e+02,2.047158767040171199e+02,4.500000000000000000e+01,1.835956999999999954e-06,0.000000000000000000e+00
1.294346733317429710e+02,2.047154468891682484e+02,4.500000000000000000e+01,1.865003000000000014e-06,0.000000000000000000e+00
1.298426645253296385e+02,2.047150388979746651e+02,4.500000000000000000e+01,1.791645999999999922e-06,0.000000000000000000e+00
1.302735645151160213e+02,2.047146079979848707e+02,4.500000000000000000e+01,1.805310999999999985e-06,0.000000000000000000e+00
1.306746978817691627e+02,2.047142068646182338e+02,4.500000000000000000e+01,1.811421999999999900e-06,0.000000000000000000e+00
1.310815957602777928e+02,2.047137999667397139e+02,4.500000000000000000e+01,1.834618000000000050e-06,0.000000000000000000e+00
1.314974072283136763e+02,2.047133841552716831e+02,4.500000000000000000e+01,1.809864999999999908e-06,0.000000000000000000e+00
1.319056505180976160e+02,2.047129759119818857e+02,4.500000000000000000e+01,1.851455000000000004e-06,0.000000000000000000e+00
1.323450111081635612e+02,2.047125365513918211e+02,4.500000000000000000e+01,1.864929999999999905e-06,0.000000000000000000e+00
1.327444102918112208e+02,2.047121371522081859e+02,4.500000000000000000e+01,1.846900000000000054e-06,0.000000000000000000e+00
1.331674189456809643e+02,2.047117141435543033e+02,4.500000000000000000e+01,1.871056000000000022e-06,0.000000000000000000e+00
1.335828514594782064e+02,2.047112987110405129e+02,4.500000000000000000e+01,1.842199999999999913e-06,0.000000000000000000e+00
1.339899176603611579e+02,2.047108916448396485e+02,4.500000000000000000e+01,1.725551999999999992e-06,0.000000000000000000e+00
1.344216321526783702e+02,2.047104599303473265e+02,4.500000000000000000e+01,1.760083000000000052e-06,0.000000000000000000e+00
1.348440116825397013e+02,2.047100375508174466e+02,4.500000000000000000e+01,1.732449000000000004e-06,0.000000000000000000e+00
1.352608935541290975e+02,2.047096206689458597e+02,4.500000000000000000e+01,1.791428000000000045e-06,0.000000000000000000e+00
1.356783553529302537e+02,2.047092032071470555e+02,4.500000000000000000e+01,1.769236000000000081e-06,0.000000000000000000e+00
1.360844123499129239e+02,2.047087971501500760e+02,4.500000000000000000e+01,1.730717000000000052e-06,0.000000000000000000e+00
1.364848503311212369e+02,2.047083967121688772e+02,4.500000000000000000e+01,1.792956000000000084e-06,0.000000000000000000e+00
1.369318747041984636e+02,2.047079496877958036e+02,4.500000000000000000e+01,1.821056000000000077e-06,0.000000000000000000e+00
1.373555193400763415e+02,2.047075260431599304e+02,4.500000000000000000e+01,1.638617999999999936e-06,0.000000000000000000e+00
1.377542081400796690e+02,2.047071273543599261e+02,4.500000000000000000e+01,1.667082000000000025e-06,0.000000000000000000e+00
1.381978575949957531e+02,2.047066837049050037e+02,4.500000000000000000e+01,1.578882999999999991e-06,0.000000000000000000e+00
1.386131040479257877e+02,2.047062684584520582e+02,4.500000000000000000e+01,1.538369999999999977e-06,0.000000000000000000e+00
1.390286244554827988e+02,2.047058529380445009e+02,4.500000000000000000e+01,1.508931999999999896e-06,0.000000000000000000e+00
1.394543682675283378e+02,2.047054271942324704e+02,4.500000000000000000e+01,1.449793000000000097e-06,0.000000000000000000e+00
1.398737015350972968e+02,2.047050078609649120e+02,4.500000000000000000e+01,1.497523000000000062e-06,0.000000000000000000e+00
1.402973848223478512e+02,2.047045841776776456e+02,4.500000000000000000e+01,1.482315999999999997e-06,0.000000000000000000e+00
1.407211276940766709e+02,2.047041604348059138e+02,4.500000000000000000e+01,1.168663999999999989e-06,0.000000000000000000e+00
1.411055496627879222e+02,2.047037760128372099e+02,4.500000000000000000e+01,1.418186000000000071e-06,0.000000000000000000e+00
1.415490703040263156e+02,2.047033324921959831e+02,4.500000000000000000e+01,1.526946999999999968e-06,0.000000000000000000e+00
1.419709374266444115e+02,2.047029106250733435e+02,4.500000000000000000e+01,1.545907999999999896e-06,0.000000000000000000e+00
1.423668706446564727e+02,2.047025146918553276e+02,4.500000000000000000e+01,1.547610999999999894e-06,0.000000000000000000e+00
1.428098521372370442e+02,2.047020717103627589e+02,4.500000000000000000e+01,1.544758999999999943e-06,0.000000000000000000e+00
1.431952126595389245e+02,2.047016863498404575e+02,4.500000000000000000e+01,1.593143999999999988e-06,0.000000000000000000e+00
1.436259954585597427e+02,2.047012555670414429e+02,4.500000000000000000e+01,1.618870999999999912e-06,0.000000000000000000e+00
1.440371385313580959e+02,2.047008444239686469e+02,4.500000000000000000e+01,1.641892999999999918e-06,0.000000000000000000e+00
1.444417781714558373e+02,2.047004397843285517e+02,4.500000000000000000e+01,1.630891000000000095e-06,0.000000000000000000e+00
1.448723653524181429e+02,2.047000091971475797e+02,4.500000000000000000e+01,1.592241000000000050e-06,0.000000000000000000e+00
1.452801739798312894e+02,2.046996013885201648e+02,4.500000000000000000e+01,1.644162999999999898e-06,0.000000000000000000e+00
1.457021769130861060e+02,2.046991793855869162e+02,4.500000000000000000e+01,1.656168000000000090e-06,0.000000000000000000e+00
1.461310023796369251e+02,2.046987505601203736e+02,4.500000000000000000e+01,1.642635000000000071e-06,0.000000000000000000e+00
1.465611323295165391e+02,2.046983204301704689e+02,4.500000000000000000e+01,1.665844999999999972e-06,0.000000000000000000e+00
1.469809891445673316e+02,2.046979005733554402e+02,4.500000000000000000e+01,1.694366999999999968e-06,0.000000000000000000e+00
1.473887553574635092e+02,2.046974928071425381e+02,4.500000000000000000e+01,1.590714000000000039e-06,0.000000000000000000e+00
1.478194936448136048e+02,2.046970620688551890e+02,4.500000000000000000e+01,1.629013999999999952e-06,0.000000000000000000e+00
1.482503055746351208e+02,2.046966312569253716e+02,4.500000000000000000e+01,1.609965999999999952e-06,0.000000000000000000e+00
1.486490784081681227e+02,2.046962324840918370e+02,4.500000000000000000e+01,1.611551999999999898e-06,0.000000000000000000e+00
1.490533617960135757e+02,2.046958282007039713e+02,4.500000000000000000e+01,1.504435000000000064e-06,0.000000000000000000e+00
1.494969643810205469e+02,2.046953845981189772e+02,4.500000000000000000e+01,1.572349000000000046e-06,0.000000000000000000e+00
1.498925473111345354e+02,2.046949890151888667e+02,4.500000000000000000e+01,1.591528000000000062e-06,0.000000000000000000e+00
1.503197997288103238e+02,2.046945617627711727e+02,4.500000000000000000e+01,1.581065999999999898e-06,0.000000000000000000e+00
1.507654270942705921e+02,2.046941161354057215e+02,4.500000000000000000e+01,1.468767999999999987e-06,0.000000000000000000e+00
1.511426100622629463e+02,2.046937389524377409e+02,4.500000000000000000e+01,1.521112000000000049e-06,0.000000000000000000e+00
1.515606163416104550e+02,2.046933209461583942e+02,4.500000000000000000e+01,1.644424999999999930e-06,0.000000000000000000e+00
1.519653453527040199e+02,2.046929162171472854e+02,4.500000000000000000e+01,1.606312999999999913e-06,0.000000000000000000e+00
1.523992568711153694e+02,2.046924823056288858e+02,4.500000000000000000e+01,1.598717000000000087e-06,0.000000000000000000e+00
1.527877804710990404e+02,2.046920937820289055e+02,4.500000000000000000e+01,1.635096999999999941e-06,0.000000000000000000e+00
1.532353878786015287e+02,2.046916461746213827e+02,4.500000000000000000e+01,1.658641999999999984e-06,0.000000000000000000e+00
1.536505701391009211e+02,2.046912309923608859e+02,4.500000000000000000e+01,1.613589000000000010e-06,0.000000000000000000e+00
1.540767761760968142e+02,2.046908047863238949e+02,4.500000000000000000e+01,1.616178999999999930e-06,0.000000000000000000e+00
1.544620870941857902e+02,2.046904194754058040e+02,4.500000000000000000e+01,1.693290000000000097e-06,0.000000000000000000e+00
1.549073584037787157e+02,2.046899742040962167e+02,4.500000000000000000e+01,1.624779999999999968e-06,0.000000000000000000e+00
1.553063304282442800e+02,2.046895752320717463e+02,4.500000000000000000e+01,1.621491000000000024e-06,0.000000000000000000e+00
1.557300741684240677e+02,2.046891514883315608e+02,4.500000000000000000e+01,1.595923000000000043e-06,0.000000000000000000e+00
1.561708764804919269e+02,2.046887106860195047e+02,4.500000000000000000e+01,1.674051999999999935e-06,0.000000000000000000e+00
1.565528790133352288e+02,2.046883286834866738e+02,4.500000000000000000e+01,1.636100999999999914e-06,0.000000000000000000e+00
1.569771275900567673e+02,2.046879044349099388e+02,4.500000000000000000e+01,1.674910999999999929e-06,0.000000000000000000e+00
1.574103342574601072e+02,2.046874712282425435e+02,4.500000000000000000e+01,1.701715999999999963e-06,0.000000000000000000e+00
1.578413068660652243e+02,2.046870402556339457e+02,4.500000000000000000e+01,1.660461000000000008e-06,0.000000000000000000e+00
1.582704391330934470e+02,2.046866111233669017e+02,4.500000000000000000e+01,1.655077000000000044e-06,0.000000000000000000e+00
1.586651047960346830e+02,2.046862164577039493e+02,4.500000000000000000e+01,1.685460999999999981e-06,0.000000000000000000e+00
1.590803767945081972e+02,2.046858011857054862e+02,4.500000000000000000e+01,1.640058999999999903e-06,0.000000000000000000e+00
