0.000000000000000000e+00,2.079973437499999989e+02,0.000000000000000000e+00,2.243210999999999892e-05,0.000000000000000000e+00
8.460528803332600239e-03,2.079973352894711809e+02,0.000000000000000000e+00,-1.592910999999999910e-06,0.000000000000000000e+00
1.058257877483008008e-01,2.079972379242122429e+02,0.000000000000000000e+00,-5.687762000000000212e-07,0.000000000000000000e+00
2.031559868730541119e-01,2.079971405940131319e+02,0.000000000000000000e+00,-2.235755999999999946e-07,0.000000000000000000e+00
3.498756323994584028e-01,2.079969938743676039e+02,0.000000000000000000e+00,-1.206354000000000030e-08,0.000000000000000000e+00
5.476282460821000342e-01,2.079967961217539028e+02,0.000000000000000000e+00,1.708831000000000011e-07,0.000000000000000000e+00
7.690576648875601107e-01,2.079965746923351162e+02,0.000000000000000000e+00,3.958993999999999855e-07,0.000000000000000000e+00
1.055137737572845680e+00,2.079962886122624184e+02,0.000000000000000000e+00,5.513575000000000189e-07,0.000000000000000000e+00
1.370782899639924501e+00,2.079959729671003572e+02,0.000000000000000000e+00,8.176866999999999524e-07,0.000000000000000000e+00
1.701597639592622890e+00,2.079956421523604035e+02,0.000000000000000000e+00,8.717906999999999980e-07,0.000000000000000000e+00
2.111793334906314712e+00,2.079952319566650942e+02,0.000000000000000000e+00,9.111244999999999872e-07,0.000000000000000000e+00
2.546059503525931245e+00,2.079947976904964833e+02,0.000000000000000000e+00,1.054461000000000008e-06,0.000000000000000000e+00
2.969939816350581019e+00,2.079943738101836459e+02,0.000000000000000000e+00,9.439973000000000352e-07,0.000000000000000000e+00
3.409958751993214854e+00,2.079939337912479971e+02,0.000000000000000000e+00,1.023916000000000074e-06,0.000000000000000000e+00
3.783451855869801150e+00,2.079935602981441320e+02,0.000000000000000000e+00,1.196706000000000075e-06,0.000000000000000000e+00
4.208317939719373513e+00,2.079931354320602850e+02,0.000000000000000000e+00,1.344408000000000004e-06,0.000000000000000000e+00
4.640099640850210427e+00,2.079927036503591466e+02,0.000000000000000000e+00,1.302004000000000096e-06,0.000000000000000000e+00
5.073904973384755657e+00,2.079922698450266125e+02,0.000000000000000000e+00,1.169260999999999951e-06,0.000000000000000000e+00
5.462133130126100689e+00,2.079918816168698754e+02,0.000000000000000000e+00,8.910864999999999768e-07,0.000000000000000000e+00
5.900618242723836282e+00,2.079914431317572792e+02,0.000000000000000000e+00,1.094828000000000015e-06,0.000000000000000000e+00
6.260153841937190045e+00,2.079910835961580631e+02,0.000000000000000000e+00,1.070147999999999982e-06,0.000000000000000000e+00
6.707506577680232951e+00,2.079906362434223297e+02,0.000000000000000000e+00,1.334119999999999985e-06,0.000000000000000000e+00
7.142299926906811258e+00,2.079902014500731013e+02,0.000000000000000000e+00,1.421184000000000029e-06,0.000000000000000000e+00
7.528353564063316128e+00,2.079898153964359437e+02,0.000000000000000000e+00,1.456675999999999934e-06,0.000000000000000000e+00
7.974101700448028573e+00,2.079893696482995438e+02,0.000000000000000000e+00,1.431064000000000009e-06,0.000000000000000000e+00
8.358360002289400015e+00,2.079889853899977084e+02,0.000000000000000000e+00,1.310880000000000102e-06,0.000000000000000000e+00
8.777802816232407324e+00,2.079885659471837585e+02,0.000000000000000000e+00,1.445222999999999944e-06,0.000000000000000000e+00
9.203305799900396877e+00,2.079881404442000985e+02,0.000000000000000000e+00,1.466076000000000005e-06,0.000000000000000000e+00
9.633933758651075152e+00,2.079877098162413347e+02,0.000000000000000000e+00,1.454900000000000038e-06,0.000000000000000000e+00
1.005405352961626342e+01,2.079872896964703841e+02,0.000000000000000000e+00,1.391890999999999927e-06,0.000000000000000000e+00
1.046809596992294367e+01,2.079868756540300865e+02,0.000000000000000000e+00,1.530832000000000059e-06,0.000000000000000000e+00
1.087946647220293350e+01,2.079864642835277948e+02,0.000000000000000000e+00,1.555949000000000085e-06,0.000000000000000000e+00
1.129493661749847533e+01,2.079860488133824958e+02,0.000000000000000000e+00,1.465129999999999938e-06,0.000000000000000000e+00
1.173903715207786469e+01,2.079856047128479304e+02,0.000000000000000000e+00,1.526205000000000027e-06,0.000000000000000000e+00
1.216236691127173941e+01,2.079851813830887295e+02,0.000000000000000000e+00,1.472974000000000045e-06,0.000000000000000000e+00
1.259225804387137515e+01,2.079847514919561320e+02,0.000000000000000000e+00,1.517356999999999947e-06,0.000000000000000000e+00
1.298367132210746888e+01,2.079843600786778950e+02,0.000000000000000000e+00,1.428663000000000013e-06,0.000000000000000000e+00
1.342432954045643534e+01,2.079839194204595287e+02,0.000000000000000000e+00,1.447522999999999905e-06,0.000000000000000000e+00
1.383943649285903632e+01,2.079835043135071260e+02,0.000000000000000000e+00,1.486870999999999947e-06,0.000000000000000000e+00
1.422290344547515062e+01,2.079831208465545274e+02,0.000000000000000000e+00,1.468885000000000040e-06,0.000000000000000000e+00
1.466478760373082579e+01,2.079826789623962782e+02,0.000000000000000000e+00,1.490101999999999985e-06,0.000000000000000000e+00
1.506890967082194877e+01,2.079822748403291826e+02,0.000000000000000000e+00,1.476466000000000087e-06,0.000000000000000000e+00
1.548563725817944992e+01,2.079818581127418327e+02,0.000000000000000000e+00,1.462133000000000007e-06,0.000000000000000000e+00
1.592813272705682870e+01,2.079814156172729440e+02,0.000000000000000000e+00,1.387466999999999992e-06,0.000000000000000000e+00
1.631555694745938112e+01,2.079810281930525377e+02,0.000000000000000000e+00,1.279463000000000027e-06,0.000000000000000000e+00
1.674504030301051927e+01,2.079805987096969773e+02,0.000000000000000000e+00,1.353939000000000091e-06,0.000000000000000000e+00
1.714878898687953068e+01,2.079801949610131260e+02,0.000000000000000000e+00,1.306529000000000065e-06,0.000000000000000000e+00
1.757191023277383835e+01,2.079797718397672384e+02,0.000000000000000000e+00,1.322390999999999999e-06,0.000000000000000000e+00
1.800273797348219063e+01,2.079793410120265094e+02,0.000000000000000000e+00,1.330481999999999936e-06,0.000000000000000000e+00
1.841057308306117690e+01,2.079789331769169394e+02,0.000000000000000000e+00,1.345716999999999926e-06,0.000000000000000000e+00
1.880636674003392628e+01,2.079785373832599760e+02,0.000000000000000000e+00,1.351464999999999985e-06,0.000000000000000000e+00
1.924869018898881734e+01,2.079780950598110110e+02,0.000000000000000000e+00,1.329725000000000004e-06,0.000000000000000000e+00
1.964714941274327842e+01,2.079776966005872509e+02,0.000000000000000000e+00,1.384338000000000018e-06,0.000000000000000000e+00
2.008698767347044623e+01,2.079772567623265331e+02,0.000000000000000000e+00,1.267574000000000072e-06,0.000000000000000000e+00
2.051588174701602441e+01,2.079768278682529683e+02,0.000000000000000000e+00,1.361012000000000091e-06,0.000000000000000000e+00
2.090881765509051959e+01,2.079764349323449153e+02,0.000000000000000000e+00,1.330671000000000071e-06,0.000000000000000000e+00
2.132849441930516932e+01,2.079760152555807053e+02,0.000000000000000000e+00,1.353721000000000002e-06,0.000000000000000000e+00
2.175256047522553970e+01,2.079755911895247777e+02,0.000000000000000000e+00,1.344683999999999999e-06,0.000000000000000000e+00
2.214429967291033563e+01,2.079751994503270964e+02,0.000000000000000000e+00,1.362423000000000076e-06,0.000000000000000000e+00
2.258668796190748651e+01,2.079747570620380941e+02,0.000000000000000000e+00,1.379753999999999902e-06,0.000000000000000000e+00
2.303202385096831506e+01,2.079743117261490397e+02,0.000000000000000000e+00,1.463923000000000078e-06,0.000000000000000000e+00
2.345432670246772844e+01,2.079738894232975213e+02,0.000000000000000000e+00,1.467168000000000079e-06,0.000000000000000000e+00
2.385886082525640006e+01,2.079734848891747276e+02,0.000000000000000000e+00,1.441293999999999909e-06,0.000000000000000000e+00
2.426929931185166467e+01,2.079730744506881592e+02,0.000000000000000000e+00,1.410080999999999959e-06,0.000000000000000000e+00
2.470428905760836003e+01,2.079726394609423892e+02,0.000000000000000000e+00,1.448351999999999919e-06,0.000000000000000000e+00
2.511718424459773757e+01,2.079722265657553919e+02,0.000000000000000000e+00,1.504581000000000071e-06,0.000000000000000000e+00
2.553585275468424953e+01,2.079718078972453270e+02,0.000000000000000000e+00,1.522683000000000004e-06,0.000000000000000000e+00
2.593867556916911710e+01,2.079714050744308338e+02,0.000000000000000000e+00,1.433844000000000091e-06,0.000000000000000000e+00
2.634752176543242541e+01,2.079709962282345543e+02,0.000000000000000000e+00,1.394378999999999995e-06,0.000000000000000000e+00
2.676133473501419147e+01,2.079705824152649711e+02,0.000000000000000000e+00,1.440580999999999921e-06,0.000000000000000000e+00
2.718488855366557999e+01,2.079701588614463219e+02,0.000000000000000000e+00,1.483524000000000096e-06,0.000000000000000000e+00
2.762151422759114539e+01,2.079697222357723945e+02,0.000000000000000000e+00,1.481049999999999991e-06,0.000000000000000000e+00
2.800733274247954441e+01,2.079693364172575230e+02,0.000000000000000000e+00,1.458131000000000075e-06,0.000000000000000000e+00
2.845114007262703737e+01,2.079688926099273658e+02,0.000000000000000000e+00,1.454609000000000052e-06,0.000000000000000000e+00
2.884531542088827649e+01,2.079684984345791179e+02,0.000000000000000000e+00,1.450404000000000022e-06,0.000000000000000000e+00
2.925392851399490723e+01,2.079680898214859894e+02,0.000000000000000000e+00,1.502791000000000000e-06,0.000000000000000000e+00
2.968377067372210476e+01,2.079676599793262710e+02,0.000000000000000000e+00,1.515495000000000006e-06,0.000000000000000000e+00
3.011440362213739874e+01,2.079672293463778487e+02,0.000000000000000000e+00,1.520732999999999963e-06,0.000000000000000000e+00
3.054127887781798023e+01,2.079668024711221790e+02,0.000000000000000000e+00,1.468725000000000071e-06,0.000000000000000000e+00
3.094261890105229185e+01,2.079664011310989338e+02,0.000000000000000000e+00,1.459528000000000098e-06,0.000000000000000000e+00
3.137189699694656397e+01,2.079659718530030545e+02,0.000000000000000000e+00,1.490712999999999910e-06,0.000000000000000000e+00
3.180073021597837268e+01,2.079655430197840076e+02,0.000000000000000000e+00,1.536449000000000102e-06,0.000000000000000000e+00
3.222245903320249028e+01,2.079651212909668061e+02,0.000000000000000000e+00,1.514795999999999981e-06,0.000000000000000000e+00
3.261852218917436375e+01,2.079647252278108169e+02,0.000000000000000000e+00,1.488908000000000060e-06,0.000000000000000000e+00
3.306120374790717875e+01,2.079642825462520932e+02,0.000000000000000000e+00,1.358406999999999969e-06,0.000000000000000000e+00
3.349038531004320163e+01,2.079638533646899532e+02,0.000000000000000000e+00,1.512453000000000103e-06,0.000000000000000000e+00
3.389011409165294708e+01,2.079634536359083370e+02,0.000000000000000000e+00,1.448860999999999993e-06,0.000000000000000000e+00
3.429311278418067133e+01,2.079630506372158152e+02,0.000000000000000000e+00,1.411710000000000033e-06,0.000000000000000000e+00
3.473737470607600386e+01,2.079626063752939160e+02,0.000000000000000000e+00,1.394262999999999969e-06,0.000000000000000000e+00
3.512378518533940763e+01,2.079622199648146648e+02,0.000000000000000000e+00,1.407809999999999952e-06,0.000000000000000000e+00
3.555446410790415257e+01,2.079617892858920811e+02,0.000000000000000000e+00,1.431210000000000016e-06,0.000000000000000000e+00
3.598168977855533512e+01,2.079613620602214326e+02,0.000000000000000000e+00,1.452993999999999941e-06,0.000000000000000000e+00
3.638203920778258293e+01,2.079609617107922190e+02,0.000000000000000000e+00,1.427499000000000069e-06,0.000000000000000000e+00
3.678455604951361124e+01,2.079605591939504734e+02,0.000000000000000000e+00,1.443288000000000106e-06,0.000000000000000000e+00
3.720924864471914617e+01,2.079601345013552702e+02,0.000000000000000000e+00,1.456937999999999966e-06,0.000000000000000000e+00
3.761723730996941839e+01,2.079597265126900254e+02,0.000000000000000000e+00,1.541688000000000087e-06,0.000000000000000000e+00
3.804798748141401177e+01,2.079592957625185932e+02,0.000000000000000000e+00,1.514869000000000090e-06,0.000000000000000000e+00
3.847391476604204286e+01,2.079588698352339691e+02,0.000000000000000000e+00,1.445427000000000069e-06,0.000000000000000000e+00
3.888647124559729207e+01,2.079584572787543948e+02,0.000000000000000000e+00,1.404900000000000093e-06,0.000000000000000000e+00
3.929938482544075384e+01,2.079580443651745441e+02,0.000000000000000000e+00,1.394378999999999995e-06,0.000000000000000000e+00
3.972318729740690202e+01,2.079576205627026013e+02,0.000000000000000000e+00,1.467473000000000027e-06,0.000000000000000000e+00
4.012202366621340843e+01,2.079572217263337848e+02,0.000000000000000000e+00,1.465435999999999915e-06,0.000000000000000000e+00
4.056430282435100310e+01,2.079567794471756486e+02,0.000000000000000000e+00,1.518725000000000015e-06,0.000000000000000000e+00
4.099386573282443180e+01,2.079563498842671834e+02,0.000000000000000000e+00,1.547247000000000011e-06,0.000000000000000000e+00
4.138164125342592570e+01,2.079559621087465757e+02,0.000000000000000000e+00,1.526714000000000101e-06,0.000000000000000000e+00
4.179693868009648128e+01,2.079555468113198913e+02,0.000000000000000000e+00,1.509600999999999940e-06,0.000000000000000000e+00
4.221907492678695206e+01,2.079551246750732219e+02,0.000000000000000000e+00,1.540044000000000023e-06,0.000000000000000000e+00
4.266500023378419826e+01,2.079546787497662024e+02,0.000000000000000000e+00,1.501641000000000019e-06,0.000000000000000000e+00
4.310322345764476637e+01,2.079542405265423497e+02,0.000000000000000000e+00,1.505003000000000073e-06,0.000000000000000000e+00
4.351146973802914886e+01,2.079538322802619632e+02,0.000000000000000000e+00,1.556808000000000079e-06,0.000000000000000000e+00
4.392930974039812497e+01,2.079534144402595928e+02,0.000000000000000000e+00,1.516803999999999928e-06,0.000000000000000000e+00
4.434488510488510116e+01,2.079529988648951075e+02,0.000000000000000000e+00,1.574896000000000049e-06,0.000000000000000000e+00
4.473669416921119790e+01,2.079526070558307822e+02,0.000000000000000000e+00,1.547552999999999987e-06,0.000000000000000000e+00
4.518267603292063228e+01,2.079521610739670905e+02,0.000000000000000000e+00,1.485022999999999969e-06,0.000000000000000000e+00
4.558139925780672286e+01,2.079517623507422002e+02,0.000000000000000000e+00,1.474124000000000025e-06,0.000000000000000000e+00
4.600541145245480124e+01,2.079513383385475436e+02,0.000000000000000000e+00,1.564083999999999965e-06,0.000000000000000000e+00
4.641305090458015314e+01,2.079509306990954087e+02,0.000000000000000000e+00,1.474080000000000081e-06,0.000000000000000000e+00
4.683729998134013073e+01,2.079505064500186506e+02,0.000000000000000000e+00,1.553562000000000051e-06,0.000000000000000000e+00
4.725246277059206079e+01,2.079500912872294123e+02,0.000000000000000000e+00,1.593115000000000035e-06,0.000000000000000000e+00
4.765195752074239266e+01,2.079496917924792569e+02,0.000000000000000000e+00,1.415829000000000018e-06,0.000000000000000000e+00
4.809165786849410296e+01,2.079492520921315020e+02,0.000000000000000000e+00,1.409367999999999971e-06,0.000000000000000000e+00
4.849946231465445834e+01,2.079488442876853469e+02,0.000000000000000000e+00,1.417166999999999894e-06,0.000000000000000000e+00
4.891456102801706862e+01,2.079484291889719714e+02,0.000000000000000000e+00,1.361767999999999995e-06,0.000000000000000000e+00
4.932996300326026073e+01,2.079480137869967393e+02,0.000000000000000000e+00,1.328894999999999963e-06,0.000000000000000000e+00
4.972563692926722467e+01,2.079476181130707175e+02,0.000000000000000000e+00,1.338193999999999998e-06,0.000000000000000000e+00
5.015425725505844667e+01,2.079471894927449398e+02,0.000000000000000000e+00,1.323482000000000045e-06,0.000000000000000000e+00
5.059327017037620777e+01,2.079467504798296318e+02,0.000000000000000000e+00,1.169144999999999925e-06,0.000000000000000000e+00
5.103835331578148526e+01,2.079463053966842097e+02,0.000000000000000000e+00,1.250213000000000053e-06,0.000000000000000000e+00
5.142382341567088133e+01,2.079459199265843381e+02,0.000000000000000000e+00,1.294524000000000085e-06,0.000000000000000000e+00
5.184994298406976299e+01,2.079454938070159358e+02,0.000000000000000000e+00,1.356150999999999952e-06,0.000000000000000000e+00
5.226529599830360695e+01,2.079450784540017025e+02,0.000000000000000000e+00,1.289793999999999962e-06,0.000000000000000000e+00
5.271267985687022417e+01,2.079446310701431173e+02,0.000000000000000000e+00,1.346691999999999947e-06,0.000000000000000000e+00
5.311154631360481204e+01,2.079442322036863970e+02,0.000000000000000000e+00,1.371924999999999998e-06,0.000000000000000000e+00
5.353546343969465937e+01,2.079438082865603121e+02,0.000000000000000000e+00,1.347318000000000074e-06,0.000000000000000000e+00
5.394018282524272223e+01,2.079434035671747552e+02,0.000000000000000000e+00,1.418201000000000061e-06,0.000000000000000000e+00
5.437022206992340045e+01,2.079429735279300644e+02,0.000000000000000000e+00,1.281615999999999953e-06,0.000000000000000000e+00
5.478214179580152887e+01,2.079425616082041870e+02,0.000000000000000000e+00,1.256208999999999969e-06,0.000000000000000000e+00
5.518764029441999241e+01,2.079421561097055644e+02,0.000000000000000000e+00,1.199775999999999903e-06,0.000000000000000000e+00
5.561825012639340571e+01,2.079417254998735984e+02,0.000000000000000000e+00,1.160020000000000034e-06,0.000000000000000000e+00
5.602642753573906731e+01,2.079413173224642719e+02,0.000000000000000000e+00,1.203633000000000068e-06,0.000000000000000000e+00
5.644784212176955407e+01,2.079408959078782289e+02,0.000000000000000000e+00,1.226740999999999907e-06,0.000000000000000000e+00
5.685177529502134774e+01,2.079404919747049689e+02,0.000000000000000000e+00,1.331253000000000042e-06,0.000000000000000000e+00
5.725043609923663723e+01,2.079400933139007748e+02,0.000000000000000000e+00,1.351160000000000037e-06,0.000000000000000000e+00
5.769897991688733185e+01,2.079396447700831061e+02,0.000000000000000000e+00,1.365537000000000060e-06,0.000000000000000000e+00
5.809760308442472621e+01,2.079392461469155649e+02,0.000000000000000000e+00,1.301246999999999952e-06,0.000000000000000000e+00
5.852154010696820308e+01,2.079388222098930328e+02,0.000000000000000000e+00,1.266206000000000003e-06,0.000000000000000000e+00
5.896681489988601754e+01,2.079383769351001092e+02,0.000000000000000000e+00,1.237043999999999917e-06,0.000000000000000000e+00
5.935466733787473004e+01,2.079379890826621136e+02,0.000000000000000000e+00,1.199717999999999997e-06,0.000000000000000000e+00
5.977009763961194722e+01,2.079375736523603848e+02,0.000000000000000000e+00,1.160966000000000101e-06,0.000000000000000000e+00
6.019728309999783278e+01,2.079371464669000034e+02,0.000000000000000000e+00,1.235938000000000092e-06,0.000000000000000000e+00
6.060547867800138988e+01,2.079367382713219854e+02,0.000000000000000000e+00,1.210631999999999931e-06,0.000000000000000000e+00
6.103964616793893327e+01,2.079363041038320716e+02,0.000000000000000000e+00,1.219058000000000010e-06,0.000000000000000000e+00
6.144416697551559992e+01,2.079358995830244794e+02,0.000000000000000000e+00,1.204534999999999979e-06,0.000000000000000000e+00
6.184709115487581954e+01,2.079354966588451248e+02,0.000000000000000000e+00,1.121021000000000096e-06,0.000000000000000000e+00
6.229029943796221147e+01,2.079350534505620374e+02,0.000000000000000000e+00,1.131469999999999900e-06,0.000000000000000000e+00
6.271346567474138567e+01,2.079346302843252658e+02,0.000000000000000000e+00,9.513897000000000214e-07,0.000000000000000000e+00
6.314441404610613517e+01,2.079341993359539060e+02,0.000000000000000000e+00,1.074732000000000097e-06,0.000000000000000000e+00
6.356884782410592294e+01,2.079337749021758839e+02,0.000000000000000000e+00,1.038234999999999979e-06,0.000000000000000000e+00
6.397965014509502879e+01,2.079333640998549129e+02,0.000000000000000000e+00,1.047927000000000064e-06,0.000000000000000000e+00
6.440558038931297347e+01,2.079329381696106793e+02,0.000000000000000000e+00,1.028834999999999908e-06,0.000000000000000000e+00
6.482240547478909320e+01,2.079325213445252132e+02,0.000000000000000000e+00,9.764917000000000565e-07,0.000000000000000000e+00
6.522838847033564491e+01,2.079321153615296680e+02,0.000000000000000000e+00,9.758077999999999613e-07,0.000000000000000000e+00
6.564758354674671637e+01,2.079316961664532641e+02,0.000000000000000000e+00,9.169598000000000421e-07,0.000000000000000000e+00
6.606901796399912996e+01,2.079312747320360018e+02,0.000000000000000000e+00,8.577189999999999528e-07,0.000000000000000000e+00
6.649999144506587356e+01,2.079308437585549427e+02,0.000000000000000000e+00,9.890063999999998979e-07,0.000000000000000000e+00
6.688781243638676699e+01,2.079304559375636074e+02,0.000000000000000000e+00,1.103530000000000088e-06,0.000000000000000000e+00
6.730330144586106655e+01,2.079300404485541378e+02,0.000000000000000000e+00,9.484210999999999851e-07,0.000000000000000000e+00
6.770546964658171873e+01,2.079296382803534300e+02,0.000000000000000000e+00,1.035164999999999939e-06,0.000000000000000000e+00
6.813232168362610253e+01,2.079292114283163642e+02,0.000000000000000000e+00,9.643700000000000519e-07,0.000000000000000000e+00
6.856949996135404035e+01,2.079287742500386571e+02,0.000000000000000000e+00,1.057210999999999897e-06,0.000000000000000000e+00
6.897151595306976901e+01,2.079283722340469183e+02,0.000000000000000000e+00,1.232314000000000006e-06,0.000000000000000000e+00
6.938067135367242599e+01,2.079279630786463144e+02,0.000000000000000000e+00,1.191961999999999990e-06,0.000000000000000000e+00
6.982416420112916455e+01,2.079275195857988763e+02,0.000000000000000000e+00,1.235908999999999927e-06,0.000000000000000000e+00
7.024167336036954623e+01,2.079271020766396418e+02,0.000000000000000000e+00,1.150503999999999937e-06,0.000000000000000000e+00
7.062725847822514424e+01,2.079267164915217734e+02,0.000000000000000000e+00,1.220615000000000002e-06,0.000000000000000000e+00
7.108807417557252961e+01,2.079262556758244216e+02,0.000000000000000000e+00,1.219334000000000005e-06,0.000000000000000000e+00
7.148817065151482097e+01,2.079258555793484788e+02,0.000000000000000000e+00,1.116306999999999992e-06,0.000000000000000000e+00
7.191075557451274847e+01,2.079254329944254778e+02,0.000000000000000000e+00,1.048828999999999975e-06,0.000000000000000000e+00
7.234424873051129623e+01,2.079249995012694967e+02,0.000000000000000000e+00,1.147970999999999897e-06,0.000000000000000000e+00
7.275851647567928637e+01,2.079245852335243114e+02,0.000000000000000000e+00,1.206310000000000060e-06,0.000000000000000000e+00
7.316591735906833094e+01,2.079241778326409360e+02,0.000000000000000000e+00,1.157138999999999917e-06,0.000000000000000000e+00
7.359654736683221188e+01,2.079237472026331659e+02,0.000000000000000000e+00,1.122462000000000062e-06,0.000000000000000000e+00
7.403003929902907032e+01,2.079233137107009668e+02,0.000000000000000000e+00,9.629292999999999033e-07,0.000000000000000000e+00
7.443527885736591543e+01,2.079229084711426196e+02,0.000000000000000000e+00,9.094800999999999543e-07,0.000000000000000000e+00
7.483644790585240969e+01,2.079225073020941466e+02,0.000000000000000000e+00,9.340001000000000177e-07,0.000000000000000000e+00
7.523043030149295873e+01,2.079221133196984965e+02,0.000000000000000000e+00,9.152718000000000339e-07,0.000000000000000000e+00
7.567523472220234737e+01,2.079216685152777870e+02,0.000000000000000000e+00,1.077627999999999993e-06,0.000000000000000000e+00
7.610333559302625872e+01,2.079212404144069808e+02,0.000000000000000000e+00,9.186187999999999910e-07,0.000000000000000000e+00
7.649821423473282778e+01,2.079208455357652667e+02,0.000000000000000000e+00,1.024963999999999992e-06,0.000000000000000000e+00
7.694148589301806851e+01,2.079204022641069685e+02,0.000000000000000000e+00,1.078893999999999999e-06,0.000000000000000000e+00
7.732905984860050808e+01,2.079200146901513904e+02,0.000000000000000000e+00,1.029780999999999975e-06,0.000000000000000000e+00
7.774560694289866092e+01,2.079195981430571010e+02,0.000000000000000000e+00,9.481154999999999774e-07,0.000000000000000000e+00
7.816163362694074124e+01,2.079191821163730651e+02,0.000000000000000000e+00,9.541981999999999370e-07,0.000000000000000000e+00
7.858423015384614985e+01,2.079187595198461622e+02,0.000000000000000000e+00,8.956413000000000488e-07,0.000000000000000000e+00
7.901667139960399311e+01,2.079183270786003845e+02,0.000000000000000000e+00,7.196067999999999557e-07,0.000000000000000000e+00
7.942296331505899332e+01,2.079179207866849310e+02,0.000000000000000000e+00,1.151246000000000090e-06,0.000000000000000000e+00
7.982094442621995256e+01,2.079175228055737819e+02,0.000000000000000000e+00,9.941285999999999198e-07,0.000000000000000000e+00
8.026396477938875762e+01,2.079170797852206078e+02,0.000000000000000000e+00,9.616196999999999218e-07,0.000000000000000000e+00
8.067630437024372725e+01,2.079166674456297415e+02,0.000000000000000000e+00,1.065912999999999971e-06,0.000000000000000000e+00
8.108525352990291424e+01,2.079162584964701068e+02,0.000000000000000000e+00,1.034787000000000093e-06,0.000000000000000000e+00
8.153120191815402507e+01,2.079158125480818455e+02,0.000000000000000000e+00,9.926733999999999002e-07,0.000000000000000000e+00
8.195329431929387454e+01,2.079153904556806935e+02,0.000000000000000000e+00,9.047071000000000213e-07,0.000000000000000000e+00
8.235675133891552946e+01,2.079149869986610781e+02,0.000000000000000000e+00,9.507056999999999869e-07,0.000000000000000000e+00
8.275611033464973332e+01,2.079145876396653421e+02,0.000000000000000000e+00,9.204231999999999936e-07,0.000000000000000000e+00
8.320431590963093527e+01,2.079141394340903730e+02,0.000000000000000000e+00,9.167269999999999475e-07,0.000000000000000000e+00
8.362818006879935240e+01,2.079137155699311847e+02,0.000000000000000000e+00,9.896902999999999931e-07,0.000000000000000000e+00
8.402722186679389438e+01,2.079133165281332083e+02,0.000000000000000000e+00,9.844516000000000377e-07,0.000000000000000000e+00
8.447359457237521951e+01,2.079128701554276120e+02,0.000000000000000000e+00,1.120278999999999943e-06,0.000000000000000000e+00
8.488947566846024984e+01,2.079124542743315374e+02,0.000000000000000000e+00,1.151492999999999920e-06,0.000000000000000000e+00
8.527730693922124772e+01,2.079120664430607803e+02,0.000000000000000000e+00,1.180073000000000035e-06,0.000000000000000000e+00
8.570303575884801717e+01,2.079116407142411447e+02,0.000000000000000000e+00,1.127481999999999931e-06,0.000000000000000000e+00
8.611123260584243155e+01,2.079112325173941542e+02,0.000000000000000000e+00,1.257009000000000030e-06,0.000000000000000000e+00
8.654592390314654438e+01,2.079107978260968537e+02,0.000000000000000000e+00,1.178122999999999994e-06,0.000000000000000000e+00
8.694991970194310227e+01,2.079103938302980623e+02,0.000000000000000000e+00,1.208958999999999914e-06,0.000000000000000000e+00
8.735439890921621497e+01,2.079099893510907862e+02,0.000000000000000000e+00,1.212334999999999930e-06,0.000000000000000000e+00
8.779741800551315123e+01,2.079095463319944770e+02,0.000000000000000000e+00,1.188279999999999997e-06,0.000000000000000000e+00
8.820140743669362848e+01,2.079091423425633138e+02,0.000000000000000000e+00,1.221284000000000045e-06,0.000000000000000000e+00
8.861560114882755101e+01,2.079087281488511678e+02,0.000000000000000000e+00,1.214560999999999966e-06,0.000000000000000000e+00
8.901437395395882390e+01,2.079083293760460265e+02,0.000000000000000000e+00,1.138235999999999896e-06,0.000000000000000000e+00
8.945918601192779818e+01,2.079078845639880626e+02,0.000000000000000000e+00,1.050314000000000097e-06,0.000000000000000000e+00
8.987442785103507958e+01,2.079074693221489554e+02,0.000000000000000000e+00,1.213425999999999976e-06,0.000000000000000000e+00
9.029004661146160515e+01,2.079070537033885273e+02,0.000000000000000000e+00,1.269407000000000059e-06,0.000000000000000000e+00
9.069576205761087806e+01,2.079066479879423923e+02,0.000000000000000000e+00,1.141422999999999990e-06,0.000000000000000000e+00
9.113366086702609437e+01,2.079062100891329692e+02,0.000000000000000000e+00,1.136474999999999991e-06,0.000000000000000000e+00
9.157501987733679982e+01,2.079057687301226736e+02,0.000000000000000000e+00,1.224324999999999920e-06,0.000000000000000000e+00
9.196031184992736485e+01,2.079053834381500678e+02,0.000000000000000000e+00,1.008390000000000098e-06,0.000000000000000000e+00
9.239458030540667721e+01,2.079049491696945893e+02,0.000000000000000000e+00,1.020772999999999925e-06,0.000000000000000000e+00
9.280977538675219307e+01,2.079045339746132584e+02,0.000000000000000000e+00,9.995420000000000177e-07,0.000000000000000000e+00
9.325246938815874387e+01,2.079040912806118513e+02,0.000000000000000000e+00,8.074567000000000520e-07,0.000000000000000000e+00
9.363787364538515590e+01,2.079037058763546213e+02,0.000000000000000000e+00,8.000933999999999585e-07,0.000000000000000000e+00
9.407527082831944654e+01,2.079032684791716861e+02,0.000000000000000000e+00,8.064235000000000345e-07,0.000000000000000000e+00
9.447638267641760024e+01,2.079028673673235801e+02,0.000000000000000000e+00,1.113366999999999940e-06,0.000000000000000000e+00
9.489808083360767910e+01,2.079024456691663829e+02,0.000000000000000000e+00,1.119420999999999976e-06,0.000000000000000000e+00
9.531556844103232606e+01,2.079020281815589613e+02,0.000000000000000000e+00,1.026549999999999938e-06,0.000000000000000000e+00
9.572079707359432632e+01,2.079016229529264024e+02,0.000000000000000000e+00,1.040302000000000073e-06,0.000000000000000000e+00
9.615409926898135495e+01,2.079011896507310269e+02,0.000000000000000000e+00,1.106279999999999977e-06,0.000000000000000000e+00
9.656231987473705658e+01,2.079007814301252495e+02,0.000000000000000000e+00,1.221168000000000020e-06,0.000000000000000000e+00
9.699152211710443794e+01,2.079003522278829053e+02,0.000000000000000000e+00,1.263033000000000084e-06,0.000000000000000000e+00
9.739105620840192046e+01,2.078999526937915903e+02,0.000000000000000000e+00,1.275941000000000003e-06,0.000000000000000000e+00
9.779411610613088612e+01,2.078995496338938551e+02,0.000000000000000000e+00,1.333275999999999981e-06,0.000000000000000000e+00
9.823856723893132425e+01,2.078991051827610761e+02,0.000000000000000000e+00,1.368126999999999979e-06,0.000000000000000000e+00
9.862478083199235357e+01,2.078987189691680157e+02,0.000000000000000000e+00,1.354536000000000053e-06,0.000000000000000000e+00
9.906150237133519454e+01,2.078982822476286572e+02,0.000000000000000000e+00,1.460589999999999978e-06,0.000000000000000000e+00
9.950933711955931926e+01,2.078978344128804281e+02,0.000000000000000000e+00,1.453227000000000020e-06,0.000000000000000000e+00
9.989487544022036047e+01,2.078974488745597853e+02,0.000000000000000000e+00,1.557447999999999958e-06,0.000000000000000000e+00
1.003148398924907809e+02,2.078970289101075082e+02,0.000000000000000000e+00,1.503532999999999941e-06,0.000000000000000000e+00
1.007337033134826783e+02,2.078966100466865043e+02,0.000000000000000000e+00,1.316948000000000101e-06,0.000000000000000000e+00
1.011310850751210779e+02,2.078962126649248887e+02,0.000000000000000000e+00,1.346269999999999945e-06,0.000000000000000000e+00
1.015727092639340867e+02,2.078957710407360651e+02,0.000000000000000000e+00,1.066494999999999942e-06,0.000000000000000000e+00
1.020035213862926042e+02,2.078953402286137191e+02,0.000000000000000000e+00,1.331747999999999942e-06,0.000000000000000000e+00
1.024274143440444647e+02,2.078949163356559495e+02,0.000000000000000000e+00,1.189517000000000050e-06,0.000000000000000000e+00
1.028625609834605541e+02,2.078944811890165454e+02,0.000000000000000000e+00,1.405657000000000025e-06,0.000000000000000000e+00
1.032749191379565161e+02,2.078940688308620395e+02,0.000000000000000000e+00,1.344102000000000027e-06,0.000000000000000000e+00
1.036808515781484061e+02,2.078936628984218373e+02,0.000000000000000000e+00,1.257066999999999937e-06,0.000000000000000000e+00
1.041114558410756814e+02,2.078932322941589348e+02,0.000000000000000000e+00,1.318796000000000079e-06,0.000000000000000000e+00
1.045191226293378435e+02,2.078928246273706577e+02,0.000000000000000000e+00,1.326246999999999925e-06,0.000000000000000000e+00
1.049391278551700424e+02,2.078924046221448236e+02,0.000000000000000000e+00,1.342793000000000105e-06,0.000000000000000000e+00
1.053580470978291430e+02,2.078919857029021614e+02,0.000000000000000000e+00,1.283261000000000045e-06,0.000000000000000000e+00
1.057432897951464952e+02,2.078916004602048417e+02,0.000000000000000000e+00,1.375709000000000054e-06,0.000000000000000000e+00
1.061594919040992409e+02,2.078911842580959046e+02,0.000000000000000000e+00,1.513951999999999977e-06,0.000000000000000000e+00
1.065903334400763640e+02,2.078907534165599316e+02,0.000000000000000000e+00,1.479333000000000029e-06,0.000000000000000000e+00
1.070357710651254592e+02,2.078903079789348851e+02,0.000000000000000000e+00,1.384586000000000087e-06,0.000000000000000000e+00
1.074212411650148340e+02,2.078899225088349851e+02,0.000000000000000000e+00,1.365974000000000053e-06,0.000000000000000000e+00
1.078466968768256180e+02,2.078894970531231650e+02,0.000000000000000000e+00,1.476044000000000085e-06,0.000000000000000000e+00
1.082382291920003183e+02,2.078891055208079877e+02,0.000000000000000000e+00,1.580715999999999978e-06,0.000000000000000000e+00
1.086680167609464007e+02,2.078886757332390403e+02,0.000000000000000000e+00,1.509033999999999959e-06,0.000000000000000000e+00
1.090987117085230977e+02,2.078882450382914726e+02,0.000000000000000000e+00,1.486448999999999945e-06,0.000000000000000000e+00
1.095066572904513009e+02,2.078878370927095602e+02,0.000000000000000000e+00,1.520456999999999968e-06,0.000000000000000000e+00
1.099233567094963036e+02,2.078874203932905118e+02,0.000000000000000000e+00,1.586159000000000088e-06,0.000000000000000000e+00
1.103668436203249570e+02,2.078869769063796866e+02,0.000000000000000000e+00,1.624881000000000003e-06,0.000000000000000000e+00
1.107764107948212029e+02,2.078865673392051860e+02,0.000000000000000000e+00,1.607564999999999956e-06,0.000000000000000000e+00
1.111780901362595415e+02,2.078861656598637353e+02,0.000000000000000000e+00,1.669380999999999958e-06,0.000000000000000000e+00
1.116151906894517651e+02,2.078857285593105360e+02,0.000000000000000000e+00,1.651205999999999916e-06,0.000000000000000000e+00
1.120457071969095182e+02,2.078852980428031003e+02,0.000000000000000000e+00,1.659674999999999911e-06,0.000000000000000000e+00
1.124711238084130827e+02,2.078848726261915942e+02,0.000000000000000000e+00,1.713836999999999969e-06,0.000000000000000000e+00
1.128844864650950939e+02,2.078844592635348931e+02,0.000000000000000000e+00,1.737659000000000035e-06,0.000000000000000000e+00
1.133020018477523223e+02,2.078840417481522422e+02,0.000000000000000000e+00,1.682521999999999957e-06,0.000000000000000000e+00
1.137235363192296802e+02,2.078836202136807572e+02,0.000000000000000000e+00,1.569933000000000059e-06,0.000000000000000000e+00
1.141198823067344392e+02,2.078832238676932604e+02,0.000000000000000000e+00,1.614912999999999924e-06,0.000000000000000000e+00
1.145625474710041232e+02,2.078827812025290029e+02,0.000000000000000000e+00,1.656328000000000060e-06,0.000000000000000000e+00
1.149678440896946796e+02,2.078823759059102940e+02,0.000000000000000000e+00,1.671171000000000029e-06,0.000000000000000000e+00
1.153795121028441173e+02,2.078819642378971650e+02,0.000000000000000000e+00,1.606211000000000062e-06,0.000000000000000000e+00
1.157902524664121984e+02,2.078815534975335879e+02,0.000000000000000000e+00,1.558014999999999939e-06,0.000000000000000000e+00
1.161944225445555219e+02,2.078811493274554323e+02,0.000000000000000000e+00,1.729728000000000069e-06,0.000000000000000000e+00
1.166374112978672741e+02,2.078807063387021401e+02,0.000000000000000000e+00,1.712076000000000064e-06,0.000000000000000000e+00
1.170327093639833578e+02,2.078803110406360020e+02,0.000000000000000000e+00,1.749605999999999898e-06,0.000000000000000000e+00
1.174552843772745376e+02,2.078798884656227131e+02,0.000000000000000000e+00,1.728679999999999939e-06,0.000000000000000000e+00
1.178716462261933202e+02,2.078794721037737929e+02,0.000000000000000000e+00,1.778767999999999984e-06,0.000000000000000000e+00
1.182860862184054440e+02,2.078790576637815946e+02,0.000000000000000000e+00,1.815336999999999972e-06,0.000000000000000000e+00
1.187102913162437545e+02,2.078786334586837654e+02,0.000000000000000000e+00,1.796943000000000026e-06,0.000000000000000000e+00
1.191053637477993163e+02,2.078782383862522067e+02,0.000000000000000000e+00,1.780062999999999943e-06,0.000000000000000000e+00
1.195492283302465637e+02,2.078777945216697560e+02,0.000000000000000000e+00,1.813154000000000064e-06,0.000000000000000000e+00
1.199757436136454061e+02,2.078773680063863480e+02,0.000000000000000000e+00,1.822976999999999953e-06,0.000000000000000000e+00
1.203768426722693192e+02,2.078769669073277271e+02,0.000000000000000000e+00,1.775625000000000046e-06,0.000000000000000000e+00
1.207791158285578064e+02,2.078765646341714444e+02,0.000000000000000000e+00,1.681968999999999938e-06,0.000000000000000000e+00
1.212253228594193644e+02,2.078761184271405682e+02,0.000000000000000000e+00,1.750289999999999932e-06,0.000000000000000000e+00
1.216127862415475533e+02,2.078757309637584569e+02,0.000000000000000000e+00,1.567473999999999945e-06,0.000000000000000000e+00
1.220481272289892445e+02,2.078752956227710058e+02,0.000000000000000000e+00,1.664666000000000038e-06,0.000000000000000000e+00
1.224720201867410765e+02,2.078748717298132647e+02,0.000000000000000000e+00,1.682535999999999920e-06,0.000000000000000000e+00
1.229119938034829147e+02,2.078744317561965147e+02,0.000000000000000000e+00,1.634588000000000078e-06,0.000000000000000000e+00
1.233276181289792390e+02,2.078740161318710307e+02,0.000000000000000000e+00,1.705048000000000036e-06,0.000000000000000000e+00
1.237442946254039242e+02,2.078735994553746025e+02,0.000000000000000000e+00,1.707594000000000011e-06,0.000000000000000000e+00
1.241521708272033351e+02,2.078731915791727829e+02,0.000000000000000000e+00,1.733190999999999945e-06,0.000000000000000000e+00
1.245912538825830751e+02,2.078727524961174140e+02,0.000000000000000000e+00,1.589680000000000084e-06,0.000000000000000000e+00
1.249908198794187797e+02,2.078723529301205701e+02,0.000000000000000000e+00,1.529682999999999894e-06,0.000000000000000000e+00
1.254136118971324976e+02,2.078719301381028686e+02,0.000000000000000000e+00,1.567110000000000061e-06,0.000000000000000000e+00
1.258295515690399213e+02,2.078715141984309582e+02,0.000000000000000000e+00,1.625186999999999980e-06,0.000000000000000000e+00
1.262364993344306754e+02,2.078711072506655739e+02,0.000000000000000000e+00,1.700056999999999908e-06,0.000000000000000000e+00
1.266545301800687753e+02,2.078706892198199228e+02,0.000000000000000000e+00,1.712599999999999917e-06,0.000000000000000000e+00
1.270766872504879643e+02,2.078702670627495195e+02,0.000000000000000000e+00,1.923326999999999975e-06,0.000000000000000000e+00
1.275075256791654823e+02,2.078698362243208351e+02,0.000000000000000000e+00,1.739361000000000007e-06,0.000000000000000000e+00
1.279071131016912801e+02,2.078694366368983140e+02,0.000000000000000000e+00,1.743217999999999960e-06,0.000000000000000000e+00
1.283120633969305970e+02,2.078690316866030798e+02,0.000000000000000000e+00,1.732871000000000006e-06,0.000000000000000000e+00
1.287315226072737460e+02,2.078686122273927310e+02,0.000000000000000000e+00,1.697756999999999947e-06,0.000000000000000000e+00
1.291398114338010430e+02,2.078682039385662108e+02,0.000000000000000000e+00,1.673456000000000000e-06,0.000000000000000000e+00
1.295779360118323495e+02,2.078677658139881714e+02,0.000000000000000000e+00,1.667941000000000020e-06,0.000000000000000000e+00
1.300245214814686392e+02,2.078673192285185394e+02,0.000000000000000000e+00,1.753433000000000081e-06,0.000000000000000000e+00
1.304096732177571312e+02,2.078669340767822291e+02,0.000000000000000000e+00,1.733219999999999899e-06,0.000000000000000000e+00
1.308324770112919282e+02,2.078665112729887028e+02,0.000000000000000000e+00,1.688662000000000037e-06,0.000000000000000000e+00
1.312482054676758310e+02,2.078660955445323282e+02,0.000000000000000000e+00,1.545239000000000063e-06,0.000000000000000000e+00
1.316789946572401391e+02,2.078656647553427490e+02,0.000000000000000000e+00,1.616369000000000092e-06,0.000000000000000000e+00
1.320869423799093738e+02,2.078652568076200851e+02,0.000000000000000000e+00,1.590058999999999958e-06,0.000000000000000000e+00
1.325193782838044285e+02,2.078648243717161961e+02,0.000000000000000000e+00,1.621679999999999947e-06,0.000000000000000000e+00
1.329435418486127958e+02,2.078644002081513804e+02,0.000000000000000000e+00,1.632172000000000092e-06,0.000000000000000000e+00
1.333568041638654620e+02,2.078639869458361318e+02,0.000000000000000000e+00,1.539302000000000081e-06,0.000000000000000000e+00
1.337662020960423774e+02,2.078635775479039580e+02,0.000000000000000000e+00,1.795414999999999987e-06,0.000000000000000000e+00
1.341902951684916161e+02,2.078631534548315187e+02,0.000000000000000000e+00,1.810360000000000019e-06,0.000000000000000000e+00
1.346160485378739793e+02,2.078627277014621200e+02,0.000000000000000000e+00,1.708656999999999919e-06,0.000000000000000000e+00
1.350344999692047736e+02,2.078623092500307905e+02,0.000000000000000000e+00,1.710156000000000004e-06,0.000000000000000000e+00
1.354367968372536950e+02,2.078619069531627304e+02,0.000000000000000000e+00,1.727966999999999951e-06,0.000000000000000000e+00
1.358452307913485981e+02,2.078614985192086522e+02,0.000000000000000000e+00,1.809196000000000076e-06,0.000000000000000000e+00
1.362610310302966070e+02,2.078610827189696977e+02,0.000000000000000000e+00,1.744556000000000048e-06,0.000000000000000000e+00
1.366741631037512263e+02,2.078606695868962504e+02,0.000000000000000000e+00,1.823689999999999941e-06,0.000000000000000000e+00
1.370981261012773587e+02,2.078602456238987202e+02,0.000000000000000000e+00,1.763386999999999986e-06,0.000000000000000000e+00
1.375265264805677532e+02,2.078598172235194284e+02,0.000000000000000000e+00,1.635985000000000101e-06,0.000000000000000000e+00
1.379229634305993386e+02,2.078594207865693875e+02,0.000000000000000000e+00,1.700026999999999927e-06,0.000000000000000000e+00
1.383548113731720832e+02,2.078589889386268226e+02,0.000000000000000000e+00,1.755106000000000099e-06,0.000000000000000000e+00
1.387760720494459008e+02,2.078585676779505604e+02,0.000000000000000000e+00,1.764580000000000095e-06,0.000000000000000000e+00
1.391776674969465830e+02,2.078581660825030610e+02,0.000000000000000000e+00,1.821376000000000017e-06,0.000000000000000000e+00
1.396150334372587736e+02,2.078577287165627467e+02,0.000000000000000000e+00,1.721723999999999992e-06,0.000000000000000000e+00
1.400229613466634930e+02,2.078573207886533396e+02,0.000000000000000000e+00,1.775842999999999923e-06,0.000000000000000000e+00
1.404436671616614092e+02,2.078569000828383366e+02,0.000000000000000000e+00,1.794308999999999951e-06,0.000000000000000000e+00
1.408587078177432659e+02,2.078564850421822428e+02,0.000000000000000000e+00,1.894236999999999970e-06,0.000000000000000000e+00
1.412469873697268383e+02,2.078560967626302727e+02,0.000000000000000000e+00,1.835359999999999992e-06,0.000000000000000000e+00
1.416774079347675297e+02,2.078556663420652342e+02,0.000000000000000000e+00,1.850668999999999907e-06,0.000000000000000000e+00
1.421188902914668688e+02,2.078552248597085281e+02,0.000000000000000000e+00,1.959663000000000096e-06,0.000000000000000000e+00
1.425617807259872905e+02,2.078547819692740006e+02,0.000000000000000000e+00,1.978245999999999965e-06,0.000000000000000000e+00
1.429909123562341051e+02,2.078543528376437735e+02,0.000000000000000000e+00,1.987893000000000078e-06,0.000000000000000000e+00
1.433903881004794982e+02,2.078539533618995279e+02,0.000000000000000000e+00,2.024549999999999954e-06,0.000000000000000000e+00
1.437938450941475708e+02,2.078535499049058615e+02,0.000000000000000000e+00,1.945037999999999791e-06,0.000000000000000000e+00
1.442384241593549064e+02,2.078531053258406303e+02,0.000000000000000000e+00,1.904248999999999994e-06,0.000000000000000000e+00
1.446355369895038052e+02,2.078527082130104873e+02,0.000000000000000000e+00,1.917841000000000160e-06,0.000000000000000000e+00
1.450616332519083755e+02,2.078522821167480856e+02,0.000000000000000000e+00,2.010682000000000005e-06,0.000000000000000000e+00
1.454638373035501218e+02,2.078518799126964609e+02,0.000000000000000000e+00,2.001280999999999906e-06,0.000000000000000000e+00
1.458839169853523572e+02,2.078514598330146441e+02,0.000000000000000000e+00,2.040032999999999802e-06,0.000000000000000000e+00
1.463023695534687931e+02,2.078510413804465315e+02,0.000000000000000000e+00,2.033063000000000104e-06,0.000000000000000000e+00
1.467061738087263336e+02,2.078506375761912750e+02,0.000000000000000000e+00,1.920955000000000144e-06,0.000000000000000000e+00
1.471409700241590883e+02,2.078502027799758309e+02,0.000000000000000000e+00,1.993088999999999934e-06,0.000000000000000000e+00
1.475288788098668817e+02,2.078498148711901194e+02,0.000000000000000000e+00,2.013025000000000094e-06,0.000000000000000000e+00
1.479750364493452821e+02,2.078493687135506605e+02,0.000000000000000000e+00,2.033222999999999862e-06,0.000000000000000000e+00
1.483900210222292912e+02,2.078489537289777616e+02,0.000000000000000000e+00,1.928027000000000116e-06,0.000000000000000000e+00
1.487773677029183261e+02,2.078485663822970935e+02,0.000000000000000000e+00,1.853215999999999910e-06,0.000000000000000000e+00
1.492033400203855820e+02,2.078481404099796066e+02,0.000000000000000000e+00,1.978347000000000000e-06,0.000000000000000000e+00
1.496476425082659318e+02,2.078476961074917426e+02,0.000000000000000000e+00,1.980428000000000057e-06,0.000000000000000000e+00
1.500465348696295109e+02,2.078472972151303679e+02,0.000000000000000000e+00,2.025306000000000070e-06,0.000000000000000000e+00
1.504705528990672292e+02,2.078468731971009333e+02,0.000000000000000000e+00,1.992709999999999849e-06,0.000000000000000000e+00
1.509106861191687869e+02,2.078464330638808235e+02,0.000000000000000000e+00,1.991430000000000091e-06,0.000000000000000000e+00
1.513263147038460374e+02,2.078460174352961474e+02,0.000000000000000000e+00,2.027226999999999945e-06,0.000000000000000000e+00
1.517434555943701184e+02,2.078456002944056422e+02,0.000000000000000000e+00,1.923442999999999789e-06,0.000000000000000000e+00
1.521512246745608365e+02,2.078451925253254444e+02,0.000000000000000000e+00,1.899591999999999981e-06,0.000000000000000000e+00
1.525900367382809861e+02,2.078447537132617242e+02,0.000000000000000000e+00,1.890236000000000066e-06,0.000000000000000000e+00
1.530140547677187044e+02,2.078443296952322896e+02,0.000000000000000000e+00,1.837412000000000095e-06,0.000000000000000000e+00
1.534206755746009492e+02,2.078439230744253905e+02,0.000000000000000000e+00,1.963446000000000124e-06,0.000000000000000000e+00
1.538460379140668408e+02,2.078434977120859344e+02,0.000000000000000000e+00,1.917025999999999897e-06,0.000000000000000000e+00
1.542600519333937825e+02,2.078430836980666072e+02,0.000000000000000000e+00,1.749388000000000021e-06,0.000000000000000000e+00
1.546672920621096523e+02,2.078426764579378982e+02,0.000000000000000000e+00,1.830354000000000086e-06,0.000000000000000000e+00
1.550977882367650125e+02,2.078422459617632398e+02,0.000000000000000000e+00,1.813546999999999901e-06,0.000000000000000000e+00
1.555061863624731586e+02,2.078418375636375117e+02,0.000000000000000000e+00,1.842505000000000073e-06,0.000000000000000000e+00
1.559226316467345441e+02,2.078414211183532530e+02,0.000000000000000000e+00,1.787120999999999953e-06,0.000000000000000000e+00
1.563102385165001067e+02,2.078410335114834879e+02,0.000000000000000000e+00,1.814783999999999954e-06,0.000000000000000000e+00
1.567299158291947663e+02,2.078406138341707958e+02,0.000000000000000000e+00,1.824199000000000015e-06,0.000000000000000000e+00
1.571766948971111049e+02,2.078401670551028815e+02,0.000000000000000000e+00,1.784385000000000027e-06,0.000000000000000000e+00
1.575756873158233873e+02,2.078397680626841861e+02,0.000000000000000000e+00,1.807071000000000075e-06,0.000000000000000000e+00
1.579992550871919832e+02,2.078393444949128082e+02,0.000000000000000000e+00,1.844265999999999979e-06,0.000000000000000000e+00
1.584075186678811633e+02,2.078389362313321271e+02,0.000000000000000000e+00,1.884560000000000088e-06,0.000000000000000000e+00
1.588301284894107823e+02,2.078385136215106002e+02,0.000000000000000000e+00,1.858309000000000100e-06,0.000000000000000000e+00
1.592462522453157305e+02,2.078380974977546884e+02,0.000000000000000000e+00,1.850742000000000016e-06,0.000000000000000000e+00
1.596623501497723794e+02,2.078376813998502257e+02,0.000000000000000000e+00,1.884138000000000086e-06,0.000000000000000000e+00
1.600852638084580519e+02,2.078372584861915300e+02,0.000000000000000000e+00,1.919630000000000203e-06,0.000000000000000000e+00
1.605157504454565185e+02,2.078368279995545436e+02,0.000000000000000000e+00,1.983512999999999876e-06,0.000000000000000000e+00
1.609161234197380566e+02,2.078364276265802459e+02,0.000000000000000000e+00,1.977445000000000089e-06,0.000000000000000000e+00
1.613209694613691170e+02,2.078360227805386273e+02,0.000000000000000000e+00,1.926091000000000038e-06,0.000000000000000000e+00
1.617621191261430624e+02,2.078355816308738611e+02,0.000000000000000000e+00,1.935302999999999790e-06,0.000000000000000000e+00
1.621908412319837112e+02,2.078351529087680092e+02,0.000000000000000000e+00,1.971245999999999863e-06,0.000000000000000000e+00
1.625837405347328115e+02,2.078347600094652705e+02,0.000000000000000000e+00,2.027286000000000092e-06,0.000000000000000000e+00
1.630294244733625249e+02,2.078343143255266341e+02,0.000000000000000000e+00,1.944018999999999827e-06,0.000000000000000000e+00
1.634513595750973991e+02,2.078338923904248929e+02,0.000000000000000000e+00,1.921348000000000192e-06,0.000000000000000000e+00
1.638797651558481618e+02,2.078334639848441441e+02,0.000000000000000000e+00,1.936437999999999992e-06,0.000000000000000000e+00
1.642783013526086222e+02,2.078330654486474032e+02,0.000000000000000000e+00,1.997715999999999967e-06,0.000000000000000000e+00
1.647022693533719462e+02,2.078326414806466289e+02,0.000000000000000000e+00,2.026805000000000155e-06,0.000000000000000000e+00
1.651258643627616607e+02,2.078322178856372489e+02,0.000000000000000000e+00,2.027431000000000071e-06,0.000000000000000000e+00
1.655454592106872553e+02,2.078317982907893224e+02,0.000000000000000000e+00,1.943583000000000073e-06,0.000000000000000000e+00
1.659713373130467176e+02,2.078313724126869602e+02,0.000000000000000000e+00,2.057174999999999917e-06,0.000000000000000000e+00
1.663451101825218075e+02,2.078309986398174658e+02,0.000000000000000000e+00,2.033863000000000164e-06,0.000000000000000000e+00
1.667812477852185964e+02,2.078305625022147751e+02,0.000000000000000000e+00,2.075582999999999826e-06,0.000000000000000000e+00
1.671832847955342345e+02,2.078301604652044716e+02,0.000000000000000000e+00,2.080531000000000037e-06,0.000000000000000000e+00
1.676069526242515337e+02,2.078297367973757446e+02,0.000000000000000000e+00,2.027737000000000047e-06,0.000000000000000000e+00
1.680466415957379240e+02,2.078292971084042620e+02,0.000000000000000000e+00,2.028420999999999870e-06,0.000000000000000000e+00
1.684496749349802940e+02,2.078288940750650227e+02,0.000000000000000000e+00,2.020417000000000006e-06,0.000000000000000000e+00
1.688652569260211465e+02,2.078284784930739875e+02,0.000000000000000000e+00,1.978434999999999888e-06,0.000000000000000000e+00
1.692526858307313091e+02,2.078280910641692572e+02,0.000000000000000000e+00,2.006273000000000061e-06,0.000000000000000000e+00
1.696831685989026539e+02,2.078276605814010907e+02,0.000000000000000000e+00,2.047789000000000021e-06,0.000000000000000000e+00
1.701255289395262480e+02,2.078272182210604626e+02,0.000000000000000000e+00,2.089028999999999985e-06,0.000000000000000000e+00
1.705449017119063058e+02,2.078267988482880924e+02,0.000000000000000000e+00,2.143234999999999987e-06,0.000000000000000000e+00
1.709482892443045046e+02,2.078263954607556911e+02,0.000000000000000000e+00,2.143133000000000136e-06,0.000000000000000000e+00
1.713858973310361193e+02,2.078259578526689495e+02,0.000000000000000000e+00,2.131942999999999995e-06,0.000000000000000000e+00
1.718006547141192470e+02,2.078255430952858660e+02,0.000000000000000000e+00,2.120214000000000009e-06,0.000000000000000000e+00
1.722219504708867248e+02,2.078251217995291142e+02,0.000000000000000000e+00,2.120418000000000135e-06,0.000000000000000000e+00
1.726402958843806630e+02,2.078247034541156211e+02,0.000000000000000000e+00,2.180254999999999931e-06,0.000000000000000000e+00
1.730669963503816859e+02,2.078242767536496274e+02,0.000000000000000000e+00,2.174346999999999902e-06,0.000000000000000000e+00
1.735133629676162457e+02,2.078238303870323875e+02,0.000000000000000000e+00,2.123647999999999932e-06,0.000000000000000000e+00
1.738898056533231511e+02,2.078234539443466815e+02,0.000000000000000000e+00,2.120956000000000162e-06,0.000000000000000000e+00
1.743209461056537464e+02,2.078230228038943324e+02,0.000000000000000000e+00,2.047993000000000146e-06,0.000000000000000000e+00
1.747496997041777149e+02,2.078225940502958338e+02,0.000000000000000000e+00,1.985099999999999849e-06,0.000000000000000000e+00
1.751350975761965572e+02,2.078222086524237966e+02,0.000000000000000000e+00,1.966298000000000075e-06,0.000000000000000000e+00
1.755603310089903459e+02,2.078217834189910036e+02,0.000000000000000000e+00,2.014363000000000182e-06,0.000000000000000000e+00
1.759682910874440154e+02,2.078213754589125415e+02,0.000000000000000000e+00,1.996522999999999858e-06,0.000000000000000000e+00
1.763951048687229957e+02,2.078209486451312671e+02,0.000000000000000000e+00,1.938592000000000158e-06,0.000000000000000000e+00
1.767940972874353065e+02,2.078205496527125717e+02,0.000000000000000000e+00,1.873078999999999960e-06,0.000000000000000000e+00
1.772070570119509227e+02,2.078201366929880578e+02,0.000000000000000000e+00,1.947235000000000085e-06,0.000000000000000000e+00
1.776279272278790700e+02,2.078197158227721104e+02,0.000000000000000000e+00,1.993831000000000088e-06,0.000000000000000000e+00
1.780523318505653947e+02,2.078192914181494189e+02,0.000000000000000000e+00,1.968365000000000169e-06,0.000000000000000000e+00
1.784763992232824421e+02,2.078188673507767135e+02,0.000000000000000000e+00,1.976426999999999941e-06,0.000000000000000000e+00
1.789169077479789109e+02,2.078184268422520233e+02,0.000000000000000000e+00,1.943305999999999839e-06,0.000000000000000000e+00
1.793047045984043280e+02,2.078180390454016049e+02,0.000000000000000000e+00,1.962310999999999922e-06,0.000000000000000000e+00
1.797256560891741799e+02,2.078176180939108235e+02,0.000000000000000000e+00,2.051733000000000046e-06,0.000000000000000000e+00
1.801325959433887363e+02,2.078172111540566220e+02,0.000000000000000000e+00,1.908295000000000082e-06,0.000000000000000000e+00
1.805580191367160410e+02,2.078167857308632733e+02,0.000000000000000000e+00,1.936553999999999806e-06,0.000000000000000000e+00
1.810062386349756878e+02,2.078163375113650204e+02,0.000000000000000000e+00,1.979832000000000122e-06,0.000000000000000000e+00
1.813919535912905872e+02,2.078159517964087115e+02,0.000000000000000000e+00,1.956781000000000163e-06,0.000000000000000000e+00
1.818111575514618039e+02,2.078155325924485339e+02,0.000000000000000000e+00,1.817112000000000052e-06,0.000000000000000000e+00
1.822306855006939941e+02,2.078151130644993145e+02,0.000000000000000000e+00,1.882988999999999921e-06,0.000000000000000000e+00
1.826689264011622527e+02,2.078146748235988355e+02,0.000000000000000000e+00,1.925698999999999806e-06,0.000000000000000000e+00
1.831030585285072902e+02,2.078142406914714968e+02,0.000000000000000000e+00,1.960171999999999958e-06,0.000000000000000000e+00
1.835337332852186023e+02,2.078138100167147684e+02,0.000000000000000000e+00,1.909604000000000005e-06,0.000000000000000000e+00
1.839361439824423599e+02,2.078134076060175630e+02,0.000000000000000000e+00,1.898006000000000035e-06,0.000000000000000000e+00
1.843442627266414036e+02,2.078129994872733448e+02,0.000000000000000000e+00,1.899082999999999907e-06,0.000000000000000000e+00
1.847584597912213553e+02,2.078125852902087729e+02,0.000000000000000000e+00,1.970766000000000165e-06,0.000000000000000000e+00
1.851657696285918746e+02,2.078121779803714162e+02,0.000000000000000000e+00,1.980603000000000017e-06,0.000000000000000000e+00
1.856008830074723903e+02,2.078117428669925175e+02,0.000000000000000000e+00,1.923749000000000188e-06,0.000000000000000000e+00
1.860156773493526430e+02,2.078113280726506389e+02,0.000000000000000000e+00,1.932480000000000004e-06,0.000000000000000000e+00
1.864344260415606414e+02,2.078109093239584411e+02,0.000000000000000000e+00,1.890031999999999940e-06,0.000000000000000000e+00
1.868398265050813336e+02,2.078105039234949061e+02,0.000000000000000000e+00,1.944979999999999884e-06,0.000000000000000000e+00
1.872398616212184095e+02,2.078101038883787908e+02,0.000000000000000000e+00,1.878376000000000064e-06,0.000000000000000000e+00
1.876706471099930695e+02,2.078096731028900024e+02,0.000000000000000000e+00,1.921799000000000148e-06,0.000000000000000000e+00
1.880968792386001098e+02,2.078092468707613989e+02,0.000000000000000000e+00,1.929554999999999943e-06,0.000000000000000000e+00
1.885203644038082018e+02,2.078088233855961846e+02,0.000000000000000000e+00,1.935186000000000160e-06,0.000000000000000000e+00
1.889213182684701167e+02,2.078084224317315147e+02,0.000000000000000000e+00,2.052736999999999808e-06,0.000000000000000000e+00
1.893278826329919866e+02,2.078080158673670041e+02,0.000000000000000000e+00,2.023239999999999792e-06,0.000000000000000000e+00
1.897444977734596989e+02,2.078075992522265381e+02,0.000000000000000000e+00,1.952619999999999865e-06,0.000000000000000000e+00
1.901927660488084086e+02,2.078071509839512032e+02,0.000000000000000000e+00,1.991501999999999961e-06,0.000000000000000000e+00
1.906178172748598456e+02,2.078067259327251293e+02,0.000000000000000000e+00,2.120839999999999925e-06,0.000000000000000000e+00
1.910247999653169018e+02,2.078063189500346937e+02,0.000000000000000000e+00,2.216722000000000068e-06,0.000000000000000000e+00
1.914454111466920665e+02,2.078058983388532965e+02,0.000000000000000000e+00,2.026281000000000090e-06,0.000000000000000000e+00
1.918886124301428708e+02,2.078054551375698509e+02,0.000000000000000000e+00,2.018393999999999856e-06,0.000000000000000000e+00
1.922943307943612865e+02,2.078050494192056306e+02,0.000000000000000000e+00,2.058674000000000002e-06,0.000000000000000000e+00
1.926977816007633635e+02,2.078046459683992282e+02,0.000000000000000000e+00,1.933818999999999907e-06,0.000000000000000000e+00
1.931330516367419534e+02,2.078042106983632493e+02,0.000000000000000000e+00,1.931447000000000076e-06,0.000000000000000000e+00
1.935432500100301638e+02,2.078038004999899613e+02,0.000000000000000000e+00,1.917680000000000162e-06,0.000000000000000000e+00
1.939566533728437605e+02,2.078033870966271479e+02,0.000000000000000000e+00,1.985609000000000135e-06,0.000000000000000000e+00
1.943951421379913711e+02,2.078029486078620209e+02,0.000000000000000000e+00,2.080253999999999802e-06,0.000000000000000000e+00
1.947825432489198363e+02,2.078025612067510792e+02,0.000000000000000000e+00,2.063446999999999829e-06,0.000000000000000000e+00
1.952077791999305987e+02,2.078021359708000659e+02,0.000000000000000000e+00,2.081943000000000050e-06,0.000000000000000000e+00
1.956160680264578957e+02,2.078017276819735457e+02,0.000000000000000000e+00,2.064538000000000087e-06,0.000000000000000000e+00
1.960470163978226310e+02,2.078012967336021859e+02,0.000000000000000000e+00,2.066516999999999869e-06,0.000000000000000000e+00
1.964407193824955868e+02,2.078009030306174907e+02,0.000000000000000000e+00,2.029045999999999970e-06,0.000000000000000000e+00
1.968738861390515922e+02,2.078004698638609398e+02,0.000000000000000000e+00,2.187763999999999896e-06,0.000000000000000000e+00
1.972894048715012900e+02,2.078000543451285012e+02,0.000000000000000000e+00,2.066037000000000172e-06,0.000000000000000000e+00
1.976950014079478422e+02,2.077996487485920625e+02,0.000000000000000000e+00,1.706779999999999988e-06,0.000000000000000000e+00
1.981208360975905975e+02,2.077992229139024118e+02,0.000000000000000000e+00,1.689390000000000015e-06,0.000000000000000000e+00
1.985470729519909128e+02,2.077987966770480170e+02,0.000000000000000000e+00,2.063795999999999934e-06,0.000000000000000000e+00
1.989502832645055150e+02,2.077983934667354902e+02,0.000000000000000000e+00,2.113215000000000146e-06,0.000000000000000000e+00
1.993789483509144134e+02,2.077979648016490728e+02,0.000000000000000000e+00,1.985041000000000126e-06,0.000000000000000000e+00
1.997899503835106714e+02,2.077975537996164803e+02,0.000000000000000000e+00,1.864435000000000006e-06,0.000000000000000000e+00
2.001945393938237316e+02,2.077971492106061646e+02,0.000000000000000000e+00,1.848035000000000044e-06,0.000000000000000000e+00
2.006251987491224327e+02,2.077967185512508763e+02,0.000000000000000000e+00,1.712935000000000058e-06,0.000000000000000000e+00
2.010334790395558286e+02,2.077963102709604470e+02,0.000000000000000000e+00,1.832042000000000094e-06,0.000000000000000000e+00
2.014558143061115913e+02,2.077958879356938837e+02,0.000000000000000000e+00,1.881533999999999992e-06,0.000000000000000000e+00
2.018910662944865635e+02,2.077954526837055198e+02,0.000000000000000000e+00,1.972220999999999883e-06,0.000000000000000000e+00
2.023003317905003939e+02,2.077950434182095023e+02,0.000000000000000000e+00,1.984066000000000106e-06,0.000000000000000000e+00
2.027441372536558788e+02,2.077945996127463388e+02,0.000000000000000000e+00,1.988562999999999938e-06,0.000000000000000000e+00
2.031433297870655110e+02,2.077942004202129453e+02,0.000000000000000000e+00,1.966109000000000152e-06,0.000000000000000000e+00
2.035841976416907073e+02,2.077937595523582957e+02,0.000000000000000000e+00,2.037253999999999960e-06,0.000000000000000000e+00
2.040152142338270664e+02,2.077933285357661646e+02,0.000000000000000000e+00,2.214422999999999923e-06,0.000000000000000000e+00
2.044157820957106821e+02,2.077929279679042907e+02,0.000000000000000000e+00,2.251531000000000178e-06,0.000000000000000000e+00
2.048352316424841604e+02,2.077925085183575220e+02,0.000000000000000000e+00,2.052664000000000122e-06,0.000000000000000000e+00
2.052503419116480075e+02,2.077920934080883626e+02,0.000000000000000000e+00,2.181317999999999839e-06,0.000000000000000000e+00
2.056490433359574297e+02,2.077916947066640319e+02,0.000000000000000000e+00,2.195592999999999800e-06,0.000000000000000000e+00
2.060888949739764087e+02,2.077912548550260112e+02,0.000000000000000000e+00,2.154163999999999913e-06,0.000000000000000000e+00
2.064966540712819949e+02,2.077908470959287115e+02,0.000000000000000000e+00,2.162808000000000079e-06,0.000000000000000000e+00
2.069116589033079094e+02,2.077904320910967044e+02,0.000000000000000000e+00,2.164698999999999974e-06,0.000000000000000000e+00
2.072963505339620838e+02,2.077900473994660331e+02,0.000000000000000000e+00,2.154759999999999847e-06,0.000000000000000000e+00
2.077303576764712716e+02,2.077896133923235311e+02,0.000000000000000000e+00,2.162123999999999833e-06,0.000000000000000000e+00
2.081626824277070682e+02,2.077891810675722866e+02,0.000000000000000000e+00,2.154818999999999994e-06,0.000000000000000000e+00
2.085706035195836137e+02,2.077887731464804233e+02,0.000000000000000000e+00,2.081244000000000025e-06,0.000000000000000000e+00
2.090012374178829191e+02,2.077883425125821191e+02,0.000000000000000000e+00,2.109839000000000130e-06,0.000000000000000000e+00
2.094000498297710067e+02,2.077879437001702172e+02,0.000000000000000000e+00,2.150860000000000190e-06,0.000000000000000000e+00
2.098045444699021971e+02,2.077875392055300949e+02,0.000000000000000000e+00,2.155168000000000098e-06,0.000000000000000000e+00
2.102359968963842505e+02,2.077871077531036121e+02,0.000000000000000000e+00,2.184794999999999891e-06,0.000000000000000000e+00
2.106677773324658460e+02,2.077866759726675241e+02,0.000000000000000000e+00,2.171101999999999902e-06,0.000000000000000000e+00
2.110904497579024905e+02,2.077862533002420946e+02,0.000000000000000000e+00,2.332307999999999896e-06,0.000000000000000000e+00
2.115070336320617628e+02,2.077858367163679247e+02,0.000000000000000000e+00,2.352200999999999928e-06,0.000000000000000000e+00
2.119237829543828298e+02,2.077854199670456126e+02,0.000000000000000000e+00,2.279499000000000128e-06,0.000000000000000000e+00
2.123672171072943229e+02,2.077849765328926992e+02,0.000000000000000000e+00,2.092492999999999889e-06,0.000000000000000000e+00
2.127778685185050733e+02,2.077845658814814840e+02,0.000000000000000000e+00,2.104018000000000173e-06,0.000000000000000000e+00
2.131904458379927121e+02,2.077841533041620039e+02,0.000000000000000000e+00,1.983935000000000090e-06,0.000000000000000000e+00
2.136143401932297934e+02,2.077837294098067673e+02,0.000000000000000000e+00,2.053973999999999861e-06,0.000000000000000000e+00
2.140132822664122330e+02,2.077833304677335775e+02,0.000000000000000000e+00,2.096422000000000136e-06,0.000000000000000000e+00
2.144575776351153991e+02,2.077828861723648970e+02,0.000000000000000000e+00,2.124594000000000211e-06,0.000000000000000000e+00
2.148606372911567917e+02,2.077824831127088316e+02,0.000000000000000000e+00,2.182641999999999964e-06,0.000000000000000000e+00
2.152603728071672720e+02,2.077820833771928335e+02,0.000000000000000000e+00,2.159896999999999981e-06,0.000000000000000000e+00
2.156982682089782486e+02,2.077816454817910312e+02,0.000000000000000000e+00,1.996043000000000161e-06,0.000000000000000000e+00
2.160943658308642341e+02,2.077812493841691435e+02,0.000000000000000000e+00,2.036526000000000193e-06,0.000000000000000000e+00
2.165180276956988337e+02,2.077808257223042858e+02,0.000000000000000000e+00,2.075903000000000189e-06,0.000000000000000000e+00
2.169242455403700092e+02,2.077804195044596156e+02,0.000000000000000000e+00,2.197440999999999990e-06,0.000000000000000000e+00
2.173504562540288703e+02,2.077799932937459744e+02,0.000000000000000000e+00,2.141795000000000049e-06,0.000000000000000000e+00
2.177642307001598283e+02,2.077795795192998298e+02,0.000000000000000000e+00,2.142230999999999802e-06,0.000000000000000000e+00
2.181710893570732139e+02,2.077791726606429279e+02,0.000000000000000000e+00,2.204338999999999818e-06,0.000000000000000000e+00
2.185996552948305123e+02,2.077787440947051607e+02,0.000000000000000000e+00,2.151603000000000159e-06,0.000000000000000000e+00
2.190441570041637647e+02,2.077782995929958361e+02,0.000000000000000000e+00,2.025131999999999926e-06,0.000000000000000000e+00
2.194291905750905585e+02,2.077779145594249144e+02,0.000000000000000000e+00,2.049578999999999880e-06,0.000000000000000000e+00
2.198563639082885004e+02,2.077774873860917069e+02,0.000000000000000000e+00,2.052954999999999896e-06,0.000000000000000000e+00
2.202696257171755860e+02,2.077770741242828194e+02,0.000000000000000000e+00,2.096611000000000059e-06,0.000000000000000000e+00
2.206758069892216838e+02,2.077766679430107786e+02,0.000000000000000000e+00,2.206099000000000119e-06,0.000000000000000000e+00
2.211113152067541137e+02,2.077762324347932577e+02,0.000000000000000000e+00,2.347587999999999859e-06,0.000000000000000000e+00
2.215440987799534867e+02,2.077757996512200407e+02,0.000000000000000000e+00,2.249128999999999943e-06,0.000000000000000000e+00
2.219465070233248412e+02,2.077753972429766804e+02,0.000000000000000000e+00,2.180459000000000057e-06,0.000000000000000000e+00
2.223620568324851661e+02,2.077749816931675184e+02,0.000000000000000000e+00,2.142726000000000125e-06,0.000000000000000000e+00
2.227773235332661557e+02,2.077745664264667198e+02,0.000000000000000000e+00,2.081128000000000211e-06,0.000000000000000000e+00
2.232235346770992521e+02,2.077741202153229096e+02,0.000000000000000000e+00,2.128682999999999792e-06,0.000000000000000000e+00
2.236568222650936946e+02,2.077736869277349001e+02,0.000000000000000000e+00,2.096392999999999971e-06,0.000000000000000000e+00
2.240524424908590504e+02,2.077732913075091403e+02,0.000000000000000000e+00,1.981621999999999981e-06,0.000000000000000000e+00
2.244792829381610488e+02,2.077728644670618507e+02,0.000000000000000000e+00,2.006273000000000061e-06,0.000000000000000000e+00
2.248913582595419882e+02,2.077724523917404440e+02,0.000000000000000000e+00,1.987661000000000026e-06,0.000000000000000000e+00
2.253046356391049301e+02,2.077720391143608936e+02,0.000000000000000000e+00,1.993088999999999934e-06,0.000000000000000000e+00
2.257286583290631938e+02,2.077716150916709239e+02,0.000000000000000000e+00,1.975683999999999972e-06,0.000000000000000000e+00
2.261276727164122065e+02,2.077712160772835830e+02,0.000000000000000000e+00,1.909415000000000081e-06,0.000000000000000000e+00
2.265612566478405938e+02,2.077707824933521579e+02,0.000000000000000000e+00,1.917782000000000013e-06,0.000000000000000000e+00
2.269583954511092259e+02,2.077703853545488926e+02,0.000000000000000000e+00,1.881315000000000088e-06,0.000000000000000000e+00
2.273739397366412334e+02,2.077699698102633477e+02,0.000000000000000000e+00,1.890889999999999907e-06,0.000000000000000000e+00
2.278048746812405057e+02,2.077695388753187444e+02,0.000000000000000000e+00,1.830877999999999939e-06,0.000000000000000000e+00
2.282089591244065900e+02,2.077691347908755972e+02,0.000000000000000000e+00,1.897744000000000003e-06,0.000000000000000000e+00
2.286329711899616086e+02,2.077687107788100320e+02,0.000000000000000000e+00,1.869485000000000067e-06,0.000000000000000000e+00
2.290319135799994967e+02,2.077683118364199970e+02,0.000000000000000000e+00,1.885724000000000032e-06,0.000000000000000000e+00
2.294661528821994807e+02,2.077678775971178027e+02,0.000000000000000000e+00,1.931562999999999890e-06,0.000000000000000000e+00
2.298798943992366333e+02,2.077674638556007665e+02,0.000000000000000000e+00,1.908585999999999856e-06,0.000000000000000000e+00
2.303229656474580054e+02,2.077670207843525532e+02,0.000000000000000000e+00,1.913097000000000074e-06,0.000000000000000000e+00
2.307203002207378972e+02,2.077666234497792743e+02,0.000000000000000000e+00,2.009822999999999798e-06,0.000000000000000000e+00
2.311485024290082890e+02,2.077661952475709768e+02,0.000000000000000000e+00,1.883919999999999998e-06,0.000000000000000000e+00
2.315793370990870130e+02,2.077657644129009213e+02,0.000000000000000000e+00,1.926935999999999858e-06,0.000000000000000000e+00
2.320104539270152486e+02,2.077653332960729813e+02,0.000000000000000000e+00,1.936626999999999915e-06,0.000000000000000000e+00
2.324218682559282456e+02,2.077649218817440726e+02,0.000000000000000000e+00,1.940207000000000057e-06,0.000000000000000000e+00
2.328288687049592909e+02,2.077645148812950424e+02,0.000000000000000000e+00,1.944834000000000089e-06,0.000000000000000000e+00
2.332454315202880082e+02,2.077640983184797108e+02,0.000000000000000000e+00,1.975670000000000009e-06,0.000000000000000000e+00
2.336533968785484774e+02,2.077636903531214614e+02,0.000000000000000000e+00,1.911931999999999891e-06,0.000000000000000000e+00
2.340841971981718359e+02,2.077632595528018271e+02,0.000000000000000000e+00,1.855529000000000018e-06,0.000000000000000000e+00
2.345136230489443960e+02,2.077628301269510587e+02,0.000000000000000000e+00,1.626176999999999991e-06,0.000000000000000000e+00
2.349144946561291647e+02,2.077624292553438750e+02,0.000000000000000000e+00,1.824256999999999922e-06,0.000000000000000000e+00
2.353188997360282713e+02,2.077620248502639697e+02,0.000000000000000000e+00,1.829976000000000028e-06,0.000000000000000000e+00
2.357243266832061295e+02,2.077616194233168017e+02,0.000000000000000000e+00,1.788881000000000042e-06,0.000000000000000000e+00
2.361572901227039551e+02,2.077611864598773082e+02,0.000000000000000000e+00,1.834865999999999908e-06,0.000000000000000000e+00
2.365807167738549310e+02,2.077607630332261408e+02,0.000000000000000000e+00,1.787907000000000050e-06,0.000000000000000000e+00
2.369948595660402475e+02,2.077603488904339599e+02,0.000000000000000000e+00,1.806765999999999914e-06,0.000000000000000000e+00
2.374101358254830814e+02,2.077599336141745141e+02,0.000000000000000000e+00,1.813285000000000080e-06,0.000000000000000000e+00
2.377978758193384863e+02,2.077595458741806738e+02,0.000000000000000000e+00,1.825058000000000010e-06,0.000000000000000000e+00
2.382420518985662738e+02,2.077591016981014320e+02,0.000000000000000000e+00,1.798237999999999985e-06,0.000000000000000000e+00
2.386659698706552888e+02,2.077586777801293465e+02,0.000000000000000000e+00,1.757303999999999997e-06,0.000000000000000000e+00
2.390649076154763861e+02,2.077582788423845273e+02,0.000000000000000000e+00,1.768101000000000091e-06,0.000000000000000000e+00
2.395127047491650387e+02,2.077578310452508390e+02,0.000000000000000000e+00,1.776409999999999904e-06,0.000000000000000000e+00
2.399131734486032883e+02,2.077574305765513998e+02,0.000000000000000000e+00,1.691165000000000096e-06,0.000000000000000000e+00
2.403194002678187928e+02,2.077570243497321769e+02,0.000000000000000000e+00,1.671112999999999911e-06,0.000000000000000000e+00
2.407379120570796829e+02,2.077566058379429137e+02,0.000000000000000000e+00,1.692650000000000006e-06,0.000000000000000000e+00
2.411859720031488905e+02,2.077561577779968616e+02,0.000000000000000000e+00,1.805208999999999922e-06,0.000000000000000000e+00
2.415847432351145017e+02,2.077557590067648903e+02,0.000000000000000000e+00,1.679290999999999919e-06,0.000000000000000000e+00
2.420083570928696020e+02,2.077553353929071420e+02,0.000000000000000000e+00,1.690481000000000061e-06,0.000000000000000000e+00
2.424523616240888373e+02,2.077548913883759099e+02,0.000000000000000000e+00,1.722103000000000078e-06,0.000000000000000000e+00
2.428677671043256794e+02,2.077544759828956842e+02,0.000000000000000000e+00,1.623601000000000034e-06,0.000000000000000000e+00
2.432882697605273279e+02,2.077540554802394581e+02,0.000000000000000000e+00,1.617459999999999926e-06,0.000000000000000000e+00
2.436906309327230531e+02,2.077536531190672804e+02,0.000000000000000000e+00,1.641936000000000046e-06,0.000000000000000000e+00
2.441266843288586301e+02,2.077532170656711514e+02,0.000000000000000000e+00,1.558510000000000050e-06,0.000000000000000000e+00
2.445528040646482282e+02,2.077527909459353452e+02,0.000000000000000000e+00,1.531982000000000039e-06,0.000000000000000000e+00
2.449582027365017041e+02,2.077523855472634864e+02,0.000000000000000000e+00,1.680062000000000026e-06,0.000000000000000000e+00
2.453734690155330327e+02,2.077519702809844659e+02,0.000000000000000000e+00,1.741776999999999993e-06,0.000000000000000000e+00
2.457606660429675003e+02,2.077515830839570299e+02,0.000000000000000000e+00,1.729960999999999936e-06,0.000000000000000000e+00
2.461892509532483189e+02,2.077511544990467485e+02,0.000000000000000000e+00,1.743290000000000041e-06,0.000000000000000000e+00
2.465971899809159993e+02,2.077507465600190812e+02,0.000000000000000000e+00,1.673965000000000074e-06,0.000000000000000000e+00
2.470306484372241584e+02,2.077503131015627673e+02,0.000000000000000000e+00,1.558160999999999946e-06,0.000000000000000000e+00
2.474358098779033241e+02,2.077499079401220854e+02,0.000000000000000000e+00,1.586581000000000090e-06,0.000000000000000000e+00
2.478373748473282490e+02,2.077495063751526629e+02,0.000000000000000000e+00,1.690859999999999935e-06,0.000000000000000000e+00
2.482804186837013276e+02,2.077490633313163073e+02,0.000000000000000000e+00,1.744235999999999896e-06,0.000000000000000000e+00
2.486884327598752122e+02,2.077486553172401216e+02,0.000000000000000000e+00,1.629960000000000019e-06,0.000000000000000000e+00
2.490996057825807100e+02,2.077482441442174093e+02,0.000000000000000000e+00,1.565597000000000013e-06,0.000000000000000000e+00
2.495439537689488532e+02,2.077477997962310496e+02,0.000000000000000000e+00,1.615146000000000002e-06,0.000000000000000000e+00
2.499470962278734305e+02,2.077473966537721140e+02,0.000000000000000000e+00,1.690422999999999943e-06,0.000000000000000000e+00
2.503567602215919976e+02,2.077469869897784065e+02,0.000000000000000000e+00,1.788998000000000096e-06,0.000000000000000000e+00
2.507950775562393915e+02,2.077465486724437653e+02,0.000000000000000000e+00,1.830455999999999937e-06,0.000000000000000000e+00
2.512190705713400121e+02,2.077461246794286467e+02,0.000000000000000000e+00,1.889303999999999962e-06,0.000000000000000000e+00
2.516180094748254419e+02,2.077457257405251596e+02,0.000000000000000000e+00,1.726307999999999896e-06,0.000000000000000000e+00
2.520488933888527470e+02,2.077452948566111388e+02,0.000000000000000000e+00,1.642605999999999906e-06,0.000000000000000000e+00
2.524752998319595179e+02,2.077448684501680418e+02,0.000000000000000000e+00,1.562861000000000087e-06,0.000000000000000000e+00
2.529183532960479681e+02,2.077444253967039458e+02,0.000000000000000000e+00,1.648207999999999958e-06,0.000000000000000000e+00
2.533005099835396834e+02,2.077440432400164525e+02,0.000000000000000000e+00,1.638255000000000081e-06,0.000000000000000000e+00
2.537239973683206529e+02,2.077436197526316732e+02,0.000000000000000000e+00,1.749401999999999984e-06,0.000000000000000000e+00
2.541572636221291930e+02,2.077431864863778799e+02,0.000000000000000000e+00,1.800465000000000049e-06,0.000000000000000000e+00
2.545654401665582043e+02,2.077427783098334260e+02,0.000000000000000000e+00,1.882013999999999901e-06,0.000000000000000000e+00
2.549952573361252917e+02,2.077423484926638650e+02,0.000000000000000000e+00,1.662046999999999954e-06,0.000000000000000000e+00
2.553949682120280045e+02,2.077419487817879826e+02,0.000000000000000000e+00,1.699910999999999902e-06,0.000000000000000000e+00
2.557988452747368910e+02,2.077415449047252594e+02,0.000000000000000000e+00,1.691703999999999939e-06,0.000000000000000000e+00
2.562426983091602892e+02,2.077411010516908334e+02,0.000000000000000000e+00,1.738517000000000003e-06,0.000000000000000000e+00
2.566285873340416970e+02,2.077407151626659640e+02,0.000000000000000000e+00,1.787732000000000090e-06,0.000000000000000000e+00
2.570623484412546418e+02,2.077402814015587467e+02,0.000000000000000000e+00,1.737106000000000017e-06,0.000000000000000000e+00
2.574768959832057362e+02,2.077398668540167819e+02,0.000000000000000000e+00,1.635621000000000005e-06,0.000000000000000000e+00
2.578895947349448647e+02,2.077394541552650651e+02,0.000000000000000000e+00,1.700828000000000015e-06,0.000000000000000000e+00
2.582993751663923376e+02,2.077390443748336111e+02,0.000000000000000000e+00,1.760956000000000009e-06,0.000000000000000000e+00
2.587030615427988778e+02,2.077386406884571954e+02,0.000000000000000000e+00,1.700639000000000092e-06,0.000000000000000000e+00
2.591468609098499769e+02,2.077381968890901476e+02,0.000000000000000000e+00,1.672452000000000026e-06,0.000000000000000000e+00
2.595453993735847007e+02,2.077377983506264059e+02,0.000000000000000000e+00,1.547523000000000006e-06,0.000000000000000000e+00
2.599689501803263170e+02,2.077373747998196620e+02,0.000000000000000000e+00,1.681124999999999934e-06,0.000000000000000000e+00
2.604085423626387978e+02,2.077369352076373730e+02,0.000000000000000000e+00,1.677778000000000083e-06,0.000000000000000000e+00
2.607914316238459946e+02,2.077365523183761411e+02,0.000000000000000000e+00,1.554246000000000086e-06,0.000000000000000000e+00
2.612151744955747859e+02,2.077361285755044094e+02,0.000000000000000000e+00,1.568507000000000084e-06,0.000000000000000000e+00
2.616490105857604362e+02,2.077356947394142423e+02,0.000000000000000000e+00,1.452077000000000040e-06,0.000000000000000000e+00
2.620881551582814382e+02,2.077352555948417034e+02,0.000000000000000000e+00,1.478722000000000104e-06,0.000000000000000000e+00
2.624883108362248549e+02,2.077348554391637663e+02,0.000000000000000000e+00,1.522275999999999992e-06,0.000000000000000000e+00
2.629015409838846153e+02,2.077344422090161231e+02,0.000000000000000000e+00,1.537423999999999910e-06,0.000000000000000000e+00
2.633448710854295882e+02,2.077339988789145764e+02,0.000000000000000000e+00,1.406195000000000053e-06,0.000000000000000000e+00
2.637598625190839812e+02,2.077335838874809042e+02,0.000000000000000000e+00,1.345716999999999926e-06,0.000000000000000000e+00
2.641886209484178494e+02,2.077331551290515677e+02,0.000000000000000000e+00,1.399123000000000080e-06,0.000000000000000000e+00
2.645966872980416724e+02,2.077327470627019466e+02,0.000000000000000000e+00,1.350941999999999948e-06,0.000000000000000000e+00
2.650248582433694082e+02,2.077323188917566199e+02,0.000000000000000000e+00,1.338864000000000070e-06,0.000000000000000000e+00
2.654306893586938259e+02,2.077319130606413182e+02,0.000000000000000000e+00,1.321954000000000007e-06,0.000000000000000000e+00
2.658494975630185309e+02,2.077314942524369883e+02,0.000000000000000000e+00,1.122899000000000055e-06,0.000000000000000000e+00
2.662402415760491863e+02,2.077311035084239563e+02,0.000000000000000000e+00,1.324195000000000033e-06,0.000000000000000000e+00
2.666700299156383380e+02,2.077306737200843543e+02,0.000000000000000000e+00,1.172128000000000105e-06,0.000000000000000000e+00
2.670923099852888640e+02,2.077302514400147118e+02,0.000000000000000000e+00,1.320353000000000071e-06,0.000000000000000000e+00
2.675086531265858412e+02,2.077298350968734155e+02,0.000000000000000000e+00,1.264503000000000004e-06,0.000000000000000000e+00
2.679261189970313808e+02,2.077294176310029741e+02,0.000000000000000000e+00,1.150648999999999916e-06,0.000000000000000000e+00
2.683189784870822336e+02,2.077290247715129112e+02,0.000000000000000000e+00,1.120686999999999982e-06,0.000000000000000000e+00
2.687432216455545131e+02,2.077286005283544341e+02,0.000000000000000000e+00,1.273015999999999943e-06,0.000000000000000000e+00
2.691747391316417293e+02,2.077281690108683563e+02,0.000000000000000000e+00,1.173233999999999930e-06,0.000000000000000000e+00
2.695831432916224344e+02,2.077277606067083866e+02,0.000000000000000000e+00,1.076594000000000038e-06,0.000000000000000000e+00
2.700140407607729003e+02,2.077273297092392284e+02,0.000000000000000000e+00,1.137843000000000060e-06,0.000000000000000000e+00
2.704327085832427429e+02,2.077269110414167415e+02,0.000000000000000000e+00,1.101099999999999927e-06,0.000000000000000000e+00
2.708527220681144172e+02,2.077264910279318713e+02,0.000000000000000000e+00,9.542855000000000386e-07,0.000000000000000000e+00
2.712617199207996350e+02,2.077260820300791977e+02,0.000000000000000000e+00,1.096166999999999918e-06,0.000000000000000000e+00
2.716854627925284262e+02,2.077256582872074659e+02,0.000000000000000000e+00,1.149338999999999966e-06,0.000000000000000000e+00
2.721217808049965470e+02,2.077252219691949904e+02,0.000000000000000000e+00,1.186882999999999975e-06,0.000000000000000000e+00
2.725482907516450268e+02,2.077247954592483552e+02,0.000000000000000000e+00,1.132589999999999900e-06,0.000000000000000000e+00
2.729518792143557562e+02,2.077243918707856380e+02,0.000000000000000000e+00,1.168809999999999995e-06,0.000000000000000000e+00
2.733668642828743032e+02,2.077239768857171214e+02,0.000000000000000000e+00,1.147768000000000011e-06,0.000000000000000000e+00
2.737874111652317310e+02,2.077235563388347543e+02,0.000000000000000000e+00,1.118765999999999895e-06,0.000000000000000000e+00
2.741901493258266100e+02,2.077231536006741806e+02,0.000000000000000000e+00,1.166262999999999992e-06,0.000000000000000000e+00
2.746261597221799775e+02,2.077227175902778242e+02,0.000000000000000000e+00,1.332896999999999895e-06,0.000000000000000000e+00
2.750342095014204915e+02,2.077223095404985713e+02,0.000000000000000000e+00,1.191830999999999974e-06,0.000000000000000000e+00
2.754570759584393613e+02,2.077218866740415706e+02,0.000000000000000000e+00,1.038264999999999960e-06,0.000000000000000000e+00
2.758603598597294990e+02,2.077214833901402642e+02,0.000000000000000000e+00,1.066189999999999994e-06,0.000000000000000000e+00
2.762607669563753916e+02,2.077210829830436296e+02,0.000000000000000000e+00,9.985669999999999974e-07,0.000000000000000000e+00
2.767007457627412350e+02,2.077206430042372460e+02,0.000000000000000000e+00,9.248470000000000494e-07,0.000000000000000000e+00
2.771091439370215426e+02,2.077202346060629736e+02,0.000000000000000000e+00,1.090957000000000099e-06,0.000000000000000000e+00
2.775400468278718904e+02,2.077198037031721185e+02,0.000000000000000000e+00,9.662180999999999691e-07,0.000000000000000000e+00
2.779644882442747758e+02,2.077193792617557335e+02,0.000000000000000000e+00,1.032938999999999903e-06,0.000000000000000000e+00
2.783519784218199220e+02,2.077189917715781746e+02,0.000000000000000000e+00,1.192412999999999945e-06,0.000000000000000000e+00
0.000000000000000000e+00,2.079973437499999989e+02,5.000000000000000000e+00,2.257029999999999971e-05,0.000000000000000000e+00
2.850964480776650989e-01,2.079970586535519317e+02,5.000000000000000000e+00,-1.842475999999999908e-06,0.000000000000000000e+00
3.772647493451158907e-01,2.079969664852506526e+02,5.000000000000000000e+00,-8.712232000000000030e-07,0.000000000000000000e+00
4.694257638500632934e-01,2.079968743242361597e+02,5.000000000000000000e+00,-2.836895999999999994e-07,0.000000000000000000e+00
6.204578422654982717e-01,2.079967232921577249e+02,5.000000000000000000e+00,1.484149999999999959e-07,0.000000000000000000e+00
8.128108543263943275e-01,2.079965309391456856e+02,5.000000000000000000e+00,4.696049000000000098e-07,0.000000000000000000e+00
1.040096926249614029e+00,2.079963036530737384e+02,5.000000000000000000e+00,7.191702000000000376e-07,0.000000000000000000e+00
1.294650769789595923e+00,2.079960490992302198e+02,5.000000000000000000e+00,9.139330000000000087e-07,0.000000000000000000e+00
1.596484294996322495e+00,2.079957472657050062e+02,5.000000000000000000e+00,9.656942000000000553e-07,0.000000000000000000e+00
1.949702007753016497e+00,2.079953940479922494e+02,5.000000000000000000e+00,1.078995000000000034e-06,0.000000000000000000e+00
2.353165736820646448e+00,2.079949905842631779e+02,5.000000000000000000e+00,9.826326000000000133e-07,0.000000000000000000e+00
2.783945866973173366e+00,2.079945598041330186e+02,5.000000000000000000e+00,1.039603000000000048e-06,0.000000000000000000e+00
3.207128883102288164e+00,2.079941366211168940e+02,5.000000000000000000e+00,1.071108000000000012e-06,0.000000000000000000e+00
3.649965925165668867e+00,2.079936937840748215e+02,5.000000000000000000e+00,1.306689000000000035e-06,0.000000000000000000e+00
4.053295995142156549e+00,2.079932904540048639e+02,5.000000000000000000e+00,1.406296999999999904e-06,0.000000000000000000e+00
4.457212908246856564e+00,2.079928865370917492e+02,5.000000000000000000e+00,1.265565999999999912e-06,0.000000000000000000e+00
4.881180575943508515e+00,2.079924625694240490e+02,5.000000000000000000e+00,1.264284999999999916e-06,0.000000000000000000e+00
5.322874399531564826e+00,2.079920208756004740e+02,5.000000000000000000e+00,1.271372000000000090e-06,0.000000000000000000e+00
5.708135323317141463e+00,2.079916356146766816e+02,5.000000000000000000e+00,1.386259000000000105e-06,0.000000000000000000e+00
6.141953895724546975e+00,2.079912017961042636e+02,5.000000000000000000e+00,1.464853999999999943e-06,0.000000000000000000e+00
6.529417220770270980e+00,2.079908143327792232e+02,5.000000000000000000e+00,1.459834000000000074e-06,0.000000000000000000e+00
6.954814502257596232e+00,2.079903889354977480e+02,5.000000000000000000e+00,1.427223000000000074e-06,0.000000000000000000e+00
7.374411966666666096e+00,2.079899693380333190e+02,5.000000000000000000e+00,1.427033999999999939e-06,0.000000000000000000e+00
7.793967561197978178e+00,2.079895497824388144e+02,5.000000000000000000e+00,1.544350999999999904e-06,0.000000000000000000e+00
8.219599767769295795e+00,2.079891241502322430e+02,5.000000000000000000e+00,1.562192000000000043e-06,0.000000000000000000e+00
8.607373644065100748e+00,2.079887363763559449e+02,5.000000000000000000e+00,1.543536000000000065e-06,0.000000000000000000e+00
9.045616940610688772e+00,2.079882981330593736e+02,5.000000000000000000e+00,1.479319000000000066e-06,0.000000000000000000e+00
9.469552549936784303e+00,2.079878741974500542e+02,5.000000000000000000e+00,1.385866000000000056e-06,0.000000000000000000e+00
9.868897795666978112e+00,2.079874748522043433e+02,5.000000000000000000e+00,1.532084000000000102e-06,0.000000000000000000e+00
1.030431126765428473e+01,2.079870394387323529e+02,5.000000000000000000e+00,1.439214000000000092e-06,0.000000000000000000e+00
1.072814669243063967e+01,2.079866156033075697e+02,5.000000000000000000e+00,1.548629000000000043e-06,0.000000000000000000e+00
1.113830552567661414e+01,2.079862054444743080e+02,5.000000000000000000e+00,1.578518999999999896e-06,0.000000000000000000e+00
1.155642622283245657e+01,2.079857873237771742e+02,5.000000000000000000e+00,1.568899999999999920e-06,0.000000000000000000e+00
1.197680161346345784e+01,2.079853669483865417e+02,5.000000000000000000e+00,1.511668000000000034e-06,0.000000000000000000e+00
1.240755090039253261e+01,2.079849361990995931e+02,5.000000000000000000e+00,1.448701000000000023e-06,0.000000000000000000e+00
1.281532439672963264e+01,2.079845284256032585e+02,5.000000000000000000e+00,1.504944999999999954e-06,0.000000000000000000e+00
1.324503034503671017e+01,2.079840987196549520e+02,5.000000000000000000e+00,1.518928999999999929e-06,0.000000000000000000e+00
1.366914416141606381e+01,2.079836746058385870e+02,5.000000000000000000e+00,1.495878999999999997e-06,0.000000000000000000e+00
1.406782301743404062e+01,2.079832759269825715e+02,5.000000000000000000e+00,1.461813000000000068e-06,0.000000000000000000e+00
1.449177785409003150e+01,2.079828519721459088e+02,5.000000000000000000e+00,1.451801000000000044e-06,0.000000000000000000e+00
1.490860972970737919e+01,2.079824351402702973e+02,5.000000000000000000e+00,1.451393000000000005e-06,0.000000000000000000e+00
1.533125000656676384e+01,2.079820124999934308e+02,5.000000000000000000e+00,1.520122000000000038e-06,0.000000000000000000e+00
1.576120395510406880e+01,2.079815825460449048e+02,5.000000000000000000e+00,1.539738000000000046e-06,0.000000000000000000e+00
1.615251876472552794e+01,2.079811912312352717e+02,5.000000000000000000e+00,1.533379000000000062e-06,0.000000000000000000e+00
1.656816190208603956e+01,2.079807755880979130e+02,5.000000000000000000e+00,1.494322000000000005e-06,0.000000000000000000e+00
1.698629111242192735e+01,2.079803574588875676e+02,5.000000000000000000e+00,1.465494000000000033e-06,0.000000000000000000e+00
1.739421579753204128e+01,2.079799495342024613e+02,5.000000000000000000e+00,1.466948999999999963e-06,0.000000000000000000e+00
1.783221353717557278e+01,2.079795115364628089e+02,5.000000000000000000e+00,1.435285000000000057e-06,0.000000000000000000e+00
1.823300691785729910e+01,2.079791107430821455e+02,5.000000000000000000e+00,1.431791999999999987e-06,0.000000000000000000e+00
1.864460349759058388e+01,2.079786991465024073e+02,5.000000000000000000e+00,1.407636000000000019e-06,0.000000000000000000e+00
1.908790456795398427e+01,2.079782558454320451e+02,5.000000000000000000e+00,1.355409000000000011e-06,0.000000000000000000e+00
1.948147558110687072e+01,2.079778622744188965e+02,5.000000000000000000e+00,1.379667000000000042e-06,0.000000000000000000e+00
1.990171315346263015e+01,2.079774420368465258e+02,5.000000000000000000e+00,1.417967999999999982e-06,0.000000000000000000e+00
2.033352763098944394e+01,2.079770102223690174e+02,5.000000000000000000e+00,1.419262999999999942e-06,0.000000000000000000e+00
2.074893200290507878e+01,2.079765948179970962e+02,5.000000000000000000e+00,1.446970000000000098e-06,0.000000000000000000e+00
2.116453516117369560e+01,2.079761792148388224e+02,5.000000000000000000e+00,1.449704999999999997e-06,0.000000000000000000e+00
2.157167557867315466e+01,2.079757720744213145e+02,5.000000000000000000e+00,1.447697000000000049e-06,0.000000000000000000e+00
2.197295256458545154e+01,2.079753707974354029e+02,5.000000000000000000e+00,1.374515999999999945e-06,0.000000000000000000e+00
2.240346310308392930e+01,2.079749402868969241e+02,5.000000000000000000e+00,1.413791000000000090e-06,0.000000000000000000e+00
2.284281914511319656e+01,2.079745009308548731e+02,5.000000000000000000e+00,1.432795999999999961e-06,0.000000000000000000e+00
2.328794329370431981e+01,2.079740558067063034e+02,5.000000000000000000e+00,1.456253999999999932e-06,0.000000000000000000e+00
2.371158940557160832e+01,2.079736321605944340e+02,5.000000000000000000e+00,1.433072999999999984e-06,0.000000000000000000e+00
2.411422013587786495e+01,2.079732295298641134e+02,5.000000000000000000e+00,1.427324999999999925e-06,0.000000000000000000e+00
2.451425977141645163e+01,2.079728294902285768e+02,5.000000000000000000e+00,1.458291000000000045e-06,0.000000000000000000e+00
2.496173179263783481e+01,2.079723820182073553e+02,5.000000000000000000e+00,1.410983000000000082e-06,0.000000000000000000e+00
2.535026780941640823e+01,2.079719934821905838e+02,5.000000000000000000e+00,1.535373000000000046e-06,0.000000000000000000e+00
2.578398767260669189e+01,2.079715597623273879e+02,5.000000000000000000e+00,1.495660000000000093e-06,0.000000000000000000e+00
2.618880005933508315e+01,2.079711549499406544e+02,5.000000000000000000e+00,1.467037000000000062e-06,0.000000000000000000e+00
2.660626674109591860e+01,2.079707374832589153e+02,5.000000000000000000e+00,1.499473000000000102e-06,0.000000000000000000e+00
2.698332420945488863e+01,2.079703604257905454e+02,5.000000000000000000e+00,1.529493999999999971e-06,0.000000000000000000e+00
2.742850345038167958e+01,2.079699152465496184e+02,5.000000000000000000e+00,1.551452000000000041e-06,0.000000000000000000e+00
2.786595009850143967e+01,2.079694777999014832e+02,5.000000000000000000e+00,1.542662999999999895e-06,0.000000000000000000e+00
2.825153720728070539e+01,2.079690922127927308e+02,5.000000000000000000e+00,1.512482000000000057e-06,0.000000000000000000e+00
2.869497334181509984e+01,2.079686487766581706e+02,5.000000000000000000e+00,1.505496999999999945e-06,0.000000000000000000e+00
2.909004340933833177e+01,2.079682537065906729e+02,5.000000000000000000e+00,1.687017999999999973e-06,0.000000000000000000e+00
2.949796534077625765e+01,2.079678457846592323e+02,5.000000000000000000e+00,1.766951999999999926e-06,0.000000000000000000e+00
2.992902504270130493e+01,2.079674147249573082e+02,5.000000000000000000e+00,1.673950000000000084e-06,0.000000000000000000e+00
3.037084594613421018e+01,2.079669729040538755e+02,5.000000000000000000e+00,1.672423000000000073e-06,0.000000000000000000e+00
3.078738724090493761e+01,2.079665563627590927e+02,5.000000000000000000e+00,1.664040999999999938e-06,0.000000000000000000e+00
3.118720280831212932e+01,2.079661565471916731e+02,5.000000000000000000e+00,1.740482000000000034e-06,0.000000000000000000e+00
3.163022149696503860e+01,2.079657135285030449e+02,5.000000000000000000e+00,1.620442999999999894e-06,0.000000000000000000e+00
3.204565247606425515e+01,2.079652980975239416e+02,5.000000000000000000e+00,1.623498999999999971e-06,0.000000000000000000e+00
3.246786785912561157e+01,2.079648758821408592e+02,5.000000000000000000e+00,1.547843999999999973e-06,0.000000000000000000e+00
3.287570390978095958e+01,2.079644680460902180e+02,5.000000000000000000e+00,1.576132000000000074e-06,0.000000000000000000e+00
3.330626717210270726e+01,2.079640374828279050e+02,5.000000000000000000e+00,1.540523999999999932e-06,0.000000000000000000e+00
3.373384126084766876e+01,2.079636099087391585e+02,5.000000000000000000e+00,1.562061000000000027e-06,0.000000000000000000e+00
3.412124899833010971e+01,2.079632225010016668e+02,5.000000000000000000e+00,1.618915000000000068e-06,0.000000000000000000e+00
3.453648421088345088e+01,2.079628072657891096e+02,5.000000000000000000e+00,1.540086999999999939e-06,0.000000000000000000e+00
3.498140407051695178e+01,2.079623623459294777e+02,5.000000000000000000e+00,1.554915999999999946e-06,0.000000000000000000e+00
3.538022735275173858e+01,2.079619635226472383e+02,5.000000000000000000e+00,1.538036000000000075e-06,0.000000000000000000e+00
3.580386420324912677e+01,2.079615398857967534e+02,5.000000000000000000e+00,1.556778000000000098e-06,0.000000000000000000e+00
3.620714247654572659e+01,2.079611366075234571e+02,5.000000000000000000e+00,1.525011999999999918e-06,0.000000000000000000e+00
3.664077765207940729e+01,2.079607029723479172e+02,5.000000000000000000e+00,1.506501999999999946e-06,0.000000000000000000e+00
3.705066158791956354e+01,2.079602930884120724e+02,5.000000000000000000e+00,1.470413000000000079e-06,0.000000000000000000e+00
3.745437188809368934e+01,2.079598893781119102e+02,5.000000000000000000e+00,1.521605999999999921e-06,0.000000000000000000e+00
3.788509384641408673e+01,2.079594586561535721e+02,5.000000000000000000e+00,1.595282999999999952e-06,0.000000000000000000e+00
3.829312710841232104e+01,2.079590506228915956e+02,5.000000000000000000e+00,1.616630000000000097e-06,0.000000000000000000e+00
3.871786962207437455e+01,2.079586258803779231e+02,5.000000000000000000e+00,1.627821000000000055e-06,0.000000000000000000e+00
3.911977473387885595e+01,2.079582239752661224e+02,5.000000000000000000e+00,1.604479999999999925e-06,0.000000000000000000e+00
3.952076934269886266e+01,2.079578229806573120e+02,5.000000000000000000e+00,1.612716000000000053e-06,0.000000000000000000e+00
3.996771098470860295e+01,2.079573760390152870e+02,5.000000000000000000e+00,1.603534000000000070e-06,0.000000000000000000e+00
4.037884148473281698e+01,2.079569649085152605e+02,5.000000000000000000e+00,1.596388999999999989e-06,0.000000000000000000e+00
4.079069045463870680e+01,2.079565530595453708e+02,5.000000000000000000e+00,1.637556000000000056e-06,0.000000000000000000e+00
4.123812357121288130e+01,2.079561056264287799e+02,5.000000000000000000e+00,1.522129999999999985e-06,0.000000000000000000e+00
4.163822889312977082e+01,2.079557055211068644e+02,5.000000000000000000e+00,1.550725000000000090e-06,0.000000000000000000e+00
4.204143754149548329e+01,2.079553023124585138e+02,5.000000000000000000e+00,1.555060999999999925e-06,0.000000000000000000e+00
4.246462424844397532e+01,2.079548791257515461e+02,5.000000000000000000e+00,1.620297999999999915e-06,0.000000000000000000e+00
4.290984910746917080e+01,2.079544339008925249e+02,5.000000000000000000e+00,1.598906000000000011e-06,0.000000000000000000e+00
4.333381710823255162e+01,2.079540099328917790e+02,5.000000000000000000e+00,1.605483999999999899e-06,0.000000000000000000e+00
4.377720086432360347e+01,2.079535665491356724e+02,5.000000000000000000e+00,1.514679999999999955e-06,0.000000000000000000e+00
4.417385923081413068e+01,2.079531698907691748e+02,5.000000000000000000e+00,1.509965000000000035e-06,0.000000000000000000e+00
4.458960631653722828e+01,2.079527541436834497e+02,5.000000000000000000e+00,1.518143000000000044e-06,0.000000000000000000e+00
4.498294363072520241e+01,2.079523608063692848e+02,5.000000000000000000e+00,1.461753999999999922e-06,0.000000000000000000e+00
4.541197717542451784e+01,2.079519317728245653e+02,5.000000000000000000e+00,1.517109999999999905e-06,0.000000000000000000e+00
4.583512075384676621e+01,2.079515086292461490e+02,5.000000000000000000e+00,1.508931999999999896e-06,0.000000000000000000e+00
4.625069134740083854e+01,2.079510930586525888e+02,5.000000000000000000e+00,1.501321000000000080e-06,0.000000000000000000e+00
4.666633696737085302e+01,2.079506774130326221e+02,5.000000000000000000e+00,1.501758000000000073e-06,0.000000000000000000e+00
4.705363210814249442e+01,2.079502901178918535e+02,5.000000000000000000e+00,1.544220000000000099e-06,0.000000000000000000e+00
4.749703256737994650e+01,2.079498467174326208e+02,5.000000000000000000e+00,1.475753000000000099e-06,0.000000000000000000e+00
4.789254656716298797e+01,2.079494512034328295e+02,5.000000000000000000e+00,1.458770999999999954e-06,0.000000000000000000e+00
4.831972212977099446e+01,2.079490240278702231e+02,5.000000000000000000e+00,1.524197000000000079e-06,0.000000000000000000e+00
4.876544688881379130e+01,2.079485783031111907e+02,5.000000000000000000e+00,1.537976999999999929e-06,0.000000000000000000e+00
4.914262821994800134e+01,2.079482011217800448e+02,5.000000000000000000e+00,1.551482000000000022e-06,0.000000000000000000e+00
4.957365849433612226e+01,2.079477700915056744e+02,5.000000000000000000e+00,1.513005999999999910e-06,0.000000000000000000e+00
4.999110386745316248e+01,2.079473526461325434e+02,5.000000000000000000e+00,1.484528000000000070e-06,0.000000000000000000e+00
5.042168820177398203e+01,2.079469220617982330e+02,5.000000000000000000e+00,1.392181999999999913e-06,0.000000000000000000e+00
5.082992981436503044e+01,2.079465138201856291e+02,5.000000000000000000e+00,1.430031000000000082e-06,0.000000000000000000e+00
5.126096522068008454e+01,2.079460827847793212e+02,5.000000000000000000e+00,1.448425000000000028e-06,0.000000000000000000e+00
5.167897577352488270e+01,2.079456647742264863e+02,5.000000000000000000e+00,1.389941000000000098e-06,0.000000000000000000e+00
5.210036508327549853e+01,2.079452433849167221e+02,5.000000000000000000e+00,1.276522999999999975e-06,0.000000000000000000e+00
5.251023956020887340e+01,2.079448335104397927e+02,5.000000000000000000e+00,1.411958000000000102e-06,0.000000000000000000e+00
5.293891682834897949e+01,2.079444048331716601e+02,5.000000000000000000e+00,1.311971999999999964e-06,0.000000000000000000e+00
5.336979155724230850e+01,2.079439739584427684e+02,5.000000000000000000e+00,1.173321000000000002e-06,0.000000000000000000e+00
5.377769440000000145e+01,2.079435660556000016e+02,5.000000000000000000e+00,1.195482999999999985e-06,0.000000000000000000e+00
5.419906881204442328e+01,2.079431446811879596e+02,5.000000000000000000e+00,1.386797999999999949e-06,0.000000000000000000e+00
5.461398618195278232e+01,2.079427297638180505e+02,5.000000000000000000e+00,1.295585999999999965e-06,0.000000000000000000e+00
5.500097106433058514e+01,2.079423427789356538e+02,5.000000000000000000e+00,1.220963999999999894e-06,0.000000000000000000e+00
5.544973773053434485e+01,2.079418940122694721e+02,5.000000000000000000e+00,1.305685000000000061e-06,0.000000000000000000e+00
5.585288117302798838e+01,2.079414908688269747e+02,5.000000000000000000e+00,1.138352999999999950e-06,0.000000000000000000e+00
5.627242179326796645e+01,2.079410713282067320e+02,5.000000000000000000e+00,1.101899999999999987e-06,0.000000000000000000e+00
5.671771117258197137e+01,2.079406260388274177e+02,5.000000000000000000e+00,1.178225000000000057e-06,0.000000000000000000e+00
5.709472813588433837e+01,2.079402490218641049e+02,5.000000000000000000e+00,1.239953999999999987e-06,0.000000000000000000e+00
5.752074986211466268e+01,2.079398230001378920e+02,5.000000000000000000e+00,1.183987000000000079e-06,0.000000000000000000e+00
5.793107336609414659e+01,2.079394126766339070e+02,5.000000000000000000e+00,1.194028000000000056e-06,0.000000000000000000e+00
5.835543568554140847e+01,2.079389883143144573e+02,5.000000000000000000e+00,1.172317000000000028e-06,0.000000000000000000e+00
5.878617860999306544e+01,2.079385575713899925e+02,5.000000000000000000e+00,1.294276000000000015e-06,0.000000000000000000e+00
5.918896799141160159e+01,2.079381547820085814e+02,5.000000000000000000e+00,1.333945000000000024e-06,0.000000000000000000e+00
5.959803638858112151e+01,2.079377457136114060e+02,5.000000000000000000e+00,1.396226999999999973e-06,0.000000000000000000e+00
6.003386460081107856e+01,2.079373098853991735e+02,5.000000000000000000e+00,1.265987999999999914e-06,0.000000000000000000e+00
6.041917185010409241e+01,2.079369245781498989e+02,5.000000000000000000e+00,1.155800000000000013e-06,0.000000000000000000e+00
6.085998309194141598e+01,2.079364837669080543e+02,5.000000000000000000e+00,1.269916999999999949e-06,0.000000000000000000e+00
6.125855360709940811e+01,2.079360851963928951e+02,5.000000000000000000e+00,1.099572000000000100e-06,0.000000000000000000e+00
6.170257460432569729e+01,2.079356411753956593e+02,5.000000000000000000e+00,1.054329999999999992e-06,0.000000000000000000e+00
6.211820429930818932e+01,2.079352255457006891e+02,5.000000000000000000e+00,1.074862999999999902e-06,0.000000000000000000e+00
6.253347304495336090e+01,2.079348102769550337e+02,5.000000000000000000e+00,1.091742999999999984e-06,0.000000000000000000e+00
6.297868886299768576e+01,2.079343650611369867e+02,5.000000000000000000e+00,1.162131000000000072e-06,0.000000000000000000e+00
6.339796685555246825e+01,2.079339457831444520e+02,5.000000000000000000e+00,1.196880000000000008e-06,0.000000000000000000e+00
6.380132409609007738e+01,2.079335424259039087e+02,5.000000000000000000e+00,1.166831000000000001e-06,0.000000000000000000e+00
6.425033430495977882e+01,2.079330934156950264e+02,5.000000000000000000e+00,1.148030000000000043e-06,0.000000000000000000e+00
6.464893491123356739e+01,2.079326948150887517e+02,5.000000000000000000e+00,1.242383999999999937e-06,0.000000000000000000e+00
6.505285699048425840e+01,2.079322908930095082e+02,5.000000000000000000e+00,1.269000000000000047e-06,0.000000000000000000e+00
6.547442219409686004e+01,2.079318693278059129e+02,5.000000000000000000e+00,1.297900000000000101e-06,0.000000000000000000e+00
6.588251178000911068e+01,2.079314612382199812e+02,5.000000000000000000e+00,1.168023999999999898e-06,0.000000000000000000e+00
6.631338650890242548e+01,2.079310303634910895e+02,5.000000000000000000e+00,1.343636999999999897e-06,0.000000000000000000e+00
6.671884280140270107e+01,2.079306249071985917e+02,5.000000000000000000e+00,1.102133000000000066e-06,0.000000000000000000e+00
6.713123062256148899e+01,2.079302125193774486e+02,5.000000000000000000e+00,1.101536000000000104e-06,0.000000000000000000e+00
6.756059006202559658e+01,2.079297831599379833e+02,5.000000000000000000e+00,1.419247999999999951e-06,0.000000000000000000e+00
6.796522090622390522e+01,2.079293785290937819e+02,5.000000000000000000e+00,1.329987000000000036e-06,0.000000000000000000e+00
6.838898547671756489e+01,2.079289547645232688e+02,5.000000000000000000e+00,1.286375000000000029e-06,0.000000000000000000e+00
6.878777513242205544e+01,2.079285559748675780e+02,5.000000000000000000e+00,1.061329000000000067e-06,0.000000000000000000e+00
6.923496503999788843e+01,2.079281087849599885e+02,5.000000000000000000e+00,1.181382999999999985e-06,0.000000000000000000e+00
6.965009305582356092e+01,2.079276936569441716e+02,5.000000000000000000e+00,1.222710000000000021e-06,0.000000000000000000e+00
7.003739226633446435e+01,2.079273063577336700e+02,5.000000000000000000e+00,9.835784999999999291e-07,0.000000000000000000e+00
7.046154189638046716e+01,2.079268822081036205e+02,5.000000000000000000e+00,1.240871000000000100e-06,0.000000000000000000e+00
7.089241895836224217e+01,2.079264513310416476e+02,5.000000000000000000e+00,1.358857999999999925e-06,0.000000000000000000e+00
7.133027642758653997e+01,2.079260134735724250e+02,5.000000000000000000e+00,1.220862000000000043e-06,0.000000000000000000e+00
7.173094887519246754e+01,2.079256128011247995e+02,5.000000000000000000e+00,1.238309999999999923e-06,0.000000000000000000e+00
7.215301403167939043e+01,2.079251907359683287e+02,5.000000000000000000e+00,1.225082000000000064e-06,0.000000000000000000e+00
7.258553324759455450e+01,2.079247582167523944e+02,5.000000000000000000e+00,1.155305999999999929e-06,0.000000000000000000e+00
7.300069755954199024e+01,2.079243430524404630e+02,5.000000000000000000e+00,1.138280000000000052e-06,0.000000000000000000e+00
7.340891756361821763e+01,2.079239348324363732e+02,5.000000000000000000e+00,1.096749000000000102e-06,0.000000000000000000e+00
7.383995884693125333e+01,2.079235037911530810e+02,5.000000000000000000e+00,1.007370999999999922e-06,0.000000000000000000e+00
7.426933447423664347e+01,2.079230744155257753e+02,5.000000000000000000e+00,1.126652999999999918e-06,0.000000000000000000e+00
7.466387593776340736e+01,2.079226798740622257e+02,5.000000000000000000e+00,1.119434999999999939e-06,0.000000000000000000e+00
7.509655660755265671e+01,2.079222471933924510e+02,5.000000000000000000e+00,9.819340999999998962e-07,0.000000000000000000e+00
7.547547796767588579e+01,2.079218682720323272e+02,5.000000000000000000e+00,1.014181000000000074e-06,0.000000000000000000e+00
7.591958610615711223e+01,2.079214241638938461e+02,5.000000000000000000e+00,9.463401999999999734e-07,0.000000000000000000e+00
7.634888053977972788e+01,2.079209948694602303e+02,5.000000000000000000e+00,1.033723999999999973e-06,0.000000000000000000e+00
7.674249667595420021e+01,2.079206012533240369e+02,5.000000000000000000e+00,1.025634000000000064e-06,0.000000000000000000e+00
7.718462751790494281e+01,2.079201591224820902e+02,5.000000000000000000e+00,8.600617999999999518e-07,0.000000000000000000e+00
7.759005728342756925e+01,2.079197536927165686e+02,5.000000000000000000e+00,7.895723999999999664e-07,0.000000000000000000e+00
7.798997178036086098e+01,2.079193537782196302e+02,5.000000000000000000e+00,8.502247999999999941e-07,0.000000000000000000e+00
7.842060527052699115e+01,2.079189231447294617e+02,5.000000000000000000e+00,1.088526999999999937e-06,0.000000000000000000e+00
7.882869115655699943e+01,2.079185150588434396e+02,5.000000000000000000e+00,9.770737999999999675e-07,0.000000000000000000e+00
7.926052249681528394e+01,2.079180832275031889e+02,5.000000000000000000e+00,8.714850999999999903e-07,0.000000000000000000e+00
7.966751360811953475e+01,2.079176762363918840e+02,5.000000000000000000e+00,8.311907999999999575e-07,0.000000000000000000e+00
8.006442957082272471e+01,2.079172793204291736e+02,5.000000000000000000e+00,6.920163000000000502e-07,0.000000000000000000e+00
8.050741721144008523e+01,2.079168363327885629e+02,5.000000000000000000e+00,5.991897000000000308e-07,0.000000000000000000e+00
8.092118176999383650e+01,2.079164225682300184e+02,5.000000000000000000e+00,6.365881000000000012e-07,0.000000000000000000e+00
8.132953393740457670e+01,2.079160142160625924e+02,5.000000000000000000e+00,6.788323000000000295e-07,0.000000000000000000e+00
8.177618052508078961e+01,2.079155675694749164e+02,5.000000000000000000e+00,5.499313999999999979e-07,0.000000000000000000e+00
8.217809123080226641e+01,2.079151656587691832e+02,5.000000000000000000e+00,6.443878999999999676e-07,0.000000000000000000e+00
8.258531520110265944e+01,2.079147584347988982e+02,5.000000000000000000e+00,7.134803999999999757e-07,0.000000000000000000e+00
8.300072380289977048e+01,2.079143430261970877e+02,5.000000000000000000e+00,8.379429000000000355e-07,0.000000000000000000e+00
8.344951996068608935e+01,2.079138942300393182e+02,5.000000000000000000e+00,8.664792000000000235e-07,0.000000000000000000e+00
8.388480196152761437e+01,2.079134589480384818e+02,5.000000000000000000e+00,8.953502000000000178e-07,0.000000000000000000e+00
8.427204969855431216e+01,2.079130717003014297e+02,5.000000000000000000e+00,7.632187999999999626e-07,0.000000000000000000e+00
8.471738715636016082e+01,2.079126263628436391e+02,5.000000000000000000e+00,7.656781000000000011e-07,0.000000000000000000e+00
8.513262236891351620e+01,2.079122111276310818e+02,5.000000000000000000e+00,7.402413999999999597e-07,0.000000000000000000e+00
8.551994672505102812e+01,2.079118238032749559e+02,5.000000000000000000e+00,7.567141000000000010e-07,0.000000000000000000e+00
8.596662043006750764e+01,2.079113771295699280e+02,5.000000000000000000e+00,7.797789000000000449e-07,0.000000000000000000e+00
8.635496277492951833e+01,2.079109887872250795e+02,5.000000000000000000e+00,7.701455999999999714e-07,0.000000000000000000e+00
8.678930569183425803e+01,2.079105544443081612e+02,5.000000000000000000e+00,7.647614000000000231e-07,0.000000000000000000e+00
8.719365735204181078e+01,2.079101500926479673e+02,5.000000000000000000e+00,8.098140999999999670e-07,0.000000000000000000e+00
8.761165980333500158e+01,2.079097320901966555e+02,5.000000000000000000e+00,7.886410000000000273e-07,0.000000000000000000e+00
8.803241158283272227e+01,2.079093113384171545e+02,5.000000000000000000e+00,9.482027999999999732e-07,0.000000000000000000e+00
8.843451576374046397e+01,2.079089092342362619e+02,5.000000000000000000e+00,8.886126999999999616e-07,0.000000000000000000e+00
8.887123666363045515e+01,2.079084725133363634e+02,5.000000000000000000e+00,8.298956999999999527e-07,0.000000000000000000e+00
8.927961924365119728e+01,2.079080641307563440e+02,5.000000000000000000e+00,7.786584000000000316e-07,0.000000000000000000e+00
8.970154914418999681e+01,2.079076422008558040e+02,5.000000000000000000e+00,8.201895999999999661e-07,0.000000000000000000e+00
9.011678969904843939e+01,2.079072269603009602e+02,5.000000000000000000e+00,8.669885999999999605e-07,0.000000000000000000e+00
9.054895800169155962e+01,2.079067947919982942e+02,5.000000000000000000e+00,8.508067999999999658e-07,0.000000000000000000e+00
9.095262120833034203e+01,2.079063911287916540e+02,5.000000000000000000e+00,9.847280999999999409e-07,0.000000000000000000e+00
9.137661422343090578e+01,2.079059671357765637e+02,5.000000000000000000e+00,9.320356000000000003e-07,0.000000000000000000e+00
9.181843320127518382e+01,2.079055253167987303e+02,5.000000000000000000e+00,1.002859999999999916e-06,0.000000000000000000e+00
9.224921634691335726e+01,2.079050945336530845e+02,5.000000000000000000e+00,9.517244000000000277e-07,0.000000000000000000e+00
9.264806200376918355e+01,2.079046956879962238e+02,5.000000000000000000e+00,1.056061999999999944e-06,0.000000000000000000e+00
9.305231201060276192e+01,2.079042914379894000e+02,5.000000000000000000e+00,1.087450000000000066e-06,0.000000000000000000e+00
9.349612316946563340e+01,2.079038476268305260e+02,5.000000000000000000e+00,9.729847000000000239e-07,0.000000000000000000e+00
9.388158178794647313e+01,2.079034621682120587e+02,5.000000000000000000e+00,1.040447000000000052e-06,0.000000000000000000e+00
9.431863160114504296e+01,2.079030251183988582e+02,5.000000000000000000e+00,1.127133000000000038e-06,0.000000000000000000e+00
9.472044972002342433e+01,2.079026233002799700e+02,5.000000000000000000e+00,1.139618999999999956e-06,0.000000000000000000e+00
9.515724332218303516e+01,2.079021865066778219e+02,5.000000000000000000e+00,1.092731999999999967e-06,0.000000000000000000e+00
9.555977787894427422e+01,2.079017839721210521e+02,5.000000000000000000e+00,1.132037000000000093e-06,0.000000000000000000e+00
9.596439802743385883e+01,2.079013793519725652e+02,5.000000000000000000e+00,1.235035999999999969e-06,0.000000000000000000e+00
9.639864800902151387e+01,2.079009451019909704e+02,5.000000000000000000e+00,1.239560999999999938e-06,0.000000000000000000e+00
9.680700828001995717e+01,2.079005367417199750e+02,5.000000000000000000e+00,1.209045999999999986e-06,0.000000000000000000e+00
9.723539145588040356e+01,2.079001083585441165e+02,5.000000000000000000e+00,1.205669999999999969e-06,0.000000000000000000e+00
9.765096682036740106e+01,2.078996927831796313e+02,5.000000000000000000e+00,1.369538999999999992e-06,0.000000000000000000e+00
9.803842351885917594e+01,2.078993053264811408e+02,5.000000000000000000e+00,1.386550000000000091e-06,0.000000000000000000e+00
9.846211276129339751e+01,2.078988816372387021e+02,5.000000000000000000e+00,1.374078999999999952e-06,0.000000000000000000e+00
9.888072223064230570e+01,2.078984630277693668e+02,5.000000000000000000e+00,1.392531000000000017e-06,0.000000000000000000e+00
9.930548450411508554e+01,2.078980382654958703e+02,5.000000000000000000e+00,1.427993999999999969e-06,0.000000000000000000e+00
9.975391182355619435e+01,2.078975898381764296e+02,5.000000000000000000e+00,1.495077999999999910e-06,0.000000000000000000e+00
1.001392000013879624e+02,2.078972045499986052e+02,5.000000000000000000e+00,1.500521000000000020e-06,0.000000000000000000e+00
1.005574812019297042e+02,2.078967862687980812e+02,5.000000000000000000e+00,1.281659999999999897e-06,0.000000000000000000e+00
1.009776541563550438e+02,2.078963660958436321e+02,5.000000000000000000e+00,1.299150999999999905e-06,0.000000000000000000e+00
1.013857452508674584e+02,2.078959580047491329e+02,5.000000000000000000e+00,1.278807999999999946e-06,0.000000000000000000e+00
1.018165319626119611e+02,2.078955272180373868e+02,5.000000000000000000e+00,1.295077000000000103e-06,0.000000000000000000e+00
1.022463923115010402e+02,2.078950973576884849e+02,5.000000000000000000e+00,1.280016000000000045e-06,0.000000000000000000e+00
1.026895450070241367e+02,2.078946542049929747e+02,5.000000000000000000e+00,1.334439999999999924e-06,0.000000000000000000e+00
1.030856224346996441e+02,2.078942581275653083e+02,5.000000000000000000e+00,1.394145999999999916e-06,0.000000000000000000e+00
1.034931562081156358e+02,2.078938505937918819e+02,5.000000000000000000e+00,1.240099999999999994e-06,0.000000000000000000e+00
1.039246758536574760e+02,2.078934190741463510e+02,5.000000000000000000e+00,1.302484000000000005e-06,0.000000000000000000e+00
1.043663870141940464e+02,2.078929773629858175e+02,5.000000000000000000e+00,1.308814000000000036e-06,0.000000000000000000e+00
1.047636347467632447e+02,2.078925801152532244e+02,5.000000000000000000e+00,1.294144999999999999e-06,0.000000000000000000e+00
1.051817954347814350e+02,2.078921619545652106e+02,5.000000000000000000e+00,1.301189000000000045e-06,0.000000000000000000e+00
1.056023511384081530e+02,2.078917413988615976e+02,5.000000000000000000e+00,1.353589999999999986e-06,0.000000000000000000e+00
1.060123902881225604e+02,2.078913313597118702e+02,5.000000000000000000e+00,1.340712000000000048e-06,0.000000000000000000e+00
1.064250157787806046e+02,2.078909187342212306e+02,5.000000000000000000e+00,1.325358999999999977e-06,0.000000000000000000e+00
1.068337594503816774e+02,2.078905099905496172e+02,5.000000000000000000e+00,1.313397999999999940e-06,0.000000000000000000e+00
1.072798220964608049e+02,2.078900639279035261e+02,5.000000000000000000e+00,1.364066999999999928e-06,0.000000000000000000e+00
1.076650635985252649e+02,2.078896786864014814e+02,5.000000000000000000e+00,1.402454999999999941e-06,0.000000000000000000e+00
1.080894587196776939e+02,2.078892542912803094e+02,5.000000000000000000e+00,1.469626999999999982e-06,0.000000000000000000e+00
1.085042766905699239e+02,2.078888394733094174e+02,5.000000000000000000e+00,1.425737999999999952e-06,0.000000000000000000e+00
1.089118128744984944e+02,2.078884319371254890e+02,5.000000000000000000e+00,1.420557999999999901e-06,0.000000000000000000e+00
1.093426441320320777e+02,2.078880011058679713e+02,5.000000000000000000e+00,1.421577000000000078e-06,0.000000000000000000e+00
1.097507544490468803e+02,2.078875929955509605e+02,5.000000000000000000e+00,1.468098999999999943e-06,0.000000000000000000e+00
1.101663029168500003e+02,2.078871774470831610e+02,5.000000000000000000e+00,1.423642999999999932e-06,0.000000000000000000e+00
1.105985621699508812e+02,2.078867451878300585e+02,5.000000000000000000e+00,1.338602000000000038e-06,0.000000000000000000e+00
1.110248364203885529e+02,2.078863189135796006e+02,5.000000000000000000e+00,1.492487999999999990e-06,0.000000000000000000e+00
1.114514054225672766e+02,2.078858923445774280e+02,5.000000000000000000e+00,1.530309000000000022e-06,0.000000000000000000e+00
1.118596518122831611e+02,2.078854840981877032e+02,5.000000000000000000e+00,1.512962999999999993e-06,0.000000000000000000e+00
1.122903242568584403e+02,2.078850534257431377e+02,5.000000000000000000e+00,1.566906999999999963e-06,0.000000000000000000e+00
1.127143883105468376e+02,2.078846293616894627e+02,5.000000000000000000e+00,1.579886999999999964e-06,0.000000000000000000e+00
1.131289061163194418e+02,2.078842148438836830e+02,5.000000000000000000e+00,1.594788000000000053e-06,0.000000000000000000e+00
1.135405037906438395e+02,2.078838032462093679e+02,5.000000000000000000e+00,1.542241000000000105e-06,0.000000000000000000e+00
1.139640766689250455e+02,2.078833796733310635e+02,5.000000000000000000e+00,1.613763999999999971e-06,0.000000000000000000e+00
1.143628171099236397e+02,2.078829809328900637e+02,5.000000000000000000e+00,1.613167000000000008e-06,0.000000000000000000e+00
1.148059155849146862e+02,2.078825378344150749e+02,5.000000000000000000e+00,1.684922999999999953e-06,0.000000000000000000e+00
1.152102445366412411e+02,2.078821335054633437e+02,5.000000000000000000e+00,1.793624999999999916e-06,0.000000000000000000e+00
1.156211307509128403e+02,2.078817226192490750e+02,5.000000000000000000e+00,1.726831999999999961e-06,0.000000000000000000e+00
1.160331849572747416e+02,2.078813105650427246e+02,5.000000000000000000e+00,1.791166000000000013e-06,0.000000000000000000e+00
1.164380703197067817e+02,2.078809056796802963e+02,5.000000000000000000e+00,1.727704999999999919e-06,0.000000000000000000e+00
1.168806897511867930e+02,2.078804630602488146e+02,5.000000000000000000e+00,1.709369999999999907e-06,0.000000000000000000e+00
1.172767108492116819e+02,2.078800670391507879e+02,5.000000000000000000e+00,1.702966999999999979e-06,0.000000000000000000e+00
1.176978555517387548e+02,2.078796458944482595e+02,5.000000000000000000e+00,1.774125999999999961e-06,0.000000000000000000e+00
1.181153993618737843e+02,2.078792283506381295e+02,5.000000000000000000e+00,1.726061000000000066e-06,0.000000000000000000e+00
1.185258798278543821e+02,2.078788178701721563e+02,5.000000000000000000e+00,1.774068000000000054e-06,0.000000000000000000e+00
1.189496482977099134e+02,2.078783941017022983e+02,5.000000000000000000e+00,1.700668000000000045e-06,0.000000000000000000e+00
1.193738042286146026e+02,2.078779699457713832e+02,5.000000000000000000e+00,1.662658000000000091e-06,0.000000000000000000e+00
1.197932117875561033e+02,2.078775505382124322e+02,5.000000000000000000e+00,1.707158000000000046e-06,0.000000000000000000e+00
1.202182510571208809e+02,2.078771254989428883e+02,5.000000000000000000e+00,1.705630000000000007e-06,0.000000000000000000e+00
1.206200932594766044e+02,2.078767236567405234e+02,5.000000000000000000e+00,1.706314000000000042e-06,0.000000000000000000e+00
1.210210773124288437e+02,2.078763226726875644e+02,5.000000000000000000e+00,1.705746000000000033e-06,0.000000000000000000e+00
1.214677993693659204e+02,2.078758759506306433e+02,5.000000000000000000e+00,1.646912999999999998e-06,0.000000000000000000e+00
1.218561298515723195e+02,2.078754876201484194e+02,5.000000000000000000e+00,1.643012999999999917e-06,0.000000000000000000e+00
1.222903833725041238e+02,2.078750533666274976e+02,5.000000000000000000e+00,1.620791999999999999e-06,0.000000000000000000e+00
1.227380576486866062e+02,2.078746056923513095e+02,5.000000000000000000e+00,1.644991999999999911e-06,0.000000000000000000e+00
1.231532716940122469e+02,2.078741904783059908e+02,5.000000000000000000e+00,1.572465000000000072e-06,0.000000000000000000e+00
1.235688452336726044e+02,2.078737749047663215e+02,5.000000000000000000e+00,1.606982999999999984e-06,0.000000000000000000e+00
1.239672027242564383e+02,2.078733765472757398e+02,5.000000000000000000e+00,1.641660000000000051e-06,0.000000000000000000e+00
1.244098460105921191e+02,2.078729339039894057e+02,5.000000000000000000e+00,1.597959999999999944e-06,0.000000000000000000e+00
1.248334139427480949e+02,2.078725103360572461e+02,5.000000000000000000e+00,1.604916000000000102e-06,0.000000000000000000e+00
1.252341613869141810e+02,2.078721095886130854e+02,5.000000000000000000e+00,1.576977000000000106e-06,0.000000000000000000e+00
1.256741622430619998e+02,2.078716695877569407e+02,5.000000000000000000e+00,1.617940000000000047e-06,0.000000000000000000e+00
1.260808327118490411e+02,2.078712629172881350e+02,5.000000000000000000e+00,1.594948000000000022e-06,0.000000000000000000e+00
1.264818007179353572e+02,2.078708619492820731e+02,5.000000000000000000e+00,1.619759000000000072e-06,0.000000000000000000e+00
1.268988711199109360e+02,2.078704448788800789e+02,5.000000000000000000e+00,1.684981000000000072e-06,0.000000000000000000e+00
1.273206008239248774e+02,2.078700231491760633e+02,5.000000000000000000e+00,1.653460999999999906e-06,0.000000000000000000e+00
1.277513366857506441e+02,2.078695924133142512e+02,5.000000000000000000e+00,1.639390000000000071e-06,0.000000000000000000e+00
1.281392945809632238e+02,2.078692044554190375e+02,5.000000000000000000e+00,1.634528999999999932e-06,0.000000000000000000e+00
1.285545986341876983e+02,2.078687891513658030e+02,5.000000000000000000e+00,1.625608999999999982e-06,0.000000000000000000e+00
1.289566092929646288e+02,2.078683871407070285e+02,5.000000000000000000e+00,1.582681000000000009e-06,0.000000000000000000e+00
1.293968710236641186e+02,2.078679468789763405e+02,5.000000000000000000e+00,1.646578000000000068e-06,0.000000000000000000e+00
1.298368516194400399e+02,2.078675068983805545e+02,5.000000000000000000e+00,1.649285000000000041e-06,0.000000000000000000e+00
1.302443042782508940e+02,2.078670994457217489e+02,5.000000000000000000e+00,1.656052000000000064e-06,0.000000000000000000e+00
1.306591657943172038e+02,2.078666845842056716e+02,5.000000000000000000e+00,1.660825000000000103e-06,0.000000000000000000e+00
1.310745441946616268e+02,2.078662692058053381e+02,5.000000000000000000e+00,1.725377000000000032e-06,0.000000000000000000e+00
1.315142518014356483e+02,2.078658294981985648e+02,5.000000000000000000e+00,1.742402999999999909e-06,0.000000000000000000e+00
1.319146444199527650e+02,2.078654291055800343e+02,5.000000000000000000e+00,1.696535000000000097e-06,0.000000000000000000e+00
1.323388375497507070e+02,2.078650049124502459e+02,5.000000000000000000e+00,1.755005000000000064e-06,0.000000000000000000e+00
1.327842099681203933e+02,2.078645595400318768e+02,5.000000000000000000e+00,1.771914000000000100e-06,0.000000000000000000e+00
1.331865734365800620e+02,2.078641571765634239e+02,5.000000000000000000e+00,1.797306999999999909e-06,0.000000000000000000e+00
1.335951012183317061e+02,2.078637486487816659e+02,5.000000000000000000e+00,1.854146999999999986e-06,0.000000000000000000e+00
1.340104753997932505e+02,2.078633332746001940e+02,5.000000000000000000e+00,1.817315999999999966e-06,0.000000000000000000e+00
1.344233086344750916e+02,2.078629204413655316e+02,5.000000000000000000e+00,1.858526999999999977e-06,0.000000000000000000e+00
1.348567910541533479e+02,2.078624869589458513e+02,5.000000000000000000e+00,1.938096999999999835e-06,0.000000000000000000e+00
1.352755097124681924e+02,2.078620682402875275e+02,5.000000000000000000e+00,1.975451999999999920e-06,0.000000000000000000e+00
1.356715261375672696e+02,2.078616722238624277e+02,5.000000000000000000e+00,1.922075000000000143e-06,0.000000000000000000e+00
1.360938083310201421e+02,2.078612499416689730e+02,5.000000000000000000e+00,1.894979999999999939e-06,0.000000000000000000e+00
1.365021977456993625e+02,2.078608415522542998e+02,5.000000000000000000e+00,1.841646999999999894e-06,0.000000000000000000e+00
1.369325685555411098e+02,2.078604111814444479e+02,5.000000000000000000e+00,1.816385000000000101e-06,0.000000000000000000e+00
1.373540562668574978e+02,2.078599896937331266e+02,5.000000000000000000e+00,1.862208999999999970e-06,0.000000000000000000e+00
1.377716880928194882e+02,2.078595720619071869e+02,5.000000000000000000e+00,1.748179999999999922e-06,0.000000000000000000e+00
1.381916106669494013e+02,2.078591521393330481e+02,5.000000000000000000e+00,1.715437999999999906e-06,0.000000000000000000e+00
1.385794307900121680e+02,2.078587643192099961e+02,5.000000000000000000e+00,1.735460999999999925e-06,0.000000000000000000e+00
1.389957359231419787e+02,2.078583480140768529e+02,5.000000000000000000e+00,1.796971999999999979e-06,0.000000000000000000e+00
1.394439028873780444e+02,2.078578998471126340e+02,5.000000000000000000e+00,1.854816000000000030e-06,0.000000000000000000e+00
1.398428180488549515e+02,2.078575009319511366e+02,5.000000000000000000e+00,1.809109000000000004e-06,0.000000000000000000e+00
1.402667822999594591e+02,2.078570769677000385e+02,5.000000000000000000e+00,1.818566999999999982e-06,0.000000000000000000e+00
1.406733900082411424e+02,2.078566703599917673e+02,5.000000000000000000e+00,1.883075999999999994e-06,0.000000000000000000e+00
1.410996905873621756e+02,2.078562440594126315e+02,5.000000000000000000e+00,1.972045999999999923e-06,0.000000000000000000e+00
1.415149284423357301e+02,2.078558288215576511e+02,5.000000000000000000e+00,1.984678000000000059e-06,0.000000000000000000e+00
1.419266900846470492e+02,2.078554170599153395e+02,5.000000000000000000e+00,1.919005000000000103e-06,0.000000000000000000e+00
1.423509456117629099e+02,2.078549928043882460e+02,5.000000000000000000e+00,1.753403999999999916e-06,0.000000000000000000e+00
1.427848583284906567e+02,2.078545588916715019e+02,5.000000000000000000e+00,1.882566999999999919e-06,0.000000000000000000e+00
1.432086061766305534e+02,2.078541351438233562e+02,5.000000000000000000e+00,1.890119000000000012e-06,0.000000000000000000e+00
1.436470493586026009e+02,2.078536967006413931e+02,5.000000000000000000e+00,1.784559999999999987e-06,0.000000000000000000e+00
1.440563871157231688e+02,2.078532873628842879e+02,5.000000000000000000e+00,1.878274000000000001e-06,0.000000000000000000e+00
1.444590221707148032e+02,2.078528847278292915e+02,5.000000000000000000e+00,1.862062999999999963e-06,0.000000000000000000e+00
1.448898104716011517e+02,2.078524539395284023e+02,5.000000000000000000e+00,1.839608999999999966e-06,0.000000000000000000e+00
1.452977819707655556e+02,2.078520459680292447e+02,5.000000000000000000e+00,1.847162000000000086e-06,0.000000000000000000e+00
1.457235027739610018e+02,2.078516202472260375e+02,5.000000000000000000e+00,1.815467999999999988e-06,0.000000000000000000e+00
1.461363814052178327e+02,2.078512073685947712e+02,5.000000000000000000e+00,1.784341000000000083e-06,0.000000000000000000e+00
1.465267068159457153e+02,2.078508170431840654e+02,5.000000000000000000e+00,1.810491000000000035e-06,0.000000000000000000e+00
1.469730743840263187e+02,2.078503706756159772e+02,5.000000000000000000e+00,1.851512999999999911e-06,0.000000000000000000e+00
1.473720947297103976e+02,2.078499716552702807e+02,5.000000000000000000e+00,1.832027999999999919e-06,0.000000000000000000e+00
1.478148089149895839e+02,2.078495289410849978e+02,5.000000000000000000e+00,1.880369000000000021e-06,0.000000000000000000e+00
1.482004341804775436e+02,2.078491433158195321e+02,5.000000000000000000e+00,1.885695000000000078e-06,0.000000000000000000e+00
1.486326341716012394e+02,2.078487111158283938e+02,5.000000000000000000e+00,1.777749000000000019e-06,0.000000000000000000e+00
1.490480705671799910e+02,2.078482956794328231e+02,5.000000000000000000e+00,1.837804999999999932e-06,0.000000000000000000e+00
1.494515048231715753e+02,2.078478922451768369e+02,5.000000000000000000e+00,1.822830999999999946e-06,0.000000000000000000e+00
1.498777943036585611e+02,2.078474659556963502e+02,5.000000000000000000e+00,1.784676000000000012e-06,0.000000000000000000e+00
1.503143904175572345e+02,2.078470293595824501e+02,5.000000000000000000e+00,1.707696000000000074e-06,0.000000000000000000e+00
1.507380288041222514e+02,2.078466057211958855e+02,5.000000000000000000e+00,1.551147000000000092e-06,0.000000000000000000e+00
1.511367678167939061e+02,2.078462069821831903e+02,5.000000000000000000e+00,1.602601999999999966e-06,0.000000000000000000e+00
1.515671853790983050e+02,2.078457765646209054e+02,5.000000000000000000e+00,1.824125999999999906e-06,0.000000000000000000e+00
1.519858696674907890e+02,2.078453578803325001e+02,5.000000000000000000e+00,1.862513999999999918e-06,0.000000000000000000e+00
1.524027289333836848e+02,2.078449410210666031e+02,5.000000000000000000e+00,1.884444000000000062e-06,0.000000000000000000e+00
1.528246014644661841e+02,2.078445191485355394e+02,5.000000000000000000e+00,1.902327999999999907e-06,0.000000000000000000e+00
1.532558296749445219e+02,2.078440879203250518e+02,5.000000000000000000e+00,1.914930000000000062e-06,0.000000000000000000e+00
1.536631074368494012e+02,2.078436806425631573e+02,5.000000000000000000e+00,1.912005000000000001e-06,0.000000000000000000e+00
1.540783398363510628e+02,2.078432654101636388e+02,5.000000000000000000e+00,1.953667000000000179e-06,0.000000000000000000e+00
1.545026476516023024e+02,2.078428411023483875e+02,5.000000000000000000e+00,1.869368000000000014e-06,0.000000000000000000e+00
1.549177922306025437e+02,2.078424259577693931e+02,5.000000000000000000e+00,1.932960000000000124e-06,0.000000000000000000e+00
1.553414889871830837e+02,2.078420022610128228e+02,5.000000000000000000e+00,1.949666000000000062e-06,0.000000000000000000e+00
1.557706304872172041e+02,2.078415731195127876e+02,5.000000000000000000e+00,1.859137999999999902e-06,0.000000000000000000e+00
1.561650837027141847e+02,2.078411786662972816e+02,5.000000000000000000e+00,1.963780999999999842e-06,0.000000000000000000e+00
1.565721656986092398e+02,2.078407715843013932e+02,5.000000000000000000e+00,1.956563000000000074e-06,0.000000000000000000e+00
1.569735755012036122e+02,2.078403701744987870e+02,5.000000000000000000e+00,1.991851999999999882e-06,0.000000000000000000e+00
1.574044068226925788e+02,2.078399393431772921e+02,5.000000000000000000e+00,1.987690000000000192e-06,0.000000000000000000e+00
1.578281792380422246e+02,2.078395155707619608e+02,5.000000000000000000e+00,2.016036999999999804e-06,0.000000000000000000e+00
1.582418743168553021e+02,2.078391018756831556e+02,5.000000000000000000e+00,2.010958000000000000e-06,0.000000000000000000e+00
1.586666739557718415e+02,2.078386770760442346e+02,5.000000000000000000e+00,2.008819000000000036e-06,0.000000000000000000e+00
1.590447843257256295e+02,2.078382989656742836e+02,5.000000000000000000e+00,2.006505000000000112e-06,0.000000000000000000e+00
1.594889282740458043e+02,2.078378548217259549e+02,5.000000000000000000e+00,1.970838999999999851e-06,0.000000000000000000e+00
1.599205682831490094e+02,2.078374231817168436e+02,5.000000000000000000e+00,1.925785999999999878e-06,0.000000000000000000e+00
1.603113690922016303e+02,2.078370323809078002e+02,5.000000000000000000e+00,1.972133999999999811e-06,0.000000000000000000e+00
1.607594151975884245e+02,2.078365843348024100e+02,5.000000000000000000e+00,2.017696000000000070e-06,0.000000000000000000e+00
1.611769161209743686e+02,2.078361668338790196e+02,5.000000000000000000e+00,2.023560000000000155e-06,0.000000000000000000e+00
1.615645462087099418e+02,2.078357792037912759e+02,5.000000000000000000e+00,1.969922000000000161e-06,0.000000000000000000e+00
1.619833265863676672e+02,2.078353604234136185e+02,5.000000000000000000e+00,2.028070999999999950e-06,0.000000000000000000e+00
1.624309029600896963e+02,2.078349128470399023e+02,5.000000000000000000e+00,2.048051000000000053e-06,0.000000000000000000e+00
1.628682694583071395e+02,2.078344754805416983e+02,5.000000000000000000e+00,1.891050000000000089e-06,0.000000000000000000e+00
1.632766486679389288e+02,2.078340671013320673e+02,5.000000000000000000e+00,2.001630000000000011e-06,0.000000000000000000e+00
1.636980012264956201e+02,2.078336457487735061e+02,5.000000000000000000e+00,2.047425000000000137e-06,0.000000000000000000e+00
1.641196666586980371e+02,2.078332240833412925e+02,5.000000000000000000e+00,2.058789999999999816e-06,0.000000000000000000e+00
1.645375872316771506e+02,2.078328061627683212e+02,5.000000000000000000e+00,1.997962999999999797e-06,0.000000000000000000e+00
1.649415204698228195e+02,2.078324022295301745e+02,5.000000000000000000e+00,1.967243999999999930e-06,0.000000000000000000e+00
1.653723605616013685e+02,2.078319713894383938e+02,5.000000000000000000e+00,1.985913999999999872e-06,0.000000000000000000e+00
1.657802801223135418e+02,2.078315634698776933e+02,5.000000000000000000e+00,2.066895999999999955e-06,0.000000000000000000e+00
1.662021676745036700e+02,2.078311415823255004e+02,5.000000000000000000e+00,2.002823999999999935e-06,0.000000000000000000e+00
1.666188780149201989e+02,2.078307248719850691e+02,5.000000000000000000e+00,1.996945000000000072e-06,0.000000000000000000e+00
1.670051785702547136e+02,2.078303385714297349e+02,5.000000000000000000e+00,2.055661999999999869e-06,0.000000000000000000e+00
1.674532540829695222e+02,2.078298904959170272e+02,5.000000000000000000e+00,2.151224000000000073e-06,0.000000000000000000e+00
1.678523155808105969e+02,2.078294914344191966e+02,5.000000000000000000e+00,2.071086999999999810e-06,0.000000000000000000e+00
1.682965991386003282e+02,2.078290471508613848e+02,5.000000000000000000e+00,2.050102999999999945e-06,0.000000000000000000e+00
1.686817775573194353e+02,2.078286619724426885e+02,5.000000000000000000e+00,1.984852000000000203e-06,0.000000000000000000e+00
1.691098582124681968e+02,2.078282338917875336e+02,5.000000000000000000e+00,1.989480000000000051e-06,0.000000000000000000e+00
1.695250129556020795e+02,2.078278187370443959e+02,5.000000000000000000e+00,1.984954000000000054e-06,0.000000000000000000e+00
1.699346703234399740e+02,2.078274090796765563e+02,5.000000000000000000e+00,1.953929000000000211e-06,0.000000000000000000e+00
1.703598332646006384e+02,2.078269839167354007e+02,5.000000000000000000e+00,1.940963999999999989e-06,0.000000000000000000e+00
1.707948098681743261e+02,2.078265489401318291e+02,5.000000000000000000e+00,1.948865000000000186e-06,0.000000000000000000e+00
1.712188476912213844e+02,2.078261249023087771e+02,5.000000000000000000e+00,1.902270000000000000e-06,0.000000000000000000e+00
1.716296575995836236e+02,2.078257140924004034e+02,5.000000000000000000e+00,1.929336999999999854e-06,0.000000000000000000e+00
1.720460424735600498e+02,2.078252977075264312e+02,5.000000000000000000e+00,2.023793000000000022e-06,0.000000000000000000e+00
1.724682734670367950e+02,2.078248754765329522e+02,5.000000000000000000e+00,2.038447000000000068e-06,0.000000000000000000e+00
1.728991301893257742e+02,2.078244446198106630e+02,5.000000000000000000e+00,1.951876999999999896e-06,0.000000000000000000e+00
1.733070109276079052e+02,2.078240367390723975e+02,5.000000000000000000e+00,2.029468000000000184e-06,0.000000000000000000e+00
1.737350940756487319e+02,2.078236086559243461e+02,5.000000000000000000e+00,1.973618000000000117e-06,0.000000000000000000e+00
1.741458148242284949e+02,2.078231979351757559e+02,5.000000000000000000e+00,1.937994999999999984e-06,0.000000000000000000e+00
1.745377092319028804e+02,2.078228060407680857e+02,5.000000000000000000e+00,1.915629000000000087e-06,0.000000000000000000e+00
1.749827261637404661e+02,2.078223610238362653e+02,5.000000000000000000e+00,1.888023999999999993e-06,0.000000000000000000e+00
1.753813961185171024e+02,2.078219623538814744e+02,5.000000000000000000e+00,1.904554999999999970e-06,0.000000000000000000e+00
1.758231294668950966e+02,2.078215206205331071e+02,5.000000000000000000e+00,1.805092000000000081e-06,0.000000000000000000e+00
1.762082312068008321e+02,2.078211355187931986e+02,5.000000000000000000e+00,1.813793999999999943e-06,0.000000000000000000e+00
1.766423295719246198e+02,2.078207014204280654e+02,5.000000000000000000e+00,1.751469000000000078e-06,0.000000000000000000e+00
1.770575142989821984e+02,2.078202862357010190e+02,5.000000000000000000e+00,1.749242000000000014e-06,0.000000000000000000e+00
1.774589839618305405e+02,2.078198847660381716e+02,5.000000000000000000e+00,1.745371000000000098e-06,0.000000000000000000e+00
1.778856934377027130e+02,2.078194580565622971e+02,5.000000000000000000e+00,1.781271000000000042e-06,0.000000000000000000e+00
1.783107802375954236e+02,2.078190329697623895e+02,5.000000000000000000e+00,1.804087999999999895e-06,0.000000000000000000e+00
1.787183601944495877e+02,2.078186253898055611e+02,5.000000000000000000e+00,1.886845000000000059e-06,0.000000000000000000e+00
1.791453921938977771e+02,2.078181983578060965e+02,5.000000000000000000e+00,1.848674999999999923e-06,0.000000000000000000e+00
1.795629849989590525e+02,2.078177807650010323e+02,5.000000000000000000e+00,1.909123999999999884e-06,0.000000000000000000e+00
1.799679266045135648e+02,2.078173758233954800e+02,5.000000000000000000e+00,1.958221999999999917e-06,0.000000000000000000e+00
1.804013366927631239e+02,2.078169424133072312e+02,5.000000000000000000e+00,1.967448000000000056e-06,0.000000000000000000e+00
1.808094423081193725e+02,2.078165343076918816e+02,5.000000000000000000e+00,2.048370999999999992e-06,0.000000000000000000e+00
1.812377776730723156e+02,2.078161059723269375e+02,5.000000000000000000e+00,2.090367999999999889e-06,0.000000000000000000e+00
1.816376671672511236e+02,2.078157060828327474e+02,5.000000000000000000e+00,2.134969999999999906e-06,0.000000000000000000e+00
1.820407607750417185e+02,2.078153029892249606e+02,5.000000000000000000e+00,2.058644999999999837e-06,0.000000000000000000e+00
1.824856281831150397e+02,2.078148581218168829e+02,5.000000000000000000e+00,2.044645999999999871e-06,0.000000000000000000e+00
1.829094961265296888e+02,2.078144342538734577e+02,5.000000000000000000e+00,2.016459000000000017e-06,0.000000000000000000e+00
1.833485076976859887e+02,2.078139952423023260e+02,5.000000000000000000e+00,2.005661000000000108e-06,0.000000000000000000e+00
1.837769179670397079e+02,2.078135668320329614e+02,5.000000000000000000e+00,1.951818999999999989e-06,0.000000000000000000e+00
1.841737386933842515e+02,2.078131700113066245e+02,5.000000000000000000e+00,1.969281999999999859e-06,0.000000000000000000e+00
1.845893186630264893e+02,2.078127544313369697e+02,5.000000000000000000e+00,1.931898000000000032e-06,0.000000000000000000e+00
1.850268001714124750e+02,2.078123169498285847e+02,5.000000000000000000e+00,1.946770000000000167e-06,0.000000000000000000e+00
1.854284684137404895e+02,2.078119152815862662e+02,5.000000000000000000e+00,1.939988999999999969e-06,0.000000000000000000e+00
1.858353410721427963e+02,2.078115084089278639e+02,5.000000000000000000e+00,1.957989000000000050e-06,0.000000000000000000e+00
1.862510769517629683e+02,2.078110926730482220e+02,5.000000000000000000e+00,1.942054999999999823e-06,0.000000000000000000e+00
1.866945519359626928e+02,2.078106491980640271e+02,5.000000000000000000e+00,1.921259999999999881e-06,0.000000000000000000e+00
1.870739122738614810e+02,2.078102698377261390e+02,5.000000000000000000e+00,1.973719999999999968e-06,0.000000000000000000e+00
1.874979303032992277e+02,2.078098458196967044e+02,5.000000000000000000e+00,1.985462999999999916e-06,0.000000000000000000e+00
1.879138474976045075e+02,2.078094299025023872e+02,5.000000000000000000e+00,1.979496999999999981e-06,0.000000000000000000e+00
1.883368973171980087e+02,2.078090068526828134e+02,5.000000000000000000e+00,1.950117000000000018e-06,0.000000000000000000e+00
1.887659448567282539e+02,2.078085778051432726e+02,5.000000000000000000e+00,1.833540999999999967e-06,0.000000000000000000e+00
1.891586356887192721e+02,2.078081851143112715e+02,5.000000000000000000e+00,1.949330999999999921e-06,0.000000000000000000e+00
1.895737917247594453e+02,2.078077699582752302e+02,5.000000000000000000e+00,1.935055000000000144e-06,0.000000000000000000e+00
1.900140227315824859e+02,2.078073297272684101e+02,5.000000000000000000e+00,1.960491999999999897e-06,0.000000000000000000e+00
1.904144714091320907e+02,2.078069292785908715e+02,5.000000000000000000e+00,2.044325999999999932e-06,0.000000000000000000e+00
1.908382413355280391e+02,2.078065055086644577e+02,5.000000000000000000e+00,2.097105999999999959e-06,0.000000000000000000e+00
1.912838899372383992e+02,2.078060598600627600e+02,5.000000000000000000e+00,2.151500999999999884e-06,0.000000000000000000e+00
1.917067464544755921e+02,2.078056370035455132e+02,5.000000000000000000e+00,2.031476000000000131e-06,0.000000000000000000e+00
1.921098115679389196e+02,2.078052339384320533e+02,5.000000000000000000e+00,1.900756999999999952e-06,0.000000000000000000e+00
1.925097507236726813e+02,2.078048339992763260e+02,5.000000000000000000e+00,1.972133999999999811e-06,0.000000000000000000e+00
1.929577607257991474e+02,2.078043859892742091e+02,5.000000000000000000e+00,2.023386000000000011e-06,0.000000000000000000e+00
1.933821684479114538e+02,2.078039615815520733e+02,5.000000000000000000e+00,2.137356000000000124e-06,0.000000000000000000e+00
1.937811100958015231e+02,2.078035626399041860e+02,5.000000000000000000e+00,2.064306000000000035e-06,0.000000000000000000e+00
1.942279705289050469e+02,2.078031157794710850e+02,5.000000000000000000e+00,2.033673999999999818e-06,0.000000000000000000e+00
1.946174435270645233e+02,2.078027263064729198e+02,5.000000000000000000e+00,2.085478999999999824e-06,0.000000000000000000e+00
1.950310648060010124e+02,2.078023126851940106e+02,5.000000000000000000e+00,1.879336000000000094e-06,0.000000000000000000e+00
1.954562739473010708e+02,2.078018874760526842e+02,5.000000000000000000e+00,2.016051000000000190e-06,0.000000000000000000e+00
1.958642529415185152e+02,2.078014794970584660e+02,5.000000000000000000e+00,2.016415000000000073e-06,0.000000000000000000e+00
1.962948462560343614e+02,2.078010489037439754e+02,5.000000000000000000e+00,1.988868000000000098e-06,0.000000000000000000e+00
1.966981232926357563e+02,2.078006456267073645e+02,5.000000000000000000e+00,2.025467000000000067e-06,0.000000000000000000e+00
1.971074897252365190e+02,2.078002362602747723e+02,5.000000000000000000e+00,1.906562999999999918e-06,0.000000000000000000e+00
1.975411897870789915e+02,2.077998025602129246e+02,5.000000000000000000e+00,1.995954999999999849e-06,0.000000000000000000e+00
1.979443513114339623e+02,2.077993993986885641e+02,5.000000000000000000e+00,1.923050000000000163e-06,0.000000000000000000e+00
1.983680734582032414e+02,2.077989756765418008e+02,5.000000000000000000e+00,2.004046000000000209e-06,0.000000000000000000e+00
1.988056314217327554e+02,2.077985381185782785e+02,5.000000000000000000e+00,2.038810999999999952e-06,0.000000000000000000e+00
1.992119777229040380e+02,2.077981317722770882e+02,5.000000000000000000e+00,2.041299000000000020e-06,0.000000000000000000e+00
1.996274107413061643e+02,2.077977163392586988e+02,5.000000000000000000e+00,2.171727999999999818e-06,0.000000000000000000e+00
2.000152321361358929e+02,2.077973285178638605e+02,5.000000000000000000e+00,2.046829000000000203e-06,0.000000000000000000e+00
2.004431835655699956e+02,2.077969005664344309e+02,5.000000000000000000e+00,2.069195000000000100e-06,0.000000000000000000e+00
2.008742201702016814e+02,2.077964695298298068e+02,5.000000000000000000e+00,2.030573999999999797e-06,0.000000000000000000e+00
2.012821150996527990e+02,2.077960616349003544e+02,5.000000000000000000e+00,2.023560000000000155e-06,0.000000000000000000e+00
2.017045284609838802e+02,2.077956392215390053e+02,5.000000000000000000e+00,2.045926999999999868e-06,0.000000000000000000e+00
2.021476031964375863e+02,2.077951961468035620e+02,5.000000000000000000e+00,2.025612000000000046e-06,0.000000000000000000e+00
2.025630117982346974e+02,2.077947807382017515e+02,5.000000000000000000e+00,2.007450999999999967e-06,0.000000000000000000e+00
2.029631024945929028e+02,2.077943806475053918e+02,5.000000000000000000e+00,1.974839999999999967e-06,0.000000000000000000e+00
2.033904030959010925e+02,2.077939533469040896e+02,5.000000000000000000e+00,2.040192999999999984e-06,0.000000000000000000e+00
2.038280891693026717e+02,2.077935156608307068e+02,5.000000000000000000e+00,2.061934000000000205e-06,0.000000000000000000e+00
2.042517819698473147e+02,2.077930919680301542e+02,5.000000000000000000e+00,2.254542999999999888e-06,0.000000000000000000e+00
2.046594031268894298e+02,2.077926843468731022e+02,5.000000000000000000e+00,2.185304999999999993e-06,0.000000000000000000e+00
2.050822625141676099e+02,2.077922614874858311e+02,5.000000000000000000e+00,2.154425999999999945e-06,0.000000000000000000e+00
2.054977935614157047e+02,2.077918459564385785e+02,5.000000000000000000e+00,2.190688999999999957e-06,0.000000000000000000e+00
2.058962460558696534e+02,2.077914475039441413e+02,5.000000000000000000e+00,2.283020999999999940e-06,0.000000000000000000e+00
2.063294270305343900e+02,2.077910143229694597e+02,5.000000000000000000e+00,2.276371000000000181e-06,0.000000000000000000e+00
2.067433066253876746e+02,2.077906004433746148e+02,5.000000000000000000e+00,2.034882000000000129e-06,0.000000000000000000e+00
2.071431685122259694e+02,2.077902005814877668e+02,5.000000000000000000e+00,1.950059000000000111e-06,0.000000000000000000e+00
2.075468746392408264e+02,2.077897968753607643e+02,5.000000000000000000e+00,2.093497000000000075e-06,0.000000000000000000e+00
2.079690724156835984e+02,2.077893746775843056e+02,5.000000000000000000e+00,2.224537000000000010e-06,0.000000000000000000e+00
2.083872055134683876e+02,2.077889565444865241e+02,5.000000000000000000e+00,2.225976999999999948e-06,0.000000000000000000e+00
2.088078301433032493e+02,2.077885359198566846e+02,5.000000000000000000e+00,2.137428999999999810e-06,0.000000000000000000e+00
2.092358627847430057e+02,2.077881078872152614e+02,5.000000000000000000e+00,2.052736999999999808e-06,0.000000000000000000e+00
2.096464318681442762e+02,2.077876973181318476e+02,5.000000000000000000e+00,2.118410000000000187e-06,0.000000000000000000e+00
2.100665410194290530e+02,2.077872772089805551e+02,5.000000000000000000e+00,2.098734999999999821e-06,0.000000000000000000e+00
2.104852998002212132e+02,2.077868584501997873e+02,5.000000000000000000e+00,2.189276999999999944e-06,0.000000000000000000e+00
2.109160435092711054e+02,2.077864277064907412e+02,5.000000000000000000e+00,2.114945999999999859e-06,0.000000000000000000e+00
2.113240783777922331e+02,2.077860196716221992e+02,5.000000000000000000e+00,2.103929999999999861e-06,0.000000000000000000e+00
2.117549850838194914e+02,2.077855887649161843e+02,5.000000000000000000e+00,1.749941000000000039e-06,0.000000000000000000e+00
2.121716126865109970e+02,2.077851721373134808e+02,5.000000000000000000e+00,1.971362999999999916e-06,0.000000000000000000e+00
2.125940349379540919e+02,2.077847497150620484e+02,5.000000000000000000e+00,2.096422000000000136e-06,0.000000000000000000e+00
2.130027567889310092e+02,2.077843409932110603e+02,5.000000000000000000e+00,1.981897999999999977e-06,0.000000000000000000e+00
2.134331772022900964e+02,2.077839105727977085e+02,5.000000000000000000e+00,1.942622000000000016e-06,0.000000000000000000e+00
2.138543655240746091e+02,2.077834893844759279e+02,5.000000000000000000e+00,1.920431000000000079e-06,0.000000000000000000e+00
2.142718043857647956e+02,2.077830719456142390e+02,5.000000000000000000e+00,2.029206000000000151e-06,0.000000000000000000e+00
2.146921924096691896e+02,2.077826515575903272e+02,5.000000000000000000e+00,2.054352000000000130e-06,0.000000000000000000e+00
2.150798487589260048e+02,2.077822639012410662e+02,5.000000000000000000e+00,1.850960000000000105e-06,0.000000000000000000e+00
2.155206011967842983e+02,2.077818231488032268e+02,5.000000000000000000e+00,1.988926999999999821e-06,0.000000000000000000e+00
2.159121644222495888e+02,2.077814315855777352e+02,5.000000000000000000e+00,2.010695999999999968e-06,0.000000000000000000e+00
2.163436426231541532e+02,2.077810001073768547e+02,5.000000000000000000e+00,1.999826000000000189e-06,0.000000000000000000e+00
2.167853209001272319e+02,2.077805584290998695e+02,5.000000000000000000e+00,1.966880999999999863e-06,0.000000000000000000e+00
2.171844183996182949e+02,2.077801593316003732e+02,5.000000000000000000e+00,2.067360999999999873e-06,0.000000000000000000e+00
2.175999610820897487e+02,2.077797437889178980e+02,5.000000000000000000e+00,2.032088000000000084e-06,0.000000000000000000e+00
2.179904480766570032e+02,2.077793533019233507e+02,5.000000000000000000e+00,2.040600999999999811e-06,0.000000000000000000e+00
2.184202727151438808e+02,2.077789234772848488e+02,5.000000000000000000e+00,2.014902000000000025e-06,0.000000000000000000e+00
2.188508799826505253e+02,2.077784928700173452e+02,5.000000000000000000e+00,2.156477000000000021e-06,0.000000000000000000e+00
2.192589814654203906e+02,2.077780847685345691e+02,5.000000000000000000e+00,1.976935999999999803e-06,0.000000000000000000e+00
2.196762748261987213e+02,2.077776674751737858e+02,5.000000000000000000e+00,1.943496000000000001e-06,0.000000000000000000e+00
2.200978602408969493e+02,2.077772458897591150e+02,5.000000000000000000e+00,1.987412999999999957e-06,0.000000000000000000e+00
2.204828704854267869e+02,2.077768608795145724e+02,5.000000000000000000e+00,1.956722999999999832e-06,0.000000000000000000e+00
2.209298004952408121e+02,2.077764139495047573e+02,5.000000000000000000e+00,1.918947000000000196e-06,0.000000000000000000e+00
2.213670625573940924e+02,2.077759766874426077e+02,5.000000000000000000e+00,2.025058999999999816e-06,0.000000000000000000e+00
2.217528550762918087e+02,2.077755908949237096e+02,5.000000000000000000e+00,1.923559000000000026e-06,0.000000000000000000e+00
2.221966161261696016e+02,2.077751471338738156e+02,5.000000000000000000e+00,1.918189999999999841e-06,0.000000000000000000e+00
2.226121636968748874e+02,2.077747315863031190e+02,5.000000000000000000e+00,2.004221000000000169e-06,0.000000000000000000e+00
2.230494594348147643e+02,2.077742942905651944e+02,5.000000000000000000e+00,2.019281999999999804e-06,0.000000000000000000e+00
2.234734774642524826e+02,2.077738702725357598e+02,5.000000000000000000e+00,1.946274999999999844e-06,0.000000000000000000e+00
2.238723948399532446e+02,2.077734713551600407e+02,5.000000000000000000e+00,1.855544000000000009e-06,0.000000000000000000e+00
2.243149854001301264e+02,2.077730287645998715e+02,5.000000000000000000e+00,1.904976999999999972e-06,0.000000000000000000e+00
2.247445625509582499e+02,2.077725991874490319e+02,5.000000000000000000e+00,1.870911000000000043e-06,0.000000000000000000e+00
2.251320779626802278e+02,2.077722116720373151e+02,5.000000000000000000e+00,1.865075000000000096e-06,0.000000000000000000e+00
2.255471777072123984e+02,2.077717965722928000e+02,5.000000000000000000e+00,1.815555000000000060e-06,0.000000000000000000e+00
2.259510853250104105e+02,2.077713926646749769e+02,5.000000000000000000e+00,1.845052000000000076e-06,0.000000000000000000e+00
2.263772684477023063e+02,2.077709664815523070e+02,5.000000000000000000e+00,1.858061000000000031e-06,0.000000000000000000e+00
2.267851479495998319e+02,2.077705586020503858e+02,5.000000000000000000e+00,1.767155000000000024e-06,0.000000000000000000e+00
2.272080616822964885e+02,2.077701356883177084e+02,5.000000000000000000e+00,1.881547999999999955e-06,0.000000000000000000e+00
2.276237429985903873e+02,2.077697200070014105e+02,5.000000000000000000e+00,1.895023000000000067e-06,0.000000000000000000e+00
2.280347606408702461e+02,2.077693089893591321e+02,5.000000000000000000e+00,1.874344999999999967e-06,0.000000000000000000e+00
2.284583835755624079e+02,2.077688853664244277e+02,5.000000000000000000e+00,1.913532999999999827e-06,0.000000000000000000e+00
2.288572949873804134e+02,2.077684864550126065e+02,5.000000000000000000e+00,1.811626000000000025e-06,0.000000000000000000e+00
2.293011940828002082e+02,2.077680425559171908e+02,5.000000000000000000e+00,1.829147000000000014e-06,0.000000000000000000e+00
2.297282791297710105e+02,2.077676154708702256e+02,5.000000000000000000e+00,1.894732000000000082e-06,0.000000000000000000e+00
2.301161587858032931e+02,2.077672275912142084e+02,5.000000000000000000e+00,1.794352999999999895e-06,0.000000000000000000e+00
2.305316018079359708e+02,2.077668121481920593e+02,5.000000000000000000e+00,1.868116999999999998e-06,0.000000000000000000e+00
2.309774047240458117e+02,2.077663663452759408e+02,5.000000000000000000e+00,1.858963999999999969e-06,0.000000000000000000e+00
2.314100656620763061e+02,2.077659336843379094e+02,5.000000000000000000e+00,1.831416999999999994e-06,0.000000000000000000e+00
2.317998631282442830e+02,2.077655438868717397e+02,5.000000000000000000e+00,1.863140000000000046e-06,0.000000000000000000e+00
2.322488143790488664e+02,2.077650949356209367e+02,5.000000000000000000e+00,1.933556999999999875e-06,0.000000000000000000e+00
2.326641885919368065e+02,2.077646795614080588e+02,5.000000000000000000e+00,1.893232999999999996e-06,0.000000000000000000e+00
2.330714181193253580e+02,2.077642723318806759e+02,5.000000000000000000e+00,1.831430999999999957e-06,0.000000000000000000e+00
2.334731005474615699e+02,2.077638706494525422e+02,5.000000000000000000e+00,1.799969999999999937e-06,0.000000000000000000e+00
2.339189729419117612e+02,2.077634247770580771e+02,5.000000000000000000e+00,1.917388999999999965e-06,0.000000000000000000e+00
2.343178152746010028e+02,2.077630259347253912e+02,5.000000000000000000e+00,1.925364000000000087e-06,0.000000000000000000e+00
2.347418833327131154e+02,2.077626018666672962e+02,5.000000000000000000e+00,1.858686999999999946e-06,0.000000000000000000e+00
2.351841963665279707e+02,2.077621595536334667e+02,5.000000000000000000e+00,1.789492999999999995e-06,0.000000000000000000e+00
2.355646921229007944e+02,2.077617790578771064e+02,5.000000000000000000e+00,1.843043999999999917e-06,0.000000000000000000e+00
2.359887750786259915e+02,2.077613549749213746e+02,5.000000000000000000e+00,1.903245000000000020e-06,0.000000000000000000e+00
2.364206262744621654e+02,2.077609231237255472e+02,5.000000000000000000e+00,1.853667000000000077e-06,0.000000000000000000e+00
2.368115511388696746e+02,2.077605321988611422e+02,5.000000000000000000e+00,1.824256999999999922e-06,0.000000000000000000e+00
2.372355337495109211e+02,2.077601082162505008e+02,5.000000000000000000e+00,1.834719999999999901e-06,0.000000000000000000e+00
2.376775260462256085e+02,2.077596662239537864e+02,5.000000000000000000e+00,1.903391000000000027e-06,0.000000000000000000e+00
2.380587591457608028e+02,2.077592849908542405e+02,5.000000000000000000e+00,1.801817999999999915e-06,0.000000000000000000e+00
2.384824565509673562e+02,2.077588612934490300e+02,5.000000000000000000e+00,1.815190999999999965e-06,0.000000000000000000e+00
2.389010441086239211e+02,2.077584427058913832e+02,5.000000000000000000e+00,1.825611000000000028e-06,0.000000000000000000e+00
2.393229930191060930e+02,2.077580207569808977e+02,5.000000000000000000e+00,1.751454000000000087e-06,0.000000000000000000e+00
2.397537822086704011e+02,2.077575899677913185e+02,5.000000000000000000e+00,1.775289999999999904e-06,0.000000000000000000e+00
2.401532779289582038e+02,2.077571904720710450e+02,5.000000000000000000e+00,1.753171000000000049e-06,0.000000000000000000e+00
2.405579151116648120e+02,2.077567858348883192e+02,5.000000000000000000e+00,1.739754000000000055e-06,0.000000000000000000e+00
2.410009888014504043e+02,2.077563427611985389e+02,5.000000000000000000e+00,1.830746999999999922e-06,0.000000000000000000e+00
2.413958176006997576e+02,2.077559479323992946e+02,5.000000000000000000e+00,1.824839000000000105e-06,0.000000000000000000e+00
2.418235930563228919e+02,2.077555201569436747e+02,5.000000000000000000e+00,1.795823000000000026e-06,0.000000000000000000e+00
2.422704650690724861e+02,2.077550732849309156e+02,5.000000000000000000e+00,1.812732000000000062e-06,0.000000000000000000e+00
2.426905277094996052e+02,2.077546532222905000e+02,5.000000000000000000e+00,1.796447999999999914e-06,0.000000000000000000e+00
2.431056567970948663e+02,2.077542380932029005e+02,5.000000000000000000e+00,1.776163000000000074e-06,0.000000000000000000e+00
2.435398538650242983e+02,2.077538038961349685e+02,5.000000000000000000e+00,1.741834999999999900e-06,0.000000000000000000e+00
2.439425561879860709e+02,2.077534011938120102e+02,5.000000000000000000e+00,1.795488000000000096e-06,0.000000000000000000e+00
2.443664195378706268e+02,2.077529773304621301e+02,5.000000000000000000e+00,1.801075999999999974e-06,0.000000000000000000e+00
2.447653115339694523e+02,2.077525784384660312e+02,5.000000000000000000e+00,1.727865000000000100e-06,0.000000000000000000e+00
2.452103605184616129e+02,2.077521333894815427e+02,5.000000000000000000e+00,1.812761000000000015e-06,0.000000000000000000e+00
2.456133229437724879e+02,2.077517304270562306e+02,5.000000000000000000e+00,1.858977999999999932e-06,0.000000000000000000e+00
2.460136837723646011e+02,2.077513300662276379e+02,5.000000000000000000e+00,1.783976999999999987e-06,0.000000000000000000e+00
2.464423218823733635e+02,2.077509014281176292e+02,5.000000000000000000e+00,1.849766999999999996e-06,0.000000000000000000e+00
2.468502705287355923e+02,2.077504934794712597e+02,5.000000000000000000e+00,1.821667000000000003e-06,0.000000000000000000e+00
2.472809485929909670e+02,2.077500628014070116e+02,5.000000000000000000e+00,1.731095999999999926e-06,0.000000000000000000e+00
2.476827805758725276e+02,2.077496609694241272e+02,5.000000000000000000e+00,1.747234000000000067e-06,0.000000000000000000e+00
2.480905811858880838e+02,2.077492531688141071e+02,5.000000000000000000e+00,1.740495999999999997e-06,0.000000000000000000e+00
2.485272873735117116e+02,2.077488164626264791e+02,5.000000000000000000e+00,1.892244000000000013e-06,0.000000000000000000e+00
2.489287541870228893e+02,2.077484149958129649e+02,5.000000000000000000e+00,1.907771000000000017e-06,0.000000000000000000e+00
2.493659076764259623e+02,2.077479778423235643e+02,5.000000000000000000e+00,1.913736999999999953e-06,0.000000000000000000e+00
2.497514877778572782e+02,2.077475922622221276e+02,5.000000000000000000e+00,1.912616000000000138e-06,0.000000000000000000e+00
2.501949791756566697e+02,2.077471487708243387e+02,5.000000000000000000e+00,1.885419000000000083e-06,0.000000000000000000e+00
2.506102488085456059e+02,2.077467335011914429e+02,5.000000000000000000e+00,1.845531999999999985e-06,0.000000000000000000e+00
2.510255177650550991e+02,2.077463182322349553e+02,5.000000000000000000e+00,1.818349000000000105e-06,0.000000000000000000e+00
2.514719647741966355e+02,2.077458717852258019e+02,5.000000000000000000e+00,1.849067999999999971e-06,0.000000000000000000e+00
2.518709525666165518e+02,2.077454727974333935e+02,5.000000000000000000e+00,1.668232000000000005e-06,0.000000000000000000e+00
2.523138092776127053e+02,2.077450299407223895e+02,5.000000000000000000e+00,1.567895999999999947e-06,0.000000000000000000e+00
2.527432591258249488e+02,2.077446004908741770e+02,5.000000000000000000e+00,1.520878999999999970e-06,0.000000000000000000e+00
2.531307467790500141e+02,2.077442130032209491e+02,5.000000000000000000e+00,1.511972999999999982e-06,0.000000000000000000e+00
2.535457341009329468e+02,2.077437980158990740e+02,5.000000000000000000e+00,1.500869999999999913e-06,0.000000000000000000e+00
2.539501315949980835e+02,2.077433936184050083e+02,5.000000000000000000e+00,1.553723000000000049e-06,0.000000000000000000e+00
2.543889002099236336e+02,2.077429548497900669e+02,5.000000000000000000e+00,1.539855000000000099e-06,0.000000000000000000e+00
2.548296734887554464e+02,2.077425140765112417e+02,5.000000000000000000e+00,1.595689999999999964e-06,0.000000000000000000e+00
2.552148934458155907e+02,2.077421288565541886e+02,5.000000000000000000e+00,1.563589000000000066e-06,0.000000000000000000e+00
2.556498593373270296e+02,2.077416938906626740e+02,5.000000000000000000e+00,1.527543999999999930e-06,0.000000000000000000e+00
2.560376310483208613e+02,2.077413061189516839e+02,5.000000000000000000e+00,1.517998000000000065e-06,0.000000000000000000e+00
2.564614643794322433e+02,2.077408822856205575e+02,5.000000000000000000e+00,1.563530999999999947e-06,0.000000000000000000e+00
2.568805005009542128e+02,2.077404632494990437e+02,5.000000000000000000e+00,1.449982000000000020e-06,0.000000000000000000e+00
2.573005380698330100e+02,2.077400432119301570e+02,5.000000000000000000e+00,1.446663999999999910e-06,0.000000000000000000e+00
2.577270319340560150e+02,2.077396167180659461e+02,5.000000000000000000e+00,1.474968000000000029e-06,0.000000000000000000e+00
2.581148063996607220e+02,2.077392289436003239e+02,5.000000000000000000e+00,1.539884000000000053e-06,0.000000000000000000e+00
2.585297980947332235e+02,2.077388139519052572e+02,5.000000000000000000e+00,1.502848999999999907e-06,0.000000000000000000e+00
2.589760619690355270e+02,2.077383676880309622e+02,5.000000000000000000e+00,1.460372000000000102e-06,0.000000000000000000e+00
2.593752985672368254e+02,2.077379684514327494e+02,5.000000000000000000e+00,1.507024999999999983e-06,0.000000000000000000e+00
2.598177670700499107e+02,2.077375259829299523e+02,5.000000000000000000e+00,1.574938999999999965e-06,0.000000000000000000e+00
2.602034413723109196e+02,2.077371403086276871e+02,5.000000000000000000e+00,1.567502999999999898e-06,0.000000000000000000e+00
2.606364195870331741e+02,2.077367073304129690e+02,5.000000000000000000e+00,1.454245999999999984e-06,0.000000000000000000e+00
2.610519671577384884e+02,2.077362917828422724e+02,5.000000000000000000e+00,1.460633999999999922e-06,0.000000000000000000e+00
2.614547983889949023e+02,2.077358889516110025e+02,5.000000000000000000e+00,1.440902000000000100e-06,0.000000000000000000e+00
2.618813664194317994e+02,2.077354623835805683e+02,5.000000000000000000e+00,1.411346999999999965e-06,0.000000000000000000e+00
2.623184992199240924e+02,2.077350252507800690e+02,5.000000000000000000e+00,1.358857999999999925e-06,0.000000000000000000e+00
2.627656697152523861e+02,2.077345780802847344e+02,5.000000000000000000e+00,1.470383999999999914e-06,0.000000000000000000e+00
2.631844215993850753e+02,2.077341593284006080e+02,5.000000000000000000e+00,1.393971999999999984e-06,0.000000000000000000e+00
2.635897175907063001e+02,2.077337540324092799e+02,5.000000000000000000e+00,1.361012000000000091e-06,0.000000000000000000e+00
2.639897398408119784e+02,2.077333540101591893e+02,5.000000000000000000e+00,1.437626999999999907e-06,0.000000000000000000e+00
2.644204157741102676e+02,2.077329233342258874e+02,5.000000000000000000e+00,1.304083999999999913e-06,0.000000000000000000e+00
2.648285908993515818e+02,2.077325151591006431e+02,5.000000000000000000e+00,1.278429000000000072e-06,0.000000000000000000e+00
2.652604372279873246e+02,2.077320833127720050e+02,5.000000000000000000e+00,1.384062000000000022e-06,0.000000000000000000e+00
2.656674360911713393e+02,2.077316763139088209e+02,5.000000000000000000e+00,1.377352999999999906e-06,0.000000000000000000e+00
2.660831725184283982e+02,2.077312605774815779e+02,5.000000000000000000e+00,1.335850999999999909e-06,0.000000000000000000e+00
2.665065141072628876e+02,2.077308372358927215e+02,5.000000000000000000e+00,1.343229000000000070e-06,0.000000000000000000e+00
2.669059078088694719e+02,2.077304378421911224e+02,5.000000000000000000e+00,1.376043999999999983e-06,0.000000000000000000e+00
2.673451318965105656e+02,2.077299986181034797e+02,5.000000000000000000e+00,1.369190000000000099e-06,0.000000000000000000e+00
2.677533070934721309e+02,2.077295904429065274e+02,5.000000000000000000e+00,1.268723000000000024e-06,0.000000000000000000e+00
2.681695961322130302e+02,2.077291741538677741e+02,5.000000000000000000e+00,1.296735999999999946e-06,0.000000000000000000e+00
2.685761228788854851e+02,2.077287676271211012e+02,5.000000000000000000e+00,1.322755000000000094e-06,0.000000000000000000e+00
2.689773775923315497e+02,2.077283663724076632e+02,5.000000000000000000e+00,1.341265000000000066e-06,0.000000000000000000e+00
2.694241047557251818e+02,2.077279196452442704e+02,5.000000000000000000e+00,1.268053999999999981e-06,0.000000000000000000e+00
2.698313310214305716e+02,2.077275124189785629e+02,5.000000000000000000e+00,1.286753000000000087e-06,0.000000000000000000e+00
2.702459376701036717e+02,2.077270978123299017e+02,5.000000000000000000e+00,1.336346000000000021e-06,0.000000000000000000e+00
2.706889858170541174e+02,2.077266547641829391e+02,5.000000000000000000e+00,1.345805000000000026e-06,0.000000000000000000e+00
2.711042488233890708e+02,2.077262395011766216e+02,5.000000000000000000e+00,1.302395999999999905e-06,0.000000000000000000e+00
2.715175665640878719e+02,2.077258261834359132e+02,5.000000000000000000e+00,1.275897000000000059e-06,0.000000000000000000e+00
2.719236861224844120e+02,2.077254200638775217e+02,5.000000000000000000e+00,1.306746999999999942e-06,0.000000000000000000e+00
2.723647962002910390e+02,2.077249789537997060e+02,5.000000000000000000e+00,1.352367999999999924e-06,0.000000000000000000e+00
2.727887942538167749e+02,2.077245549557461857e+02,5.000000000000000000e+00,1.398308000000000030e-06,0.000000000000000000e+00
2.732125320871203940e+02,2.077241312179128840e+02,5.000000000000000000e+00,1.356179999999999906e-06,0.000000000000000000e+00
2.736236385082301581e+02,2.077237201114917582e+02,5.000000000000000000e+00,1.277629000000000012e-06,0.000000000000000000e+00
2.740352673775614676e+02,2.077233084826224285e+02,5.000000000000000000e+00,1.388470999999999966e-06,0.000000000000000000e+00
2.744404637106113682e+02,2.077229032862893803e+02,5.000000000000000000e+00,1.424676000000000071e-06,0.000000000000000000e+00
2.748711391988896366e+02,2.077224726108011055e+02,5.000000000000000000e+00,1.406674999999999962e-06,0.000000000000000000e+00
2.752793143241308940e+02,2.077220644356758612e+02,5.000000000000000000e+00,1.458888000000000007e-06,0.000000000000000000e+00
2.757013710241729996e+02,2.077216423789758153e+02,5.000000000000000000e+00,1.526844999999999905e-06,0.000000000000000000e+00
2.760891387918467217e+02,2.077212546112081384e+02,5.000000000000000000e+00,1.447974000000000072e-06,0.000000000000000000e+00
2.765289734408397067e+02,2.077208147765591661e+02,5.000000000000000000e+00,1.489693999999999946e-06,0.000000000000000000e+00
2.769529611832343221e+02,2.077203907888167578e+02,5.000000000000000000e+00,1.341672000000000078e-06,0.000000000000000000e+00
2.773514533152031731e+02,2.077199922966848078e+02,5.000000000000000000e+00,1.517474000000000000e-06,0.000000000000000000e+00
2.777916212070610413e+02,2.077195521287929409e+02,5.000000000000000000e+00,1.442226000000000013e-06,0.000000000000000000e+00
2.781929809059824379e+02,2.077191507690940284e+02,5.000000000000000000e+00,1.482840000000000062e-06,0.000000000000000000e+00
2.786082571654252433e+02,2.077187354928345826e+02,5.000000000000000000e+00,1.313281000000000098e-06,0.000000000000000000e+00
0.000000000000000000e+00,2.079973437499999989e+02,1.000000000000000000e+01,2.259606999999999997e-05,0.000000000000000000e+00
2.768964236828675984e-01,2.079970668535763139e+02,1.000000000000000000e+01,-1.933163999999999826e-06,0.000000000000000000e+00
3.689850055933784900e-01,2.079969747649944054e+02,1.000000000000000000e+01,-9.628420000000000134e-07,0.000000000000000000e+00
4.611406909735100146e-01,2.079968826093090115e+02,1.000000000000000000e+01,-3.549794000000000135e-07,0.000000000000000000e+00
6.021010627914836766e-01,2.079967416489372170e+02,1.000000000000000000e+01,1.043517999999999961e-07,0.000000000000000000e+00
7.863006342023454165e-01,2.079965574493658096e+02,1.000000000000000000e+01,4.503380999999999845e-07,0.000000000000000000e+00
1.011859992226339378e+00,2.079963318900077809e+02,1.000000000000000000e+01,7.005292000000000496e-07,0.000000000000000000e+00
1.294457092502942164e+00,2.079960492929074860e+02,1.000000000000000000e+01,8.699425999999999750e-07,0.000000000000000000e+00
1.596138061832061084e+00,2.079957476119381568e+02,1.000000000000000000e+01,8.885108000000000499e-07,0.000000000000000000e+00
1.949327701648013056e+00,2.079953944222983466e+02,1.000000000000000000e+01,9.076902999999999735e-07,0.000000000000000000e+00
2.353112149000216924e+00,2.079949906378510036e+02,1.000000000000000000e+01,9.731301999999999109e-07,0.000000000000000000e+00
2.783843846713335513e+00,2.079945599061532846e+02,1.000000000000000000e+01,1.087028000000000064e-06,0.000000000000000000e+00
3.218960566670407086e+00,2.079941247894333287e+02,1.000000000000000000e+01,1.161025000000000035e-06,0.000000000000000000e+00
3.635754964921674492e+00,2.079937079950350665e+02,1.000000000000000000e+01,1.133520999999999976e-06,0.000000000000000000e+00
4.023589658843799377e+00,2.079933201603411419e+02,1.000000000000000000e+01,1.212247000000000042e-06,0.000000000000000000e+00
4.450039488111038999e+00,2.079928937105118791e+02,1.000000000000000000e+01,1.268447000000000029e-06,0.000000000000000000e+00
4.881004294101318308e+00,2.079924627457058932e+02,1.000000000000000000e+01,1.235486999999999925e-06,0.000000000000000000e+00
5.306491473319683294e+00,2.079920372585266648e+02,1.000000000000000000e+01,1.277803999999999972e-06,0.000000000000000000e+00
5.712691210856658763e+00,2.079916310587891530e+02,1.000000000000000000e+01,1.269000000000000047e-06,0.000000000000000000e+00
6.115048498141653965e+00,2.079912287015018535e+02,1.000000000000000000e+01,1.299383999999999984e-06,0.000000000000000000e+00
6.515490952750019993e+00,2.079908282590472481e+02,1.000000000000000000e+01,1.244975000000000095e-06,0.000000000000000000e+00
6.927262050088463852e+00,2.079904164879499149e+02,1.000000000000000000e+01,1.195366999999999960e-06,0.000000000000000000e+00
7.351148880432001320e+00,2.079899926011195532e+02,1.000000000000000000e+01,1.206747000000000052e-06,0.000000000000000000e+00
7.785019388668622753e+00,2.079895587306113214e+02,1.000000000000000000e+01,1.206076999999999981e-06,0.000000000000000000e+00
8.208722261145037891e+00,2.079891350277388540e+02,1.000000000000000000e+01,1.299150999999999905e-06,0.000000000000000000e+00
8.607441999895035778e+00,2.079887363080001137e+02,1.000000000000000000e+01,1.325926999999999985e-06,0.000000000000000000e+00
9.028593769842849781e+00,2.079883151562301578e+02,1.000000000000000000e+01,1.417545999999999980e-06,0.000000000000000000e+00
9.421199481455932556e+00,2.079879225505185332e+02,1.000000000000000000e+01,1.409615000000000013e-06,0.000000000000000000e+00
9.855463405087723672e+00,2.079874882865949246e+02,1.000000000000000000e+01,1.370776000000000045e-06,0.000000000000000000e+00
1.029735588894624065e+01,2.079870463941110472e+02,1.000000000000000000e+01,1.395601000000000057e-06,0.000000000000000000e+00
1.072304058269719995e+01,2.079866207094173092e+02,1.000000000000000000e+01,1.424298000000000013e-06,0.000000000000000000e+00
1.113591910157663278e+01,2.079862078308984223e+02,1.000000000000000000e+01,1.475709999999999971e-06,0.000000000000000000e+00
1.152620122357930477e+01,2.079858175487764242e+02,1.000000000000000000e+01,1.472886999999999973e-06,0.000000000000000000e+00
1.197239390854961805e+01,2.079853713560914343e+02,1.000000000000000000e+01,1.457650999999999954e-06,0.000000000000000000e+00
1.240564531763787137e+01,2.079849381046823567e+02,1.000000000000000000e+01,1.420266999999999916e-06,0.000000000000000000e+00
1.279519095923664196e+01,2.079845485590407748e+02,1.000000000000000000e+01,1.435749999999999976e-06,0.000000000000000000e+00
1.324305301731432039e+01,2.079841006969826935e+02,1.000000000000000000e+01,1.529974000000000092e-06,0.000000000000000000e+00
1.365844961793940726e+01,2.079836853003820636e+02,1.000000000000000000e+01,1.525346000000000032e-06,0.000000000000000000e+00
1.404601006946564823e+01,2.079832977399305207e+02,1.000000000000000000e+01,1.473730999999999977e-06,0.000000000000000000e+00
1.446857472419162427e+01,2.079828751752758080e+02,1.000000000000000000e+01,1.487277999999999959e-06,0.000000000000000000e+00
1.491417809119492333e+01,2.079824295719087957e+02,1.000000000000000000e+01,1.491789999999999993e-06,0.000000000000000000e+00
1.531299444853169156e+01,2.079820307555514773e+02,1.000000000000000000e+01,1.495137000000000056e-06,0.000000000000000000e+00
1.575977132996699837e+01,2.079815839786700451e+02,1.000000000000000000e+01,1.450841000000000015e-06,0.000000000000000000e+00
1.613551234396946654e+01,2.079812082376560340e+02,1.000000000000000000e+01,1.422013000000000043e-06,0.000000000000000000e+00
1.656596411982929951e+01,2.079807777858801785e+02,1.000000000000000000e+01,1.370077000000000020e-06,0.000000000000000000e+00
1.696547521195952513e+01,2.079803782747880518e+02,1.000000000000000000e+01,1.394597000000000083e-06,0.000000000000000000e+00
1.739312943442054049e+01,2.079799506205655746e+02,1.000000000000000000e+01,1.367151999999999959e-06,0.000000000000000000e+00
1.782396111677293504e+01,2.079795197888832377e+02,1.000000000000000000e+01,1.415217000000000066e-06,0.000000000000000000e+00
1.823039154460745692e+01,2.079791133584553791e+02,1.000000000000000000e+01,1.451596999999999919e-06,0.000000000000000000e+00
1.864333685487701331e+01,2.079787004131451340e+02,1.000000000000000000e+01,1.440523000000000014e-06,0.000000000000000000e+00
1.907061458536141174e+01,2.079782731354146392e+02,1.000000000000000000e+01,1.392050999999999896e-06,0.000000000000000000e+00
1.945585728267875680e+01,2.079778878927173196e+02,1.000000000000000000e+01,1.341729999999999985e-06,0.000000000000000000e+00
1.990038757459802454e+01,2.079774433624253902e+02,1.000000000000000000e+01,1.305525000000000092e-06,0.000000000000000000e+00
2.029920630824208772e+01,2.079770445436917612e+02,1.000000000000000000e+01,1.273773000000000086e-06,0.000000000000000000e+00
2.072284411975476459e+01,2.079766209058802531e+02,1.000000000000000000e+01,1.302862000000000063e-06,0.000000000000000000e+00
2.116273158439355484e+01,2.079761810184156161e+02,1.000000000000000000e+01,1.335226000000000021e-06,0.000000000000000000e+00
2.157013128893341758e+01,2.079757736187110595e+02,1.000000000000000000e+01,1.390392000000000053e-06,0.000000000000000000e+00
2.197161688863828743e+01,2.079753721331113638e+02,1.000000000000000000e+01,1.395776000000000017e-06,0.000000000000000000e+00
2.240244912623178308e+01,2.079749413008737804e+02,1.000000000000000000e+01,1.405526000000000009e-06,0.000000000000000000e+00
2.284162255466017655e+01,2.079745021274453336e+02,1.000000000000000000e+01,1.400127000000000054e-06,0.000000000000000000e+00
2.328651813879250554e+01,2.079740572318611953e+02,1.000000000000000000e+01,1.420995000000000106e-06,0.000000000000000000e+00
2.367155154405673301e+01,2.079736721984559438e+02,1.000000000000000000e+01,1.349631999999999998e-06,0.000000000000000000e+00
2.409741638274975983e+01,2.079732463336172543e+02,1.000000000000000000e+01,1.357882999999999904e-06,0.000000000000000000e+00
2.451285906403731829e+01,2.079728308909359669e+02,1.000000000000000000e+01,1.306324999999999940e-06,0.000000000000000000e+00
2.492530010854223477e+01,2.079724184498914497e+02,1.000000000000000000e+01,1.312072999999999999e-06,0.000000000000000000e+00
2.534920729058142541e+01,2.079719945427094103e+02,1.000000000000000000e+01,1.409556999999999894e-06,0.000000000000000000e+00
2.577734583750471842e+01,2.079715664041625018e+02,1.000000000000000000e+01,1.363499999999999947e-06,0.000000000000000000e+00
2.617378571442203139e+01,2.079711699642855649e+02,1.000000000000000000e+01,1.322710999999999939e-06,0.000000000000000000e+00
2.659555082162608031e+01,2.079707481991783595e+02,1.000000000000000000e+01,1.309875999999999917e-06,0.000000000000000000e+00
2.698087947293546307e+01,2.079703628705270546e+02,1.000000000000000000e+01,1.435983000000000054e-06,0.000000000000000000e+00
2.742776041527708486e+01,2.079699159895847345e+02,1.000000000000000000e+01,1.514913000000000034e-06,0.000000000000000000e+00
2.782630257592022716e+01,2.079695174474240673e+02,1.000000000000000000e+01,1.517445000000000046e-06,0.000000000000000000e+00
2.827266665810203961e+01,2.079690710833419018e+02,1.000000000000000000e+01,1.534469999999999896e-06,0.000000000000000000e+00
2.865823918145344962e+01,2.079686855108185455e+02,1.000000000000000000e+01,1.519700000000000036e-06,0.000000000000000000e+00
2.908067100636132096e+01,2.079682630789936297e+02,1.000000000000000000e+01,1.505032000000000026e-06,0.000000000000000000e+00
2.949667504864349254e+01,2.079678470749513508e+02,1.000000000000000000e+01,1.486507000000000064e-06,0.000000000000000000e+00
2.992732779666457077e+01,2.079674164222033426e+02,1.000000000000000000e+01,1.427746999999999927e-06,0.000000000000000000e+00
3.033532099984818942e+01,2.079670084290001455e+02,1.000000000000000000e+01,1.391672000000000022e-06,0.000000000000000000e+00
3.076785770065076164e+01,2.079665758922993462e+02,1.000000000000000000e+01,1.370295999999999924e-06,0.000000000000000000e+00
3.121337445836318025e+01,2.079661303755416384e+02,1.000000000000000000e+01,1.355424000000000001e-06,0.000000000000000000e+00
3.160566575090542329e+01,2.079657380842490966e+02,1.000000000000000000e+01,1.319699000000000017e-06,0.000000000000000000e+00
3.201668773112094613e+01,2.079653270622688694e+02,1.000000000000000000e+01,1.324573999999999907e-06,0.000000000000000000e+00
3.244430206662040206e+01,2.079648994479333908e+02,1.000000000000000000e+01,1.327672999999999901e-06,0.000000000000000000e+00
3.287498719038840989e+01,2.079644687628096165e+02,1.000000000000000000e+01,1.345368000000000033e-06,0.000000000000000000e+00
3.328304319264383793e+01,2.079640607068073450e+02,1.000000000000000000e+01,1.371808999999999972e-06,0.000000000000000000e+00
3.370550133785000213e+01,2.079636382486621358e+02,1.000000000000000000e+01,1.391367000000000074e-06,0.000000000000000000e+00
3.414883644116945050e+01,2.079631949135588229e+02,1.000000000000000000e+01,1.407984999999999912e-06,0.000000000000000000e+00
3.453289561677561181e+01,2.079628108543832354e+02,1.000000000000000000e+01,1.425214999999999915e-06,0.000000000000000000e+00
3.495649358162170017e+01,2.079623872564183671e+02,1.000000000000000000e+01,1.358420999999999932e-06,0.000000000000000000e+00
3.537940041428940674e+01,2.079619643495857133e+02,1.000000000000000000e+01,1.350607000000000018e-06,0.000000000000000000e+00
3.579902110507254065e+01,2.079615447288949213e+02,1.000000000000000000e+01,1.445747000000000009e-06,0.000000000000000000e+00
3.622523422307040164e+01,2.079611185157769171e+02,1.000000000000000000e+01,1.479070999999999997e-06,0.000000000000000000e+00
3.661286365435894652e+01,2.079607308863456296e+02,1.000000000000000000e+01,1.461055999999999924e-06,0.000000000000000000e+00
3.702841785161820098e+01,2.079603153321483830e+02,1.000000000000000000e+01,1.457097999999999936e-06,0.000000000000000000e+00
3.747441417061068591e+01,2.079598693358293815e+02,1.000000000000000000e+01,1.437962000000000049e-06,0.000000000000000000e+00
3.786209604927240946e+01,2.079594816539507178e+02,1.000000000000000000e+01,1.437817000000000069e-06,0.000000000000000000e+00
3.829712383635106221e+01,2.079590466261636550e+02,1.000000000000000000e+01,1.470877999999999997e-06,0.000000000000000000e+00
3.870126066169326862e+01,2.079586424893383025e+02,1.000000000000000000e+01,1.521183999999999919e-06,0.000000000000000000e+00
3.912020932751258329e+01,2.079582235406724919e+02,1.000000000000000000e+01,1.526292000000000099e-06,0.000000000000000000e+00
3.953997919836915287e+01,2.079578037708016325e+02,1.000000000000000000e+01,1.502602000000000077e-06,0.000000000000000000e+00
3.994278993282443224e+01,2.079574009600671616e+02,1.000000000000000000e+01,1.598732000000000078e-06,0.000000000000000000e+00
4.037891535121771369e+01,2.079569648346487725e+02,1.000000000000000000e+01,1.674895999999999939e-06,0.000000000000000000e+00
4.078706773620177728e+01,2.079565566822637948e+02,1.000000000000000000e+01,1.625171999999999989e-06,0.000000000000000000e+00
4.121071383104938235e+01,2.079561330361689500e+02,1.000000000000000000e+01,1.627137000000000020e-06,0.000000000000000000e+00
4.162578890746679861e+01,2.079557179610925175e+02,1.000000000000000000e+01,1.622770999999999993e-06,0.000000000000000000e+00
4.205624731244171244e+01,2.079552875026875540e+02,1.000000000000000000e+01,1.552849000000000063e-06,0.000000000000000000e+00
4.244137630847303200e+01,2.079549023736915387e+02,1.000000000000000000e+01,1.670806999999999934e-06,0.000000000000000000e+00
4.288456064964932324e+01,2.079544591893503593e+02,1.000000000000000000e+01,1.665844999999999972e-06,0.000000000000000000e+00
4.332561209030775018e+01,2.079540181379096850e+02,1.000000000000000000e+01,1.579683000000000051e-06,0.000000000000000000e+00
4.375626698046019669e+01,2.079535874830195326e+02,1.000000000000000000e+01,1.616936000000000073e-06,0.000000000000000000e+00
4.415568599747132339e+01,2.079531880640025179e+02,1.000000000000000000e+01,1.541586000000000024e-06,0.000000000000000000e+00
4.456038601107960062e+01,2.079527833639889138e+02,1.000000000000000000e+01,1.554698000000000069e-06,0.000000000000000000e+00
4.500324188731295294e+01,2.079523405081126839e+02,1.000000000000000000e+01,1.530089999999999906e-06,0.000000000000000000e+00
4.538857789174184632e+01,2.079519551721082564e+02,1.000000000000000000e+01,1.541469999999999998e-06,0.000000000000000000e+00
4.582670152627686377e+01,2.079515170484737325e+02,1.000000000000000000e+01,1.526627000000000029e-06,0.000000000000000000e+00
4.622781267324499765e+01,2.079511159373267617e+02,1.000000000000000000e+01,1.493900000000000003e-06,0.000000000000000000e+00
4.666612472892092711e+01,2.079506776252710836e+02,1.000000000000000000e+01,1.479550999999999906e-06,0.000000000000000000e+00
4.706661382919106273e+01,2.079502771361707971e+02,1.000000000000000000e+01,1.559601999999999912e-06,0.000000000000000000e+00
4.747222213583339112e+01,2.079498715278641612e+02,1.000000000000000000e+01,1.501932000000000005e-06,0.000000000000000000e+00
4.790562760157013145e+01,2.079494381223984192e+02,1.000000000000000000e+01,1.462568999999999972e-06,0.000000000000000000e+00
4.832931450482079327e+01,2.079490144354951724e+02,1.000000000000000000e+01,1.512394999999999985e-06,0.000000000000000000e+00
4.874321669891588726e+01,2.079486005333010894e+02,1.000000000000000000e+01,1.495485999999999949e-06,0.000000000000000000e+00
4.915823199363867246e+01,2.079481855180063690e+02,1.000000000000000000e+01,1.522871999999999927e-06,0.000000000000000000e+00
4.956602999155514766e+01,2.079477777200084461e+02,1.000000000000000000e+01,1.474443999999999965e-06,0.000000000000000000e+00
4.996817951985426731e+01,2.079473755704801476e+02,1.000000000000000000e+01,1.582244000000000017e-06,0.000000000000000000e+00
5.039907917765440715e+01,2.079469446708223472e+02,1.000000000000000000e+01,1.674984000000000038e-06,0.000000000000000000e+00
5.083807811598560278e+01,2.079465056718840117e+02,1.000000000000000000e+01,1.737134999999999971e-06,0.000000000000000000e+00
5.123788212200993542e+01,2.079461058678779750e+02,1.000000000000000000e+01,1.631604000000000083e-06,0.000000000000000000e+00
5.167801498555410689e+01,2.079456657350144440e+02,1.000000000000000000e+01,1.599633999999999989e-06,0.000000000000000000e+00
5.209320123709809280e+01,2.079452505487629139e+02,1.000000000000000000e+01,1.640365000000000091e-06,0.000000000000000000e+00
5.250769862213741135e+01,2.079448360513778482e+02,1.000000000000000000e+01,1.668348000000000031e-06,0.000000000000000000e+00
5.291528230400555088e+01,2.079444284676959853e+02,1.000000000000000000e+01,1.623498999999999971e-06,0.000000000000000000e+00
5.335560130992365657e+01,2.079439881486900674e+02,1.000000000000000000e+01,1.642459999999999899e-06,0.000000000000000000e+00
5.377961660117372134e+01,2.079435641333988372e+02,1.000000000000000000e+01,1.630992999999999946e-06,0.000000000000000000e+00
5.418471744477456298e+01,2.079431590325552293e+02,1.000000000000000000e+01,1.603097000000000078e-06,0.000000000000000000e+00
5.461328576648023869e+01,2.079427304642335059e+02,1.000000000000000000e+01,1.416730999999999929e-06,0.000000000000000000e+00
5.502329467002081742e+01,2.079423204553299911e+02,1.000000000000000000e+01,1.431384999999999976e-06,0.000000000000000000e+00
5.542436105975810534e+01,2.079419193889402493e+02,1.000000000000000000e+01,1.529391999999999908e-06,0.000000000000000000e+00
5.586177652291210194e+01,2.079414819734770958e+02,1.000000000000000000e+01,1.561943999999999974e-06,0.000000000000000000e+00
5.626979246635292498e+01,2.079410739575336322e+02,1.000000000000000000e+01,1.605833000000000004e-06,0.000000000000000000e+00
5.668926598520953775e+01,2.079406544840148001e+02,1.000000000000000000e+01,1.512001999999999936e-06,0.000000000000000000e+00
5.709435471374045079e+01,2.079402493952862585e+02,1.000000000000000000e+01,1.599793999999999959e-06,0.000000000000000000e+00
5.749390309574722124e+01,2.079398498469042522e+02,1.000000000000000000e+01,1.535809000000000011e-06,0.000000000000000000e+00
5.794191636547545698e+01,2.079394018336345198e+02,1.000000000000000000e+01,1.506486999999999956e-06,0.000000000000000000e+00
5.833239528685129471e+01,2.079390113547131591e+02,1.000000000000000000e+01,1.440087000000000049e-06,0.000000000000000000e+00
5.876462171450381788e+01,2.079385791282854825e+02,1.000000000000000000e+01,1.444509999999999956e-06,0.000000000000000000e+00
5.917142069659511350e+01,2.079381723293033986e+02,1.000000000000000000e+01,1.546547999999999986e-06,0.000000000000000000e+00
5.958740558875873461e+01,2.079377563444112411e+02,1.000000000000000000e+01,1.596884000000000100e-06,0.000000000000000000e+00
6.001252817303257814e+01,2.079373312218269518e+02,1.000000000000000000e+01,1.653009999999999950e-06,0.000000000000000000e+00
6.042534848895692079e+01,2.079369184015110363e+02,1.000000000000000000e+01,1.594788000000000053e-06,0.000000000000000000e+00
6.084928065648855267e+01,2.079364944693435007e+02,1.000000000000000000e+01,1.567387000000000084e-06,0.000000000000000000e+00
6.127999835666110329e+01,2.079360637516433314e+02,1.000000000000000000e+01,1.530919999999999947e-06,0.000000000000000000e+00
6.168197000925616180e+01,2.079356617799907383e+02,1.000000000000000000e+01,1.487569999999999972e-06,0.000000000000000000e+00
6.208956455546425701e+01,2.079352541854445349e+02,1.000000000000000000e+01,1.472552000000000043e-06,0.000000000000000000e+00
6.250516771373288094e+01,2.079348385822862610e+02,1.000000000000000000e+01,1.446197999999999964e-06,0.000000000000000000e+00
6.295324431212576854e+01,2.079343905056878725e+02,1.000000000000000000e+01,1.417371000000000020e-06,0.000000000000000000e+00
6.337698121997185297e+01,2.079339667687800386e+02,1.000000000000000000e+01,1.488282999999999960e-06,0.000000000000000000e+00
6.381911335932857554e+01,2.079335246366406693e+02,1.000000000000000000e+01,1.419437000000000086e-06,0.000000000000000000e+00
6.422501191106870522e+01,2.079331187380889219e+02,1.000000000000000000e+01,1.421315000000000045e-06,0.000000000000000000e+00
6.463767774294271362e+01,2.079327060722570479e+02,1.000000000000000000e+01,1.311055000000000062e-06,0.000000000000000000e+00
6.504772755495122283e+01,2.079322960224450583e+02,1.000000000000000000e+01,1.227395999999999988e-06,0.000000000000000000e+00
6.545154097720717346e+01,2.079318922090227773e+02,1.000000000000000000e+01,1.185806000000000103e-06,0.000000000000000000e+00
6.589533240621197763e+01,2.079314484175937991e+02,1.000000000000000000e+01,1.277948999999999951e-06,0.000000000000000000e+00
6.629036885046951966e+01,2.079310533811495247e+02,1.000000000000000000e+01,1.283639000000000103e-06,0.000000000000000000e+00
6.671440933715012989e+01,2.079306293406628470e+02,1.000000000000000000e+01,1.249544000000000009e-06,0.000000000000000000e+00
6.712905486048882153e+01,2.079302146951395116e+02,1.000000000000000000e+01,1.160776999999999966e-06,0.000000000000000000e+00
6.754105215114503835e+01,2.079298026978488565e+02,1.000000000000000000e+01,1.155683999999999987e-06,0.000000000000000000e+00
6.796501516734655013e+01,2.079293787348326532e+02,1.000000000000000000e+01,1.000793000000000033e-06,0.000000000000000000e+00
6.836411360729024977e+01,2.079289796363927110e+02,1.000000000000000000e+01,8.843199000000000279e-07,0.000000000000000000e+00
6.880734609056210616e+01,2.079285364039094475e+02,1.000000000000000000e+01,1.006235999999999932e-06,0.000000000000000000e+00
6.919247090854676685e+01,2.079281512790914519e+02,1.000000000000000000e+01,1.011896999999999919e-06,0.000000000000000000e+00
6.962298461812494565e+01,2.079277207653818778e+02,1.000000000000000000e+01,1.051797999999999980e-06,0.000000000000000000e+00
7.003816985793044125e+01,2.079273055801420753e+02,1.000000000000000000e+01,9.154319000000000486e-07,0.000000000000000000e+00
7.046215537141618768e+01,2.079268815946285827e+02,1.000000000000000000e+01,8.963543000000000367e-07,0.000000000000000000e+00
7.088119979134445714e+01,2.079264625502086403e+02,1.000000000000000000e+01,8.229398999999999904e-07,0.000000000000000000e+00
7.130627808693162706e+01,2.079260374719130766e+02,1.000000000000000000e+01,8.933421000000000251e-07,0.000000000000000000e+00
7.173002009274809154e+01,2.079256137299072407e+02,1.000000000000000000e+01,8.721836000000000014e-07,0.000000000000000000e+00
7.217109780560340937e+01,2.079251726521943908e+02,1.000000000000000000e+01,8.768111000000000473e-07,0.000000000000000000e+00
7.257750947442748668e+01,2.079247662405255710e+02,1.000000000000000000e+01,8.139905000000000122e-07,0.000000000000000000e+00
7.297840698766020751e+01,2.079243653430123402e+02,1.000000000000000000e+01,9.116337999999999850e-07,0.000000000000000000e+00
7.340903699542408845e+01,2.079239347130045701e+02,1.000000000000000000e+01,8.850038000000000172e-07,0.000000000000000000e+00
7.383231470568355803e+01,2.079235114352943015e+02,1.000000000000000000e+01,8.397618999999999541e-07,0.000000000000000000e+00
7.424752272483898707e+01,2.079230962272751526e+02,1.000000000000000000e+01,7.268245000000000111e-07,0.000000000000000000e+00
7.467169252617013342e+01,2.079226720574738181e+02,1.000000000000000000e+01,7.770723000000000410e-07,0.000000000000000000e+00
7.505111729000449827e+01,2.079222926327099970e+02,1.000000000000000000e+01,8.211208999999999660e-07,0.000000000000000000e+00
7.549484896452682392e+01,2.079218489010354745e+02,1.000000000000000000e+01,8.189963000000000397e-07,0.000000000000000000e+00
7.589409152661085045e+01,2.079214496584733922e+02,1.000000000000000000e+01,7.856870000000000129e-07,0.000000000000000000e+00
7.631812860650300934e+01,2.079210256213934827e+02,1.000000000000000000e+01,8.380447999999999472e-07,0.000000000000000000e+00
7.676418535946879729e+01,2.079205795646405193e+02,1.000000000000000000e+01,8.484348999999999683e-07,0.000000000000000000e+00
7.715624040330787636e+01,2.079201875095967011e+02,1.000000000000000000e+01,7.424386999999999657e-07,0.000000000000000000e+00
7.757186887014604793e+01,2.079197718811298614e+02,1.000000000000000000e+01,6.622867999999999691e-07,0.000000000000000000e+00
7.796952019370614551e+01,2.079193742298062944e+02,1.000000000000000000e+01,6.846531000000000018e-07,0.000000000000000000e+00
7.839769761349786847e+01,2.079189460523865023e+02,1.000000000000000000e+01,6.676128000000000262e-07,0.000000000000000000e+00
7.882200864171122134e+01,2.079185217413582905e+02,1.000000000000000000e+01,6.537010999999999507e-07,0.000000000000000000e+00
7.923358665867947082e+01,2.079181101633413107e+02,1.000000000000000000e+01,6.166664999999999851e-07,0.000000000000000000e+00
7.965916505450988438e+01,2.079176845849454764e+02,1.000000000000000000e+01,7.197668000000000312e-07,0.000000000000000000e+00
8.007562082140920268e+01,2.079172681291785807e+02,1.000000000000000000e+01,7.231864999999999622e-07,0.000000000000000000e+00
8.048207544531119595e+01,2.079168616745546956e+02,1.000000000000000000e+01,7.377821000000000271e-07,0.000000000000000000e+00
8.091460602454998252e+01,2.079164291439754493e+02,1.000000000000000000e+01,7.357156999999999921e-07,0.000000000000000000e+00
8.132264656017002835e+01,2.079160211034398174e+02,1.000000000000000000e+01,7.093767999999999494e-07,0.000000000000000000e+00
8.175357211380985234e+01,2.079155901778862017e+02,1.000000000000000000e+01,7.428315999999999692e-07,0.000000000000000000e+00
8.216971242028256484e+01,2.079151740375797033e+02,1.000000000000000000e+01,7.683993000000000268e-07,0.000000000000000000e+00
8.260138418416470074e+01,2.079147423658158402e+02,1.000000000000000000e+01,9.387003999999999767e-07,0.000000000000000000e+00
8.302814650968751664e+01,2.079143156034903086e+02,1.000000000000000000e+01,8.598726999999999835e-07,0.000000000000000000e+00
8.345394928301887205e+01,2.079138898007169871e+02,1.000000000000000000e+01,1.059582999999999940e-06,0.000000000000000000e+00
8.386214814720999300e+01,2.079134816018527943e+02,1.000000000000000000e+01,9.630456999999998976e-07,0.000000000000000000e+00
8.429298188514920298e+01,2.079130507681148572e+02,1.000000000000000000e+01,8.680944999999999519e-07,0.000000000000000000e+00
8.471771443263445178e+01,2.079126260355673708e+02,1.000000000000000000e+01,8.492933999999999491e-07,0.000000000000000000e+00
8.510532335314231034e+01,2.079122384266468657e+02,1.000000000000000000e+01,8.968345000000000359e-07,0.000000000000000000e+00
8.552092595674299957e+01,2.079118228240432416e+02,1.000000000000000000e+01,8.498027000000000528e-07,0.000000000000000000e+00
8.593135039834601230e+01,2.079114123996016588e+02,1.000000000000000000e+01,9.292852999999999760e-07,0.000000000000000000e+00
8.635603272172102152e+01,2.079109877172782888e+02,1.000000000000000000e+01,9.283684999999999529e-07,0.000000000000000000e+00
8.676415955133377622e+01,2.079105795904486627e+02,1.000000000000000000e+01,1.030362999999999947e-06,0.000000000000000000e+00
8.718294340498847816e+01,2.079101608065950018e+02,1.000000000000000000e+01,9.925715999999999278e-07,0.000000000000000000e+00
8.761321699582528311e+01,2.079097305330041650e+02,1.000000000000000000e+01,9.656360000000000581e-07,0.000000000000000000e+00
8.801177820692286957e+01,2.079093319717930797e+02,1.000000000000000000e+01,1.104971000000000055e-06,0.000000000000000000e+00
8.843552107865167500e+01,2.079089082289213479e+02,1.000000000000000000e+01,1.186489999999999926e-06,0.000000000000000000e+00
8.886213904910341910e+01,2.079084816109509006e+02,1.000000000000000000e+01,1.081964000000000039e-06,0.000000000000000000e+00
8.928046094198781191e+01,2.079080632890580205e+02,1.000000000000000000e+01,1.005406000000000103e-06,0.000000000000000000e+00
8.970252764630104991e+01,2.079076412223537034e+02,1.000000000000000000e+01,1.129243000000000049e-06,0.000000000000000000e+00
9.010623986488549519e+01,2.079072375101351042e+02,1.000000000000000000e+01,1.005479000000000000e-06,0.000000000000000000e+00
9.050553191549818166e+01,2.079068382180844878e+02,1.000000000000000000e+01,1.196079999999999948e-06,0.000000000000000000e+00
9.093561492916937539e+01,2.079064081350708193e+02,1.000000000000000000e+01,1.126885999999999997e-06,0.000000000000000000e+00
9.137818756047519742e+01,2.079059655624395191e+02,1.000000000000000000e+01,1.120323000000000099e-06,0.000000000000000000e+00
9.180180826641856129e+01,2.079055419417335884e+02,1.000000000000000000e+01,1.070803000000000063e-06,0.000000000000000000e+00
9.220509152505910322e+01,2.079051386584749253e+02,1.000000000000000000e+01,9.774667000000000768e-07,0.000000000000000000e+00
9.263812532605295758e+01,2.079047056246739373e+02,1.000000000000000000e+01,1.070482999999999912e-06,0.000000000000000000e+00
9.305367289675828602e+01,2.079042900771032407e+02,1.000000000000000000e+01,9.982323000000000970e-07,0.000000000000000000e+00
9.347478925225537694e+01,2.079038689607477295e+02,1.000000000000000000e+01,1.035922000000000083e-06,0.000000000000000000e+00
9.388289849212752358e+01,2.079034608515078730e+02,1.000000000000000000e+01,1.014398999999999950e-06,0.000000000000000000e+00
9.431995929914896237e+01,2.079030237907008427e+02,1.000000000000000000e+01,8.719217000000000142e-07,0.000000000000000000e+00
9.472140987908511534e+01,2.079026223401208995e+02,1.000000000000000000e+01,1.099615000000000017e-06,0.000000000000000000e+00
9.513043134137356560e+01,2.079022133186586245e+02,1.000000000000000000e+01,1.102409000000000061e-06,0.000000000000000000e+00
9.556039348445024473e+01,2.079017833565155513e+02,1.000000000000000000e+01,1.137276000000000078e-06,0.000000000000000000e+00
9.596547480725192258e+01,2.079013782751927408e+02,1.000000000000000000e+01,1.173073999999999960e-06,0.000000000000000000e+00
9.638954204174720530e+01,2.079009542079582502e+02,1.000000000000000000e+01,1.151478999999999957e-06,0.000000000000000000e+00
9.678838345877863958e+01,2.079005553665412265e+02,1.000000000000000000e+01,1.361172000000000060e-06,0.000000000000000000e+00
9.723602446375274155e+01,2.079001077255362588e+02,1.000000000000000000e+01,1.378357000000000092e-06,0.000000000000000000e+00
9.762365446266616686e+01,2.078997200955373330e+02,1.000000000000000000e+01,1.499443999999999937e-06,0.000000000000000000e+00
9.803904198605772535e+01,2.078993047080139434e+02,1.000000000000000000e+01,1.435983000000000054e-06,0.000000000000000000e+00
9.846286430395558398e+01,2.078988808856960304e+02,1.000000000000000000e+01,1.516717000000000068e-06,0.000000000000000000e+00
9.888201491600898407e+01,2.078984617350839983e+02,1.000000000000000000e+01,1.435473999999999980e-06,0.000000000000000000e+00
9.930223713803647456e+01,2.078980415128619654e+02,1.000000000000000000e+01,1.386259000000000105e-06,0.000000000000000000e+00
9.972894856882338388e+01,2.078976148014311889e+02,1.000000000000000000e+01,1.403125000000000013e-06,0.000000000000000000e+00
1.001407011671835221e+02,2.078972030488328073e+02,1.000000000000000000e+01,1.463296999999999951e-06,0.000000000000000000e+00
1.005319930368956847e+02,2.078968117569631033e+02,1.000000000000000000e+01,1.457068999999999983e-06,0.000000000000000000e+00
1.009777766339694551e+02,2.078963659733660165e+02,1.000000000000000000e+01,1.410662999999999931e-06,0.000000000000000000e+00
1.013765213973949244e+02,2.078959672286026148e+02,1.000000000000000000e+01,1.416804000000000039e-06,0.000000000000000000e+00
1.018186510482303930e+02,2.078955250989517651e+02,1.000000000000000000e+01,1.446300000000000027e-06,0.000000000000000000e+00
1.022489775106422343e+02,2.078950947724893581e+02,1.000000000000000000e+01,1.428081000000000041e-06,0.000000000000000000e+00
1.026643027310944376e+02,2.078946794472689135e+02,1.000000000000000000e+01,1.575666999999999944e-06,0.000000000000000000e+00
1.030794545623028569e+02,2.078942642954376936e+02,1.000000000000000000e+01,1.535139999999999968e-06,0.000000000000000000e+00
1.035182520370410373e+02,2.078938254979629505e+02,1.000000000000000000e+01,1.445995000000000078e-06,0.000000000000000000e+00
1.039189486616728004e+02,2.078934248013383126e+02,1.000000000000000000e+01,1.425244000000000080e-06,0.000000000000000000e+00
1.043425374170185620e+02,2.078930012125829876e+02,1.000000000000000000e+01,1.362117000000000100e-06,0.000000000000000000e+00
1.047421634258202943e+02,2.078926015865741874e+02,1.000000000000000000e+01,1.361157000000000070e-06,0.000000000000000000e+00
1.051835763748940025e+02,2.078921601736251148e+02,1.000000000000000000e+01,1.379026999999999951e-06,0.000000000000000000e+00
1.055891096726544163e+02,2.078917546403273491e+02,1.000000000000000000e+01,1.404594999999999932e-06,0.000000000000000000e+00
1.059893708561266408e+02,2.078913543791438769e+02,1.000000000000000000e+01,1.346503000000000023e-06,0.000000000000000000e+00
1.064200656269951395e+02,2.078909236843730071e+02,1.000000000000000000e+01,1.510284999999999974e-06,0.000000000000000000e+00
1.068281025771724870e+02,2.078905156474228306e+02,1.000000000000000000e+01,1.446940999999999933e-06,0.000000000000000000e+00
1.072586643641647157e+02,2.078900850856358318e+02,1.000000000000000000e+01,1.433217999999999963e-06,0.000000000000000000e+00
1.076584194034351043e+02,2.078896853305965635e+02,1.000000000000000000e+01,1.386069999999999970e-06,0.000000000000000000e+00
1.080638769698897192e+02,2.078892798730301195e+02,1.000000000000000000e+01,1.430031000000000082e-06,0.000000000000000000e+00
1.085063090049618353e+02,2.078888374409950472e+02,1.000000000000000000e+01,1.336215000000000004e-06,0.000000000000000000e+00
1.089002045511400780e+02,2.078884435454488653e+02,1.000000000000000000e+01,1.432242999999999943e-06,0.000000000000000000e+00
1.093289384246761671e+02,2.078880148115753173e+02,1.000000000000000000e+01,1.388470999999999966e-06,0.000000000000000000e+00
1.097750055784177619e+02,2.078875687444215714e+02,1.000000000000000000e+01,1.394204000000000035e-06,0.000000000000000000e+00
1.101602241308175962e+02,2.078871835258691760e+02,1.000000000000000000e+01,1.468754000000000024e-06,0.000000000000000000e+00
1.105834906981206984e+02,2.078867602593018660e+02,1.000000000000000000e+01,1.519786999999999896e-06,0.000000000000000000e+00
1.109989348511450373e+02,2.078863448151488456e+02,1.000000000000000000e+01,1.504566000000000080e-06,0.000000000000000000e+00
1.114295891030534449e+02,2.078859141608969310e+02,1.000000000000000000e+01,1.566935999999999917e-06,0.000000000000000000e+00
1.118373780118846241e+02,2.078855063719881002e+02,1.000000000000000000e+01,1.544161999999999980e-06,0.000000000000000000e+00
1.122697872576335811e+02,2.078850739627423536e+02,1.000000000000000000e+01,1.527790999999999972e-06,0.000000000000000000e+00
1.126940499385958390e+02,2.078846497000614022e+02,1.000000000000000000e+01,1.519350999999999931e-06,0.000000000000000000e+00
1.131314339801728153e+02,2.078842123160198128e+02,1.000000000000000000e+01,1.567750999999999968e-06,0.000000000000000000e+00
1.135194558078880362e+02,2.078838242941921237e+02,1.000000000000000000e+01,1.646418000000000099e-06,0.000000000000000000e+00
1.139470208649563006e+02,2.078833967291350291e+02,1.000000000000000000e+01,1.794542000000000029e-06,0.000000000000000000e+00
1.143776536411190818e+02,2.078829660963588708e+02,1.000000000000000000e+01,1.838460000000000013e-06,0.000000000000000000e+00
1.147855985953894020e+02,2.078825581514045950e+02,1.000000000000000000e+01,1.757914999999999923e-06,0.000000000000000000e+00
1.152088348245023184e+02,2.078821349151754987e+02,1.000000000000000000e+01,1.825537999999999919e-06,0.000000000000000000e+00
1.156244492089089135e+02,2.078817193007910760e+02,1.000000000000000000e+01,1.843028999999999926e-06,0.000000000000000000e+00
1.160359559245210761e+02,2.078813077940754681e+02,1.000000000000000000e+01,1.856852999999999931e-06,0.000000000000000000e+00
1.164246892392350219e+02,2.078809190607607604e+02,1.000000000000000000e+01,1.742096999999999933e-06,0.000000000000000000e+00
1.168582219064386152e+02,2.078804855280935726e+02,1.000000000000000000e+01,1.767403000000000093e-06,0.000000000000000000e+00
1.173020085727050059e+02,2.078800417414273056e+02,1.000000000000000000e+01,1.776614000000000029e-06,0.000000000000000000e+00
1.177060769010710999e+02,2.078796376730989266e+02,1.000000000000000000e+01,1.793173999999999961e-06,0.000000000000000000e+00
1.181167964898218941e+02,2.078792269535101696e+02,1.000000000000000000e+01,1.833700999999999937e-06,0.000000000000000000e+00
1.185290873492211148e+02,2.078788146626507682e+02,1.000000000000000000e+01,1.867839999999999975e-06,0.000000000000000000e+00
1.189346408528984398e+02,2.078784091091470998e+02,1.000000000000000000e+01,1.817665000000000070e-06,0.000000000000000000e+00
1.193652426987053019e+02,2.078779785073012931e+02,1.000000000000000000e+01,1.827778999999999945e-06,0.000000000000000000e+00
1.197732131616317162e+02,2.078775705368383626e+02,1.000000000000000000e+01,1.864914999999999915e-06,0.000000000000000000e+00
1.201934468551435202e+02,2.078771503031448447e+02,1.000000000000000000e+01,1.808483000000000088e-06,0.000000000000000000e+00
1.206367663133564747e+02,2.078767069836866312e+02,1.000000000000000000e+01,1.880980999999999974e-06,0.000000000000000000e+00
1.210223123351145063e+02,2.078763214376648705e+02,1.000000000000000000e+01,1.890934000000000063e-06,0.000000000000000000e+00
1.214463296164893364e+02,2.078758974203834953e+02,1.000000000000000000e+01,1.889828000000000026e-06,0.000000000000000000e+00
1.218819281197085616e+02,2.078754618218802932e+02,1.000000000000000000e+01,1.866617999999999913e-06,0.000000000000000000e+00
1.222899196280199448e+02,2.078750538303719679e+02,1.000000000000000000e+01,1.913111000000000037e-06,0.000000000000000000e+00
1.227142214992181266e+02,2.078746295285007761e+02,1.000000000000000000e+01,1.893145999999999924e-06,0.000000000000000000e+00
1.231294680681740061e+02,2.078742142819318133e+02,1.000000000000000000e+01,1.979409999999999908e-06,0.000000000000000000e+00
1.235652394062835668e+02,2.078737785105937235e+02,1.000000000000000000e+01,1.977576000000000105e-06,0.000000000000000000e+00
1.239893074643956226e+02,2.078733544425356001e+02,1.000000000000000000e+01,1.967579000000000072e-06,0.000000000000000000e+00
1.243881438332021219e+02,2.078729556061667836e+02,1.000000000000000000e+01,1.909210999999999956e-06,0.000000000000000000e+00
1.248291264419865598e+02,2.078725146235580041e+02,1.000000000000000000e+01,1.618115000000000007e-06,0.000000000000000000e+00
1.252590043587062354e+02,2.078720847456413026e+02,1.000000000000000000e+01,1.890002999999999987e-06,0.000000000000000000e+00
1.256498305353725584e+02,2.078716939194646329e+02,1.000000000000000000e+01,1.874738000000000015e-06,0.000000000000000000e+00
1.260589151825186747e+02,2.078712848348174873e+02,1.000000000000000000e+01,1.912193999999999924e-06,0.000000000000000000e+00
1.264715248353442831e+02,2.078708722251646464e+02,1.000000000000000000e+01,1.931751999999999813e-06,0.000000000000000000e+00
1.269034926076641057e+02,2.078704402573923460e+02,1.000000000000000000e+01,1.946885999999999981e-06,0.000000000000000000e+00
1.272924288758051432e+02,2.078700513211241798e+02,1.000000000000000000e+01,1.890584999999999958e-06,0.000000000000000000e+00
1.277403915256447533e+02,2.078696033584743645e+02,1.000000000000000000e+01,1.969819999999999887e-06,0.000000000000000000e+00
1.281560502714766585e+02,2.078691876997285135e+02,1.000000000000000000e+01,1.962850000000000189e-06,0.000000000000000000e+00
1.285440906393829437e+02,2.078687996593606044e+02,1.000000000000000000e+01,1.928375999999999797e-06,0.000000000000000000e+00
1.289668859154648715e+02,2.078683768640845244e+02,1.000000000000000000e+01,1.992012000000000063e-06,0.000000000000000000e+00
1.293855145180207842e+02,2.078679582354819786e+02,1.000000000000000000e+01,2.014028999999999856e-06,0.000000000000000000e+00
1.298112102574966116e+02,2.078675325397425127e+02,1.000000000000000000e+01,2.004889999999999790e-06,0.000000000000000000e+00
1.302350652265891142e+02,2.078671086847733989e+02,1.000000000000000000e+01,1.981782000000000163e-06,0.000000000000000000e+00
1.306766628827099908e+02,2.078666670871172926e+02,1.000000000000000000e+01,2.052634999999999957e-06,0.000000000000000000e+00
1.310640917874201534e+02,2.078662796582125907e+02,1.000000000000000000e+01,1.999084000000000035e-06,0.000000000000000000e+00
1.314831645078290876e+02,2.078658605854921575e+02,1.000000000000000000e+01,2.066691999999999829e-06,0.000000000000000000e+00
1.319138631014725149e+02,2.078654298868985393e+02,1.000000000000000000e+01,2.072033000000000089e-06,0.000000000000000000e+00
1.323540867677187123e+02,2.078649896632322793e+02,1.000000000000000000e+01,2.007508999999999874e-06,0.000000000000000000e+00
1.327528790717335596e+02,2.078645908709282537e+02,1.000000000000000000e+01,1.961335999999999902e-06,0.000000000000000000e+00
1.331769429087786136e+02,2.078641668070912090e+02,1.000000000000000000e+01,1.996115000000000031e-06,0.000000000000000000e+00
1.335917373966601644e+02,2.078637520126033280e+02,1.000000000000000000e+01,2.071493999999999822e-06,0.000000000000000000e+00
1.339996133319337730e+02,2.078633441366680756e+02,1.000000000000000000e+01,2.120577999999999892e-06,0.000000000000000000e+00
1.344304495791459715e+02,2.078629133004208427e+02,1.000000000000000000e+01,2.053814000000000103e-06,0.000000000000000000e+00
1.348518436158479687e+02,2.078624919063841503e+02,1.000000000000000000e+01,1.979453000000000037e-06,0.000000000000000000e+00
1.352692542945870855e+02,2.078620744957054001e+02,1.000000000000000000e+01,2.092768999999999885e-06,0.000000000000000000e+00
1.356893247386751966e+02,2.078616544252613210e+02,1.000000000000000000e+01,2.040963999999999878e-06,0.000000000000000000e+00
1.360773505659077216e+02,2.078612663994341005e+02,1.000000000000000000e+01,2.103464999999999943e-06,0.000000000000000000e+00
1.364943940748194677e+02,2.078608493559251826e+02,1.000000000000000000e+01,2.057117000000000010e-06,0.000000000000000000e+00
1.369427210591855726e+02,2.078604010289407995e+02,1.000000000000000000e+01,2.090280999999999816e-06,0.000000000000000000e+00
1.373416884635606721e+02,2.078600020615364485e+02,1.000000000000000000e+01,2.057160999999999954e-06,0.000000000000000000e+00
1.377630839823466431e+02,2.078595806660176493e+02,1.000000000000000000e+01,2.060522000000000192e-06,0.000000000000000000e+00
1.381549706177538610e+02,2.078591887793822366e+02,1.000000000000000000e+01,2.081083999999999843e-06,0.000000000000000000e+00
1.385976914987527095e+02,2.078587460585012536e+02,1.000000000000000000e+01,2.054686999999999849e-06,0.000000000000000000e+00
1.390109353091303319e+02,2.078583328146908684e+02,1.000000000000000000e+01,1.989305000000000091e-06,0.000000000000000000e+00
1.394108230366412329e+02,2.078579329269633433e+02,1.000000000000000000e+01,2.027459999999999813e-06,0.000000000000000000e+00
1.398495128024115672e+02,2.078574942371975851e+02,1.000000000000000000e+01,1.967084000000000172e-06,0.000000000000000000e+00
1.402573695640519418e+02,2.078570863804359590e+02,1.000000000000000000e+01,1.997570999999999987e-06,0.000000000000000000e+00
1.406743603025949483e+02,2.078566693896974016e+02,1.000000000000000000e+01,2.100380000000000124e-06,0.000000000000000000e+00
1.410898221111111184e+02,2.078562539278889005e+02,1.000000000000000000e+01,2.143016999999999899e-06,0.000000000000000000e+00
1.415271176467220471e+02,2.078558166323532816e+02,1.000000000000000000e+01,2.044530000000000057e-06,0.000000000000000000e+00
1.419285009666491817e+02,2.078554152490333422e+02,1.000000000000000000e+01,2.099127999999999869e-06,0.000000000000000000e+00
1.423521895514683138e+02,2.078549915604485250e+02,1.000000000000000000e+01,2.043773000000000126e-06,0.000000000000000000e+00
1.427965073069766504e+02,2.078545472426930303e+02,1.000000000000000000e+01,2.110770000000000206e-06,0.000000000000000000e+00
1.432223067273835682e+02,2.078541214432726179e+02,1.000000000000000000e+01,2.050889000000000042e-06,0.000000000000000000e+00
1.436380174024596954e+02,2.078537057325975468e+02,1.000000000000000000e+01,2.084008999999999904e-06,0.000000000000000000e+00
1.440258390784318863e+02,2.078533179109215610e+02,1.000000000000000000e+01,2.082525000000000021e-06,0.000000000000000000e+00
1.444722540224247496e+02,2.078528714959775812e+02,1.000000000000000000e+01,2.155283999999999912e-06,0.000000000000000000e+00
1.448718284860050858e+02,2.078524719215139953e+02,1.000000000000000000e+01,2.107160999999999899e-06,0.000000000000000000e+00
1.452948839535294212e+02,2.078520488660464594e+02,1.000000000000000000e+01,2.213491999999999847e-06,0.000000000000000000e+00
1.457429193386169004e+02,2.078516008306613685e+02,1.000000000000000000e+01,2.298852999999999892e-06,0.000000000000000000e+00
1.461294212948754137e+02,2.078512143287051117e+02,1.000000000000000000e+01,2.156113999999999953e-06,0.000000000000000000e+00
1.465458468530230220e+02,2.078507979031469688e+02,1.000000000000000000e+01,2.150235000000000090e-06,0.000000000000000000e+00
1.469499204293978494e+02,2.078503938295706064e+02,1.000000000000000000e+01,2.261761000000000079e-06,0.000000000000000000e+00
1.473761286700353423e+02,2.078499676213299665e+02,1.000000000000000000e+01,2.336019000000000055e-06,0.000000000000000000e+00
1.478066904570275995e+02,2.078495370595429677e+02,1.000000000000000000e+01,2.176092999999999817e-06,0.000000000000000000e+00
1.482110518846346565e+02,2.078491326981153691e+02,1.000000000000000000e+01,2.200962999999999801e-06,0.000000000000000000e+00
1.486222161846953043e+02,2.078487215338153078e+02,1.000000000000000000e+01,2.226864999999999896e-06,0.000000000000000000e+00
1.490097350973043149e+02,2.078483340149026901e+02,1.000000000000000000e+01,2.166649000000000014e-06,0.000000000000000000e+00
1.494384813477044531e+02,2.078479052686522834e+02,1.000000000000000000e+01,2.381610000000000056e-06,0.000000000000000000e+00
1.498809667826045313e+02,2.078474627832173951e+02,1.000000000000000000e+01,2.386805000000000097e-06,0.000000000000000000e+00
1.503229200936889924e+02,2.078470208299063131e+02,1.000000000000000000e+01,2.426516999999999810e-06,0.000000000000000000e+00
1.507294535896946570e+02,2.078466142964103085e+02,1.000000000000000000e+01,2.432031999999999791e-06,0.000000000000000000e+00
1.511426342394571520e+02,2.078462011157605502e+02,1.000000000000000000e+01,2.429326000000000058e-06,0.000000000000000000e+00
1.515579265749880733e+02,2.078457858234250182e+02,1.000000000000000000e+01,2.362110999999999889e-06,0.000000000000000000e+00
1.520010236422545518e+02,2.078453427263577566e+02,1.000000000000000000e+01,2.362285000000000033e-06,0.000000000000000000e+00
1.523997682269138068e+02,2.078449439817730706e+02,1.000000000000000000e+01,2.320695999999999964e-06,0.000000000000000000e+00
1.528233169478279478e+02,2.078445204330521676e+02,1.000000000000000000e+01,2.342392999999999818e-06,0.000000000000000000e+00
1.532245717383761132e+02,2.078441191782616215e+02,1.000000000000000000e+01,2.375817999999999841e-06,0.000000000000000000e+00
1.536620795118615206e+02,2.078436816704881380e+02,1.000000000000000000e+01,2.159315000000000010e-06,0.000000000000000000e+00
1.540775648684496559e+02,2.078432661851315402e+02,1.000000000000000000e+01,2.144690000000000128e-06,0.000000000000000000e+00
1.544941373475309661e+02,2.078428496126524578e+02,1.000000000000000000e+01,2.138244000000000072e-06,0.000000000000000000e+00
1.549020883685100785e+02,2.078424416616314829e+02,1.000000000000000000e+01,2.079236000000000077e-06,0.000000000000000000e+00
1.553409905763358836e+02,2.078420027594236501e+02,1.000000000000000000e+01,2.067026999999999971e-06,0.000000000000000000e+00
1.557408674629481027e+02,2.078416028825370461e+02,1.000000000000000000e+01,2.178479999999999851e-06,0.000000000000000000e+00
1.561639722168944786e+02,2.078411797777831111e+02,1.000000000000000000e+01,1.967694999999999886e-06,0.000000000000000000e+00
1.565422880470762834e+02,2.078408014619529354e+02,1.000000000000000000e+01,2.001441000000000088e-06,0.000000000000000000e+00
1.569866574786612432e+02,2.078403570925213444e+02,1.000000000000000000e+01,2.019034999999999974e-06,0.000000000000000000e+00
1.574104253647272174e+02,2.078399333246352683e+02,1.000000000000000000e+01,1.931038999999999826e-06,0.000000000000000000e+00
1.578092662835877888e+02,2.078395344837164203e+02,1.000000000000000000e+01,1.960273999999999809e-06,0.000000000000000000e+00
1.582573229207781367e+02,2.078390864270792235e+02,1.000000000000000000e+01,1.833367000000000035e-06,0.000000000000000000e+00
1.586572727780719845e+02,2.078386864772219269e+02,1.000000000000000000e+01,1.907086999999999983e-06,0.000000000000000000e+00
1.590626004323693792e+02,2.078382811495676208e+02,1.000000000000000000e+01,1.915716000000000159e-06,0.000000000000000000e+00
1.594819847380451563e+02,2.078378617652619482e+02,1.000000000000000000e+01,1.946943999999999888e-06,0.000000000000000000e+00
1.598897732789139354e+02,2.078374539767210933e+02,1.000000000000000000e+01,1.876338999999999951e-06,0.000000000000000000e+00
1.603203069039491879e+02,2.078370234430960579e+02,1.000000000000000000e+01,1.858410999999999951e-06,0.000000000000000000e+00
1.607514058537144024e+02,2.078365923441462826e+02,1.000000000000000000e+01,1.871071000000000013e-06,0.000000000000000000e+00
1.611590912682165140e+02,2.078361846587317814e+02,1.000000000000000000e+01,1.890527000000000051e-06,0.000000000000000000e+00
1.615740160389322284e+02,2.078357697339610581e+02,1.000000000000000000e+01,1.885520999999999934e-06,0.000000000000000000e+00
1.619979840396956092e+02,2.078353457659603123e+02,1.000000000000000000e+01,1.900028999999999973e-06,0.000000000000000000e+00
1.624287691585955713e+02,2.078349149808414040e+02,1.000000000000000000e+01,1.884938999999999962e-06,0.000000000000000000e+00
1.628369689101713220e+02,2.078345067810898286e+02,1.000000000000000000e+01,1.792680000000000089e-06,0.000000000000000000e+00
1.632676475513532068e+02,2.078340761024486483e+02,1.000000000000000000e+01,1.806154999999999989e-06,0.000000000000000000e+00
1.636867494261404374e+02,2.078336570005738508e+02,1.000000000000000000e+01,1.768930999999999920e-06,0.000000000000000000e+00
1.641168425204799632e+02,2.078332269074795136e+02,1.000000000000000000e+01,1.750654000000000027e-06,0.000000000000000000e+00
1.645371450683553007e+02,2.078328066049316476e+02,1.000000000000000000e+01,1.783686000000000002e-06,0.000000000000000000e+00
1.649395218183639997e+02,2.078324042281816446e+02,1.000000000000000000e+01,1.804626999999999951e-06,0.000000000000000000e+00
1.653761075018867928e+02,2.078319676424981139e+02,1.000000000000000000e+01,1.776846999999999896e-06,0.000000000000000000e+00
1.657626573381998583e+02,2.078315810926617928e+02,1.000000000000000000e+01,1.679421999999999936e-06,0.000000000000000000e+00
1.662076677689718451e+02,2.078311360822310405e+02,1.000000000000000000e+01,1.787324000000000050e-06,0.000000000000000000e+00
1.666105182967150711e+02,2.078307332317032774e+02,1.000000000000000000e+01,1.785141999999999958e-06,0.000000000000000000e+00
1.670102273376626840e+02,2.078303335226623290e+02,1.000000000000000000e+01,1.793785000000000097e-06,0.000000000000000000e+00
1.674392975177618723e+02,2.078299044524822250e+02,1.000000000000000000e+01,1.789215999999999972e-06,0.000000000000000000e+00
1.678471101153303948e+02,2.078294966398846668e+02,1.000000000000000000e+01,1.792447000000000010e-06,0.000000000000000000e+00
1.682777167817487793e+02,2.078290660332182540e+02,1.000000000000000000e+01,1.813460000000000040e-06,0.000000000000000000e+00
1.686791754700255126e+02,2.078286645745299666e+02,1.000000000000000000e+01,1.738488000000000049e-06,0.000000000000000000e+00
1.690863829928171924e+02,2.078282573670071827e+02,1.000000000000000000e+01,1.738910000000000051e-06,0.000000000000000000e+00
1.695267916099236629e+02,2.078278169583900876e+02,1.000000000000000000e+01,1.751555999999999938e-06,0.000000000000000000e+00
1.699323215784519903e+02,2.078274114284215557e+02,1.000000000000000000e+01,1.772205000000000086e-06,0.000000000000000000e+00
1.703495442152671728e+02,2.078269942057847288e+02,1.000000000000000000e+01,1.774926000000000021e-06,0.000000000000000000e+00
1.707938263151091860e+02,2.078265499236848939e+02,1.000000000000000000e+01,1.747422999999999990e-06,0.000000000000000000e+00
1.712191689126620133e+02,2.078261245810873277e+02,1.000000000000000000e+01,1.789027000000000049e-06,0.000000000000000000e+00
1.716210503628426238e+02,2.078257226996371685e+02,1.000000000000000000e+01,1.780965000000000066e-06,0.000000000000000000e+00
1.720225411275744136e+02,2.078253212088724240e+02,1.000000000000000000e+01,1.824678999999999924e-06,0.000000000000000000e+00
1.724692305438584015e+02,2.078248745194561309e+02,1.000000000000000000e+01,1.869687999999999953e-06,0.000000000000000000e+00
1.728935203072518902e+02,2.078244502296927578e+02,1.000000000000000000e+01,1.931780999999999979e-06,0.000000000000000000e+00
1.732927603292063168e+02,2.078240509896707806e+02,1.000000000000000000e+01,2.030167000000000209e-06,0.000000000000000000e+00
1.737406431311262622e+02,2.078236031068688590e+02,1.000000000000000000e+01,1.988737000000000082e-06,0.000000000000000000e+00
1.741277917765392260e+02,2.078232159582234715e+02,1.000000000000000000e+01,1.944528999999999928e-06,0.000000000000000000e+00
1.745440431398202747e+02,2.078227997068601667e+02,1.000000000000000000e+01,1.956869000000000051e-06,0.000000000000000000e+00
1.749669607536596629e+02,2.078223767892463343e+02,1.000000000000000000e+01,1.951572000000000159e-06,0.000000000000000000e+00
1.753855781496928614e+02,2.078219581718502980e+02,1.000000000000000000e+01,1.967563999999999870e-06,0.000000000000000000e+00
1.758057431464075933e+02,2.078215380068535865e+02,1.000000000000000000e+01,1.936815999999999838e-06,0.000000000000000000e+00
1.762101599267158178e+02,2.078211335900732877e+02,1.000000000000000000e+01,1.895124999999999918e-06,0.000000000000000000e+00
1.766209127595621169e+02,2.078207228372404245e+02,1.000000000000000000e+01,1.868946000000000012e-06,0.000000000000000000e+00
1.770642388443289974e+02,2.078202795111556611e+02,1.000000000000000000e+01,1.812367999999999967e-06,0.000000000000000000e+00
1.774640019099872745e+02,2.078198797480900168e+02,1.000000000000000000e+01,1.928551000000000181e-06,0.000000000000000000e+00
1.778809002978124454e+02,2.078194628497021768e+02,1.000000000000000000e+01,1.856852999999999931e-06,0.000000000000000000e+00
1.782799677595362482e+02,2.078190637822404483e+02,1.000000000000000000e+01,1.824678999999999924e-06,0.000000000000000000e+00
1.787263675394401901e+02,2.078186173824605589e+02,1.000000000000000000e+01,1.882842999999999915e-06,0.000000000000000000e+00
1.791416365459220117e+02,2.078182021134540776e+02,1.000000000000000000e+01,1.900785999999999905e-06,0.000000000000000000e+00
1.795511594326200679e+02,2.078177925905673646e+02,1.000000000000000000e+01,1.988358999999999812e-06,0.000000000000000000e+00
1.799547562607677378e+02,2.078173889937392289e+02,1.000000000000000000e+01,1.996289999999999991e-06,0.000000000000000000e+00
1.803988012259834477e+02,2.078169449487740224e+02,1.000000000000000000e+01,2.001354000000000015e-06,0.000000000000000000e+00
1.807976924496183244e+02,2.078165460575503687e+02,1.000000000000000000e+01,1.988518999999999994e-06,0.000000000000000000e+00
1.812217806959135658e+02,2.078161219693040778e+02,1.000000000000000000e+01,2.025248000000000163e-06,0.000000000000000000e+00
1.816618878379939872e+02,2.078156818621619948e+02,1.000000000000000000e+01,2.046595999999999912e-06,0.000000000000000000e+00
1.820443937014455571e+02,2.078152993562985387e+02,1.000000000000000000e+01,2.049127999999999924e-06,0.000000000000000000e+00
1.824681822970155736e+02,2.078148755677029840e+02,1.000000000000000000e+01,2.198809000000000059e-06,0.000000000000000000e+00
1.829017744867819033e+02,2.078144419755132049e+02,1.000000000000000000e+01,2.063199999999999999e-06,0.000000000000000000e+00
1.833408931156488677e+02,2.078140028568843434e+02,1.000000000000000000e+01,2.126922000000000098e-06,0.000000000000000000e+00
1.837646572061356380e+02,2.078135790927938729e+02,1.000000000000000000e+01,2.084606000000000078e-06,0.000000000000000000e+00
1.841712761410539940e+02,2.078131724738589412e+02,1.000000000000000000e+01,2.156012000000000102e-06,0.000000000000000000e+00
1.845968766223824389e+02,2.078127468733776197e+02,1.000000000000000000e+01,2.166619999999999849e-06,0.000000000000000000e+00
1.850102140011710787e+02,2.078123335359988175e+02,1.000000000000000000e+01,2.181914000000000198e-06,0.000000000000000000e+00
1.854099777009948014e+02,2.078119337722989997e+02,1.000000000000000000e+01,2.032785999999999870e-06,0.000000000000000000e+00
1.858487863099043977e+02,2.078114949636900803e+02,1.000000000000000000e+01,2.093715000000000163e-06,0.000000000000000000e+00
1.862566484932445690e+02,2.078110871015067573e+02,1.000000000000000000e+01,1.961917999999999873e-06,0.000000000000000000e+00
1.866733956082381098e+02,2.078106703543917604e+02,1.000000000000000000e+01,2.057945999999999812e-06,0.000000000000000000e+00
1.870608573201866136e+02,2.078102828926798225e+02,1.000000000000000000e+01,2.147236999999999920e-06,0.000000000000000000e+00
1.874807591226388865e+02,2.078098629908773489e+02,1.000000000000000000e+01,1.987166000000000127e-06,0.000000000000000000e+00
1.879279786865144501e+02,2.078094157713134962e+02,1.000000000000000000e+01,2.025074000000000019e-06,0.000000000000000000e+00
1.883269460908896065e+02,2.078090168039091168e+02,1.000000000000000000e+01,2.050742999999999823e-06,0.000000000000000000e+00
1.887512392780362518e+02,2.078085925107219509e+02,1.000000000000000000e+01,2.096086999999999994e-06,0.000000000000000000e+00
1.891590515963652877e+02,2.078081846984036360e+02,1.000000000000000000e+01,2.013446999999999884e-06,0.000000000000000000e+00
1.895818540309062428e+02,2.078077618959690938e+02,1.000000000000000000e+01,2.065134999999999837e-06,0.000000000000000000e+00
1.899977148661274100e+02,2.078073460351338611e+02,1.000000000000000000e+01,1.961204999999999885e-06,0.000000000000000000e+00
1.904282750976360887e+02,2.078069154749023539e+02,1.000000000000000000e+01,2.035128999999999959e-06,0.000000000000000000e+00
1.908363153368176768e+02,2.078065074346631889e+02,1.000000000000000000e+01,2.007611000000000149e-06,0.000000000000000000e+00
1.912670131963913889e+02,2.078060767368036181e+02,1.000000000000000000e+01,1.864914999999999915e-06,0.000000000000000000e+00
1.916863631958014480e+02,2.078056573868041994e+02,1.000000000000000000e+01,2.094442999999999930e-06,0.000000000000000000e+00
1.921061089000021695e+02,2.078052376411000068e+02,1.000000000000000000e+01,2.046392000000000210e-06,0.000000000000000000e+00
1.925170480570413645e+02,2.078048267019429431e+02,1.000000000000000000e+01,2.058223000000000046e-06,0.000000000000000000e+00
1.929444376925746099e+02,2.078043993123074245e+02,1.000000000000000000e+01,2.035317999999999882e-06,0.000000000000000000e+00
1.933750892356270867e+02,2.078039686607643830e+02,1.000000000000000000e+01,2.022250999999999809e-06,0.000000000000000000e+00
1.937829907623178372e+02,2.078035607592376834e+02,1.000000000000000000e+01,2.018744000000000200e-06,0.000000000000000000e+00
1.942055305303893533e+02,2.078031382194696164e+02,1.000000000000000000e+01,2.084852999999999908e-06,0.000000000000000000e+00
1.946211646940571995e+02,2.078027225853059292e+02,1.000000000000000000e+01,2.074652000000000173e-06,0.000000000000000000e+00
1.950088193639568885e+02,2.078023349306360501e+02,1.000000000000000000e+01,2.045723000000000166e-06,0.000000000000000000e+00
1.954572311900570014e+02,2.078018865188099369e+02,1.000000000000000000e+01,2.046101000000000012e-06,0.000000000000000000e+00
1.958564987664782393e+02,2.078014872512335103e+02,1.000000000000000000e+01,2.110435000000000064e-06,0.000000000000000000e+00
1.962803909992366300e+02,2.078010633590007501e+02,1.000000000000000000e+01,2.209898000000000165e-06,0.000000000000000000e+00
1.966854159205378494e+02,2.078006583340794577e+02,1.000000000000000000e+01,2.135348000000000176e-06,0.000000000000000000e+00
1.971143049079728939e+02,2.078002294450920147e+02,1.000000000000000000e+01,2.169792000000000164e-06,0.000000000000000000e+00
1.975264940393129507e+02,2.077998172559606758e+02,1.000000000000000000e+01,2.106564000000000148e-06,0.000000000000000000e+00
1.979319600928195086e+02,2.077994117899071682e+02,1.000000000000000000e+01,2.158020000000000050e-06,0.000000000000000000e+00
1.983627744683582534e+02,2.077989809755316344e+02,1.000000000000000000e+01,2.160858000000000039e-06,0.000000000000000000e+00
1.987899060172557597e+02,2.077985538439827451e+02,1.000000000000000000e+01,2.121814999999999945e-06,0.000000000000000000e+00
1.991910663823786933e+02,2.077981526836176158e+02,1.000000000000000000e+01,2.056739000000000164e-06,0.000000000000000000e+00
1.996062248401410102e+02,2.077977375251598460e+02,1.000000000000000000e+01,2.117157999999999932e-06,0.000000000000000000e+00
1.999955114169847548e+02,2.077973482385830266e+02,1.000000000000000000e+01,2.140804999999999826e-06,0.000000000000000000e+00
2.004433320256685249e+02,2.077969004179743422e+02,1.000000000000000000e+01,2.099099000000000127e-06,0.000000000000000000e+00
2.008671531095419880e+02,2.077964765968904430e+02,1.000000000000000000e+01,2.136089999999999906e-06,0.000000000000000000e+00
2.012659172300865862e+02,2.077960778327699245e+02,1.000000000000000000e+01,2.116794000000000049e-06,0.000000000000000000e+00
2.016898852308499954e+02,2.077956538647691502e+02,1.000000000000000000e+01,2.142899999999999846e-06,0.000000000000000000e+00
2.021261948494486944e+02,2.077952175551505434e+02,1.000000000000000000e+01,2.127635999999999902e-06,0.000000000000000000e+00
2.025418781074561991e+02,2.077948018718925312e+02,1.000000000000000000e+01,2.035929000000000019e-06,0.000000000000000000e+00
2.029652167797007110e+02,2.077943785332203106e+02,1.000000000000000000e+01,2.012922999999999819e-06,0.000000000000000000e+00
2.034109290916030659e+02,2.077939328209083953e+02,1.000000000000000000e+01,2.066065999999999914e-06,0.000000000000000000e+00
2.038101445145160824e+02,2.077935336054854929e+02,1.000000000000000000e+01,2.067769000000000124e-06,0.000000000000000000e+00
2.042339874435936053e+02,2.077931097625564121e+02,1.000000000000000000e+01,2.095082999999999809e-06,0.000000000000000000e+00
2.046432945020494003e+02,2.077927004554979362e+02,1.000000000000000000e+01,2.067070000000000099e-06,0.000000000000000000e+00
2.050629698395313483e+02,2.077922807801604677e+02,1.000000000000000000e+01,2.028289999999999854e-06,0.000000000000000000e+00
2.054823956401804423e+02,2.077918613543598099e+02,1.000000000000000000e+01,2.137414000000000031e-06,0.000000000000000000e+00
2.058993998667302776e+02,2.077914443501332755e+02,1.000000000000000000e+01,2.142114999999999988e-06,0.000000000000000000e+00
2.063208138070308451e+02,2.077910229361929737e+02,1.000000000000000000e+01,2.142230999999999802e-06,0.000000000000000000e+00
2.067269574041984868e+02,2.077906167925958130e+02,1.000000000000000000e+01,2.110347999999999992e-06,0.000000000000000000e+00
2.071396449028017059e+02,2.077902041050971889e+02,1.000000000000000000e+01,2.122207999999999994e-06,0.000000000000000000e+00
2.075495468408396675e+02,2.077897942031591469e+02,1.000000000000000000e+01,2.121727000000000057e-06,0.000000000000000000e+00
2.079531905226951949e+02,2.077893905594773116e+02,1.000000000000000000e+01,2.160756000000000188e-06,0.000000000000000000e+00
2.083973279744269007e+02,2.077889464220255604e+02,1.000000000000000000e+01,2.234416999999999990e-06,0.000000000000000000e+00
2.088092671600500694e+02,2.077885344828399354e+02,1.000000000000000000e+01,2.089771000000000138e-06,0.000000000000000000e+00
2.092163812890844383e+02,2.077881273687109172e+02,1.000000000000000000e+01,2.069165999999999935e-06,0.000000000000000000e+00
2.096594514943674312e+02,2.077876842985056385e+02,1.000000000000000000e+01,2.061321999999999828e-06,0.000000000000000000e+00
2.100751658277626461e+02,2.077872685841722387e+02,1.000000000000000000e+01,1.905398999999999974e-06,0.000000000000000000e+00
2.104720510168575061e+02,2.077868716989831341e+02,1.000000000000000000e+01,1.981621999999999981e-06,0.000000000000000000e+00
2.109004124298323859e+02,2.077864433375701765e+02,1.000000000000000000e+01,1.902372000000000063e-06,0.000000000000000000e+00
2.113312716026892133e+02,2.077860124783973106e+02,1.000000000000000000e+01,1.933047000000000197e-06,0.000000000000000000e+00
2.117634400618335917e+02,2.077855803099381546e+02,1.000000000000000000e+01,2.035492999999999842e-06,0.000000000000000000e+00
2.121700258053434993e+02,2.077851737241946637e+02,1.000000000000000000e+01,2.006475999999999947e-06,0.000000000000000000e+00
2.125677709481273325e+02,2.077847759790518580e+02,1.000000000000000000e+01,1.946536999999999876e-06,0.000000000000000000e+00
2.130105964639524814e+02,2.077843331535360392e+02,1.000000000000000000e+01,1.920955000000000144e-06,0.000000000000000000e+00
2.134394765302855888e+02,2.077839042734697159e+02,1.000000000000000000e+01,1.975334999999999867e-06,0.000000000000000000e+00
2.138472704928541930e+02,2.077834964795071357e+02,1.000000000000000000e+01,1.958527999999999894e-06,0.000000000000000000e+00
2.142779005006180739e+02,2.077830658494993941e+02,1.000000000000000000e+01,1.983061999999999920e-06,0.000000000000000000e+00
2.146797580789618110e+02,2.077826639919210265e+02,1.000000000000000000e+01,1.876426000000000023e-06,0.000000000000000000e+00
2.150873551894399611e+02,2.077822563948105596e+02,1.000000000000000000e+01,1.970008999999999810e-06,0.000000000000000000e+00
2.155022932547055063e+02,2.077818414567452976e+02,1.000000000000000000e+01,1.947453999999999989e-06,0.000000000000000000e+00
2.159098925860513134e+02,2.077814338574139583e+02,1.000000000000000000e+01,1.863722000000000018e-06,0.000000000000000000e+00
2.163406902301936725e+02,2.077810030597698017e+02,1.000000000000000000e+01,1.968059000000000193e-06,0.000000000000000000e+00
2.167714086582805635e+02,2.077805723413417240e+02,1.000000000000000000e+01,1.980908999999999994e-06,0.000000000000000000e+00
2.171915879648007035e+02,2.077801521620351934e+02,1.000000000000000000e+01,2.034401000000000192e-06,0.000000000000000000e+00
2.175964634580411712e+02,2.077797472865419479e+02,1.000000000000000000e+01,2.005836000000000068e-06,0.000000000000000000e+00
2.179959887040860451e+02,2.077793477612959236e+02,1.000000000000000000e+01,1.939377000000000016e-06,0.000000000000000000e+00
2.184271192584849643e+02,2.077789166307415201e+02,1.000000000000000000e+01,1.992637000000000163e-06,0.000000000000000000e+00
2.188353589021750736e+02,2.077785083910978301e+02,1.000000000000000000e+01,2.049725000000000098e-06,0.000000000000000000e+00
2.192662152964497295e+02,2.077780775347035558e+02,1.000000000000000000e+01,2.132262999999999934e-06,0.000000000000000000e+00
2.196852855515916474e+02,2.077776584644483933e+02,1.000000000000000000e+01,2.085813000000000150e-06,0.000000000000000000e+00
2.200727242787393720e+02,2.077772710257212623e+02,1.000000000000000000e+01,2.138432999999999995e-06,0.000000000000000000e+00
2.204904725074710825e+02,2.077768532774925347e+02,1.000000000000000000e+01,2.183573000000000041e-06,0.000000000000000000e+00
2.209383823114100949e+02,2.077764053676885965e+02,1.000000000000000000e+01,2.173502999999999898e-06,0.000000000000000000e+00
2.213294103824766808e+02,2.077760143396175181e+02,1.000000000000000000e+01,2.010638000000000061e-06,0.000000000000000000e+00
2.217614234652671996e+02,2.077755823265347317e+02,1.000000000000000000e+01,2.154949000000000194e-06,0.000000000000000000e+00
2.222058457711453059e+02,2.077751379042288420e+02,1.000000000000000000e+01,2.203946000000000193e-06,0.000000000000000000e+00
2.226213377542873957e+02,2.077747224122457226e+02,1.000000000000000000e+01,2.160727000000000023e-06,0.000000000000000000e+00
2.230332467331759005e+02,2.077743105032668325e+02,1.000000000000000000e+01,2.221131999999999828e-06,0.000000000000000000e+00
2.234799273774384858e+02,2.077738638226225589e+02,1.000000000000000000e+01,2.220549999999999856e-06,0.000000000000000000e+00
2.238689784681312460e+02,2.077734747715318804e+02,1.000000000000000000e+01,2.235844000000000205e-06,0.000000000000000000e+00
2.243048992824427614e+02,2.077730388507175689e+02,1.000000000000000000e+01,2.237284000000000144e-06,0.000000000000000000e+00
2.247080110037084353e+02,2.077726357389962857e+02,1.000000000000000000e+01,2.253742000000000012e-06,0.000000000000000000e+00
2.251278050190128397e+02,2.077722159449809851e+02,1.000000000000000000e+01,2.157176000000000046e-06,0.000000000000000000e+00
2.255469926370714120e+02,2.077717967573629210e+02,1.000000000000000000e+01,2.167012999999999898e-06,0.000000000000000000e+00
2.259508393087456852e+02,2.077713929106912474e+02,1.000000000000000000e+01,2.151994999999999968e-06,0.000000000000000000e+00
2.263860760748628138e+02,2.077709576739251247e+02,1.000000000000000000e+01,2.104803999999999847e-06,0.000000000000000000e+00
2.267939354463715915e+02,2.077705498145536183e+02,1.000000000000000000e+01,2.187705999999999989e-06,0.000000000000000000e+00
2.272192808549391998e+02,2.077701244691450597e+02,1.000000000000000000e+01,2.095155999999999918e-06,0.000000000000000000e+00
2.276209304798301218e+02,2.077697228195201546e+02,1.000000000000000000e+01,2.051296000000000053e-06,0.000000000000000000e+00
2.280217474996686349e+02,2.077693220025003313e+02,1.000000000000000000e+01,2.040294999999999835e-06,0.000000000000000000e+00
2.284487416944329539e+02,2.077688950083055772e+02,1.000000000000000000e+01,1.930108000000000173e-06,0.000000000000000000e+00
2.288569850404458919e+02,2.077684867649595617e+02,1.000000000000000000e+01,1.953288999999999909e-06,0.000000000000000000e+00
2.292875186654811159e+02,2.077680562313345263e+02,1.000000000000000000e+01,1.954744000000000050e-06,0.000000000000000000e+00
2.297112649694913102e+02,2.077676324850305036e+02,1.000000000000000000e+01,1.968131999999999879e-06,0.000000000000000000e+00
2.301262783179718667e+02,2.077672174716820166e+02,1.000000000000000000e+01,1.950641000000000083e-06,0.000000000000000000e+00
2.305416374725793105e+02,2.077668021125274151e+02,1.000000000000000000e+01,1.947700999999999820e-06,0.000000000000000000e+00
2.309646968666044984e+02,2.077663790531333916e+02,1.000000000000000000e+01,1.925888000000000152e-06,0.000000000000000000e+00
2.313953009829979237e+02,2.077659484490170030e+02,1.000000000000000000e+01,1.954599000000000071e-06,0.000000000000000000e+00
2.318196428914378941e+02,2.077655241071085470e+02,1.000000000000000000e+01,1.961452999999999955e-06,0.000000000000000000e+00
2.322307102418957072e+02,2.077651130397580914e+02,1.000000000000000000e+01,1.899680000000000081e-06,0.000000000000000000e+00
2.326463967815092815e+02,2.077646973532184802e+02,1.000000000000000000e+01,1.873443000000000055e-06,0.000000000000000000e+00
2.330736366666521917e+02,2.077642701133333389e+02,1.000000000000000000e+01,1.867811000000000022e-06,0.000000000000000000e+00
2.334800874961831880e+02,2.077638636625038089e+02,1.000000000000000000e+01,1.896681999999999910e-06,0.000000000000000000e+00
2.339040322969465251e+02,2.077634397177030507e+02,1.000000000000000000e+01,1.834661999999999994e-06,0.000000000000000000e+00
2.343436630541085890e+02,2.077630000869458797e+02,1.000000000000000000e+01,1.914173000000000130e-06,0.000000000000000000e+00
2.347516549293577270e+02,2.077625920950706302e+02,1.000000000000000000e+01,1.911365000000000122e-06,0.000000000000000000e+00
2.351671805084502864e+02,2.077621765694915439e+02,1.000000000000000000e+01,1.818669000000000044e-06,0.000000000000000000e+00
2.355545005115700121e+02,2.077617892494884302e+02,1.000000000000000000e+01,1.830004999999999981e-06,0.000000000000000000e+00
2.359754208941706963e+02,2.077613683291058351e+02,1.000000000000000000e+01,1.880543999999999981e-06,0.000000000000000000e+00
2.364215557206994447e+02,2.077609221942792885e+02,1.000000000000000000e+01,1.795823000000000026e-06,0.000000000000000000e+00
2.368139339059680708e+02,2.077605298160940208e+02,1.000000000000000000e+01,1.786451000000000093e-06,0.000000000000000000e+00
2.372434407646715897e+02,2.077601003092353267e+02,1.000000000000000000e+01,1.818538000000000028e-06,0.000000000000000000e+00
2.376521314872904327e+02,2.077596916185127043e+02,1.000000000000000000e+01,1.767010000000000045e-06,0.000000000000000000e+00
2.380739927837149992e+02,2.077592697572162876e+02,1.000000000000000000e+01,1.764652999999999993e-06,0.000000000000000000e+00
2.384711765518667619e+02,2.077588725734481443e+02,1.000000000000000000e+01,1.816530000000000080e-06,0.000000000000000000e+00
2.388893113339536001e+02,2.077584544386660355e+02,1.000000000000000000e+01,1.600420000000000086e-06,0.000000000000000000e+00
2.393298904646613607e+02,2.077580138595353390e+02,1.000000000000000000e+01,1.681662999999999962e-06,0.000000000000000000e+00
2.397366663599236745e+02,2.077576070836400675e+02,1.000000000000000000e+01,1.759647000000000087e-06,0.000000000000000000e+00
2.401505652596814002e+02,2.077571931847403164e+02,1.000000000000000000e+01,1.706459000000000021e-06,0.000000000000000000e+00
2.405661686133262265e+02,2.077567775813866717e+02,1.000000000000000000e+01,1.797889000000000092e-06,0.000000000000000000e+00
2.409851313874780487e+02,2.077563586186125235e+02,1.000000000000000000e+01,1.733307999999999999e-06,0.000000000000000000e+00
2.413932382919477106e+02,2.077559505117080505e+02,1.000000000000000000e+01,1.632216000000000036e-06,0.000000000000000000e+00
2.418311533125954043e+02,2.077555125966873959e+02,1.000000000000000000e+01,1.688823000000000034e-06,0.000000000000000000e+00
2.422547170560366396e+02,2.077550890329439710e+02,1.000000000000000000e+01,1.647728000000000049e-06,0.000000000000000000e+00
2.426984838906883510e+02,2.077546452661093213e+02,1.000000000000000000e+01,1.705455000000000047e-06,0.000000000000000000e+00
2.431023778998544742e+02,2.077542413721001537e+02,1.000000000000000000e+01,1.727428999999999923e-06,0.000000000000000000e+00
2.435012168486230451e+02,2.077538425331513849e+02,1.000000000000000000e+01,1.618770000000000088e-06,0.000000000000000000e+00
2.439318530089566366e+02,2.077534118969910537e+02,1.000000000000000000e+01,1.648266000000000077e-06,0.000000000000000000e+00
2.443738537038167919e+02,2.077529698962961788e+02,1.000000000000000000e+01,1.555875999999999975e-06,0.000000000000000000e+00
2.447724184043132141e+02,2.077525713315956750e+02,1.000000000000000000e+01,1.608365000000000016e-06,0.000000000000000000e+00
2.451961166764474456e+02,2.077521476333235455e+02,1.000000000000000000e+01,1.642037999999999897e-06,0.000000000000000000e+00
2.456089606263012115e+02,2.077517347893736996e+02,1.000000000000000000e+01,1.620225000000000018e-06,0.000000000000000000e+00
2.460203394871794842e+02,2.077513234105128106e+02,1.000000000000000000e+01,1.620238999999999981e-06,0.000000000000000000e+00
2.464311117859414821e+02,2.077509126382140607e+02,1.000000000000000000e+01,1.637089999999999898e-06,0.000000000000000000e+00
2.468408270661768427e+02,2.077505029229338334e+02,1.000000000000000000e+01,1.619132999999999944e-06,0.000000000000000000e+00
2.472859758067314431e+02,2.077500577741932659e+02,1.000000000000000000e+01,1.549283999999999912e-06,0.000000000000000000e+00
2.476885607862782877e+02,2.077496551892137120e+02,1.000000000000000000e+01,1.531444000000000012e-06,0.000000000000000000e+00
2.480970036589180268e+02,2.077492467463410719e+02,1.000000000000000000e+01,1.572480000000000062e-06,0.000000000000000000e+00
2.485112845012153571e+02,2.077488324654987935e+02,1.000000000000000000e+01,1.587948999999999948e-06,0.000000000000000000e+00
2.489181405244420660e+02,2.077484256094755608e+02,1.000000000000000000e+01,1.598803999999999948e-06,0.000000000000000000e+00
2.493491197519030322e+02,2.077479946302480869e+02,1.000000000000000000e+01,1.615756999999999928e-06,0.000000000000000000e+00
2.497874756638769327e+02,2.077475562743361195e+02,1.000000000000000000e+01,1.707783999999999962e-06,0.000000000000000000e+00
2.501874590017759488e+02,2.077471562909982197e+02,1.000000000000000000e+01,1.833076000000000049e-06,0.000000000000000000e+00
2.506030038422391897e+02,2.077467407461577693e+02,1.000000000000000000e+01,1.739507000000000013e-06,0.000000000000000000e+00
2.510182695788162448e+02,2.077463254804211772e+02,1.000000000000000000e+01,1.634645999999999985e-06,0.000000000000000000e+00
2.514654361888404139e+02,2.077458783138111471e+02,1.000000000000000000e+01,1.768247000000000097e-06,0.000000000000000000e+00
2.518641752240087897e+02,2.077454795747759988e+02,1.000000000000000000e+01,1.664637000000000085e-06,0.000000000000000000e+00
2.522881714792814307e+02,2.077450555785207200e+02,1.000000000000000000e+01,1.599618999999999998e-06,0.000000000000000000e+00
2.527354610141277931e+02,2.077446082889858587e+02,1.000000000000000000e+01,1.691994999999999925e-06,0.000000000000000000e+00
2.531359041240458509e+02,2.077442078458759624e+02,1.000000000000000000e+01,1.649809000000000106e-06,0.000000000000000000e+00
2.535387710149229861e+02,2.077438049789850822e+02,1.000000000000000000e+01,1.612410000000000076e-06,0.000000000000000000e+00
2.539626244774565578e+02,2.077433811255225464e+02,1.000000000000000000e+01,1.755498999999999936e-06,0.000000000000000000e+00
2.543708024045801324e+02,2.077429729475954048e+02,1.000000000000000000e+01,1.728679999999999939e-06,0.000000000000000000e+00
2.548068728662420881e+02,2.077425368771337446e+02,1.000000000000000000e+01,1.772220000000000076e-06,0.000000000000000000e+00
2.552306157379708793e+02,2.077421131342620413e+02,1.000000000000000000e+01,1.667241999999999995e-06,0.000000000000000000e+00
2.556165057803223135e+02,2.077417272442196747e+02,1.000000000000000000e+01,1.730179000000000024e-06,0.000000000000000000e+00
2.560487238672739068e+02,2.077412950261327182e+02,1.000000000000000000e+01,1.758220999999999899e-06,0.000000000000000000e+00
2.564525935904959510e+02,2.077408911564095035e+02,1.000000000000000000e+01,1.794382000000000060e-06,0.000000000000000000e+00
2.568763304983420426e+02,2.077404674195016696e+02,1.000000000000000000e+01,1.739811999999999962e-06,0.000000000000000000e+00
2.573127698419577314e+02,2.077400309801580534e+02,1.000000000000000000e+01,1.833745000000000093e-06,0.000000000000000000e+00
2.577211789334181731e+02,2.077396225710665760e+02,1.000000000000000000e+01,1.697699000000000040e-06,0.000000000000000000e+00
2.581361698645532101e+02,2.077392075801354565e+02,1.000000000000000000e+01,1.724373000000000058e-06,0.000000000000000000e+00
2.585239455477509409e+02,2.077388198044522483e+02,1.000000000000000000e+01,1.799737000000000070e-06,0.000000000000000000e+00
2.589502672056559049e+02,2.077383934827943506e+02,1.000000000000000000e+01,1.563458000000000049e-06,0.000000000000000000e+00
2.593942814551874108e+02,2.077379494685447980e+02,1.000000000000000000e+01,1.735446999999999962e-06,0.000000000000000000e+00
2.597930237305279206e+02,2.077375507262694612e+02,1.000000000000000000e+01,1.711538000000000036e-06,0.000000000000000000e+00
2.602170115687022758e+02,2.077371267384313001e+02,1.000000000000000000e+01,1.689201000000000092e-06,0.000000000000000000e+00
2.606281877718499231e+02,2.077367155622281416e+02,1.000000000000000000e+01,1.546693999999999993e-06,0.000000000000000000e+00
2.610444458057676229e+02,2.077362993041942332e+02,1.000000000000000000e+01,1.571258000000000000e-06,0.000000000000000000e+00
2.614670356053870250e+02,2.077358767143946068e+02,1.000000000000000000e+01,1.524473000000000075e-06,0.000000000000000000e+00
2.618747559254841235e+02,2.077354689940745232e+02,1.000000000000000000e+01,1.504581000000000071e-06,0.000000000000000000e+00
2.623058862189064939e+02,2.077350378637810877e+02,1.000000000000000000e+01,1.582346000000000079e-06,0.000000000000000000e+00
2.627338532785537950e+02,2.077346098967214516e+02,1.000000000000000000e+01,1.646810999999999936e-06,0.000000000000000000e+00
2.631594610043178477e+02,2.077341842889956922e+02,1.000000000000000000e+01,1.598863000000000094e-06,0.000000000000000000e+00
2.635930024067005775e+02,2.077337507475932910e+02,1.000000000000000000e+01,1.637191999999999960e-06,0.000000000000000000e+00
2.640076912140079912e+02,2.077333360587859943e+02,1.000000000000000000e+01,1.460589999999999978e-06,0.000000000000000000e+00
2.644149397202402838e+02,2.077329288102797591e+02,1.000000000000000000e+01,1.498483000000000091e-06,0.000000000000000000e+00
2.648458426110906316e+02,2.077324979073889040e+02,1.000000000000000000e+01,1.448176999999999958e-06,0.000000000000000000e+00
2.652537903337598095e+02,2.077320899596662400e+02,1.000000000000000000e+01,1.548963999999999973e-06,0.000000000000000000e+00
2.656701802231823422e+02,2.077316735697768024e+02,1.000000000000000000e+01,1.394656000000000018e-06,0.000000000000000000e+00
2.660928663358778863e+02,2.077312508836641314e+02,1.000000000000000000e+01,1.448279000000000021e-06,0.000000000000000000e+00
2.664780828852117907e+02,2.077308656671147844e+02,1.000000000000000000e+01,1.433000000000000087e-06,0.000000000000000000e+00
2.668955282460290732e+02,2.077304482217539601e+02,1.000000000000000000e+01,1.456487000000000011e-06,0.000000000000000000e+00
2.673236312156488452e+02,2.077300201187843527e+02,1.000000000000000000e+01,1.417895000000000085e-06,0.000000000000000000e+00
2.677686419895433687e+02,2.077295751080104651e+02,1.000000000000000000e+01,1.254288000000000094e-06,0.000000000000000000e+00
2.681626252074111108e+02,2.077291811247925750e+02,1.000000000000000000e+01,1.405482000000000065e-06,0.000000000000000000e+00
2.685776102759297146e+02,2.077287661397240583e+02,1.000000000000000000e+01,1.456181000000000035e-06,0.000000000000000000e+00
2.689944072019084729e+02,2.077283493427980829e+02,1.000000000000000000e+01,1.426902999999999923e-06,0.000000000000000000e+00
2.694025824484396594e+02,2.077279411675515632e+02,1.000000000000000000e+01,1.464402999999999987e-06,0.000000000000000000e+00
2.698337073201622047e+02,2.077275100426798247e+02,1.000000000000000000e+01,1.435386000000000092e-06,0.000000000000000000e+00
2.702648376135846320e+02,2.077270789123864176e+02,1.000000000000000000e+01,1.398730000000000032e-06,0.000000000000000000e+00
2.706650597480916076e+02,2.077266786902519016e+02,1.000000000000000000e+01,1.344043999999999909e-06,0.000000000000000000e+00
2.710711736379781200e+02,2.077262725763620210e+02,1.000000000000000000e+01,1.293606999999999971e-06,0.000000000000000000e+00
2.715142214079728546e+02,2.077258295285920155e+02,1.000000000000000000e+01,1.322448999999999906e-06,0.000000000000000000e+00
2.719425334189239152e+02,2.077254012165810764e+02,1.000000000000000000e+01,1.412510999999999909e-06,0.000000000000000000e+00
2.723502537390210705e+02,2.077249934962609643e+02,1.000000000000000000e+01,1.359716000000000103e-06,0.000000000000000000e+00
2.727809285565580240e+02,2.077245628214434419e+02,1.000000000000000000e+01,1.411491999999999945e-06,0.000000000000000000e+00
2.732033435152542893e+02,2.077241404064847359e+02,1.000000000000000000e+01,1.480947999999999928e-06,0.000000000000000000e+00
2.736065048301526872e+02,2.077237372451698434e+02,1.000000000000000000e+01,1.360037000000000070e-06,0.000000000000000000e+00
2.740061107315521554e+02,2.077233376392684363e+02,1.000000000000000000e+01,1.403880999999999917e-06,0.000000000000000000e+00
2.744544874372002710e+02,2.077228892625628021e+02,1.000000000000000000e+01,1.598381999999999946e-06,0.000000000000000000e+00
2.748668001578799363e+02,2.077224769498421324e+02,1.000000000000000000e+01,1.415916000000000091e-06,0.000000000000000000e+00
2.752774675623837197e+02,2.077220662824376234e+02,1.000000000000000000e+01,1.355424000000000001e-06,0.000000000000000000e+00
2.756829230057904283e+02,2.077216608269941958e+02,1.000000000000000000e+01,1.412743999999999988e-06,0.000000000000000000e+00
2.761110647589259770e+02,2.077212326852410627e+02,1.000000000000000000e+01,1.385094999999999950e-06,0.000000000000000000e+00
2.765215407950380495e+02,2.077208222092049539e+02,1.000000000000000000e+01,1.136649999999999951e-06,0.000000000000000000e+00
2.769224372012691333e+02,2.077204213127987202e+02,1.000000000000000000e+01,1.284569999999999968e-06,0.000000000000000000e+00
2.773603938026458309e+02,2.077199833561973605e+02,1.000000000000000000e+01,1.364605999999999984e-06,0.000000000000000000e+00
2.777880657045164980e+02,2.077195556842954716e+02,1.000000000000000000e+01,1.376770999999999934e-06,0.000000000000000000e+00
2.781885180480823010e+02,2.077191552319519019e+02,1.000000000000000000e+01,1.448438999999999991e-06,0.000000000000000000e+00
2.786043407909244820e+02,2.077187394092090642e+02,1.000000000000000000e+01,1.391191999999999902e-06,0.000000000000000000e+00
0.000000000000000000e+00,2.079973437499999989e+02,1.500000000000000000e+01,2.269760000000000102e-05,0.000000000000000000e+00
2.743693252214925993e-01,2.079970693806747875e+02,1.500000000000000000e+01,-1.843917000000000086e-06,0.000000000000000000e+00
3.675012981072114937e-01,2.079969762487018841e+02,1.500000000000000000e+01,-8.674833000000000424e-07,0.000000000000000000e+00
4.605761215979540801e-01,2.079968831738783877e+02,1.500000000000000000e+01,-2.578890000000000139e-07,0.000000000000000000e+00
6.062170299059255196e-01,2.079967375329700872e+02,1.500000000000000000e+01,2.008019000000000082e-07,0.000000000000000000e+00
7.989863554227456532e-01,2.079965447636445788e+02,1.500000000000000000e+01,5.346955999999999641e-07,0.000000000000000000e+00
1.027788011794080747e+00,2.079963159619882163e+02,1.500000000000000000e+01,7.620109999999999536e-07,0.000000000000000000e+00
1.312379774120896236e+00,2.079960313702258645e+02,1.500000000000000000e+01,8.952193000000000467e-07,0.000000000000000000e+00
1.608369399781897302e+00,2.079957353806002232e+02,1.500000000000000000e+01,9.571667999999999732e-07,0.000000000000000000e+00
1.938070016269731077e+00,2.079954056799837190e+02,1.500000000000000000e+01,1.037624000000000054e-06,0.000000000000000000e+00
2.353671385006858241e+00,2.079949900786149897e+02,1.500000000000000000e+01,1.106237000000000061e-06,0.000000000000000000e+00
2.771384623525328994e+00,2.079945723653764844e+02,1.500000000000000000e+01,1.221763999999999955e-06,0.000000000000000000e+00
3.191708972184377213e+00,2.079941520410278031e+02,1.500000000000000000e+01,1.288165000000000100e-06,0.000000000000000000e+00
3.621348624461460997e+00,2.079937224013755497e+02,1.500000000000000000e+01,1.360283999999999901e-06,0.000000000000000000e+00
4.043178959319033261e+00,2.079933005710406917e+02,1.500000000000000000e+01,1.358800000000000018e-06,0.000000000000000000e+00
4.437655253990284265e+00,2.079929060947460187e+02,1.500000000000000000e+01,1.259526000000000051e-06,0.000000000000000000e+00
4.880290184632267270e+00,2.079924634598153546e+02,1.500000000000000000e+01,1.212829000000000014e-06,0.000000000000000000e+00
5.295124539530445595e+00,2.079920486254604555e+02,1.500000000000000000e+01,1.271794000000000092e-06,0.000000000000000000e+00
5.697863244212367562e+00,2.079916458867557765e+02,1.500000000000000000e+01,1.293039999999999990e-06,0.000000000000000000e+00
6.115234605608205420e+00,2.079912285153943969e+02,1.500000000000000000e+01,1.295644000000000084e-06,0.000000000000000000e+00
6.526508625186152379e+00,2.079908172413747991e+02,1.500000000000000000e+01,1.292734000000000014e-06,0.000000000000000000e+00
6.941902395906152989e+00,2.079904018476040903e+02,1.500000000000000000e+01,1.254243999999999938e-06,0.000000000000000000e+00
7.349873243372658571e+00,2.079899938767566141e+02,1.500000000000000000e+01,1.309570999999999968e-06,0.000000000000000000e+00
7.783930285588874121e+00,2.079895598197144011e+02,1.500000000000000000e+01,1.319349000000000097e-06,0.000000000000000000e+00
8.207730690293184139e+00,2.079891360193097114e+02,1.500000000000000000e+01,1.295251000000000035e-06,0.000000000000000000e+00
8.590741511997030955e+00,2.079887530084880041e+02,1.500000000000000000e+01,1.241177000000000077e-06,0.000000000000000000e+00
9.033706651766639339e+00,2.079883100433482355e+02,1.500000000000000000e+01,1.268971000000000094e-06,0.000000000000000000e+00
9.467789587909045679e+00,2.079878759604120830e+02,1.500000000000000000e+01,1.367341999999999910e-06,0.000000000000000000e+00
9.865325635045108399e+00,2.079874784243649515e+02,1.500000000000000000e+01,1.365537000000000060e-06,0.000000000000000000e+00
1.029556834629481088e+01,2.079870481816537051e+02,1.500000000000000000e+01,1.452688999999999992e-06,0.000000000000000000e+00
1.072120882739610082e+01,2.079866225411726077e+02,1.500000000000000000e+01,1.441935000000000027e-06,0.000000000000000000e+00
1.113444764850036073e+01,2.079862093023515115e+02,1.500000000000000000e+01,1.478082000000000013e-06,0.000000000000000000e+00
1.152405433910093180e+01,2.079858196956608936e+02,1.500000000000000000e+01,1.574008000000000101e-06,0.000000000000000000e+00
1.197038692587132402e+01,2.079853733630741317e+02,1.500000000000000000e+01,1.543593999999999972e-06,0.000000000000000000e+00
1.241097069793954866e+01,2.079849327793020564e+02,1.500000000000000000e+01,1.564796999999999953e-06,0.000000000000000000e+00
1.280012295513001064e+01,2.079845436270448715e+02,1.500000000000000000e+01,1.627646000000000095e-06,0.000000000000000000e+00
1.322672309482333830e+01,2.079841170269051815e+02,1.500000000000000000e+01,1.616324999999999936e-06,0.000000000000000000e+00
1.366983344520780186e+01,2.079836739165547783e+02,1.500000000000000000e+01,1.663050999999999928e-06,0.000000000000000000e+00
1.406952776737367117e+01,2.079832742222326374e+02,1.500000000000000000e+01,1.574314000000000077e-06,0.000000000000000000e+00
1.447536949885495972e+01,2.079828683805011451e+02,1.500000000000000000e+01,1.527092999999999975e-06,0.000000000000000000e+00
1.490805227628293927e+01,2.079824356977237017e+02,1.500000000000000000e+01,1.620880000000000099e-06,0.000000000000000000e+00
1.531016921358778582e+01,2.079820335807864069e+02,1.500000000000000000e+01,1.680368000000000002e-06,0.000000000000000000e+00
1.575840074894060017e+01,2.079815853492510485e+02,1.500000000000000000e+01,1.765685999999999920e-06,0.000000000000000000e+00
1.614389898382129473e+01,2.079811998510161857e+02,1.500000000000000000e+01,1.764099999999999974e-06,0.000000000000000000e+00
1.656368925487701205e+01,2.079807800607451327e+02,1.500000000000000000e+01,1.680134999999999924e-06,0.000000000000000000e+00
1.698280560130120875e+01,2.079803609443986829e+02,1.500000000000000000e+01,1.564927999999999969e-06,0.000000000000000000e+00
1.739101711095400304e+01,2.079799527328890463e+02,1.500000000000000000e+01,1.489126999999999964e-06,0.000000000000000000e+00
1.781654833543708705e+01,2.079795272016645526e+02,1.500000000000000000e+01,1.492706000000000079e-06,0.000000000000000000e+00
1.821889975275313844e+01,2.079791248502472456e+02,1.500000000000000000e+01,1.462264000000000024e-06,0.000000000000000000e+00
1.865512549056113656e+01,2.079786886245094308e+02,1.500000000000000000e+01,1.481646999999999953e-06,0.000000000000000000e+00
1.907040902034087182e+01,2.079782733409796549e+02,1.500000000000000000e+01,1.506049999999999963e-06,0.000000000000000000e+00
1.946834384580152744e+01,2.079778754061541974e+02,1.500000000000000000e+01,1.543973000000000057e-06,0.000000000000000000e+00
1.989631812695451885e+01,2.079774474318730313e+02,1.500000000000000000e+01,1.510881999999999937e-06,0.000000000000000000e+00
2.031763808484478773e+01,2.079770261119151655e+02,1.500000000000000000e+01,1.468928999999999984e-06,0.000000000000000000e+00
2.071735739908288920e+01,2.079766263926009060e+02,1.500000000000000000e+01,1.514984999999999904e-06,0.000000000000000000e+00
2.116027491525962745e+01,2.079761834750847527e+02,1.500000000000000000e+01,1.333318999999999897e-06,0.000000000000000000e+00
2.156168975489579509e+01,2.079757820602451091e+02,1.500000000000000000e+01,1.329797999999999901e-06,0.000000000000000000e+00
2.196673873174455949e+01,2.079753770112682503e+02,1.500000000000000000e+01,1.284307999999999935e-06,0.000000000000000000e+00
2.240057902685259705e+01,2.079749431709731482e+02,1.500000000000000000e+01,1.262757000000000089e-06,0.000000000000000000e+00
2.283920139175572928e+01,2.079745045486082518e+02,1.500000000000000000e+01,1.331718999999999988e-06,0.000000000000000000e+00
2.327301454974411854e+01,2.079740707354502547e+02,1.500000000000000000e+01,1.324879000000000068e-06,0.000000000000000000e+00
2.369369697116200157e+01,2.079736500530288481e+02,1.500000000000000000e+01,1.315871000000000018e-06,0.000000000000000000e+00
2.408124218517242454e+01,2.079732625078148374e+02,1.500000000000000000e+01,1.327426000000000070e-06,0.000000000000000000e+00
2.452221197156352872e+01,2.079728215380284269e+02,1.500000000000000000e+01,1.380526000000000036e-06,0.000000000000000000e+00
2.494623075381679200e+01,2.079723975192461864e+02,1.500000000000000000e+01,1.383799999999999990e-06,0.000000000000000000e+00
2.534542200453254779e+01,2.079719983279954647e+02,1.500000000000000000e+01,1.392894999999999900e-06,0.000000000000000000e+00
2.576853289030033167e+01,2.079715752171096881e+02,1.500000000000000000e+01,1.309381000000000017e-06,0.000000000000000000e+00
2.618035044496397745e+01,2.079711633995550244e+02,1.500000000000000000e+01,1.351392999999999904e-06,0.000000000000000000e+00
2.658807080934079181e+01,2.079707556791906597e+02,1.500000000000000000e+01,1.455511999999999991e-06,0.000000000000000000e+00
2.700308143304944863e+01,2.079703406685669620e+02,1.500000000000000000e+01,1.495179999999999972e-06,0.000000000000000000e+00
2.741090820116675175e+01,2.079699328417988227e+02,1.500000000000000000e+01,1.498396000000000019e-06,0.000000000000000000e+00
2.785081491488549688e+01,2.079694929350850998e+02,1.500000000000000000e+01,1.488005999999999937e-06,0.000000000000000000e+00
2.824944043895033730e+01,2.079690943095610578e+02,1.500000000000000000e+01,1.503169000000000058e-06,0.000000000000000000e+00
2.868222029800145023e+01,2.079686615297019898e+02,1.500000000000000000e+01,1.569729999999999962e-06,0.000000000000000000e+00
2.909384354622561375e+01,2.079682499064537637e+02,1.500000000000000000e+01,1.455394999999999937e-06,0.000000000000000000e+00
2.948583591395968639e+01,2.079678579140860393e+02,1.500000000000000000e+01,1.587118999999999906e-06,0.000000000000000000e+00
2.991511033601526748e+01,2.079674286396639786e+02,1.500000000000000000e+01,1.624502999999999945e-06,0.000000000000000000e+00
3.035543716297709693e+01,2.079669883128370316e+02,1.500000000000000000e+01,1.641542999999999997e-06,0.000000000000000000e+00
3.079539761493350269e+01,2.079665483523850753e+02,1.500000000000000000e+01,1.572887000000000074e-06,0.000000000000000000e+00
3.119796608561507512e+01,2.079661457839143850e+02,1.500000000000000000e+01,1.554522999999999897e-06,0.000000000000000000e+00
3.159923214504201283e+01,2.079657445178549438e+02,1.500000000000000000e+01,1.555337999999999948e-06,0.000000000000000000e+00
3.204230696437659276e+01,2.079653014430356279e+02,1.500000000000000000e+01,1.573934999999999992e-06,0.000000000000000000e+00
3.246576315169915716e+01,2.079648779868483075e+02,1.500000000000000000e+01,1.571214000000000056e-06,0.000000000000000000e+00
3.286150690426776322e+01,2.079644822430957163e+02,1.500000000000000000e+01,1.544787999999999896e-06,0.000000000000000000e+00
3.330481723872311051e+01,2.079640389327612695e+02,1.500000000000000000e+01,1.619221000000000044e-06,0.000000000000000000e+00
3.373240259845734101e+01,2.079636113474015531e+02,1.500000000000000000e+01,1.509993999999999988e-06,0.000000000000000000e+00
3.412662056947441869e+01,2.079632171294305181e+02,1.500000000000000000e+01,1.477964999999999960e-06,0.000000000000000000e+00
3.454876232639754363e+01,2.079627949876735897e+02,1.500000000000000000e+01,1.541266000000000085e-06,0.000000000000000000e+00
3.495241567398218763e+01,2.079623913343260142e+02,1.500000000000000000e+01,1.537366000000000003e-06,0.000000000000000000e+00
3.537858489972241216e+01,2.079619651651002812e+02,1.500000000000000000e+01,1.512118999999999989e-06,0.000000000000000000e+00
3.578655272954392785e+01,2.079615571972704515e+02,1.500000000000000000e+01,1.509659000000000059e-06,0.000000000000000000e+00
3.620986202518089669e+01,2.079611338879748246e+02,1.500000000000000000e+01,1.483131000000000048e-06,0.000000000000000000e+00
3.662512775189763659e+01,2.079607186222480948e+02,1.500000000000000000e+01,1.495282000000000035e-06,0.000000000000000000e+00
3.702646398303601671e+01,2.079603172860169593e+02,1.500000000000000000e+01,1.567924999999999900e-06,0.000000000000000000e+00
3.745259622310894798e+01,2.079598911537768799e+02,1.500000000000000000e+01,1.458654999999999928e-06,0.000000000000000000e+00
3.787241471466911236e+01,2.079594713352853432e+02,1.500000000000000000e+01,1.512366000000000031e-06,0.000000000000000000e+00
3.829130847120055137e+01,2.079590524415287973e+02,1.500000000000000000e+01,1.562118999999999934e-06,0.000000000000000000e+00
3.871561350714343064e+01,2.079586281364928482e+02,1.500000000000000000e+01,1.483262000000000064e-06,0.000000000000000000e+00
3.910327801521457047e+01,2.079582404719847943e+02,1.500000000000000000e+01,1.493055999999999999e-06,0.000000000000000000e+00
3.954374620677219099e+01,2.079578000037932384e+02,1.500000000000000000e+01,1.479390999999999936e-06,0.000000000000000000e+00
3.995680454971698481e+01,2.079573869454502812e+02,1.500000000000000000e+01,1.511638000000000053e-06,0.000000000000000000e+00
4.036516159701589856e+01,2.079569785884029898e+02,1.500000000000000000e+01,1.498207000000000096e-06,0.000000000000000000e+00
4.080086519735680639e+01,2.079565428848026443e+02,1.500000000000000000e+01,1.460618999999999932e-06,0.000000000000000000e+00
4.120407943543700213e+01,2.079561396705645677e+02,1.500000000000000000e+01,1.542270000000000059e-06,0.000000000000000000e+00
4.160928151738761471e+01,2.079557344684826035e+02,1.500000000000000000e+01,1.595020999999999920e-06,0.000000000000000000e+00
4.205238152198690216e+01,2.079552913684780151e+02,1.500000000000000000e+01,1.656052000000000064e-06,0.000000000000000000e+00
4.248396218102587341e+01,2.079548597878189753e+02,1.500000000000000000e+01,1.648965000000000102e-06,0.000000000000000000e+00
4.290180079661252677e+01,2.079544419492033853e+02,1.500000000000000000e+01,1.615902999999999934e-06,0.000000000000000000e+00
4.330597840215654060e+01,2.079540377715978536e+02,1.500000000000000000e+01,1.625434000000000022e-06,0.000000000000000000e+00
4.375436082080197764e+01,2.079535893891792000e+02,1.500000000000000000e+01,1.536259999999999967e-06,0.000000000000000000e+00
4.417057175688498916e+01,2.079531731782431052e+02,1.500000000000000000e+01,1.588298000000000052e-06,0.000000000000000000e+00
4.457733024427481183e+01,2.079527664197557328e+02,1.500000000000000000e+01,1.538021000000000084e-06,0.000000000000000000e+00
4.497831226839583252e+01,2.079523654377316007e+02,1.500000000000000000e+01,1.518375999999999911e-06,0.000000000000000000e+00
4.541999179391100228e+01,2.079519237582060782e+02,1.500000000000000000e+01,1.619162999999999925e-06,0.000000000000000000e+00
4.582776997258847729e+01,2.079515159800274091e+02,1.500000000000000000e+01,1.579945000000000083e-06,0.000000000000000000e+00
4.625830546432445090e+01,2.079510854445356642e+02,1.500000000000000000e+01,1.576204999999999972e-06,0.000000000000000000e+00
4.665828430105680269e+01,2.079506854656989390e+02,1.500000000000000000e+01,1.576846000000000090e-06,0.000000000000000000e+00
4.706363434187716877e+01,2.079502801156581313e+02,1.500000000000000000e+01,1.546329999999999898e-06,0.000000000000000000e+00
4.748298984172974002e+01,2.079498607601582592e+02,1.500000000000000000e+01,1.477382999999999988e-06,0.000000000000000000e+00
4.789796749017293109e+01,2.079494457825098266e+02,1.500000000000000000e+01,1.507098000000000093e-06,0.000000000000000000e+00
4.833333790986770140e+01,2.079490104120901321e+02,1.500000000000000000e+01,1.429522000000000007e-06,0.000000000000000000e+00
4.874041241564884785e+01,2.079486033375843590e+02,1.500000000000000000e+01,1.441861999999999918e-06,0.000000000000000000e+00
4.915453309767539736e+01,2.079481892169023354e+02,1.500000000000000000e+01,1.511813000000000013e-06,0.000000000000000000e+00
4.956969155543774974e+01,2.079477740584445655e+02,1.500000000000000000e+01,1.467079999999999979e-06,0.000000000000000000e+00
4.996777866316794103e+01,2.079473759713368395e+02,1.500000000000000000e+01,1.444045000000000038e-06,0.000000000000000000e+00
5.041040212791336472e+01,2.079469333478720898e+02,1.500000000000000000e+01,1.453270999999999964e-06,0.000000000000000000e+00
5.083756619145520972e+01,2.079465061838085376e+02,1.500000000000000000e+01,1.502688999999999937e-06,0.000000000000000000e+00
5.126676145915750737e+01,2.079460769885408524e+02,1.500000000000000000e+01,1.505948999999999928e-06,0.000000000000000000e+00
5.165981208535001201e+01,2.079456839379146516e+02,1.500000000000000000e+01,1.508058999999999938e-06,0.000000000000000000e+00
5.209242387766884264e+01,2.079452513261223316e+02,1.500000000000000000e+01,1.481560000000000093e-06,0.000000000000000000e+00
5.251776191947411121e+01,2.079448259880805381e+02,1.500000000000000000e+01,1.644249999999999970e-06,0.000000000000000000e+00
5.294529885884062281e+01,2.079443984511411543e+02,1.500000000000000000e+01,1.668333000000000041e-06,0.000000000000000000e+00
5.334883925491171652e+01,2.079439949107450900e+02,1.500000000000000000e+01,1.582259000000000007e-06,0.000000000000000000e+00
5.377462072778454427e+01,2.079435691292722197e+02,1.500000000000000000e+01,1.660155000000000032e-06,0.000000000000000000e+00
5.418023528417765533e+01,2.079431635147158204e+02,1.500000000000000000e+01,1.672480999999999980e-06,0.000000000000000000e+00
5.459707489663398405e+01,2.079427466751033649e+02,1.500000000000000000e+01,1.679799999999999994e-06,0.000000000000000000e+00
5.502318650261086930e+01,2.079423205634973897e+02,1.500000000000000000e+01,1.624605000000000008e-06,0.000000000000000000e+00
5.543286274361369692e+01,2.079419108872563982e+02,1.500000000000000000e+01,1.624547000000000101e-06,0.000000000000000000e+00
5.585743471258484760e+01,2.079414863152874204e+02,1.500000000000000000e+01,1.690000999999999941e-06,0.000000000000000000e+00
5.625403409356138695e+01,2.079410897159064291e+02,1.500000000000000000e+01,1.583247999999999990e-06,0.000000000000000000e+00
5.667790203697607154e+01,2.079406658479630323e+02,1.500000000000000000e+01,1.602078999999999929e-06,0.000000000000000000e+00
5.709263166463534134e+01,2.079402511183353681e+02,1.500000000000000000e+01,1.699926000000000104e-06,0.000000000000000000e+00
5.750050696042622178e+01,2.079398432430395758e+02,1.500000000000000000e+01,1.638837000000000052e-06,0.000000000000000000e+00
5.793127219414022733e+01,2.079394124778058597e+02,1.500000000000000000e+01,1.614345999999999942e-06,0.000000000000000000e+00
5.835260060846056263e+01,2.079389911493915406e+02,1.500000000000000000e+01,1.641848999999999974e-06,0.000000000000000000e+00
5.877111232010167896e+01,2.079385726376798971e+02,1.500000000000000000e+01,1.626437999999999995e-06,0.000000000000000000e+00
5.920336658439355659e+01,2.079381403834156004e+02,1.500000000000000000e+01,1.551073999999999983e-06,0.000000000000000000e+00
5.959710999735420955e+01,2.079377466400026435e+02,1.500000000000000000e+01,1.432795999999999961e-06,0.000000000000000000e+00
6.000632065650596303e+01,2.079373374293435006e+02,1.500000000000000000e+01,1.491556999999999914e-06,0.000000000000000000e+00
6.043609705241699004e+01,2.079369076529475819e+02,1.500000000000000000e+01,1.465959999999999979e-06,0.000000000000000000e+00
6.084397655431458674e+01,2.079364997734456892e+02,1.500000000000000000e+01,1.377774999999999908e-06,0.000000000000000000e+00
6.127472026336449318e+01,2.079360690297366432e+02,1.500000000000000000e+01,1.457593000000000047e-06,0.000000000000000000e+00
6.170732149443649917e+01,2.079356364285055747e+02,1.500000000000000000e+01,1.474691000000000006e-06,0.000000000000000000e+00
6.211278935305342941e+01,2.079352309606469476e+02,1.500000000000000000e+01,1.634195000000000030e-06,0.000000000000000000e+00
6.251292049259151185e+01,2.079348308295074048e+02,1.500000000000000000e+01,1.515436000000000071e-06,0.000000000000000000e+00
6.294127363782259721e+01,2.079344024763621803e+02,1.500000000000000000e+01,1.656007999999999909e-06,0.000000000000000000e+00
6.338444269541984255e+01,2.079339593073045762e+02,1.500000000000000000e+01,1.544336999999999941e-06,0.000000000000000000e+00
6.380795768143323698e+01,2.079335357923185654e+02,1.500000000000000000e+01,1.480032000000000054e-06,0.000000000000000000e+00
6.421068189022142292e+01,2.079331330681097825e+02,1.500000000000000000e+01,1.463136999999999981e-06,0.000000000000000000e+00
6.463109933842238775e+01,2.079327126506615855e+02,1.500000000000000000e+01,1.207066999999999992e-06,0.000000000000000000e+00
6.504625464457815553e+01,2.079322974953554137e+02,1.500000000000000000e+01,1.202875999999999925e-06,0.000000000000000000e+00
6.545048039887082325e+01,2.079318932696011188e+02,1.500000000000000000e+01,1.121458000000000089e-06,0.000000000000000000e+00
6.588936759580153080e+01,2.079314543824041834e+02,1.500000000000000000e+01,1.330947000000000066e-06,0.000000000000000000e+00
6.628823230363319396e+01,2.079310555176963646e+02,1.500000000000000000e+01,1.089735000000000037e-06,0.000000000000000000e+00
6.671185010367612733e+01,2.079306318998963263e+02,1.500000000000000000e+01,1.224354000000000086e-06,0.000000000000000000e+00
6.712892452254419595e+01,2.079302148254774636e+02,1.500000000000000000e+01,1.122388999999999953e-06,0.000000000000000000e+00
6.752400783735785694e+01,2.079298197421626355e+02,1.500000000000000000e+01,1.171632999999999994e-06,0.000000000000000000e+00
6.795047735143458567e+01,2.079293932726485536e+02,1.500000000000000000e+01,1.018066999999999980e-06,0.000000000000000000e+00
6.837057758749975278e+01,2.079289731724124977e+02,1.500000000000000000e+01,1.130247000000000022e-06,0.000000000000000000e+00
6.879376114201197367e+01,2.079285499888579807e+02,1.500000000000000000e+01,1.122970999999999925e-06,0.000000000000000000e+00
6.924222764259019414e+01,2.079281015223573945e+02,1.500000000000000000e+01,1.160559000000000089e-06,0.000000000000000000e+00
6.960246170265327237e+01,2.079277412882973408e+02,1.500000000000000000e+01,1.116044999999999959e-06,0.000000000000000000e+00
7.003150903999787147e+01,2.079273122409599921e+02,1.500000000000000000e+01,1.175925999999999912e-06,0.000000000000000000e+00
7.047702107022900009e+01,2.079268667289297809e+02,1.500000000000000000e+01,1.229578999999999896e-06,0.000000000000000000e+00
7.090094445802618850e+01,2.079264428055419671e+02,1.500000000000000000e+01,1.153748999999999937e-06,0.000000000000000000e+00
7.129951045190838954e+01,2.079260442395480766e+02,1.500000000000000000e+01,1.176318999999999960e-06,0.000000000000000000e+00
7.174841591093911575e+01,2.079255953340890528e+02,1.500000000000000000e+01,1.222898999999999944e-06,0.000000000000000000e+00
7.216345371289564525e+01,2.079251802962870954e+02,1.500000000000000000e+01,1.150285000000000033e-06,0.000000000000000000e+00
7.258326988388830614e+01,2.079247604801161060e+02,1.500000000000000000e+01,1.028528999999999932e-06,0.000000000000000000e+00
7.298482875597876784e+01,2.079243589212440213e+02,1.500000000000000000e+01,1.141611999999999913e-06,0.000000000000000000e+00
7.341426145188783892e+01,2.079239294885481115e+02,1.500000000000000000e+01,1.100299000000000051e-06,0.000000000000000000e+00
7.384490877820910271e+01,2.079234988412218001e+02,1.500000000000000000e+01,1.022329999999999917e-06,0.000000000000000000e+00
7.425308932515018512e+01,2.079230906606748590e+02,1.500000000000000000e+01,1.016086999999999958e-06,0.000000000000000000e+00
7.466904549293609250e+01,2.079226747045070738e+02,1.500000000000000000e+01,1.107851999999999960e-06,0.000000000000000000e+00
7.509154793259742178e+01,2.079222522020673978e+02,1.500000000000000000e+01,9.961077000000000649e-07,0.000000000000000000e+00
7.548754801770031975e+01,2.079218562019823082e+02,1.500000000000000000e+01,1.026609000000000084e-06,0.000000000000000000e+00
7.591861629337901718e+01,2.079214251337066059e+02,1.500000000000000000e+01,1.065753000000000001e-06,0.000000000000000000e+00
7.632663057494794145e+01,2.079210171194250449e+02,1.500000000000000000e+01,1.063118999999999926e-06,0.000000000000000000e+00
7.675777984879962901e+01,2.079205859701511940e+02,1.500000000000000000e+01,1.081949000000000049e-06,0.000000000000000000e+00
7.715760405935397159e+01,2.079201861459406473e+02,1.500000000000000000e+01,1.189808000000000035e-06,0.000000000000000000e+00
7.756305435407001880e+01,2.079197806956459260e+02,1.500000000000000000e+01,1.094959000000000031e-06,0.000000000000000000e+00
7.800519599809346971e+01,2.079193385540019108e+02,1.500000000000000000e+01,1.131148999999999934e-06,0.000000000000000000e+00
7.840160239000694276e+01,2.079189421476099824e+02,1.500000000000000000e+01,1.069391000000000050e-06,0.000000000000000000e+00
7.883243492615645209e+01,2.079185113150738289e+02,1.500000000000000000e+01,1.085893000000000074e-06,0.000000000000000000e+00
7.923940158748031592e+01,2.079181043484125269e+02,1.500000000000000000e+01,1.127787999999999908e-06,0.000000000000000000e+00
7.965339979474130416e+01,2.079176903502052483e+02,1.500000000000000000e+01,1.117164999999999959e-06,0.000000000000000000e+00
8.008688161988597187e+01,2.079172568683801217e+02,1.500000000000000000e+01,1.148699000000000087e-06,0.000000000000000000e+00
8.046704029644355671e+01,2.079168767097035584e+02,1.500000000000000000e+01,1.012172999999999914e-06,0.000000000000000000e+00
8.090139818714114028e+01,2.079164423518128615e+02,1.500000000000000000e+01,1.106308999999999931e-06,0.000000000000000000e+00
8.134529638282442932e+01,2.079159984536171635e+02,1.500000000000000000e+01,1.146544999999999921e-06,0.000000000000000000e+00
8.174457725505844508e+01,2.079155991727449475e+02,1.500000000000000000e+01,1.097272999999999955e-06,0.000000000000000000e+00
8.215850945922018411e+01,2.079151852405407794e+02,1.500000000000000000e+01,1.215478000000000079e-06,0.000000000000000000e+00
8.260177602756719750e+01,2.079147419739724398e+02,1.500000000000000000e+01,1.239372000000000015e-06,0.000000000000000000e+00
8.301684840628728068e+01,2.079143269015937108e+02,1.500000000000000000e+01,1.206718000000000099e-06,0.000000000000000000e+00
8.344459692307692933e+01,2.079138991530769260e+02,1.500000000000000000e+01,1.284176999999999919e-06,0.000000000000000000e+00
8.385037491886734529e+01,2.079134933750811172e+02,1.500000000000000000e+01,1.189677000000000019e-06,0.000000000000000000e+00
8.429498866439678295e+01,2.079130487613356024e+02,1.500000000000000000e+01,1.196763999999999982e-06,0.000000000000000000e+00
8.472036137743850759e+01,2.079126233886225634e+02,1.500000000000000000e+01,1.188701999999999999e-06,0.000000000000000000e+00
8.512245110038168150e+01,2.079122212988996239e+02,1.500000000000000000e+01,1.230669999999999942e-06,0.000000000000000000e+00
8.552348928926232929e+01,2.079118202607107264e+02,1.500000000000000000e+01,1.129534000000000035e-06,0.000000000000000000e+00
8.593348589086137679e+01,2.079114102641091506e+02,1.500000000000000000e+01,1.190943000000000025e-06,0.000000000000000000e+00
8.636309452716626822e+01,2.079109806554728266e+02,1.500000000000000000e+01,1.174193999999999959e-06,0.000000000000000000e+00
8.679572078788119427e+01,2.079105480292121229e+02,1.500000000000000000e+01,1.059525000000000033e-06,0.000000000000000000e+00
8.719864727905004997e+01,2.079101451027209464e+02,1.500000000000000000e+01,1.105553000000000026e-06,0.000000000000000000e+00
8.761380437564608314e+01,2.079097299456243491e+02,1.500000000000000000e+01,1.185021000000000034e-06,0.000000000000000000e+00
8.800123328035624581e+01,2.079093425167196472e+02,1.500000000000000000e+01,1.142019999999999952e-06,0.000000000000000000e+00
8.843198015432326997e+01,2.079089117698456732e+02,1.500000000000000000e+01,1.103325999999999963e-06,0.000000000000000000e+00
8.886272630804597839e+01,2.079084810236919623e+02,1.500000000000000000e+01,1.121995999999999904e-06,0.000000000000000000e+00
8.926009021780099317e+01,2.079080836597821929e+02,1.500000000000000000e+01,9.980867999999999982e-07,0.000000000000000000e+00
8.970409276708987534e+01,2.079076396572329202e+02,1.500000000000000000e+01,1.035164999999999939e-06,0.000000000000000000e+00
9.011944261535199985e+01,2.079072243073846380e+02,1.500000000000000000e+01,1.102439000000000042e-06,0.000000000000000000e+00
9.050726379897687934e+01,2.079068364862010299e+02,1.500000000000000000e+01,9.551295000000000427e-07,0.000000000000000000e+00
9.093659987438732628e+01,2.079064071501256024e+02,1.500000000000000000e+01,1.084815999999999991e-06,0.000000000000000000e+00
9.137907377027123346e+01,2.079059646762297291e+02,1.500000000000000000e+01,1.024469000000000093e-06,0.000000000000000000e+00
9.181224006498359813e+01,2.079055315099350025e+02,1.500000000000000000e+01,1.013962999999999985e-06,0.000000000000000000e+00
9.221026778233095911e+01,2.079051334822176784e+02,1.500000000000000000e+01,9.626820000000000437e-07,0.000000000000000000e+00
9.263783388458693935e+01,2.079047059161154039e+02,1.500000000000000000e+01,8.547941000000000428e-07,0.000000000000000000e+00
9.306838437914490214e+01,2.079042753656208617e+02,1.500000000000000000e+01,9.259674999999999567e-07,0.000000000000000000e+00
9.346701969726248649e+01,2.079038767303027271e+02,1.500000000000000000e+01,8.611240999999999678e-07,0.000000000000000000e+00
9.389460195892519323e+01,2.079034491480410622e+02,1.500000000000000000e+01,1.149281000000000059e-06,0.000000000000000000e+00
9.431904092241019555e+01,2.079030247090775845e+02,1.500000000000000000e+01,1.107910000000000079e-06,0.000000000000000000e+00
9.471723455068976705e+01,2.079026265154492989e+02,1.500000000000000000e+01,1.115099000000000104e-06,0.000000000000000000e+00
9.515877863825275540e+01,2.079021849713617485e+02,1.500000000000000000e+01,1.133609000000000076e-06,0.000000000000000000e+00
9.556083282166943604e+01,2.079017829171783376e+02,1.500000000000000000e+01,1.016029000000000051e-06,0.000000000000000000e+00
9.596581375867168617e+01,2.079013779362413175e+02,1.500000000000000000e+01,1.084249000000000010e-06,0.000000000000000000e+00
9.638704280603542429e+01,2.079009567071939557e+02,1.500000000000000000e+01,1.027918000000000007e-06,0.000000000000000000e+00
9.680772086710615554e+01,2.079005360291328941e+02,1.500000000000000000e+01,1.042732000000000023e-06,0.000000000000000000e+00
9.723591752459709880e+01,2.079001078324754133e+02,1.500000000000000000e+01,1.077191000000000001e-06,0.000000000000000000e+00
9.763472120543903543e+01,2.078997090287945468e+02,1.500000000000000000e+01,1.004752000000000049e-06,0.000000000000000000e+00
9.805206115556499924e+01,2.078992916888444427e+02,1.500000000000000000e+01,1.001186000000000082e-06,0.000000000000000000e+00
9.847324803365792434e+01,2.078988705019663428e+02,1.500000000000000000e+01,1.150895999999999958e-06,0.000000000000000000e+00
9.886974314881436499e+01,2.078984740068511883e+02,1.500000000000000000e+01,1.166249000000000029e-06,0.000000000000000000e+00
9.931233011970851976e+01,2.078980314198802830e+02,1.500000000000000000e+01,1.161883000000000002e-06,0.000000000000000000e+00
9.971784619732824240e+01,2.078976259038026626e+02,1.500000000000000000e+01,1.165884999999999934e-06,0.000000000000000000e+00
1.001368457872578830e+02,2.078972069042127373e+02,1.500000000000000000e+01,1.342269000000000040e-06,0.000000000000000000e+00
1.005584013854961967e+02,2.078967853486145145e+02,1.500000000000000000e+01,1.393200000000000061e-06,0.000000000000000000e+00
1.009595867663313555e+02,2.078963841632336766e+02,1.500000000000000000e+01,1.294727999999999998e-06,0.000000000000000000e+00
1.013869074846349037e+02,2.078959568425153748e+02,1.500000000000000000e+01,1.330015999999999990e-06,0.000000000000000000e+00
1.018175548109561532e+02,2.078955261951890350e+02,1.500000000000000000e+01,1.381210000000000071e-06,0.000000000000000000e+00
1.022478092281920397e+02,2.078950959407717960e+02,1.500000000000000000e+01,1.397390999999999916e-06,0.000000000000000000e+00
1.026351613781111638e+02,2.078947085886218815e+02,1.500000000000000000e+01,1.311956999999999973e-06,0.000000000000000000e+00
1.030643979329392863e+02,2.078942793520670591e+02,1.500000000000000000e+01,1.333580999999999929e-06,0.000000000000000000e+00
1.034832330687486461e+02,2.078938605169312552e+02,1.500000000000000000e+01,1.336884000000000048e-06,0.000000000000000000e+00
1.039304209713740619e+02,2.078934133290286184e+02,1.500000000000000000e+01,1.443229999999999987e-06,0.000000000000000000e+00
1.043543122692812375e+02,2.078929894377307050e+02,1.500000000000000000e+01,1.464606999999999901e-06,0.000000000000000000e+00
1.047534047453422232e+02,2.078925903452546606e+02,1.500000000000000000e+01,1.381834999999999959e-06,0.000000000000000000e+00
1.051967426111111052e+02,2.078921470073888997e+02,1.500000000000000000e+01,1.299107999999999989e-06,0.000000000000000000e+00
1.055795421663659965e+02,2.078917642078336314e+02,1.500000000000000000e+01,1.506429000000000049e-06,0.000000000000000000e+00
1.060115022194231642e+02,2.078913322477805821e+02,1.500000000000000000e+01,1.390609999999999930e-06,0.000000000000000000e+00
1.064185634449046773e+02,2.078909251865550800e+02,1.500000000000000000e+01,1.463399000000000014e-06,0.000000000000000000e+00
1.068343605690839553e+02,2.078905093894309175e+02,1.500000000000000000e+01,1.463296999999999951e-06,0.000000000000000000e+00
1.072349310139446175e+02,2.078901088189860502e+02,1.500000000000000000e+01,1.367559999999999998e-06,0.000000000000000000e+00
1.076744636458769548e+02,2.078896692863541205e+02,1.500000000000000000e+01,1.379914000000000084e-06,0.000000000000000000e+00
1.080898722476740801e+02,2.078892538777523100e+02,1.500000000000000000e+01,1.320121000000000019e-06,0.000000000000000000e+00
1.084736754268283363e+02,2.078888700745731626e+02,1.500000000000000000e+01,1.523133999999999959e-06,0.000000000000000000e+00
1.089158793543738994e+02,2.078884278706456143e+02,1.500000000000000000e+01,1.588093999999999927e-06,0.000000000000000000e+00
1.093453776924636571e+02,2.078879983723075213e+02,1.500000000000000000e+01,1.581677000000000035e-06,0.000000000000000000e+00
1.097384204940003372e+02,2.078876053295059876e+02,1.500000000000000000e+01,1.666092000000000014e-06,0.000000000000000000e+00
1.101800363996077152e+02,2.078871637136003869e+02,1.500000000000000000e+01,1.785010999999999942e-06,0.000000000000000000e+00
1.105953616200599186e+02,2.078867483883799423e+02,1.500000000000000000e+01,1.873762999999999995e-06,0.000000000000000000e+00
1.110089546941443643e+02,2.078863347953058565e+02,1.500000000000000000e+01,1.840452999999999970e-06,0.000000000000000000e+00
1.114202402263466780e+02,2.078859235097736473e+02,1.500000000000000000e+01,1.740510999999999987e-06,0.000000000000000000e+00
1.118583253226925791e+02,2.078854854246773129e+02,1.500000000000000000e+01,1.859108999999999948e-06,0.000000000000000000e+00
1.122890886995294011e+02,2.078850546613004724e+02,1.500000000000000000e+01,1.821914000000000044e-06,0.000000000000000000e+00
1.127131839092427157e+02,2.078846305660907490e+02,1.500000000000000000e+01,1.933061999999999975e-06,0.000000000000000000e+00
1.131006445665818632e+02,2.078842431054334270e+02,1.500000000000000000e+01,1.825828999999999905e-06,0.000000000000000000e+00
1.135398210116894830e+02,2.078838039289883000e+02,1.500000000000000000e+01,1.878317999999999945e-06,0.000000000000000000e+00
1.139532584966187159e+02,2.078833904915033770e+02,1.500000000000000000e+01,2.009998000000000182e-06,0.000000000000000000e+00
1.143636227497722757e+02,2.078829801272502209e+02,1.500000000000000000e+01,1.828884999999999982e-06,0.000000000000000000e+00
1.147989315355805218e+02,2.078825448184644245e+02,1.500000000000000000e+01,1.850116000000000101e-06,0.000000000000000000e+00
1.152025856287300343e+02,2.078821411643712622e+02,1.500000000000000000e+01,1.905587999999999898e-06,0.000000000000000000e+00
1.156074283737376334e+02,2.078817363216262493e+02,1.500000000000000000e+01,1.889754999999999917e-06,0.000000000000000000e+00
1.160414124737264387e+02,2.078813023375262787e+02,1.500000000000000000e+01,1.861043999999999999e-06,0.000000000000000000e+00
1.164267916125870244e+02,2.078809169583874166e+02,1.500000000000000000e+01,1.914449999999999941e-06,0.000000000000000000e+00
1.168687645609941370e+02,2.078804749854390082e+02,1.500000000000000000e+01,1.803681000000000096e-06,0.000000000000000000e+00
1.172766949651059605e+02,2.078800670550348855e+02,1.500000000000000000e+01,2.002619999999999810e-06,0.000000000000000000e+00
1.176977805521628397e+02,2.078796459694478358e+02,1.500000000000000000e+01,1.893932000000000021e-06,0.000000000000000000e+00
1.181151535725531829e+02,2.078792285964274527e+02,1.500000000000000000e+01,1.920576000000000058e-06,0.000000000000000000e+00
1.185004843321759012e+02,2.078788432656678253e+02,1.500000000000000000e+01,1.777560000000000096e-06,0.000000000000000000e+00
1.189491496007633629e+02,2.078783946003992469e+02,1.500000000000000000e+01,1.931111999999999935e-06,0.000000000000000000e+00
1.193681759191487544e+02,2.078779755740808355e+02,1.500000000000000000e+01,1.875975000000000068e-06,0.000000000000000000e+00
1.197809794789096003e+02,2.078775627705210809e+02,1.500000000000000000e+01,1.940963999999999989e-06,0.000000000000000000e+00
1.202030448596268002e+02,2.078771407051403628e+02,1.500000000000000000e+01,1.934938999999999907e-06,0.000000000000000000e+00
1.206198019304721356e+02,2.078767239480695252e+02,1.500000000000000000e+01,2.021916000000000091e-06,0.000000000000000000e+00
1.210308241213740388e+02,2.078763129258786364e+02,1.500000000000000000e+01,1.964785000000000027e-06,0.000000000000000000e+00
1.214549418686005993e+02,2.078758888081314069e+02,1.500000000000000000e+01,2.034109999999999995e-06,0.000000000000000000e+00
1.218538102905126550e+02,2.078754899397094960e+02,1.500000000000000000e+01,1.935085000000000125e-06,0.000000000000000000e+00
1.222900342740457944e+02,2.078750537157259544e+02,1.500000000000000000e+01,1.917796999999999792e-06,0.000000000000000000e+00
1.227136720795820395e+02,2.078746300779204148e+02,1.500000000000000000e+01,2.017128000000000061e-06,0.000000000000000000e+00
1.231525169212500401e+02,2.078741912330787613e+02,1.500000000000000000e+01,2.063752999999999805e-06,0.000000000000000000e+00
1.235679811106104466e+02,2.078737757688893737e+02,1.500000000000000000e+01,2.018073999999999916e-06,0.000000000000000000e+00
1.239865462717356053e+02,2.078733572037282613e+02,1.500000000000000000e+01,2.014042999999999819e-06,0.000000000000000000e+00
1.243947668774912643e+02,2.078729489831225123e+02,1.500000000000000000e+01,1.989029000000000095e-06,0.000000000000000000e+00
1.248292124112387143e+02,2.078725145375887564e+02,1.500000000000000000e+01,1.967549999999999907e-06,0.000000000000000000e+00
1.252444493401083037e+02,2.078720993006598974e+02,1.500000000000000000e+01,1.889332999999999915e-06,0.000000000000000000e+00
1.256593245669149610e+02,2.078716844254330738e+02,1.500000000000000000e+01,2.026863999999999878e-06,0.000000000000000000e+00
1.260674070117613184e+02,2.078712763429882386e+02,1.500000000000000000e+01,2.014159999999999872e-06,0.000000000000000000e+00
1.264694572543372857e+02,2.078708742927456683e+02,1.500000000000000000e+01,1.989160000000000112e-06,0.000000000000000000e+00
1.268878709672186602e+02,2.078704558790327894e+02,1.500000000000000000e+01,1.935550000000000044e-06,0.000000000000000000e+00
1.273082108227537930e+02,2.078700355391772518e+02,1.500000000000000000e+01,2.056477000000000131e-06,0.000000000000000000e+00
1.277499492526067826e+02,2.078695938007473956e+02,1.500000000000000000e+01,1.986670999999999804e-06,0.000000000000000000e+00
1.281485990284119225e+02,2.078691951509715921e+02,1.500000000000000000e+01,2.072541999999999951e-06,0.000000000000000000e+00
1.285529907009833721e+02,2.078687907592990030e+02,1.500000000000000000e+01,1.977125000000000150e-06,0.000000000000000000e+00
1.289742359697252425e+02,2.078683695140302632e+02,1.500000000000000000e+01,2.054207000000000151e-06,0.000000000000000000e+00
1.293824537029840371e+02,2.078679612962970111e+02,1.500000000000000000e+01,2.111162999999999831e-06,0.000000000000000000e+00
1.298131948628309829e+02,2.078675305551371650e+02,1.500000000000000000e+01,2.077286000000000037e-06,0.000000000000000000e+00
1.302423692018978443e+02,2.078671013807980898e+02,1.500000000000000000e+01,1.976063000000000057e-06,0.000000000000000000e+00
1.306712854844541027e+02,2.078666724645155455e+02,1.500000000000000000e+01,2.009518000000000061e-06,0.000000000000000000e+00
1.310586391886762669e+02,2.078662851108113330e+02,1.500000000000000000e+01,2.099361000000000160e-06,0.000000000000000000e+00
1.314789021037474015e+02,2.078658648478962618e+02,1.500000000000000000e+01,2.014173999999999835e-06,0.000000000000000000e+00
1.319255394161935158e+02,2.078654182105838117e+02,1.500000000000000000e+01,2.048968000000000166e-06,0.000000000000000000e+00
1.323538103413315241e+02,2.078649899396586704e+02,1.500000000000000000e+01,1.923020999999999998e-06,0.000000000000000000e+00
1.327484896842004787e+02,2.078645952603158094e+02,1.500000000000000000e+01,2.010870999999999928e-06,0.000000000000000000e+00
1.331814184535901404e+02,2.078641623315463960e+02,1.500000000000000000e+01,2.069384000000000023e-06,0.000000000000000000e+00
1.335988454266753536e+02,2.078637449045733092e+02,1.500000000000000000e+01,2.010536000000000210e-06,0.000000000000000000e+00
1.340073510146711726e+02,2.078633363989853251e+02,1.500000000000000000e+01,1.944048999999999808e-06,0.000000000000000000e+00
1.344312439724230046e+02,2.078629125060275840e+02,1.500000000000000000e+01,2.028871999999999826e-06,0.000000000000000000e+00
1.348585050733355786e+02,2.078624852449266598e+02,1.500000000000000000e+01,2.017972000000000065e-06,0.000000000000000000e+00
1.352765217698163269e+02,2.078620672282301882e+02,1.500000000000000000e+01,1.985696000000000207e-06,0.000000000000000000e+00
1.356977912179813188e+02,2.078616459587820202e+02,1.500000000000000000e+01,1.950450999999999920e-06,0.000000000000000000e+00
1.360715442192536102e+02,2.078612722057807503e+02,1.500000000000000000e+01,2.019674999999999852e-06,0.000000000000000000e+00
1.365136660664615249e+02,2.078608300839335357e+02,1.500000000000000000e+01,1.988985000000000151e-06,0.000000000000000000e+00
1.369374795087786367e+02,2.078604062704912110e+02,1.500000000000000000e+01,1.979947999999999936e-06,0.000000000000000000e+00
1.373362703213340126e+02,2.078600074796786714e+02,1.500000000000000000e+01,1.930923000000000012e-06,0.000000000000000000e+00
1.377794281842434714e+02,2.078595643218157534e+02,1.500000000000000000e+01,1.921231000000000139e-06,0.000000000000000000e+00
1.381765019291772489e+02,2.078591672480708326e+02,1.500000000000000000e+01,1.860273000000000104e-06,0.000000000000000000e+00
1.385870865479720067e+02,2.078587566634520272e+02,1.500000000000000000e+01,1.948240000000000087e-06,0.000000000000000000e+00
1.390172716429408126e+02,2.078583264783570712e+02,1.500000000000000000e+01,2.008920999999999887e-06,0.000000000000000000e+00
1.394177927015267073e+02,2.078579259572984768e+02,1.500000000000000000e+01,1.893481000000000066e-06,0.000000000000000000e+00
1.398417837555285246e+02,2.078575019662444561e+02,1.500000000000000000e+01,1.887442000000000021e-06,0.000000000000000000e+00
1.402415465012686866e+02,2.078571022034987266e+02,1.500000000000000000e+01,1.859167000000000067e-06,0.000000000000000000e+00
1.406828567917726787e+02,2.078566608932082147e+02,1.500000000000000000e+01,1.895038000000000058e-06,0.000000000000000000e+00
1.410981246449492232e+02,2.078562456253550579e+02,1.500000000000000000e+01,1.895343000000000007e-06,0.000000000000000000e+00
1.415221589257227208e+02,2.078558215910742888e+02,1.500000000000000000e+01,1.898777999999999958e-06,0.000000000000000000e+00
1.419229170317993862e+02,2.078554208329682069e+02,1.500000000000000000e+01,1.856795000000000024e-06,0.000000000000000000e+00
1.423606456951269763e+02,2.078549831043048641e+02,1.500000000000000000e+01,1.691777000000000049e-06,0.000000000000000000e+00
1.427915431642774990e+02,2.078545522068357343e+02,1.500000000000000000e+01,1.808905000000000090e-06,0.000000000000000000e+00
1.432160170623691045e+02,2.078541277329376271e+02,1.500000000000000000e+01,1.949171000000000163e-06,0.000000000000000000e+00
1.436591467804606452e+02,2.078536846032195342e+02,1.500000000000000000e+01,1.869092000000000019e-06,0.000000000000000000e+00
1.440424008710131432e+02,2.078533013491289978e+02,1.500000000000000000e+01,1.925086999999999853e-06,0.000000000000000000e+00
1.444666940581597885e+02,2.078528770559418319e+02,1.500000000000000000e+01,1.980005999999999843e-06,0.000000000000000000e+00
1.448879841584000872e+02,2.078524557658415972e+02,1.500000000000000000e+01,2.055734999999999978e-06,0.000000000000000000e+00
1.453086821024506605e+02,2.078520350678975603e+02,1.500000000000000000e+01,2.130328000000000096e-06,0.000000000000000000e+00
1.457369698255360788e+02,2.078516067801744498e+02,1.500000000000000000e+01,2.122323999999999808e-06,0.000000000000000000e+00
1.461245688176420572e+02,2.078512191811823584e+02,1.500000000000000000e+01,2.089523999999999884e-06,0.000000000000000000e+00
1.465361266759226169e+02,2.078508076233240729e+02,1.500000000000000000e+01,2.064073000000000168e-06,0.000000000000000000e+00
1.469407859465648869e+02,2.078504029640534441e+02,1.500000000000000000e+01,2.082946999999999812e-06,0.000000000000000000e+00
1.473712808588158794e+02,2.078499724691411927e+02,1.500000000000000000e+01,2.163854999999999970e-06,0.000000000000000000e+00
1.477976499695048176e+02,2.078495461000304942e+02,1.500000000000000000e+01,2.104235999999999838e-06,0.000000000000000000e+00
1.482011360076337780e+02,2.078491426139923703e+02,1.500000000000000000e+01,2.098561000000000100e-06,0.000000000000000000e+00
1.486296593739354535e+02,2.078487140906260606e+02,1.500000000000000000e+01,2.159984000000000054e-06,0.000000000000000000e+00
1.490040846892675859e+02,2.078483396653107320e+02,1.500000000000000000e+01,2.071173999999999882e-06,0.000000000000000000e+00
1.494522946070278238e+02,2.078478914553929826e+02,1.500000000000000000e+01,2.135027999999999813e-06,0.000000000000000000e+00
1.498871933419791276e+02,2.078474565566580168e+02,1.500000000000000000e+01,2.113622000000000158e-06,0.000000000000000000e+00
1.503124005887521832e+02,2.078470313494112531e+02,1.500000000000000000e+01,2.137966999999999837e-06,0.000000000000000000e+00
1.507207143986429116e+02,2.078466230356013682e+02,1.500000000000000000e+01,2.168410000000000132e-06,0.000000000000000000e+00
1.511364001620059980e+02,2.078462073498379823e+02,1.500000000000000000e+01,2.130632999999999833e-06,0.000000000000000000e+00
1.515517875965753944e+02,2.078457919624034105e+02,1.500000000000000000e+01,2.185086000000000089e-06,0.000000000000000000e+00
1.519956715072519273e+02,2.078453480784927478e+02,1.500000000000000000e+01,2.109315000000000065e-06,0.000000000000000000e+00
1.523943636506596135e+02,2.078449493863493274e+02,1.500000000000000000e+01,2.259942000000000054e-06,0.000000000000000000e+00
1.528344607296306776e+02,2.078445092892703769e+02,1.500000000000000000e+01,2.076267000000000072e-06,0.000000000000000000e+00
1.532653354585239924e+02,2.078440784145414852e+02,1.500000000000000000e+01,2.051762000000000211e-06,0.000000000000000000e+00
1.536656363306376534e+02,2.078436781136693696e+02,1.500000000000000000e+01,2.039988999999999858e-06,0.000000000000000000e+00
1.540712818299891183e+02,2.078432724681699995e+02,1.500000000000000000e+01,2.019253000000000062e-06,0.000000000000000000e+00
1.544891104057600160e+02,2.078428546395942362e+02,1.500000000000000000e+01,2.000394000000000197e-06,0.000000000000000000e+00
1.548970581284292223e+02,2.078424466918715723e+02,1.500000000000000000e+01,2.040018000000000023e-06,0.000000000000000000e+00
1.553353300278625966e+02,2.078420084199721316e+02,1.500000000000000000e+01,1.954919000000000010e-06,0.000000000000000000e+00
1.557355849566480686e+02,2.078416081650433398e+02,1.500000000000000000e+01,1.904030999999999906e-06,0.000000000000000000e+00
1.561580423395595858e+02,2.078411857076604292e+02,1.500000000000000000e+01,2.010826999999999984e-06,0.000000000000000000e+00
1.565746667751561461e+02,2.078407690832248420e+02,1.500000000000000000e+01,2.081812000000000034e-06,0.000000000000000000e+00
1.569809467664782119e+02,2.078403628032335178e+02,1.500000000000000000e+01,2.048764000000000041e-06,0.000000000000000000e+00
1.574135590667736437e+02,2.078399301909332166e+02,1.500000000000000000e+01,2.075030000000000020e-06,0.000000000000000000e+00
1.578036867400763299e+02,2.078395400632599319e+02,1.500000000000000000e+01,2.095258000000000192e-06,0.000000000000000000e+00
1.582522959790071866e+02,2.078390914540210019e+02,1.500000000000000000e+01,2.051091999999999928e-06,0.000000000000000000e+00
1.586685761310467342e+02,2.078386751738689497e+02,1.500000000000000000e+01,2.051776000000000174e-06,0.000000000000000000e+00
1.590565609113897096e+02,2.078382871890886179e+02,1.500000000000000000e+01,2.092710999999999978e-06,0.000000000000000000e+00
1.594772025174036685e+02,2.078378665474826050e+02,1.500000000000000000e+01,2.051645000000000158e-06,0.000000000000000000e+00
1.599239371912213699e+02,2.078374198128087755e+02,1.500000000000000000e+01,1.990832999999999917e-06,0.000000000000000000e+00
1.603160758711804021e+02,2.078370276741288194e+02,1.500000000000000000e+01,2.093511000000000038e-06,0.000000000000000000e+00
1.607459460388581078e+02,2.078365978039611264e+02,1.500000000000000000e+01,2.036642000000000007e-06,0.000000000000000000e+00
1.611545138091603064e+02,2.078361892361908474e+02,1.500000000000000000e+01,2.010012000000000145e-06,0.000000000000000000e+00
1.615685304557837583e+02,2.078357752195442174e+02,1.500000000000000000e+01,1.974534999999999807e-06,0.000000000000000000e+00
1.619923041221432243e+02,2.078353514458778477e+02,1.500000000000000000e+01,2.031010999999999789e-06,0.000000000000000000e+00
1.624238997482541720e+02,2.078349198502517368e+02,1.500000000000000000e+01,2.074885000000000040e-06,0.000000000000000000e+00
1.628319400823230865e+02,2.078345118099176716e+02,1.500000000000000000e+01,1.945096000000000121e-06,0.000000000000000000e+00
1.632629111939450297e+02,2.078340808388060452e+02,1.500000000000000000e+01,1.940759999999999863e-06,0.000000000000000000e+00
1.636814113762557383e+02,2.078336623386237534e+02,1.500000000000000000e+01,2.021100999999999828e-06,0.000000000000000000e+00
1.641246196593421018e+02,2.078332191303406660e+02,1.500000000000000000e+01,2.048472999999999843e-06,0.000000000000000000e+00
1.645329375814013986e+02,2.078328108124185860e+02,1.500000000000000000e+01,1.931824999999999923e-06,0.000000000000000000e+00
1.649348692259542020e+02,2.078324088807740395e+02,1.500000000000000000e+01,1.970810000000000109e-06,0.000000000000000000e+00
1.653712824875626097e+02,2.078319724675124291e+02,1.500000000000000000e+01,2.087078999999999944e-06,0.000000000000000000e+00
1.657795024535045059e+02,2.078315642475464813e+02,1.500000000000000000e+01,2.103989000000000008e-06,0.000000000000000000e+00
1.662018505982453007e+02,2.078311418994017572e+02,1.500000000000000000e+01,1.992768000000000179e-06,0.000000000000000000e+00
1.665894873125347999e+02,2.078307542626874636e+02,1.500000000000000000e+01,2.092129000000000006e-06,0.000000000000000000e+00
1.670045279686166282e+02,2.078303392220313697e+02,1.500000000000000000e+01,2.074579000000000064e-06,0.000000000000000000e+00
1.674528436434075331e+02,2.078298909063565816e+02,1.500000000000000000e+01,2.048881000000000094e-06,0.000000000000000000e+00
1.678425098167465421e+02,2.078295012401832480e+02,1.500000000000000000e+01,2.001906999999999822e-06,0.000000000000000000e+00
1.682755289051742693e+02,2.078290682210948148e+02,1.500000000000000000e+01,2.048851000000000113e-06,0.000000000000000000e+00
1.686814286510377201e+02,2.078286623213489577e+02,1.500000000000000000e+01,2.103377000000000055e-06,0.000000000000000000e+00
1.690983642529640463e+02,2.078282453857470387e+02,1.500000000000000000e+01,2.064828999999999861e-06,0.000000000000000000e+00
1.695247574372349391e+02,2.078278189925627544e+02,1.500000000000000000e+01,2.082262999999999989e-06,0.000000000000000000e+00
1.699342449110390874e+02,2.078274095050889514e+02,1.500000000000000000e+01,2.009430000000000173e-06,0.000000000000000000e+00
1.703587857117327928e+02,2.078269849642882718e+02,1.500000000000000000e+01,2.019078000000000102e-06,0.000000000000000000e+00
1.707895498018260412e+02,2.078265542001981601e+02,1.500000000000000000e+01,2.029032000000000007e-06,0.000000000000000000e+00
1.711925177167939012e+02,2.078261512322831948e+02,1.500000000000000000e+01,1.985420000000000212e-06,0.000000000000000000e+00
1.716013497753863533e+02,2.078257424002246125e+02,1.500000000000000000e+01,1.991909999999999789e-06,0.000000000000000000e+00
1.720444746771277948e+02,2.078252992753228625e+02,1.500000000000000000e+01,2.011190999999999867e-06,0.000000000000000000e+00
1.724672001266509085e+02,2.078248765498733519e+02,1.500000000000000000e+01,2.005574000000000036e-06,0.000000000000000000e+00
1.728855292812214088e+02,2.078244582207187818e+02,1.500000000000000000e+01,2.049026000000000073e-06,0.000000000000000000e+00
1.733058688181128275e+02,2.078240378811818800e+02,1.500000000000000000e+01,2.049491999999999808e-06,0.000000000000000000e+00
1.737340543610676775e+02,2.078236096956389360e+02,1.500000000000000000e+01,2.164248000000000018e-06,0.000000000000000000e+00
1.741217090165394268e+02,2.078232220409834667e+02,1.500000000000000000e+01,2.038475999999999810e-06,0.000000000000000000e+00
1.745370586302647951e+02,2.078228066913697205e+02,1.500000000000000000e+01,2.087952000000000114e-06,0.000000000000000000e+00
1.749822517734624796e+02,2.078223614982265417e+02,1.500000000000000000e+01,2.053842999999999844e-06,0.000000000000000000e+00
1.753808134079534398e+02,2.078219629365920582e+02,1.500000000000000000e+01,2.119209999999999824e-06,0.000000000000000000e+00
1.758047814087168206e+02,2.078215389685912839e+02,1.500000000000000000e+01,1.989202999999999816e-06,0.000000000000000000e+00
1.762080445186614952e+02,2.078211357054813391e+02,1.500000000000000000e+01,2.004992000000000064e-06,0.000000000000000000e+00
1.766276638667875147e+02,2.078207160861332170e+02,1.500000000000000000e+01,1.920242000000000156e-06,0.000000000000000000e+00
1.770467359503805937e+02,2.078202970140496291e+02,1.500000000000000000e+01,1.886452000000000010e-06,0.000000000000000000e+00
1.774501471576335803e+02,2.078198936028423702e+02,1.500000000000000000e+01,1.897089999999999950e-06,0.000000000000000000e+00
1.778855608837612863e+02,2.078194581891162329e+02,1.500000000000000000e+01,1.884007000000000070e-06,0.000000000000000000e+00
1.783109435868238393e+02,2.078190328064131620e+02,1.500000000000000000e+01,1.921259999999999881e-06,0.000000000000000000e+00
1.787186883888888929e+02,2.078186250616111010e+02,1.500000000000000000e+01,1.966880999999999863e-06,0.000000000000000000e+00
1.791343251375407704e+02,2.078182094248624594e+02,1.500000000000000000e+01,1.947890000000000166e-06,0.000000000000000000e+00
1.795444340003816706e+02,2.078177993159996220e+02,1.500000000000000000e+01,1.962064000000000092e-06,0.000000000000000000e+00
1.799486333461429979e+02,2.078173951166538416e+02,1.500000000000000000e+01,1.943277000000000097e-06,0.000000000000000000e+00
1.803921649833249887e+02,2.078169515850166817e+02,1.500000000000000000e+01,2.009911000000000110e-06,0.000000000000000000e+00
1.807909523003959862e+02,2.078165527976996145e+02,1.500000000000000000e+01,2.149593999999999972e-06,0.000000000000000000e+00
1.812151254028006520e+02,2.078161286245971837e+02,1.500000000000000000e+01,2.035710999999999931e-06,0.000000000000000000e+00
1.816547709860842303e+02,2.078156889790139132e+02,1.500000000000000000e+01,2.055442999999999965e-06,0.000000000000000000e+00
1.820424844551647539e+02,2.078153012655448322e+02,1.500000000000000000e+01,2.067928999999999882e-06,0.000000000000000000e+00
1.824654306575294811e+02,2.078148783193424549e+02,1.500000000000000000e+01,1.941821999999999956e-06,0.000000000000000000e+00
1.828963359722402799e+02,2.078144474140277680e+02,1.500000000000000000e+01,2.064232999999999926e-06,0.000000000000000000e+00
1.833349383660305136e+02,2.078140088116339541e+02,1.500000000000000000e+01,2.000001000000000149e-06,0.000000000000000000e+00
1.837589524578353064e+02,2.078135847975421768e+02,1.500000000000000000e+01,2.035579999999999914e-06,0.000000000000000000e+00
1.841661317835657314e+02,2.078131776182164288e+02,1.500000000000000000e+01,2.070154999999999918e-06,0.000000000000000000e+00
1.845909009648006815e+02,2.078127528490352063e+02,1.500000000000000000e+01,2.113928000000000134e-06,0.000000000000000000e+00
1.850052954538277561e+02,2.078123384545461647e+02,1.500000000000000000e+01,1.967783000000000197e-06,0.000000000000000000e+00
1.854048696022900913e+02,2.078119388803977188e+02,1.500000000000000000e+01,1.940876000000000101e-06,0.000000000000000000e+00
1.858441914330203133e+02,2.078114995585669647e+02,1.500000000000000000e+01,2.038111999999999927e-06,0.000000000000000000e+00
1.862524120387759865e+02,2.078110913379612157e+02,1.500000000000000000e+01,2.042536000000000073e-06,0.000000000000000000e+00
1.866683844571792008e+02,2.078106753655428065e+02,1.500000000000000000e+01,2.123459000000000009e-06,0.000000000000000000e+00
1.870753093284984914e+02,2.078102684406715071e+02,1.500000000000000000e+01,1.798849999999999938e-06,0.000000000000000000e+00
1.874763461678124372e+02,2.078098674038321860e+02,1.500000000000000000e+01,1.831285999999999978e-06,0.000000000000000000e+00
1.879227241962832977e+02,2.078094210258037151e+02,1.500000000000000000e+01,1.856184000000000099e-06,0.000000000000000000e+00
1.883153278011754139e+02,2.078090284221988213e+02,1.500000000000000000e+01,1.857289999999999924e-06,0.000000000000000000e+00
1.887453652520476055e+02,2.078085983847479383e+02,1.500000000000000000e+01,1.990091000000000188e-06,0.000000000000000000e+00
1.891544091659075946e+02,2.078081893408341045e+02,1.500000000000000000e+01,1.952285000000000147e-06,0.000000000000000000e+00
1.895764325996766502e+02,2.078077673174003337e+02,1.500000000000000000e+01,2.060769000000000022e-06,0.000000000000000000e+00
1.899932791710437527e+02,2.078073504708289647e+02,1.500000000000000000e+01,2.048619000000000062e-06,0.000000000000000000e+00
1.904238566252873568e+02,2.078069198933746975e+02,1.500000000000000000e+01,2.059954999999999999e-06,0.000000000000000000e+00
1.908458224446256111e+02,2.078064979275553696e+02,1.500000000000000000e+01,2.009649000000000077e-06,0.000000000000000000e+00
1.912639301130779188e+02,2.078060798198869179e+02,1.500000000000000000e+01,1.941239999999999984e-06,0.000000000000000000e+00
1.916876536020419906e+02,2.078056560963979678e+02,1.500000000000000000e+01,1.929453000000000092e-06,0.000000000000000000e+00
1.921236285923608875e+02,2.078052201214076433e+02,1.500000000000000000e+01,2.026164999999999853e-06,0.000000000000000000e+00
1.925112864738781298e+02,2.078048324635261110e+02,1.500000000000000000e+01,2.100277999999999850e-06,0.000000000000000000e+00
1.929399739323386314e+02,2.078044037760676588e+02,1.500000000000000000e+01,1.996784999999999890e-06,0.000000000000000000e+00
1.933705344175575931e+02,2.078039732155824311e+02,1.500000000000000000e+01,2.042157999999999803e-06,0.000000000000000000e+00
1.937783511203834053e+02,2.078035653988796128e+02,1.500000000000000000e+01,1.994164999999999990e-06,0.000000000000000000e+00
1.941998880771840845e+02,2.078031438619228197e+02,1.500000000000000000e+01,1.929336999999999854e-06,0.000000000000000000e+00
1.946286160509554293e+02,2.078027151339490501e+02,1.500000000000000000e+01,1.925785999999999878e-06,0.000000000000000000e+00
1.950025852865056777e+02,2.078023411647134822e+02,1.500000000000000000e+01,1.984779000000000094e-06,0.000000000000000000e+00
1.954411932665003633e+02,2.078019025567334950e+02,1.500000000000000000e+01,1.879975999999999972e-06,0.000000000000000000e+00
1.958520390072435475e+02,2.078014917109927637e+02,1.500000000000000000e+01,1.927036999999999893e-06,0.000000000000000000e+00
1.962829630049846514e+02,2.078010607869950093e+02,1.500000000000000000e+01,1.895124999999999918e-06,0.000000000000000000e+00
1.967057432207130887e+02,2.078006380067792804e+02,1.500000000000000000e+01,1.910855999999999836e-06,0.000000000000000000e+00
1.970933794050042707e+02,2.078002503705949948e+02,1.500000000000000000e+01,1.875436000000000012e-06,0.000000000000000000e+00
1.975087282678188103e+02,2.077998350217321786e+02,1.500000000000000000e+01,1.895052000000000021e-06,0.000000000000000000e+00
1.979223352432904903e+02,2.077994214147566936e+02,1.500000000000000000e+01,1.832232000000000045e-06,0.000000000000000000e+00
1.983553421015720062e+02,2.077989884078984346e+02,1.500000000000000000e+01,2.012078999999999815e-06,0.000000000000000000e+00
1.987992814417384011e+02,2.077985444685582479e+02,1.500000000000000000e+01,1.948560000000000026e-06,0.000000000000000000e+00
1.991842518392024886e+02,2.077981594981607998e+02,1.500000000000000000e+01,1.861917999999999984e-06,0.000000000000000000e+00
1.996128827401065280e+02,2.077977308672599008e+02,1.500000000000000000e+01,1.779203999999999949e-06,0.000000000000000000e+00
2.000253317089555480e+02,2.077973184182910416e+02,1.500000000000000000e+01,1.911452000000000194e-06,0.000000000000000000e+00
2.004309586311291866e+02,2.077969127913688681e+02,1.500000000000000000e+01,1.847277999999999900e-06,0.000000000000000000e+00
2.008616316984732748e+02,2.077964821183015260e+02,1.500000000000000000e+01,1.872148000000000096e-06,0.000000000000000000e+00
2.012965347055034329e+02,2.077960472152944931e+02,1.500000000000000000e+01,1.938344000000000088e-06,0.000000000000000000e+00
2.017001609476263866e+02,2.077956435890523608e+02,1.500000000000000000e+01,1.817127000000000043e-06,0.000000000000000000e+00
2.021040616362478772e+02,2.077952396883637505e+02,1.500000000000000000e+01,1.887048999999999972e-06,0.000000000000000000e+00
2.025475976453998328e+02,2.077947961523545928e+02,1.500000000000000000e+01,1.907538000000000150e-06,0.000000000000000000e+00
2.029698007507102488e+02,2.077943739492492909e+02,1.500000000000000000e+01,1.838285000000000053e-06,0.000000000000000000e+00
2.034008119211468113e+02,2.077939429380788567e+02,1.500000000000000000e+01,1.766428000000000073e-06,0.000000000000000000e+00
2.038245507405920023e+02,2.077935191992594071e+02,1.500000000000000000e+01,1.796070000000000068e-06,0.000000000000000000e+00
2.042369761463143618e+02,2.077931067738536797e+02,1.500000000000000000e+01,1.859473000000000044e-06,0.000000000000000000e+00
2.046524707145886453e+02,2.077926912792854068e+02,1.500000000000000000e+01,1.876745999999999963e-06,0.000000000000000000e+00
2.050397924855938356e+02,2.077923039575144060e+02,1.500000000000000000e+01,1.776294000000000090e-06,0.000000000000000000e+00
2.054846010423663927e+02,2.077918591489576272e+02,1.500000000000000000e+01,1.873820999999999902e-06,0.000000000000000000e+00
2.058818065146014931e+02,2.077914619434853876e+02,1.500000000000000000e+01,1.862136000000000072e-06,0.000000000000000000e+00
2.063070871839304914e+02,2.077910366628160546e+02,1.500000000000000000e+01,1.882319000000000062e-06,0.000000000000000000e+00
2.067097082442747933e+02,2.077906340417557374e+02,1.500000000000000000e+01,1.963708000000000156e-06,0.000000000000000000e+00
2.071296209978291643e+02,2.077902141290021802e+02,1.500000000000000000e+01,1.928653000000000032e-06,0.000000000000000000e+00
2.075484670229662925e+02,2.077897952829770247e+02,1.500000000000000000e+01,1.916967000000000174e-06,0.000000000000000000e+00
2.079523514610687585e+02,2.077893913985389247e+02,1.500000000000000000e+01,1.905020000000000101e-06,0.000000000000000000e+00
2.083874743779657592e+02,2.077889562756220414e+02,1.500000000000000000e+01,1.923559000000000026e-06,0.000000000000000000e+00
2.088123477635926122e+02,2.077885314022364014e+02,1.500000000000000000e+01,1.967273000000000096e-06,0.000000000000000000e+00
2.092209774830364779e+02,2.077881227725169708e+02,1.500000000000000000e+01,1.971100999999999883e-06,0.000000000000000000e+00
2.096362741404299186e+02,2.077877074758595768e+02,1.500000000000000000e+01,2.034489000000000080e-06,0.000000000000000000e+00
2.100714398980892099e+02,2.077872723101019119e+02,1.500000000000000000e+01,2.021014000000000180e-06,0.000000000000000000e+00
2.104547350664572889e+02,2.077868890149335357e+02,1.500000000000000000e+01,2.090818999999999844e-06,0.000000000000000000e+00
2.108945538519967897e+02,2.077864491961479985e+02,1.500000000000000000e+01,1.979627999999999997e-06,0.000000000000000000e+00
2.113346532449090489e+02,2.077860090967550946e+02,1.500000000000000000e+01,2.053085999999999913e-06,0.000000000000000000e+00
2.117655052335451558e+02,2.077855782447664410e+02,1.500000000000000000e+01,2.050132000000000110e-06,0.000000000000000000e+00
2.121656980118800391e+02,2.077851780519881117e+02,1.500000000000000000e+01,2.138520000000000067e-06,0.000000000000000000e+00
2.125715382948021102e+02,2.077847722117051887e+02,1.500000000000000000e+01,2.099069999999999962e-06,0.000000000000000000e+00
2.130147320372147703e+02,2.077843290179627900e+02,1.500000000000000000e+01,2.055573999999999981e-06,0.000000000000000000e+00
2.134265219365842938e+02,2.077839172280634159e+02,1.500000000000000000e+01,2.172833999999999854e-06,0.000000000000000000e+00
2.138355167763358793e+02,2.077835082332236709e+02,1.500000000000000000e+01,2.286585999999999879e-06,0.000000000000000000e+00
2.142813921849450480e+02,2.077830623578150551e+02,1.500000000000000000e+01,2.306959000000000031e-06,0.000000000000000000e+00
2.146833738110164802e+02,2.077826603761889714e+02,1.500000000000000000e+01,2.321859999999999908e-06,0.000000000000000000e+00
2.150914626880483524e+02,2.077822522873119624e+02,1.500000000000000000e+01,2.362444999999999791e-06,0.000000000000000000e+00
2.155062591874806515e+02,2.077818374908125065e+02,1.500000000000000000e+01,2.225118999999999981e-06,0.000000000000000000e+00
2.159135469197371719e+02,2.077814302030802480e+02,1.500000000000000000e+01,2.272455999999999898e-06,0.000000000000000000e+00
2.163364696406974019e+02,2.077810072803592902e+02,1.500000000000000000e+01,2.232452999999999986e-06,0.000000000000000000e+00
2.167523694226848932e+02,2.077805913805773059e+02,1.500000000000000000e+01,2.405781000000000014e-06,0.000000000000000000e+00
2.171687513681085591e+02,2.077801749986318782e+02,1.500000000000000000e+01,2.147921000000000166e-06,0.000000000000000000e+00
2.175918794522781923e+02,2.077797518705477273e+02,1.500000000000000000e+01,2.319633000000000056e-06,0.000000000000000000e+00
2.179998599207042389e+02,2.077793438900793035e+02,1.500000000000000000e+01,2.287008000000000093e-06,0.000000000000000000e+00
2.184235736374045587e+02,2.077789201763625897e+02,1.500000000000000000e+01,2.295462999999999913e-06,0.000000000000000000e+00
2.188222174777775706e+02,2.077785215325222339e+02,1.500000000000000000e+01,2.261862000000000114e-06,0.000000000000000000e+00
2.192688757313439112e+02,2.077780748742686683e+02,1.500000000000000000e+01,2.308516000000000023e-06,0.000000000000000000e+00
2.196697767324428128e+02,2.077776739732675537e+02,1.500000000000000000e+01,2.303378999999999889e-06,0.000000000000000000e+00
2.200764360378508968e+02,2.077772673139621418e+02,1.500000000000000000e+01,2.283689999999999983e-06,0.000000000000000000e+00
2.204934866463967467e+02,2.077768502633535945e+02,1.500000000000000000e+01,2.092653000000000071e-06,0.000000000000000000e+00
2.209097299211960035e+02,2.077764340200787956e+02,1.500000000000000000e+01,2.205692000000000108e-06,0.000000000000000000e+00
2.213321780781158452e+02,2.077760115719218845e+02,1.500000000000000000e+01,2.072366999999999991e-06,0.000000000000000000e+00
2.217640385614504055e+02,2.077755797114385530e+02,1.500000000000000000e+01,2.101049000000000168e-06,0.000000000000000000e+00
2.222085569541177108e+02,2.077751351930458839e+02,1.500000000000000000e+01,2.134983999999999869e-06,0.000000000000000000e+00
2.225866181368830325e+02,2.077747571318631117e+02,1.500000000000000000e+01,2.068089000000000063e-06,0.000000000000000000e+00
2.230113113791019543e+02,2.077743324386208883e+02,1.500000000000000000e+01,2.087050000000000203e-06,0.000000000000000000e+00
2.234399808653032835e+02,2.077739037691347050e+02,1.500000000000000000e+01,2.123735999999999821e-06,0.000000000000000000e+00
2.238709747171824915e+02,2.077734727752828121e+02,1.500000000000000000e+01,2.114625999999999920e-06,0.000000000000000000e+00
2.242975325979643912e+02,2.077730462174020261e+02,1.500000000000000000e+01,2.110697000000000097e-06,0.000000000000000000e+00
2.247012242885996898e+02,2.077726425257114045e+02,1.500000000000000000e+01,1.989726999999999881e-06,0.000000000000000000e+00
2.251301200055344793e+02,2.077722136299944680e+02,1.500000000000000000e+01,2.007800999999999888e-06,0.000000000000000000e+00
2.255290426522900873e+02,2.077718147073477155e+02,1.500000000000000000e+01,1.931272000000000116e-06,0.000000000000000000e+00
2.259531304536845084e+02,2.077713906195463096e+02,1.500000000000000000e+01,1.942520999999999981e-06,0.000000000000000000e+00
2.263765377375954131e+02,2.077709672122624056e+02,1.500000000000000000e+01,1.981083000000000138e-06,0.000000000000000000e+00
2.267961229044696836e+02,2.077705476270955387e+02,1.500000000000000000e+01,2.007421999999999802e-06,0.000000000000000000e+00
2.271813467943613034e+02,2.077701624032056316e+02,1.500000000000000000e+01,1.990062000000000023e-06,0.000000000000000000e+00
2.276090567073978832e+02,2.077697346932926052e+02,1.500000000000000000e+01,2.004569999999999850e-06,0.000000000000000000e+00
2.280244586826410966e+02,2.077693192913173448e+02,1.500000000000000000e+01,1.961001999999999999e-06,0.000000000000000000e+00
2.284340461694928877e+02,2.077689097038305022e+02,1.500000000000000000e+01,1.862906999999999967e-06,0.000000000000000000e+00
2.288588394262540362e+02,2.077684849105737328e+02,1.500000000000000000e+01,1.946711999999999836e-06,0.000000000000000000e+00
2.292862802264720870e+02,2.077680574697735381e+02,1.500000000000000000e+01,1.839783999999999926e-06,0.000000000000000000e+00
2.296857317706682124e+02,2.077676580182293264e+02,1.500000000000000000e+01,1.849447000000000057e-06,0.000000000000000000e+00
2.301159238675572283e+02,2.077672278261324550e+02,1.500000000000000000e+01,1.872103999999999940e-06,0.000000000000000000e+00
2.305439595426087465e+02,2.077667997904573838e+02,1.500000000000000000e+01,1.845691999999999955e-06,0.000000000000000000e+00
2.309665967329270302e+02,2.077663771532670580e+02,1.500000000000000000e+01,1.899112000000000072e-06,0.000000000000000000e+00
2.313746554385600120e+02,2.077659690945614273e+02,1.500000000000000000e+01,1.891413999999999972e-06,0.000000000000000000e+00
2.318056065282470399e+02,2.077655381434717583e+02,1.500000000000000000e+01,1.921900999999999999e-06,0.000000000000000000e+00
2.322333168762954756e+02,2.077651104331237093e+02,1.500000000000000000e+01,1.867330999999999901e-06,0.000000000000000000e+00
2.326447928239248881e+02,2.077646989571760798e+02,1.500000000000000000e+01,1.906781000000000006e-06,0.000000000000000000e+00
2.330644609787155161e+02,2.077642792890212888e+02,1.500000000000000000e+01,1.898922999999999937e-06,0.000000000000000000e+00
2.334835019319916682e+02,2.077638602480679992e+02,1.500000000000000000e+01,1.929016000000000099e-06,0.000000000000000000e+00
2.339007713260839694e+02,2.077634429786739076e+02,1.500000000000000000e+01,1.949636000000000081e-06,0.000000000000000000e+00
2.343223121289063613e+02,2.077630214378710889e+02,1.500000000000000000e+01,2.002867000000000063e-06,0.000000000000000000e+00
2.347530095718829273e+02,2.077625907404281236e+02,1.500000000000000000e+01,1.897802999999999937e-06,0.000000000000000000e+00
2.351414695673655899e+02,2.077622022804326321e+02,1.500000000000000000e+01,1.895561999999999911e-06,0.000000000000000000e+00
2.355570449318525164e+02,2.077617867050681468e+02,1.500000000000000000e+01,2.044530000000000057e-06,0.000000000000000000e+00
2.359583397780648681e+02,2.077613854102219193e+02,1.500000000000000000e+01,1.970619999999999947e-06,0.000000000000000000e+00
2.363988760747155595e+02,2.077609448739252684e+02,1.500000000000000000e+01,1.928943999999999806e-06,0.000000000000000000e+00
2.368313893680025330e+02,2.077605123606319921e+02,1.500000000000000000e+01,1.904161999999999922e-06,0.000000000000000000e+00
2.372217304729597629e+02,2.077601220195270457e+02,1.500000000000000000e+01,1.865803000000000074e-06,0.000000000000000000e+00
2.376617208594375654e+02,2.077596820291405493e+02,1.500000000000000000e+01,1.793291000000000014e-06,0.000000000000000000e+00
2.380494131612903175e+02,2.077592943368387068e+02,1.500000000000000000e+01,1.805615999999999934e-06,0.000000000000000000e+00
2.384711221884108454e+02,2.077588726278115985e+02,1.500000000000000000e+01,1.859545999999999941e-06,0.000000000000000000e+00
2.388891887351450123e+02,2.077584545612648412e+02,1.500000000000000000e+01,1.857827999999999952e-06,0.000000000000000000e+00
2.393100845739070053e+02,2.077580336654260975e+02,1.500000000000000000e+01,1.802254999999999908e-06,0.000000000000000000e+00
2.397388128294325043e+02,2.077576049371705551e+02,1.500000000000000000e+01,1.772582999999999932e-06,0.000000000000000000e+00
2.401491162246801139e+02,2.077571946337753275e+02,1.500000000000000000e+01,1.819992999999999957e-06,0.000000000000000000e+00
2.405627463736641118e+02,2.077567810036263438e+02,1.500000000000000000e+01,1.766951999999999926e-06,0.000000000000000000e+00
2.409868349790787079e+02,2.077563569150209162e+02,1.500000000000000000e+01,1.767489999999999954e-06,0.000000000000000000e+00
2.413854771970704860e+02,2.077559582728029284e+02,1.500000000000000000e+01,1.776118999999999918e-06,0.000000000000000000e+00
2.418265185945219571e+02,2.077555172314054630e+02,1.500000000000000000e+01,1.724067000000000082e-06,0.000000000000000000e+00
2.422570803815141574e+02,2.077550866696184926e+02,1.500000000000000000e+01,1.770880999999999961e-06,0.000000000000000000e+00
2.426739790617860137e+02,2.077546697709382215e+02,1.500000000000000000e+01,1.779233999999999930e-06,0.000000000000000000e+00
2.430958346123050831e+02,2.077542479153876798e+02,1.500000000000000000e+01,1.839769999999999963e-06,0.000000000000000000e+00
2.435044357352036286e+02,2.077538393142647806e+02,1.500000000000000000e+01,1.839129000000000057e-06,0.000000000000000000e+00
2.439280535352465620e+02,2.077534156964647423e+02,1.500000000000000000e+01,1.817229000000000105e-06,0.000000000000000000e+00
2.443654289348745579e+02,2.077529783210651146e+02,1.500000000000000000e+01,1.719773999999999952e-06,0.000000000000000000e+00
2.447736268003729947e+02,2.077525701231996322e+02,1.500000000000000000e+01,1.719454000000000012e-06,0.000000000000000000e+00
2.451939472752332279e+02,2.077521498027247731e+02,1.500000000000000000e+01,1.688924000000000069e-06,0.000000000000000000e+00
2.455982936195996729e+02,2.077517454563804051e+02,1.500000000000000000e+01,1.663255000000000053e-06,0.000000000000000000e+00
2.459973053648803898e+02,2.077513464446351179e+02,1.500000000000000000e+01,1.688386000000000042e-06,0.000000000000000000e+00
2.464457840335894048e+02,2.077508979659664021e+02,1.500000000000000000e+01,1.632769000000000054e-06,0.000000000000000000e+00
2.468359267123525171e+02,2.077505078232876485e+02,1.500000000000000000e+01,1.613807000000000099e-06,0.000000000000000000e+00
2.472685142118320698e+02,2.077500752357881595e+02,1.500000000000000000e+01,1.580833000000000031e-06,0.000000000000000000e+00
2.476752285727916671e+02,2.077496685214271963e+02,1.500000000000000000e+01,1.598441000000000092e-06,0.000000000000000000e+00
2.480914941234285038e+02,2.077492522558765700e+02,1.500000000000000000e+01,1.543813000000000088e-06,0.000000000000000000e+00
2.485138572054390522e+02,2.077488298927945607e+02,1.500000000000000000e+01,1.607287999999999933e-06,0.000000000000000000e+00
2.489142314599236840e+02,2.077484295185400640e+02,1.500000000000000000e+01,1.653796000000000047e-06,0.000000000000000000e+00
2.493382224289701696e+02,2.077480055275710242e+02,1.500000000000000000e+01,1.616238000000000076e-06,0.000000000000000000e+00
2.497836045593338099e+02,2.077475601454406728e+02,1.500000000000000000e+01,1.691908000000000065e-06,0.000000000000000000e+00
2.501859523519167965e+02,2.077471577976480717e+02,1.500000000000000000e+01,1.794774999999999897e-06,0.000000000000000000e+00
2.505938340795716783e+02,2.077467499159204181e+02,1.500000000000000000e+01,1.724518000000000037e-06,0.000000000000000000e+00
2.510091037124605862e+02,2.077463346462875506e+02,1.500000000000000000e+01,1.842142000000000006e-06,0.000000000000000000e+00
2.514566817137404939e+02,2.077458870682862653e+02,1.500000000000000000e+01,1.667344000000000057e-06,0.000000000000000000e+00
2.518554195066558350e+02,2.077454883304933446e+02,1.500000000000000000e+01,1.858207000000000037e-06,0.000000000000000000e+00
2.522992410287994289e+02,2.077450445089712048e+02,1.500000000000000000e+01,1.807740999999999935e-06,0.000000000000000000e+00
2.527257260190314696e+02,2.077446180239809621e+02,1.500000000000000000e+01,1.769599999999999964e-06,0.000000000000000000e+00
2.531266515708867075e+02,2.077442170984291181e+02,1.500000000000000000e+01,1.590625999999999939e-06,0.000000000000000000e+00
2.535279367811704958e+02,2.077438158132188164e+02,1.500000000000000000e+01,1.772642000000000078e-06,0.000000000000000000e+00
2.539741313504615903e+02,2.077433696186495240e+02,1.500000000000000000e+01,1.783191999999999918e-06,0.000000000000000000e+00
2.543621554267869556e+02,2.077429815945732230e+02,1.500000000000000000e+01,1.810622000000000052e-06,0.000000000000000000e+00
2.547973620936113264e+02,2.077425463879063727e+02,1.500000000000000000e+01,1.772175999999999920e-06,0.000000000000000000e+00
2.552459561438757589e+02,2.077420977938561180e+02,1.500000000000000000e+01,1.755207999999999950e-06,0.000000000000000000e+00
2.556201022180872826e+02,2.077417236477819245e+02,1.500000000000000000e+01,1.766704000000000068e-06,0.000000000000000000e+00
2.560398536644185015e+02,2.077413038963355802e+02,1.500000000000000000e+01,1.726177000000000092e-06,0.000000000000000000e+00
2.564423312579021399e+02,2.077409014187420837e+02,1.500000000000000000e+01,1.767373999999999928e-06,0.000000000000000000e+00
2.568784796616786252e+02,2.077404652703383192e+02,1.500000000000000000e+01,1.808890000000000099e-06,0.000000000000000000e+00
2.572861556172236419e+02,2.077400575943827619e+02,1.500000000000000000e+01,1.775507999999999993e-06,0.000000000000000000e+00
2.577097888005937421e+02,2.077396339611994165e+02,1.500000000000000000e+01,1.693827999999999913e-06,0.000000000000000000e+00
2.581127997442748097e+02,2.077392309502557168e+02,1.500000000000000000e+01,1.596402999999999952e-06,0.000000000000000000e+00
2.585130988013889350e+02,2.077388306511986116e+02,1.500000000000000000e+01,1.617575999999999952e-06,0.000000000000000000e+00
2.589610376792786042e+02,2.077383827123207141e+02,1.500000000000000000e+01,1.646112999999999938e-06,0.000000000000000000e+00
2.593850256599632758e+02,2.077379587243400465e+02,1.500000000000000000e+01,1.608874000000000090e-06,0.000000000000000000e+00
2.597839880789398421e+02,2.077375597619210623e+02,1.500000000000000000e+01,1.625055999999999963e-06,0.000000000000000000e+00
2.602079739993315002e+02,2.077371357760006561e+02,1.500000000000000000e+01,1.547988999999999952e-06,0.000000000000000000e+00
2.606463909367545284e+02,2.077366973590632426e+02,1.500000000000000000e+01,1.543084999999999897e-06,0.000000000000000000e+00
2.610338848018660656e+02,2.077363098651981375e+02,1.500000000000000000e+01,1.558205000000000102e-06,0.000000000000000000e+00
2.614588540886122701e+02,2.077358848959113971e+02,1.500000000000000000e+01,1.523163999999999940e-06,0.000000000000000000e+00
2.618781053630996212e+02,2.077354656446368892e+02,1.500000000000000000e+01,1.459469999999999979e-06,0.000000000000000000e+00
2.622981540855761295e+02,2.077350455959144142e+02,1.500000000000000000e+01,1.449836000000000013e-06,0.000000000000000000e+00
2.627246748303647337e+02,2.077346190751696327e+02,1.500000000000000000e+01,1.546606999999999921e-06,0.000000000000000000e+00
2.631399504185331466e+02,2.077342037995814792e+02,1.500000000000000000e+01,1.734500999999999896e-06,0.000000000000000000e+00
2.635829985654835923e+02,2.077337607514345166e+02,1.500000000000000000e+01,1.708074999999999947e-06,0.000000000000000000e+00
2.639988104807962941e+02,2.077333449395192133e+02,1.500000000000000000e+01,1.466425999999999925e-06,0.000000000000000000e+00
2.644065253791936811e+02,2.077329372246207981e+02,1.500000000000000000e+01,1.444205000000000007e-06,0.000000000000000000e+00
2.648369734648999270e+02,2.077325067765351037e+02,1.500000000000000000e+01,1.437146999999999998e-06,0.000000000000000000e+00
2.652665904417319780e+02,2.077320771595582585e+02,1.500000000000000000e+01,1.383625000000000030e-06,0.000000000000000000e+00
2.656596180411906971e+02,2.077316841319588150e+02,1.500000000000000000e+01,1.352047999999999985e-06,0.000000000000000000e+00
2.660748876740796049e+02,2.077312688623259191e+02,1.500000000000000000e+01,1.336825999999999930e-06,0.000000000000000000e+00
2.664717842816531856e+02,2.077308719657183360e+02,1.500000000000000000e+01,1.375490999999999965e-06,0.000000000000000000e+00
2.669001166298713770e+02,2.077304436333701290e+02,1.500000000000000000e+01,1.397901000000000018e-06,0.000000000000000000e+00
2.673240593077948120e+02,2.077300196906922167e+02,1.500000000000000000e+01,1.363470999999999994e-06,0.000000000000000000e+00
2.677362375168977451e+02,2.077296075124831134e+02,1.500000000000000000e+01,1.311854999999999911e-06,0.000000000000000000e+00
2.681613566697678834e+02,2.077291823933302339e+02,1.500000000000000000e+01,1.300155000000000090e-06,0.000000000000000000e+00
2.685773630517663833e+02,2.077287663869482230e+02,1.500000000000000000e+01,1.317326999999999974e-06,0.000000000000000000e+00
2.689843365133588122e+02,2.077283594134866291e+02,1.500000000000000000e+01,1.294639999999999898e-06,0.000000000000000000e+00
2.694083329319146856e+02,2.077279354170680961e+02,1.500000000000000000e+01,1.323990999999999908e-06,0.000000000000000000e+00
2.698070773940218032e+02,2.077275366726059644e+02,1.500000000000000000e+01,1.336796999999999976e-06,0.000000000000000000e+00
2.702555136622497685e+02,2.077270882363377495e+02,1.500000000000000000e+01,1.312669999999999961e-06,0.000000000000000000e+00
2.706720085858934226e+02,2.077266717414140942e+02,1.500000000000000000e+01,1.288658999999999972e-06,0.000000000000000000e+00
2.711035448212027745e+02,2.077262402051787831e+02,1.500000000000000000e+01,1.273874999999999937e-06,0.000000000000000000e+00
2.715250348852743514e+02,2.077258187151147126e+02,1.500000000000000000e+01,1.290899999999999999e-06,0.000000000000000000e+00
2.719262860755266047e+02,2.077254174639244582e+02,1.500000000000000000e+01,1.315289000000000046e-06,0.000000000000000000e+00
2.723638879077029742e+02,2.077249798620922832e+02,1.500000000000000000e+01,1.323046000000000080e-06,0.000000000000000000e+00
2.727908469999800900e+02,2.077245529030000171e+02,1.500000000000000000e+01,1.351975000000000087e-06,0.000000000000000000e+00
2.731919541463673227e+02,2.077241517958536292e+02,1.500000000000000000e+01,1.354346999999999918e-06,0.000000000000000000e+00
2.736074950905187393e+02,2.077237362549094826e+02,1.500000000000000000e+01,1.305902999999999938e-06,0.000000000000000000e+00
2.740204936717557302e+02,2.077233232563282286e+02,1.500000000000000000e+01,1.302062000000000003e-06,0.000000000000000000e+00
2.744265733156947249e+02,2.077229171766842910e+02,1.500000000000000000e+01,1.297288999999999964e-06,0.000000000000000000e+00
2.748682272270992257e+02,2.077224755227728963e+02,1.500000000000000000e+01,1.259147999999999993e-06,0.000000000000000000e+00
2.752651968562134357e+02,2.077220785531437741e+02,1.500000000000000000e+01,1.256427000000000058e-06,0.000000000000000000e+00
2.756841278193336393e+02,2.077216596221806526e+02,1.500000000000000000e+01,1.341396000000000082e-06,0.000000000000000000e+00
2.761042745427338332e+02,2.077212394754572529e+02,1.500000000000000000e+01,1.378256000000000056e-06,0.000000000000000000e+00
2.765136943377862622e+02,2.077208300556622191e+02,1.500000000000000000e+01,1.302832999999999898e-06,0.000000000000000000e+00
2.769379318590615071e+02,2.077204058181409323e+02,1.500000000000000000e+01,1.355511000000000073e-06,0.000000000000000000e+00
2.773369242777737895e+02,2.077200068257222370e+02,1.500000000000000000e+01,1.382547999999999947e-06,0.000000000000000000e+00
2.777826525557892978e+02,2.077195610974441990e+02,1.500000000000000000e+01,1.319887999999999940e-06,0.000000000000000000e+00
2.782049005667028609e+02,2.077191388494333069e+02,1.500000000000000000e+01,1.304898999999999964e-06,0.000000000000000000e+00
2.785923916855302309e+02,2.077187513583144778e+02,1.500000000000000000e+01,1.241932999999999981e-06,0.000000000000000000e+00
0.000000000000000000e+00,2.079973437499999989e+02,2.000000000000000000e+01,2.281505999999999836e-05,0.000000000000000000e+00
2.850960216466488228e-01,2.079970586539783426e+02,2.000000000000000000e+01,-1.530003000000000045e-06,0.000000000000000000e+00
3.772654104905925898e-01,2.079969664845895068e+02,2.000000000000000000e+01,-5.622714999999999537e-07,0.000000000000000000e+00
4.693485545186382724e-01,2.079968744014454671e+02,2.000000000000000000e+01,4.246248999999999737e-08,0.000000000000000000e+00
6.179479832644501069e-01,2.079967258020167264e+02,2.000000000000000000e+01,4.944449999999999518e-07,0.000000000000000000e+00
8.034483456796956968e-01,2.079965403016543064e+02,2.000000000000000000e+01,8.308561999999999963e-07,0.000000000000000000e+00
1.020601181869652319e+00,2.079963231488181350e+02,2.000000000000000000e+01,8.553034000000000406e-07,0.000000000000000000e+00
1.307020057906215893e+00,2.079960367299420909e+02,2.000000000000000000e+01,8.091737999999999529e-07,0.000000000000000000e+00
1.628103785678501669e+00,2.079957156462143075e+02,2.000000000000000000e+01,9.681534999999999878e-07,0.000000000000000000e+00
1.963346651252408703e+00,2.079953804033487472e+02,2.000000000000000000e+01,1.131644000000000045e-06,0.000000000000000000e+00
2.351197719869272174e+00,2.079949925522801379e+02,2.000000000000000000e+01,1.180858999999999920e-06,0.000000000000000000e+00
2.774937724051720345e+00,2.079945688122759577e+02,2.000000000000000000e+01,1.232867000000000024e-06,0.000000000000000000e+00
3.220923972157871074e+00,2.079941228260278479e+02,2.000000000000000000e+01,1.236767000000000105e-06,0.000000000000000000e+00
3.635979592928141990e+00,2.079937077704070703e+02,2.000000000000000000e+01,1.337087999999999962e-06,0.000000000000000000e+00
4.064492756658185435e+00,2.079932792572433300e+02,2.000000000000000000e+01,1.359775000000000038e-06,0.000000000000000000e+00
4.483420532668761282e+00,2.079928603294673337e+02,2.000000000000000000e+01,1.320585999999999938e-06,0.000000000000000000e+00
4.880549063174217217e+00,2.079924632009368111e+02,2.000000000000000000e+01,1.342371000000000103e-06,0.000000000000000000e+00
5.322079414976903955e+00,2.079920216705850180e+02,2.000000000000000000e+01,1.409774999999999983e-06,0.000000000000000000e+00
5.707569981097786460e+00,2.079916361800189009e+02,2.000000000000000000e+01,1.481937999999999939e-06,0.000000000000000000e+00
6.126977196669767700e+00,2.079912167728033410e+02,2.000000000000000000e+01,1.483248000000000101e-06,0.000000000000000000e+00
6.546365144351672605e+00,2.079907973848556537e+02,2.000000000000000000e+01,1.483741999999999973e-06,0.000000000000000000e+00
6.949626477349172937e+00,2.079903941235226625e+02,2.000000000000000000e+01,1.497493999999999896e-06,0.000000000000000000e+00
7.373167693962164648e+00,2.079899705823060287e+02,2.000000000000000000e+01,1.551364999999999969e-06,0.000000000000000000e+00
7.771901503986258675e+00,2.079895718484960128e+02,2.000000000000000000e+01,1.527514999999999977e-06,0.000000000000000000e+00
8.195584341305851339e+00,2.079891481656586905e+02,2.000000000000000000e+01,1.556443999999999984e-06,0.000000000000000000e+00
8.632554836386768571e+00,2.079887111951636030e+02,2.000000000000000000e+01,1.434862000000000027e-06,0.000000000000000000e+00
9.043351785758247274e+00,2.079883003982142498e+02,2.000000000000000000e+01,1.312291999999999903e-06,0.000000000000000000e+00
9.438683906053007888e+00,2.079879050660939583e+02,2.000000000000000000e+01,1.450316999999999950e-06,0.000000000000000000e+00
9.876838006315058038e+00,2.079874669119936925e+02,2.000000000000000000e+01,1.396751000000000038e-06,0.000000000000000000e+00
1.031846867557251812e+01,2.079870252813244349e+02,2.000000000000000000e+01,1.442167999999999894e-06,0.000000000000000000e+00
1.074922709910674001e+01,2.079865945229009014e+02,2.000000000000000000e+01,1.479217000000000003e-06,0.000000000000000000e+00
1.114854695312388166e+01,2.079861952030468615e+02,2.000000000000000000e+01,1.390900999999999916e-06,0.000000000000000000e+00
1.155286506652529965e+01,2.079857908849334649e+02,2.000000000000000000e+01,1.457694000000000083e-06,0.000000000000000000e+00
1.197398112805031367e+01,2.079853697688719478e+02,2.000000000000000000e+01,1.451407999999999996e-06,0.000000000000000000e+00
1.240451164294853648e+01,2.079849392383570432e+02,2.000000000000000000e+01,1.458538000000000087e-06,0.000000000000000000e+00
1.282810810685644931e+01,2.079845156418931538e+02,2.000000000000000000e+01,1.461448999999999973e-06,0.000000000000000000e+00
1.324186663980703571e+01,2.079841018833601822e+02,2.000000000000000000e+01,1.473308999999999975e-06,0.000000000000000000e+00
1.365719325241730431e+01,2.079836865567475854e+02,2.000000000000000000e+01,1.500608000000000092e-06,0.000000000000000000e+00
1.408222109244215048e+01,2.079832615289075477e+02,2.000000000000000000e+01,1.489271999999999944e-06,0.000000000000000000e+00
1.446752518845394775e+01,2.079828762248115481e+02,2.000000000000000000e+01,1.464752000000000092e-06,0.000000000000000000e+00
1.490488614437719583e+01,2.079824388638556343e+02,2.000000000000000000e+01,1.516905999999999991e-06,0.000000000000000000e+00
1.534243660260648312e+01,2.079820013133974044e+02,2.000000000000000000e+01,1.468870000000000050e-06,0.000000000000000000e+00
1.573486257285424372e+01,2.079816088874271429e+02,2.000000000000000000e+01,1.450404000000000022e-06,0.000000000000000000e+00
1.617641002637828507e+01,2.079811673399736094e+02,2.000000000000000000e+01,1.477092000000000003e-06,0.000000000000000000e+00
1.657521333519550666e+01,2.079807685366648116e+02,2.000000000000000000e+01,1.437496000000000102e-06,0.000000000000000000e+00
1.698179230412939233e+01,2.079803619576958624e+02,2.000000000000000000e+01,1.485387000000000065e-06,0.000000000000000000e+00
1.740545537600076287e+01,2.079799382946239916e+02,2.000000000000000000e+01,1.431428000000000104e-06,0.000000000000000000e+00
1.783720703340953762e+01,2.079795065429665897e+02,2.000000000000000000e+01,1.487220000000000052e-06,0.000000000000000000e+00
1.822820250033846534e+01,2.079791155474996458e+02,2.000000000000000000e+01,1.400840000000000042e-06,0.000000000000000000e+00
1.866914767410077758e+01,2.079786746023258956e+02,2.000000000000000000e+01,1.308348000000000090e-06,0.000000000000000000e+00
1.906915401153762701e+01,2.079782745959884664e+02,2.000000000000000000e+01,1.353065999999999921e-06,0.000000000000000000e+00
1.947476828083969735e+01,2.079778689817191548e+02,2.000000000000000000e+01,1.299092999999999998e-06,0.000000000000000000e+00
1.990800539935373337e+01,2.079774357446006547e+02,2.000000000000000000e+01,1.271196999999999918e-06,0.000000000000000000e+00
2.033141990697970414e+01,2.079770123300930322e+02,2.000000000000000000e+01,1.328763999999999946e-06,0.000000000000000000e+00
2.074602392039653154e+01,2.079765977260796035e+02,2.000000000000000000e+01,1.375869000000000023e-06,0.000000000000000000e+00
2.116133139678214548e+01,2.079761824186032300e+02,2.000000000000000000e+01,1.316672000000000105e-06,0.000000000000000000e+00
2.157693284347019613e+01,2.079757668171565399e+02,2.000000000000000000e+01,1.305160999999999996e-06,0.000000000000000000e+00
2.197353257938931037e+01,2.079753702174206182e+02,2.000000000000000000e+01,1.205276999999999921e-06,0.000000000000000000e+00
2.240177402403764972e+01,2.079749419759759519e+02,2.000000000000000000e+01,1.336534999999999944e-06,0.000000000000000000e+00
2.284101734518476334e+01,2.079745027326548268e+02,2.000000000000000000e+01,1.380146999999999951e-06,0.000000000000000000e+00
2.326463418421240803e+01,2.079740791158157833e+02,2.000000000000000000e+01,1.362016000000000065e-06,0.000000000000000000e+00
2.370953074498369162e+01,2.079736342192550183e+02,2.000000000000000000e+01,1.337684999999999924e-06,0.000000000000000000e+00
2.412485928244274547e+01,2.079732188907175612e+02,2.000000000000000000e+01,1.377397000000000062e-06,0.000000000000000000e+00
2.451212473401012915e+01,2.079728316252659965e+02,2.000000000000000000e+01,1.415698000000000002e-06,0.000000000000000000e+00
2.494073211893040920e+01,2.079724030178810779e+02,2.000000000000000000e+01,1.421693000000000103e-06,0.000000000000000000e+00
2.537142771408743869e+01,2.079719723222859216e+02,2.000000000000000000e+01,1.389911999999999933e-06,0.000000000000000000e+00
2.577960069295163947e+01,2.079715641493070564e+02,2.000000000000000000e+01,1.272127999999999994e-06,0.000000000000000000e+00
2.620153765526016088e+01,2.079711422123447448e+02,2.000000000000000000e+01,1.322681999999999985e-06,0.000000000000000000e+00
2.660517380038168156e+01,2.079707385761996079e+02,2.000000000000000000e+01,1.428227000000000048e-06,0.000000000000000000e+00
2.700415281151429880e+01,2.079703395971884845e+02,2.000000000000000000e+01,1.456734000000000053e-06,0.000000000000000000e+00
2.743407322677885674e+01,2.079699096767732271e+02,2.000000000000000000e+01,1.386448000000000028e-06,0.000000000000000000e+00
2.785539170927597041e+01,2.079694883582907323e+02,2.000000000000000000e+01,1.503648999999999967e-06,0.000000000000000000e+00
2.827310576235605666e+01,2.079690706442376325e+02,2.000000000000000000e+01,1.500084000000000027e-06,0.000000000000000000e+00
2.869381587679911050e+01,2.079686499341231922e+02,2.000000000000000000e+01,1.378503000000000098e-06,0.000000000000000000e+00
2.909827079195591892e+01,2.079682454792080364e+02,2.000000000000000000e+01,1.477149999999999909e-06,0.000000000000000000e+00
2.949746653457960122e+01,2.079678462834654056e+02,2.000000000000000000e+01,1.434076999999999958e-06,0.000000000000000000e+00
2.992839603452613062e+01,2.079674153539654640e+02,2.000000000000000000e+01,1.531982000000000039e-06,0.000000000000000000e+00
3.037012476557169194e+01,2.079669736252344308e+02,2.000000000000000000e+01,1.460924999999999908e-06,0.000000000000000000e+00
3.079389265163768385e+01,2.079665498573483546e+02,2.000000000000000000e+01,1.450767999999999905e-06,0.000000000000000000e+00
3.119802767418459766e+01,2.079661457223258196e+02,2.000000000000000000e+01,1.471460999999999997e-06,0.000000000000000000e+00
3.161679707855626376e+01,2.079657269529214432e+02,2.000000000000000000e+01,1.464285999999999934e-06,0.000000000000000000e+00
3.204515688066585000e+01,2.079652985931193427e+02,2.000000000000000000e+01,1.457593000000000047e-06,0.000000000000000000e+00
3.246771253088132880e+01,2.079648760374691108e+02,2.000000000000000000e+01,1.512890000000000096e-06,0.000000000000000000e+00
3.289854870090215400e+01,2.079644452012990996e+02,2.000000000000000000e+01,1.509178999999999938e-06,0.000000000000000000e+00
3.330681135496183032e+01,2.079640369386450232e+02,2.000000000000000000e+01,1.452149999999999937e-06,0.000000000000000000e+00
3.373497888514856413e+01,2.079636087711148491e+02,2.000000000000000000e+01,1.448818000000000076e-06,0.000000000000000000e+00
3.415074880610703190e+01,2.079631930011939005e+02,2.000000000000000000e+01,1.389417000000000033e-06,0.000000000000000000e+00
3.453827434526996853e+01,2.079628054756547328e+02,2.000000000000000000e+01,1.472799000000000084e-06,0.000000000000000000e+00
3.496207707251907948e+01,2.079623816729274779e+02,2.000000000000000000e+01,1.498584999999999942e-06,0.000000000000000000e+00
3.539300188119972290e+01,2.079619507481187952e+02,2.000000000000000000e+01,1.519481999999999947e-06,0.000000000000000000e+00
3.580076658084663421e+01,2.079615429834191502e+02,2.000000000000000000e+01,1.492474000000000027e-06,0.000000000000000000e+00
3.622725710668751731e+01,2.079611164928933249e+02,2.000000000000000000e+01,1.442108999999999960e-06,0.000000000000000000e+00
3.664250557234871764e+01,2.079607012444276393e+02,2.000000000000000000e+01,1.504405999999999899e-06,0.000000000000000000e+00
3.703024020865692734e+01,2.079603135097913480e+02,2.000000000000000000e+01,1.426932000000000088e-06,0.000000000000000000e+00
3.745548557871224205e+01,2.079598882644212949e+02,2.000000000000000000e+01,1.430904000000000039e-06,0.000000000000000000e+00
3.789982752718337622e+01,2.079594439224728148e+02,2.000000000000000000e+01,1.375664999999999898e-06,0.000000000000000000e+00
3.829399955586398363e+01,2.079590497504441373e+02,2.000000000000000000e+01,1.440726999999999928e-06,0.000000000000000000e+00
3.871904166671085079e+01,2.079586247083332751e+02,2.000000000000000000e+01,1.316904999999999972e-06,0.000000000000000000e+00
3.913450585607124310e+01,2.079582092441439158e+02,2.000000000000000000e+01,1.405539999999999972e-06,0.000000000000000000e+00
3.952212931725289735e+01,2.079578216206827506e+02,2.000000000000000000e+01,1.411143000000000052e-06,0.000000000000000000e+00
3.996858475784250686e+01,2.079573751652421549e+02,2.000000000000000000e+01,1.468899000000000003e-06,0.000000000000000000e+00
4.039265621909442672e+01,2.079569510937809014e+02,2.000000000000000000e+01,1.410371999999999945e-06,0.000000000000000000e+00
4.079142010563229093e+01,2.079565523298943788e+02,2.000000000000000000e+01,1.283565999999999994e-06,0.000000000000000000e+00
4.121566326410458458e+01,2.079561280867359017e+02,2.000000000000000000e+01,1.333785000000000055e-06,0.000000000000000000e+00
4.165508656276505661e+01,2.079556886634372290e+02,2.000000000000000000e+01,1.283115000000000038e-06,0.000000000000000000e+00
4.207049264876614103e+01,2.079552732573512230e+02,2.000000000000000000e+01,1.346780000000000046e-06,0.000000000000000000e+00
4.248867455354587008e+01,2.079548550754464600e+02,2.000000000000000000e+01,1.394321000000000088e-06,0.000000000000000000e+00
4.290167377777778057e+01,2.079544420762222217e+02,2.000000000000000000e+01,1.434061999999999967e-06,0.000000000000000000e+00
4.333549730403873923e+01,2.079540082526959566e+02,2.000000000000000000e+01,1.378487999999999896e-06,0.000000000000000000e+00
4.375824095977098693e+01,2.079535855090402379e+02,2.000000000000000000e+01,1.412044999999999963e-06,0.000000000000000000e+00
4.417528173197625563e+01,2.079531684682680179e+02,2.000000000000000000e+01,1.463456999999999920e-06,0.000000000000000000e+00
4.459079952840141203e+01,2.079527529504715915e+02,2.000000000000000000e+01,1.555337999999999948e-06,0.000000000000000000e+00
4.498386865890024211e+01,2.079523598813410956e+02,2.000000000000000000e+01,1.473453999999999954e-06,0.000000000000000000e+00
4.541295885667194199e+01,2.079519307911433259e+02,2.000000000000000000e+01,1.445878000000000025e-06,0.000000000000000000e+00
4.585299800281494953e+01,2.079514907519971700e+02,2.000000000000000000e+01,1.281136000000000044e-06,0.000000000000000000e+00
4.625169573213046448e+01,2.079510920542678605e+02,2.000000000000000000e+01,1.387816000000000097e-06,0.000000000000000000e+00
4.666766914814323997e+01,2.079506760808518493e+02,2.000000000000000000e+01,1.239022999999999911e-06,0.000000000000000000e+00
4.709077378499706867e+01,2.079502529762150118e+02,2.000000000000000000e+01,1.210893999999999964e-06,0.000000000000000000e+00
4.747628936540088063e+01,2.079498674606346071e+02,2.000000000000000000e+01,1.265784000000000001e-06,0.000000000000000000e+00
4.792268260839694705e+01,2.079494210673915973e+02,2.000000000000000000e+01,1.164939000000000079e-06,0.000000000000000000e+00
4.833041684449922570e+01,2.079490133331555057e+02,2.000000000000000000e+01,1.162000000000000055e-06,0.000000000000000000e+00
4.874492814969917731e+01,2.079485988218503110e+02,2.000000000000000000e+01,1.216904000000000055e-06,0.000000000000000000e+00
4.916965921286290353e+01,2.079481740907871483e+02,2.000000000000000000e+01,1.223189999999999930e-06,0.000000000000000000e+00
4.958472887979007027e+01,2.079477590211202198e+02,2.000000000000000000e+01,1.097854999999999927e-06,0.000000000000000000e+00
4.999203852862596165e+01,2.079473517114713843e+02,2.000000000000000000e+01,1.198655999999999904e-06,0.000000000000000000e+00
5.041568115308095344e+01,2.079469280688469155e+02,2.000000000000000000e+01,1.142179999999999922e-06,0.000000000000000000e+00
5.085413811702450460e+01,2.079464896118829813e+02,2.000000000000000000e+01,1.078936999999999916e-06,0.000000000000000000e+00
5.128485682739476914e+01,2.079460588931725908e+02,2.000000000000000000e+01,1.323875000000000094e-06,0.000000000000000000e+00
5.168700982561607304e+01,2.079456567401743712e+02,2.000000000000000000e+01,1.252891000000000072e-06,0.000000000000000000e+00
5.209528036472553225e+01,2.079452484696352599e+02,2.000000000000000000e+01,1.265027000000000069e-06,0.000000000000000000e+00
5.251040440215229665e+01,2.079448333455978570e+02,2.000000000000000000e+01,1.312044000000000046e-06,0.000000000000000000e+00
5.295805241335877867e+01,2.079443856975866254e+02,2.000000000000000000e+01,1.241932999999999981e-06,0.000000000000000000e+00
5.334730046609268328e+01,2.079439964495338984e+02,2.000000000000000000e+01,1.250169999999999924e-06,0.000000000000000000e+00
5.378069260965195042e+01,2.079435630573903495e+02,2.000000000000000000e+01,1.286738999999999913e-06,0.000000000000000000e+00
5.420428539535770796e+01,2.079431394646046272e+02,2.000000000000000000e+01,1.395964999999999941e-06,0.000000000000000000e+00
5.461631833795976121e+01,2.079427274316620355e+02,2.000000000000000000e+01,1.377891999999999961e-06,0.000000000000000000e+00
5.502686527677847295e+01,2.079423168847232262e+02,2.000000000000000000e+01,1.398294000000000067e-06,0.000000000000000000e+00
5.545071352885326377e+01,2.079418930364711571e+02,2.000000000000000000e+01,1.340361999999999916e-06,0.000000000000000000e+00
5.587493809116752175e+01,2.079414688119088339e+02,2.000000000000000000e+01,1.374937999999999947e-06,0.000000000000000000e+00
5.627411824251532835e+01,2.079410696317574718e+02,2.000000000000000000e+01,1.269726999999999998e-06,0.000000000000000000e+00
5.671976288387627108e+01,2.079406239871161119e+02,2.000000000000000000e+01,1.533160999999999973e-06,0.000000000000000000e+00
5.711068225859899883e+01,2.079402330677413886e+02,2.000000000000000000e+01,1.382214000000000045e-06,0.000000000000000000e+00
5.752263481071911855e+01,2.079398211151892895e+02,2.000000000000000000e+01,1.363761999999999980e-06,0.000000000000000000e+00
5.794908108833033111e+01,2.079393946689116603e+02,2.000000000000000000e+01,1.492356999999999974e-06,0.000000000000000000e+00
5.834292550184880355e+01,2.079390008244981516e+02,2.000000000000000000e+01,1.471577000000000022e-06,0.000000000000000000e+00
5.878776709834964009e+01,2.079385559829016472e+02,2.000000000000000000e+01,1.452907000000000081e-06,0.000000000000000000e+00
5.921140184843745402e+01,2.079381323481515551e+02,2.000000000000000000e+01,1.272346999999999899e-06,0.000000000000000000e+00
5.961422916004675443e+01,2.079377295208399516e+02,2.000000000000000000e+01,1.312583000000000101e-06,0.000000000000000000e+00
6.001463509444165112e+01,2.079373291149055660e+02,2.000000000000000000e+01,1.309061000000000078e-06,0.000000000000000000e+00
6.044289555829284666e+01,2.079369008544417170e+02,2.000000000000000000e+01,1.171268999999999898e-06,0.000000000000000000e+00
6.086320958384192181e+01,2.079364805404161700e+02,2.000000000000000000e+01,1.258159000000000010e-06,0.000000000000000000e+00
6.128171814717300236e+01,2.079360620318528277e+02,2.000000000000000000e+01,1.040855000000000091e-06,0.000000000000000000e+00
6.170407040033928325e+01,2.079356396795996602e+02,2.000000000000000000e+01,1.093619999999999916e-06,0.000000000000000000e+00
6.211933881580831240e+01,2.079352244111841799e+02,2.000000000000000000e+01,1.163586000000000001e-06,0.000000000000000000e+00
6.255614811765548211e+01,2.079347876018823342e+02,2.000000000000000000e+01,1.404391000000000019e-06,0.000000000000000000e+00
6.297993553282442036e+01,2.079343638144671615e+02,2.000000000000000000e+01,1.153195999999999919e-06,0.000000000000000000e+00
6.341259384979722569e+01,2.079339311561502086e+02,2.000000000000000000e+01,1.184992000000000080e-06,0.000000000000000000e+00
6.380255123681385498e+01,2.079335411987631801e+02,2.000000000000000000e+01,1.013497000000000039e-06,0.000000000000000000e+00
6.422621366908396112e+01,2.079331175363309114e+02,2.000000000000000000e+01,1.226057000000000084e-06,0.000000000000000000e+00
6.466678495252736525e+01,2.079326769650474773e+02,2.000000000000000000e+01,1.132343000000000070e-06,0.000000000000000000e+00
6.507399725190839490e+01,2.079322697527480841e+02,2.000000000000000000e+01,9.432406000000000269e-07,0.000000000000000000e+00
6.547525946936740127e+01,2.079318684905306327e+02,2.000000000000000000e+01,1.163105000000000064e-06,0.000000000000000000e+00
6.589296380676712772e+01,2.079314507861932384e+02,2.000000000000000000e+01,1.127496999999999922e-06,0.000000000000000000e+00
6.631393219604441924e+01,2.079310298178039602e+02,2.000000000000000000e+01,1.132925000000000042e-06,0.000000000000000000e+00
6.674323766554456938e+01,2.079306005123344505e+02,2.000000000000000000e+01,1.113759999999999989e-06,0.000000000000000000e+00
6.713092334084343804e+01,2.079302128266591581e+02,2.000000000000000000e+01,1.366279000000000001e-06,0.000000000000000000e+00
6.756079471778967616e+01,2.079297829552822066e+02,2.000000000000000000e+01,1.273103000000000015e-06,0.000000000000000000e+00
6.794619659690745550e+01,2.079293975534030778e+02,2.000000000000000000e+01,1.235807000000000076e-06,0.000000000000000000e+00
6.838970968238746195e+01,2.079289540403176204e+02,2.000000000000000000e+01,1.375272000000000061e-06,0.000000000000000000e+00
6.882360146981292814e+01,2.079285201485301968e+02,2.000000000000000000e+01,1.261957000000000029e-06,0.000000000000000000e+00
6.923562706221008511e+01,2.079281081229378003e+02,2.000000000000000000e+01,1.115128000000000058e-06,0.000000000000000000e+00
6.965125400508905784e+01,2.079276924959949042e+02,2.000000000000000000e+01,1.099702999999999905e-06,0.000000000000000000e+00
7.006002480975215008e+01,2.079272837251902502e+02,2.000000000000000000e+01,1.249384000000000039e-06,0.000000000000000000e+00
7.046297041833835806e+01,2.079268807795816656e+02,2.000000000000000000e+01,1.196210999999999964e-06,0.000000000000000000e+00
7.089368827099237080e+01,2.079264500617290139e+02,2.000000000000000000e+01,1.195948999999999931e-06,0.000000000000000000e+00
7.133202486225488315e+01,2.079260117251377551e+02,2.000000000000000000e+01,1.212553000000000018e-06,0.000000000000000000e+00
7.177574328050575048e+01,2.079255680067194874e+02,2.000000000000000000e+01,1.214663000000000029e-06,0.000000000000000000e+00
7.215458537175571507e+01,2.079251891646282502e+02,2.000000000000000000e+01,1.074221999999999996e-06,0.000000000000000000e+00
7.258680673300288788e+01,2.079247569432669991e+02,2.000000000000000000e+01,1.154999999999999953e-06,0.000000000000000000e+00
7.300181865229008338e+01,2.079243419313476977e+02,2.000000000000000000e+01,1.079708000000000022e-06,0.000000000000000000e+00
7.340966387785994129e+01,2.079239340861221308e+02,2.000000000000000000e+01,1.180888000000000085e-06,0.000000000000000000e+00
7.384031858460203068e+01,2.079235034314153836e+02,2.000000000000000000e+01,1.136577000000000053e-06,0.000000000000000000e+00
7.427294725351272575e+01,2.079230708027464800e+02,2.000000000000000000e+01,1.104868999999999992e-06,0.000000000000000000e+00
7.467891863809853703e+01,2.079226648313619137e+02,2.000000000000000000e+01,1.107545999999999984e-06,0.000000000000000000e+00
7.510602965515414553e+01,2.079222377203448389e+02,2.000000000000000000e+01,1.044186999999999952e-06,0.000000000000000000e+00
7.549507320515267850e+01,2.079218486767948377e+02,2.000000000000000000e+01,1.177846999999999999e-06,0.000000000000000000e+00
7.591768245458015940e+01,2.079214260675454113e+02,2.000000000000000000e+01,1.272812000000000029e-06,0.000000000000000000e+00
7.635579654703968799e+01,2.079209879534529648e+02,2.000000000000000000e+01,1.170731000000000082e-06,0.000000000000000000e+00
7.674105988410825319e+01,2.079206026901158850e+02,2.000000000000000000e+01,1.116757999999999947e-06,0.000000000000000000e+00
7.718262133707953865e+01,2.079201611286629259e+02,2.000000000000000000e+01,1.153632000000000096e-06,0.000000000000000000e+00
7.758817668245902155e+01,2.079197555733175307e+02,2.000000000000000000e+01,1.092412000000000028e-06,0.000000000000000000e+00
7.798826735104421459e+01,2.079193554826489674e+02,2.000000000000000000e+01,1.018881000000000003e-06,0.000000000000000000e+00
7.841903380035132898e+01,2.079189247161996548e+02,2.000000000000000000e+01,1.075459000000000048e-06,0.000000000000000000e+00
7.882695711380985415e+01,2.079185167928861802e+02,2.000000000000000000e+01,1.047300999999999936e-06,0.000000000000000000e+00
7.925872269465649822e+01,2.079180850273053522e+02,2.000000000000000000e+01,9.979557999999999820e-07,0.000000000000000000e+00
7.968258488227294833e+01,2.079176611651177211e+02,2.000000000000000000e+01,9.700452000000000921e-07,0.000000000000000000e+00
8.006278641694277098e+01,2.079172809635830674e+02,2.000000000000000000e+01,1.062610000000000063e-06,0.000000000000000000e+00
8.050566117464946103e+01,2.079168380888253580e+02,2.000000000000000000e+01,1.074527999999999972e-06,0.000000000000000000e+00
8.092011489350535669e+01,2.079164236351064972e+02,2.000000000000000000e+01,1.007035999999999992e-06,0.000000000000000000e+00
8.132815552050382735e+01,2.079160155944794894e+02,2.000000000000000000e+01,1.098088000000000006e-06,0.000000000000000000e+00
8.177428896948667614e+01,2.079155694610305147e+02,2.000000000000000000e+01,9.961077000000000649e-07,0.000000000000000000e+00
8.219498408800063771e+01,2.079151487659119937e+02,2.000000000000000000e+01,9.489303999999999830e-07,0.000000000000000000e+00
8.261305159195003966e+01,2.079147306984080501e+02,2.000000000000000000e+01,1.018342999999999975e-06,0.000000000000000000e+00
8.302307101486199770e+01,2.079143206789851490e+02,2.000000000000000000e+01,8.901988999999999973e-07,0.000000000000000000e+00
8.344693895827667518e+01,2.079138968110417238e+02,2.000000000000000000e+01,1.005756000000000023e-06,0.000000000000000000e+00
8.388234189950337338e+01,2.079134614081004884e+02,2.000000000000000000e+01,1.117048999999999933e-06,0.000000000000000000e+00
8.430818158174299981e+01,2.079130355684182518e+02,2.000000000000000000e+01,9.391370000000000006e-07,0.000000000000000000e+00
8.471540693545394163e+01,2.079126283430645401e+02,2.000000000000000000e+01,9.327196000000000348e-07,0.000000000000000000e+00
8.513075515699631524e+01,2.079122129948430029e+02,2.000000000000000000e+01,9.674840999999999752e-07,0.000000000000000000e+00
8.551885773901979348e+01,2.079118248922609666e+02,2.000000000000000000e+01,8.693895999999999567e-07,0.000000000000000000e+00
8.594614995363362198e+01,2.079113976000463708e+02,2.000000000000000000e+01,9.846116999999999466e-07,0.000000000000000000e+00
8.635393532682715545e+01,2.079109898146731723e+02,2.000000000000000000e+01,1.013890000000000088e-06,0.000000000000000000e+00
8.678800042062071896e+01,2.079105557495793732e+02,2.000000000000000000e+01,9.368522999999999537e-07,0.000000000000000000e+00
8.719271670784178241e+01,2.079101510332921521e+02,2.000000000000000000e+01,9.160576000000000408e-07,0.000000000000000000e+00
8.759525486447371634e+01,2.079097484951355170e+02,2.000000000000000000e+01,8.615460999999999699e-07,0.000000000000000000e+00
8.803827521764253561e+01,2.079093054747823430e+02,2.000000000000000000e+01,7.116177999999999759e-07,0.000000000000000000e+00
8.844415835970021078e+01,2.079088995916403064e+02,2.000000000000000000e+01,7.764465000000000037e-07,0.000000000000000000e+00
8.885665759393114627e+01,2.079084870924060624e+02,2.000000000000000000e+01,8.064380000000000113e-07,0.000000000000000000e+00
8.930034175238013461e+01,2.079080434082476074e+02,2.000000000000000000e+01,8.061907000000000458e-07,0.000000000000000000e+00
8.970439348076051544e+01,2.079076393565192404e+02,2.000000000000000000e+01,7.624184999999999790e-07,0.000000000000000000e+00
9.011467234309644425e+01,2.079072290776568934e+02,2.000000000000000000e+01,9.112699999999999801e-07,0.000000000000000000e+00
9.052983742741271556e+01,2.079068139125725736e+02,2.000000000000000000e+01,9.101494999999999669e-07,0.000000000000000000e+00
9.097591687862596643e+01,2.079063678331213794e+02,2.000000000000000000e+01,1.076521999999999957e-06,0.000000000000000000e+00
9.137450849342779691e+01,2.079059692415065683e+02,2.000000000000000000e+01,1.113817999999999896e-06,0.000000000000000000e+00
9.179858019760979460e+01,2.079055451698023944e+02,2.000000000000000000e+01,1.132589999999999900e-06,0.000000000000000000e+00
9.224746031012271885e+01,2.079050962896898795e+02,2.000000000000000000e+01,1.144770000000000053e-06,0.000000000000000000e+00
9.264660664653260369e+01,2.079046971433534736e+02,2.000000000000000000e+01,1.165287999999999972e-06,0.000000000000000000e+00
9.305022635708228051e+01,2.079042935236429059e+02,2.000000000000000000e+01,1.197796999999999909e-06,0.000000000000000000e+00
9.347171976942595961e+01,2.079038720302305592e+02,2.000000000000000000e+01,1.172345999999999981e-06,0.000000000000000000e+00
9.391790629923663403e+01,2.079034258437007736e+02,2.000000000000000000e+01,1.183726000000000074e-06,0.000000000000000000e+00
9.431652592137403701e+01,2.079030272240786132e+02,2.000000000000000000e+01,1.086940999999999992e-06,0.000000000000000000e+00
9.474041450225433891e+01,2.079026033354977301e+02,2.000000000000000000e+01,1.157386999999999986e-06,0.000000000000000000e+00
9.512668040141012682e+01,2.079022170695985778e+02,2.000000000000000000e+01,1.283493000000000097e-06,0.000000000000000000e+00
9.557008986752191504e+01,2.079017736601324771e+02,2.000000000000000000e+01,1.292602999999999997e-06,0.000000000000000000e+00
9.598785712699516637e+01,2.079013558928729992e+02,2.000000000000000000e+01,1.319188999999999915e-06,0.000000000000000000e+00
9.639591828761031422e+01,2.079009478317123865e+02,2.000000000000000000e+01,1.221778999999999945e-06,0.000000000000000000e+00
9.682649905217955677e+01,2.079005172509478143e+02,2.000000000000000000e+01,1.145774000000000026e-06,0.000000000000000000e+00
9.723314569755957848e+01,2.079001106043024265e+02,2.000000000000000000e+01,1.153573999999999977e-06,0.000000000000000000e+00
9.764665101627524280e+01,2.078996970989837223e+02,2.000000000000000000e+01,1.175474999999999956e-06,0.000000000000000000e+00
9.805602511014097900e+01,2.078992877248898594e+02,2.000000000000000000e+01,1.280073999999999952e-06,0.000000000000000000e+00
9.845926611489666413e+01,2.078988844838850980e+02,2.000000000000000000e+01,1.174921999999999938e-06,0.000000000000000000e+00
9.890398245267174104e+01,2.078984397675473303e+02,2.000000000000000000e+01,1.275547999999999955e-06,0.000000000000000000e+00
9.930287848736850265e+01,2.078980408715126202e+02,2.000000000000000000e+01,1.188644000000000092e-06,0.000000000000000000e+00
9.972707161716644464e+01,2.078976166783828319e+02,2.000000000000000000e+01,1.098276999999999929e-06,0.000000000000000000e+00
1.001374873861901449e+02,2.078972062626138211e+02,2.000000000000000000e+01,1.326974999999999903e-06,0.000000000000000000e+00
1.005558070228748733e+02,2.078967879429771131e+02,2.000000000000000000e+01,1.271415000000000006e-06,0.000000000000000000e+00
1.009766588387768422e+02,2.078963670911612098e+02,2.000000000000000000e+01,1.258594999999999975e-06,0.000000000000000000e+00
1.014071722428868867e+02,2.078959365777571122e+02,2.000000000000000000e+01,1.329884999999999974e-06,0.000000000000000000e+00
1.018152998744768070e+02,2.078955284501255107e+02,2.000000000000000000e+01,1.267981000000000083e-06,0.000000000000000000e+00
1.022451087689983211e+02,2.078950986412309874e+02,2.000000000000000000e+01,1.282765999999999934e-06,0.000000000000000000e+00
1.026604594098499774e+02,2.078946832905901374e+02,2.000000000000000000e+01,1.350489999999999965e-06,0.000000000000000000e+00
1.031033643347204958e+02,2.078942403856652845e+02,2.000000000000000000e+01,1.340507999999999922e-06,0.000000000000000000e+00
1.035188902374894013e+02,2.078938248597625034e+02,2.000000000000000000e+01,1.282140000000000018e-06,0.000000000000000000e+00
1.039298027333558565e+02,2.078934139472666516e+02,2.000000000000000000e+01,1.349021000000000073e-06,0.000000000000000000e+00
1.043543693966298633e+02,2.078929893806033817e+02,2.000000000000000000e+01,1.385444000000000054e-06,0.000000000000000000e+00
1.047885985648854756e+02,2.078925551514351184e+02,2.000000000000000000e+01,1.505978000000000093e-06,0.000000000000000000e+00
1.051930326663919573e+02,2.078921507173336067e+02,2.000000000000000000e+01,1.450607999999999936e-06,0.000000000000000000e+00
1.055959827081930626e+02,2.078917477672918039e+02,2.000000000000000000e+01,1.314081999999999974e-06,0.000000000000000000e+00
1.059875012264079572e+02,2.078913562487736044e+02,2.000000000000000000e+01,1.470966000000000097e-06,0.000000000000000000e+00
1.064170122759428239e+02,2.078909267377240440e+02,2.000000000000000000e+01,1.472290000000000010e-06,0.000000000000000000e+00
1.068396928717571654e+02,2.078905040571282541e+02,2.000000000000000000e+01,1.586770000000000014e-06,0.000000000000000000e+00
1.072566493070922604e+02,2.078900871006929094e+02,2.000000000000000000e+01,1.445267000000000100e-06,0.000000000000000000e+00
1.076805922935184441e+02,2.078896631577064795e+02,2.000000000000000000e+01,1.358087000000000030e-06,0.000000000000000000e+00
1.080949409055539974e+02,2.078892488090944539e+02,2.000000000000000000e+01,1.600360999999999940e-06,0.000000000000000000e+00
1.085033849671587944e+02,2.078888403650328485e+02,2.000000000000000000e+01,1.524574999999999926e-06,0.000000000000000000e+00
1.089335586948016754e+02,2.078884101913051836e+02,2.000000000000000000e+01,1.469904000000000005e-06,0.000000000000000000e+00
1.093416675872478834e+02,2.078880020824127541e+02,2.000000000000000000e+01,1.496679000000000057e-06,0.000000000000000000e+00
1.097722728667779819e+02,2.078875714771332071e+02,2.000000000000000000e+01,1.627690000000000039e-06,0.000000000000000000e+00
1.101923531879025546e+02,2.078871513968121008e+02,2.000000000000000000e+01,1.635170000000000050e-06,0.000000000000000000e+00
1.106106207956280230e+02,2.078867331292043730e+02,2.000000000000000000e+01,1.733467999999999968e-06,0.000000000000000000e+00
1.109959059507709611e+02,2.078863478440492258e+02,2.000000000000000000e+01,1.734399000000000045e-06,0.000000000000000000e+00
1.114444651332331659e+02,2.078858992848667526e+02,2.000000000000000000e+01,1.712513000000000056e-06,0.000000000000000000e+00
1.118801893552514599e+02,2.078854635606447516e+02,2.000000000000000000e+01,1.666819999999999993e-06,0.000000000000000000e+00
1.122880461168918345e+02,2.078850557038830971e+02,2.000000000000000000e+01,1.665451999999999924e-06,0.000000000000000000e+00
1.127117706665252825e+02,2.078846319793334771e+02,2.000000000000000000e+01,1.563283000000000089e-06,0.000000000000000000e+00
1.131271204236865771e+02,2.078842166295763150e+02,2.000000000000000000e+01,1.789812999999999935e-06,0.000000000000000000e+00
1.135575667969898745e+02,2.078837861832030001e+02,2.000000000000000000e+01,1.789478000000000005e-06,0.000000000000000000e+00
1.139430410833224840e+02,2.078834007089166676e+02,2.000000000000000000e+01,1.800522999999999956e-06,0.000000000000000000e+00
1.143864868561068846e+02,2.078829572631438793e+02,2.000000000000000000e+01,1.703651000000000013e-06,0.000000000000000000e+00
1.148210852668031663e+02,2.078825226647331874e+02,2.000000000000000000e+01,1.738691999999999963e-06,0.000000000000000000e+00
1.152092694673060009e+02,2.078821344805326987e+02,2.000000000000000000e+01,1.748135999999999978e-06,0.000000000000000000e+00
1.156211903008327653e+02,2.078817225596991705e+02,2.000000000000000000e+01,1.769352999999999922e-06,0.000000000000000000e+00
1.160360056367057950e+02,2.078813077443632835e+02,2.000000000000000000e+01,1.781765999999999942e-06,0.000000000000000000e+00
1.164603846464401045e+02,2.078808833653535544e+02,2.000000000000000000e+01,1.771215000000000075e-06,0.000000000000000000e+00
1.168683525426786787e+02,2.078804753974573316e+02,2.000000000000000000e+01,1.706052000000000009e-06,0.000000000000000000e+00
1.172991616174882239e+02,2.078800445883825034e+02,2.000000000000000000e+01,1.859079999999999995e-06,0.000000000000000000e+00
1.177030703152269950e+02,2.078796406796847691e+02,2.000000000000000000e+01,1.894542999999999947e-06,0.000000000000000000e+00
1.181130698129191217e+02,2.078792306801870780e+02,2.000000000000000000e+01,1.875886999999999968e-06,0.000000000000000000e+00
1.185281448893365592e+02,2.078788156051106739e+02,2.000000000000000000e+01,1.835215000000000013e-06,0.000000000000000000e+00
1.189369113164758431e+02,2.078784068386835315e+02,2.000000000000000000e+01,1.771433999999999979e-06,0.000000000000000000e+00
1.193733103995801201e+02,2.078779704396004320e+02,2.000000000000000000e+01,1.882100999999999973e-06,0.000000000000000000e+00
1.197929129806115753e+02,2.078775508370193847e+02,2.000000000000000000e+01,1.823471000000000037e-06,0.000000000000000000e+00
1.201960766682411190e+02,2.078771476733317627e+02,2.000000000000000000e+01,1.902036999999999921e-06,0.000000000000000000e+00
1.206333766925544069e+02,2.078767103733074464e+02,2.000000000000000000e+01,1.764288999999999897e-06,0.000000000000000000e+00
1.210437815768506056e+02,2.078762999684231545e+02,2.000000000000000000e+01,1.743552000000000074e-06,0.000000000000000000e+00
1.214480631380985187e+02,2.078758956868618952e+02,2.000000000000000000e+01,1.761043999999999897e-06,0.000000000000000000e+00
1.218791496255042404e+02,2.078754646003744995e+02,2.000000000000000000e+01,1.900028999999999973e-06,0.000000000000000000e+00
1.223163843969465603e+02,2.078750273656030458e+02,2.000000000000000000e+01,1.778258999999999909e-06,0.000000000000000000e+00
1.227403480174622388e+02,2.078746034019825402e+02,2.000000000000000000e+01,1.754247999999999920e-06,0.000000000000000000e+00
1.231489912900609625e+02,2.078741947587099332e+02,2.000000000000000000e+01,1.796011999999999949e-06,0.000000000000000000e+00
1.235695350313825145e+02,2.078737742149686198e+02,2.000000000000000000e+01,1.867054000000000090e-06,0.000000000000000000e+00
1.239873816767365611e+02,2.078733563683232717e+02,2.000000000000000000e+01,1.765700000000000094e-06,0.000000000000000000e+00
1.244180153282151196e+02,2.078729257346717816e+02,2.000000000000000000e+01,1.838372999999999941e-06,0.000000000000000000e+00
1.248261413292273261e+02,2.078725176086707620e+02,2.000000000000000000e+01,1.835753000000000040e-06,0.000000000000000000e+00
1.252570214798204233e+02,2.078720867285201734e+02,2.000000000000000000e+01,1.783889999999999915e-06,0.000000000000000000e+00
1.256567160632648807e+02,2.078716870339367233e+02,2.000000000000000000e+01,1.737382000000000013e-06,0.000000000000000000e+00
1.260617250881331586e+02,2.078712820249118636e+02,2.000000000000000000e+01,1.677123000000000002e-06,0.000000000000000000e+00
1.265040926990956649e+02,2.078708396573009054e+02,2.000000000000000000e+01,1.757317999999999960e-06,0.000000000000000000e+00
1.268895173184706380e+02,2.078704542326815385e+02,2.000000000000000000e+01,1.783846999999999999e-06,0.000000000000000000e+00
1.273275355916030804e+02,2.078700162144083947e+02,2.000000000000000000e+01,1.801440000000000069e-06,0.000000000000000000e+00
1.277287036141484862e+02,2.078696150463858601e+02,2.000000000000000000e+01,1.874751999999999978e-06,0.000000000000000000e+00
1.281501381145038181e+02,2.078691936118854926e+02,2.000000000000000000e+01,1.831766000000000099e-06,0.000000000000000000e+00
1.285822931836301848e+02,2.078687614568163724e+02,2.000000000000000000e+01,1.891588999999999932e-06,0.000000000000000000e+00
1.289771891266922523e+02,2.078683665608733122e+02,2.000000000000000000e+01,1.831750999999999896e-06,0.000000000000000000e+00
1.294060603528799334e+02,2.078679376896471069e+02,2.000000000000000000e+01,1.880762000000000070e-06,0.000000000000000000e+00
1.298367792844223629e+02,2.078675069707155671e+02,2.000000000000000000e+01,1.870939999999999997e-06,0.000000000000000000e+00
1.302443497812447788e+02,2.078670994002187626e+02,2.000000000000000000e+01,1.921652999999999929e-06,0.000000000000000000e+00
1.306591347823782030e+02,2.078666846152176220e+02,2.000000000000000000e+01,1.904030999999999906e-06,0.000000000000000000e+00
1.310745947536777294e+02,2.078662691552463286e+02,2.000000000000000000e+01,1.871609000000000040e-06,0.000000000000000000e+00
1.315176795457654180e+02,2.078658260704542329e+02,2.000000000000000000e+01,1.880980999999999974e-06,0.000000000000000000e+00
1.319287834805876400e+02,2.078654149665194097e+02,2.000000000000000000e+01,1.869120999999999972e-06,0.000000000000000000e+00
1.323530528201947334e+02,2.078649906971797918e+02,2.000000000000000000e+01,1.916560000000000163e-06,0.000000000000000000e+00
1.327836608176968127e+02,2.078645600891823051e+02,2.000000000000000000e+01,1.981359999999999949e-06,0.000000000000000000e+00
1.331859951080152769e+02,2.078641577548919770e+02,2.000000000000000000e+01,1.930355000000000003e-06,0.000000000000000000e+00
1.335941512012086889e+02,2.078637495987987904e+02,2.000000000000000000e+01,1.999113000000000201e-06,0.000000000000000000e+00
1.340336035946564834e+02,2.078633101464053539e+02,2.000000000000000000e+01,1.989508999999999793e-06,0.000000000000000000e+00
1.344227003523448047e+02,2.078629210496476674e+02,2.000000000000000000e+01,2.076078000000000149e-06,0.000000000000000000e+00
1.348558859907437864e+02,2.078624878640092675e+02,2.000000000000000000e+01,2.093904000000000086e-06,0.000000000000000000e+00
1.352953387248727779e+02,2.078620484112751114e+02,2.000000000000000000e+01,1.978158000000000077e-06,0.000000000000000000e+00
1.356785186978696913e+02,2.078616652313021405e+02,2.000000000000000000e+01,2.057029999999999938e-06,0.000000000000000000e+00
1.361137354425212891e+02,2.078612300145574636e+02,2.000000000000000000e+01,2.036133000000000144e-06,0.000000000000000000e+00
1.365013932871077316e+02,2.078608423567128796e+02,2.000000000000000000e+01,2.086570000000000082e-06,0.000000000000000000e+00
1.369319277001951889e+02,2.078604118222997954e+02,2.000000000000000000e+01,2.088548999999999864e-06,0.000000000000000000e+00
1.373629230283446532e+02,2.078599808269716505e+02,2.000000000000000000e+01,2.084197999999999827e-06,0.000000000000000000e+00
1.377707516280280231e+02,2.078595729983719593e+02,2.000000000000000000e+01,2.101107000000000075e-06,0.000000000000000000e+00
1.381905216809181809e+02,2.078591532283190872e+02,2.000000000000000000e+01,1.945853000000000053e-06,0.000000000000000000e+00
1.385975189437661186e+02,2.078587462310562444e+02,2.000000000000000000e+01,2.085070999999999997e-06,0.000000000000000000e+00
1.390065637117183996e+02,2.078583371862882814e+02,2.000000000000000000e+01,2.147586000000000024e-06,0.000000000000000000e+00
1.394360002914705774e+02,2.078579077497085166e+02,2.000000000000000000e+01,2.122382000000000138e-06,0.000000000000000000e+00
1.398570963921755776e+02,2.078574866536078218e+02,2.000000000000000000e+01,2.210814000000000039e-06,0.000000000000000000e+00
1.402746868368683693e+02,2.078570690631631237e+02,2.000000000000000000e+01,2.238492000000000031e-06,0.000000000000000000e+00
1.406954763448988786e+02,2.078566482736551109e+02,2.000000000000000000e+01,2.129178000000000115e-06,0.000000000000000000e+00
1.410999188755725129e+02,2.078562438311244307e+02,2.000000000000000000e+01,2.058848999999999962e-06,0.000000000000000000e+00
1.414989842746416286e+02,2.078558447657253510e+02,2.000000000000000000e+01,2.060711000000000115e-06,0.000000000000000000e+00
1.419475010961139390e+02,2.078553962489038724e+02,2.000000000000000000e+01,2.122702000000000077e-06,0.000000000000000000e+00
1.423831965697432338e+02,2.078549605534302600e+02,2.000000000000000000e+01,2.098007999999999870e-06,0.000000000000000000e+00
1.428137572063326957e+02,2.078545299927936583e+02,2.000000000000000000e+01,2.147484000000000173e-06,0.000000000000000000e+00
1.432188495622137339e+02,2.078541249004377960e+02,2.000000000000000000e+01,2.043743999999999960e-06,0.000000000000000000e+00
1.436309628495242237e+02,2.078537127871504708e+02,2.000000000000000000e+01,2.032612000000000149e-06,0.000000000000000000e+00
1.440466493891377411e+02,2.078532971006108596e+02,2.000000000000000000e+01,2.009095999999999847e-06,0.000000000000000000e+00
1.444907528213936416e+02,2.078528529971786156e+02,2.000000000000000000e+01,1.953187000000000058e-06,0.000000000000000000e+00
1.448770435183900247e+02,2.078524667064816072e+02,2.000000000000000000e+01,1.989218000000000018e-06,0.000000000000000000e+00
1.453134380831603778e+02,2.078520303119168489e+02,2.000000000000000000e+01,2.150860000000000190e-06,0.000000000000000000e+00
1.457156640628049900e+02,2.078516280859371932e+02,2.000000000000000000e+01,1.995241999999999861e-06,0.000000000000000000e+00
1.461508528224348709e+02,2.078511928971775546e+02,2.000000000000000000e+01,2.046071999999999847e-06,0.000000000000000000e+00
1.465540556217740118e+02,2.078507896943782214e+02,2.000000000000000000e+01,2.017040999999999989e-06,0.000000000000000000e+00
1.469580581765786178e+02,2.078503856918234192e+02,2.000000000000000000e+01,2.040570999999999830e-06,0.000000000000000000e+00
1.473806625478400747e+02,2.078499630874521529e+02,2.000000000000000000e+01,2.043686000000000053e-06,0.000000000000000000e+00
1.478005333261623946e+02,2.078495432166738226e+02,2.000000000000000000e+01,1.952343000000000054e-06,0.000000000000000000e+00
1.482269720100723589e+02,2.078491167779899342e+02,2.000000000000000000e+01,2.015207000000000186e-06,0.000000000000000000e+00
1.486143585803270923e+02,2.078487293914196812e+02,2.000000000000000000e+01,1.838633999999999945e-06,0.000000000000000000e+00
1.490296560069976408e+02,2.078483140939929967e+02,2.000000000000000000e+01,2.050627000000000009e-06,0.000000000000000000e+00
1.494754034122137227e+02,2.078478683465877737e+02,2.000000000000000000e+01,2.020446000000000171e-06,0.000000000000000000e+00
1.498630181195809996e+02,2.078474807318804096e+02,2.000000000000000000e+01,2.082320999999999896e-06,0.000000000000000000e+00
1.502983370774809373e+02,2.078470454129225118e+02,2.000000000000000000e+01,1.948879999999999965e-06,0.000000000000000000e+00
1.507471955083626938e+02,2.078465965544916401e+02,2.000000000000000000e+01,2.068045000000000119e-06,0.000000000000000000e+00
1.511630554372200379e+02,2.078461806945627757e+02,2.000000000000000000e+01,1.967636999999999979e-06,0.000000000000000000e+00
1.515707615700756037e+02,2.078457729884299283e+02,2.000000000000000000e+01,1.959371999999999898e-06,0.000000000000000000e+00
1.519725264260588631e+02,2.078453712235739488e+02,2.000000000000000000e+01,1.849839000000000078e-06,0.000000000000000000e+00
1.524187225859395483e+02,2.078449250274140638e+02,2.000000000000000000e+01,1.991152999999999857e-06,0.000000000000000000e+00
1.528478860432569775e+02,2.078444958639567517e+02,2.000000000000000000e+01,1.893597000000000092e-06,0.000000000000000000e+00
1.532414576725988979e+02,2.078441022923273920e+02,2.000000000000000000e+01,1.892782000000000041e-06,0.000000000000000000e+00
1.536834734919818573e+02,2.078436602765080181e+02,2.000000000000000000e+01,1.943845000000000106e-06,0.000000000000000000e+00
1.540887875699324923e+02,2.078432549624300520e+02,2.000000000000000000e+01,1.892200000000000069e-06,0.000000000000000000e+00
1.544885952995163620e+02,2.078428551547004872e+02,2.000000000000000000e+01,1.824256999999999922e-06,0.000000000000000000e+00
1.549195854736294109e+02,2.078424241645263635e+02,2.000000000000000000e+01,1.990687000000000122e-06,0.000000000000000000e+00
1.553277187961224115e+02,2.078420160312038831e+02,2.000000000000000000e+01,1.892985999999999955e-06,0.000000000000000000e+00
1.557592587472029493e+02,2.078415844912528030e+02,2.000000000000000000e+01,1.829175999999999968e-06,0.000000000000000000e+00
1.561662019611380856e+02,2.078411775480388712e+02,2.000000000000000000e+01,1.788808999999999961e-06,0.000000000000000000e+00
1.565630694431044105e+02,2.078407806805568896e+02,2.000000000000000000e+01,1.830369000000000076e-06,0.000000000000000000e+00
1.570048916816308804e+02,2.078403388583183755e+02,2.000000000000000000e+01,1.860055000000000015e-06,0.000000000000000000e+00
1.574044504858778737e+02,2.078399392995141284e+02,2.000000000000000000e+01,1.917476999999999853e-06,0.000000000000000000e+00
1.578279909635248828e+02,2.078395157590364875e+02,2.000000000000000000e+01,1.776351999999999997e-06,0.000000000000000000e+00
1.582289166656112513e+02,2.078391148333343779e+02,2.000000000000000000e+01,1.613777999999999934e-06,0.000000000000000000e+00
1.586675552554736726e+02,2.078386761947445223e+02,2.000000000000000000e+01,2.020212999999999880e-06,0.000000000000000000e+00
1.590827326321370094e+02,2.078382610173678700e+02,2.000000000000000000e+01,1.806358000000000087e-06,0.000000000000000000e+00
1.594775298932050589e+02,2.078378662201068039e+02,2.000000000000000000e+01,1.704902000000000029e-06,0.000000000000000000e+00
1.599062051804302769e+02,2.078374375448195792e+02,2.000000000000000000e+01,1.946973000000000053e-06,0.000000000000000000e+00
1.603458168486843647e+02,2.078369979331513093e+02,2.000000000000000000e+01,1.962441999999999938e-06,0.000000000000000000e+00
1.607452076238723180e+02,2.078365985423761231e+02,2.000000000000000000e+01,1.907231999999999962e-06,0.000000000000000000e+00
1.611596900668486683e+02,2.078361840599331458e+02,2.000000000000000000e+01,1.835709999999999912e-06,0.000000000000000000e+00
1.615839079753643261e+02,2.078357598420246291e+02,2.000000000000000000e+01,1.778142000000000068e-06,0.000000000000000000e+00
1.619910122718576417e+02,2.078353527377281296e+02,2.000000000000000000e+01,1.724023999999999953e-06,0.000000000000000000e+00
1.624223629808071792e+02,2.078349213870191932e+02,2.000000000000000000e+01,1.674547000000000046e-06,0.000000000000000000e+00
1.628528792872850204e+02,2.078344908707126990e+02,2.000000000000000000e+01,1.649532000000000083e-06,0.000000000000000000e+00
1.632869293836207873e+02,2.078340568206163823e+02,2.000000000000000000e+01,1.618508000000000056e-06,0.000000000000000000e+00
1.636914330073302892e+02,2.078336523169926693e+02,2.000000000000000000e+01,1.720691000000000065e-06,0.000000000000000000e+00
1.641213840930898300e+02,2.078332223659069200e+02,2.000000000000000000e+01,1.779685000000000097e-06,0.000000000000000000e+00
1.645366193056431712e+02,2.078328071306943627e+02,2.000000000000000000e+01,1.720472999999999977e-06,0.000000000000000000e+00
1.649433750282885569e+02,2.078324003749717122e+02,2.000000000000000000e+01,1.802225999999999954e-06,0.000000000000000000e+00
1.653693373331598195e+02,2.078319744126668525e+02,2.000000000000000000e+01,1.885579000000000052e-06,0.000000000000000000e+00
1.657961721022623465e+02,2.078315475778977373e+02,2.000000000000000000e+01,1.823442000000000083e-06,0.000000000000000000e+00
1.661993098765340449e+02,2.078311444401234667e+02,2.000000000000000000e+01,1.815104000000000105e-06,0.000000000000000000e+00
1.666033654646341802e+02,2.078307403845353747e+02,2.000000000000000000e+01,1.887427000000000030e-06,0.000000000000000000e+00
1.670021733909635202e+02,2.078303415766090438e+02,2.000000000000000000e+01,1.879787000000000049e-06,0.000000000000000000e+00
1.674509399988540963e+02,2.078298928100011551e+02,2.000000000000000000e+01,1.803389999999999898e-06,0.000000000000000000e+00
1.678406564909784890e+02,2.078295030935090324e+02,2.000000000000000000e+01,1.995372999999999877e-06,0.000000000000000000e+00
1.682737115702187509e+02,2.078290700384297907e+02,2.000000000000000000e+01,1.824868000000000059e-06,0.000000000000000000e+00
1.686797310514193953e+02,2.078286640189485865e+02,2.000000000000000000e+01,1.869601000000000093e-06,0.000000000000000000e+00
1.690967697385496535e+02,2.078282469802614401e+02,2.000000000000000000e+01,1.771084000000000059e-06,0.000000000000000000e+00
1.695225932315848070e+02,2.078278211567684082e+02,2.000000000000000000e+01,1.704873000000000075e-06,0.000000000000000000e+00
1.699492985374861860e+02,2.078273944514625100e+02,2.000000000000000000e+01,1.691019999999999905e-06,0.000000000000000000e+00
1.703574041165014705e+02,2.078269863458834834e+02,2.000000000000000000e+01,1.541688000000000087e-06,0.000000000000000000e+00
1.707882387865801945e+02,2.078265555112134280e+02,2.000000000000000000e+01,1.544787999999999896e-06,0.000000000000000000e+00
1.712119783590531767e+02,2.078261317716409451e+02,2.000000000000000000e+01,1.574153000000000080e-06,0.000000000000000000e+00
1.716549668108566493e+02,2.078256887831891504e+02,2.000000000000000000e+01,1.522304999999999946e-06,0.000000000000000000e+00
1.720573513858165313e+02,2.078252863986141676e+02,2.000000000000000000e+01,1.583437999999999941e-06,0.000000000000000000e+00
1.724619836183115069e+02,2.078248817663816794e+02,2.000000000000000000e+01,1.533117000000000029e-06,0.000000000000000000e+00
1.728964963789117633e+02,2.078244472536210878e+02,2.000000000000000000e+01,1.576961999999999904e-06,0.000000000000000000e+00
1.733210742735820986e+02,2.078240226757264111e+02,2.000000000000000000e+01,1.421577000000000078e-06,0.000000000000000000e+00
1.737323130324701026e+02,2.078236114369675249e+02,2.000000000000000000e+01,1.353139000000000031e-06,0.000000000000000000e+00
1.741477494280488827e+02,2.078231960005719543e+02,2.000000000000000000e+01,1.346691999999999947e-06,0.000000000000000000e+00
1.745741959968771653e+02,2.078227695540031164e+02,2.000000000000000000e+01,1.449312999999999976e-06,0.000000000000000000e+00
1.749803343354167566e+02,2.078223634156645687e+02,2.000000000000000000e+01,1.352702000000000038e-06,0.000000000000000000e+00
1.754041967840836094e+02,2.078219395532159126e+02,2.000000000000000000e+01,1.346809000000000000e-06,0.000000000000000000e+00
1.758029903522114523e+02,2.078215407596477746e+02,2.000000000000000000e+01,1.397057000000000014e-06,0.000000000000000000e+00
1.762516833637822629e+02,2.078210920666362256e+02,2.000000000000000000e+01,1.421808999999999917e-06,0.000000000000000000e+00
1.766371361086074785e+02,2.078207066138913888e+02,2.000000000000000000e+01,1.364300000000000007e-06,0.000000000000000000e+00
1.770551583135685405e+02,2.078202885916864204e+02,2.000000000000000000e+01,1.395237999999999990e-06,0.000000000000000000e+00
1.774760045610687200e+02,2.078198677454389269e+02,2.000000000000000000e+01,1.391002999999999979e-06,0.000000000000000000e+00
1.778842275574062057e+02,2.078194595224425996e+02,2.000000000000000000e+01,1.523017999999999933e-06,0.000000000000000000e+00
1.783149737771898060e+02,2.078190287762228081e+02,2.000000000000000000e+01,1.427252000000000027e-06,0.000000000000000000e+00
1.787205335106870052e+02,2.078186232164892999e+02,2.000000000000000000e+01,1.412219999999999923e-06,0.000000000000000000e+00
1.791324170462533516e+02,2.078182113329537515e+02,2.000000000000000000e+01,1.440304999999999926e-06,0.000000000000000000e+00
1.795619927498265156e+02,2.078177817572501738e+02,2.000000000000000000e+01,1.441570999999999932e-06,0.000000000000000000e+00
1.799470537212752106e+02,2.078173966962787347e+02,2.000000000000000000e+01,1.365638999999999911e-06,0.000000000000000000e+00
1.803909039276699957e+02,2.078169528460723257e+02,2.000000000000000000e+01,1.451961000000000014e-06,0.000000000000000000e+00
1.808249033892122668e+02,2.078165188466107907e+02,2.000000000000000000e+01,1.464882999999999896e-06,0.000000000000000000e+00
1.812376939990980418e+02,2.078161060560009048e+02,2.000000000000000000e+01,1.461346999999999910e-06,0.000000000000000000e+00
1.816530018637049864e+02,2.078156907481362907e+02,2.000000000000000000e+01,1.440027999999999903e-06,0.000000000000000000e+00
1.820612895962593143e+02,2.078152824604037505e+02,2.000000000000000000e+01,1.417342000000000066e-06,0.000000000000000000e+00
1.824635103273405150e+02,2.078148802396726467e+02,2.000000000000000000e+01,1.406704999999999943e-06,0.000000000000000000e+00
1.829086259713740503e+02,2.078144351240286198e+02,2.000000000000000000e+01,1.511303999999999939e-06,0.000000000000000000e+00
1.833326918497101587e+02,2.078140110581502995e+02,2.000000000000000000e+01,1.501567999999999910e-06,0.000000000000000000e+00
1.837788276425148126e+02,2.078135649223574717e+02,2.000000000000000000e+01,1.601569000000000039e-06,0.000000000000000000e+00
1.842003924128607935e+02,2.078131433575871370e+02,2.000000000000000000e+01,1.597537999999999942e-06,0.000000000000000000e+00
1.845881058819412885e+02,2.078127556441180559e+02,2.000000000000000000e+01,1.675086000000000101e-06,0.000000000000000000e+00
1.850036534526466312e+02,2.078123400965473593e+02,2.000000000000000000e+01,1.648150000000000051e-06,0.000000000000000000e+00
1.854185015362595550e+02,2.078119252484637514e+02,2.000000000000000000e+01,1.652123000000000030e-06,0.000000000000000000e+00
1.858416524438854083e+02,2.078115020975561151e+02,2.000000000000000000e+01,1.765424000000000099e-06,0.000000000000000000e+00
1.862494100962331913e+02,2.078110943399037751e+02,2.000000000000000000e+01,1.649517999999999908e-06,0.000000000000000000e+00
1.866646741349732110e+02,2.078106790758650391e+02,2.000000000000000000e+01,1.686407000000000047e-06,0.000000000000000000e+00
1.870880641957016906e+02,2.078102556858042931e+02,2.000000000000000000e+01,1.754597000000000025e-06,0.000000000000000000e+00
1.874961384017748856e+02,2.078098476115982294e+02,2.000000000000000000e+01,1.890774000000000093e-06,0.000000000000000000e+00
1.879200523171755890e+02,2.078094236976828313e+02,2.000000000000000000e+01,1.756357999999999930e-06,0.000000000000000000e+00
1.883191695504556264e+02,2.078090245804495453e+02,2.000000000000000000e+01,1.811044000000000054e-06,0.000000000000000000e+00
1.887661292668560691e+02,2.078085776207331321e+02,2.000000000000000000e+01,1.842461999999999945e-06,0.000000000000000000e+00
1.891850895453774513e+02,2.078081586604546089e+02,2.000000000000000000e+01,1.855732999999999932e-06,0.000000000000000000e+00
1.895901713865312104e+02,2.078077535786134717e+02,2.000000000000000000e+01,1.976208000000000036e-06,0.000000000000000000e+00
1.899902398962503867e+02,2.078073535101037521e+02,2.000000000000000000e+01,1.935317000000000177e-06,0.000000000000000000e+00
1.904212055861725048e+02,2.078069225444138226e+02,2.000000000000000000e+01,1.890744999999999928e-06,0.000000000000000000e+00
1.908622972328832361e+02,2.078064814527671160e+02,2.000000000000000000e+01,1.934021999999999793e-06,0.000000000000000000e+00
1.912600386634281620e+02,2.078060837113365835e+02,2.000000000000000000e+01,1.943640999999999980e-06,0.000000000000000000e+00
1.916777273655472129e+02,2.078056660226344547e+02,2.000000000000000000e+01,1.982291000000000025e-06,0.000000000000000000e+00
1.921211646254406276e+02,2.078052225853745654e+02,2.000000000000000000e+01,1.990687000000000122e-06,0.000000000000000000e+00
1.925367055695920726e+02,2.078048070444304187e+02,2.000000000000000000e+01,1.899941999999999901e-06,0.000000000000000000e+00
1.929431934240388102e+02,2.078044005565759562e+02,2.000000000000000000e+01,2.239888999999999842e-06,0.000000000000000000e+00
1.933687285383531105e+02,2.078039750214616390e+02,2.000000000000000000e+01,1.993438000000000039e-06,0.000000000000000000e+00
1.938043385832677075e+02,2.078035394114167218e+02,2.000000000000000000e+01,1.991793000000000159e-06,0.000000000000000000e+00
1.942075737301728395e+02,2.078031361762698168e+02,2.000000000000000000e+01,1.982144999999999807e-06,0.000000000000000000e+00
1.946134742595419880e+02,2.078027302757404584e+02,2.000000000000000000e+01,1.984473999999999933e-06,0.000000000000000000e+00
1.950466018546952967e+02,2.078022971481452998e+02,2.000000000000000000e+01,2.007363999999999895e-06,0.000000000000000000e+00
1.954505345799279894e+02,2.078018932154200797e+02,2.000000000000000000e+01,1.937311000000000161e-06,0.000000000000000000e+00
1.958857950381679700e+02,2.078014579549618190e+02,2.000000000000000000e+01,1.818931000000000077e-06,0.000000000000000000e+00
1.962939676866691059e+02,2.078010497823133278e+02,2.000000000000000000e+01,1.852472999999999941e-06,0.000000000000000000e+00
1.967190695698456864e+02,2.078006246804301611e+02,2.000000000000000000e+01,1.863125000000000055e-06,0.000000000000000000e+00
1.971210967756095727e+02,2.078002226532243810e+02,2.000000000000000000e+01,1.950029000000000130e-06,0.000000000000000000e+00
1.975221580402364339e+02,2.077998215919597556e+02,2.000000000000000000e+01,1.766485999999999980e-06,0.000000000000000000e+00
1.979323623895195112e+02,2.077994113876104905e+02,2.000000000000000000e+01,1.832464000000000096e-06,0.000000000000000000e+00
1.983567015270109266e+02,2.077989870484729806e+02,2.000000000000000000e+01,1.919251999999999933e-06,0.000000000000000000e+00
1.987874005666449477e+02,2.077985563494333405e+02,2.000000000000000000e+01,1.888271000000000034e-06,0.000000000000000000e+00
1.992110706734169128e+02,2.077981326793265850e+02,2.000000000000000000e+01,1.911190000000000162e-06,0.000000000000000000e+00
1.995989164848517134e+02,2.077977448335151394e+02,2.000000000000000000e+01,1.915686999999999994e-06,0.000000000000000000e+00
2.000377430541759054e+02,2.077973060069458313e+02,2.000000000000000000e+01,1.913315000000000163e-06,0.000000000000000000e+00
2.004616109975905545e+02,2.077968821390024061e+02,2.000000000000000000e+01,1.850436000000000040e-06,0.000000000000000000e+00
2.008603439774798289e+02,2.077964834060225314e+02,2.000000000000000000e+01,1.911480999999999936e-06,0.000000000000000000e+00
2.013039743363622449e+02,2.077960397756636439e+02,2.000000000000000000e+01,1.992681000000000107e-06,0.000000000000000000e+00
2.017313219654888883e+02,2.077956124280345023e+02,2.000000000000000000e+01,1.996929999999999869e-06,0.000000000000000000e+00
2.021188064577623607e+02,2.077952249435422232e+02,2.000000000000000000e+01,2.000641000000000028e-06,0.000000000000000000e+00
2.025345476692112072e+02,2.077948092023307822e+02,2.000000000000000000e+01,1.907260999999999915e-06,0.000000000000000000e+00
2.029592598561700356e+02,2.077943844901438410e+02,2.000000000000000000e+01,1.846740000000000084e-06,0.000000000000000000e+00
2.034040529674125537e+02,2.077939396970325845e+02,2.000000000000000000e+01,1.893888000000000077e-06,0.000000000000000000e+00
2.038280482713805100e+02,2.077935157017286087e+02,2.000000000000000000e+01,1.997133999999999995e-06,0.000000000000000000e+00
2.042289637980568955e+02,2.077931147862019543e+02,2.000000000000000000e+01,1.988024000000000094e-06,0.000000000000000000e+00
2.046673365519654340e+02,2.077926764134480209e+02,2.000000000000000000e+01,2.015033000000000042e-06,0.000000000000000000e+00
2.050826873744699128e+02,2.077922610626255278e+02,2.000000000000000000e+01,1.995227999999999898e-06,0.000000000000000000e+00
2.054776977542045984e+02,2.077918660522457799e+02,2.000000000000000000e+01,2.034314000000000120e-06,0.000000000000000000e+00
2.059061642832296286e+02,2.077914375857167784e+02,2.000000000000000000e+01,2.024607999999999861e-06,0.000000000000000000e+00
2.063296446704172524e+02,2.077910141053295945e+02,2.000000000000000000e+01,2.150497000000000122e-06,0.000000000000000000e+00
2.067434837061068436e+02,2.077906002662938931e+02,2.000000000000000000e+01,2.172833999999999854e-06,0.000000000000000000e+00
2.071589755165266524e+02,2.077901847744834640e+02,2.000000000000000000e+01,2.180503000000000001e-06,0.000000000000000000e+00
2.075464720301102659e+02,2.077897972779698819e+02,2.000000000000000000e+01,2.180997000000000084e-06,0.000000000000000000e+00
2.079687844222853528e+02,2.077893749655777071e+02,2.000000000000000000e+01,2.171830000000000092e-06,0.000000000000000000e+00
2.084143062008158722e+02,2.077889294437991907e+02,2.000000000000000000e+01,2.185028000000000182e-06,0.000000000000000000e+00
2.088075440747760751e+02,2.077885362059252259e+02,2.000000000000000000e+01,2.155241000000000208e-06,0.000000000000000000e+00
2.092353730296861727e+02,2.077881083769703139e+02,2.000000000000000000e+01,2.196088000000000123e-06,0.000000000000000000e+00
2.096458694041205888e+02,2.077876978805958856e+02,2.000000000000000000e+01,2.094107999999999788e-06,0.000000000000000000e+00
2.100593956027576894e+02,2.077872843543972294e+02,2.000000000000000000e+01,2.125860000000000006e-06,0.000000000000000000e+00
2.104831885031608465e+02,2.077868605614968374e+02,2.000000000000000000e+01,2.090528000000000070e-06,0.000000000000000000e+00
2.109153923424779578e+02,2.077864283576575133e+02,2.000000000000000000e+01,2.116895999999999900e-06,0.000000000000000000e+00
2.113307473633587961e+02,2.077860130026366505e+02,2.000000000000000000e+01,2.136220999999999922e-06,0.000000000000000000e+00
2.117543566572834948e+02,2.077855893933427183e+02,2.000000000000000000e+01,2.112240000000000126e-06,0.000000000000000000e+00
2.121705388743340848e+02,2.077851732111256524e+02,2.000000000000000000e+01,2.041938999999999899e-06,0.000000000000000000e+00
2.126021005408397286e+02,2.077847416494591641e+02,2.000000000000000000e+01,2.044019999999999956e-06,0.000000000000000000e+00
2.130007142162742468e+02,2.077843430357837349e+02,2.000000000000000000e+01,1.922554999999999840e-06,0.000000000000000000e+00
2.134244070593287574e+02,2.077839193429406635e+02,2.000000000000000000e+01,1.977707000000000121e-06,0.000000000000000000e+00
2.138621337143352719e+02,2.077834816162856555e+02,2.000000000000000000e+01,1.991138999999999894e-06,0.000000000000000000e+00
2.142702208684262075e+02,2.077830735291315705e+02,2.000000000000000000e+01,1.875232999999999915e-06,0.000000000000000000e+00
2.146900069041560926e+02,2.077826537430958354e+02,2.000000000000000000e+01,2.013198999999999815e-06,0.000000000000000000e+00
2.150948222440420921e+02,2.077822489277559441e+02,2.000000000000000000e+01,1.939784999999999843e-06,0.000000000000000000e+00
2.154943769783349126e+02,2.077818493730216574e+02,2.000000000000000000e+01,1.807041999999999910e-06,0.000000000000000000e+00
2.159427786610687008e+02,2.077814009713389396e+02,2.000000000000000000e+01,1.851788999999999907e-06,0.000000000000000000e+00
2.163330229295395952e+02,2.077810107270704520e+02,2.000000000000000000e+01,1.885389999999999918e-06,0.000000000000000000e+00
2.167653434499868865e+02,2.077805784065500063e+02,2.000000000000000000e+01,1.881955999999999994e-06,0.000000000000000000e+00
2.171723018712699513e+02,2.077801714481287263e+02,2.000000000000000000e+01,1.701729999999999926e-06,0.000000000000000000e+00
2.175885730632887203e+02,2.077797551769367033e+02,2.000000000000000000e+01,1.707696000000000074e-06,0.000000000000000000e+00
2.180116792473812666e+02,2.077793320707526163e+02,2.000000000000000000e+01,1.783569999999999976e-06,0.000000000000000000e+00
2.184116067792276112e+02,2.077789321432207714e+02,2.000000000000000000e+01,1.831037999999999908e-06,0.000000000000000000e+00
2.188504789586866934e+02,2.077784932710412988e+02,2.000000000000000000e+01,1.796578999999999930e-06,0.000000000000000000e+00
2.192811082918112504e+02,2.077780626417081749e+02,2.000000000000000000e+01,1.786552999999999944e-06,0.000000000000000000e+00
2.196830312917769561e+02,2.077776607187082334e+02,2.000000000000000000e+01,1.729116999999999932e-06,0.000000000000000000e+00
2.200908107988443021e+02,2.077772529392011620e+02,2.000000000000000000e+01,1.802691000000000085e-06,0.000000000000000000e+00
2.205279246211966893e+02,2.077768158253788044e+02,2.000000000000000000e+01,1.733743999999999964e-06,0.000000000000000000e+00
2.209133492405716481e+02,2.077764304007594376e+02,2.000000000000000000e+01,1.757216999999999925e-06,0.000000000000000000e+00
2.213537025837448482e+02,2.077759900474162578e+02,2.000000000000000000e+01,1.658845999999999897e-06,0.000000000000000000e+00
2.217748317754933964e+02,2.077755689182245078e+02,2.000000000000000000e+01,1.770865999999999970e-06,0.000000000000000000e+00
2.221763128025000924e+02,2.077751674371974957e+02,2.000000000000000000e+01,1.812367999999999967e-06,0.000000000000000000e+00
2.226110869402035917e+02,2.077747326630598081e+02,2.000000000000000000e+01,1.777866000000000073e-06,0.000000000000000000e+00
2.230262973034696472e+02,2.077743174526965220e+02,2.000000000000000000e+01,1.834778000000000020e-06,0.000000000000000000e+00
2.234523960224675250e+02,2.077738913539775183e+02,2.000000000000000000e+01,1.750042000000000074e-06,0.000000000000000000e+00
2.238967041656528068e+02,2.077734470458343594e+02,2.000000000000000000e+01,1.837165000000000053e-06,0.000000000000000000e+00
2.242915240402498114e+02,2.077730522259597592e+02,2.000000000000000000e+01,1.833920000000000053e-06,0.000000000000000000e+00
2.247160715438810428e+02,2.077726276784561037e+02,2.000000000000000000e+01,1.824577000000000073e-06,0.000000000000000000e+00
2.251596470974575936e+02,2.077721841029025427e+02,2.000000000000000000e+01,1.912092999999999889e-06,0.000000000000000000e+00
2.255427941410816004e+02,2.077718009558589074e+02,2.000000000000000000e+01,1.832827999999999979e-06,0.000000000000000000e+00
2.259664619697988996e+02,2.077713772880302088e+02,2.000000000000000000e+01,1.899228999999999913e-06,0.000000000000000000e+00
2.263650286690364055e+02,2.077709787213309482e+02,2.000000000000000000e+01,1.826366999999999932e-06,0.000000000000000000e+00
2.268079294963891925e+02,2.077705358205035964e+02,2.000000000000000000e+01,1.836612000000000035e-06,0.000000000000000000e+00
2.271931039729348925e+02,2.077701506460270764e+02,2.000000000000000000e+01,1.831213000000000080e-06,0.000000000000000000e+00
2.276233626277202120e+02,2.077697203873722742e+02,2.000000000000000000e+01,2.002984000000000117e-06,0.000000000000000000e+00
2.280389935797704482e+02,2.077693047564202402e+02,2.000000000000000000e+01,1.919295999999999877e-06,0.000000000000000000e+00
2.284447843807403160e+02,2.077688989656192575e+02,2.000000000000000000e+01,1.993888999999999995e-06,0.000000000000000000e+00
2.288705297029840438e+02,2.077684732202970110e+02,2.000000000000000000e+01,2.030851000000000031e-06,0.000000000000000000e+00
2.293065228586559954e+02,2.077680372271413489e+02,2.000000000000000000e+01,2.023268999999999957e-06,0.000000000000000000e+00
2.297093320281928470e+02,2.077676344179718058e+02,2.000000000000000000e+01,1.940060999999999838e-06,0.000000000000000000e+00
2.301288298320610863e+02,2.077672149201679304e+02,2.000000000000000000e+01,1.885258999999999901e-06,0.000000000000000000e+00
2.305583419520101245e+02,2.077667854080479799e+02,2.000000000000000000e+01,1.786466000000000083e-06,0.000000000000000000e+00
2.309783205291666661e+02,2.077663654294708238e+02,2.000000000000000000e+01,1.945779999999999944e-06,0.000000000000000000e+00
2.313864820673591964e+02,2.077659572679326345e+02,2.000000000000000000e+01,1.951761000000000082e-06,0.000000000000000000e+00
2.318174759192384045e+02,2.077655262740807700e+02,2.000000000000000000e+01,1.973545000000000008e-06,0.000000000000000000e+00
2.322480675483460857e+02,2.077650956824516584e+02,2.000000000000000000e+01,1.964785000000000027e-06,0.000000000000000000e+00
2.326564154642377105e+02,2.077646873345357506e+02,2.000000000000000000e+01,1.790599000000000032e-06,0.000000000000000000e+00
2.330707518629738502e+02,2.077642729981370167e+02,2.000000000000000000e+01,1.938358999999999867e-06,0.000000000000000000e+00
2.334945390218832131e+02,2.077638492109781225e+02,2.000000000000000000e+01,1.955312000000000059e-06,0.000000000000000000e+00
2.339258472128559561e+02,2.077634179027871539e+02,2.000000000000000000e+01,1.997352000000000083e-06,0.000000000000000000e+00
2.343335884604441617e+02,2.077630101615395404e+02,2.000000000000000000e+01,2.021072000000000087e-06,0.000000000000000000e+00
2.347642885017457672e+02,2.077625794614982624e+02,2.000000000000000000e+01,1.868495000000000056e-06,0.000000000000000000e+00
2.351647848477301466e+02,2.077621789651522590e+02,2.000000000000000000e+01,1.949680000000000025e-06,0.000000000000000000e+00
2.355704469104885277e+02,2.077617733030895124e+02,2.000000000000000000e+01,1.936946999999999854e-06,0.000000000000000000e+00
2.359683660092239563e+02,2.077613753839907815e+02,2.000000000000000000e+01,1.851075999999999919e-06,0.000000000000000000e+00
2.363961326467648689e+02,2.077609476173532244e+02,2.000000000000000000e+01,1.916268999999999965e-06,0.000000000000000000e+00
2.368348518559091644e+02,2.077605088981440815e+02,2.000000000000000000e+01,1.873443000000000055e-06,0.000000000000000000e+00
2.372351977883414520e+02,2.077601085522116477e+02,2.000000000000000000e+01,1.830689000000000016e-06,0.000000000000000000e+00
2.376576101365013187e+02,2.077596861398635042e+02,2.000000000000000000e+01,1.971682999999999855e-06,0.000000000000000000e+00
2.380350012777777522e+02,2.077593087487222192e+02,2.000000000000000000e+01,1.782377000000000079e-06,0.000000000000000000e+00
2.384803144487225097e+02,2.077588634355512625e+02,2.000000000000000000e+01,1.854175999999999940e-06,0.000000000000000000e+00
2.389125268151871921e+02,2.077584312231848003e+02,2.000000000000000000e+01,1.849417000000000076e-06,0.000000000000000000e+00
2.393209585794587042e+02,2.077580227914205295e+02,2.000000000000000000e+01,1.516339000000000010e-06,0.000000000000000000e+00
2.397518575874736939e+02,2.077575918924125347e+02,2.000000000000000000e+01,1.564897999999999988e-06,0.000000000000000000e+00
2.401509857406904018e+02,2.077571927642593153e+02,2.000000000000000000e+01,1.747263000000000020e-06,0.000000000000000000e+00
2.405552190772656047e+02,2.077567885309227336e+02,2.000000000000000000e+01,1.793785000000000097e-06,0.000000000000000000e+00
2.409985965223531537e+02,2.077563451534776391e+02,2.000000000000000000e+01,1.662715999999999998e-06,0.000000000000000000e+00
2.414222893988883243e+02,2.077559214606011153e+02,2.000000000000000000e+01,1.650929000000000105e-06,0.000000000000000000e+00
2.418208638390287888e+02,2.077555228861609748e+02,2.000000000000000000e+01,1.521679000000000030e-06,0.000000000000000000e+00
2.422680856427316485e+02,2.077550756643572640e+02,2.000000000000000000e+01,1.575797999999999960e-06,0.000000000000000000e+00
2.426873744138680422e+02,2.077546563755861371e+02,2.000000000000000000e+01,1.679246999999999975e-06,0.000000000000000000e+00
2.431029153580194873e+02,2.077542408346419904e+02,2.000000000000000000e+01,1.710709000000000022e-06,0.000000000000000000e+00
2.435374980432434882e+02,2.077538062519567461e+02,2.000000000000000000e+01,1.733279000000000045e-06,0.000000000000000000e+00
2.439228544418468516e+02,2.077534208955581505e+02,2.000000000000000000e+01,1.684151000000000030e-06,0.000000000000000000e+00
2.443641523639400077e+02,2.077529795976360560e+02,2.000000000000000000e+01,1.524764000000000060e-06,0.000000000000000000e+00
2.448025172109814491e+02,2.077525412327890137e+02,2.000000000000000000e+01,1.664593999999999957e-06,0.000000000000000000e+00
2.452074033556868926e+02,2.077521363466443063e+02,2.000000000000000000e+01,1.766936999999999935e-06,0.000000000000000000e+00
2.456003683251284713e+02,2.077517433816748564e+02,2.000000000000000000e+01,1.717490000000000009e-06,0.000000000000000000e+00
2.460104417684478335e+02,2.077513333082315512e+02,2.000000000000000000e+01,1.669380999999999958e-06,0.000000000000000000e+00
2.464392135169482287e+02,2.077509045364830627e+02,2.000000000000000000e+01,1.633336000000000035e-06,0.000000000000000000e+00
2.468473886421895145e+02,2.077504963613578184e+02,2.000000000000000000e+01,1.700288999999999960e-06,0.000000000000000000e+00
2.472785189356118849e+02,2.077500652310643829e+02,2.000000000000000000e+01,1.765860000000000064e-06,0.000000000000000000e+00
2.476803633159188109e+02,2.077496633866840909e+02,2.000000000000000000e+01,1.718638999999999962e-06,0.000000000000000000e+00
2.480881732721923640e+02,2.077492555767278191e+02,2.000000000000000000e+01,1.783832000000000008e-06,0.000000000000000000e+00
2.485034429050812435e+02,2.077488403070949232e+02,2.000000000000000000e+01,1.677792000000000046e-06,0.000000000000000000e+00
2.489184061641221319e+02,2.077484253438358621e+02,2.000000000000000000e+01,1.651481999999999912e-06,0.000000000000000000e+00
2.493510810840211889e+02,2.077479926689159697e+02,2.000000000000000000e+01,1.675026999999999955e-06,0.000000000000000000e+00
2.497748215444070752e+02,2.077475689284555926e+02,2.000000000000000000e+01,1.593275000000000005e-06,0.000000000000000000e+00
2.501805127141028890e+02,2.077471632372858892e+02,2.000000000000000000e+01,1.600913999999999958e-06,0.000000000000000000e+00
2.506081188326662357e+02,2.077467356311673257e+02,2.000000000000000000e+01,1.585038000000000061e-06,0.000000000000000000e+00
2.510231039011848111e+02,2.077463206460988090e+02,2.000000000000000000e+01,1.583481000000000069e-06,0.000000000000000000e+00
2.514495829173714867e+02,2.077458941670826391e+02,2.000000000000000000e+01,1.469117999999999907e-06,0.000000000000000000e+00
2.518694043249905121e+02,2.077454743456750066e+02,2.000000000000000000e+01,1.476742999999999898e-06,0.000000000000000000e+00
2.522922771698472673e+02,2.077450514728301414e+02,2.000000000000000000e+01,1.579217000000000105e-06,0.000000000000000000e+00
2.527160150862376895e+02,2.077446277349137631e+02,2.000000000000000000e+01,1.514664999999999965e-06,0.000000000000000000e+00
2.531555649693853240e+02,2.077441881850306231e+02,2.000000000000000000e+01,1.573090999999999988e-06,0.000000000000000000e+00
2.535637450091844016e+02,2.077437800049908105e+02,2.000000000000000000e+01,1.623949999999999927e-06,0.000000000000000000e+00
2.539659022875731864e+02,2.077433778477124235e+02,2.000000000000000000e+01,1.654902000000000084e-06,0.000000000000000000e+00
2.543970333204658516e+02,2.077429467166795405e+02,2.000000000000000000e+01,1.661042999999999980e-06,0.000000000000000000e+00
2.548054304265793633e+02,2.077425383195734128e+02,2.000000000000000000e+01,1.590756999999999955e-06,0.000000000000000000e+00
2.552330182585416480e+02,2.077421107317414624e+02,2.000000000000000000e+01,1.531166999999999989e-06,0.000000000000000000e+00
2.556337057022900865e+02,2.077417100442977187e+02,2.000000000000000000e+01,1.712192999999999905e-06,0.000000000000000000e+00
2.560357790102578974e+02,2.077413079709897374e+02,2.000000000000000000e+01,1.685184999999999985e-06,0.000000000000000000e+00
2.564811946353682401e+02,2.077408625553646289e+02,2.000000000000000000e+01,1.660780999999999948e-06,0.000000000000000000e+00
2.568681216464261183e+02,2.077404756283535789e+02,2.000000000000000000e+01,1.754466000000000009e-06,0.000000000000000000e+00
2.573036738185548415e+02,2.077400400761814296e+02,2.000000000000000000e+01,1.729437000000000083e-06,0.000000000000000000e+00
2.577067464810236288e+02,2.077396370035189648e+02,2.000000000000000000e+01,1.702356000000000053e-06,0.000000000000000000e+00
2.581261619198473340e+02,2.077392175880801517e+02,2.000000000000000000e+01,1.577368999999999915e-06,0.000000000000000000e+00
2.585455926108737685e+02,2.077387981573891125e+02,2.000000000000000000e+01,1.640961000000000026e-06,0.000000000000000000e+00
2.589488942560652731e+02,2.077383948557439339e+02,2.000000000000000000e+01,1.690160999999999910e-06,0.000000000000000000e+00
2.593839829975493672e+02,2.077379597670024509e+02,2.000000000000000000e+01,1.749489000000000056e-06,0.000000000000000000e+00
2.598094748359906134e+02,2.077375342751639948e+02,2.000000000000000000e+01,1.684457000000000007e-06,0.000000000000000000e+00
2.602170686598812495e+02,2.077371266813401292e+02,2.000000000000000000e+01,1.642983999999999964e-06,0.000000000000000000e+00
2.606323440464389023e+02,2.077367114059535709e+02,2.000000000000000000e+01,1.814623999999999984e-06,0.000000000000000000e+00
2.610619062054607866e+02,2.077362818437945293e+02,2.000000000000000000e+01,1.919980000000000123e-06,0.000000000000000000e+00
2.614673239826344115e+02,2.077358764260173700e+02,2.000000000000000000e+01,1.744235999999999896e-06,0.000000000000000000e+00
2.618897257636087943e+02,2.077354540242363896e+02,2.000000000000000000e+01,1.787295000000000097e-06,0.000000000000000000e+00
2.623276943190438715e+02,2.077350160556809442e+02,2.000000000000000000e+01,1.868233000000000024e-06,0.000000000000000000e+00
2.627285738115891718e+02,2.077346151761884130e+02,2.000000000000000000e+01,1.563340999999999996e-06,0.000000000000000000e+00
2.631671466497031133e+02,2.077341766033503063e+02,2.000000000000000000e+01,1.498076000000000080e-06,0.000000000000000000e+00
2.635826920242796518e+02,2.077337610579757268e+02,2.000000000000000000e+01,1.573687999999999950e-06,0.000000000000000000e+00
2.639983322729934230e+02,2.077333454177270085e+02,2.000000000000000000e+01,1.321678000000000011e-06,0.000000000000000000e+00
2.644140786577875133e+02,2.077329296713422195e+02,2.000000000000000000e+01,1.338644999999999954e-06,0.000000000000000000e+00
2.648456429942748400e+02,2.077324981070057106e+02,2.000000000000000000e+01,1.450985999999999994e-06,0.000000000000000000e+00
2.652676305898681903e+02,2.077320761194101237e+02,2.000000000000000000e+01,1.481093999999999935e-06,0.000000000000000000e+00
2.656678722702225173e+02,2.077316758777297707e+02,2.000000000000000000e+01,1.531429000000000021e-06,0.000000000000000000e+00
2.660837465822345393e+02,2.077312600034177592e+02,2.000000000000000000e+01,1.606953000000000003e-06,0.000000000000000000e+00
2.664911156448304155e+02,2.077308526343551591e+02,2.000000000000000000e+01,1.546460999999999914e-06,0.000000000000000000e+00
2.669228301626545203e+02,2.077304209198373428e+02,2.000000000000000000e+01,1.458785999999999944e-06,0.000000000000000000e+00
2.673138496240457584e+02,2.077300299003759392e+02,2.000000000000000000e+01,1.461608999999999943e-06,0.000000000000000000e+00
2.677612012648564246e+02,2.077295825487351522e+02,2.000000000000000000e+01,1.424617999999999952e-06,0.000000000000000000e+00
2.681792570604606567e+02,2.077291644929395318e+02,2.000000000000000000e+01,1.475375000000000041e-06,0.000000000000000000e+00
2.685667481792880267e+02,2.077287770018207027e+02,2.000000000000000000e+01,1.593391000000000030e-06,0.000000000000000000e+00
2.689852924745174505e+02,2.077283584575254736e+02,2.000000000000000000e+01,1.513734000000000100e-06,0.000000000000000000e+00
2.694023427401399431e+02,2.077279414072598627e+02,2.000000000000000000e+01,1.470107000000000102e-06,0.000000000000000000e+00
2.698245889863370053e+02,2.077275191610136744e+02,2.000000000000000000e+01,1.486172999999999950e-06,0.000000000000000000e+00
2.702555390119039203e+02,2.077270882109880858e+02,2.000000000000000000e+01,1.372841999999999900e-06,0.000000000000000000e+00
2.706994858463659170e+02,2.077266442641536344e+02,2.000000000000000000e+01,1.435895999999999982e-06,0.000000000000000000e+00
2.711035225725190685e+02,2.077262402274274677e+02,2.000000000000000000e+01,1.367734999999999958e-06,0.000000000000000000e+00
2.715027971861001674e+02,2.077258409528139111e+02,2.000000000000000000e+01,1.412234000000000098e-06,0.000000000000000000e+00
2.719329601162387462e+02,2.077254107898837674e+02,2.000000000000000000e+01,1.404113999999999996e-06,0.000000000000000000e+00
2.723611061309302954e+02,2.077249826438690548e+02,2.000000000000000000e+01,1.529552000000000090e-06,0.000000000000000000e+00
2.727906087704021729e+02,2.077245531412295918e+02,2.000000000000000000e+01,1.354420000000000027e-06,0.000000000000000000e+00
2.731913645949957754e+02,2.077241523854050058e+02,2.000000000000000000e+01,1.299587999999999898e-06,0.000000000000000000e+00
2.736344244408513759e+02,2.077237093255591560e+02,2.000000000000000000e+01,1.556443999999999984e-06,0.000000000000000000e+00
2.740408769238109699e+02,2.077233028730761930e+02,2.000000000000000000e+01,1.690815999999999991e-06,0.000000000000000000e+00
2.744439578559671986e+02,2.077228997921440339e+02,2.000000000000000000e+01,1.443433999999999901e-06,0.000000000000000000e+00
2.748689176749364265e+02,2.077224748323250481e+02,2.000000000000000000e+01,1.468506999999999982e-06,0.000000000000000000e+00
2.752879017115593001e+02,2.077220558482884485e+02,2.000000000000000000e+01,1.432010000000000076e-06,0.000000000000000000e+00
2.757118777300076999e+02,2.077216318722699953e+02,2.000000000000000000e+01,1.509121000000000031e-06,0.000000000000000000e+00
2.760993622222811723e+02,2.077212443877777162e+02,2.000000000000000000e+01,1.537816999999999959e-06,0.000000000000000000e+00
2.765149160241730328e+02,2.077208288339758155e+02,2.000000000000000000e+01,1.398904999999999992e-06,0.000000000000000000e+00
2.769270096208973655e+02,2.077204167403791075e+02,2.000000000000000000e+01,1.395557999999999929e-06,0.000000000000000000e+00
2.773614041596488278e+02,2.077199823458403500e+02,2.000000000000000000e+01,1.589956999999999895e-06,0.000000000000000000e+00
2.777819523671141155e+02,2.077195617976328776e+02,2.000000000000000000e+01,1.509906999999999916e-06,0.000000000000000000e+00
2.781838811822236721e+02,2.077191598688177692e+02,2.000000000000000000e+01,1.543114000000000063e-06,0.000000000000000000e+00
2.786195857205714788e+02,2.077187241642794220e+02,2.000000000000000000e+01,1.508277000000000027e-06,0.000000000000000000e+00
0.000000000000000000e+00,2.079973437499999989e+02,2.500000000000000000e+01,2.280850000000000024e-05,0.000000000000000000e+00
2.850661046935091814e-01,2.079970586838953182e+02,2.500000000000000000e+01,-1.772422999999999962e-06,0.000000000000000000e+00
3.771812234704502997e-01,2.079969665687765144e+02,2.500000000000000000e+01,-8.311180999999999836e-07,0.000000000000000000e+00
4.693709499948139907e-01,2.079968743790500127e+02,2.500000000000000000e+01,-2.520246000000000133e-07,0.000000000000000000e+00
6.131389815225480877e-01,2.079967306110184779e+02,2.500000000000000000e+01,1.848093000000000004e-07,0.000000000000000000e+00
7.929612195163600052e-01,2.079965507887804677e+02,2.500000000000000000e+01,5.186447999999999856e-07,0.000000000000000000e+00
1.021807204716627560e+00,2.079963219427952765e+02,2.500000000000000000e+01,7.484486999999999514e-07,0.000000000000000000e+00
1.317235622245114479e+00,2.079960265143777463e+02,2.500000000000000000e+01,7.632624999999999831e-07,0.000000000000000000e+00
1.622063908950643230e+00,2.079957216860910592e+02,2.500000000000000000e+01,9.054056000000000325e-07,0.000000000000000000e+00
1.962976829551335012e+00,2.079953807731704387e+02,2.500000000000000000e+01,1.087376999999999957e-06,0.000000000000000000e+00
2.375898107709923934e+00,2.079949678518922838e+02,2.500000000000000000e+01,1.174820000000000087e-06,0.000000000000000000e+00
2.812231951112260209e+00,2.079945315180488876e+02,2.500000000000000000e+01,1.255960999999999900e-06,0.000000000000000000e+00
3.220803908246084202e+00,2.079941229460917498e+02,2.500000000000000000e+01,1.276566999999999919e-06,0.000000000000000000e+00
3.636236928749768005e+00,2.079937075130712572e+02,2.500000000000000000e+01,1.307402000000000023e-06,0.000000000000000000e+00
4.046366324463846809e+00,2.079932973836755252e+02,2.500000000000000000e+01,1.263265999999999951e-06,0.000000000000000000e+00
4.450615236502429184e+00,2.079928931347635057e+02,2.500000000000000000e+01,1.383640000000000020e-06,0.000000000000000000e+00
4.894466459600659292e+00,2.079924492835403953e+02,2.500000000000000000e+01,1.360283999999999901e-06,0.000000000000000000e+00
5.318537885572519386e+00,2.079920252121144131e+02,2.500000000000000000e+01,1.400389000000000087e-06,0.000000000000000000e+00
5.720380902990740424e+00,2.079916233690969989e+02,2.500000000000000000e+01,1.391367000000000074e-06,0.000000000000000000e+00
6.128529150961809613e+00,2.079912152208490284e+02,2.500000000000000000e+01,1.432198999999999999e-06,0.000000000000000000e+00
6.544391283314337393e+00,2.079907993587166857e+02,2.500000000000000000e+01,1.481646999999999953e-06,0.000000000000000000e+00
6.967170392435808601e+00,2.079903765796075561e+02,2.500000000000000000e+01,1.491236999999999975e-06,0.000000000000000000e+00
7.362721398582982246e+00,2.079899810286014201e+02,2.500000000000000000e+01,1.450432999999999975e-06,0.000000000000000000e+00
7.806005249454577744e+00,2.079895377447505496e+02,2.500000000000000000e+01,1.543215999999999914e-06,0.000000000000000000e+00
8.234075937913486243e+00,2.079891096740620924e+02,2.500000000000000000e+01,1.517516999999999916e-06,0.000000000000000000e+00
8.621524943981762945e+00,2.079887222250560228e+02,2.500000000000000000e+01,1.500928000000000031e-06,0.000000000000000000e+00
9.037099325106023429e+00,2.079883066506749003e+02,2.500000000000000000e+01,1.456966999999999920e-06,0.000000000000000000e+00
9.482300292277965781e+00,2.079878614497077081e+02,2.500000000000000000e+01,1.416221000000000039e-06,0.000000000000000000e+00
9.880495035244159396e+00,2.079874632549647515e+02,2.500000000000000000e+01,1.415261000000000010e-06,0.000000000000000000e+00
1.032178565385265934e+01,2.079870219643461553e+02,2.500000000000000000e+01,1.448351999999999919e-06,0.000000000000000000e+00
1.075257396976859958e+01,2.079865911760302311e+02,2.500000000000000000e+01,1.453940000000000008e-06,0.000000000000000000e+00
1.115144857654047073e+01,2.079861923014234435e+02,2.500000000000000000e+01,1.426219000000000100e-06,0.000000000000000000e+00
1.155595953811328869e+01,2.079857877904618988e+02,2.500000000000000000e+01,1.369829999999999978e-06,0.000000000000000000e+00
1.199911592433256935e+01,2.079853446340756591e+02,2.500000000000000000e+01,1.388413000000000059e-06,0.000000000000000000e+00
1.242353018062454062e+01,2.079849202198193723e+02,2.500000000000000000e+01,1.414272000000000026e-06,0.000000000000000000e+00
1.282243504915670584e+01,2.079845213149508538e+02,2.500000000000000000e+01,1.395645000000000001e-06,0.000000000000000000e+00
1.326909992239595759e+01,2.079840746500776163e+02,2.500000000000000000e+01,1.440711999999999938e-06,0.000000000000000000e+00
1.366971721546792828e+01,2.079836740327845348e+02,2.500000000000000000e+01,1.408086999999999975e-06,0.000000000000000000e+00
1.407599663647592081e+01,2.079832677533635206e+02,2.500000000000000000e+01,1.395659999999999992e-06,0.000000000000000000e+00
1.449301570775970482e+01,2.079828507342922421e+02,2.500000000000000000e+01,1.359032000000000069e-06,0.000000000000000000e+00
1.490938354238912034e+01,2.079824343664575963e+02,2.500000000000000000e+01,1.364459999999999977e-06,0.000000000000000000e+00
1.533190335496183287e+01,2.079820118466450367e+02,2.500000000000000000e+01,1.375462000000000012e-06,0.000000000000000000e+00
1.576169006872092559e+01,2.079815820599312701e+02,2.500000000000000000e+01,1.294741999999999961e-06,0.000000000000000000e+00
1.615301481264876671e+01,2.079811907351873401e+02,2.500000000000000000e+01,1.367109000000000043e-06,0.000000000000000000e+00
1.658659555374889649e+01,2.079807571544462519e+02,2.500000000000000000e+01,1.321678000000000011e-06,0.000000000000000000e+00
1.696696867052859403e+01,2.079803767813294826e+02,2.500000000000000000e+01,1.289954999999999959e-06,0.000000000000000000e+00
1.740905675200343339e+01,2.079799346932479978e+02,2.500000000000000000e+01,1.323714999999999912e-06,0.000000000000000000e+00
1.784823236992474804e+01,2.079794955176300846e+02,2.500000000000000000e+01,1.389664000000000075e-06,0.000000000000000000e+00
1.825600512284536947e+01,2.079790877448771482e+02,2.500000000000000000e+01,1.365668000000000076e-06,0.000000000000000000e+00
1.867279458905852252e+01,2.079786709554109336e+02,2.500000000000000000e+01,1.358057000000000049e-06,0.000000000000000000e+00
1.907921822638898846e+01,2.079782645317736183e+02,2.500000000000000000e+01,1.365144000000000012e-06,0.000000000000000000e+00
1.948033480212530577e+01,2.079778634151978736e+02,2.500000000000000000e+01,1.269799999999999896e-06,0.000000000000000000e+00
1.991129786766134657e+01,2.079774324521323479e+02,2.500000000000000000e+01,1.211258000000000059e-06,0.000000000000000000e+00
2.031912401988235928e+01,2.079770246259801070e+02,2.500000000000000000e+01,1.124644999999999970e-06,0.000000000000000000e+00
2.075008462816794008e+01,2.079765936653718370e+02,2.500000000000000000e+01,1.168256999999999977e-06,0.000000000000000000e+00
2.117383654663517589e+01,2.079761699134533615e+02,2.500000000000000000e+01,1.229317000000000075e-06,0.000000000000000000e+00
2.158892440221205078e+01,2.079757548255977895e+02,2.500000000000000000e+01,1.132254999999999970e-06,0.000000000000000000e+00
2.199687951342350800e+01,2.079753468704865611e+02,2.500000000000000000e+01,1.056862000000000004e-06,0.000000000000000000e+00
2.242772953521719614e+01,2.079749160204647751e+02,2.500000000000000000e+01,1.299398999999999974e-06,0.000000000000000000e+00
2.285844822998416959e+01,2.079744853017700166e+02,2.500000000000000000e+01,1.334526999999999996e-06,0.000000000000000000e+00
2.329332885116534513e+01,2.079740504211488314e+02,2.500000000000000000e+01,1.185485999999999952e-06,0.000000000000000000e+00
2.369724226335877759e+01,2.079736465077366461e+02,2.500000000000000000e+01,1.154752999999999911e-06,0.000000000000000000e+00
2.411583028549618746e+01,2.079732279197145033e+02,2.500000000000000000e+01,1.162886999999999976e-06,0.000000000000000000e+00
2.454394440288379897e+01,2.079727998055971057e+02,2.500000000000000000e+01,1.202658000000000048e-06,0.000000000000000000e+00
2.494874359826647137e+01,2.079723950064017401e+02,2.500000000000000000e+01,1.273321999999999919e-06,0.000000000000000000e+00
2.537464672290776946e+01,2.079719691032771038e+02,2.500000000000000000e+01,1.219058000000000010e-06,0.000000000000000000e+00
2.578277565683552908e+01,2.079715609743431628e+02,2.500000000000000000e+01,1.230583000000000081e-06,0.000000000000000000e+00
2.620579569857131830e+01,2.079711379543014402e+02,2.500000000000000000e+01,1.367879999999999938e-06,0.000000000000000000e+00
2.660883603416193566e+01,2.079707349139658277e+02,2.500000000000000000e+01,1.365566000000000014e-06,0.000000000000000000e+00
2.700886857336725910e+01,2.079703348814266235e+02,2.500000000000000000e+01,1.287641000000000035e-06,0.000000000000000000e+00
2.743831291379497017e+01,2.079699054370861973e+02,2.500000000000000000e+01,1.312713999999999905e-06,0.000000000000000000e+00
2.784662448057947159e+01,2.079694971255194105e+02,2.500000000000000000e+01,1.294800000000000080e-06,0.000000000000000000e+00
2.827989899530046003e+01,2.079690638510047052e+02,2.500000000000000000e+01,1.268882999999999994e-06,0.000000000000000000e+00
2.868526902797657741e+01,2.079686584809720102e+02,2.500000000000000000e+01,1.321678000000000011e-06,0.000000000000000000e+00
2.911407281787579038e+01,2.079682296771821086e+02,2.500000000000000000e+01,1.400374000000000096e-06,0.000000000000000000e+00
2.952939141177405702e+01,2.079678143585882140e+02,2.500000000000000000e+01,1.473861999999999993e-06,0.000000000000000000e+00
2.993789160821422257e+01,2.079674058583917713e+02,2.500000000000000000e+01,1.510575999999999960e-06,0.000000000000000000e+00
3.036298897738066671e+01,2.079669807610226258e+02,2.500000000000000000e+01,1.529115000000000097e-06,0.000000000000000000e+00
3.079792613846080940e+01,2.079665458238615372e+02,2.500000000000000000e+01,1.477878000000000100e-06,0.000000000000000000e+00
3.122192397414060494e+01,2.079661218260258693e+02,2.500000000000000000e+01,1.641092000000000042e-06,0.000000000000000000e+00
3.163242124635669938e+01,2.079657113287536276e+02,2.500000000000000000e+01,1.698965000000000046e-06,0.000000000000000000e+00
3.204911462199486039e+01,2.079652946353780010e+02,2.500000000000000000e+01,1.678126999999999976e-06,0.000000000000000000e+00
3.247079176456810501e+01,2.079648729582354179e+02,2.500000000000000000e+01,1.726046000000000076e-06,0.000000000000000000e+00
3.288896980203963949e+01,2.079644547801979684e+02,2.500000000000000000e+01,1.594889999999999904e-06,0.000000000000000000e+00
3.330968785860206793e+01,2.079640340621413941e+02,2.500000000000000000e+01,1.621622000000000040e-06,0.000000000000000000e+00
3.373802725517533929e+01,2.079636057227448305e+02,2.500000000000000000e+01,1.681605000000000055e-06,0.000000000000000000e+00
3.414842155204718921e+01,2.079631953284479380e+02,2.500000000000000000e+01,1.643464000000000084e-06,0.000000000000000000e+00
3.456230408549822641e+01,2.079627814459144872e+02,2.500000000000000000e+01,1.514738000000000074e-06,0.000000000000000000e+00
3.498629710059877596e+01,2.079623574528993970e+02,2.500000000000000000e+01,1.636465000000000010e-06,0.000000000000000000e+00
3.538501758251825180e+01,2.079619587324174859e+02,2.500000000000000000e+01,1.557943000000000069e-06,0.000000000000000000e+00
3.582637071900414583e+01,2.079615173792809912e+02,2.500000000000000000e+01,1.648121000000000098e-06,0.000000000000000000e+00
3.623277526276866922e+01,2.079611109747372382e+02,2.500000000000000000e+01,1.581196999999999915e-06,0.000000000000000000e+00
3.664595759599225744e+01,2.079606977924040052e+02,2.500000000000000000e+01,1.595849999999999933e-06,0.000000000000000000e+00
3.705537819656488097e+01,2.079602883718034434e+02,2.500000000000000000e+01,1.448105000000000088e-06,0.000000000000000000e+00
3.745835994725656093e+01,2.079598853900527331e+02,2.500000000000000000e+01,1.575565000000000093e-06,0.000000000000000000e+00
3.790319044748204647e+01,2.079594405595525188e+02,2.500000000000000000e+01,1.466003999999999923e-06,0.000000000000000000e+00
3.829732516510159712e+01,2.079590464248348951e+02,2.500000000000000000e+01,1.387917999999999948e-06,0.000000000000000000e+00
3.872327854279428294e+01,2.079586204714572091e+02,2.500000000000000000e+01,1.591207999999999911e-06,0.000000000000000000e+00
3.913599138408154232e+01,2.079582077586159130e+02,2.500000000000000000e+01,1.467284000000000104e-06,0.000000000000000000e+00
3.954861099968987759e+01,2.079577951390002966e+02,2.500000000000000000e+01,1.337407999999999901e-06,0.000000000000000000e+00
3.997217347099236662e+01,2.079573715765289990e+02,2.500000000000000000e+01,1.456660999999999944e-06,0.000000000000000000e+00
4.039226290153668941e+01,2.079569514870984506e+02,2.500000000000000000e+01,1.501437999999999922e-06,0.000000000000000000e+00
4.081312115547266473e+01,2.079565306288445186e+02,2.500000000000000000e+01,1.510067000000000098e-06,0.000000000000000000e+00
4.124274517472434098e+01,2.079561010048252854e+02,2.500000000000000000e+01,1.474793000000000069e-06,0.000000000000000000e+00
4.164259395577183653e+01,2.079557011560442277e+02,2.500000000000000000e+01,1.600331999999999986e-06,0.000000000000000000e+00
4.204617818744699065e+01,2.079552975718125651e+02,2.500000000000000000e+01,1.468680999999999915e-06,0.000000000000000000e+00
4.249039892172999799e+01,2.079548533510782704e+02,2.500000000000000000e+01,1.411782999999999930e-06,0.000000000000000000e+00
4.291434190815621008e+01,2.079544294080918405e+02,2.500000000000000000e+01,1.485750999999999948e-06,0.000000000000000000e+00
4.335266280132723438e+01,2.079539910871986592e+02,2.500000000000000000e+01,1.553052999999999977e-06,0.000000000000000000e+00
4.378047726865730738e+01,2.079535632727313441e+02,2.500000000000000000e+01,1.481458000000000030e-06,0.000000000000000000e+00
4.417810577125136007e+01,2.079531656442287328e+02,2.500000000000000000e+01,1.590174999999999984e-06,0.000000000000000000e+00
4.459351022509675033e+01,2.079527502397749004e+02,2.500000000000000000e+01,1.591412000000000036e-06,0.000000000000000000e+00
4.498593712977100267e+01,2.079523578128702184e+02,2.500000000000000000e+01,1.548250999999999985e-06,0.000000000000000000e+00
4.543189263560676494e+01,2.079519118573643937e+02,2.500000000000000000e+01,1.506021000000000010e-06,0.000000000000000000e+00
4.583815752798982146e+01,2.079515055924720173e+02,2.500000000000000000e+01,1.380714999999999960e-06,0.000000000000000000e+00
4.625440279701327739e+01,2.079510893472029807e+02,2.500000000000000000e+01,1.160137000000000087e-06,0.000000000000000000e+00
4.666206395801435747e+01,2.079506816860419747e+02,2.500000000000000000e+01,1.362845000000000078e-06,0.000000000000000000e+00
4.707710710923448261e+01,2.079502666428907673e+02,2.500000000000000000e+01,1.482549000000000076e-06,0.000000000000000000e+00
4.750113238572868113e+01,2.079498426176142800e+02,2.500000000000000000e+01,1.462728999999999942e-06,0.000000000000000000e+00
4.791636890332584642e+01,2.079494273810966831e+02,2.500000000000000000e+01,1.260094000000000060e-06,0.000000000000000000e+00
4.833969154258203105e+01,2.079490040584574047e+02,2.500000000000000000e+01,1.398249999999999911e-06,0.000000000000000000e+00
4.876877397053853258e+01,2.079485749760294482e+02,2.500000000000000000e+01,1.438631000000000092e-06,0.000000000000000000e+00
4.916265790288380089e+01,2.079481810920971157e+02,2.500000000000000000e+01,1.306310999999999977e-06,0.000000000000000000e+00
4.957845538207072167e+01,2.079477652946179376e+02,2.500000000000000000e+01,1.396357999999999989e-06,0.000000000000000000e+00
5.001968240349245320e+01,2.079473240675964973e+02,2.500000000000000000e+01,1.358610000000000067e-06,0.000000000000000000e+00
5.041147571119592641e+01,2.079469322742887982e+02,2.500000000000000000e+01,1.371139999999999928e-06,0.000000000000000000e+00
5.084256181607386083e+01,2.079465011881839303e+02,2.500000000000000000e+01,1.452411999999999969e-06,0.000000000000000000e+00
5.128770935872135084e+01,2.079460560406412810e+02,2.500000000000000000e+01,1.452018999999999921e-06,0.000000000000000000e+00
5.171160360644613974e+01,2.079456321463935637e+02,2.500000000000000000e+01,1.426801000000000072e-06,0.000000000000000000e+00
5.211424068932942788e+01,2.079452295093106784e+02,2.500000000000000000e+01,1.309540999999999987e-06,0.000000000000000000e+00
5.251428620695504179e+01,2.079448294637930417e+02,2.500000000000000000e+01,1.258449999999999996e-06,0.000000000000000000e+00
5.294247273613672178e+01,2.079444012772638644e+02,2.500000000000000000e+01,1.277178000000000056e-06,0.000000000000000000e+00
5.338571348400486727e+01,2.079439580365159941e+02,2.500000000000000000e+01,1.256994000000000039e-06,0.000000000000000000e+00
5.378430485496183167e+01,2.079435594451450413e+02,2.500000000000000000e+01,1.333435999999999950e-06,0.000000000000000000e+00
5.420819763385657808e+01,2.079431355523661296e+02,2.500000000000000000e+01,1.053995000000000062e-06,0.000000000000000000e+00
5.462017396317581586e+01,2.079427235760368262e+02,2.500000000000000000e+01,1.265928999999999980e-06,0.000000000000000000e+00
5.503412006658184907e+01,2.079423096299334190e+02,2.500000000000000000e+01,1.181833999999999940e-06,0.000000000000000000e+00
5.545881449268070895e+01,2.079418849355073178e+02,2.500000000000000000e+01,1.221400000000000071e-06,0.000000000000000000e+00
5.586710585885924729e+01,2.079414766441411473e+02,2.500000000000000000e+01,1.153778000000000103e-06,0.000000000000000000e+00
5.629779716261114686e+01,2.079410459528373849e+02,2.500000000000000000e+01,1.204331000000000066e-06,0.000000000000000000e+00
5.670139913490302774e+01,2.079406423508650903e+02,2.500000000000000000e+01,1.249441999999999946e-06,0.000000000000000000e+00
5.711187266926440742e+01,2.079402318773307456e+02,2.500000000000000000e+01,1.301537999999999938e-06,0.000000000000000000e+00
5.752750431722638780e+01,2.079398162456827777e+02,2.500000000000000000e+01,1.261098000000000034e-06,0.000000000000000000e+00
5.793616731962944044e+01,2.079394075826803601e+02,2.500000000000000000e+01,1.102903999999999961e-06,0.000000000000000000e+00
5.837234266603052646e+01,2.079389714073339803e+02,2.500000000000000000e+01,9.430078000000000382e-07,0.000000000000000000e+00
5.878856868592330898e+01,2.079385551813140864e+02,2.500000000000000000e+01,1.085922000000000028e-06,0.000000000000000000e+00
5.918924989954143712e+01,2.079381545001004667e+02,2.500000000000000000e+01,1.021239000000000083e-06,0.000000000000000000e+00
5.963265584944868181e+01,2.079377110941505578e+02,2.500000000000000000e+01,9.765207999999999492e-07,0.000000000000000000e+00
6.001833550265989459e+01,2.079373254144973373e+02,2.500000000000000000e+01,1.076957999999999922e-06,0.000000000000000000e+00
6.044205336005151707e+01,2.079369016966399499e+02,2.500000000000000000e+01,9.687354999999999596e-07,0.000000000000000000e+00
6.087824156006158915e+01,2.079364655084399374e+02,2.500000000000000000e+01,7.249763999999999881e-07,0.000000000000000000e+00
6.128637120478844480e+01,2.079360573787951978e+02,2.500000000000000000e+01,9.429496000000000410e-07,0.000000000000000000e+00
6.171008486102790869e+01,2.079356336651389654e+02,2.500000000000000000e+01,9.212234999999999772e-07,0.000000000000000000e+00
6.212527112694500175e+01,2.079352184788730540e+02,2.500000000000000000e+01,8.743518000000000089e-07,0.000000000000000000e+00
6.256818029061415132e+01,2.079347755697093874e+02,2.500000000000000000e+01,7.583730999999999499e-07,0.000000000000000000e+00
6.298650457409296166e+01,2.079343572454259004e+02,2.500000000000000000e+01,6.042536999999999496e-07,0.000000000000000000e+00
6.338424151148643659e+01,2.079339595084884991e+02,2.500000000000000000e+01,7.051131000000000143e-07,0.000000000000000000e+00
6.382564538925636555e+01,2.079335181046107550e+02,2.500000000000000000e+01,6.501796000000000472e-07,0.000000000000000000e+00
6.425638923686835824e+01,2.079330873607631247e+02,2.500000000000000000e+01,7.280905000000000173e-07,0.000000000000000000e+00
6.465614775267175673e+01,2.079326876022473130e+02,2.500000000000000000e+01,7.110647999999999577e-07,0.000000000000000000e+00
6.506159642451230241e+01,2.079322821535754997e+02,2.500000000000000000e+01,5.480396999999999996e-07,0.000000000000000000e+00
6.548123243062242693e+01,2.079318625175693853e+02,2.500000000000000000e+01,6.545305999999999781e-07,0.000000000000000000e+00
6.588921759993060334e+01,2.079314545324000676e+02,2.500000000000000000e+01,6.720074000000000383e-07,0.000000000000000000e+00
6.632711101390778197e+01,2.079310166389860797e+02,2.500000000000000000e+01,6.161425999999999655e-07,0.000000000000000000e+00
6.672816714187811726e+01,2.079306155828581097e+02,2.500000000000000000e+01,5.932233999999999597e-07,0.000000000000000000e+00
6.715004641904624805e+01,2.079301937035809544e+02,2.500000000000000000e+01,7.069319999999999936e-07,0.000000000000000000e+00
6.756708102795428772e+01,2.079297766689720390e+02,2.500000000000000000e+01,4.579778999999999812e-07,0.000000000000000000e+00
6.797253156611560598e+01,2.079293712184338858e+02,2.500000000000000000e+01,5.491602000000000128e-07,0.000000000000000000e+00
6.840597170028843266e+01,2.079289377782997121e+02,2.500000000000000000e+01,7.141060999999999678e-07,0.000000000000000000e+00
6.881374292259981473e+01,2.079285300070773985e+02,2.500000000000000000e+01,6.870831999999999966e-07,0.000000000000000000e+00
6.924308820016963750e+01,2.079281006617998173e+02,2.500000000000000000e+01,6.707996000000000293e-07,0.000000000000000000e+00
6.965835764985288847e+01,2.079276853923501562e+02,2.500000000000000000e+01,6.865303000000000234e-07,0.000000000000000000e+00
7.006651293549619197e+01,2.079272772370645157e+02,2.500000000000000000e+01,5.821202999999999507e-07,0.000000000000000000e+00
7.046827820949903298e+01,2.079268754717905097e+02,2.500000000000000000e+01,5.424081000000000407e-07,0.000000000000000000e+00
7.089895438572141018e+01,2.079264447956142874e+02,2.500000000000000000e+01,5.865876999999999818e-07,0.000000000000000000e+00
7.133739085190839546e+01,2.079260063591480900e+02,2.500000000000000000e+01,6.264307999999999689e-07,0.000000000000000000e+00
7.176117987318400537e+01,2.079255825701268066e+02,2.500000000000000000e+01,6.138870999999999623e-07,0.000000000000000000e+00
7.216840684504782644e+01,2.079251753431549616e+02,2.500000000000000000e+01,6.774208000000000304e-07,0.000000000000000000e+00
7.259937580152671899e+01,2.079247443741984682e+02,2.500000000000000000e+01,8.576462000000000396e-07,0.000000000000000000e+00
7.300881468232300620e+01,2.079243349353176882e+02,2.500000000000000000e+01,6.869668000000000022e-07,0.000000000000000000e+00
7.343795568710285693e+01,2.079239057943129012e+02,2.500000000000000000e+01,6.844783999999999652e-07,0.000000000000000000e+00
7.386890147987509181e+01,2.079234748485201294e+02,2.500000000000000000e+01,6.428744999999999509e-07,0.000000000000000000e+00
7.425480562074477575e+01,2.079230889443792591e+02,2.500000000000000000e+01,7.516500999999999763e-07,0.000000000000000000e+00
7.469866567752538344e+01,2.079226450843224825e+02,2.500000000000000000e+01,7.179187000000000082e-07,0.000000000000000000e+00
7.511374135079117309e+01,2.079222300086491941e+02,2.500000000000000000e+01,6.424233999999999502e-07,0.000000000000000000e+00
7.550137084167836576e+01,2.079218423791583064e+02,2.500000000000000000e+01,5.290349000000000066e-07,0.000000000000000000e+00
7.593188409715475018e+01,2.079214118659028543e+02,2.500000000000000000e+01,6.184855000000000096e-07,0.000000000000000000e+00
7.636280825104638836e+01,2.079209809417489510e+02,2.500000000000000000e+01,7.231137999999999883e-07,0.000000000000000000e+00
7.677080190535674831e+01,2.079205729480946445e+02,2.500000000000000000e+01,7.845955999999999983e-07,0.000000000000000000e+00
7.719081155671004524e+01,2.079201529384432945e+02,2.500000000000000000e+01,7.307826000000000444e-07,0.000000000000000000e+00
7.759539181068250002e+01,2.079197483581893096e+02,2.500000000000000000e+01,8.046045000000000101e-07,0.000000000000000000e+00
7.799494024558131855e+01,2.079193488097544105e+02,2.500000000000000000e+01,7.587659999999999534e-07,0.000000000000000000e+00
7.842579604667099602e+01,2.079189179539533257e+02,2.500000000000000000e+01,7.733178999999999978e-07,0.000000000000000000e+00
7.883010323732990798e+01,2.079185136467626762e+02,2.500000000000000000e+01,6.932531999999999519e-07,0.000000000000000000e+00
7.925354067251909385e+01,2.079180902093274881e+02,2.500000000000000000e+01,8.660427000000000447e-07,0.000000000000000000e+00
7.969755937466536011e+01,2.079176461906253337e+02,2.500000000000000000e+01,7.998605999999999698e-07,0.000000000000000000e+00
8.009276900279759559e+01,2.079172509809972098e+02,2.500000000000000000e+01,7.837953000000000146e-07,0.000000000000000000e+00
8.050109832315520464e+01,2.079168426516768307e+02,2.500000000000000000e+01,7.509515999999999651e-07,0.000000000000000000e+00
8.093181885693218192e+01,2.079164119311430738e+02,2.500000000000000000e+01,7.427588999999999953e-07,0.000000000000000000e+00
8.136238308115376583e+01,2.079159813669188566e+02,2.500000000000000000e+01,6.565970000000000130e-07,0.000000000000000000e+00
8.177035110685086750e+01,2.079155733988931445e+02,2.500000000000000000e+01,7.310590999999999476e-07,0.000000000000000000e+00
8.218992097754923520e+01,2.079151538290224437e+02,2.500000000000000000e+01,7.211492999999999710e-07,0.000000000000000000e+00
8.260552413581784492e+01,2.079147382258641699e+02,2.500000000000000000e+01,8.409987999999999616e-07,0.000000000000000000e+00
8.302070983842239116e+01,2.079143230401615767e+02,2.500000000000000000e+01,6.617628999999999495e-07,0.000000000000000000e+00
8.346740181779145473e+01,2.079138763481822139e+02,2.500000000000000000e+01,6.061745999999999916e-07,0.000000000000000000e+00
8.389106489614667339e+01,2.079134526851038629e+02,2.500000000000000000e+01,8.864590000000000367e-07,0.000000000000000000e+00
8.428971688091603198e+01,2.079130540331190957e+02,2.500000000000000000e+01,6.586342000000000043e-07,0.000000000000000000e+00
8.471372989393830721e+01,2.079126300201060644e+02,2.500000000000000000e+01,7.123016999999999652e-07,0.000000000000000000e+00
8.515263674715721720e+01,2.079121911132528453e+02,2.500000000000000000e+01,7.101480000000000404e-07,0.000000000000000000e+00
8.555582816985469208e+01,2.079117879218301539e+02,2.500000000000000000e+01,6.658229000000000004e-07,0.000000000000000000e+00
8.596000794141082224e+01,2.079113837420585753e+02,2.500000000000000000e+01,6.353365999999999718e-07,0.000000000000000000e+00
8.638357650946184663e+01,2.079109601734905368e+02,2.500000000000000000e+01,6.367335999999999941e-07,0.000000000000000000e+00
8.678263721062047864e+01,2.079105611127893667e+02,2.500000000000000000e+01,6.795308000000000407e-07,0.000000000000000000e+00
8.720645512536080446e+01,2.079101372948746302e+02,2.500000000000000000e+01,7.798516999999999580e-07,0.000000000000000000e+00
8.764474436938083102e+01,2.079096990056306140e+02,2.500000000000000000e+01,7.423368999999999932e-07,0.000000000000000000e+00
8.802919041580190651e+01,2.079093145595842032e+02,2.500000000000000000e+01,7.806956999999999621e-07,0.000000000000000000e+00
8.845280821584483988e+01,2.079088909417841649e+02,2.500000000000000000e+01,8.261122000000000168e-07,0.000000000000000000e+00
8.888790741013184515e+01,2.079084558425898592e+02,2.500000000000000000e+01,7.271738000000000392e-07,0.000000000000000000e+00
8.927571264276342333e+01,2.079080680373572250e+02,2.500000000000000000e+01,7.874041000000000197e-07,0.000000000000000000e+00
8.972147885683993707e+01,2.079076222711431683e+02,2.500000000000000000e+01,6.620975999999999558e-07,0.000000000000000000e+00
9.013669590542832566e+01,2.079072070540945560e+02,2.500000000000000000e+01,8.671340999999999535e-07,0.000000000000000000e+00
9.055210150396267466e+01,2.079067916484960392e+02,2.500000000000000000e+01,8.306960999999999815e-07,0.000000000000000000e+00
9.095486152889489517e+01,2.079063888884710991e+02,2.500000000000000000e+01,7.893977000000000357e-07,0.000000000000000000e+00
9.138147348962286287e+01,2.079059622765103654e+02,2.500000000000000000e+01,8.006754999999999754e-07,0.000000000000000000e+00
9.181210587781461641e+01,2.079055316441221919e+02,2.500000000000000000e+01,7.544439999999999759e-07,0.000000000000000000e+00
9.224130586783391550e+01,2.079051024441321545e+02,2.500000000000000000e+01,8.165953000000000436e-07,0.000000000000000000e+00
9.266592481042009410e+01,2.079046778251895660e+02,2.500000000000000000e+01,1.013235000000000007e-06,0.000000000000000000e+00
9.308160685892735842e+01,2.079042621431410680e+02,2.500000000000000000e+01,9.022770000000000266e-07,0.000000000000000000e+00
9.348855435267175551e+01,2.079038551956473384e+02,2.500000000000000000e+01,8.684728999999999787e-07,0.000000000000000000e+00
9.391264715207900338e+01,2.079034311028479181e+02,2.500000000000000000e+01,7.450581000000000189e-07,0.000000000000000000e+00
9.435169604545554023e+01,2.079029920539545344e+02,2.500000000000000000e+01,9.606446999999999014e-07,0.000000000000000000e+00
9.473718888560213713e+01,2.079026065611143963e+02,2.500000000000000000e+01,9.649228999999999192e-07,0.000000000000000000e+00
9.517730666143610563e+01,2.079021664433385581e+02,2.500000000000000000e+01,7.831840999999999992e-07,0.000000000000000000e+00
9.557592415128384289e+01,2.079017678258487081e+02,2.500000000000000000e+01,9.572685999999999457e-07,0.000000000000000000e+00
9.598207976984184597e+01,2.079013616702301590e+02,2.500000000000000000e+01,9.192444999999999831e-07,0.000000000000000000e+00
9.641422878507916039e+01,2.079009295212149198e+02,2.500000000000000000e+01,1.044317999999999968e-06,0.000000000000000000e+00
9.683693286800256317e+01,2.079005068171319976e+02,2.500000000000000000e+01,9.563955000000000489e-07,0.000000000000000000e+00
9.722833280297717806e+01,2.079001154171970143e+02,2.500000000000000000e+01,1.028514999999999969e-06,0.000000000000000000e+00
9.766911024460584656e+01,2.078996746397554034e+02,2.500000000000000000e+01,1.043226999999999922e-06,0.000000000000000000e+00
9.806899402259763576e+01,2.078992747559773875e+02,2.500000000000000000e+01,9.706418000000000856e-07,0.000000000000000000e+00
9.847486099382139457e+01,2.078988688890061667e+02,2.500000000000000000e+01,9.929063000000000399e-07,0.000000000000000000e+00
9.890795634127087510e+01,2.078984357936587344e+02,2.500000000000000000e+01,9.788781999999999701e-07,0.000000000000000000e+00
9.933854094448300032e+01,2.078980052090555262e+02,2.500000000000000000e+01,9.744545000000000652e-07,0.000000000000000000e+00
9.974638381717120694e+01,2.078975973661828220e+02,2.500000000000000000e+01,1.016044000000000042e-06,0.000000000000000000e+00
1.001613350226627972e+02,2.078971824149773227e+02,2.500000000000000000e+01,1.012987999999999965e-06,0.000000000000000000e+00
1.005765814584393638e+02,2.078967671685415723e+02,2.500000000000000000e+01,1.081789000000000079e-06,0.000000000000000000e+00
1.009733429967994027e+02,2.078963704070031895e+02,2.500000000000000000e+01,9.193462999999999556e-07,0.000000000000000000e+00
1.014016827401110419e+02,2.078959420672598810e+02,2.500000000000000000e+01,8.619680999999999719e-07,0.000000000000000000e+00
1.018326744598035134e+02,2.078955110755401847e+02,2.500000000000000000e+01,9.182403999999999642e-07,0.000000000000000000e+00
1.022650601897945961e+02,2.078950786898101910e+02,2.500000000000000000e+01,9.877402999999999525e-07,0.000000000000000000e+00
1.026887075058924808e+02,2.078946550424940938e+02,2.500000000000000000e+01,1.076158000000000073e-06,0.000000000000000000e+00
1.031249957808466036e+02,2.078942187542191391e+02,2.500000000000000000e+01,1.043460000000000001e-06,0.000000000000000000e+00
1.035331944134805155e+02,2.078938105555865263e+02,2.500000000000000000e+01,1.116014999999999978e-06,0.000000000000000000e+00
1.039355269412213545e+02,2.078934082230587705e+02,2.500000000000000000e+01,1.107081000000000065e-06,0.000000000000000000e+00
1.043720396053002446e+02,2.078929717103947041e+02,2.500000000000000000e+01,1.052584000000000077e-06,0.000000000000000000e+00
1.048026025330730846e+02,2.078925411474669147e+02,2.500000000000000000e+01,1.224441999999999974e-06,0.000000000000000000e+00
1.051877544784871645e+02,2.078921559955215059e+02,2.500000000000000000e+01,1.301145000000000101e-06,0.000000000000000000e+00
1.056173295899488380e+02,2.078917264204100377e+02,2.500000000000000000e+01,1.240769000000000038e-06,0.000000000000000000e+00
1.060266492226150064e+02,2.078913171007773713e+02,2.500000000000000000e+01,1.295557000000000012e-06,0.000000000000000000e+00
1.064282023187022759e+02,2.078909155476812884e+02,2.500000000000000000e+01,1.386083999999999933e-06,0.000000000000000000e+00
1.068653149931901964e+02,2.078904784350067985e+02,2.500000000000000000e+01,1.240433999999999896e-06,0.000000000000000000e+00
1.072507667416030586e+02,2.078900929832583984e+02,2.500000000000000000e+01,1.319858999999999987e-06,0.000000000000000000e+00
1.076941714159090395e+02,2.078896495785840841e+02,2.500000000000000000e+01,1.292850000000000039e-06,0.000000000000000000e+00
1.081096078114878054e+02,2.078892341421885135e+02,2.500000000000000000e+01,1.343797000000000079e-06,0.000000000000000000e+00
1.084980167493936847e+02,2.078888457332506050e+02,2.500000000000000000e+01,1.305451999999999982e-06,0.000000000000000000e+00
1.089287778980698391e+02,2.078884149721019412e+02,2.500000000000000000e+01,1.300476000000000057e-06,0.000000000000000000e+00
1.093595458919563583e+02,2.078879842041080508e+02,2.500000000000000000e+01,1.267283000000000086e-06,0.000000000000000000e+00
1.097903114670368012e+02,2.078875534385329615e+02,2.500000000000000000e+01,1.252977999999999932e-06,0.000000000000000000e+00
1.101932550833750781e+02,2.078871504949166251e+02,2.500000000000000000e+01,1.237771000000000079e-06,0.000000000000000000e+00
1.106024974962228384e+02,2.078867412525037821e+02,2.500000000000000000e+01,1.282052999999999946e-06,0.000000000000000000e+00
1.110179060980199779e+02,2.078863258439019717e+02,2.500000000000000000e+01,1.277192000000000019e-06,0.000000000000000000e+00
1.114648088849447589e+02,2.078858789411150667e+02,2.500000000000000000e+01,1.327759999999999973e-06,0.000000000000000000e+00
1.118886267996850989e+02,2.078854551232003018e+02,2.500000000000000000e+01,1.389810000000000082e-06,0.000000000000000000e+00
1.122871930874046029e+02,2.078850565569125877e+02,2.500000000000000000e+01,1.551336000000000015e-06,0.000000000000000000e+00
1.127111309972088975e+02,2.078846326190027867e+02,2.500000000000000000e+01,1.494729000000000017e-06,0.000000000000000000e+00
1.131501103956317564e+02,2.078841936396043764e+02,2.500000000000000000e+01,1.544700000000000008e-06,0.000000000000000000e+00
1.135536289343540375e+02,2.078837901210656582e+02,2.500000000000000000e+01,1.323642000000000015e-06,0.000000000000000000e+00
1.139579343457620837e+02,2.078833858156542362e+02,2.500000000000000000e+01,1.364503999999999921e-06,0.000000000000000000e+00
1.143923885868448025e+02,2.078829513614131486e+02,2.500000000000000000e+01,1.313411999999999903e-06,0.000000000000000000e+00
1.148231496144520776e+02,2.078825206003855328e+02,2.500000000000000000e+01,1.230800999999999958e-06,0.000000000000000000e+00
1.152295376878667952e+02,2.078821142123121319e+02,2.500000000000000000e+01,1.362204999999999988e-06,0.000000000000000000e+00
1.156426138138252639e+02,2.078817011361861660e+02,2.500000000000000000e+01,1.427862999999999953e-06,0.000000000000000000e+00
1.160521424308786038e+02,2.078812916075691248e+02,2.500000000000000000e+01,1.602470999999999950e-06,0.000000000000000000e+00
1.164558273751599415e+02,2.078808879226248507e+02,2.500000000000000000e+01,1.467662999999999978e-06,0.000000000000000000e+00
1.168867273008327601e+02,2.078804570226991757e+02,2.500000000000000000e+01,1.557812000000000053e-06,0.000000000000000000e+00
1.173178793500759269e+02,2.078800258706499164e+02,2.500000000000000000e+01,1.624692000000000080e-06,0.000000000000000000e+00
1.177234640956129539e+02,2.078796202859043944e+02,2.500000000000000000e+01,1.388107000000000083e-06,0.000000000000000000e+00
1.181360873409669239e+02,2.078792076626590415e+02,2.500000000000000000e+01,1.665960999999999998e-06,0.000000000000000000e+00
1.185464685798802407e+02,2.078787972814201055e+02,2.500000000000000000e+01,1.583903000000000071e-06,0.000000000000000000e+00
1.189504235436998414e+02,2.078783933264562904e+02,2.500000000000000000e+01,1.578373000000000101e-06,0.000000000000000000e+00
1.193810921067013595e+02,2.078779626578933062e+02,2.500000000000000000e+01,1.682972999999999912e-06,0.000000000000000000e+00
1.198065588969465551e+02,2.078775371911030447e+02,2.500000000000000000e+01,1.565363999999999934e-06,0.000000000000000000e+00
1.202127650244393635e+02,2.078771309849755653e+02,2.500000000000000000e+01,1.620734000000000092e-06,0.000000000000000000e+00
1.206281123990775797e+02,2.078767156376009098e+02,2.500000000000000000e+01,1.673674000000000088e-06,0.000000000000000000e+00
1.210643444937140600e+02,2.078762794055062955e+02,2.500000000000000000e+01,1.710403000000000046e-06,0.000000000000000000e+00
1.214882374514659205e+02,2.078758555125485259e+02,2.500000000000000000e+01,1.666397999999999991e-06,0.000000000000000000e+00
1.218743448322526177e+02,2.078754694051677347e+02,2.500000000000000000e+01,1.720968000000000088e-06,0.000000000000000000e+00
1.223103723978148452e+02,2.078750333776021932e+02,2.500000000000000000e+01,1.792403000000000066e-06,0.000000000000000000e+00
1.227583551724496829e+02,2.078745853948275624e+02,2.500000000000000000e+01,1.848763000000000022e-06,0.000000000000000000e+00
1.231756697109232164e+02,2.078741680802890812e+02,2.500000000000000000e+01,1.798994999999999917e-06,0.000000000000000000e+00
1.235910807269257248e+02,2.078737526692730739e+02,2.500000000000000000e+01,1.848529999999999943e-06,0.000000000000000000e+00
1.240065767480916037e+02,2.078733371732519117e+02,2.500000000000000000e+01,1.820444999999999940e-06,0.000000000000000000e+00
1.244207550395006336e+02,2.078729229949605042e+02,2.500000000000000000e+01,1.645384999999999960e-06,0.000000000000000000e+00
1.248442262842272044e+02,2.078724995237157600e+02,2.500000000000000000e+01,1.769266000000000062e-06,0.000000000000000000e+00
1.252747371690052347e+02,2.078720690128309911e+02,2.500000000000000000e+01,1.747816000000000038e-06,0.000000000000000000e+00
1.256761075074192462e+02,2.078716676424925822e+02,2.500000000000000000e+01,1.705630000000000007e-06,0.000000000000000000e+00
1.260833331581848995e+02,2.078712604168418068e+02,2.500000000000000000e+01,1.703941999999999999e-06,0.000000000000000000e+00
1.264986712980416854e+02,2.078708450787019615e+02,2.500000000000000000e+01,1.828084000000000106e-06,0.000000000000000000e+00
1.269068257036779954e+02,2.078704369242963139e+02,2.500000000000000000e+01,1.653591999999999922e-06,0.000000000000000000e+00
1.273375692911732955e+02,2.078700061807088275e+02,2.500000000000000000e+01,1.584397999999999971e-06,0.000000000000000000e+00
1.277453418843511628e+02,2.078695984081156496e+02,2.500000000000000000e+01,1.628446999999999971e-06,0.000000000000000000e+00
1.281601216054284862e+02,2.078691836283945804e+02,2.500000000000000000e+01,1.716790999999999984e-06,0.000000000000000000e+00
1.285791266627890934e+02,2.078687646233371993e+02,2.500000000000000000e+01,1.880136999999999970e-06,0.000000000000000000e+00
1.289804986715438702e+02,2.078683632513284465e+02,2.500000000000000000e+01,1.945402000000000098e-06,0.000000000000000000e+00
1.294092652547114710e+02,2.078679344847452910e+02,2.500000000000000000e+01,1.926265999999999998e-06,0.000000000000000000e+00
1.298400717628331620e+02,2.078675036782371706e+02,2.500000000000000000e+01,1.941327000000000056e-06,0.000000000000000000e+00
1.302706108095682112e+02,2.078670731391904383e+02,2.500000000000000000e+01,1.851206999999999935e-06,0.000000000000000000e+00
1.306629366121439091e+02,2.078666808133878590e+02,2.500000000000000000e+01,1.840541000000000070e-06,0.000000000000000000e+00
1.310920141314178125e+02,2.078662517358685875e+02,2.500000000000000000e+01,1.733541000000000078e-06,0.000000000000000000e+00
1.315078396399395615e+02,2.078658359103600617e+02,2.500000000000000000e+01,1.799940999999999984e-06,0.000000000000000000e+00
1.319562194496183167e+02,2.078653875305503789e+02,2.500000000000000000e+01,1.744716000000000017e-06,0.000000000000000000e+00
1.323456025889394994e+02,2.078649981474110575e+02,2.500000000000000000e+01,1.855486000000000102e-06,0.000000000000000000e+00
1.327791590786259519e+02,2.078645645909213613e+02,2.500000000000000000e+01,2.028493000000000163e-06,0.000000000000000000e+00
1.332253301802952876e+02,2.078641184198197038e+02,2.500000000000000000e+01,1.959939000000000091e-06,0.000000000000000000e+00
1.336262281517208521e+02,2.078637175218482867e+02,2.500000000000000000e+01,1.964872000000000099e-06,0.000000000000000000e+00
1.340375134313659942e+02,2.078633062365686328e+02,2.500000000000000000e+01,1.993771999999999941e-06,0.000000000000000000e+00
1.344613864437605741e+02,2.078628823635562242e+02,2.500000000000000000e+01,1.807406000000000005e-06,0.000000000000000000e+00
1.348601985044250000e+02,2.078624835514955862e+02,2.500000000000000000e+01,1.784530000000000006e-06,0.000000000000000000e+00
1.353034279344205402e+02,2.078620403220655817e+02,2.500000000000000000e+01,1.810229000000000003e-06,0.000000000000000000e+00
1.357078586420477677e+02,2.078616358913579631e+02,2.500000000000000000e+01,1.926454999999999922e-06,0.000000000000000000e+00
1.361121354119034095e+02,2.078612316145880925e+02,2.500000000000000000e+01,1.777298000000000064e-06,0.000000000000000000e+00
1.365390453664122106e+02,2.078608047046335798e+02,2.500000000000000000e+01,1.833599999999999902e-06,0.000000000000000000e+00
1.369414871244065921e+02,2.078604022628755956e+02,2.500000000000000000e+01,1.887020000000000019e-06,0.000000000000000000e+00
1.373655274122137371e+02,2.078599782225877846e+02,2.500000000000000000e+01,1.887296000000000014e-06,0.000000000000000000e+00
1.377643415226508239e+02,2.078595794084773445e+02,2.500000000000000000e+01,1.845183000000000092e-06,0.000000000000000000e+00
1.382091221832639860e+02,2.078591346278167293e+02,2.500000000000000000e+01,1.902110000000000030e-06,0.000000000000000000e+00
1.386123808645038196e+02,2.078587313691354836e+02,2.500000000000000000e+01,1.933993000000000052e-06,0.000000000000000000e+00
1.390236383019084201e+02,2.078583201116980774e+02,2.500000000000000000e+01,1.838125000000000083e-06,0.000000000000000000e+00
1.394479511034137147e+02,2.078578957988965783e+02,2.500000000000000000e+01,1.856795000000000024e-06,0.000000000000000000e+00
1.398722658354372470e+02,2.078574714841645630e+02,2.500000000000000000e+01,1.835359999999999992e-06,0.000000000000000000e+00
1.402915517571025816e+02,2.078570521982428829e+02,2.500000000000000000e+01,1.935725000000000004e-06,0.000000000000000000e+00
1.407162554401887178e+02,2.078566274945598025e+02,2.500000000000000000e+01,1.905471000000000056e-06,0.000000000000000000e+00
1.411040456640602372e+02,2.078562397043359340e+02,2.500000000000000000e+01,1.826643999999999955e-06,0.000000000000000000e+00
1.415204291619848789e+02,2.078558233208380273e+02,2.500000000000000000e+01,1.840119000000000068e-06,0.000000000000000000e+00
1.419575902948601254e+02,2.078553861597051480e+02,2.500000000000000000e+01,1.841981000000000008e-06,0.000000000000000000e+00
1.423881727453157566e+02,2.078549555772546853e+02,2.500000000000000000e+01,1.779743000000000004e-06,0.000000000000000000e+00
1.427962090038385554e+02,2.078545475409961512e+02,2.500000000000000000e+01,1.814652999999999937e-06,0.000000000000000000e+00
1.432219699266838120e+02,2.078541217800733136e+02,2.500000000000000000e+01,1.751933999999999996e-06,0.000000000000000000e+00
1.436484372885496157e+02,2.078536953127114373e+02,2.500000000000000000e+01,1.865279000000000010e-06,0.000000000000000000e+00
1.440802532861875989e+02,2.078532634967138222e+02,2.500000000000000000e+01,1.804146000000000014e-06,0.000000000000000000e+00
1.444664934575961013e+02,2.078528772565423992e+02,2.500000000000000000e+01,1.879773000000000086e-06,0.000000000000000000e+00
1.449067421416030470e+02,2.078524370078583843e+02,2.500000000000000000e+01,1.781328999999999949e-06,0.000000000000000000e+00
1.453169277773492638e+02,2.078520268222226548e+02,2.500000000000000000e+01,1.667430999999999918e-06,0.000000000000000000e+00
1.457266731590638074e+02,2.078516170768409381e+02,2.500000000000000000e+01,1.784864999999999936e-06,0.000000000000000000e+00
1.461532704152671727e+02,2.078511904795847443e+02,2.500000000000000000e+01,1.708758999999999982e-06,0.000000000000000000e+00
1.465302055101121255e+02,2.078508135444898812e+02,2.500000000000000000e+01,1.840279000000000037e-06,0.000000000000000000e+00
1.469761838942697523e+02,2.078503675661057173e+02,2.500000000000000000e+01,1.763240999999999980e-06,0.000000000000000000e+00
1.474121261831194261e+02,2.078499316238168717e+02,2.500000000000000000e+01,1.895460000000000060e-06,0.000000000000000000e+00
1.478056724300926135e+02,2.078495380775699175e+02,2.500000000000000000e+01,1.912122000000000054e-06,0.000000000000000000e+00
1.482332028669123076e+02,2.078491105471330798e+02,2.500000000000000000e+01,1.859967999999999943e-06,0.000000000000000000e+00
1.486445003033549597e+02,2.078486992496966366e+02,2.500000000000000000e+01,1.876439999999999986e-06,0.000000000000000000e+00
1.490363296384213925e+02,2.078483074203615786e+02,2.500000000000000000e+01,1.897133000000000078e-06,0.000000000000000000e+00
1.494816104871415803e+02,2.078478621395128698e+02,2.500000000000000000e+01,1.862761999999999988e-06,0.000000000000000000e+00
1.498943934475841786e+02,2.078474493565524028e+02,2.500000000000000000e+01,1.972919999999999908e-06,0.000000000000000000e+00
1.503104009056407335e+02,2.078470333490943460e+02,2.500000000000000000e+01,1.803200999999999975e-06,0.000000000000000000e+00
1.507393156680361699e+02,2.078466044343319652e+02,2.500000000000000000e+01,1.876774999999999916e-06,0.000000000000000000e+00
1.511639730007633773e+02,2.078461797769992359e+02,2.500000000000000000e+01,1.728069000000000014e-06,0.000000000000000000e+00
1.515975990275399568e+02,2.078457461509724453e+02,2.500000000000000000e+01,1.796754000000000102e-06,0.000000000000000000e+00
1.519890678262528922e+02,2.078453546821737348e+02,2.500000000000000000e+01,1.785446999999999907e-06,0.000000000000000000e+00
1.524189086408015328e+02,2.078449248413591874e+02,2.500000000000000000e+01,1.744919999999999931e-06,0.000000000000000000e+00
1.528603320450218064e+02,2.078444834179549900e+02,2.500000000000000000e+01,1.893451999999999901e-06,0.000000000000000000e+00
1.532455065215675063e+02,2.078440982434784416e+02,2.500000000000000000e+01,1.858047000000000068e-06,0.000000000000000000e+00
1.536877228539772489e+02,2.078436560271460110e+02,2.500000000000000000e+01,1.797422999999999935e-06,0.000000000000000000e+00
1.541029858603122307e+02,2.078432407641396935e+02,2.500000000000000000e+01,1.796056000000000105e-06,0.000000000000000000e+00
1.544931287692582771e+02,2.078428506212307525e+02,2.500000000000000000e+01,1.862950999999999911e-06,0.000000000000000000e+00
1.549230658853635703e+02,2.078424206841146429e+02,2.500000000000000000e+01,1.735068999999999904e-06,0.000000000000000000e+00
1.553348941645296861e+02,2.078420088558354735e+02,2.500000000000000000e+01,1.791312000000000020e-06,0.000000000000000000e+00
1.557727769663847255e+02,2.078415709730336118e+02,2.500000000000000000e+01,1.619090000000000028e-06,0.000000000000000000e+00
1.561740025279229087e+02,2.078411697474720654e+02,2.500000000000000000e+01,1.675026999999999955e-06,0.000000000000000000e+00
1.565808256310432398e+02,2.078407629243689598e+02,2.500000000000000000e+01,1.713212000000000081e-06,0.000000000000000000e+00
1.569968697832621274e+02,2.078403468802167424e+02,2.500000000000000000e+01,1.671927999999999961e-06,0.000000000000000000e+00
1.574047981227499520e+02,2.078399389518772580e+02,2.500000000000000000e+01,1.852603999999999957e-06,0.000000000000000000e+00
1.578354894265018515e+02,2.078395082605734956e+02,2.500000000000000000e+01,1.723892999999999937e-06,0.000000000000000000e+00
1.582749349088957445e+02,2.078390688150911103e+02,2.500000000000000000e+01,1.733380000000000080e-06,0.000000000000000000e+00
1.586707860675396091e+02,2.078386729639324528e+02,2.500000000000000000e+01,1.664884999999999942e-06,0.000000000000000000e+00
1.590859188311819139e+02,2.078382578311688178e+02,2.500000000000000000e+01,1.513617000000000047e-06,0.000000000000000000e+00
1.595013447404579949e+02,2.078378424052595506e+02,2.500000000000000000e+01,1.603374000000000101e-06,0.000000000000000000e+00
1.599094184189113150e+02,2.078374343315810791e+02,2.500000000000000000e+01,1.633714000000000093e-06,0.000000000000000000e+00
1.603492283782442769e+02,2.078369945216217616e+02,2.500000000000000000e+01,1.743130000000000072e-06,0.000000000000000000e+00
1.607486120706137740e+02,2.078365951379293790e+02,2.500000000000000000e+01,1.696288000000000055e-06,0.000000000000000000e+00
1.611774303377421802e+02,2.078361663196622544e+02,2.500000000000000000e+01,1.757768999999999916e-06,0.000000000000000000e+00
1.615930334960108041e+02,2.078357507165039806e+02,2.500000000000000000e+01,1.671927999999999961e-06,0.000000000000000000e+00
1.620297431828414005e+02,2.078353140068171570e+02,2.500000000000000000e+01,1.801657999999999946e-06,0.000000000000000000e+00
1.624313848044084807e+02,2.078349123651955779e+02,2.500000000000000000e+01,1.567110000000000061e-06,0.000000000000000000e+00
1.628549275614399221e+02,2.078344888224385443e+02,2.500000000000000000e+01,1.712062000000000101e-06,0.000000000000000000e+00
1.632990602645846820e+02,2.078340446897354070e+02,2.500000000000000000e+01,1.373002000000000081e-06,0.000000000000000000e+00
1.637381438887829859e+02,2.078336056061112060e+02,2.500000000000000000e+01,1.581226000000000080e-06,0.000000000000000000e+00
1.641261427730476612e+02,2.078332176072269419e+02,2.500000000000000000e+01,1.605745999999999932e-06,0.000000000000000000e+00
1.645415540856658083e+02,2.078328021959143257e+02,2.500000000000000000e+01,1.868843999999999949e-06,0.000000000000000000e+00
1.649649197440957664e+02,2.078323788302558910e+02,2.500000000000000000e+01,1.703403999999999971e-06,0.000000000000000000e+00
1.653729785010409614e+02,2.078319707714989590e+02,2.500000000000000000e+01,1.778870000000000046e-06,0.000000000000000000e+00
1.658035841759271136e+02,2.078315401658240660e+02,2.500000000000000000e+01,1.684981000000000072e-06,0.000000000000000000e+00
1.662079398256637717e+02,2.078311358101743451e+02,2.500000000000000000e+01,1.691004999999999914e-06,0.000000000000000000e+00
1.666322050864367554e+02,2.078307115449135551e+02,2.500000000000000000e+01,1.686116000000000062e-06,0.000000000000000000e+00
1.670390920600277695e+02,2.078303046579399620e+02,2.500000000000000000e+01,1.821332000000000073e-06,0.000000000000000000e+00
1.674419387180037688e+02,2.078299018112819851e+02,2.500000000000000000e+01,1.821419999999999961e-06,0.000000000000000000e+00
1.678778926191147320e+02,2.078294658573808817e+02,2.500000000000000000e+01,1.745472999999999949e-06,0.000000000000000000e+00
1.683038501969703020e+02,2.078290398998030355e+02,2.500000000000000000e+01,1.947265000000000066e-06,0.000000000000000000e+00
1.687094638191215665e+02,2.078286342861808862e+02,2.500000000000000000e+01,1.858178000000000084e-06,0.000000000000000000e+00
1.691071520421205605e+02,2.078282365979578685e+02,2.500000000000000000e+01,1.828841000000000038e-06,0.000000000000000000e+00
1.695237854822872805e+02,2.078278199645177153e+02,2.500000000000000000e+01,1.889318999999999952e-06,0.000000000000000000e+00
1.699474986282442899e+02,2.078273962513717663e+02,2.500000000000000000e+01,1.754363999999999946e-06,0.000000000000000000e+00
1.703830596347075357e+02,2.078269606903652971e+02,2.500000000000000000e+01,1.744964000000000087e-06,0.000000000000000000e+00
1.708083809061704983e+02,2.078265353690938184e+02,2.500000000000000000e+01,1.845546999999999976e-06,0.000000000000000000e+00
1.712153833513398808e+02,2.078261283666486463e+02,2.500000000000000000e+01,1.945197999999999972e-06,0.000000000000000000e+00
1.716307429921276935e+02,2.078257130070078631e+02,2.500000000000000000e+01,2.027226999999999945e-06,0.000000000000000000e+00
1.720598961656108372e+02,2.078252838538343781e+02,2.500000000000000000e+01,1.905107999999999989e-06,0.000000000000000000e+00
1.724797266863004381e+02,2.078248640233136939e+02,2.500000000000000000e+01,1.927358000000000072e-06,0.000000000000000000e+00
1.728970946723918587e+02,2.078244466553276197e+02,2.500000000000000000e+01,1.636305000000000040e-06,0.000000000000000000e+00
1.733251040431308070e+02,2.078240186459568690e+02,2.500000000000000000e+01,1.704873000000000075e-06,0.000000000000000000e+00
1.737489970008826674e+02,2.078235947529991279e+02,2.500000000000000000e+01,1.830515000000000083e-06,0.000000000000000000e+00
1.741366546102260884e+02,2.078232070953897619e+02,2.500000000000000000e+01,1.781997999999999993e-06,0.000000000000000000e+00
1.745752571845906971e+02,2.078227684928154133e+02,2.500000000000000000e+01,1.851295000000000035e-06,0.000000000000000000e+00
1.750071266035436111e+02,2.078223366233964668e+02,2.500000000000000000e+01,1.931985000000000104e-06,0.000000000000000000e+00
1.754063814415420381e+02,2.078219373685584515e+02,2.500000000000000000e+01,1.817446999999999982e-06,0.000000000000000000e+00
1.758170826735582182e+02,2.078215266673264523e+02,2.500000000000000000e+01,1.919849000000000107e-06,0.000000000000000000e+00
1.762270682264631034e+02,2.078211166817735318e+02,2.500000000000000000e+01,1.752866000000000100e-06,0.000000000000000000e+00
1.766534326298010456e+02,2.078206903173702074e+02,2.500000000000000000e+01,1.766428000000000073e-06,0.000000000000000000e+00
1.770522510053435212e+02,2.078202914989946635e+02,2.500000000000000000e+01,1.766485999999999980e-06,0.000000000000000000e+00
1.774651077847431964e+02,2.078198786422152580e+02,2.500000000000000000e+01,1.705717000000000079e-06,0.000000000000000000e+00
1.779123951624800384e+02,2.078194313548375192e+02,2.500000000000000000e+01,1.740845999999999917e-06,0.000000000000000000e+00
1.783111314739378486e+02,2.078190326185260517e+02,2.500000000000000000e+01,1.691848999999999918e-06,0.000000000000000000e+00
1.787347298592490290e+02,2.078186090201407410e+02,2.500000000000000000e+01,1.653098000000000050e-06,0.000000000000000000e+00
1.791442676714087270e+02,2.078181994823285947e+02,2.500000000000000000e+01,1.750012999999999909e-06,0.000000000000000000e+00
1.795636495572931892e+02,2.078177801004427181e+02,2.500000000000000000e+01,1.819032999999999928e-06,0.000000000000000000e+00
1.799828658491032343e+02,2.078173608841509008e+02,2.500000000000000000e+01,1.671753000000000001e-06,0.000000000000000000e+00
1.804174654612943982e+02,2.078169262845387095e+02,2.500000000000000000e+01,1.588895000000000014e-06,0.000000000000000000e+00
1.808163062122137603e+02,2.078165274437877770e+02,2.500000000000000000e+01,1.675391000000000050e-06,0.000000000000000000e+00
1.812639279590544277e+02,2.078160798220409333e+02,2.500000000000000000e+01,1.789113999999999910e-06,0.000000000000000000e+00
1.816494064187377546e+02,2.078156943435812707e+02,2.500000000000000000e+01,1.824984999999999900e-06,0.000000000000000000e+00
1.820704016153947862e+02,2.078152733483846077e+02,2.500000000000000000e+01,1.824767000000000024e-06,0.000000000000000000e+00
1.824885442421928872e+02,2.078148552057577945e+02,2.500000000000000000e+01,1.747873999999999945e-06,0.000000000000000000e+00
1.829270966758057284e+02,2.078144166533242014e+02,2.500000000000000000e+01,1.863226999999999906e-06,0.000000000000000000e+00
1.833613990451075892e+02,2.078139823509548876e+02,2.500000000000000000e+01,1.785811000000000002e-06,0.000000000000000000e+00
1.837922316252439998e+02,2.078135515183747657e+02,2.500000000000000000e+01,1.842010999999999989e-06,0.000000000000000000e+00
1.841957524356973863e+02,2.078131479975643003e+02,2.500000000000000000e+01,1.812165000000000081e-06,0.000000000000000000e+00
1.846051823315928004e+02,2.078127385676684185e+02,2.500000000000000000e+01,1.785868999999999909e-06,0.000000000000000000e+00
1.850396876523248011e+02,2.078123040623476641e+02,2.500000000000000000e+01,1.828434000000000026e-06,0.000000000000000000e+00
1.854421936557646973e+02,2.078119015563442247e+02,2.500000000000000000e+01,1.876367999999999905e-06,0.000000000000000000e+00
1.858664349316446760e+02,2.078114773150683448e+02,2.500000000000000000e+01,1.963563000000000177e-06,0.000000000000000000e+00
1.862744030271958309e+02,2.078110693469728005e+02,2.500000000000000000e+01,1.904132999999999968e-06,0.000000000000000000e+00
1.866953796162960089e+02,2.078106483703836886e+02,2.500000000000000000e+01,1.757041999999999965e-06,0.000000000000000000e+00
1.870831186759966442e+02,2.078102606313240130e+02,2.500000000000000000e+01,1.878462999999999924e-06,0.000000000000000000e+00
1.874988823931816739e+02,2.078098448676068131e+02,2.500000000000000000e+01,1.858876000000000081e-06,0.000000000000000000e+00
1.879146778080034892e+02,2.078094290721919890e+02,2.500000000000000000e+01,1.723630999999999905e-06,0.000000000000000000e+00
1.883416834318651070e+02,2.078090020665681266e+02,2.500000000000000000e+01,1.809573999999999922e-06,0.000000000000000000e+00
1.887771370890801563e+02,2.078085666129109086e+02,2.500000000000000000e+01,1.833949000000000006e-06,0.000000000000000000e+00
1.891739798756328526e+02,2.078081697701243513e+02,2.500000000000000000e+01,1.837338999999999986e-06,0.000000000000000000e+00
1.895895552401198074e+02,2.078077541947598661e+02,2.500000000000000000e+01,1.864216999999999917e-06,0.000000000000000000e+00
1.900295680996206897e+02,2.078073141819003808e+02,2.500000000000000000e+01,1.907231999999999962e-06,0.000000000000000000e+00
1.904534812175572540e+02,2.078068902687824391e+02,2.500000000000000000e+01,1.941210999999999819e-06,0.000000000000000000e+00
1.908522974261790353e+02,2.078064914525738232e+02,2.500000000000000000e+01,1.898705000000000060e-06,0.000000000000000000e+00
1.912883103222882539e+02,2.078060554396777206e+02,2.500000000000000000e+01,1.758381000000000080e-06,0.000000000000000000e+00
1.917121532513656916e+02,2.078056315967486398e+02,2.500000000000000000e+01,1.899504999999999909e-06,0.000000000000000000e+00
1.921234533784428891e+02,2.078052202966215418e+02,2.500000000000000000e+01,1.844048000000000102e-06,0.000000000000000000e+00
1.925385150051687049e+02,2.078048052349948307e+02,2.500000000000000000e+01,1.927080999999999837e-06,0.000000000000000000e+00
1.929624832367113925e+02,2.078043812667633006e+02,2.500000000000000000e+01,1.935389999999999862e-06,0.000000000000000000e+00
1.933932465794587188e+02,2.078039505034205376e+02,2.500000000000000000e+01,1.823703999999999904e-06,0.000000000000000000e+00
1.938034140644575984e+02,2.078035403359355371e+02,2.500000000000000000e+01,1.801235999999999944e-06,0.000000000000000000e+00
1.942412966382696879e+02,2.078031024533617312e+02,2.500000000000000000e+01,1.798849999999999938e-06,0.000000000000000000e+00
1.946565090132259002e+02,2.078026872409867849e+02,2.500000000000000000e+01,1.713473000000000086e-06,0.000000000000000000e+00
1.950438906272960935e+02,2.078022998593727095e+02,2.500000000000000000e+01,1.745822000000000054e-06,0.000000000000000000e+00
1.954664721271713859e+02,2.078018772778728191e+02,2.500000000000000000e+01,1.722539000000000043e-06,0.000000000000000000e+00
1.958746645709700260e+02,2.078014690854290336e+02,2.500000000000000000e+01,1.783758999999999899e-06,0.000000000000000000e+00
1.963055231854261251e+02,2.078010382268145690e+02,2.500000000000000000e+01,1.807289999999999979e-06,0.000000000000000000e+00
1.966994793596150828e+02,2.078006442706403902e+02,2.500000000000000000e+01,1.660096999999999913e-06,0.000000000000000000e+00
1.971343168888064099e+02,2.078002094331111778e+02,2.500000000000000000e+01,1.648105999999999895e-06,0.000000000000000000e+00
1.975447778372576124e+02,2.077997989721627334e+02,2.500000000000000000e+01,1.739549999999999930e-06,0.000000000000000000e+00
1.979485183176248881e+02,2.077993952316823822e+02,2.500000000000000000e+01,1.824475000000000010e-06,0.000000000000000000e+00
1.983795294880613937e+02,2.077989642205119480e+02,2.500000000000000000e+01,1.719803999999999933e-06,0.000000000000000000e+00
1.988055224221700712e+02,2.077985382275778363e+02,2.500000000000000000e+01,1.730587000000000063e-06,0.000000000000000000e+00
1.992116600190839506e+02,2.077981320899809248e+02,2.500000000000000000e+01,1.749285999999999958e-06,0.000000000000000000e+00
1.996404057111959105e+02,2.077977033442888057e+02,2.500000000000000000e+01,1.793000000000000028e-06,0.000000000000000000e+00
2.000280328940016261e+02,2.077973157171059881e+02,2.500000000000000000e+01,1.760999999999999953e-06,0.000000000000000000e+00
2.004537478234694277e+02,2.077968900021765251e+02,2.500000000000000000e+01,1.834051000000000069e-06,0.000000000000000000e+00
2.008844658761277060e+02,2.077964592841238698e+02,2.500000000000000000e+01,1.820269999999999980e-06,0.000000000000000000e+00
2.012923665315115898e+02,2.077960513834684946e+02,2.500000000000000000e+01,1.750945000000000013e-06,0.000000000000000000e+00
2.017170011147453863e+02,2.077956267488852404e+02,2.500000000000000000e+01,1.915162999999999929e-06,0.000000000000000000e+00
2.021511061863478460e+02,2.077951926438136638e+02,2.500000000000000000e+01,1.779030000000000016e-06,0.000000000000000000e+00
2.025608008363240913e+02,2.077947829491636753e+02,2.500000000000000000e+01,1.671083999999999957e-06,0.000000000000000000e+00
2.030030527702283507e+02,2.077943406972297566e+02,2.500000000000000000e+01,1.749358000000000040e-06,0.000000000000000000e+00
2.034022504158973277e+02,2.077939414995840934e+02,2.500000000000000000e+01,1.868088000000000045e-06,0.000000000000000000e+00
2.038260701453313573e+02,2.077935176798546593e+02,2.500000000000000000e+01,1.720195999999999954e-06,0.000000000000000000e+00
2.042726649028844008e+02,2.077930710850971252e+02,2.500000000000000000e+01,1.762775000000000034e-06,0.000000000000000000e+00
2.046736041027695876e+02,2.077926701458972332e+02,2.500000000000000000e+01,1.726031999999999901e-06,0.000000000000000000e+00
2.050660846988973560e+02,2.077922776653010999e+02,2.500000000000000000e+01,1.763575999999999909e-06,0.000000000000000000e+00
2.055075820051614812e+02,2.077918361679948305e+02,2.500000000000000000e+01,1.718959999999999929e-06,0.000000000000000000e+00
2.059072575994656518e+02,2.077914364924005213e+02,2.500000000000000000e+01,1.688357000000000088e-06,0.000000000000000000e+00
2.063314216934014098e+02,2.077910123283066071e+02,2.500000000000000000e+01,1.626874999999999988e-06,0.000000000000000000e+00
2.067321073808852532e+02,2.077906116426191261e+02,2.500000000000000000e+01,1.891400000000000009e-06,0.000000000000000000e+00
2.071714850164603945e+02,2.077901722649835392e+02,2.500000000000000000e+01,1.939130000000000186e-06,0.000000000000000000e+00
2.075744424376559891e+02,2.077897693075623522e+02,2.500000000000000000e+01,1.978768999999999790e-06,0.000000000000000000e+00
2.079673450999306112e+02,2.077893764049000538e+02,2.500000000000000000e+01,1.829671000000000079e-06,0.000000000000000000e+00
2.084129222784894750e+02,2.077889308277215150e+02,2.500000000000000000e+01,1.939798999999999806e-06,0.000000000000000000e+00
2.088432647249015872e+02,2.077885004852751081e+02,2.500000000000000000e+01,1.989231999999999981e-06,0.000000000000000000e+00
2.092356829248091685e+02,2.077881080670751999e+02,2.500000000000000000e+01,2.036366000000000012e-06,0.000000000000000000e+00
2.096773622142232512e+02,2.077876663877857766e+02,2.500000000000000000e+01,1.932203000000000193e-06,0.000000000000000000e+00
2.100835915763358344e+02,2.077872601584236634e+02,2.500000000000000000e+01,1.839275000000000063e-06,0.000000000000000000e+00
2.104947760629921163e+02,2.077868489739369977e+02,2.500000000000000000e+01,1.906170000000000081e-06,0.000000000000000000e+00
2.109184780759541695e+02,2.077864252719240312e+02,2.500000000000000000e+01,1.901790000000000091e-06,0.000000000000000000e+00
2.113564948202381117e+02,2.077859872551797480e+02,2.500000000000000000e+01,2.070621000000000076e-06,0.000000000000000000e+00
2.117841137334605719e+02,2.077855596362665267e+02,2.500000000000000000e+01,1.927314000000000128e-06,0.000000000000000000e+00
2.121831374385453728e+02,2.077851606125614410e+02,2.500000000000000000e+01,1.937776999999999896e-06,0.000000000000000000e+00
2.125985248731147692e+02,2.077847452251268976e+02,2.500000000000000000e+01,1.807580999999999965e-06,0.000000000000000000e+00
2.130398552114965298e+02,2.077843038947885077e+02,2.500000000000000000e+01,1.858774000000000019e-06,0.000000000000000000e+00
2.134538451330051601e+02,2.077838899048669816e+02,2.500000000000000000e+01,1.868159999999999915e-06,0.000000000000000000e+00
2.138618437578885505e+02,2.077834819062421161e+02,2.500000000000000000e+01,1.763750000000000054e-06,0.000000000000000000e+00
2.142926047854958824e+02,2.077830511452145004e+02,2.500000000000000000e+01,1.770808000000000063e-06,0.000000000000000000e+00
2.146956826840334998e+02,2.077826480673159608e+02,2.500000000000000000e+01,1.777268999999999899e-06,0.000000000000000000e+00
2.151049419117896377e+02,2.077822388080882092e+02,2.500000000000000000e+01,1.882727000000000101e-06,0.000000000000000000e+00
2.155395349989156273e+02,2.077818042150010740e+02,2.500000000000000000e+01,1.678431999999999925e-06,0.000000000000000000e+00
2.159328273567716110e+02,2.077814109226432322e+02,2.500000000000000000e+01,1.777821999999999917e-06,0.000000000000000000e+00
2.163666512976079730e+02,2.077809770987023796e+02,2.500000000000000000e+01,1.700217000000000090e-06,0.000000000000000000e+00
2.167747349253990308e+02,2.077805690150746045e+02,2.500000000000000000e+01,1.778899000000000000e-06,0.000000000000000000e+00
2.171954953831473460e+02,2.077801482546168472e+02,2.500000000000000000e+01,1.807944000000000033e-06,0.000000000000000000e+00
2.176105770861186954e+02,2.077797331729138932e+02,2.500000000000000000e+01,1.788881000000000042e-06,0.000000000000000000e+00
2.179984052469236531e+02,2.077793453447530680e+02,2.500000000000000000e+01,1.862150000000000035e-06,0.000000000000000000e+00
2.184468738216083921e+02,2.077788968761783792e+02,2.500000000000000000e+01,1.934517000000000116e-06,0.000000000000000000e+00
2.188607067405125122e+02,2.077784830432594845e+02,2.500000000000000000e+01,1.766922999999999972e-06,0.000000000000000000e+00
2.192789457054128945e+02,2.077780648042945870e+02,2.500000000000000000e+01,1.792795999999999902e-06,0.000000000000000000e+00
2.197006698222492957e+02,2.077776430801777394e+02,2.500000000000000000e+01,1.729204000000000004e-06,0.000000000000000000e+00
2.201042011109043983e+02,2.077772395488890993e+02,2.500000000000000000e+01,1.772728999999999939e-06,0.000000000000000000e+00
2.205036594537743895e+02,2.077768400905462158e+02,2.500000000000000000e+01,1.803972000000000081e-06,0.000000000000000000e+00
2.209525063636060054e+02,2.077763912436363967e+02,2.500000000000000000e+01,1.678533999999999987e-06,0.000000000000000000e+00
2.213598404437075544e+02,2.077759839095562882e+02,2.500000000000000000e+01,1.640145999999999975e-06,0.000000000000000000e+00
2.217843332227017186e+02,2.077755594167772983e+02,2.500000000000000000e+01,1.542532000000000091e-06,0.000000000000000000e+00
2.222073716317756862e+02,2.077751363783682166e+02,2.500000000000000000e+01,1.771783000000000084e-06,0.000000000000000000e+00
2.226353774420191201e+02,2.077747083725579671e+02,2.500000000000000000e+01,1.772160999999999930e-06,0.000000000000000000e+00
2.230660441042224136e+02,2.077742777058957699e+02,2.500000000000000000e+01,1.819397000000000023e-06,0.000000000000000000e+00
2.234849614559649069e+02,2.077738587885440324e+02,2.500000000000000000e+01,1.685489999999999934e-06,0.000000000000000000e+00
2.238929350186944305e+02,2.077734508149813166e+02,2.500000000000000000e+01,1.789972999999999904e-06,0.000000000000000000e+00
2.243181849374045669e+02,2.077730255650625963e+02,2.500000000000000000e+01,1.795603999999999910e-06,0.000000000000000000e+00
2.247197707701849652e+02,2.077726239792298202e+02,2.500000000000000000e+01,1.853143000000000013e-06,0.000000000000000000e+00
2.251558787821984424e+02,2.077721878712177954e+02,2.500000000000000000e+01,1.787091999999999999e-06,0.000000000000000000e+00
2.255643820687022867e+02,2.077717793679312877e+02,2.500000000000000000e+01,1.747902999999999899e-06,0.000000000000000000e+00
2.259663409738451492e+02,2.077713774090261438e+02,2.500000000000000000e+01,1.837005000000000083e-06,0.000000000000000000e+00
2.263969262310511965e+02,2.077709468237689521e+02,2.500000000000000000e+01,1.854611999999999905e-06,0.000000000000000000e+00
2.268075447269756353e+02,2.077705362052730322e+02,2.500000000000000000e+01,1.864581000000000012e-06,0.000000000000000000e+00
2.272462494561454776e+02,2.077700975005438409e+02,2.500000000000000000e+01,1.900800000000000080e-06,0.000000000000000000e+00
2.276455168808415976e+02,2.077696982331191577e+02,2.500000000000000000e+01,1.935971999999999834e-06,0.000000000000000000e+00
2.280492537253426519e+02,2.077692944962746537e+02,2.500000000000000000e+01,1.840439000000000007e-06,0.000000000000000000e+00
2.284710240704402509e+02,2.077688727259295547e+02,2.500000000000000000e+01,1.817446999999999982e-06,0.000000000000000000e+00
2.288790633825334453e+02,2.077684646866174774e+02,2.500000000000000000e+01,1.995096999999999882e-06,0.000000000000000000e+00
2.293098698906551931e+02,2.077680338801093569e+02,2.500000000000000000e+01,2.112633000000000174e-06,0.000000000000000000e+00
2.297043808618052481e+02,2.077676393691381804e+02,2.500000000000000000e+01,2.012485999999999827e-06,0.000000000000000000e+00
2.301397355744161928e+02,2.077672040144255732e+02,2.500000000000000000e+01,1.781242000000000089e-06,0.000000000000000000e+00
2.305553109389032045e+02,2.077667884390610880e+02,2.500000000000000000e+01,1.942665999999999960e-06,0.000000000000000000e+00
2.309759118337888140e+02,2.077663678381662180e+02,2.500000000000000000e+01,1.674081000000000100e-06,0.000000000000000000e+00
2.314223410959230876e+02,2.077659214089040631e+02,2.500000000000000000e+01,1.793348999999999921e-06,0.000000000000000000e+00
2.318209332852405566e+02,2.077655228167147641e+02,2.500000000000000000e+01,1.854831000000000021e-06,0.000000000000000000e+00
2.322448704301526732e+02,2.077650988795698481e+02,2.500000000000000000e+01,1.626889999999999978e-06,0.000000000000000000e+00
2.326727649049221895e+02,2.077646709850950799e+02,2.500000000000000000e+01,1.599356999999999966e-06,0.000000000000000000e+00
2.330947784169503905e+02,2.077642489715830436e+02,2.500000000000000000e+01,1.766763000000000003e-06,0.000000000000000000e+00
2.334803167376114459e+02,2.077638634332624008e+02,2.500000000000000000e+01,1.905020000000000101e-06,0.000000000000000000e+00
2.339274170189174527e+02,2.077634163329810804e+02,2.500000000000000000e+01,1.817591999999999961e-06,0.000000000000000000e+00
2.343550270073155559e+02,2.077629887229926737e+02,2.500000000000000000e+01,1.811917000000000011e-06,0.000000000000000000e+00
2.347726788846045167e+02,2.077625710711153886e+02,2.500000000000000000e+01,1.744934999999999921e-06,0.000000000000000000e+00
2.351827422529657952e+02,2.077621610077470393e+02,2.500000000000000000e+01,1.847497000000000016e-06,0.000000000000000000e+00
2.355665761573367547e+02,2.077617771738426597e+02,2.500000000000000000e+01,1.720677000000000102e-06,0.000000000000000000e+00
2.360088635538061226e+02,2.077613348864461784e+02,2.500000000000000000e+01,1.761537999999999981e-06,0.000000000000000000e+00
2.364328815832438693e+02,2.077609108684167438e+02,2.500000000000000000e+01,1.783686000000000002e-06,0.000000000000000000e+00
2.368317179520504112e+02,2.077605120320479557e+02,2.500000000000000000e+01,1.689637000000000057e-06,0.000000000000000000e+00
2.372775556985534990e+02,2.077600661943014586e+02,2.500000000000000000e+01,1.888721999999999990e-06,0.000000000000000000e+00
2.376628701487746866e+02,2.077596808798512313e+02,2.500000000000000000e+01,1.732595000000000011e-06,0.000000000000000000e+00
2.380722428201866023e+02,2.077592715071798182e+02,2.500000000000000000e+01,1.838678000000000101e-06,0.000000000000000000e+00
2.384698596562431874e+02,2.077588738903437502e+02,2.500000000000000000e+01,1.609340000000000036e-06,0.000000000000000000e+00
2.389129251125265228e+02,2.077584308248874834e+02,2.500000000000000000e+01,1.965803999999999992e-06,0.000000000000000000e+00
2.393365869773611223e+02,2.077580071630226257e+02,2.500000000000000000e+01,1.761712999999999941e-06,0.000000000000000000e+00
2.397369410075038445e+02,2.077576068089925059e+02,2.500000000000000000e+01,1.856838999999999968e-06,0.000000000000000000e+00
2.401772263942534664e+02,2.077571665236057470e+02,2.500000000000000000e+01,1.796812000000000009e-06,0.000000000000000000e+00
2.405874918244294065e+02,2.077567562581755567e+02,2.500000000000000000e+01,1.891864999999999928e-06,0.000000000000000000e+00
2.409745434828141128e+02,2.077563692065171779e+02,2.500000000000000000e+01,1.857013999999999929e-06,0.000000000000000000e+00
2.414183205977241471e+02,2.077559254294022821e+02,2.500000000000000000e+01,1.807434999999999958e-06,0.000000000000000000e+00
2.418564648188757644e+02,2.077554872851811183e+02,2.500000000000000000e+01,1.672015000000000033e-06,0.000000000000000000e+00
2.422642278152244728e+02,2.077550795221847864e+02,2.500000000000000000e+01,1.838925999999999959e-06,0.000000000000000000e+00
2.426827488994088924e+02,2.077546610011006010e+02,2.500000000000000000e+01,1.640510000000000070e-06,0.000000000000000000e+00
2.430985399875950748e+02,2.077542452100124137e+02,2.500000000000000000e+01,1.687483999999999919e-06,0.000000000000000000e+00
2.435277288689797501e+02,2.077538160211310299e+02,2.500000000000000000e+01,1.596853999999999907e-06,0.000000000000000000e+00
2.439534308561514706e+02,2.077533903191438469e+02,2.500000000000000000e+01,1.409556999999999894e-06,0.000000000000000000e+00
2.443728864602416877e+02,2.077529708635397583e+02,2.500000000000000000e+01,1.667067000000000034e-06,0.000000000000000000e+00
2.447964787392828896e+02,2.077525472712607097e+02,2.500000000000000000e+01,1.698062999999999924e-06,0.000000000000000000e+00
2.452204217257090875e+02,2.077521233282742799e+02,2.500000000000000000e+01,1.659107999999999930e-06,0.000000000000000000e+00
2.456191608798129664e+02,2.077517245891201867e+02,2.500000000000000000e+01,1.637993000000000048e-06,0.000000000000000000e+00
2.460405820761654070e+02,2.077513031679238225e+02,2.500000000000000000e+01,1.662105000000000072e-06,0.000000000000000000e+00
2.464353351833618717e+02,2.077509084148166494e+02,2.500000000000000000e+01,1.536114999999999988e-06,0.000000000000000000e+00
2.468660106716401685e+02,2.077504777393283462e+02,2.500000000000000000e+01,1.645530999999999967e-06,0.000000000000000000e+00
2.472739529726095498e+02,2.077500697970273791e+02,2.500000000000000000e+01,1.591178999999999957e-06,0.000000000000000000e+00
2.476945456293900918e+02,2.077496492043705985e+02,2.500000000000000000e+01,1.501407999999999940e-06,0.000000000000000000e+00
2.481375937763405091e+02,2.077492061562236643e+02,2.500000000000000000e+01,1.591586999999999996e-06,0.000000000000000000e+00
2.485228264891815684e+02,2.077488209235108059e+02,2.500000000000000000e+01,1.528823999999999900e-06,0.000000000000000000e+00
2.489366778259685873e+02,2.077484070721740181e+02,2.500000000000000000e+01,1.572524000000000006e-06,0.000000000000000000e+00
2.493824010229251940e+02,2.077479613489770713e+02,2.500000000000000000e+01,1.534178999999999910e-06,0.000000000000000000e+00
2.497816435850091921e+02,2.077475621064149891e+02,2.500000000000000000e+01,1.466134999999999940e-06,0.000000000000000000e+00
2.502058867434814999e+02,2.077471378632565120e+02,2.500000000000000000e+01,1.396270999999999917e-06,0.000000000000000000e+00
2.506440294698897162e+02,2.077466997205301027e+02,2.500000000000000000e+01,1.497407000000000036e-06,0.000000000000000000e+00
2.510538668097998425e+02,2.077462898831902010e+02,2.500000000000000000e+01,1.362408999999999901e-06,0.000000000000000000e+00
2.514569174435600871e+02,2.077458868325564367e+02,2.500000000000000000e+01,1.352862000000000008e-06,0.000000000000000000e+00
2.518888373357507646e+02,2.077454549126642576e+02,2.500000000000000000e+01,1.384250999999999946e-06,0.000000000000000000e+00
2.523293937481295188e+02,2.077450143562518576e+02,2.500000000000000000e+01,1.476175000000000101e-06,0.000000000000000000e+00
2.527360699561068884e+02,2.077446076800438846e+02,2.500000000000000000e+01,1.574474000000000047e-06,0.000000000000000000e+00
2.531500693338988128e+02,2.077441936806660863e+02,2.500000000000000000e+01,1.421212999999999982e-06,0.000000000000000000e+00
2.535653372349448489e+02,2.077437784127650673e+02,2.500000000000000000e+01,1.617153999999999950e-06,0.000000000000000000e+00
2.540068568779006455e+02,2.077433368931220912e+02,2.500000000000000000e+01,1.852517000000000097e-06,0.000000000000000000e+00
2.543989171414955592e+02,2.077429448328585124e+02,2.500000000000000000e+01,1.588996000000000050e-06,0.000000000000000000e+00
2.548268642503279864e+02,2.077425168857496658e+02,2.500000000000000000e+01,1.404798000000000030e-06,0.000000000000000000e+00
2.552399756933841957e+02,2.077421037743066279e+02,2.500000000000000000e+01,1.506167000000000016e-06,0.000000000000000000e+00
2.556555229983831623e+02,2.077416882270016174e+02,2.500000000000000000e+01,1.582113000000000000e-06,0.000000000000000000e+00
2.560430141172104754e+02,2.077413007358827883e+02,2.500000000000000000e+01,1.599343000000000003e-06,0.000000000000000000e+00
2.564660914035392238e+02,2.077408776585964461e+02,2.500000000000000000e+01,1.525142999999999934e-06,0.000000000000000000e+00
2.568845380748280149e+02,2.077404592119251561e+02,2.500000000000000000e+01,1.442866000000000104e-06,0.000000000000000000e+00
2.573163696072520565e+02,2.077400273803927462e+02,2.500000000000000000e+01,1.417530999999999990e-06,0.000000000000000000e+00
2.577469377629346923e+02,2.077395968122370675e+02,2.500000000000000000e+01,1.548279999999999938e-06,0.000000000000000000e+00
2.581344288005936960e+02,2.077392093211994109e+02,2.500000000000000000e+01,1.604624999999999904e-06,0.000000000000000000e+00
2.585499750466497062e+02,2.077387937749533364e+02,2.500000000000000000e+01,1.567168999999999996e-06,0.000000000000000000e+00
2.589937161191822383e+02,2.077383500338808062e+02,2.500000000000000000e+01,1.452542999999999986e-06,0.000000000000000000e+00
2.593795127722235065e+02,2.077379642372277715e+02,2.500000000000000000e+01,1.550288000000000098e-06,0.000000000000000000e+00
2.598132237169507448e+02,2.077375305262830523e+02,2.500000000000000000e+01,1.578649999999999912e-06,0.000000000000000000e+00
2.602271635372981677e+02,2.077371165864626903e+02,2.500000000000000000e+01,1.138877000000000014e-06,0.000000000000000000e+00
2.606401736560023323e+02,2.077367035763439844e+02,2.500000000000000000e+01,1.494932999999999930e-06,0.000000000000000000e+00
2.610554366623373426e+02,2.077362883133376670e+02,2.500000000000000000e+01,1.508043999999999948e-06,0.000000000000000000e+00
2.614986304007633748e+02,2.077358451195992473e+02,2.500000000000000000e+01,1.161694000000000079e-06,0.000000000000000000e+00
2.618971309179389664e+02,2.077354466190820688e+02,2.500000000000000000e+01,1.408189000000000037e-06,0.000000000000000000e+00
2.623371561128581106e+02,2.077350065938871353e+02,2.500000000000000000e+01,1.377469999999999959e-06,0.000000000000000000e+00
2.627573464176149400e+02,2.077345864035823695e+02,2.500000000000000000e+01,9.462673999999999544e-07,0.000000000000000000e+00
2.632012108548254332e+02,2.077341425391451821e+02,2.500000000000000000e+01,1.054257000000000094e-06,0.000000000000000000e+00
2.635950722935461386e+02,2.077337486777064441e+02,2.500000000000000000e+01,1.340435000000000025e-06,0.000000000000000000e+00
2.640036937666330914e+02,2.077333400562333736e+02,2.500000000000000000e+01,1.324050000000000054e-06,0.000000000000000000e+00
2.644339264018042854e+02,2.077329098235981917e+02,2.500000000000000000e+01,1.392850999999999956e-06,0.000000000000000000e+00
2.648552537113094445e+02,2.077324884962886813e+02,2.500000000000000000e+01,1.375635999999999944e-06,0.000000000000000000e+00
2.652743055400467824e+02,2.077320694444599383e+02,2.500000000000000000e+01,1.309017999999999950e-06,0.000000000000000000e+00
2.657075182124207799e+02,2.077316362317875758e+02,2.500000000000000000e+01,1.354753999999999930e-06,0.000000000000000000e+00
2.660950093312480931e+02,2.077312487406687467e+02,2.500000000000000000e+01,1.309381000000000017e-06,0.000000000000000000e+00
2.665100010263206514e+02,2.077308337489736800e+02,2.500000000000000000e+01,1.299529999999999991e-06,0.000000000000000000e+00
2.669231196183130237e+02,2.077304206303816727e+02,2.500000000000000000e+01,1.156470000000000085e-06,0.000000000000000000e+00
2.673468058294116645e+02,2.077299969441705798e+02,2.500000000000000000e+01,1.240142999999999910e-06,0.000000000000000000e+00
2.677753991094148205e+02,2.077295683508905881e+02,2.500000000000000000e+01,1.297929000000000055e-06,0.000000000000000000e+00
2.681623997391587864e+02,2.077291813502608306e+02,2.500000000000000000e+01,1.228821999999999964e-06,0.000000000000000000e+00
2.686007409335489342e+02,2.077287430090664486e+02,2.500000000000000000e+01,1.226814000000000016e-06,0.000000000000000000e+00
2.689911788922905771e+02,2.077283525711077061e+02,2.500000000000000000e+01,1.388107000000000083e-06,0.000000000000000000e+00
2.694210526355967090e+02,2.077279226973643915e+02,2.500000000000000000e+01,1.366628999999999922e-06,0.000000000000000000e+00
2.698517227021752092e+02,2.077274920272978136e+02,2.500000000000000000e+01,1.433217999999999963e-06,0.000000000000000000e+00
2.702596704248443871e+02,2.077270840795751496e+02,2.500000000000000000e+01,1.422245999999999910e-06,0.000000000000000000e+00
2.706770844041560622e+02,2.077266666655958431e+02,2.500000000000000000e+01,1.421868000000000063e-06,0.000000000000000000e+00
2.711059469847328387e+02,2.077262378030152661e+02,2.500000000000000000e+01,1.420471000000000041e-06,0.000000000000000000e+00
2.715440980290560447e+02,2.077257996519709309e+02,2.500000000000000000e+01,1.364839000000000063e-06,0.000000000000000000e+00
2.719315333622249113e+02,2.077254122166377783e+02,2.500000000000000000e+01,1.586973999999999927e-06,0.000000000000000000e+00
2.723668305324427479e+02,2.077249769194675650e+02,2.500000000000000000e+01,1.492153000000000060e-06,0.000000000000000000e+00
2.727910705140866980e+02,2.077245526794859245e+02,2.500000000000000000e+01,1.439445999999999931e-06,0.000000000000000000e+00
2.732386821724494439e+02,2.077241050678275371e+02,2.500000000000000000e+01,1.496765999999999918e-06,0.000000000000000000e+00
2.736196757938041060e+02,2.077237240742061886e+02,2.500000000000000000e+01,1.402106000000000048e-06,0.000000000000000000e+00
2.740500534045801260e+02,2.077232936965954195e+02,2.500000000000000000e+01,1.521300999999999972e-06,0.000000000000000000e+00
2.744740416498485160e+02,2.077228697083501459e+02,2.500000000000000000e+01,1.435342999999999964e-06,0.000000000000000000e+00
2.748732842119325710e+02,2.077224704657880636e+02,2.500000000000000000e+01,1.335458000000000072e-06,0.000000000000000000e+00
2.753157069697035126e+02,2.077220280430302921e+02,2.500000000000000000e+01,1.405176999999999904e-06,0.000000000000000000e+00
2.757009312843201201e+02,2.077216428187156794e+02,2.500000000000000000e+01,1.339896999999999997e-06,0.000000000000000000e+00
2.761330696572746319e+02,2.077212106803427218e+02,2.500000000000000000e+01,1.229519999999999961e-06,0.000000000000000000e+00
2.765437543454198135e+02,2.077207999956545734e+02,2.500000000000000000e+01,1.244451000000000031e-06,0.000000000000000000e+00
2.769479472438247853e+02,2.077203958027561725e+02,2.500000000000000000e+01,1.389504000000000105e-06,0.000000000000000000e+00
2.773786255215788401e+02,2.077199651244784206e+02,2.500000000000000000e+01,1.397028000000000061e-06,0.000000000000000000e+00
2.777863430522000954e+02,2.077195574069477857e+02,2.500000000000000000e+01,1.311941999999999983e-06,0.000000000000000000e+00
2.782099670707981431e+02,2.077191337829291911e+02,2.500000000000000000e+01,1.266379999999999935e-06,0.000000000000000000e+00
2.786254210682917574e+02,2.077187183289317147e+02,2.500000000000000000e+01,1.387147000000000053e-06,0.000000000000000000e+00
0.000000000000000000e+00,2.079973437499999989e+02,3.000000000000000000e+01,2.274844000000000001e-05,0.000000000000000000e+00
2.835138441250552033e-01,2.079970602361558747e+02,3.000000000000000000e+01,-1.775159000000000100e-06,0.000000000000000000e+00
3.718267321816112747e-01,2.079969719232678074e+02,3.000000000000000000e+01,-9.499926999999999990e-07,0.000000000000000000e+00
4.600426219962541197e-01,2.079968837073780037e+02,3.000000000000000000e+01,-6.342888999999999776e-07,0.000000000000000000e+00
6.007540457257838362e-01,2.079967429959542642e+02,3.000000000000000000e+01,-1.915323000000000004e-07,0.000000000000000000e+00
7.923364408010346027e-01,2.079965514135591889e+02,3.000000000000000000e+01,1.206935999999999870e-07,0.000000000000000000e+00
1.019320512128248479e+00,2.079963244294878564e+02,3.000000000000000000e+01,2.550951000000000142e-07,0.000000000000000000e+00
1.301907233130298103e+00,2.079960418427668571e+02,3.000000000000000000e+01,5.093751999999999778e-07,0.000000000000000000e+00
1.605552825716159981e+00,2.079957381971742905e+02,3.000000000000000000e+01,6.559566999999999990e-07,0.000000000000000000e+00
1.958805975309624081e+00,2.079953849440246927e+02,3.000000000000000000e+01,7.842026999999999948e-07,0.000000000000000000e+00
2.363306419569743522e+00,2.079949804435804310e+02,3.000000000000000000e+01,9.069190000000000492e-07,0.000000000000000000e+00
2.794161739107804632e+00,2.079945495882608952e+02,3.000000000000000000e+01,1.009029999999999977e-06,0.000000000000000000e+00
3.219228675654041361e+00,2.079941245213243519e+02,3.000000000000000000e+01,1.031220999999999914e-06,0.000000000000000000e+00
3.621198242858846950e+00,2.079937225517571449e+02,3.000000000000000000e+01,1.138542000000000085e-06,0.000000000000000000e+00
4.022605850127226823e+00,2.079933211441498599e+02,3.000000000000000000e+01,1.185893999999999991e-06,0.000000000000000000e+00
4.449466334644661458e+00,2.079928942836653505e+02,3.000000000000000000e+01,1.257634999999999945e-06,0.000000000000000000e+00
4.893190421297709314e+00,2.079924505595787139e+02,3.000000000000000000e+01,1.303153000000000049e-06,0.000000000000000000e+00
5.288100915720761463e+00,2.079920556490842785e+02,3.000000000000000000e+01,1.408029000000000068e-06,0.000000000000000000e+00
5.711704233042648404e+00,2.079916320457669485e+02,3.000000000000000000e+01,1.458277000000000082e-06,0.000000000000000000e+00
6.126505350728660204e+00,2.079912172446492775e+02,3.000000000000000000e+01,1.383305000000000091e-06,0.000000000000000000e+00
6.537727920837807183e+00,2.079908060220791697e+02,3.000000000000000000e+01,1.442399999999999946e-06,0.000000000000000000e+00
6.961630884324530477e+00,2.079903821191156794e+02,3.000000000000000000e+01,1.361012000000000091e-06,0.000000000000000000e+00
7.360519068778626384e+00,2.079899832309312160e+02,3.000000000000000000e+01,1.394903000000000060e-06,0.000000000000000000e+00
7.784406197705098229e+00,2.079895593438022843e+02,3.000000000000000000e+01,1.446663999999999910e-06,0.000000000000000000e+00
8.231071682858429384e+00,2.079891126783171273e+02,3.000000000000000000e+01,1.447784999999999937e-06,0.000000000000000000e+00
8.606521092900763392e+00,2.079887372289070981e+02,3.000000000000000000e+01,1.508568000000000013e-06,0.000000000000000000e+00
9.033697956625227121e+00,2.079883100520433743e+02,3.000000000000000000e+01,1.477238000000000009e-06,0.000000000000000000e+00
9.458453319800478099e+00,2.079878852966801901e+02,3.000000000000000000e+01,1.499953000000000011e-06,0.000000000000000000e+00
9.865984906423767242e+00,2.079874777650935869e+02,3.000000000000000000e+01,1.402266000000000018e-06,0.000000000000000000e+00
1.029644663827719953e+01,2.079870473033617202e+02,3.000000000000000000e+01,1.325780999999999979e-06,0.000000000000000000e+00
1.072186291909772926e+01,2.079866218870809007e+02,3.000000000000000000e+01,1.324558999999999916e-06,0.000000000000000000e+00
1.113514196127689182e+01,2.079862086080387087e+02,3.000000000000000000e+01,1.318520000000000083e-06,0.000000000000000000e+00
1.152501449533755640e+01,2.079858187355046653e+02,3.000000000000000000e+01,1.247536000000000061e-06,0.000000000000000000e+00
1.197135178632568397e+01,2.079853723982136842e+02,3.000000000000000000e+01,1.229040000000000052e-06,0.000000000000000000e+00
1.239489176432643980e+01,2.079849488582356685e+02,3.000000000000000000e+01,1.217514999999999980e-06,0.000000000000000000e+00
1.283510780786814465e+01,2.079845086421921394e+02,3.000000000000000000e+01,1.220483999999999985e-06,0.000000000000000000e+00
1.324237172587785949e+01,2.079841013782741186e+02,3.000000000000000000e+01,1.218518999999999954e-06,0.000000000000000000e+00
1.365710622335789637e+01,2.079836866437766503e+02,3.000000000000000000e+01,1.181978999999999920e-06,0.000000000000000000e+00
1.407222994366899194e+01,2.079832715200563200e+02,3.000000000000000000e+01,1.236840000000000003e-06,0.000000000000000000e+00
1.448974741582702563e+01,2.079828540025841619e+02,3.000000000000000000e+01,1.245542000000000076e-06,0.000000000000000000e+00
1.489757683636363517e+01,2.079824461731636234e+02,3.000000000000000000e+01,9.566283999999999768e-07,0.000000000000000000e+00
1.532820462289692465e+01,2.079820155453770951e+02,3.000000000000000000e+01,1.186665000000000098e-06,0.000000000000000000e+00
1.573482698244274935e+01,2.079816089230175464e+02,3.000000000000000000e+01,1.214837999999999989e-06,0.000000000000000000e+00
1.614876710582871766e+01,2.079811949828941806e+02,3.000000000000000000e+01,1.276509000000000012e-06,0.000000000000000000e+00
1.656794412755344936e+01,2.079807758058724403e+02,3.000000000000000000e+01,1.346518000000000014e-06,0.000000000000000000e+00
1.697415013507195525e+01,2.079803695998649289e+02,3.000000000000000000e+01,1.292806999999999911e-06,0.000000000000000000e+00
1.740271522876536991e+01,2.079799410347712296e+02,3.000000000000000000e+01,1.353401000000000063e-06,0.000000000000000000e+00
1.783337934691505211e+01,2.079795103706530881e+02,3.000000000000000000e+01,1.220526999999999902e-06,0.000000000000000000e+00
1.824077169419847522e+01,2.079791029783058036e+02,3.000000000000000000e+01,1.330772999999999922e-06,0.000000000000000000e+00
1.865537251619264936e+01,2.079786883774837918e+02,3.000000000000000000e+01,1.332620999999999900e-06,0.000000000000000000e+00
1.907112854026028970e+01,2.079782726214597517e+02,3.000000000000000000e+01,1.246517000000000097e-06,0.000000000000000000e+00
1.946915881031350537e+01,2.079778745911896749e+02,3.000000000000000000e+01,1.333960000000000015e-06,0.000000000000000000e+00
1.989690682223330498e+01,2.079774468431777734e+02,3.000000000000000000e+01,1.333420999999999960e-06,0.000000000000000000e+00
2.032775227461288381e+01,2.079770159977253741e+02,3.000000000000000000e+01,1.287713999999999933e-06,0.000000000000000000e+00
2.073427098473282371e+01,2.079766094790152522e+02,3.000000000000000000e+01,1.302556000000000087e-06,0.000000000000000000e+00
2.114808154134704665e+01,2.079761956684586437e+02,3.000000000000000000e+01,1.280263000000000087e-06,0.000000000000000000e+00
2.156330502620864920e+01,2.079757804449737932e+02,3.000000000000000000e+01,1.231281000000000079e-06,0.000000000000000000e+00
2.200550576798110569e+01,2.079753382442320060e+02,3.000000000000000000e+01,1.221065999999999957e-06,0.000000000000000000e+00
2.242948877734678703e+01,2.079749142612226649e+02,3.000000000000000000e+01,1.207169000000000054e-06,0.000000000000000000e+00
2.282134798750868043e+01,2.079745224020124965e+02,3.000000000000000000e+01,1.251711999999999926e-06,0.000000000000000000e+00
2.325227159502850682e+01,2.079740914784049721e+02,3.000000000000000000e+01,1.093416000000000002e-06,0.000000000000000000e+00
2.367616035038167865e+01,2.079736675896496081e+02,3.000000000000000000e+01,1.112682999999999906e-06,0.000000000000000000e+00
2.411100560135707838e+01,2.079732327443986435e+02,3.000000000000000000e+01,1.172243999999999919e-06,0.000000000000000000e+00
2.452632713759376770e+01,2.079728174228623914e+02,3.000000000000000000e+01,1.221923999999999924e-06,0.000000000000000000e+00
2.493536780565385058e+01,2.079724083821943452e+02,3.000000000000000000e+01,1.281237999999999895e-06,0.000000000000000000e+00
2.536041666238723025e+01,2.079719833333376187e+02,3.000000000000000000e+01,1.289226999999999981e-06,0.000000000000000000e+00
2.578772749744548065e+01,2.079715560225025399e+02,3.000000000000000000e+01,1.190507000000000060e-06,0.000000000000000000e+00
2.618810051369046121e+01,2.079711556494863203e+02,3.000000000000000000e+01,1.095307999999999924e-06,0.000000000000000000e+00
2.660361366406021943e+01,2.079707401363359338e+02,3.000000000000000000e+01,1.107954000000000023e-06,0.000000000000000000e+00
2.699325008627887712e+01,2.079703504999137067e+02,3.000000000000000000e+01,1.158318000000000063e-06,0.000000000000000000e+00
2.742326659859903515e+01,2.079699204834014097e+02,3.000000000000000000e+01,1.192019999999999897e-06,0.000000000000000000e+00
2.785395940543471127e+01,2.079694897905945652e+02,3.000000000000000000e+01,1.259701000000000012e-06,0.000000000000000000e+00
2.826222549170480036e+01,2.079690815245082831e+02,3.000000000000000000e+01,1.285400000000000009e-06,0.000000000000000000e+00
2.868018417875791926e+01,2.079686635658212310e+02,3.000000000000000000e+01,1.263368000000000014e-06,0.000000000000000000e+00
2.909539310756845154e+01,2.079682483568924170e+02,3.000000000000000000e+01,1.211431999999999991e-06,0.000000000000000000e+00
2.953177433375984151e+01,2.079678119756662511e+02,3.000000000000000000e+01,1.200023999999999973e-06,0.000000000000000000e+00
2.991694518979875639e+01,2.079674268048102022e+02,3.000000000000000000e+01,1.293766999999999941e-06,0.000000000000000000e+00
3.035753108347050144e+01,2.079669862189165315e+02,3.000000000000000000e+01,1.371692999999999947e-06,0.000000000000000000e+00
3.078124894086213459e+01,2.079665625010591441e+02,3.000000000000000000e+01,1.277644000000000002e-06,0.000000000000000000e+00
3.122787441942324094e+01,2.079661158755805843e+02,3.000000000000000000e+01,1.287888000000000077e-06,0.000000000000000000e+00
3.161716771893908273e+01,2.079657265822810643e+02,3.000000000000000000e+01,1.420165000000000065e-06,0.000000000000000000e+00
3.203052599098000286e+01,2.079653132240090088e+02,3.000000000000000000e+01,1.381121999999999971e-06,0.000000000000000000e+00
3.245608113153043917e+01,2.079648876688684709e+02,3.000000000000000000e+01,1.347957999999999953e-06,0.000000000000000000e+00
3.288680210032313767e+01,2.079644569478996630e+02,3.000000000000000000e+01,1.213906000000000097e-06,0.000000000000000000e+00
3.329479530350675986e+01,2.079640489546964943e+02,3.000000000000000000e+01,1.346067000000000058e-06,0.000000000000000000e+00
3.372018647483234588e+01,2.079636235635251751e+02,3.000000000000000000e+01,1.299267999999999958e-06,0.000000000000000000e+00
3.413573404553768142e+01,2.079632080159544500e+02,3.000000000000000000e+01,1.269582000000000019e-06,0.000000000000000000e+00
3.454584719635487744e+01,2.079627979028036293e+02,3.000000000000000000e+01,1.224224000000000097e-06,0.000000000000000000e+00
3.494983156400859059e+01,2.079623939184359926e+02,3.000000000000000000e+01,1.244639999999999954e-06,0.000000000000000000e+00
3.538080551238343219e+01,2.079619629444876239e+02,3.000000000000000000e+01,1.272929000000000082e-06,0.000000000000000000e+00
3.578890958010020285e+01,2.079615548404198933e+02,3.000000000000000000e+01,1.316293000000000020e-06,0.000000000000000000e+00
3.621310395334906218e+01,2.079611306460466551e+02,3.000000000000000000e+01,1.271327999999999934e-06,0.000000000000000000e+00
3.662859593649110934e+01,2.079607151540635073e+02,3.000000000000000000e+01,1.232328999999999996e-06,0.000000000000000000e+00
3.701602484120125780e+01,2.079603277251588054e+02,3.000000000000000000e+01,1.279505999999999943e-06,0.000000000000000000e+00
3.744381133987820220e+01,2.079598999386601292e+02,3.000000000000000000e+01,1.334178000000000103e-06,0.000000000000000000e+00
3.788721210401259754e+01,2.079594565378959885e+02,3.000000000000000000e+01,1.305860000000000021e-06,0.000000000000000000e+00
3.828286467489319023e+01,2.079590608853251013e+02,3.000000000000000000e+01,1.178763000000000084e-06,0.000000000000000000e+00
3.870529879354308633e+01,2.079586384512064683e+02,3.000000000000000000e+01,1.331544000000000028e-06,0.000000000000000000e+00
3.913381206460077522e+01,2.079582099379354077e+02,3.000000000000000000e+01,1.187247000000000070e-06,0.000000000000000000e+00
3.955261389859032306e+01,2.079577911361014060e+02,3.000000000000000000e+01,1.256950999999999911e-06,0.000000000000000000e+00
3.995679749841360717e+01,2.079573869525015937e+02,3.000000000000000000e+01,1.262917000000000058e-06,0.000000000000000000e+00
4.038039028411937181e+01,2.079569633597158713e+02,3.000000000000000000e+01,1.295891999999999942e-06,0.000000000000000000e+00
4.081629392982525673e+01,2.079565274560701766e+02,3.000000000000000000e+01,1.259090000000000086e-06,0.000000000000000000e+00
4.120366992609557144e+01,2.079561400800739079e+02,3.000000000000000000e+01,1.243198999999999987e-06,0.000000000000000000e+00
4.164214719346887250e+01,2.079557016028065277e+02,3.000000000000000000e+01,1.369335000000000079e-06,0.000000000000000000e+00
4.205775697829140825e+01,2.079552859930217039e+02,3.000000000000000000e+01,1.340798999999999908e-06,0.000000000000000000e+00
4.247784000902171186e+01,2.079548659099909855e+02,3.000000000000000000e+01,1.379710999999999986e-06,0.000000000000000000e+00
4.288578478695350782e+01,2.079544579652130381e+02,3.000000000000000000e+01,1.434717000000000048e-06,0.000000000000000000e+00
4.332292863627472457e+01,2.079540208213637129e+02,3.000000000000000000e+01,1.462059999999999898e-06,0.000000000000000000e+00
4.374657145065483377e+01,2.079535971785493302e+02,3.000000000000000000e+01,1.297536000000000006e-06,0.000000000000000000e+00
4.418951657539692945e+01,2.079531542334246126e+02,3.000000000000000000e+01,1.416162999999999921e-06,0.000000000000000000e+00
4.457734121960400131e+01,2.079527664087804055e+02,3.000000000000000000e+01,1.389126000000000047e-06,0.000000000000000000e+00
4.499406806427967354e+01,2.079523496819357149e+02,3.000000000000000000e+01,1.436143000000000024e-06,0.000000000000000000e+00
4.541036571914759179e+01,2.079519333842808635e+02,3.000000000000000000e+01,1.453546999999999959e-06,0.000000000000000000e+00
4.583318794326609691e+01,2.079515105620567397e+02,3.000000000000000000e+01,1.428256000000000001e-06,0.000000000000000000e+00
4.626276900447289364e+01,2.079510809809955276e+02,3.000000000000000000e+01,1.486172999999999950e-06,0.000000000000000000e+00
4.665465553985209368e+01,2.079506890944601594e+02,3.000000000000000000e+01,1.468201000000000006e-06,0.000000000000000000e+00
4.708002995588905293e+01,2.079502637200441200e+02,3.000000000000000000e+01,1.486172999999999950e-06,0.000000000000000000e+00
4.746509073114874866e+01,2.079498786592688475e+02,3.000000000000000000e+01,1.403197999999999910e-06,0.000000000000000000e+00
4.791019096063744342e+01,2.079494335590393632e+02,3.000000000000000000e+01,1.503024000000000079e-06,0.000000000000000000e+00
4.834082180545892271e+01,2.079490029281945453e+02,3.000000000000000000e+01,1.399458000000000010e-06,0.000000000000000000e+00
4.875706629376937684e+01,2.079485866837062247e+02,3.000000000000000000e+01,1.388936999999999912e-06,0.000000000000000000e+00
4.917423978116468675e+01,2.079481695102188326e+02,3.000000000000000000e+01,1.464054000000000095e-06,0.000000000000000000e+00
4.958058135114504239e+01,2.079477631686488621e+02,3.000000000000000000e+01,1.470354999999999960e-06,0.000000000000000000e+00
4.998127289976144283e+01,2.079473624771002278e+02,3.000000000000000000e+01,1.496970000000000043e-06,0.000000000000000000e+00
5.041219893699984311e+01,2.079469315510629883e+02,3.000000000000000000e+01,1.323088999999999997e-06,0.000000000000000000e+00
5.085225862226251081e+01,2.079464914913777420e+02,3.000000000000000000e+01,1.330874999999999984e-06,0.000000000000000000e+00
5.125112352985519948e+01,2.079460926264701470e+02,3.000000000000000000e+01,1.298554999999999970e-06,0.000000000000000000e+00
5.167474132989813285e+01,2.079456690086701087e+02,3.000000000000000000e+01,1.260269000000000020e-06,0.000000000000000000e+00
5.210936869423240125e+01,2.079452343813057666e+02,3.000000000000000000e+01,1.252715999999999900e-06,0.000000000000000000e+00
5.252450225716330579e+01,2.079448192477428279e+02,3.000000000000000000e+01,1.263645000000000037e-06,0.000000000000000000e+00
5.293393293378128561e+01,2.079444098170662301e+02,3.000000000000000000e+01,1.334934000000000008e-06,0.000000000000000000e+00
5.335882723733518418e+01,2.079439849227626667e+02,3.000000000000000000e+01,1.262379000000000031e-06,0.000000000000000000e+00
5.379377491104272480e+01,2.079435499750889562e+02,3.000000000000000000e+01,1.235414000000000027e-06,0.000000000000000000e+00
5.419801589312745449e+01,2.079431457341068779e+02,3.000000000000000000e+01,1.217689999999999941e-06,0.000000000000000000e+00
5.461676352328245088e+01,2.079427269864767140e+02,3.000000000000000000e+01,1.223409000000000046e-06,0.000000000000000000e+00
5.503695746767583330e+01,2.079423067925323210e+02,3.000000000000000000e+01,1.262801000000000033e-06,0.000000000000000000e+00
5.543992087902860533e+01,2.079419038291209745e+02,3.000000000000000000e+01,1.199805000000000069e-06,0.000000000000000000e+00
5.587655308798335341e+01,2.079414671969120150e+02,3.000000000000000000e+01,1.165855999999999981e-06,0.000000000000000000e+00
5.626308141320164680e+01,2.079410806685868067e+02,3.000000000000000000e+01,1.161883000000000002e-06,0.000000000000000000e+00
5.670769426416094205e+01,2.079406360557358369e+02,3.000000000000000000e+01,1.220847000000000053e-06,0.000000000000000000e+00
5.711068626446241581e+01,2.079402330637355476e+02,3.000000000000000000e+01,1.295353000000000098e-06,0.000000000000000000e+00
5.751069853335806670e+01,2.079398330514666497e+02,3.000000000000000000e+01,1.255408000000000094e-06,0.000000000000000000e+00
5.793938331105375994e+01,2.079394043666889331e+02,3.000000000000000000e+01,1.197520999999999914e-06,0.000000000000000000e+00
5.834760061175449408e+01,2.079389961493882311e+02,3.000000000000000000e+01,1.069434999999999994e-06,0.000000000000000000e+00
5.877818844405890530e+01,2.079385655615559472e+02,3.000000000000000000e+01,1.144086000000000018e-06,0.000000000000000000e+00
5.920005056446140657e+01,2.079381436994355283e+02,3.000000000000000000e+01,1.169363000000000014e-06,0.000000000000000000e+00
5.958781829713468170e+01,2.079377559317028670e+02,3.000000000000000000e+01,1.042819000000000095e-06,0.000000000000000000e+00
6.002807989808916744e+01,2.079373156701018956e+02,3.000000000000000000e+01,1.012259999999999986e-06,0.000000000000000000e+00
6.045184296908396959e+01,2.079368919070309119e+02,3.000000000000000000e+01,1.038177000000000072e-06,0.000000000000000000e+00
6.085086521720460695e+01,2.079364928847827798e+02,3.000000000000000000e+01,9.606446999999999014e-07,0.000000000000000000e+00
6.129518868806384546e+01,2.079360485613119351e+02,3.000000000000000000e+01,9.611686000000000270e-07,0.000000000000000000e+00
6.169849508280255179e+01,2.079356452549172047e+02,3.000000000000000000e+01,8.774222999999999569e-07,0.000000000000000000e+00
6.210831973324143718e+01,2.079352354302667436e+02,3.000000000000000000e+01,9.659706999999999585e-07,0.000000000000000000e+00
6.252362253417795301e+01,2.079348201274658265e+02,3.000000000000000000e+01,8.346104999999999944e-07,0.000000000000000000e+00
6.297002315492152036e+01,2.079343737268450809e+02,3.000000000000000000e+01,7.935886999999999969e-07,0.000000000000000000e+00
6.339429204284453334e+01,2.079339494579571408e+02,3.000000000000000000e+01,8.890637999999999622e-07,0.000000000000000000e+00
6.383485043690226490e+01,2.079335088995630940e+02,3.000000000000000000e+01,8.719508000000000127e-07,0.000000000000000000e+00
6.424239736221375097e+01,2.079331013526377774e+02,3.000000000000000000e+01,8.165516000000000232e-07,0.000000000000000000e+00
6.465676644609960988e+01,2.079326869835539071e+02,3.000000000000000000e+01,9.526993000000000029e-07,0.000000000000000000e+00
6.506503682633588426e+01,2.079322787131736732e+02,3.000000000000000000e+01,8.341740000000000156e-07,0.000000000000000000e+00
6.546734085385266155e+01,2.079318764091461560e+02,3.000000000000000000e+01,1.026564999999999928e-06,0.000000000000000000e+00
6.591301844414228128e+01,2.079314307315558494e+02,3.000000000000000000e+01,1.076900000000000015e-06,0.000000000000000000e+00
6.630607654996529732e+01,2.079310376734500210e+02,3.000000000000000000e+01,9.332580000000000312e-07,0.000000000000000000e+00
6.673416414769263838e+01,2.079306095858522951e+02,3.000000000000000000e+01,1.035411999999999981e-06,0.000000000000000000e+00
6.712174527441885630e+01,2.079302220047255787e+02,3.000000000000000000e+01,9.576323999999999506e-07,0.000000000000000000e+00
6.756470341347045405e+01,2.079297790465865319e+02,3.000000000000000000e+01,9.833456999999999404e-07,0.000000000000000000e+00
6.796437543399002834e+01,2.079293793745659968e+02,3.000000000000000000e+01,1.003557999999999913e-06,0.000000000000000000e+00
6.838126838025715415e+01,2.079289624816197488e+02,3.000000000000000000e+01,9.569775999999999599e-07,0.000000000000000000e+00
6.881683939565027686e+01,2.079285269106043472e+02,3.000000000000000000e+01,9.805516999999998957e-07,0.000000000000000000e+00
6.922650458334879886e+01,2.079281172454166438e+02,3.000000000000000000e+01,1.027830999999999934e-06,0.000000000000000000e+00
6.964213176802374505e+01,2.079277016182319642e+02,3.000000000000000000e+01,1.019405000000000068e-06,0.000000000000000000e+00
7.005764868576881099e+01,2.079272861013142233e+02,3.000000000000000000e+01,1.100080999999999963e-06,0.000000000000000000e+00
7.045910526847305277e+01,2.079268846447315298e+02,3.000000000000000000e+01,9.985379000000001047e-07,0.000000000000000000e+00
7.089976368863761991e+01,2.079264439863113694e+02,3.000000000000000000e+01,1.057691000000000018e-06,0.000000000000000000e+00
7.132356255292349090e+01,2.079260201874470795e+02,3.000000000000000000e+01,9.442738000000000443e-07,0.000000000000000000e+00
7.177066429319917518e+01,2.079255730857067874e+02,3.000000000000000000e+01,1.000095000000000036e-06,0.000000000000000000e+00
7.215603845850230869e+01,2.079251877115414970e+02,3.000000000000000000e+01,9.223730999999999891e-07,0.000000000000000000e+00
7.257817791565722132e+01,2.079247655720843397e+02,3.000000000000000000e+01,1.136664999999999941e-06,0.000000000000000000e+00
7.299468440970701977e+01,2.079243490655902917e+02,3.000000000000000000e+01,1.143445999999999928e-06,0.000000000000000000e+00
7.344296998864449222e+01,2.079239007800113654e+02,3.000000000000000000e+01,1.050662999999999990e-06,0.000000000000000000e+00
7.383360324399818353e+01,2.079235101467560014e+02,3.000000000000000000e+01,1.169639000000000009e-06,0.000000000000000000e+00
7.426605125931580176e+01,2.079230776987406841e+02,3.000000000000000000e+01,1.131832999999999968e-06,0.000000000000000000e+00
7.467281395385148812e+01,2.079226709360461598e+02,3.000000000000000000e+01,1.260516000000000062e-06,0.000000000000000000e+00
7.508866321026766855e+01,2.079222550867897326e+02,3.000000000000000000e+01,9.442592000000000225e-07,0.000000000000000000e+00
7.551157193242393362e+01,2.079218321780675751e+02,3.000000000000000000e+01,1.281906999999999939e-06,0.000000000000000000e+00
7.591177160065841178e+01,2.079214319783993403e+02,3.000000000000000000e+01,1.155174999999999913e-06,0.000000000000000000e+00
7.635053624722951326e+01,2.079209932137527801e+02,3.000000000000000000e+01,1.230800999999999958e-06,0.000000000000000000e+00
7.675871118355308909e+01,2.079205850388164549e+02,3.000000000000000000e+01,1.200008999999999982e-06,0.000000000000000000e+00
7.717574352797731763e+01,2.079201680064720108e+02,3.000000000000000000e+01,1.154796000000000039e-06,0.000000000000000000e+00
7.758204070610686642e+01,2.079197617092938799e+02,3.000000000000000000e+01,1.096850999999999953e-06,0.000000000000000000e+00
7.798241267723537362e+01,2.079193613373227549e+02,3.000000000000000000e+01,1.013803000000000016e-06,0.000000000000000000e+00
7.842937235678331831e+01,2.079189143776432047e+02,3.000000000000000000e+01,8.455681000000000104e-07,0.000000000000000000e+00
7.882112530673144590e+01,2.079185226246932530e+02,3.000000000000000000e+01,1.031527000000000102e-06,0.000000000000000000e+00
7.925231367061068966e+01,2.079180914363293766e+02,3.000000000000000000e+01,1.096864999999999916e-06,0.000000000000000000e+00
7.969589027147667082e+01,2.079176478597285325e+02,3.000000000000000000e+01,1.023946000000000055e-06,0.000000000000000000e+00
8.007511809537442105e+01,2.079172686319046193e+02,3.000000000000000000e+01,9.863434000000000811e-07,0.000000000000000000e+00
8.049867993435114499e+01,2.079168450700656479e+02,3.000000000000000000e+01,1.019215999999999933e-06,0.000000000000000000e+00
8.092931622077161080e+01,2.079164144337792379e+02,3.000000000000000000e+01,7.746858000000000216e-07,0.000000000000000000e+00
8.133728668369802506e+01,2.079160064633163074e+02,3.000000000000000000e+01,9.007489999999999880e-07,0.000000000000000000e+00
8.176782573043308844e+01,2.079155759242695751e+02,3.000000000000000000e+01,1.085281999999999937e-06,0.000000000000000000e+00
8.218694556662337902e+01,2.079151568044333658e+02,3.000000000000000000e+01,1.047606999999999912e-06,0.000000000000000000e+00
8.260631019430950062e+01,2.079147374398056911e+02,3.000000000000000000e+01,9.616778999999999189e-07,0.000000000000000000e+00
8.301568031489300381e+01,2.079143280696850979e+02,3.000000000000000000e+01,9.241776000000000368e-07,0.000000000000000000e+00
8.343924808626159972e+01,2.079139045019137484e+02,3.000000000000000000e+01,9.620852999999998991e-07,0.000000000000000000e+00
8.387542115358924377e+01,2.079134683288464203e+02,3.000000000000000000e+01,8.634670000000000119e-07,0.000000000000000000e+00
8.430618908605134720e+01,2.079130375609139492e+02,3.000000000000000000e+01,8.398928999999999702e-07,0.000000000000000000e+00
8.471045074364234040e+01,2.079126332992563562e+02,3.000000000000000000e+01,9.278446999999999783e-07,0.000000000000000000e+00
8.512154267023616683e+01,2.079122222073297621e+02,3.000000000000000000e+01,9.108479999999999781e-07,0.000000000000000000e+00
8.555318903491649962e+01,2.079117905609650734e+02,3.000000000000000000e+01,8.682109000000000522e-07,0.000000000000000000e+00
8.593870888352019222e+01,2.079114050411164669e+02,3.000000000000000000e+01,9.648938000000000265e-07,0.000000000000000000e+00
8.635970149406595908e+01,2.079109840485059237e+02,3.000000000000000000e+01,8.362695000000000491e-07,0.000000000000000000e+00
8.678030954860564350e+01,2.079105634404513978e+02,3.000000000000000000e+01,9.153882000000000282e-07,0.000000000000000000e+00
8.722679905638091213e+01,2.079101169509436033e+02,3.000000000000000000e+01,8.714122999999999712e-07,0.000000000000000000e+00
8.760309136313755118e+01,2.079097406586368493e+02,3.000000000000000000e+01,9.132053999999999989e-07,0.000000000000000000e+00
8.802973562001696450e+01,2.079093140143799872e+02,3.000000000000000000e+01,9.617942999999999133e-07,0.000000000000000000e+00
8.843785355115997504e+01,2.079089058964488288e+02,3.000000000000000000e+01,8.777569999999999632e-07,0.000000000000000000e+00
8.886299294103359614e+01,2.079084807570589533e+02,3.000000000000000000e+01,8.058123000000000191e-07,0.000000000000000000e+00
8.929373570159611972e+01,2.079080500142983965e+02,3.000000000000000000e+01,8.309143999999999934e-07,0.000000000000000000e+00
8.969712188859466551e+01,2.079076466281113937e+02,3.000000000000000000e+01,7.391500000000000509e-07,0.000000000000000000e+00
9.010666161550084041e+01,2.079072370883845053e+02,3.000000000000000000e+01,9.127980000000000187e-07,0.000000000000000000e+00
9.054486373930676280e+01,2.079067988862607024e+02,3.000000000000000000e+01,9.038631000000000172e-07,0.000000000000000000e+00
9.096867643740458220e+01,2.079063750735626002e+02,3.000000000000000000e+01,9.364011999999999531e-07,0.000000000000000000e+00
9.138947372013598169e+01,2.079059542762798571e+02,3.000000000000000000e+01,8.474307999999999494e-07,0.000000000000000000e+00
9.180991792539903429e+01,2.079055338320746102e+02,3.000000000000000000e+01,8.675269999999999569e-07,0.000000000000000000e+00
9.223847649472511989e+01,2.079051052735052849e+02,3.000000000000000000e+01,9.312935000000000138e-07,0.000000000000000000e+00
9.265366305171362171e+01,2.079046900869482783e+02,3.000000000000000000e+01,9.955837999999999393e-07,0.000000000000000000e+00
9.304170894062765740e+01,2.079043020410593670e+02,3.000000000000000000e+01,8.695787999999999701e-07,0.000000000000000000e+00
9.348632647496361869e+01,2.079038574235250394e+02,3.000000000000000000e+01,9.174254999999999587e-07,0.000000000000000000e+00
9.391840421973064679e+01,2.079034253457802777e+02,3.000000000000000000e+01,9.241921000000000135e-07,0.000000000000000000e+00
9.430889122404579439e+01,2.079030348587759534e+02,3.000000000000000000e+01,9.565119000000000433e-07,0.000000000000000000e+00
9.475644179981311765e+01,2.079025873082001965e+02,3.000000000000000000e+01,8.397036999999999569e-07,0.000000000000000000e+00
9.514646935510377546e+01,2.079021972806448844e+02,3.000000000000000000e+01,9.836076000000000336e-07,0.000000000000000000e+00
9.556189636569123991e+01,2.079017818536343043e+02,3.000000000000000000e+01,9.659270000000000440e-07,0.000000000000000000e+00
9.598143368341609971e+01,2.079013623163165789e+02,3.000000000000000000e+01,9.009382000000000014e-07,0.000000000000000000e+00
9.638936408752792318e+01,2.079009543859124562e+02,3.000000000000000000e+01,8.561619000000000215e-07,0.000000000000000000e+00
9.681992045282035519e+01,2.079005238295471827e+02,3.000000000000000000e+01,8.387578000000000410e-07,0.000000000000000000e+00
9.722545482554447460e+01,2.079001182951744511e+02,3.000000000000000000e+01,1.099644999999999998e-06,0.000000000000000000e+00
9.763791376319348103e+01,2.078997058362367909e+02,3.000000000000000000e+01,1.026098999999999982e-06,0.000000000000000000e+00
9.807270947608483880e+01,2.078992710405238995e+02,3.000000000000000000e+01,1.022722999999999966e-06,0.000000000000000000e+00
9.845527599475170177e+01,2.078988884740052470e+02,3.000000000000000000e+01,1.069070999999999899e-06,0.000000000000000000e+00
9.889517210954200266e+01,2.078984485778904627e+02,3.000000000000000000e+01,1.093227000000000079e-06,0.000000000000000000e+00
9.931282949578192643e+01,2.078980309205042261e+02,3.000000000000000000e+01,1.026942999999999986e-06,0.000000000000000000e+00
9.971787988492091870e+01,2.078976258701150641e+02,3.000000000000000000e+01,1.091771999999999938e-06,0.000000000000000000e+00
1.001574660368956842e+02,2.078971862839630944e+02,3.000000000000000000e+01,1.147636999999999995e-06,0.000000000000000000e+00
1.005657158290989770e+02,2.078967780341708931e+02,3.000000000000000000e+01,1.177569999999999976e-06,0.000000000000000000e+00
1.009676613458746033e+02,2.078963760886541365e+02,3.000000000000000000e+01,1.106425999999999984e-06,0.000000000000000000e+00
1.013987231666196749e+02,2.078959450268333740e+02,3.000000000000000000e+01,1.024978999999999983e-06,0.000000000000000000e+00
1.018374387671461534e+02,2.078955063112328503e+02,3.000000000000000000e+01,1.130828999999999994e-06,0.000000000000000000e+00
1.022373463775671638e+02,2.078951064036224352e+02,3.000000000000000000e+01,1.133404999999999951e-06,0.000000000000000000e+00
1.026497206384817247e+02,2.078946940293615171e+02,3.000000000000000000e+01,1.195614000000000002e-06,0.000000000000000000e+00
1.030927409916505439e+02,2.078942510090083431e+02,3.000000000000000000e+01,1.181223000000000015e-06,0.000000000000000000e+00
1.035082263482386793e+02,2.078938355236517737e+02,3.000000000000000000e+01,1.180466000000000083e-06,0.000000000000000000e+00
1.039372469225997975e+02,2.078934065030773866e+02,3.000000000000000000e+01,1.251363000000000033e-06,0.000000000000000000e+00
1.043453297999089244e+02,2.078929984202000867e+02,3.000000000000000000e+01,1.228850999999999917e-06,0.000000000000000000e+00
1.047761023917418584e+02,2.078925676476082458e+02,3.000000000000000000e+01,1.205843999999999902e-06,0.000000000000000000e+00
1.051774746416660804e+02,2.078921662753583348e+02,3.000000000000000000e+01,1.184627999999999985e-06,0.000000000000000000e+00
1.055848524504996391e+02,2.078917588975494937e+02,3.000000000000000000e+01,1.298437999999999917e-06,0.000000000000000000e+00
1.060227134576682744e+02,2.078913210365423367e+02,3.000000000000000000e+01,1.272681000000000013e-06,0.000000000000000000e+00
1.064081365774018622e+02,2.078909356134225845e+02,3.000000000000000000e+01,1.296372000000000062e-06,0.000000000000000000e+00
1.068480208619480436e+02,2.078904957291380526e+02,3.000000000000000000e+01,1.260370000000000055e-06,0.000000000000000000e+00
1.072471028844310439e+02,2.078900966471155698e+02,3.000000000000000000e+01,1.397798999999999956e-06,0.000000000000000000e+00
1.076705500738089967e+02,2.078896731999261931e+02,3.000000000000000000e+01,1.367487000000000101e-06,0.000000000000000000e+00
1.081050481550083617e+02,2.078892387018449881e+02,3.000000000000000000e+01,1.341758999999999938e-06,0.000000000000000000e+00
1.084944621682570016e+02,2.078888492878317322e+02,3.000000000000000000e+01,1.295150000000000000e-06,0.000000000000000000e+00
1.089249107626111623e+02,2.078884188392373744e+02,3.000000000000000000e+01,1.344436999999999957e-06,0.000000000000000000e+00
1.093470160830152622e+02,2.078879967339169923e+02,3.000000000000000000e+01,1.312321000000000069e-06,0.000000000000000000e+00
1.097640304659625770e+02,2.078875797195340454e+02,3.000000000000000000e+01,1.416061000000000070e-06,0.000000000000000000e+00
1.101827793819810779e+02,2.078871609706180266e+02,3.000000000000000000e+01,1.331878999999999958e-06,0.000000000000000000e+00
1.105978200380629204e+02,2.078867459299619327e+02,3.000000000000000000e+01,1.433494999999999986e-06,0.000000000000000000e+00
1.110335385218597963e+02,2.078863102114781327e+02,3.000000000000000000e+01,1.364839000000000063e-06,0.000000000000000000e+00
1.114354544652305776e+02,2.078859082955347617e+02,3.000000000000000000e+01,1.476436999999999922e-06,0.000000000000000000e+00
1.118594698832061027e+02,2.078854842801167990e+02,3.000000000000000000e+01,1.342676000000000051e-06,0.000000000000000000e+00
1.123031682088872429e+02,2.078850405817911167e+02,3.000000000000000000e+01,1.365945000000000099e-06,0.000000000000000000e+00
1.127302255187001236e+02,2.078846135244812956e+02,3.000000000000000000e+01,1.515130999999999911e-06,0.000000000000000000e+00
1.131176888437458814e+02,2.078842260611562551e+02,3.000000000000000000e+01,1.452630000000000058e-06,0.000000000000000000e+00
1.135327639201632763e+02,2.078838109860798227e+02,3.000000000000000000e+01,1.570923000000000070e-06,0.000000000000000000e+00
1.139782809467783267e+02,2.078833654690532171e+02,3.000000000000000000e+01,1.584485000000000043e-06,0.000000000000000000e+00
1.143656519063997621e+02,2.078829780980935880e+02,3.000000000000000000e+01,1.575084999999999972e-06,0.000000000000000000e+00
1.148014605314057945e+02,2.078825422894686028e+02,3.000000000000000000e+01,1.496373000000000081e-06,0.000000000000000000e+00
1.152050255458350421e+02,2.078821387244541654e+02,3.000000000000000000e+01,1.591484999999999934e-06,0.000000000000000000e+00
1.156107174973891603e+02,2.078817330325026091e+02,3.000000000000000000e+01,1.525172000000000100e-06,0.000000000000000000e+00
1.160438761593545962e+02,2.078812998738406463e+02,3.000000000000000000e+01,1.408421999999999904e-06,0.000000000000000000e+00
1.164470014557252000e+02,2.078808967485442736e+02,3.000000000000000000e+01,1.547247000000000011e-06,0.000000000000000000e+00
1.168706430057969214e+02,2.078804731069942022e+02,3.000000000000000000e+01,1.435051999999999978e-06,0.000000000000000000e+00
1.173132617698546767e+02,2.078800304882301475e+02,3.000000000000000000e+01,1.328618999999999967e-06,0.000000000000000000e+00
1.177183348278346244e+02,2.078796254151721712e+02,3.000000000000000000e+01,1.402585999999999957e-06,0.000000000000000000e+00
1.181303017387017178e+02,2.078792134482612823e+02,3.000000000000000000e+01,1.535837999999999965e-06,0.000000000000000000e+00
1.185413142977647141e+02,2.078788024357022266e+02,3.000000000000000000e+01,1.524821999999999967e-06,0.000000000000000000e+00
1.189457292515614171e+02,2.078783980207484490e+02,3.000000000000000000e+01,1.514170000000000065e-06,0.000000000000000000e+00
1.193767019339839663e+02,2.078779670480660116e+02,3.000000000000000000e+01,1.521126000000000012e-06,0.000000000000000000e+00
1.197847880176960444e+02,2.078775589619822881e+02,3.000000000000000000e+01,1.498411000000000010e-06,0.000000000000000000e+00
1.202078106154213231e+02,2.078771359393845728e+02,3.000000000000000000e+01,1.461420000000000019e-06,0.000000000000000000e+00
1.206237449816100025e+02,2.078767200050183988e+02,3.000000000000000000e+01,1.508581999999999975e-06,0.000000000000000000e+00
1.210387379673451989e+02,2.078763050120326454e+02,3.000000000000000000e+01,1.545311999999999961e-06,0.000000000000000000e+00
1.214622108748644393e+02,2.078758815391251460e+02,3.000000000000000000e+01,1.490640000000000012e-06,0.000000000000000000e+00
1.218808754547442561e+02,2.078754628745452635e+02,3.000000000000000000e+01,1.431573999999999899e-06,0.000000000000000000e+00
1.223009020222067846e+02,2.078750428479777952e+02,3.000000000000000000e+01,1.500869999999999913e-06,0.000000000000000000e+00
1.227279507323667644e+02,2.078746157992676444e+02,3.000000000000000000e+01,1.517953999999999909e-06,0.000000000000000000e+00
1.231435816844170006e+02,2.078742001683155820e+02,3.000000000000000000e+01,1.593317999999999921e-06,0.000000000000000000e+00
1.235781626569969944e+02,2.078737655873430015e+02,3.000000000000000000e+01,1.505511999999999935e-06,0.000000000000000000e+00
1.240015768398863543e+02,2.078733421731601254e+02,3.000000000000000000e+01,1.553198999999999984e-06,0.000000000000000000e+00
1.244003767456284635e+02,2.078729433732543725e+02,3.000000000000000000e+01,1.458247000000000101e-06,0.000000000000000000e+00
1.248401491486196448e+02,2.078725036008513882e+02,3.000000000000000000e+01,1.573803999999999975e-06,0.000000000000000000e+00
1.252482567545981595e+02,2.078720954932454106e+02,3.000000000000000000e+01,1.631794000000000033e-06,0.000000000000000000e+00
1.256634140333430594e+02,2.078716803359666585e+02,3.000000000000000000e+01,1.671825999999999899e-06,0.000000000000000000e+00
1.260708419590162066e+02,2.078712729080409929e+02,3.000000000000000000e+01,1.714929000000000043e-06,0.000000000000000000e+00
1.264722811431545608e+02,2.078708714688568477e+02,3.000000000000000000e+01,1.659951999999999934e-06,0.000000000000000000e+00
1.269181986183206021e+02,2.078704255513816861e+02,3.000000000000000000e+01,1.579421000000000018e-06,0.000000000000000000e+00
1.273111276606375952e+02,2.078700326223393517e+02,3.000000000000000000e+01,1.546271999999999991e-06,0.000000000000000000e+00
1.277401533471519173e+02,2.078696035966528370e+02,3.000000000000000000e+01,1.580613999999999915e-06,0.000000000000000000e+00
1.281497744597501764e+02,2.078691939755402416e+02,3.000000000000000000e+01,1.601147000000000037e-06,0.000000000000000000e+00
1.285708527490656650e+02,2.078687728972509206e+02,3.000000000000000000e+01,1.574938999999999965e-06,0.000000000000000000e+00
1.289887366009845664e+02,2.078683550133990252e+02,3.000000000000000000e+01,1.578999000000000016e-06,0.000000000000000000e+00
1.293863242431297635e+02,2.078679574257568561e+02,3.000000000000000000e+01,1.631197000000000071e-06,0.000000000000000000e+00
1.298276744383430810e+02,2.078675160755616673e+02,3.000000000000000000e+01,1.689405000000000006e-06,0.000000000000000000e+00
1.302586945791117330e+02,2.078670850554208869e+02,3.000000000000000000e+01,1.703927000000000008e-06,0.000000000000000000e+00
1.306761679336284203e+02,2.078666675820663556e+02,3.000000000000000000e+01,1.668580999999999898e-06,0.000000000000000000e+00
1.310638536089272748e+02,2.078662798963910632e+02,3.000000000000000000e+01,1.698383000000000075e-06,0.000000000000000000e+00
1.315061115064767705e+02,2.078658376384935309e+02,3.000000000000000000e+01,1.697625999999999931e-06,0.000000000000000000e+00
1.319298543782055901e+02,2.078654138956217992e+02,3.000000000000000000e+01,1.611507999999999954e-06,0.000000000000000000e+00
1.323573103622447888e+02,2.078649864396377609e+02,3.000000000000000000e+01,1.714478000000000088e-06,0.000000000000000000e+00
1.327749455631844739e+02,2.078645688044368001e+02,3.000000000000000000e+01,1.572465000000000072e-06,0.000000000000000000e+00
1.331958091988973649e+02,2.078641479408011037e+02,3.000000000000000000e+01,1.757668000000000092e-06,0.000000000000000000e+00
1.336001695055702783e+02,2.078637435804944289e+02,3.000000000000000000e+01,1.637613999999999963e-06,0.000000000000000000e+00
1.339988569271741596e+02,2.078633448930728207e+02,3.000000000000000000e+01,1.747816000000000038e-06,0.000000000000000000e+00
1.344473050483074417e+02,2.078628964449517014e+02,3.000000000000000000e+01,1.829902999999999918e-06,0.000000000000000000e+00
1.348508311752380564e+02,2.078624929188247563e+02,3.000000000000000000e+01,1.815249999999999900e-06,0.000000000000000000e+00
1.352699593318542952e+02,2.078620737906681484e+02,3.000000000000000000e+01,1.841005999999999988e-06,0.000000000000000000e+00
1.356762517122595284e+02,2.078616674982877441e+02,3.000000000000000000e+01,1.784079000000000050e-06,0.000000000000000000e+00
1.361032232745778856e+02,2.078612405267254246e+02,3.000000000000000000e+01,1.669468000000000031e-06,0.000000000000000000e+00
1.365186252498210990e+02,2.078608251247501642e+02,3.000000000000000000e+01,1.718188000000000006e-06,0.000000000000000000e+00
1.369296085882750447e+02,2.078604141414117237e+02,3.000000000000000000e+01,1.644278999999999923e-06,0.000000000000000000e+00
1.373542030821279241e+02,2.078599895469178591e+02,3.000000000000000000e+01,1.843145999999999979e-06,0.000000000000000000e+00
1.377821092183455676e+02,2.078595616407816635e+02,3.000000000000000000e+01,1.754452000000000046e-06,0.000000000000000000e+00
1.381804264196994154e+02,2.078591633235803044e+02,3.000000000000000000e+01,1.836087999999999970e-06,0.000000000000000000e+00
1.385955267578456471e+02,2.078587482232421451e+02,3.000000000000000000e+01,1.926367999999999849e-06,0.000000000000000000e+00
1.389874271826332404e+02,2.078583563228173716e+02,3.000000000000000000e+01,1.833920000000000053e-06,0.000000000000000000e+00
1.394336059986163718e+02,2.078579101440013801e+02,3.000000000000000000e+01,1.838431000000000059e-06,0.000000000000000000e+00
1.398705166767148853e+02,2.078574732333232760e+02,3.000000000000000000e+01,1.666019999999999932e-06,0.000000000000000000e+00
1.402671131580750910e+02,2.078570766368419243e+02,3.000000000000000000e+01,1.731793999999999923e-06,0.000000000000000000e+00
1.406862920530110159e+02,2.078566574579469943e+02,3.000000000000000000e+01,1.700391000000000022e-06,0.000000000000000000e+00
1.411059410313374372e+02,2.078562378089686717e+02,3.000000000000000000e+01,1.923602999999999970e-06,0.000000000000000000e+00
1.415151275765166190e+02,2.078558286224234735e+02,3.000000000000000000e+01,1.794177999999999934e-06,0.000000000000000000e+00
1.419391160801526723e+02,2.078554046339198464e+02,3.000000000000000000e+01,1.769571000000000010e-06,0.000000000000000000e+00
1.423752797893777995e+02,2.078549684702106219e+02,3.000000000000000000e+01,2.043773000000000126e-06,0.000000000000000000e+00
1.428060247134244207e+02,2.078545377252865762e+02,3.000000000000000000e+01,1.984372000000000082e-06,0.000000000000000000e+00
1.432103191751908184e+02,2.078541334308248167e+02,3.000000000000000000e+01,1.800929999999999967e-06,0.000000000000000000e+00
1.436447831509184425e+02,2.078536989668490662e+02,3.000000000000000000e+01,1.787601000000000073e-06,0.000000000000000000e+00
1.440580541154130572e+02,2.078532856958845798e+02,3.000000000000000000e+01,1.720298000000000017e-06,0.000000000000000000e+00
1.444819415400763489e+02,2.078528618084599202e+02,3.000000000000000000e+01,1.817112000000000052e-06,0.000000000000000000e+00
1.448809585423316264e+02,2.078524627914576683e+02,3.000000000000000000e+01,1.902298999999999953e-06,0.000000000000000000e+00
1.453225926575437370e+02,2.078520211573424490e+02,3.000000000000000000e+01,1.918902999999999829e-06,0.000000000000000000e+00
1.457076534328034541e+02,2.078516360965672050e+02,3.000000000000000000e+01,1.847801999999999965e-06,0.000000000000000000e+00
1.461414577447451393e+02,2.078512022922552660e+02,3.000000000000000000e+01,1.937748000000000154e-06,0.000000000000000000e+00
1.465508781904580076e+02,2.078507928718095457e+02,3.000000000000000000e+01,1.899504999999999909e-06,0.000000000000000000e+00
1.469542871654919622e+02,2.078503894628344995e+02,3.000000000000000000e+01,1.823617000000000043e-06,0.000000000000000000e+00
1.473848746177401949e+02,2.078499588753822707e+02,3.000000000000000000e+01,1.788662999999999954e-06,0.000000000000000000e+00
1.477930285662734207e+02,2.078495507214337294e+02,3.000000000000000000e+01,1.807231000000000045e-06,0.000000000000000000e+00
1.482181883955787782e+02,2.078491255616044100e+02,3.000000000000000000e+01,1.887179999999999988e-06,0.000000000000000000e+00
1.486320566133026944e+02,2.078487116933866901e+02,3.000000000000000000e+01,1.659252999999999909e-06,0.000000000000000000e+00
1.490211926647758673e+02,2.078483225573352229e+02,3.000000000000000000e+01,1.864668000000000084e-06,0.000000000000000000e+00
1.494676469075814680e+02,2.078478761030924034e+02,3.000000000000000000e+01,1.965658000000000197e-06,0.000000000000000000e+00
1.498913431145038260e+02,2.078474524068854805e+02,3.000000000000000000e+01,1.836568000000000091e-06,0.000000000000000000e+00
1.502903269772656643e+02,2.078470534230227429e+02,3.000000000000000000e+01,1.892782000000000041e-06,0.000000000000000000e+00
1.507376614617647874e+02,2.078466060885382376e+02,3.000000000000000000e+01,1.929918999999999826e-06,0.000000000000000000e+00
1.511530382133163641e+02,2.078461907117866758e+02,3.000000000000000000e+01,1.991487999999999998e-06,0.000000000000000000e+00
1.515685064591406785e+02,2.078457752435408565e+02,3.000000000000000000e+01,1.904467000000000082e-06,0.000000000000000000e+00
1.519670609377571964e+02,2.078453766890622489e+02,3.000000000000000000e+01,2.078012999999999987e-06,0.000000000000000000e+00
1.524097629404580232e+02,2.078449339870595338e+02,3.000000000000000000e+01,1.944280999999999859e-06,0.000000000000000000e+00
1.528333035448364683e+02,2.078445104464551605e+02,3.000000000000000000e+01,2.026339999999999813e-06,0.000000000000000000e+00
1.532766426727099258e+02,2.078440671073272767e+02,3.000000000000000000e+01,1.858192000000000047e-06,0.000000000000000000e+00
1.536555613099861546e+02,2.078436881886900096e+02,3.000000000000000000e+01,1.886976000000000075e-06,0.000000000000000000e+00
1.540882574631430941e+02,2.078432554925368549e+02,3.000000000000000000e+01,2.069922999999999867e-06,0.000000000000000000e+00
1.545031242748091813e+02,2.078428406257251879e+02,3.000000000000000000e+01,2.097455000000000063e-06,0.000000000000000000e+00
1.549108508331634368e+02,2.078424328991668233e+02,3.000000000000000000e+01,2.018335999999999949e-06,0.000000000000000000e+00
1.553340048723311213e+02,2.078420097451276547e+02,3.000000000000000000e+01,1.939595999999999920e-06,0.000000000000000000e+00
1.557496695200784416e+02,2.078415940804799220e+02,3.000000000000000000e+01,1.971741000000000186e-06,0.000000000000000000e+00
1.561647935575052202e+02,2.078411789564424907e+02,3.000000000000000000e+01,2.158282000000000082e-06,0.000000000000000000e+00
1.565522290887693373e+02,2.078407915209112389e+02,3.000000000000000000e+01,2.059736000000000094e-06,0.000000000000000000e+00
1.569956744804026698e+02,2.078403480755195858e+02,3.000000000000000000e+01,2.106360999999999839e-06,0.000000000000000000e+00
1.574196174668288961e+02,2.078399241325331559e+02,3.000000000000000000e+01,2.073298999999999883e-06,0.000000000000000000e+00
1.578186348998783330e+02,2.078395251151001162e+02,3.000000000000000000e+01,2.076630999999999956e-06,0.000000000000000000e+00
1.582657526599583662e+02,2.078390779973400413e+02,3.000000000000000000e+01,2.052678999999999901e-06,0.000000000000000000e+00
1.586512404200299216e+02,2.078386925095799711e+02,3.000000000000000000e+01,2.038024999999999855e-06,0.000000000000000000e+00
1.590729528751292037e+02,2.078382707971248635e+02,3.000000000000000000e+01,1.890744999999999928e-06,0.000000000000000000e+00
1.594906998004857712e+02,2.078378530501994987e+02,3.000000000000000000e+01,1.784166999999999938e-06,0.000000000000000000e+00
1.599072217425947144e+02,2.078374365282573990e+02,3.000000000000000000e+01,1.801047000000000020e-06,0.000000000000000000e+00
1.603295328937563795e+02,2.078370142171062298e+02,3.000000000000000000e+01,1.716646000000000005e-06,0.000000000000000000e+00
1.607615234527541190e+02,2.078365822265472502e+02,3.000000000000000000e+01,1.876542000000000049e-06,0.000000000000000000e+00
1.611684008258333165e+02,2.078361753491741695e+02,3.000000000000000000e+01,1.991909999999999789e-06,0.000000000000000000e+00
1.615658964007633642e+02,2.078357778535992395e+02,3.000000000000000000e+01,1.933528000000000133e-06,0.000000000000000000e+00
1.620091130570678786e+02,2.078353346369429175e+02,3.000000000000000000e+01,1.885956999999999899e-06,0.000000000000000000e+00
1.624379724081455549e+02,2.078349057775918425e+02,3.000000000000000000e+01,1.863910999999999941e-06,0.000000000000000000e+00
1.628588437559589011e+02,2.078344849062440289e+02,3.000000000000000000e+01,1.816443000000000008e-06,0.000000000000000000e+00
1.632768403402225204e+02,2.078340669096597821e+02,3.000000000000000000e+01,1.821609000000000096e-06,0.000000000000000000e+00
1.636979356823495095e+02,2.078336458143176628e+02,3.000000000000000000e+01,1.967331999999999818e-06,0.000000000000000000e+00
1.641132059404702090e+02,2.078332305440595178e+02,3.000000000000000000e+01,1.743639999999999962e-06,0.000000000000000000e+00
1.645461617797054998e+02,2.078327975882203020e+02,3.000000000000000000e+01,1.805674000000000053e-06,0.000000000000000000e+00
1.649494953288007935e+02,2.078323942546711862e+02,3.000000000000000000e+01,1.674125000000000044e-06,0.000000000000000000e+00
1.653732852881679491e+02,2.078319704647118442e+02,3.000000000000000000e+01,1.690000999999999941e-06,0.000000000000000000e+00
1.657719244833130574e+02,2.078315718255166757e+02,3.000000000000000000e+01,1.742141000000000088e-06,0.000000000000000000e+00
1.662178754677692893e+02,2.078311258745322334e+02,3.000000000000000000e+01,1.850145000000000054e-06,0.000000000000000000e+00
1.666055669181222925e+02,2.078307381830818770e+02,3.000000000000000000e+01,1.811538999999999953e-06,0.000000000000000000e+00
1.670210866950459661e+02,2.078303226633049405e+02,3.000000000000000000e+01,1.738269999999999961e-06,0.000000000000000000e+00
1.674317048023378334e+02,2.078299120451976592e+02,3.000000000000000000e+01,1.885520999999999934e-06,0.000000000000000000e+00
1.678561205994231216e+02,2.078294876294005746e+02,3.000000000000000000e+01,1.924200000000000144e-06,0.000000000000000000e+00
1.682867968857080996e+02,2.078290569531143035e+02,3.000000000000000000e+01,1.759778000000000103e-06,0.000000000000000000e+00
1.686892195095419993e+02,2.078286545304904678e+02,3.000000000000000000e+01,1.754321000000000029e-06,0.000000000000000000e+00
1.690977339645346831e+02,2.078282460160354503e+02,3.000000000000000000e+01,1.813240999999999924e-06,0.000000000000000000e+00
1.695332078395176723e+02,2.078278105421604778e+02,3.000000000000000000e+01,1.835257999999999929e-06,0.000000000000000000e+00
1.699184050563206085e+02,2.078274253449436912e+02,3.000000000000000000e+01,1.695444000000000051e-06,0.000000000000000000e+00
1.703592165698745191e+02,2.078269845334301351e+02,3.000000000000000000e+01,1.875014000000000010e-06,0.000000000000000000e+00
1.708026418386536989e+02,2.078265411081613365e+02,3.000000000000000000e+01,1.970562000000000040e-06,0.000000000000000000e+00
1.712294935616401972e+02,2.078261142564383590e+02,3.000000000000000000e+01,1.901106000000000056e-06,0.000000000000000000e+00
1.716305867017819935e+02,2.078257131632982180e+02,3.000000000000000000e+01,1.935492000000000137e-06,0.000000000000000000e+00
1.720326376648465327e+02,2.078253111123351573e+02,3.000000000000000000e+01,1.750610000000000083e-06,0.000000000000000000e+00
1.724783671694656277e+02,2.078248653828305237e+02,3.000000000000000000e+01,1.721360999999999925e-06,0.000000000000000000e+00
1.729023406180490952e+02,2.078244414093819614e+02,3.000000000000000000e+01,1.941575000000000126e-06,0.000000000000000000e+00
1.733013830654357150e+02,2.078240423669345489e+02,3.000000000000000000e+01,1.860389999999999945e-06,0.000000000000000000e+00
1.737502915306109230e+02,2.078235934584693894e+02,3.000000000000000000e+01,1.661523000000000101e-06,0.000000000000000000e+00
1.741359208123007534e+02,2.078232078291877087e+02,3.000000000000000000e+01,1.587366999999999976e-06,0.000000000000000000e+00
1.745541755509143798e+02,2.078227895744490752e+02,3.000000000000000000e+01,1.646316000000000036e-06,0.000000000000000000e+00
1.749752933801210304e+02,2.078223684566198699e+02,3.000000000000000000e+01,1.694395999999999921e-06,0.000000000000000000e+00
1.753830602523475761e+02,2.078219606897476410e+02,3.000000000000000000e+01,1.778186000000000012e-06,0.000000000000000000e+00
1.758137530591832558e+02,2.078215299969408250e+02,3.000000000000000000e+01,1.609602000000000069e-06,0.000000000000000000e+00
1.762188707925284348e+02,2.078211248792074741e+02,3.000000000000000000e+01,1.579436000000000009e-06,0.000000000000000000e+00
1.766305457302798914e+02,2.078207132042697083e+02,3.000000000000000000e+01,1.783293999999999981e-06,0.000000000000000000e+00
1.770600511097134984e+02,2.078202836988902789e+02,3.000000000000000000e+01,1.737047999999999899e-06,0.000000000000000000e+00
1.774648486679548682e+02,2.078198789013320322e+02,3.000000000000000000e+01,1.700493000000000085e-06,0.000000000000000000e+00
1.778886665826952083e+02,2.078194550834172958e+02,3.000000000000000000e+01,1.497027999999999950e-06,0.000000000000000000e+00
1.782874037864401942e+02,2.078190563462135572e+02,3.000000000000000000e+01,1.563298000000000080e-06,0.000000000000000000e+00
1.787347526238502837e+02,2.078186089973761455e+02,3.000000000000000000e+01,1.507564000000000039e-06,0.000000000000000000e+00
1.791501016594571922e+02,2.078181936483405536e+02,3.000000000000000000e+01,1.461289000000000003e-06,0.000000000000000000e+00
1.795590067243970509e+02,2.078177847432756096e+02,3.000000000000000000e+01,1.535940000000000028e-06,0.000000000000000000e+00
1.799616128233176369e+02,2.078173821371766792e+02,3.000000000000000000e+01,1.516774999999999975e-06,0.000000000000000000e+00
1.804065887896946663e+02,2.078169371612102907e+02,3.000000000000000000e+01,1.509440999999999970e-06,0.000000000000000000e+00
1.808006226186376466e+02,2.078165431273813510e+02,3.000000000000000000e+01,1.396707000000000094e-06,0.000000000000000000e+00
1.812275867210220781e+02,2.078161161632789629e+02,3.000000000000000000e+01,1.396663999999999966e-06,0.000000000000000000e+00
1.816400363168875174e+02,2.078157037136831207e+02,3.000000000000000000e+01,1.364343999999999951e-06,0.000000000000000000e+00
1.820532315461832127e+02,2.078152905184538213e+02,3.000000000000000000e+01,1.492778999999999976e-06,0.000000000000000000e+00
1.824770751982441936e+02,2.078148666748017490e+02,3.000000000000000000e+01,1.539781999999999990e-06,0.000000000000000000e+00
1.829097670810002114e+02,2.078144339829189846e+02,3.000000000000000000e+01,1.499196999999999895e-06,0.000000000000000000e+00
1.833407154523649183e+02,2.078140030345476248e+02,3.000000000000000000e+01,1.514010000000000095e-06,0.000000000000000000e+00
1.837736301430854837e+02,2.078135701198569052e+02,3.000000000000000000e+01,1.462933000000000067e-06,0.000000000000000000e+00
1.841795394319916852e+02,2.078131642105680044e+02,3.000000000000000000e+01,1.432504999999999975e-06,0.000000000000000000e+00
1.846071497425186294e+02,2.078127366002574661e+02,3.000000000000000000e+01,1.580367000000000085e-06,0.000000000000000000e+00
1.850185026199956724e+02,2.078123252473800164e+02,3.000000000000000000e+01,1.550127999999999916e-06,0.000000000000000000e+00
1.854193218137404529e+02,2.078119244281862450e+02,3.000000000000000000e+01,1.505425000000000075e-06,0.000000000000000000e+00
1.858573983127670033e+02,2.078114863516872219e+02,3.000000000000000000e+01,1.513122999999999963e-06,0.000000000000000000e+00
1.862653911821651889e+02,2.078110783588178379e+02,3.000000000000000000e+01,1.582666000000000019e-06,0.000000000000000000e+00
1.866841305373870341e+02,2.078106596194625979e+02,3.000000000000000000e+01,1.573803999999999975e-06,0.000000000000000000e+00
1.870717413594867935e+02,2.078102720086405100e+02,3.000000000000000000e+01,1.511085000000000034e-06,0.000000000000000000e+00
1.874894116435712306e+02,2.078098543383564163e+02,3.000000000000000000e+01,1.511333000000000104e-06,0.000000000000000000e+00
1.879058082754507950e+02,2.078094379417245534e+02,3.000000000000000000e+01,1.483363999999999915e-06,0.000000000000000000e+00
1.883281026160352383e+02,2.078090156473839727e+02,3.000000000000000000e+01,1.457171000000000045e-06,0.000000000000000000e+00
1.887602253015577674e+02,2.078085835246984345e+02,3.000000000000000000e+01,1.563981999999999902e-06,0.000000000000000000e+00
1.891676336510084866e+02,2.078081761163489887e+02,3.000000000000000000e+01,1.473250000000000040e-06,0.000000000000000000e+00
1.895835919143109152e+02,2.078077601580856992e+02,3.000000000000000000e+01,1.458990000000000070e-06,0.000000000000000000e+00
1.900085322702573478e+02,2.078073352177297295e+02,3.000000000000000000e+01,1.591427000000000027e-06,0.000000000000000000e+00
1.904376109225130733e+02,2.078069061390774834e+02,3.000000000000000000e+01,1.543813000000000088e-06,0.000000000000000000e+00
1.908458108658425090e+02,2.078064979391341467e+02,3.000000000000000000e+01,1.499895000000000104e-06,0.000000000000000000e+00
1.912764339473432926e+02,2.078060673160526619e+02,3.000000000000000000e+01,1.554522999999999897e-06,0.000000000000000000e+00
1.916977228412542900e+02,2.078056460271587298e+02,3.000000000000000000e+01,1.536042000000000090e-06,0.000000000000000000e+00
1.921152157668235532e+02,2.078052285342331800e+02,3.000000000000000000e+01,1.616660000000000078e-06,0.000000000000000000e+00
1.925256049653856394e+02,2.078048181450346021e+02,3.000000000000000000e+01,1.325387999999999930e-06,0.000000000000000000e+00
1.929494228801259510e+02,2.078043943271198657e+02,3.000000000000000000e+01,1.486172999999999950e-06,0.000000000000000000e+00
1.933845401240511990e+02,2.078039592098759556e+02,3.000000000000000000e+01,1.581677000000000035e-06,0.000000000000000000e+00
1.937925076692328901e+02,2.078035512423307694e+02,3.000000000000000000e+01,1.656022999999999899e-06,0.000000000000000000e+00
1.942175850203832681e+02,2.078031261649796022e+02,3.000000000000000000e+01,1.583641000000000039e-06,0.000000000000000000e+00
1.946196379501419642e+02,2.078027241120498445e+02,3.000000000000000000e+01,1.691616000000000051e-06,0.000000000000000000e+00
1.950205892895804141e+02,2.078023231607104151e+02,3.000000000000000000e+01,1.644947999999999967e-06,0.000000000000000000e+00
1.954674238656456851e+02,2.078018763261343622e+02,3.000000000000000000e+01,1.725143999999999953e-06,0.000000000000000000e+00
1.958556735744616049e+02,2.078014880764255281e+02,3.000000000000000000e+01,1.616571999999999978e-06,0.000000000000000000e+00
1.962900590987380838e+02,2.078010536909012558e+02,3.000000000000000000e+01,1.622799999999999946e-06,0.000000000000000000e+00
1.966948383261623974e+02,2.078006489116738464e+02,3.000000000000000000e+01,1.737279999999999950e-06,0.000000000000000000e+00
1.971257655052349946e+02,2.078002179844947648e+02,3.000000000000000000e+01,1.692199000000000051e-06,0.000000000000000000e+00
1.975336931651015959e+02,2.077998100568349003e+02,3.000000000000000000e+01,1.750348000000000051e-06,0.000000000000000000e+00
1.979357753912213695e+02,2.077994079746087834e+02,3.000000000000000000e+01,1.772249000000000030e-06,0.000000000000000000e+00
1.983726065776929204e+02,2.077989711434223068e+02,3.000000000000000000e+01,1.717518999999999962e-06,0.000000000000000000e+00
1.987987991450381742e+02,2.077985449508549607e+02,3.000000000000000000e+01,1.611610000000000016e-06,0.000000000000000000e+00
1.992025849071727919e+02,2.077981411650928294e+02,3.000000000000000000e+01,1.597130999999999930e-06,0.000000000000000000e+00
1.996182449097993583e+02,2.077977255050901988e+02,3.000000000000000000e+01,1.572917000000000055e-06,0.000000000000000000e+00
2.000055970597185251e+02,2.077973381529402843e+02,3.000000000000000000e+01,1.560184000000000096e-06,0.000000000000000000e+00
2.004354782588480077e+02,2.077969082717411595e+02,3.000000000000000000e+01,1.560721999999999912e-06,0.000000000000000000e+00
2.008778429027409516e+02,2.077964659070972573e+02,3.000000000000000000e+01,1.698689000000000051e-06,0.000000000000000000e+00
2.012765357824324042e+02,2.077960672142175724e+02,3.000000000000000000e+01,1.651002000000000003e-06,0.000000000000000000e+00
2.017002041660304883e+02,2.077956435458339683e+02,3.000000000000000000e+01,1.633146999999999900e-06,0.000000000000000000e+00
2.021377179759853675e+02,2.077952060320240264e+02,3.000000000000000000e+01,1.629334000000000103e-06,0.000000000000000000e+00
2.025532919279050077e+02,2.077947904580721001e+02,3.000000000000000000e+01,1.551699999999999899e-06,0.000000000000000000e+00
2.029744099401878259e+02,2.077943693400598022e+02,3.000000000000000000e+01,1.503779999999999983e-06,0.000000000000000000e+00
2.034118824315741563e+02,2.077939318675684319e+02,3.000000000000000000e+01,1.682535999999999920e-06,0.000000000000000000e+00
2.038200103335877884e+02,2.077935237396663979e+02,3.000000000000000000e+01,1.590742999999999992e-06,0.000000000000000000e+00
2.042438547862016378e+02,2.077930998952137998e+02,3.000000000000000000e+01,1.535111000000000014e-06,0.000000000000000000e+00
2.046525887126282441e+02,2.077926911612873653e+02,3.000000000000000000e+01,1.715089000000000013e-06,0.000000000000000000e+00
2.050664091589971179e+02,2.077922773408409967e+02,3.000000000000000000e+01,1.678069000000000069e-06,0.000000000000000000e+00
2.054901020020516000e+02,2.077918536479979537e+02,3.000000000000000000e+01,1.565160000000000021e-06,0.000000000000000000e+00
2.058890477091464390e+02,2.077914547022908494e+02,3.000000000000000000e+01,1.653708999999999975e-06,0.000000000000000000e+00
2.063298334031922536e+02,2.077910139165967962e+02,3.000000000000000000e+01,1.688211000000000081e-06,0.000000000000000000e+00
2.067367802789188715e+02,2.077906069697210683e+02,3.000000000000000000e+01,1.548250999999999985e-06,0.000000000000000000e+00
2.071507993681085225e+02,2.077901929506318766e+02,3.000000000000000000e+01,1.428678000000000003e-06,0.000000000000000000e+00
2.075594845911400910e+02,2.077897842654088549e+02,3.000000000000000000e+01,1.663255000000000053e-06,0.000000000000000000e+00
2.079620291046628040e+02,2.077893817208953351e+02,3.000000000000000000e+01,1.779364999999999946e-06,0.000000000000000000e+00
2.084071476500000131e+02,2.077889366023499917e+02,3.000000000000000000e+01,1.862689000000000090e-06,0.000000000000000000e+00
2.088059377389728013e+02,2.077885378122610120e+02,3.000000000000000000e+01,1.809413999999999952e-06,0.000000000000000000e+00
2.092299307540733082e+02,2.077881138192459218e+02,3.000000000000000000e+01,1.816006000000000016e-06,0.000000000000000000e+00
2.096706377505765033e+02,2.077876731122494220e+02,3.000000000000000000e+01,1.818901999999999911e-06,0.000000000000000000e+00
2.100775874848991123e+02,2.077872661625150954e+02,3.000000000000000000e+01,1.948137999999999812e-06,0.000000000000000000e+00
2.104787127885319933e+02,2.077868650372114701e+02,3.000000000000000000e+01,1.967754000000000032e-06,0.000000000000000000e+00
2.109096576974323227e+02,2.077864340923025566e+02,3.000000000000000000e+01,1.976514000000000013e-06,0.000000000000000000e+00
2.113497147653331467e+02,2.077859940352346655e+02,3.000000000000000000e+01,1.884356999999999990e-06,0.000000000000000000e+00
2.117487792348029245e+02,2.077855949707652030e+02,3.000000000000000000e+01,2.075786999999999951e-06,0.000000000000000000e+00
2.121639933030456007e+02,2.077851797566969481e+02,3.000000000000000000e+01,1.884807999999999946e-06,0.000000000000000000e+00
2.126068573142493676e+02,2.077847368926857428e+02,3.000000000000000000e+01,1.740655999999999966e-06,0.000000000000000000e+00
2.130180551937715734e+02,2.077843256948062276e+02,3.000000000000000000e+01,1.993757999999999978e-06,0.000000000000000000e+00
2.134185239683206134e+02,2.077839252260316698e+02,3.000000000000000000e+01,2.020577000000000187e-06,0.000000000000000000e+00
2.138564228401899925e+02,2.077834873271598042e+02,3.000000000000000000e+01,1.931679000000000128e-06,0.000000000000000000e+00
2.142838614964017552e+02,2.077830598885036011e+02,3.000000000000000000e+01,1.838823999999999896e-06,0.000000000000000000e+00
2.146827243469041662e+02,2.077826610256530842e+02,3.000000000000000000e+01,1.884473000000000016e-06,0.000000000000000000e+00
2.150981867530416025e+02,2.077822455632469598e+02,3.000000000000000000e+01,1.993001000000000046e-06,0.000000000000000000e+00
2.154892537188295591e+02,2.077818544962811700e+02,3.000000000000000000e+01,1.904277999999999947e-06,0.000000000000000000e+00
2.159361978238030702e+02,2.077814075521762049e+02,3.000000000000000000e+01,1.863955000000000096e-06,0.000000000000000000e+00
2.163414936296767621e+02,2.077810022563703285e+02,3.000000000000000000e+01,1.983425999999999804e-06,0.000000000000000000e+00
2.167588330568954404e+02,2.077805849169430985e+02,3.000000000000000000e+01,2.040745999999999790e-06,0.000000000000000000e+00
2.171826009429614430e+02,2.077801611490570508e+02,3.000000000000000000e+01,1.895211999999999991e-06,0.000000000000000000e+00
2.175969716088568759e+02,2.077797467783911429e+02,3.000000000000000000e+01,1.942520999999999981e-06,0.000000000000000000e+00
2.180059503311686342e+02,2.077793377996688378e+02,3.000000000000000000e+01,1.961583999999999971e-06,0.000000000000000000e+00
2.184355934230318326e+02,2.077789081565769607e+02,3.000000000000000000e+01,1.978041999999999840e-06,0.000000000000000000e+00
2.188435425424736138e+02,2.077785002074575118e+02,3.000000000000000000e+01,1.967448000000000056e-06,0.000000000000000000e+00
2.192745309726529115e+02,2.077780692190273442e+02,3.000000000000000000e+01,1.875393000000000096e-06,0.000000000000000000e+00
2.196757013894415707e+02,2.077776680486105647e+02,3.000000000000000000e+01,1.834835999999999927e-06,0.000000000000000000e+00
2.200830189334181739e+02,2.077772607310665762e+02,3.000000000000000000e+01,2.012296999999999904e-06,0.000000000000000000e+00
2.204984878091520102e+02,2.077768452621908466e+02,3.000000000000000000e+01,1.927997999999999951e-06,0.000000000000000000e+00
2.209470800906509567e+02,2.077763966699093601e+02,3.000000000000000000e+01,1.691908000000000065e-06,0.000000000000000000e+00
2.213460201900763593e+02,2.077759977298099159e+02,3.000000000000000000e+01,1.862543000000000084e-06,0.000000000000000000e+00
2.217698094172093874e+02,2.077755739405828024e+02,3.000000000000000000e+01,1.843480000000000093e-06,0.000000000000000000e+00
2.222153088128926299e+02,2.077751284411870927e+02,3.000000000000000000e+01,1.860753000000000013e-06,0.000000000000000000e+00
2.226174699017582270e+02,2.077747262800982355e+02,3.000000000000000000e+01,1.834895000000000073e-06,0.000000000000000000e+00
2.230182363272987516e+02,2.077743255136726930e+02,3.000000000000000000e+01,1.844761000000000090e-06,0.000000000000000000e+00
2.234454596062544738e+02,2.077738982903937313e+02,3.000000000000000000e+01,1.895823999999999943e-06,0.000000000000000000e+00
2.238888456500000075e+02,2.077734549043499896e+02,3.000000000000000000e+01,1.793232999999999895e-06,0.000000000000000000e+00
2.243298740305783951e+02,2.077730138759694114e+02,3.000000000000000000e+01,1.833700999999999937e-06,0.000000000000000000e+00
2.247150939876385110e+02,2.077726286560123583e+02,3.000000000000000000e+01,1.856097000000000027e-06,0.000000000000000000e+00
2.251502487124681977e+02,2.077721935012875178e+02,3.000000000000000000e+01,1.795880999999999933e-06,0.000000000000000000e+00
2.255375760551314386e+02,2.077718061739448672e+02,3.000000000000000000e+01,1.699373000000000086e-06,0.000000000000000000e+00
2.259616194407408045e+02,2.077713821305592603e+02,3.000000000000000000e+01,1.777560000000000096e-06,0.000000000000000000e+00
2.263699028455683049e+02,2.077709738471544370e+02,3.000000000000000000e+01,1.748485000000000082e-06,0.000000000000000000e+00
2.268007386160051908e+02,2.077705430113840066e+02,3.000000000000000000e+01,1.715220000000000029e-06,0.000000000000000000e+00
2.272046096561463742e+02,2.077701391403438436e+02,3.000000000000000000e+01,1.782740999999999962e-06,0.000000000000000000e+00
2.276146623945715248e+02,2.077697290876054126e+02,3.000000000000000000e+01,1.769206999999999915e-06,0.000000000000000000e+00
2.280519301726838535e+02,2.077692918198273162e+02,3.000000000000000000e+01,1.721666000000000085e-06,0.000000000000000000e+00
2.284381682554071062e+02,2.077689055817446047e+02,3.000000000000000000e+01,1.666994999999999953e-06,0.000000000000000000e+00
2.288744215010258074e+02,2.077684693284989805e+02,3.000000000000000000e+01,1.640394000000000044e-06,0.000000000000000000e+00
2.292733168581312100e+02,2.077680704331418724e+02,3.000000000000000000e+01,1.603825000000000056e-06,0.000000000000000000e+00
2.296972801526717092e+02,2.077676464698473353e+02,3.000000000000000000e+01,1.625055999999999963e-06,0.000000000000000000e+00
2.301347469239536849e+02,2.077672090030760330e+02,3.000000000000000000e+01,1.758729999999999973e-06,0.000000000000000000e+00
2.305500430241730498e+02,2.077667937069758182e+02,3.000000000000000000e+01,1.684616999999999977e-06,0.000000000000000000e+00
2.309717971690920137e+02,2.077663719528308945e+02,3.000000000000000000e+01,1.814332999999999998e-06,0.000000000000000000e+00
2.313796593524321565e+02,2.077659640906475715e+02,3.000000000000000000e+01,1.681415999999999920e-06,0.000000000000000000e+00
2.318165419816793928e+02,2.077655272080183124e+02,3.000000000000000000e+01,1.651977000000000023e-06,0.000000000000000000e+00
2.322638691144412348e+02,2.077650798808855654e+02,3.000000000000000000e+01,1.602601999999999966e-06,0.000000000000000000e+00
2.326489753702153109e+02,2.077646947746297883e+02,3.000000000000000000e+01,1.679655000000000015e-06,0.000000000000000000e+00
2.330696238108466503e+02,2.077642741261891501e+02,3.000000000000000000e+01,1.628184999999999938e-06,0.000000000000000000e+00
2.334881443473357194e+02,2.077638556056526511e+02,3.000000000000000000e+01,1.617635000000000098e-06,0.000000000000000000e+00
2.339048554622984852e+02,2.077634388945376998e+02,3.000000000000000000e+01,1.717039000000000053e-06,0.000000000000000000e+00
2.343267204139486353e+02,2.077630170295860523e+02,3.000000000000000000e+01,1.770996999999999986e-06,0.000000000000000000e+00
2.347568595008647492e+02,2.077625868904991364e+02,3.000000000000000000e+01,1.786088000000000025e-06,0.000000000000000000e+00
2.351469668104325592e+02,2.077621967831895518e+02,3.000000000000000000e+01,1.572931000000000018e-06,0.000000000000000000e+00
2.355811208389312981e+02,2.077617626291610691e+02,3.000000000000000000e+01,1.762935000000000003e-06,0.000000000000000000e+00
2.359815536759558938e+02,2.077613621963240291e+02,3.000000000000000000e+01,1.560270999999999956e-06,0.000000000000000000e+00
2.364035769429614504e+02,2.077609401730570369e+02,3.000000000000000000e+01,1.770080000000000085e-06,0.000000000000000000e+00
2.368351366291473141e+02,2.077605086133708596e+02,3.000000000000000000e+01,1.740584000000000096e-06,0.000000000000000000e+00
2.372509151941010259e+02,2.077600928348059028e+02,3.000000000000000000e+01,1.691543999999999970e-06,0.000000000000000000e+00
2.376667005427412960e+02,2.077596770494572525e+02,3.000000000000000000e+01,1.655193000000000070e-06,0.000000000000000000e+00
2.380544644164766908e+02,2.077592892855835203e+02,3.000000000000000000e+01,1.798180000000000078e-06,0.000000000000000000e+00
2.384751227258848019e+02,2.077588686272741256e+02,3.000000000000000000e+01,1.704800999999999994e-06,0.000000000000000000e+00
2.388926543268825640e+02,2.077584510956731094e+02,3.000000000000000000e+01,1.772481000000000081e-06,0.000000000000000000e+00
2.393137373184410990e+02,2.077580300126815587e+02,3.000000000000000000e+01,1.694978000000000105e-06,0.000000000000000000e+00
2.397436257500463910e+02,2.077576001242499615e+02,3.000000000000000000e+01,1.840889999999999962e-06,0.000000000000000000e+00
2.401526154413601546e+02,2.077571911345586386e+02,3.000000000000000000e+01,1.785054000000000070e-06,0.000000000000000000e+00
2.405668174164460140e+02,2.077567769325835627e+02,3.000000000000000000e+01,1.731154000000000044e-06,0.000000000000000000e+00
2.409907604028721551e+02,2.077563529895971328e+02,3.000000000000000000e+01,1.813357999999999978e-06,0.000000000000000000e+00
2.414079192646163960e+02,2.077559358307353818e+02,3.000000000000000000e+01,1.754334999999999992e-06,0.000000000000000000e+00
2.418304509979831494e+02,2.077555132990020184e+02,3.000000000000000000e+01,1.714230000000000018e-06,0.000000000000000000e+00
2.422613993693478847e+02,2.077550823506306585e+02,3.000000000000000000e+01,1.789012000000000059e-06,0.000000000000000000e+00
2.426791141335877739e+02,2.077546646358664191e+02,3.000000000000000000e+01,1.888518000000000076e-06,0.000000000000000000e+00
2.431225217207835669e+02,2.077542212282792207e+02,3.000000000000000000e+01,1.878302999999999955e-06,0.000000000000000000e+00
2.435310517427022319e+02,2.077538126982572919e+02,3.000000000000000000e+01,1.835913000000000010e-06,0.000000000000000000e+00
2.439329044895155221e+02,2.077534108455104729e+02,3.000000000000000000e+01,1.859633000000000013e-06,0.000000000000000000e+00
2.443698388837370885e+02,2.077529739111162712e+02,3.000000000000000000e+01,1.703898000000000055e-06,0.000000000000000000e+00
2.447780085872784923e+02,2.077525657414127238e+02,3.000000000000000000e+01,1.837397999999999920e-06,0.000000000000000000e+00
2.451992801653987897e+02,2.077521444698346045e+02,3.000000000000000000e+01,1.784966999999999998e-06,0.000000000000000000e+00
2.456030970046280686e+02,2.077517406529953803e+02,3.000000000000000000e+01,1.904568999999999933e-06,0.000000000000000000e+00
2.460020409171150391e+02,2.077513417090828796e+02,3.000000000000000000e+01,1.818407000000000012e-06,0.000000000000000000e+00
2.464508304320236789e+02,2.077508929195679741e+02,3.000000000000000000e+01,1.894747000000000072e-06,0.000000000000000000e+00
2.468498228507359613e+02,2.077504939271492503e+02,3.000000000000000000e+01,1.833629000000000067e-06,0.000000000000000000e+00
2.472735597585819960e+02,2.077500701902414164e+02,3.000000000000000000e+01,1.772728999999999939e-06,0.000000000000000000e+00
2.476795969360225058e+02,2.077496641530639749e+02,3.000000000000000000e+01,1.818262000000000033e-06,0.000000000000000000e+00
2.481075572847032902e+02,2.077492361927153013e+02,3.000000000000000000e+01,1.700143999999999980e-06,0.000000000000000000e+00
2.485205382074954343e+02,2.077488232117925122e+02,3.000000000000000000e+01,1.745749999999999972e-06,0.000000000000000000e+00
2.489270735850448091e+02,2.077484166764149620e+02,3.000000000000000000e+01,1.685403000000000074e-06,0.000000000000000000e+00
2.493579710541953034e+02,2.077479857789458038e+02,3.000000000000000000e+01,1.734370000000000091e-06,0.000000000000000000e+00
2.497854266375094312e+02,2.077475583233624832e+02,3.000000000000000000e+01,1.563487000000000003e-06,0.000000000000000000e+00
2.501850105738596142e+02,2.077471587394261405e+02,3.000000000000000000e+01,1.748164999999999931e-06,0.000000000000000000e+00
2.506002762381381501e+02,2.077467434737618532e+02,3.000000000000000000e+01,1.711348999999999901e-06,0.000000000000000000e+00
2.510433217271450417e+02,2.077463004282728605e+02,3.000000000000000000e+01,1.732637999999999927e-06,0.000000000000000000e+00
2.514658929643686065e+02,2.077458778570356230e+02,3.000000000000000000e+01,1.667184000000000088e-06,0.000000000000000000e+00
2.518612218015267672e+02,2.077454825281984654e+02,3.000000000000000000e+01,1.695866000000000053e-06,0.000000000000000000e+00
2.523045204146426386e+02,2.077450392295853590e+02,3.000000000000000000e+01,1.616834000000000011e-06,0.000000000000000000e+00
2.527319008349458045e+02,2.077446118491650395e+02,3.000000000000000000e+01,1.654406999999999973e-06,0.000000000000000000e+00
2.531433613671358387e+02,2.077442003886328621e+02,3.000000000000000000e+01,1.601540000000000086e-06,0.000000000000000000e+00
2.535349328979245627e+02,2.077438088171020638e+02,3.000000000000000000e+01,1.598774999999999994e-06,0.000000000000000000e+00
2.539804331362866492e+02,2.077433633168637073e+02,3.000000000000000000e+01,1.553824000000000084e-06,0.000000000000000000e+00
2.543794255549989032e+02,2.077429643244450119e+02,3.000000000000000000e+01,1.641018999999999932e-06,0.000000000000000000e+00
2.548208351916028676e+02,2.077425229148084043e+02,3.000000000000000000e+01,1.715613000000000078e-06,0.000000000000000000e+00
2.552065099538071706e+02,2.077421372400461905e+02,3.000000000000000000e+01,1.645137999999999918e-06,0.000000000000000000e+00
2.556404426389588309e+02,2.077417033073610355e+02,3.000000000000000000e+01,1.721054999999999948e-06,0.000000000000000000e+00
2.560506424066034015e+02,2.077412931075934068e+02,3.000000000000000000e+01,1.696359999999999925e-06,0.000000000000000000e+00
2.564539904977120841e+02,2.077408897595022950e+02,3.000000000000000000e+01,1.652967000000000034e-06,0.000000000000000000e+00
2.568846605642905274e+02,2.077404590894357170e+02,3.000000000000000000e+01,1.689812000000000017e-06,0.000000000000000000e+00
2.572928356895317847e+02,2.077400509143104728e+02,3.000000000000000000e+01,1.579042999999999960e-06,0.000000000000000000e+00
2.577176188486005231e+02,2.077396261311513967e+02,3.000000000000000000e+01,1.487583999999999935e-06,0.000000000000000000e+00
2.581331655610040343e+02,2.077392105844390073e+02,3.000000000000000000e+01,1.598324000000000039e-06,0.000000000000000000e+00
2.585209412442017651e+02,2.077388228087557991e+02,3.000000000000000000e+01,1.587905000000000004e-06,0.000000000000000000e+00
2.589678354847328592e+02,2.077383759145152737e+02,3.000000000000000000e+01,1.578489999999999942e-06,0.000000000000000000e+00
2.594014343857214158e+02,2.077379423156142764e+02,3.000000000000000000e+01,1.538356000000000014e-06,0.000000000000000000e+00
2.597900687652672218e+02,2.077375536812347434e+02,3.000000000000000000e+01,1.649110000000000081e-06,0.000000000000000000e+00
2.602378477930340068e+02,2.077371059022069630e+02,3.000000000000000000e+01,1.469554000000000084e-06,0.000000000000000000e+00
2.606380524580152951e+02,2.077367056975419928e+02,3.000000000000000000e+01,1.491250999999999938e-06,0.000000000000000000e+00
2.610408857209499729e+02,2.077363028642790539e+02,3.000000000000000000e+01,1.495166000000000009e-06,0.000000000000000000e+00
2.614643501481208432e+02,2.077358793998518820e+02,3.000000000000000000e+01,1.494729000000000017e-06,0.000000000000000000e+00
2.618831483784267107e+02,2.077354606016215826e+02,3.000000000000000000e+01,1.511056000000000081e-06,0.000000000000000000e+00
2.623087665461138727e+02,2.077350349834538861e+02,3.000000000000000000e+01,1.578329999999999972e-06,0.000000000000000000e+00
2.627322638364464638e+02,2.077346114861635442e+02,3.000000000000000000e+01,1.560386999999999982e-06,0.000000000000000000e+00
2.631736191841387154e+02,2.077341701308158690e+02,3.000000000000000000e+01,1.591600999999999959e-06,0.000000000000000000e+00
2.635924557290076109e+02,2.077337512942710021e+02,3.000000000000000000e+01,1.602325999999999971e-06,0.000000000000000000e+00
2.640149499546745915e+02,2.077333288000453138e+02,3.000000000000000000e+01,1.584572999999999931e-06,0.000000000000000000e+00
2.644151872611465137e+02,2.077329285627388629e+02,3.000000000000000000e+01,1.536915000000000048e-06,0.000000000000000000e+00
2.648537983171408428e+02,2.077324899516828509e+02,3.000000000000000000e+01,1.501567999999999910e-06,0.000000000000000000e+00
2.652619705313381360e+02,2.077320817794686718e+02,3.000000000000000000e+01,1.410953999999999917e-06,0.000000000000000000e+00
2.656799066620722556e+02,2.077316638433379126e+02,3.000000000000000000e+01,1.522129999999999985e-06,0.000000000000000000e+00
2.660859026179060152e+02,2.077312578473820963e+02,3.000000000000000000e+01,1.474748999999999913e-06,0.000000000000000000e+00
2.664860408423152762e+02,2.077308577091576751e+02,3.000000000000000000e+01,1.520572999999999993e-06,0.000000000000000000e+00
2.669028230268572202e+02,2.077304409269731309e+02,3.000000000000000000e+01,1.484106000000000068e-06,0.000000000000000000e+00
2.673246602507048237e+02,2.077300190897493053e+02,3.000000000000000000e+01,1.458479999999999968e-06,0.000000000000000000e+00
2.677561236518046712e+02,2.077295876263482057e+02,3.000000000000000000e+01,1.499836999999999986e-06,0.000000000000000000e+00
2.681635111207494901e+02,2.077291802388792519e+02,3.000000000000000000e+01,1.563122999999999908e-06,0.000000000000000000e+00
2.685788529783629883e+02,2.077287648970216480e+02,3.000000000000000000e+01,1.439490000000000087e-06,0.000000000000000000e+00
2.690023598586020626e+02,2.077283413901413951e+02,3.000000000000000000e+01,1.535997999999999935e-06,0.000000000000000000e+00
2.694015882688041188e+02,2.077279421617311925e+02,3.000000000000000000e+01,1.512453000000000103e-06,0.000000000000000000e+00
2.698412104721216451e+02,2.077275025395278760e+02,3.000000000000000000e+01,1.491906000000000019e-06,0.000000000000000000e+00
2.702718755914118560e+02,2.077270718744085798e+02,3.000000000000000000e+01,1.456152000000000081e-06,0.000000000000000000e+00
2.706922905802210835e+02,2.077266514594197702e+02,3.000000000000000000e+01,1.502411999999999914e-06,0.000000000000000000e+00
2.710800596368648598e+02,2.077262636903631403e+02,3.000000000000000000e+01,1.455905000000000039e-06,0.000000000000000000e+00
2.714968660733028969e+02,2.077258468839266925e+02,3.000000000000000000e+01,1.433582000000000058e-06,0.000000000000000000e+00
2.719452915572518918e+02,2.077253984584427542e+02,3.000000000000000000e+01,1.370411999999999950e-06,0.000000000000000000e+00
2.723692832672534792e+02,2.077249744667327320e+02,3.000000000000000000e+01,1.478504000000000015e-06,0.000000000000000000e+00
2.727677753992223870e+02,2.077245759746007820e+02,3.000000000000000000e+01,1.454958999999999972e-06,0.000000000000000000e+00
2.732130709329940714e+02,2.077241306790670023e+02,3.000000000000000000e+01,1.471548000000000069e-06,0.000000000000000000e+00
2.736283395870332242e+02,2.077237154104129786e+02,3.000000000000000000e+01,1.373774000000000003e-06,0.000000000000000000e+00
2.740155527680441310e+02,2.077233281972319503e+02,3.000000000000000000e+01,1.497829000000000038e-06,0.000000000000000000e+00
2.744436278215609946e+02,2.077229001221784301e+02,3.000000000000000000e+01,1.593260000000000014e-06,0.000000000000000000e+00
2.748639444947617108e+02,2.077224798055052304e+02,3.000000000000000000e+01,1.502354000000000007e-06,0.000000000000000000e+00
2.752820229354614980e+02,2.077220617270645278e+02,3.000000000000000000e+01,1.458277000000000082e-06,0.000000000000000000e+00
2.757044031871073457e+02,2.077216393468128786e+02,3.000000000000000000e+01,1.490233000000000001e-06,0.000000000000000000e+00
2.760919009324886702e+02,2.077212518490674995e+02,3.000000000000000000e+01,1.494263000000000071e-06,0.000000000000000000e+00
2.765311979808678871e+02,2.077208125520191402e+02,3.000000000000000000e+01,1.420849000000000099e-06,0.000000000000000000e+00
2.769551909959683940e+02,2.077203885590040215e+02,3.000000000000000000e+01,1.455497000000000000e-06,0.000000000000000000e+00
2.773536831279371881e+02,2.077199900668720716e+02,3.000000000000000000e+01,1.463703999999999962e-06,0.000000000000000000e+00
2.777941014671384892e+02,2.077195496485328476e+02,3.000000000000000000e+01,1.460924999999999908e-06,0.000000000000000000e+00
2.781769187051218069e+02,2.077191668312948707e+02,3.000000000000000000e+01,1.405699999999999941e-06,0.000000000000000000e+00
2.786123993893129409e+02,2.077187313506106818e+02,3.000000000000000000e+01,1.473613999999999923e-06,0.000000000000000000e+00
0.000000000000000000e+00,2.079973437499999989e+02,3.500000000000000000e+01,2.266821999999999894e-05,0.000000000000000000e+00
2.851145837925186943e-01,2.079970586354162094e+02,3.500000000000000000e+01,-1.812485000000000020e-06,0.000000000000000000e+00
3.772384459022855019e-01,2.079969665115540920e+02,3.500000000000000000e+01,-8.544157000000000161e-07,0.000000000000000000e+00
4.694016784852743096e-01,2.079968743483215121e+02,3.500000000000000000e+01,-2.604793000000000156e-07,0.000000000000000000e+00
6.179153181575650633e-01,2.079967258346818539e+02,3.500000000000000000e+01,1.847802000000000018e-07,0.000000000000000000e+00
8.033932012271285394e-01,2.079965403567987607e+02,3.500000000000000000e+01,5.256151999999999697e-07,0.000000000000000000e+00
1.020282981548688905e+00,2.079963234670184420e+02,3.500000000000000000e+01,5.637702999999999485e-07,0.000000000000000000e+00
1.302732625188059545e+00,2.079960410173748073e+02,3.500000000000000000e+01,6.671033999999999833e-07,0.000000000000000000e+00
1.616076446140833678e+00,2.079957276735538585e+02,3.500000000000000000e+01,6.495684000000000318e-07,0.000000000000000000e+00
1.962703978743004063e+00,2.079953810460212651e+02,3.500000000000000000e+01,8.209753999999999731e-07,0.000000000000000000e+00
2.350807496209355918e+00,2.079949929425037851e+02,3.500000000000000000e+01,8.961651000000000233e-07,0.000000000000000000e+00
2.774703916410219851e+00,2.079945690460835976e+02,3.500000000000000000e+01,9.547365999999999334e-07,0.000000000000000000e+00
3.221035915012722572e+00,2.079941227140849946e+02,3.500000000000000000e+01,9.696669000000000046e-07,0.000000000000000000e+00
3.636201943181275986e+00,2.079937075480568183e+02,3.500000000000000000e+01,1.104766999999999929e-06,0.000000000000000000e+00
4.046373218091603441e+00,2.079932973767818964e+02,3.500000000000000000e+01,1.071995999999999960e-06,0.000000000000000000e+00
4.450382665411723337e+00,2.079928933673345739e+02,3.500000000000000000e+01,1.044477999999999938e-06,0.000000000000000000e+00
4.881247470136630184e+00,2.079924625025298610e+02,3.500000000000000000e+01,1.062654000000000007e-06,0.000000000000000000e+00
5.311935560721720684e+00,2.079920318144392866e+02,3.500000000000000000e+01,1.134744000000000066e-06,0.000000000000000000e+00
5.717209749927240736e+00,2.079916265402500812e+02,3.500000000000000000e+01,1.135412999999999898e-06,0.000000000000000000e+00
6.129055496000212599e+00,2.079912146945040092e+02,3.500000000000000000e+01,1.128733999999999974e-06,0.000000000000000000e+00
6.540074158931298065e+00,2.079908036758410788e+02,3.500000000000000000e+01,1.121573999999999902e-06,0.000000000000000000e+00
6.944319234109737060e+00,2.079903994307658763e+02,3.500000000000000000e+01,1.156368000000000022e-06,0.000000000000000000e+00
7.374854506662040343e+00,2.079899688954933481e+02,3.500000000000000000e+01,1.142441999999999954e-06,0.000000000000000000e+00
7.782881380252000270e+00,2.079895608686197477e+02,3.500000000000000000e+01,1.163004000000000029e-06,0.000000000000000000e+00
8.205296976276937215e+00,2.079891384530237133e+02,3.500000000000000000e+01,1.144173000000000090e-06,0.000000000000000000e+00
8.620482813655639731e+00,2.079887232671863444e+02,3.500000000000000000e+01,1.206470000000000029e-06,0.000000000000000000e+00
9.008088301153019728e+00,2.079883356616988408e+02,3.500000000000000000e+01,1.186213999999999931e-06,0.000000000000000000e+00
9.437353154059147542e+00,2.079879063968459434e+02,3.500000000000000000e+01,1.218476000000000038e-06,0.000000000000000000e+00
9.879419171998003790e+00,2.079874643308280042e+02,3.500000000000000000e+01,1.238484000000000067e-06,0.000000000000000000e+00
1.030348490557503816e+01,2.079870402650944357e+02,3.500000000000000000e+01,1.238775000000000053e-06,0.000000000000000000e+00
1.075191348896358789e+01,2.079865918365110247e+02,3.500000000000000000e+01,1.235137000000000004e-06,0.000000000000000000e+00
1.113731309405564751e+01,2.079862064369059453e+02,3.500000000000000000e+01,1.212655000000000081e-06,0.000000000000000000e+00
1.155517305250212168e+01,2.079857885769474990e+02,3.500000000000000000e+01,1.254825999999999910e-06,0.000000000000000000e+00
1.197602866640931651e+01,2.079853677213336027e+02,3.500000000000000000e+01,1.241117999999999930e-06,0.000000000000000000e+00
1.240653927162004067e+01,2.079849372107283898e+02,3.500000000000000000e+01,1.224615999999999906e-06,0.000000000000000000e+00
1.283746503275503059e+01,2.079845062849672388e+02,3.500000000000000000e+01,1.269508999999999910e-06,0.000000000000000000e+00
1.324484758388320316e+01,2.079840989024161217e+02,3.500000000000000000e+01,1.244086999999999935e-06,0.000000000000000000e+00
1.365964476853181964e+01,2.079836841052314753e+02,3.500000000000000000e+01,1.243330000000000003e-06,0.000000000000000000e+00
1.406776386244274768e+01,2.079832759861375564e+02,3.500000000000000000e+01,1.267544999999999906e-06,0.000000000000000000e+00
1.449173578403549634e+01,2.079828520142159505e+02,3.500000000000000000e+01,1.300083000000000009e-06,0.000000000000000000e+00
1.490059872443451638e+01,2.079824431512755609e+02,3.500000000000000000e+01,1.325185000000000044e-06,0.000000000000000000e+00
1.533124605075578550e+01,2.079820125039492495e+02,3.500000000000000000e+01,1.334789000000000029e-06,0.000000000000000000e+00
1.573810061782008241e+01,2.079816056493821748e+02,3.500000000000000000e+01,1.399078999999999925e-06,0.000000000000000000e+00
1.615194522509608532e+01,2.079811918047749089e+02,3.500000000000000000e+01,1.351042999999999983e-06,0.000000000000000000e+00
1.656705643342963796e+01,2.079807766935665825e+02,3.500000000000000000e+01,1.262014999999999936e-06,0.000000000000000000e+00
1.696612768014631456e+01,2.079803776223198497e+02,3.500000000000000000e+01,1.454202000000000040e-06,0.000000000000000000e+00
1.739381021281689854e+01,2.079799499397871898e+02,3.500000000000000000e+01,1.506530999999999900e-06,0.000000000000000000e+00
1.783215361404613475e+01,2.079795115963859473e+02,3.500000000000000000e+01,1.519641999999999917e-06,0.000000000000000000e+00
1.823282368253995855e+01,2.079791109263174462e+02,3.500000000000000000e+01,1.512569999999999945e-06,0.000000000000000000e+00
1.864408728507209645e+01,2.079786996627149165e+02,3.500000000000000000e+01,1.460298999999999992e-06,0.000000000000000000e+00
1.907826406545957454e+01,2.079782654859345428e+02,3.500000000000000000e+01,1.562046000000000037e-06,0.000000000000000000e+00
1.950182448439634797e+01,2.079778419255156052e+02,3.500000000000000000e+01,1.541804999999999928e-06,0.000000000000000000e+00
1.988701872970159457e+01,2.079774567312703084e+02,3.500000000000000000e+01,1.566906999999999963e-06,0.000000000000000000e+00
2.032480630389083842e+01,2.079770189436960948e+02,3.500000000000000000e+01,1.496126000000000039e-06,0.000000000000000000e+00
2.074863515282217463e+01,2.079765951148471856e+02,3.500000000000000000e+01,1.479114999999999941e-06,0.000000000000000000e+00
2.113592380186598874e+01,2.079762078261981344e+02,3.500000000000000000e+01,1.608087999999999993e-06,0.000000000000000000e+00
2.157087673236479830e+01,2.079757728732676298e+02,3.500000000000000000e+01,1.594250000000000025e-06,0.000000000000000000e+00
2.199495479621173999e+01,2.079753487952037858e+02,3.500000000000000000e+01,1.565800999999999927e-06,0.000000000000000000e+00
2.242617381568355128e+01,2.079749175761843105e+02,3.500000000000000000e+01,1.482593000000000020e-06,0.000000000000000000e+00
2.285699101279548984e+01,2.079744867589872115e+02,3.500000000000000000e+01,1.446678999999999901e-06,0.000000000000000000e+00
2.328790837518162249e+01,2.079740558416248177e+02,3.500000000000000000e+01,1.594583999999999927e-06,0.000000000000000000e+00
2.369066215916030771e+01,2.079736530878408303e+02,3.500000000000000000e+01,1.535780000000000058e-06,0.000000000000000000e+00
2.409969827020436384e+01,2.079732440517298073e+02,3.500000000000000000e+01,1.493259000000000097e-06,0.000000000000000000e+00
2.451541219508057878e+01,2.079728283378049127e+02,3.500000000000000000e+01,1.459106000000000095e-06,0.000000000000000000e+00
2.492746866526181648e+01,2.079724162813347448e+02,3.500000000000000000e+01,1.428809000000000019e-06,0.000000000000000000e+00
2.535162004658324264e+01,2.079719921299534064e+02,3.500000000000000000e+01,1.366556000000000024e-06,0.000000000000000000e+00
2.578549418717048880e+01,2.079715582558128233e+02,3.500000000000000000e+01,1.354420000000000027e-06,0.000000000000000000e+00
2.619016961505931462e+01,2.079711535803849358e+02,3.500000000000000000e+01,1.211737999999999968e-06,0.000000000000000000e+00
2.659219884199644923e+01,2.079707515511580027e+02,3.500000000000000000e+01,1.314897000000000025e-06,0.000000000000000000e+00
2.698472588116016979e+01,2.079703590241188351e+02,3.500000000000000000e+01,1.386550000000000091e-06,0.000000000000000000e+00
2.743038943829767007e+01,2.079699133605616908e+02,3.500000000000000000e+01,1.361564999999999897e-06,0.000000000000000000e+00
2.785418233870082716e+01,2.079694895676612987e+02,3.500000000000000000e+01,1.300607000000000074e-06,0.000000000000000000e+00
2.825301870750733713e+01,2.079690907312924821e+02,3.500000000000000000e+01,1.320163999999999936e-06,0.000000000000000000e+00
2.869654124420176800e+01,2.079686472087557831e+02,3.500000000000000000e+01,1.232473999999999976e-06,0.000000000000000000e+00
2.909164578933442868e+01,2.079682521042106771e+02,3.500000000000000000e+01,1.259119000000000040e-06,0.000000000000000000e+00
2.949949688167939144e+01,2.079678442531183293e+02,3.500000000000000000e+01,1.252789000000000009e-06,0.000000000000000000e+00
2.993024083832490945e+01,2.079674135091616733e+02,3.500000000000000000e+01,1.222157000000000003e-06,0.000000000000000000e+00
3.037195528587786342e+01,2.079669717947141123e+02,3.500000000000000000e+01,1.134990999999999896e-06,0.000000000000000000e+00
3.077059494059831124e+01,2.079665731550593932e+02,3.500000000000000000e+01,1.258231000000000092e-06,0.000000000000000000e+00
3.119446835659248052e+01,2.079661492816433963e+02,3.500000000000000000e+01,1.240347000000000036e-06,0.000000000000000000e+00
3.163162095742989166e+01,2.079657121290425721e+02,3.500000000000000000e+01,1.354289000000000011e-06,0.000000000000000000e+00
3.204244842291085149e+01,2.079653013015770853e+02,3.500000000000000000e+01,1.257838000000000043e-06,0.000000000000000000e+00
3.246674161005748971e+01,2.079648770083899478e+02,3.500000000000000000e+01,1.369291999999999950e-06,0.000000000000000000e+00
3.287791212890633119e+01,2.079644658378711028e+02,3.500000000000000000e+01,1.385735000000000040e-06,0.000000000000000000e+00
3.330881501975667192e+01,2.079640349349802477e+02,3.500000000000000000e+01,1.448119000000000051e-06,0.000000000000000000e+00
3.371328885135618236e+01,2.079636304611486537e+02,3.500000000000000000e+01,1.345892000000000098e-06,0.000000000000000000e+00
3.412481288498953091e+01,2.079632189371150162e+02,3.500000000000000000e+01,1.290842000000000092e-06,0.000000000000000000e+00
3.456786103193999082e+01,2.079627758889680536e+02,3.500000000000000000e+01,1.504333000000000001e-06,0.000000000000000000e+00
3.496653087563613127e+01,2.079623772191243631e+02,3.500000000000000000e+01,1.461420000000000019e-06,0.000000000000000000e+00
3.538350710625507389e+01,2.079619602428937526e+02,3.500000000000000000e+01,1.540277000000000101e-06,0.000000000000000000e+00
3.578225216059543357e+01,2.079615614978393978e+02,3.500000000000000000e+01,1.500783000000000052e-06,0.000000000000000000e+00
3.622879855523780179e+01,2.079611149514447561e+02,3.500000000000000000e+01,1.607447999999999903e-06,0.000000000000000000e+00
3.664436933252048334e+01,2.079606993806674780e+02,3.500000000000000000e+01,1.434557000000000079e-06,0.000000000000000000e+00
3.703208280160097843e+01,2.079603116671983969e+02,3.500000000000000000e+01,1.498353000000000103e-06,0.000000000000000000e+00
3.745711134036000800e+01,2.079598866386596399e+02,3.500000000000000000e+01,1.550085000000000000e-06,0.000000000000000000e+00
3.787648785416376285e+01,2.079594672621458358e+02,3.500000000000000000e+01,1.499968000000000002e-06,0.000000000000000000e+00
3.829597920541290534e+01,2.079590477707945979e+02,3.500000000000000000e+01,1.549459000000000084e-06,0.000000000000000000e+00
3.872168365276856861e+01,2.079586220663472318e+02,3.500000000000000000e+01,1.546562999999999977e-06,0.000000000000000000e+00
3.910959167832056238e+01,2.079582341583216873e+02,3.500000000000000000e+01,1.469961999999999912e-06,0.000000000000000000e+00
3.954748173840025061e+01,2.079577962682616032e+02,3.500000000000000000e+01,1.526233999999999980e-06,0.000000000000000000e+00
3.997169459389312607e+01,2.079573720554060969e+02,3.500000000000000000e+01,1.474909000000000095e-06,0.000000000000000000e+00
4.037031112230730656e+01,2.079569734388776965e+02,3.500000000000000000e+01,1.495907999999999951e-06,0.000000000000000000e+00
4.081275402398559748e+01,2.079565309959760100e+02,3.500000000000000000e+01,1.504421000000000101e-06,0.000000000000000000e+00
4.121799178015267273e+01,2.079561257582198550e+02,3.500000000000000000e+01,1.446459999999999997e-06,0.000000000000000000e+00
4.162986464592326286e+01,2.079557138853540721e+02,3.500000000000000000e+01,1.492793999999999967e-06,0.000000000000000000e+00
4.204531258524173154e+01,2.079552984374147684e+02,3.500000000000000000e+01,1.484498999999999905e-06,0.000000000000000000e+00
4.248954481814927675e+01,2.079548542051818458e+02,3.500000000000000000e+01,1.525680999999999962e-06,0.000000000000000000e+00
4.291313760385505560e+01,2.079544306123961519e+02,3.500000000000000000e+01,1.492284000000000077e-06,0.000000000000000000e+00
4.331867040203562169e+01,2.079540250795979546e+02,3.500000000000000000e+01,1.565349999999999971e-06,0.000000000000000000e+00
4.375951591064844592e+01,2.079535842340893623e+02,3.500000000000000000e+01,1.527775999999999982e-06,0.000000000000000000e+00
4.417704089694656489e+01,2.079531667091030442e+02,3.500000000000000000e+01,1.484294999999999991e-06,0.000000000000000000e+00
4.458307751616212755e+01,2.079527606724838336e+02,3.500000000000000000e+01,1.441832999999999965e-06,0.000000000000000000e+00
4.498347257357247031e+01,2.079523602774264361e+02,3.500000000000000000e+01,1.347288999999999909e-06,0.000000000000000000e+00
4.543036314492235306e+01,2.079519133868550682e+02,3.500000000000000000e+01,1.458553000000000077e-06,0.000000000000000000e+00
4.582915137325254307e+01,2.079515145986267441e+02,3.500000000000000000e+01,1.511246000000000032e-06,0.000000000000000000e+00
4.627358252827863083e+01,2.079510701674717268e+02,3.500000000000000000e+01,1.451932000000000060e-06,0.000000000000000000e+00
4.665221229465648634e+01,2.079506915377053531e+02,3.500000000000000000e+01,1.506311999999999996e-06,0.000000000000000000e+00
4.708461461128634795e+01,2.079502591353887055e+02,3.500000000000000000e+01,1.438325999999999932e-06,0.000000000000000000e+00
4.747893351982983035e+01,2.079498648164801580e+02,3.500000000000000000e+01,1.520994999999999995e-06,0.000000000000000000e+00
4.790773731164607341e+01,2.079494360126883521e+02,3.500000000000000000e+01,1.468535999999999936e-06,0.000000000000000000e+00
4.833096337347672744e+01,2.079490127866265254e+02,3.500000000000000000e+01,1.422536999999999896e-06,0.000000000000000000e+00
4.874547079258886129e+01,2.079485982792074026e+02,3.500000000000000000e+01,1.302512999999999958e-06,0.000000000000000000e+00
4.916107159370196200e+01,2.079481826784062832e+02,3.500000000000000000e+01,1.365929999999999897e-06,0.000000000000000000e+00
4.958536689709613654e+01,2.079477583831028937e+02,3.500000000000000000e+01,1.464460999999999894e-06,0.000000000000000000e+00
4.997053081861513135e+01,2.079473732191813724e+02,3.500000000000000000e+01,1.480468000000000019e-06,0.000000000000000000e+00
5.041671412390562779e+01,2.079469270358760866e+02,3.500000000000000000e+01,1.507490999999999930e-06,0.000000000000000000e+00
5.085518634108257885e+01,2.079464885636589031e+02,3.500000000000000000e+01,1.448220999999999902e-06,0.000000000000000000e+00
5.124067604068443416e+01,2.079461030739593070e+02,3.500000000000000000e+01,1.440857999999999944e-06,0.000000000000000000e+00
5.168182071162001279e+01,2.079456619292883772e+02,3.500000000000000000e+01,1.439534000000000031e-06,0.000000000000000000e+00
5.209701178254300657e+01,2.079452467382174632e+02,3.500000000000000000e+01,1.401043999999999956e-06,0.000000000000000000e+00
5.251219771077183651e+01,2.079448315522892301e+02,3.500000000000000000e+01,1.372478000000000016e-06,0.000000000000000000e+00
5.292503338091167819e+01,2.079444187166190829e+02,3.500000000000000000e+01,1.410459000000000017e-06,0.000000000000000000e+00
5.335905832524630910e+01,2.079439846916747570e+02,3.500000000000000000e+01,1.321358000000000072e-06,0.000000000000000000e+00
5.380281443230465754e+01,2.079435409355676825e+02,3.500000000000000000e+01,1.230829999999999911e-06,0.000000000000000000e+00
5.418819765256994003e+01,2.079431555523474344e+02,3.500000000000000000e+01,1.209802999999999918e-06,0.000000000000000000e+00
5.461770777512126074e+01,2.079427260422248764e+02,3.500000000000000000e+01,1.325854000000000088e-06,0.000000000000000000e+00
5.502989875369164707e+01,2.079423138512462970e+02,3.500000000000000000e+01,1.251813999999999989e-06,0.000000000000000000e+00
5.543496916709678857e+01,2.079419087808329039e+02,3.500000000000000000e+01,1.251420999999999940e-06,0.000000000000000000e+00
5.586584931768992135e+01,2.079414779006823153e+02,3.500000000000000000e+01,1.308871999999999943e-06,0.000000000000000000e+00
5.627388309763608731e+01,2.079410698669023532e+02,3.500000000000000000e+01,1.330802000000000087e-06,0.000000000000000000e+00
5.669460518864474352e+01,2.079406491448113456e+02,3.500000000000000000e+01,1.448613999999999951e-06,0.000000000000000000e+00
5.711257943310706509e+01,2.079402311705669035e+02,3.500000000000000000e+01,1.456369999999999958e-06,0.000000000000000000e+00
5.749793045489243326e+01,2.079398458195450985e+02,3.500000000000000000e+01,1.421648999999999947e-06,0.000000000000000000e+00
5.794649192852882891e+01,2.079393972580714660e+02,3.500000000000000000e+01,1.456093999999999962e-06,0.000000000000000000e+00
5.834543800572519245e+01,2.079389983119942826e+02,3.500000000000000000e+01,1.403649000000000077e-06,0.000000000000000000e+00
5.876920220463274802e+01,2.079385745477953549e+02,3.500000000000000000e+01,1.477471000000000088e-06,0.000000000000000000e+00
5.921460633668194617e+01,2.079381291436633035e+02,3.500000000000000000e+01,1.457199999999999999e-06,0.000000000000000000e+00
5.960217812849872132e+01,2.079377415718714985e+02,3.500000000000000000e+01,1.470237999999999907e-06,0.000000000000000000e+00
6.001733266806265732e+01,2.079373264173319455e+02,3.500000000000000000e+01,1.408261999999999935e-06,0.000000000000000000e+00
6.044513380871828190e+01,2.079368986161912858e+02,3.500000000000000000e+01,1.308654000000000066e-06,0.000000000000000000e+00
6.085337292290343214e+01,2.079364903770770923e+02,3.500000000000000000e+01,1.235399000000000037e-06,0.000000000000000000e+00
6.128434403452538248e+01,2.079360594059654659e+02,3.500000000000000000e+01,1.078995000000000034e-06,0.000000000000000000e+00
6.170766278410687278e+01,2.079356360872158973e+02,3.500000000000000000e+01,9.145442000000000241e-07,0.000000000000000000e+00
6.209542521419672312e+01,2.079352483247857890e+02,3.500000000000000000e+01,8.542411000000000246e-07,0.000000000000000000e+00
6.253488204050668742e+01,2.079348088679595037e+02,3.500000000000000000e+01,9.340292000000000163e-07,0.000000000000000000e+00
6.295887007290075843e+01,2.079343848799271086e+02,3.500000000000000000e+01,9.928043999999999164e-07,0.000000000000000000e+00
6.339353397740236318e+01,2.079339502160225948e+02,3.500000000000000000e+01,8.820789000000000014e-07,0.000000000000000000e+00
6.383190574698824094e+01,2.079335118442530188e+02,3.500000000000000000e+01,8.105852999999999521e-07,0.000000000000000000e+00
6.423247051040944200e+01,2.079331112794895944e+02,3.500000000000000000e+01,7.542402999999999858e-07,0.000000000000000000e+00
6.464415547594687439e+01,2.079326995945240526e+02,3.500000000000000000e+01,9.248179000000000508e-07,0.000000000000000000e+00
6.507157630829954087e+01,2.079322721736917003e+02,3.500000000000000000e+01,8.411153000000000011e-07,0.000000000000000000e+00
6.547762647124216073e+01,2.079318661235287493e+02,3.500000000000000000e+01,9.734795000000000449e-07,0.000000000000000000e+00
6.589719869240403227e+01,2.079314465513076016e+02,3.500000000000000000e+01,9.748473999999999628e-07,0.000000000000000000e+00
6.631868758638935901e+01,2.079310250624135961e+02,3.500000000000000000e+01,1.000283999999999959e-06,0.000000000000000000e+00
6.674957623579304311e+01,2.079305941737642058e+02,3.500000000000000000e+01,1.144363000000000041e-06,0.000000000000000000e+00
6.713715735128687356e+01,2.079302065926487160e+02,3.500000000000000000e+01,9.006034999999999951e-07,0.000000000000000000e+00
6.755269969230768368e+01,2.079297910503076992e+02,3.500000000000000000e+01,1.023173999999999921e-06,0.000000000000000000e+00
6.795518493924936365e+01,2.079293885650607479e+02,3.500000000000000000e+01,1.038118999999999953e-06,0.000000000000000000e+00
6.838205815393290266e+01,2.079289616918460695e+02,3.500000000000000000e+01,9.800714999999998964e-07,0.000000000000000000e+00
6.880760996075781577e+01,2.079285361400392276e+02,3.500000000000000000e+01,8.128990999999999976e-07,0.000000000000000000e+00
6.921488857825960395e+01,2.079281288614217260e+02,3.500000000000000000e+01,1.189036999999999929e-06,0.000000000000000000e+00
6.963037710559797233e+01,2.079277133728944023e+02,3.500000000000000000e+01,1.183056000000000003e-06,0.000000000000000000e+00
7.007364910644614042e+01,2.079272701008935655e+02,3.500000000000000000e+01,1.058040999999999938e-06,0.000000000000000000e+00
7.049090699295179263e+01,2.079268528430070546e+02,3.500000000000000000e+01,1.115040999999999985e-06,0.000000000000000000e+00
7.088889599580143397e+01,2.079264548540041915e+02,3.500000000000000000e+01,9.931391000000000286e-07,0.000000000000000000e+00
7.132975760647134678e+01,2.079260139923935355e+02,3.500000000000000000e+01,1.080945000000000075e-06,0.000000000000000000e+00
7.176165152947351089e+01,2.079255820984705281e+02,3.500000000000000000e+01,9.573851000000000911e-07,0.000000000000000000e+00
7.216856273947647082e+01,2.079251751872605212e+02,3.500000000000000000e+01,1.018605000000000008e-06,0.000000000000000000e+00
7.256595044737190392e+01,2.079247777995526292e+02,3.500000000000000000e+01,1.001884999999999895e-06,0.000000000000000000e+00
7.300927653213878443e+01,2.079243344734678658e+02,3.500000000000000000e+01,9.625218999999999230e-07,0.000000000000000000e+00
7.342268047726774682e+01,2.079239210695227200e+02,3.500000000000000000e+01,1.014820999999999952e-06,0.000000000000000000e+00
7.384657358108870540e+01,2.079234971764189197e+02,3.500000000000000000e+01,9.140495000000000481e-07,0.000000000000000000e+00
7.427756533859600552e+01,2.079230661846613941e+02,3.500000000000000000e+01,7.818598999999999958e-07,0.000000000000000000e+00
7.467911424222906192e+01,2.079226646357577692e+02,3.500000000000000000e+01,8.524947999999999741e-07,0.000000000000000000e+00
7.508677878230444946e+01,2.079222569712177062e+02,3.500000000000000000e+01,7.732159999999999802e-07,0.000000000000000000e+00
7.550207466170471093e+01,2.079218416753382996e+02,3.500000000000000000e+01,8.287024999999999655e-07,0.000000000000000000e+00
7.590987925518857082e+01,2.079214338707448064e+02,3.500000000000000000e+01,9.596115000000000957e-07,0.000000000000000000e+00
7.634955328047325906e+01,2.079209941967195334e+02,3.500000000000000000e+01,8.456409000000000294e-07,0.000000000000000000e+00
7.674854246173197225e+01,2.079205952075382697e+02,3.500000000000000000e+01,8.094357000000000461e-07,0.000000000000000000e+00
7.716404207182803532e+01,2.079201797079281562e+02,3.500000000000000000e+01,1.105276000000000004e-06,0.000000000000000000e+00
7.760717566983856841e+01,2.079197365743301589e+02,3.500000000000000000e+01,1.031657999999999906e-06,0.000000000000000000e+00
7.799603691730280275e+01,2.079193477130826864e+02,3.500000000000000000e+01,1.029969999999999898e-06,0.000000000000000000e+00
7.841919313762255683e+01,2.079189245568623789e+02,3.500000000000000000e+01,1.076871000000000061e-06,0.000000000000000000e+00
7.881818392977098142e+01,2.079185255660702296e+02,3.500000000000000000e+01,9.391370000000000006e-07,0.000000000000000000e+00
7.926554408605508684e+01,2.079180782059139290e+02,3.500000000000000000e+01,9.788927999999999919e-07,0.000000000000000000e+00
7.968410750369761786e+01,2.079176596424962895e+02,3.500000000000000000e+01,1.015694999999999937e-06,0.000000000000000000e+00
8.008961046004102968e+01,2.079172541395399492e+02,3.500000000000000000e+01,1.123392999999999927e-06,0.000000000000000000e+00
8.048952878020429580e+01,2.079168542212198076e+02,3.500000000000000000e+01,1.243227999999999941e-06,0.000000000000000000e+00
8.092013235808467186e+01,2.079164236176419251e+02,3.500000000000000000e+01,1.190317999999999926e-06,0.000000000000000000e+00
8.132798942666926223e+01,2.079160157605733161e+02,3.500000000000000000e+01,1.115419000000000043e-06,0.000000000000000000e+00
8.175872586423768951e+01,2.079155850241357655e+02,3.500000000000000000e+01,1.104141000000000014e-06,0.000000000000000000e+00
8.217632546395250870e+01,2.079151674245360368e+02,3.500000000000000000e+01,9.729411000000000485e-07,0.000000000000000000e+00
8.261923615521628506e+01,2.079147245138447886e+02,3.500000000000000000e+01,1.040388999999999933e-06,0.000000000000000000e+00
8.303430776557902959e+01,2.079143094422344120e+02,3.500000000000000000e+01,1.133520999999999976e-06,0.000000000000000000e+00
8.345901369326855956e+01,2.079138847363067271e+02,3.500000000000000000e+01,1.128355999999999916e-06,0.000000000000000000e+00
8.386737272796669629e+01,2.079134763772720191e+02,3.500000000000000000e+01,1.148321000000000029e-06,0.000000000000000000e+00
8.430293099549130886e+01,2.079130408190044932e+02,3.500000000000000000e+01,1.136315000000000021e-06,0.000000000000000000e+00
8.472674350114503738e+01,2.079126170064988628e+02,3.500000000000000000e+01,1.069070999999999899e-06,0.000000000000000000e+00
8.511225471625095906e+01,2.079122314952837485e+02,3.500000000000000000e+01,1.033666000000000066e-06,0.000000000000000000e+00
8.554534396183123590e+01,2.079117984060381730e+02,3.500000000000000000e+01,1.027932999999999997e-06,0.000000000000000000e+00
8.593049569811975630e+01,2.079114132543018911e+02,3.500000000000000000e+01,1.083302999999999943e-06,0.000000000000000000e+00
8.637225162813999191e+01,2.079109714983718504e+02,3.500000000000000000e+01,1.013381000000000013e-06,0.000000000000000000e+00
8.677130003940933989e+01,2.079105724499605969e+02,3.500000000000000000e+01,1.187188999999999951e-06,0.000000000000000000e+00
8.721697081524678197e+01,2.079101267791847647e+02,3.500000000000000000e+01,1.069668000000000073e-06,0.000000000000000000e+00
8.760825899811315765e+01,2.079097354910018964e+02,3.500000000000000000e+01,1.116567999999999996e-06,0.000000000000000000e+00
8.801984309160305031e+01,2.079093239069083836e+02,3.500000000000000000e+01,1.072243000000000002e-06,0.000000000000000000e+00
8.844697389620696981e+01,2.079088967761038020e+02,3.500000000000000000e+01,1.038075000000000009e-06,0.000000000000000000e+00
8.886719933109357328e+01,2.079084765506688939e+02,3.500000000000000000e+01,9.714713000000000071e-07,0.000000000000000000e+00
8.928570073927564010e+01,2.079080580492607169e+02,3.500000000000000000e+01,9.207578999999999999e-07,0.000000000000000000e+00
8.970909877438506896e+01,2.079076346512256066e+02,3.500000000000000000e+01,1.027045000000000049e-06,0.000000000000000000e+00
9.012474189540648695e+01,2.079072190081045903e+02,3.500000000000000000e+01,9.230134000000000031e-07,0.000000000000000000e+00
9.055571324739763384e+01,2.079067880367526016e+02,3.500000000000000000e+01,1.078442000000000016e-06,0.000000000000000000e+00
9.095994730255969785e+01,2.079063838026974338e+02,3.500000000000000000e+01,9.278737999999999769e-07,0.000000000000000000e+00
9.138401536067175357e+01,2.079059597346393389e+02,3.500000000000000000e+01,9.175709999999999516e-07,0.000000000000000000e+00
9.182523187266063758e+01,2.079055185181273373e+02,3.500000000000000000e+01,9.205104999999999893e-07,0.000000000000000000e+00
9.221070353119779384e+01,2.079051330464687908e+02,3.500000000000000000e+01,9.577489000000000960e-07,0.000000000000000000e+00
9.264521553773160178e+01,2.079046985344622556e+02,3.500000000000000000e+01,9.545329000000000492e-07,0.000000000000000000e+00
9.306058971919316036e+01,2.079042831602808121e+02,3.500000000000000000e+01,8.512724999999999883e-07,0.000000000000000000e+00
9.348022591572510009e+01,2.079038635240842723e+02,3.500000000000000000e+01,8.955976000000000283e-07,0.000000000000000000e+00
9.388824485725440638e+01,2.079034555051427446e+02,3.500000000000000000e+01,9.523354999999999980e-07,0.000000000000000000e+00
9.431880757564192663e+01,2.079030249424243664e+02,3.500000000000000000e+01,8.654606000000000279e-07,0.000000000000000000e+00
9.474916882699393739e+01,2.079025945811729912e+02,3.500000000000000000e+01,8.138450000000000193e-07,0.000000000000000000e+00
9.513673970271416636e+01,2.079022070102972748e+02,3.500000000000000000e+01,9.863142999999999767e-07,0.000000000000000000e+00
9.557173112946395577e+01,2.079017720188705312e+02,3.500000000000000000e+01,7.688650000000000493e-07,0.000000000000000000e+00
9.597313979787463722e+01,2.079013706102021217e+02,3.500000000000000000e+01,1.002684999999999955e-06,0.000000000000000000e+00
9.639446986631041625e+01,2.079009492801336876e+02,3.500000000000000000e+01,8.963688999999999527e-07,0.000000000000000000e+00
9.683459963652923363e+01,2.079005091503634617e+02,3.500000000000000000e+01,1.019215999999999933e-06,0.000000000000000000e+00
9.721976934698123785e+01,2.079001239806530066e+02,3.500000000000000000e+01,1.122346000000000037e-06,0.000000000000000000e+00
9.765623507522664681e+01,2.078996875149247785e+02,3.500000000000000000e+01,1.077248999999999908e-06,0.000000000000000000e+00
9.806450792843172337e+01,2.078992792420715716e+02,3.500000000000000000e+01,9.895738999999999988e-07,0.000000000000000000e+00
9.846664067003536047e+01,2.078988771093299590e+02,3.500000000000000000e+01,1.034641000000000086e-06,0.000000000000000000e+00
9.889733570333099522e+01,2.078984464142966715e+02,3.500000000000000000e+01,1.143475000000000093e-06,0.000000000000000000e+00
9.930568631012793901e+01,2.078980380636898815e+02,3.500000000000000000e+01,1.126842000000000053e-06,0.000000000000000000e+00
9.973366348897371836e+01,2.078976100865110368e+02,3.500000000000000000e+01,1.132706999999999953e-06,0.000000000000000000e+00
1.001495375254857265e+02,2.078971942124745169e+02,3.500000000000000000e+01,1.140767999999999909e-06,0.000000000000000000e+00
1.005757380093684787e+02,2.078967680119906163e+02,3.500000000000000000e+01,1.095598999999999910e-06,0.000000000000000000e+00
1.009822252095708421e+02,2.078963615247904215e+02,3.500000000000000000e+01,1.200343999999999912e-06,0.000000000000000000e+00
1.014060923962210410e+02,2.078959376576037812e+02,3.500000000000000000e+01,1.202061000000000086e-06,0.000000000000000000e+00
1.018049308321962059e+02,2.078955388191677969e+02,3.500000000000000000e+01,1.193241999999999959e-06,0.000000000000000000e+00
1.022535036779944022e+02,2.078950902463220132e+02,3.500000000000000000e+01,1.185967000000000101e-06,0.000000000000000000e+00
1.026694129577225993e+02,2.078946743370422894e+02,3.500000000000000000e+01,1.167340000000000075e-06,0.000000000000000000e+00
1.030845158279216349e+02,2.078942592341720683e+02,3.500000000000000000e+01,1.031628999999999953e-06,0.000000000000000000e+00
1.035275076581849021e+02,2.078938162423418134e+02,3.500000000000000000e+01,1.165287999999999972e-06,0.000000000000000000e+00
1.039361959887883984e+02,2.078934075540112190e+02,3.500000000000000000e+01,1.247405000000000045e-06,0.000000000000000000e+00
1.043473044238853049e+02,2.078929964455761024e+02,3.500000000000000000e+01,1.273671000000000024e-06,0.000000000000000000e+00
1.047918146487377413e+02,2.078925519353512641e+02,3.500000000000000000e+01,1.263411999999999958e-06,0.000000000000000000e+00
1.051769533518390034e+02,2.078921667966481550e+02,3.500000000000000000e+01,1.276072000000000020e-06,0.000000000000000000e+00
1.056039333065444055e+02,2.078917398166934447e+02,3.500000000000000000e+01,1.269916999999999949e-06,0.000000000000000000e+00
1.060172071461831962e+02,2.078913265428538182e+02,3.500000000000000000e+01,1.261708999999999959e-06,0.000000000000000000e+00
1.064236802279765755e+02,2.078909200697720223e+02,3.500000000000000000e+01,1.392283999999999975e-06,0.000000000000000000e+00
1.068457588443967268e+02,2.078904979911555984e+02,3.500000000000000000e+01,1.513617000000000047e-06,0.000000000000000000e+00
1.072625094850798178e+02,2.078900812405149168e+02,3.500000000000000000e+01,1.410124000000000087e-06,0.000000000000000000e+00
1.076803812383376027e+02,2.078896633687616600e+02,3.500000000000000000e+01,1.472638999999999903e-06,0.000000000000000000e+00
1.081011957663897931e+02,2.078892425542336184e+02,3.500000000000000000e+01,1.530381000000000103e-06,0.000000000000000000e+00
1.085100707061068732e+02,2.078888336792938958e+02,3.500000000000000000e+01,1.541863000000000047e-06,0.000000000000000000e+00
1.089339166864040749e+02,2.078884098333136023e+02,3.500000000000000000e+01,1.505817999999999912e-06,0.000000000000000000e+00
1.093324870142894838e+02,2.078880112629857138e+02,3.500000000000000000e+01,1.480003000000000101e-06,0.000000000000000000e+00
1.097782536190662199e+02,2.078875654963809438e+02,3.500000000000000000e+01,1.515597000000000068e-06,0.000000000000000000e+00
1.101998180388581261e+02,2.078871439319611341e+02,3.500000000000000000e+01,1.563196000000000017e-06,0.000000000000000000e+00
1.106038002713870014e+02,2.078867399497286215e+02,3.500000000000000000e+01,1.603534000000000070e-06,0.000000000000000000e+00
1.110028845221724367e+02,2.078863408654778198e+02,3.500000000000000000e+01,1.648878000000000030e-06,0.000000000000000000e+00
1.114333311638437607e+02,2.078859104188361471e+02,3.500000000000000000e+01,1.674693000000000053e-06,0.000000000000000000e+00
1.118754516540948032e+02,2.078854682983458986e+02,3.500000000000000000e+01,1.559485000000000071e-06,0.000000000000000000e+00
1.122911719765421594e+02,2.078850525780234477e+02,3.500000000000000000e+01,1.591178999999999957e-06,0.000000000000000000e+00
1.126923772529354153e+02,2.078846513727470722e+02,3.500000000000000000e+01,1.574037000000000054e-06,0.000000000000000000e+00
1.131357522722646394e+02,2.078842079977277422e+02,3.500000000000000000e+01,1.544481999999999920e-06,0.000000000000000000e+00
1.135461979890741588e+02,2.078837975520109183e+02,3.500000000000000000e+01,1.663095000000000083e-06,0.000000000000000000e+00
1.139504688293899619e+02,2.078833932811706120e+02,3.500000000000000000e+01,1.667504000000000027e-06,0.000000000000000000e+00
1.143813236660160442e+02,2.078829624263339895e+02,3.500000000000000000e+01,1.783016999999999958e-06,0.000000000000000000e+00
1.148069379087150423e+02,2.078825368120912742e+02,3.500000000000000000e+01,1.861800999999999930e-06,0.000000000000000000e+00
1.152134870975163636e+02,2.078821302629024785e+02,3.500000000000000000e+01,1.698746999999999958e-06,0.000000000000000000e+00
1.156287911507408381e+02,2.078817149588492441e+02,3.500000000000000000e+01,1.723877999999999947e-06,0.000000000000000000e+00
1.160166488913861542e+02,2.078813271011086101e+02,3.500000000000000000e+01,1.724635000000000090e-06,0.000000000000000000e+00
1.164443814529918200e+02,2.078808993685470057e+02,3.500000000000000000e+01,1.759399000000000017e-06,0.000000000000000000e+00
1.168648092651332746e+02,2.078804789407348608e+02,3.500000000000000000e+01,1.614476999999999959e-06,0.000000000000000000e+00
1.172864388982561650e+02,2.078800573111017513e+02,3.500000000000000000e+01,1.618784000000000051e-06,0.000000000000000000e+00
1.177335637127786612e+02,2.078796101862872092e+02,3.500000000000000000e+01,1.750625000000000074e-06,0.000000000000000000e+00
1.181212461743002820e+02,2.078792225038257016e+02,3.500000000000000000e+01,1.577035000000000013e-06,0.000000000000000000e+00
1.185362900441593581e+02,2.078788074599558513e+02,3.500000000000000000e+01,1.560270999999999956e-06,0.000000000000000000e+00
1.189430693863464796e+02,2.078784006806136517e+02,3.500000000000000000e+01,1.696330999999999971e-06,0.000000000000000000e+00
1.193686361346287157e+02,2.078779751138653751e+02,3.500000000000000000e+01,1.636319000000000003e-06,0.000000000000000000e+00
1.197992405532736200e+02,2.078775445094467216e+02,3.500000000000000000e+01,1.677718999999999937e-06,0.000000000000000000e+00
1.202027819297215956e+02,2.078771409680702789e+02,3.500000000000000000e+01,1.660155000000000032e-06,0.000000000000000000e+00
1.206125518439355631e+02,2.078767311981560511e+02,3.500000000000000000e+01,1.662105000000000072e-06,0.000000000000000000e+00
1.210505893093494194e+02,2.078762931606906363e+02,3.500000000000000000e+01,1.565800999999999927e-06,0.000000000000000000e+00
1.214544196655100592e+02,2.078758893303345019e+02,3.500000000000000000e+01,1.449734999999999978e-06,0.000000000000000000e+00
1.218738975158758393e+02,2.078754698524841160e+02,3.500000000000000000e+01,1.534469999999999896e-06,0.000000000000000000e+00
1.223164691798486245e+02,2.078750272808201487e+02,3.500000000000000000e+01,1.566076999999999922e-06,0.000000000000000000e+00
1.227467259435962745e+02,2.078745970240564134e+02,3.500000000000000000e+01,1.573440000000000092e-06,0.000000000000000000e+00
1.231554053326971996e+02,2.078741883446672887e+02,3.500000000000000000e+01,1.544903999999999922e-06,0.000000000000000000e+00
1.235863555768380024e+02,2.078737573944231656e+02,3.500000000000000000e+01,1.588982000000000087e-06,0.000000000000000000e+00
1.239937817328244449e+02,2.078733499682671777e+02,3.500000000000000000e+01,1.645239999999999981e-06,0.000000000000000000e+00
1.244247230139551021e+02,2.078729190269860396e+02,3.500000000000000000e+01,1.715670999999999984e-06,0.000000000000000000e+00
1.248161901095420063e+02,2.078725275598904432e+02,3.500000000000000000e+01,1.754087999999999951e-06,0.000000000000000000e+00
1.252634409441564998e+02,2.078720803090558320e+02,3.500000000000000000e+01,1.547741999999999911e-06,0.000000000000000000e+00
1.256635023316396058e+02,2.078716802476683654e+02,3.500000000000000000e+01,1.691834999999999956e-06,0.000000000000000000e+00
1.260694110017759044e+02,2.078712743389982336e+02,3.500000000000000000e+01,1.703607000000000069e-06,0.000000000000000000e+00
1.264873699253990225e+02,2.078708563800745992e+02,3.500000000000000000e+01,1.729626000000000006e-06,0.000000000000000000e+00
1.268954765559628015e+02,2.078704482734440262e+02,3.500000000000000000e+01,1.693043000000000055e-06,0.000000000000000000e+00
1.273337767625232857e+02,2.078700099732374724e+02,3.500000000000000000e+01,1.603882999999999963e-06,0.000000000000000000e+00
1.277342820298404007e+02,2.078696094679701503e+02,3.500000000000000000e+01,1.630920000000000048e-06,0.000000000000000000e+00
1.281465863531158220e+02,2.078691971636468736e+02,3.500000000000000000e+01,1.655324000000000086e-06,0.000000000000000000e+00
1.285734718129770897e+02,2.078687702781870144e+02,3.500000000000000000e+01,1.593186999999999905e-06,0.000000000000000000e+00
1.289799574631074393e+02,2.078683637925368828e+02,3.500000000000000000e+01,1.575172000000000044e-06,0.000000000000000000e+00
1.294129342304539136e+02,2.078679308157695402e+02,3.500000000000000000e+01,1.637309000000000014e-06,0.000000000000000000e+00
1.298030929829432978e+02,2.078675406570170594e+02,3.500000000000000000e+01,1.740394999999999962e-06,0.000000000000000000e+00
1.302515330558001381e+02,2.078670922169442008e+02,3.500000000000000000e+01,1.745968000000000060e-06,0.000000000000000000e+00
1.306673935208206387e+02,2.078666763564791893e+02,3.500000000000000000e+01,1.758845999999999999e-06,0.000000000000000000e+00
1.310825775835453726e+02,2.078662611724164435e+02,3.500000000000000000e+01,1.818901999999999911e-06,0.000000000000000000e+00
1.315209177479939342e+02,2.078658228322520074e+02,3.500000000000000000e+01,1.747306999999999964e-06,0.000000000000000000e+00
1.319219824419475628e+02,2.078654217675580469e+02,3.500000000000000000e+01,1.705455000000000047e-06,0.000000000000000000e+00
1.323598588689033022e+02,2.078649838911310894e+02,3.500000000000000000e+01,1.789637999999999974e-06,0.000000000000000000e+00
1.327906253182104024e+02,2.078645531246817768e+02,3.500000000000000000e+01,1.723571999999999970e-06,0.000000000000000000e+00
1.331935460596837117e+02,2.078641502039403122e+02,3.500000000000000000e+01,1.787818999999999950e-06,0.000000000000000000e+00
1.336027410565377807e+02,2.078637410089434638e+02,3.500000000000000000e+01,1.859182000000000058e-06,0.000000000000000000e+00
1.340373099531131516e+02,2.078633064400468982e+02,3.500000000000000000e+01,1.951368000000000034e-06,0.000000000000000000e+00
1.344224389491444356e+02,2.078629213110508545e+02,3.500000000000000000e+01,2.035013000000000145e-06,0.000000000000000000e+00
1.348633701345929126e+02,2.078624803798654170e+02,3.500000000000000000e+01,2.102650000000000104e-06,0.000000000000000000e+00
1.352623375389680120e+02,2.078620814124610376e+02,3.500000000000000000e+01,2.107116999999999955e-06,0.000000000000000000e+00
1.356861510129770920e+02,2.078616575989870228e+02,3.500000000000000000e+01,2.091489000000000127e-06,0.000000000000000000e+00
1.361002711960269949e+02,2.078612434788039707e+02,3.500000000000000000e+01,2.048400000000000158e-06,0.000000000000000000e+00
1.365103508507209540e+02,2.078608333991492714e+02,3.500000000000000000e+01,2.080908999999999883e-06,0.000000000000000000e+00
1.369393437904187465e+02,2.078604044062095682e+02,3.500000000000000000e+01,2.084576000000000097e-06,0.000000000000000000e+00
1.373604135320756541e+02,2.078599833364679341e+02,3.500000000000000000e+01,2.094631999999999853e-06,0.000000000000000000e+00
1.377783535857387562e+02,2.078595653964142684e+02,3.500000000000000000e+01,2.118831999999999977e-06,0.000000000000000000e+00
1.381997852135605740e+02,2.078591439647864263e+02,3.500000000000000000e+01,2.097528000000000172e-06,0.000000000000000000e+00
1.385875264764227097e+02,2.078587562235235850e+02,3.500000000000000000e+01,2.107102999999999992e-06,0.000000000000000000e+00
1.390029350004240882e+02,2.078583408149995648e+02,3.500000000000000000e+01,1.989567000000000123e-06,0.000000000000000000e+00
1.394513040246189064e+02,2.078578924459753807e+02,3.500000000000000000e+01,1.958207999999999955e-06,0.000000000000000000e+00
1.398503238509470634e+02,2.078574934261490625e+02,3.500000000000000000e+01,2.037239000000000181e-06,0.000000000000000000e+00
1.402742894584317241e+02,2.078570694605415667e+02,3.500000000000000000e+01,2.092871000000000159e-06,0.000000000000000000e+00
1.406802109226865696e+02,2.078566635390773172e+02,3.500000000000000000e+01,2.101864000000000007e-06,0.000000000000000000e+00
1.411079291038581971e+02,2.078562358208961314e+02,3.500000000000000000e+01,2.076646000000000158e-06,0.000000000000000000e+00
1.415236800318074586e+02,2.078558200699681890e+02,3.500000000000000000e+01,2.080094000000000044e-06,0.000000000000000000e+00
1.419335283692894905e+02,2.078554102216307058e+02,3.500000000000000000e+01,2.010886000000000130e-06,0.000000000000000000e+00
1.423580713315261050e+02,2.078549856786684700e+02,3.500000000000000000e+01,1.924286999999999793e-06,0.000000000000000000e+00
1.427924204675572355e+02,2.078545513295324270e+02,3.500000000000000000e+01,2.029949000000000120e-06,0.000000000000000000e+00
1.432163585020635139e+02,2.078541273914979399e+02,3.500000000000000000e+01,1.969849000000000052e-06,0.000000000000000000e+00
1.436556686057200523e+02,2.078536880813942673e+02,3.500000000000000000e+01,1.875684000000000082e-06,0.000000000000000000e+00
1.440640383963358033e+02,2.078532797116036761e+02,3.500000000000000000e+01,1.838300000000000043e-06,0.000000000000000000e+00
1.444664873788765931e+02,2.078528772626211207e+02,3.500000000000000000e+01,1.741398999999999935e-06,0.000000000000000000e+00
1.448972318147079932e+02,2.078524465181853031e+02,3.500000000000000000e+01,1.840526000000000079e-06,0.000000000000000000e+00
1.453052423364489982e+02,2.078520385076635364e+02,3.500000000000000000e+01,1.784442999999999933e-06,0.000000000000000000e+00
1.457327883694966602e+02,2.078516109616305130e+02,3.500000000000000000e+01,1.772249000000000030e-06,0.000000000000000000e+00
1.461439596304489328e+02,2.078511997903695487e+02,3.500000000000000000e+01,1.823703999999999904e-06,0.000000000000000000e+00
1.465357714714660631e+02,2.078508079785285361e+02,3.500000000000000000e+01,1.927211999999999854e-06,0.000000000000000000e+00
1.469426557760769754e+02,2.078504010942239120e+02,3.500000000000000000e+01,1.953463999999999869e-06,0.000000000000000000e+00
1.473799520400763470e+02,2.078499637979599299e+02,3.500000000000000000e+01,1.930936999999999975e-06,0.000000000000000000e+00
1.477988064836260946e+02,2.078495449435163778e+02,3.500000000000000000e+01,1.873836000000000104e-06,0.000000000000000000e+00
1.482252333537254287e+02,2.078491185166462856e+02,3.500000000000000000e+01,1.841020999999999979e-06,0.000000000000000000e+00
1.486379367737682173e+02,2.078487058132262177e+02,3.500000000000000000e+01,1.921289000000000046e-06,0.000000000000000000e+00
1.490286055686378575e+02,2.078483151444313535e+02,3.500000000000000000e+01,1.946260000000000065e-06,0.000000000000000000e+00
1.494748135980343022e+02,2.078478689364019658e+02,3.500000000000000000e+01,2.013897999999999840e-06,0.000000000000000000e+00
1.498735279122137740e+02,2.078474702220877930e+02,3.500000000000000000e+01,1.777589000000000050e-06,0.000000000000000000e+00
1.503156770536543263e+02,2.078470280729463298e+02,3.500000000000000000e+01,1.883018000000000087e-06,0.000000000000000000e+00
1.507452902141645552e+02,2.078465984597858380e+02,3.500000000000000000e+01,1.819237000000000053e-06,0.000000000000000000e+00
1.511448035390157258e+02,2.078461989464609871e+02,3.500000000000000000e+01,1.964785000000000027e-06,0.000000000000000000e+00
1.515854518739563161e+02,2.078457582981260430e+02,3.500000000000000000e+01,1.982086999999999900e-06,0.000000000000000000e+00
1.519709399226231881e+02,2.078453728100773787e+02,3.500000000000000000e+01,1.954075000000000006e-06,0.000000000000000000e+00
1.524172268785037829e+02,2.078449265231215008e+02,3.500000000000000000e+01,1.958819000000000092e-06,0.000000000000000000e+00
1.528552932011277505e+02,2.078444884567988709e+02,3.500000000000000000e+01,1.965512999999999794e-06,0.000000000000000000e+00
1.532406475190839785e+02,2.078441031024809149e+02,3.500000000000000000e+01,1.966328000000000056e-06,0.000000000000000000e+00
1.536816448277361076e+02,2.078436621051722568e+02,3.500000000000000000e+01,1.897190999999999985e-06,0.000000000000000000e+00
1.540874228980653129e+02,2.078432563271019262e+02,3.500000000000000000e+01,1.924955999999999837e-06,0.000000000000000000e+00
1.544875314621790494e+02,2.078428562185378325e+02,3.500000000000000000e+01,1.998472999999999899e-06,0.000000000000000000e+00
1.549348320438952271e+02,2.078424089179561065e+02,3.500000000000000000e+01,1.979963000000000138e-06,0.000000000000000000e+00
1.553258625558639778e+02,2.078420178874441433e+02,3.500000000000000000e+01,2.122601000000000042e-06,0.000000000000000000e+00
1.557571126670006265e+02,2.078415866373329948e+02,3.500000000000000000e+01,2.129615000000000108e-06,0.000000000000000000e+00
1.561642773280128154e+02,2.078411794726719961e+02,3.500000000000000000e+01,2.037005999999999890e-06,0.000000000000000000e+00
1.565796997726990867e+02,2.078407640502273068e+02,3.500000000000000000e+01,1.848151000000000070e-06,0.000000000000000000e+00
1.570034008246188648e+02,2.078403403491753920e+02,3.500000000000000000e+01,1.848035000000000044e-06,0.000000000000000000e+00
1.574025082048713102e+02,2.078399412417951169e+02,3.500000000000000000e+01,1.950625999999999880e-06,0.000000000000000000e+00
1.578423651394244303e+02,2.078395013848605686e+02,3.500000000000000000e+01,1.942477000000000037e-06,0.000000000000000000e+00
1.582503529209082558e+02,2.078390933970790968e+02,3.500000000000000000e+01,2.029192000000000188e-06,0.000000000000000000e+00
1.586659511267792197e+02,2.078386777988732206e+02,3.500000000000000000e+01,1.986380000000000030e-06,0.000000000000000000e+00
1.590815309567430234e+02,2.078382622190432585e+02,3.500000000000000000e+01,1.964872000000000099e-06,0.000000000000000000e+00
1.594768884327376099e+02,2.078378668615672495e+02,3.500000000000000000e+01,2.042055999999999952e-06,0.000000000000000000e+00
1.599056447459391279e+02,2.078374381052540514e+02,3.500000000000000000e+01,1.900144999999999999e-06,0.000000000000000000e+00
1.603449001709923607e+02,2.078369988498290013e+02,3.500000000000000000e+01,1.927735999999999918e-06,0.000000000000000000e+00
1.607441488339007947e+02,2.078365996011660854e+02,3.500000000000000000e+01,1.995561999999999801e-06,0.000000000000000000e+00
1.611672875246069907e+02,2.078361764624753789e+02,3.500000000000000000e+01,2.050859999999999877e-06,0.000000000000000000e+00
1.616009995574522122e+02,2.078357427504425345e+02,3.500000000000000000e+01,1.908295000000000082e-06,0.000000000000000000e+00
1.619915973615887879e+02,2.078353521526384213e+02,3.500000000000000000e+01,1.985579999999999970e-06,0.000000000000000000e+00
1.624217136193966553e+02,2.078349220363805898e+02,3.500000000000000000e+01,2.012457000000000085e-06,0.000000000000000000e+00
1.628523631656473754e+02,2.078344913868343440e+02,3.500000000000000000e+01,2.013358999999999996e-06,0.000000000000000000e+00
1.632864211631002718e+02,2.078340573288369058e+02,3.500000000000000000e+01,2.030880000000000197e-06,0.000000000000000000e+00
1.637100089389313098e+02,2.078336337410610781e+02,3.500000000000000000e+01,1.999491000000000047e-06,0.000000000000000000e+00
1.641217051254581065e+02,2.078332220448745318e+02,3.500000000000000000e+01,1.959240999999999882e-06,0.000000000000000000e+00
1.645362425445966892e+02,2.078328075074554135e+02,3.500000000000000000e+01,1.845400999999999969e-06,0.000000000000000000e+00
1.649603510766628176e+02,2.078323833989233265e+02,3.500000000000000000e+01,1.891719999999999948e-06,0.000000000000000000e+00
1.653554269559658394e+02,2.078319883230440439e+02,3.500000000000000000e+01,1.846216000000000020e-06,0.000000000000000000e+00
1.657993825412907825e+02,2.078315443674587186e+02,3.500000000000000000e+01,1.918087999999999990e-06,0.000000000000000000e+00
1.662034586321238692e+02,2.078311402913678876e+02,3.500000000000000000e+01,1.894789999999999988e-06,0.000000000000000000e+00
1.666138348026612448e+02,2.078307299151973382e+02,3.500000000000000000e+01,2.018437999999999800e-06,0.000000000000000000e+00
1.670016937774126120e+02,2.078303420562225767e+02,3.500000000000000000e+01,1.939770000000000064e-06,0.000000000000000000e+00
1.674320317369767963e+02,2.078299117182630198e+02,3.500000000000000000e+01,1.877633999999999911e-06,0.000000000000000000e+00
1.678738797807199603e+02,2.078294698702192704e+02,3.500000000000000000e+01,1.977910999999999823e-06,0.000000000000000000e+00
1.682726160921777705e+02,2.078290711339078314e+02,3.500000000000000000e+01,1.950814999999999804e-06,0.000000000000000000e+00
1.686962589065578868e+02,2.078286474910934487e+02,3.500000000000000000e+01,1.951135000000000166e-06,0.000000000000000000e+00
1.691090946550422984e+02,2.078282346553449429e+02,3.500000000000000000e+01,1.843538000000000000e-06,0.000000000000000000e+00
1.695210213379277491e+02,2.078278227286620563e+02,3.500000000000000000e+01,1.857260999999999971e-06,0.000000000000000000e+00
1.699480338636767840e+02,2.078273957161363228e+02,3.500000000000000000e+01,1.941152999999999912e-06,0.000000000000000000e+00
1.703789594947843113e+02,2.078269647905052011e+02,3.500000000000000000e+01,1.996129999999999809e-06,0.000000000000000000e+00
1.708046850604325755e+02,2.078265390649395670e+02,3.500000000000000000e+01,1.797117999999999986e-06,0.000000000000000000e+00
1.712102886637156303e+02,2.078261334613362692e+02,3.500000000000000000e+01,2.074303000000000069e-06,0.000000000000000000e+00
1.716255927169401332e+02,2.078257181572830632e+02,3.500000000000000000e+01,2.109648999999999967e-06,0.000000000000000000e+00
1.720684396808651684e+02,2.078252753103191424e+02,3.500000000000000000e+01,2.042433999999999798e-06,0.000000000000000000e+00
1.724867850222289576e+02,2.078248569649777551e+02,3.500000000000000000e+01,2.028827999999999881e-06,0.000000000000000000e+00
1.728841961643051377e+02,2.078244595538356805e+02,3.500000000000000000e+01,2.054352000000000130e-06,0.000000000000000000e+00
1.733257211750775184e+02,2.078240180288249235e+02,3.500000000000000000e+01,1.930587999999999870e-06,0.000000000000000000e+00
1.737563431631346589e+02,2.078235874068368503e+02,3.500000000000000000e+01,1.997832000000000204e-06,0.000000000000000000e+00
1.741463126251060203e+02,2.078231974373748869e+02,3.500000000000000000e+01,2.053945000000000119e-06,0.000000000000000000e+00
1.745618852412330568e+02,2.078227818647587526e+02,3.500000000000000000e+01,1.979161999999999839e-06,0.000000000000000000e+00
1.749619491408464853e+02,2.078223818008591479e+02,3.500000000000000000e+01,1.942171000000000060e-06,0.000000000000000000e+00
1.754029535351145057e+02,2.078219407964648724e+02,3.500000000000000000e+01,1.813692999999999908e-06,0.000000000000000000e+00
1.758015493732198138e+02,2.078215422006267659e+02,3.500000000000000000e+01,1.949461999999999937e-06,0.000000000000000000e+00
1.762252422162742391e+02,2.078211185077837229e+02,3.500000000000000000e+01,1.940177999999999892e-06,0.000000000000000000e+00
1.766353013195697486e+02,2.078207084486804206e+02,3.500000000000000000e+01,2.015513000000000162e-06,0.000000000000000000e+00
1.770530795052879967e+02,2.078202906704946997e+02,3.500000000000000000e+01,1.999971999999999984e-06,0.000000000000000000e+00
1.774742858871852604e+02,2.078198694641128270e+02,3.500000000000000000e+01,1.966240000000000168e-06,0.000000000000000000e+00
1.778921080615482424e+02,2.078194516419384570e+02,3.500000000000000000e+01,1.986292999999999958e-06,0.000000000000000000e+00
1.783132502019908259e+02,2.078190304997980036e+02,3.500000000000000000e+01,1.931868999999999867e-06,0.000000000000000000e+00
1.787425480141012883e+02,2.078186012019858993e+02,3.500000000000000000e+01,1.820532000000000013e-06,0.000000000000000000e+00
1.791300603001563729e+02,2.078182136896998315e+02,3.500000000000000000e+01,1.897162000000000031e-06,0.000000000000000000e+00
1.795456912522066375e+02,2.078177980587477975e+02,3.500000000000000000e+01,1.908628999999999984e-06,0.000000000000000000e+00
1.799898211784913542e+02,2.078173539288215181e+02,3.500000000000000000e+01,1.868698999999999970e-06,0.000000000000000000e+00
1.803886327757818719e+02,2.078169551172242109e+02,3.500000000000000000e+01,1.929074999999999822e-06,0.000000000000000000e+00
1.808296146987920849e+02,2.078165141353012189e+02,3.500000000000000000e+01,1.879525000000000017e-06,0.000000000000000000e+00
1.812149436956974284e+02,2.078161288063043060e+02,3.500000000000000000e+01,1.750871999999999904e-06,0.000000000000000000e+00
1.816502004171017859e+02,2.078156935495829032e+02,3.500000000000000000e+01,1.862091999999999916e-06,0.000000000000000000e+00
1.820653099138548043e+02,2.078152784400861322e+02,3.500000000000000000e+01,1.899504999999999909e-06,0.000000000000000000e+00
1.825069519309507484e+02,2.078148367980690523e+02,3.500000000000000000e+01,1.920038000000000030e-06,0.000000000000000000e+00
1.828920529157901171e+02,2.078144516970841948e+02,3.500000000000000000e+01,1.945736999999999816e-06,0.000000000000000000e+00
1.833302515613445109e+02,2.078140134984386407e+02,3.500000000000000000e+01,1.876745999999999963e-06,0.000000000000000000e+00
1.837766492621717305e+02,2.078135671007378278e+02,3.500000000000000000e+01,1.938940999999999839e-06,0.000000000000000000e+00
1.841977299351657962e+02,2.078131460200648348e+02,3.500000000000000000e+01,1.911889000000000187e-06,0.000000000000000000e+00
1.846017053055655026e+02,2.078127420446944313e+02,3.500000000000000000e+01,1.950641000000000083e-06,0.000000000000000000e+00
1.850007130371351991e+02,2.078123430369628579e+02,3.500000000000000000e+01,1.976849000000000154e-06,0.000000000000000000e+00
1.854313043600008939e+02,2.078119124456399902e+02,3.500000000000000000e+01,1.984547000000000042e-06,0.000000000000000000e+00
1.858392767590544281e+02,2.078115044732409444e+02,3.500000000000000000e+01,1.986336000000000086e-06,0.000000000000000000e+00
1.862682414545743939e+02,2.078110755085454286e+02,3.500000000000000000e+01,1.788517999999999975e-06,0.000000000000000000e+00
1.866616803935642963e+02,2.078106820696064290e+02,3.500000000000000000e+01,1.940411000000000182e-06,0.000000000000000000e+00
1.870942281744274283e+02,2.078102495218255683e+02,3.500000000000000000e+01,2.008004000000000197e-06,0.000000000000000000e+00
1.875165840438940847e+02,2.078098271659561078e+02,3.500000000000000000e+01,1.963998999999999930e-06,0.000000000000000000e+00
1.879172599208950487e+02,2.078094264900790904e+02,3.500000000000000000e+01,1.891662000000000041e-06,0.000000000000000000e+00
1.883557271519410108e+02,2.078089880228480695e+02,3.500000000000000000e+01,1.886248000000000096e-06,0.000000000000000000e+00
1.887412686014183123e+02,2.078086024813985659e+02,3.500000000000000000e+01,1.798528999999999971e-06,0.000000000000000000e+00
1.891824597674874724e+02,2.078081612902325048e+02,3.500000000000000000e+01,1.866501000000000072e-06,0.000000000000000000e+00
1.895976949800408136e+02,2.078077460550199476e+02,3.500000000000000000e+01,1.804307000000000011e-06,0.000000000000000000e+00
1.899890147189630909e+02,2.078073547352810237e+02,3.500000000000000000e+01,1.835941999999999963e-06,0.000000000000000000e+00
1.904186497006288903e+02,2.078069251002993667e+02,3.500000000000000000e+01,1.877692000000000030e-06,0.000000000000000000e+00
1.908591538641665863e+02,2.078064845961358458e+02,3.500000000000000000e+01,1.895620000000000030e-06,0.000000000000000000e+00
1.912829467645697719e+02,2.078060608032354253e+02,3.500000000000000000e+01,1.888081999999999900e-06,0.000000000000000000e+00
1.916878951870228889e+02,2.078056558548129829e+02,3.500000000000000000e+01,1.841864999999999983e-06,0.000000000000000000e+00
1.921171680462268512e+02,2.078052265819537752e+02,3.500000000000000000e+01,1.890076000000000096e-06,0.000000000000000000e+00
1.925325276870146070e+02,2.078048112223129920e+02,3.500000000000000000e+01,1.941472999999999851e-06,0.000000000000000000e+00
1.929575163246947511e+02,2.078043862336753023e+02,3.500000000000000000e+01,1.839216999999999945e-06,0.000000000000000000e+00
1.933652994438637336e+02,2.078039784505561443e+02,3.500000000000000000e+01,1.862034000000000009e-06,0.000000000000000000e+00
1.938006475780433675e+02,2.078035431024219406e+02,3.500000000000000000e+01,1.857595999999999900e-06,0.000000000000000000e+00
1.942040363560972480e+02,2.078031397136439011e+02,3.500000000000000000e+01,1.911218999999999904e-06,0.000000000000000000e+00
1.946088692249052485e+02,2.078027348807750911e+02,3.500000000000000000e+01,1.904933000000000028e-06,0.000000000000000000e+00
1.950520841345455949e+02,2.078022916658654538e+02,3.500000000000000000e+01,1.952867000000000119e-06,0.000000000000000000e+00
1.954549110375126304e+02,2.078018888389624976e+02,3.500000000000000000e+01,1.979046000000000025e-06,0.000000000000000000e+00
1.958697550094229314e+02,2.078014739949905731e+02,3.500000000000000000e+01,1.956418000000000095e-06,0.000000000000000000e+00
1.963070470942614918e+02,2.078010367029057477e+02,3.500000000000000000e+01,1.910404999999999880e-06,0.000000000000000000e+00
1.967140963049113225e+02,2.078006296536950970e+02,3.500000000000000000e+01,1.980632000000000182e-06,0.000000000000000000e+00
1.971293984547936304e+02,2.078002143515452076e+02,3.500000000000000000e+01,1.893510000000000019e-06,0.000000000000000000e+00
1.975171057507289731e+02,2.077998266442492650e+02,3.500000000000000000e+01,1.894616000000000056e-06,0.000000000000000000e+00
1.979448992616238741e+02,2.077993988507383847e+02,3.500000000000000000e+01,1.999826000000000189e-06,0.000000000000000000e+00
1.983702475258816662e+02,2.077989735024741265e+02,3.500000000000000000e+01,2.037210000000000016e-06,0.000000000000000000e+00
1.987951534406662120e+02,2.077985485965593284e+02,3.500000000000000000e+01,1.912310999999999977e-06,0.000000000000000000e+00
1.992207855331195105e+02,2.077981229644668701e+02,3.500000000000000000e+01,2.078261000000000057e-06,0.000000000000000000e+00
1.996224993535151100e+02,2.077977212506464753e+02,3.500000000000000000e+01,2.105909999999999883e-06,0.000000000000000000e+00
2.000237746314673473e+02,2.077973199753685378e+02,3.500000000000000000e+01,2.025189999999999833e-06,0.000000000000000000e+00
2.004503043816876868e+02,2.077968934456183092e+02,3.500000000000000000e+01,2.078712000000000012e-06,0.000000000000000000e+00
2.008584567666717078e+02,2.077964852932333315e+02,3.500000000000000000e+01,2.071451000000000117e-06,0.000000000000000000e+00
2.012932647389489205e+02,2.077960504852610484e+02,3.500000000000000000e+01,2.114262000000000036e-06,0.000000000000000000e+00
2.017411785686362293e+02,2.077956025714313739e+02,3.500000000000000000e+01,2.196306000000000212e-06,0.000000000000000000e+00
2.021284149333564528e+02,2.077952153350666435e+02,3.500000000000000000e+01,2.176632000000000085e-06,0.000000000000000000e+00
2.025442700711957116e+02,2.077947994799287983e+02,3.500000000000000000e+01,2.001121000000000148e-06,0.000000000000000000e+00
2.029673738264622500e+02,2.077943763761735454e+02,3.500000000000000000e+01,2.117652999999999831e-06,0.000000000000000000e+00
2.033984554198472665e+02,2.077939452945801406e+02,3.500000000000000000e+01,2.146422000000000081e-06,0.000000000000000000e+00
2.038371918513323919e+02,2.077935065581486640e+02,3.500000000000000000e+01,2.229412000000000111e-06,0.000000000000000000e+00
2.042373317184124915e+02,2.077931064182815817e+02,3.500000000000000000e+01,2.080793000000000069e-06,0.000000000000000000e+00
2.046597326658389875e+02,2.077926840173341532e+02,3.500000000000000000e+01,2.102576999999999995e-06,0.000000000000000000e+00
2.050759725226518526e+02,2.077922677774773490e+02,3.500000000000000000e+01,2.002416000000000108e-06,0.000000000000000000e+00
2.054825873892029904e+02,2.077918611626107861e+02,3.500000000000000000e+01,1.999884000000000096e-06,0.000000000000000000e+00
2.059146412141137716e+02,2.077914291087858771e+02,3.500000000000000000e+01,2.035347000000000047e-06,0.000000000000000000e+00
2.063051976079582062e+02,2.077910385523920525e+02,3.500000000000000000e+01,2.026470999999999829e-06,0.000000000000000000e+00
2.067534092204198259e+02,2.077905903407795734e+02,3.500000000000000000e+01,1.984094999999999847e-06,0.000000000000000000e+00
2.071422525902403891e+02,2.077902014974097540e+02,3.500000000000000000e+01,1.957202999999999953e-06,0.000000000000000000e+00
2.075578835422906536e+02,2.077897858664577200e+02,3.500000000000000000e+01,2.030007000000000027e-06,0.000000000000000000e+00
2.079779890414000931e+02,2.077893657609585887e+02,3.500000000000000000e+01,2.075860000000000061e-06,0.000000000000000000e+00
2.083858482786260140e+02,2.077889579017213748e+02,3.500000000000000000e+01,1.958237000000000120e-06,0.000000000000000000e+00
2.088231735791407573e+02,2.077885205764208649e+02,3.500000000000000000e+01,2.043525000000000056e-06,0.000000000000000000e+00
2.092244462737307913e+02,2.077881193037262619e+02,3.500000000000000000e+01,2.086483000000000010e-06,0.000000000000000000e+00
2.096458803751908420e+02,2.077876978696247932e+02,3.500000000000000000e+01,2.092724999999999941e-06,0.000000000000000000e+00
2.100774399898216132e+02,2.077872663100101818e+02,3.500000000000000000e+01,2.157684999999999908e-06,0.000000000000000000e+00
2.104944270598134892e+02,2.077868493229401849e+02,3.500000000000000000e+01,2.201806999999999805e-06,0.000000000000000000e+00
2.109026423647285640e+02,2.077864411076352837e+02,3.500000000000000000e+01,2.339875000000000192e-06,0.000000000000000000e+00
2.113337499178937264e+02,2.077860100000821149e+02,3.500000000000000000e+01,2.355241999999999803e-06,0.000000000000000000e+00
2.117659366801526915e+02,2.077855778133198328e+02,3.500000000000000000e+01,2.372763000000000003e-06,0.000000000000000000e+00
2.121897035079917941e+02,2.077851540464920106e+02,3.500000000000000000e+01,2.245258999999999843e-06,0.000000000000000000e+00
2.126033286091968932e+02,2.077847404213908078e+02,3.500000000000000000e+01,2.235362999999999845e-06,0.000000000000000000e+00
2.130138781095766944e+02,2.077843298718904350e+02,3.500000000000000000e+01,2.243542000000000093e-06,0.000000000000000000e+00
2.134420529907397110e+02,2.077839016970092700e+02,3.500000000000000000e+01,2.300731000000000063e-06,0.000000000000000000e+00
2.138501371549521650e+02,2.077834936128450352e+02,3.500000000000000000e+01,2.209082999999999903e-06,0.000000000000000000e+00
2.142807664954891891e+02,2.077830629835045215e+02,3.500000000000000000e+01,2.183048999999999976e-06,0.000000000000000000e+00
2.147028397037665286e+02,2.077826409102962373e+02,3.500000000000000000e+01,2.300846999999999877e-06,0.000000000000000000e+00
2.150906153869642310e+02,2.077822531346130290e+02,3.500000000000000000e+01,2.298139999999999904e-06,0.000000000000000000e+00
2.155054208679675867e+02,2.077818383291320288e+02,3.500000000000000000e+01,2.308021000000000124e-06,0.000000000000000000e+00
2.159202152708188294e+02,2.077814235347291856e+02,3.500000000000000000e+01,2.182059999999999993e-06,0.000000000000000000e+00
2.163436581537127097e+02,2.077810000918462947e+02,3.500000000000000000e+01,2.241751999999999810e-06,0.000000000000000000e+00
2.167721989054907965e+02,2.077805715510945106e+02,3.500000000000000000e+01,2.415341000000000055e-06,0.000000000000000000e+00
2.171672348626713074e+02,2.077801765151373274e+02,3.500000000000000000e+01,2.275337000000000014e-06,0.000000000000000000e+00
2.175990793452133971e+02,2.077797446706547930e+02,3.500000000000000000e+01,2.283427999999999951e-06,0.000000000000000000e+00
2.179773926339184698e+02,2.077793663573660865e+02,3.500000000000000000e+01,2.219123000000000064e-06,0.000000000000000000e+00
2.184216738363692798e+02,2.077789220761636386e+02,3.500000000000000000e+01,2.284970999999999980e-06,0.000000000000000000e+00
2.188597086972890793e+02,2.077784840413027041e+02,3.500000000000000000e+01,2.352593999999999976e-06,0.000000000000000000e+00
2.192871208149016979e+02,2.077780566291851017e+02,3.500000000000000000e+01,2.321714000000000113e-06,0.000000000000000000e+00
2.196869580728921107e+02,2.077776567919271145e+02,3.500000000000000000e+01,2.336470000000000010e-06,0.000000000000000000e+00
2.201020860309584464e+02,2.077772416639690505e+02,3.500000000000000000e+01,2.293977999999999791e-06,0.000000000000000000e+00
2.205158170195142873e+02,2.077768279329804955e+02,3.500000000000000000e+01,2.301851000000000063e-06,0.000000000000000000e+00
2.209224775853504923e+02,2.077764212724146375e+02,3.500000000000000000e+01,2.301531000000000123e-06,0.000000000000000000e+00
2.213533203089935171e+02,2.077759904296910065e+02,3.500000000000000000e+01,2.271990999999999979e-06,0.000000000000000000e+00
2.217872954007490307e+02,2.077755564545992399e+02,3.500000000000000000e+01,2.329499999999999889e-06,0.000000000000000000e+00
2.221919207796838123e+02,2.077751518292203059e+02,3.500000000000000000e+01,2.216650000000000198e-06,0.000000000000000000e+00
2.226100247273074331e+02,2.077747337252726822e+02,3.500000000000000000e+01,2.310917000000000019e-06,0.000000000000000000e+00
2.230376652493969516e+02,2.077743060847506058e+02,3.500000000000000000e+01,2.296656000000000022e-06,0.000000000000000000e+00
2.234615105152672072e+02,2.077738822394847205e+02,3.500000000000000000e+01,2.236337999999999865e-06,0.000000000000000000e+00
2.238922329864676897e+02,2.077734515170135410e+02,3.500000000000000000e+01,2.111235999999999940e-06,0.000000000000000000e+00
2.243003602940730445e+02,2.077730433897059186e+02,3.500000000000000000e+01,2.112574000000000028e-06,0.000000000000000000e+00
2.247266764228159559e+02,2.077726170735771802e+02,3.500000000000000000e+01,2.094093000000000010e-06,0.000000000000000000e+00
2.251393676901323033e+02,2.077722043823098659e+02,3.500000000000000000e+01,2.204993999999999899e-06,0.000000000000000000e+00
2.255306097103477327e+02,2.077718131402896518e+02,3.500000000000000000e+01,2.126543999999999828e-06,0.000000000000000000e+00
2.259767675828045128e+02,2.077713669824171916e+02,3.500000000000000000e+01,2.171306000000000027e-06,0.000000000000000000e+00
2.263759046778787933e+02,2.077709678453221329e+02,3.500000000000000000e+01,2.193061000000000211e-06,0.000000000000000000e+00
2.267999465301526811e+02,2.077705438034698489e+02,3.500000000000000000e+01,2.158645999999999966e-06,0.000000000000000000e+00
2.272033991137714111e+02,2.077701403508862370e+02,3.500000000000000000e+01,2.052257000000000111e-06,0.000000000000000000e+00
2.276361758502928865e+02,2.077697075741496917e+02,3.500000000000000000e+01,1.955836000000000124e-06,0.000000000000000000e+00
2.280463497351144895e+02,2.077692974002648896e+02,3.500000000000000000e+01,2.082830000000000182e-06,0.000000000000000000e+00
2.284500111168268006e+02,2.077688937388831789e+02,3.500000000000000000e+01,2.027677999999999901e-06,0.000000000000000000e+00
2.288806866051050690e+02,2.077684630633949041e+02,3.500000000000000000e+01,2.036526000000000193e-06,0.000000000000000000e+00
2.292885661070026799e+02,2.077680551838929830e+02,3.500000000000000000e+01,1.950945999999999820e-06,0.000000000000000000e+00
2.297127675322182938e+02,2.077676309824677787e+02,3.500000000000000000e+01,1.947904999999999945e-06,0.000000000000000000e+00
2.301278704024173862e+02,2.077672158795975861e+02,3.500000000000000000e+01,1.894048000000000047e-06,0.000000000000000000e+00
2.305637249477099147e+02,2.077667800250522987e+02,3.500000000000000000e+01,1.977765000000000028e-06,0.000000000000000000e+00
2.309874633757484901e+02,2.077663562866242444e+02,3.500000000000000000e+01,1.906170000000000081e-06,0.000000000000000000e+00
2.313860865432858702e+02,2.077659576634567031e+02,3.500000000000000000e+01,1.917112999999999969e-06,0.000000000000000000e+00
2.318272490447832297e+02,2.077655165009552150e+02,3.500000000000000000e+01,1.912733000000000191e-06,0.000000000000000000e+00
2.322581519356336059e+02,2.077650855980643598e+02,3.500000000000000000e+01,1.860695000000000106e-06,0.000000000000000000e+00
2.326580095960304391e+02,2.077646857404039622e+02,3.500000000000000000e+01,1.841646999999999894e-06,0.000000000000000000e+00
2.330631117167091020e+02,2.077642806382832816e+02,3.500000000000000000e+01,1.742358999999999965e-06,0.000000000000000000e+00
2.335064884353380990e+02,2.077638372615646460e+02,3.500000000000000000e+01,1.714840999999999943e-06,0.000000000000000000e+00
2.339203426624786459e+02,2.077634234073375126e+02,3.500000000000000000e+01,1.742461000000000028e-06,0.000000000000000000e+00
2.343280495656862001e+02,2.077630157004343232e+02,3.500000000000000000e+01,1.663632999999999899e-06,0.000000000000000000e+00
2.347723482845953242e+02,2.077625714017154053e+02,3.500000000000000000e+01,1.607783000000000044e-06,0.000000000000000000e+00
2.351676459045801550e+02,2.077621761040954311e+02,3.500000000000000000e+01,1.583568999999999957e-06,0.000000000000000000e+00
2.355828577670103527e+02,2.077617608922329850e+02,3.500000000000000000e+01,1.609965999999999952e-06,0.000000000000000000e+00
2.359778288764661625e+02,2.077613659211235415e+02,3.500000000000000000e+01,1.625462999999999975e-06,0.000000000000000000e+00
2.364067098506712057e+02,2.077609370401493152e+02,3.500000000000000000e+01,1.576772999999999980e-06,0.000000000000000000e+00
2.368302502597459522e+02,2.077605134997402558e+02,3.500000000000000000e+01,1.568085000000000082e-06,0.000000000000000000e+00
2.372447423182336479e+02,2.077600990076817595e+02,3.500000000000000000e+01,1.553577000000000042e-06,0.000000000000000000e+00
2.376692591879383940e+02,2.077596744908120456e+02,3.500000000000000000e+01,1.632056000000000066e-06,0.000000000000000000e+00
2.380476420388581289e+02,2.077592961079611484e+02,3.500000000000000000e+01,1.645894000000000034e-06,0.000000000000000000e+00
2.384918213041341630e+02,2.077588519286958615e+02,3.500000000000000000e+01,1.676832000000000016e-06,0.000000000000000000e+00
2.389089651371886305e+02,2.077584347848627999e+02,3.500000000000000000e+01,1.553693000000000068e-06,0.000000000000000000e+00
2.393146522303544828e+02,2.077580290977696507e+02,3.500000000000000000e+01,1.555584999999999989e-06,0.000000000000000000e+00
2.397624669512036917e+02,2.077575812830488076e+02,3.500000000000000000e+01,1.624662999999999915e-06,0.000000000000000000e+00
2.401627868042653233e+02,2.077571809631957365e+02,3.500000000000000000e+01,1.607549999999999965e-06,0.000000000000000000e+00
2.405689494946325055e+02,2.077567748005053545e+02,3.500000000000000000e+01,1.612191999999999988e-06,0.000000000000000000e+00
2.409874016544066535e+02,2.077563563483456051e+02,3.500000000000000000e+01,1.700478999999999910e-06,0.000000000000000000e+00
2.414042210715066687e+02,2.077559395289284794e+02,3.500000000000000000e+01,1.561639000000000025e-06,0.000000000000000000e+00
2.418339333686395207e+02,2.077555098166313599e+02,3.500000000000000000e+01,1.591368000000000092e-06,0.000000000000000000e+00
2.422578703911829905e+02,2.077550858796088278e+02,3.500000000000000000e+01,1.596476000000000061e-06,0.000000000000000000e+00
2.427018208430037021e+02,2.077546419291570032e+02,3.500000000000000000e+01,1.572073000000000051e-06,0.000000000000000000e+00
2.431168959194210970e+02,2.077542268540805708e+02,3.500000000000000000e+01,1.601249000000000100e-06,0.000000000000000000e+00
2.435292233809160507e+02,2.077538145266190952e+02,3.500000000000000000e+01,1.649809000000000106e-06,0.000000000000000000e+00
2.439344226255475974e+02,2.077534093273744418e+02,3.500000000000000000e+01,1.569001999999999983e-06,0.000000000000000000e+00
2.443766848071757067e+02,2.077529670651928200e+02,3.500000000000000000e+01,1.595122999999999983e-06,0.000000000000000000e+00
2.448128516762816673e+02,2.077525308983237267e+02,3.500000000000000000e+01,1.604304999999999965e-06,0.000000000000000000e+00
2.452213772905346332e+02,2.077521223727094650e+02,3.500000000000000000e+01,1.668028000000000092e-06,0.000000000000000000e+00
2.456120288920214421e+02,2.077517317211079728e+02,3.500000000000000000e+01,1.758773999999999917e-06,0.000000000000000000e+00
2.460244159800673174e+02,2.077513193340199393e+02,3.500000000000000000e+01,1.752850999999999898e-06,0.000000000000000000e+00
2.464508795055409678e+02,2.077508928704944537e+02,3.500000000000000000e+01,1.742620999999999997e-06,0.000000000000000000e+00
2.468590546307822535e+02,2.077504846953692095e+02,3.500000000000000000e+01,1.720022000000000021e-06,0.000000000000000000e+00
2.472899520999328047e+02,2.077500537979000512e+02,3.500000000000000000e+01,1.601612999999999983e-06,0.000000000000000000e+00
2.476926896805744889e+02,2.077496510603194224e+02,3.500000000000000000e+01,1.674140000000000034e-06,0.000000000000000000e+00
2.481018731955046803e+02,2.077492418768044899e+02,3.500000000000000000e+01,1.663297999999999969e-06,0.000000000000000000e+00
2.485372052412656387e+02,2.077488065447587360e+02,3.500000000000000000e+01,1.672945999999999898e-06,0.000000000000000000e+00
2.489288628191417558e+02,2.077484148871808429e+02,3.500000000000000000e+01,1.781096000000000082e-06,0.000000000000000000e+00
2.493619757003752113e+02,2.077479817742996318e+02,3.500000000000000000e+01,1.759676000000000040e-06,0.000000000000000000e+00
2.497699234230443892e+02,2.077475738265769678e+02,3.500000000000000000e+01,1.782944000000000060e-06,0.000000000000000000e+00
2.501898985384472667e+02,2.077471538514615474e+02,3.500000000000000000e+01,1.812207999999999997e-06,0.000000000000000000e+00
2.506048836069658421e+02,2.077467388663930308e+02,3.500000000000000000e+01,1.772816000000000011e-06,0.000000000000000000e+00
2.510482163182866486e+02,2.077462955336817174e+02,3.500000000000000000e+01,1.821710999999999947e-06,0.000000000000000000e+00
2.514803718674534707e+02,2.077458633781325545e+02,3.500000000000000000e+01,1.637744999999999979e-06,0.000000000000000000e+00
2.518783617853479200e+02,2.077454653882146545e+02,3.500000000000000000e+01,1.602282000000000027e-06,0.000000000000000000e+00
2.523020986931940115e+02,2.077450416513067921e+02,3.500000000000000000e+01,1.452674000000000002e-06,0.000000000000000000e+00
2.527509930021035984e+02,2.077445927569978892e+02,3.500000000000000000e+01,1.553330000000000000e-06,0.000000000000000000e+00
2.531500811431297961e+02,2.077441936688568660e+02,3.500000000000000000e+01,1.565887999999999999e-06,0.000000000000000000e+00
2.535545303024359214e+02,2.077437892196975611e+02,3.500000000000000000e+01,1.280087999999999915e-06,0.000000000000000000e+00
2.539755183778274272e+02,2.077433682316221848e+02,3.500000000000000000e+01,1.212727999999999979e-06,0.000000000000000000e+00
2.543840205004890436e+02,2.077429597294995176e+02,3.500000000000000000e+01,1.495514999999999902e-06,0.000000000000000000e+00
2.548252381766134533e+02,2.077425185118233912e+02,3.500000000000000000e+01,1.514738000000000074e-06,0.000000000000000000e+00
2.552317504234356704e+02,2.077421119995765650e+02,3.500000000000000000e+01,1.542895999999999974e-06,0.000000000000000000e+00
2.556452702096641474e+02,2.077416984797903297e+02,3.500000000000000000e+01,1.568986999999999993e-06,0.000000000000000000e+00
2.560547418211312447e+02,2.077412890081788532e+02,3.500000000000000000e+01,1.538036000000000075e-06,0.000000000000000000e+00
2.564579357997918123e+02,2.077408858142001975e+02,3.500000000000000000e+01,1.500534999999999983e-06,0.000000000000000000e+00
2.568952611363223468e+02,2.077404484888636773e+02,3.500000000000000000e+01,1.595094000000000029e-06,0.000000000000000000e+00
2.572886188806717769e+02,2.077400551311193340e+02,3.500000000000000000e+01,1.547319999999999909e-06,0.000000000000000000e+00
2.577359574766751393e+02,2.077396077925233158e+02,3.500000000000000000e+01,1.530731000000000024e-06,0.000000000000000000e+00
2.581363598101099797e+02,2.077392073901898755e+02,3.500000000000000000e+01,1.496504000000000097e-06,0.000000000000000000e+00
2.585392803583640671e+02,2.077388044696416216e+02,3.500000000000000000e+01,1.437452999999999974e-06,0.000000000000000000e+00
2.589630365909090983e+02,2.077383807134091001e+02,3.500000000000000000e+01,1.446271000000000074e-06,0.000000000000000000e+00
2.593819435516768408e+02,2.077379618064483111e+02,3.500000000000000000e+01,1.526844999999999905e-06,0.000000000000000000e+00
2.598132120248964725e+02,2.077375305379750898e+02,3.500000000000000000e+01,1.496694000000000048e-06,0.000000000000000000e+00
2.602425291467649231e+02,2.077371012208532193e+02,3.500000000000000000e+01,1.650944000000000096e-06,0.000000000000000000e+00
2.606420219132592138e+02,2.077367017280867287e+02,3.500000000000000000e+01,1.677341000000000091e-06,0.000000000000000000e+00
2.610452898984812009e+02,2.077362984601015228e+02,3.500000000000000000e+01,1.645036000000000067e-06,0.000000000000000000e+00
2.614677306811823883e+02,2.077358760193188232e+02,3.500000000000000000e+01,1.593784000000000079e-06,0.000000000000000000e+00
2.618860387428185277e+02,2.077354577112571690e+02,3.500000000000000000e+01,1.586973999999999927e-06,0.000000000000000000e+00
2.623089246925955536e+02,2.077350348253073946e+02,3.500000000000000000e+01,1.584485000000000043e-06,0.000000000000000000e+00
2.627477708206106968e+02,2.077345959791793746e+02,3.500000000000000000e+01,1.503460000000000044e-06,0.000000000000000000e+00
2.631635962700453319e+02,2.077341801537299659e+02,3.500000000000000000e+01,1.476481000000000077e-06,0.000000000000000000e+00
2.636069223548122409e+02,2.077337368276451741e+02,3.500000000000000000e+01,1.527864000000000082e-06,0.000000000000000000e+00
2.640202223969465649e+02,2.077333235276030621e+02,3.500000000000000000e+01,1.325809999999999932e-06,0.000000000000000000e+00
2.644265579284320324e+02,2.077329171920715680e+02,3.500000000000000000e+01,1.487554999999999982e-06,0.000000000000000000e+00
2.648570076068617141e+02,2.077324867423931494e+02,3.500000000000000000e+01,1.401188999999999935e-06,0.000000000000000000e+00
2.652536762613611927e+02,2.077320900737386467e+02,3.500000000000000000e+01,1.393592999999999898e-06,0.000000000000000000e+00
2.656974108304397078e+02,2.077316463391695720e+02,3.500000000000000000e+01,1.428575999999999941e-06,0.000000000000000000e+00
2.660924146429268262e+02,2.077312513353570580e+02,3.500000000000000000e+01,1.464490000000000060e-06,0.000000000000000000e+00
2.665001715821559856e+02,2.077308435784178471e+02,3.500000000000000000e+01,1.456763000000000006e-06,0.000000000000000000e+00
2.669159560360216688e+02,2.077304277939639690e+02,3.500000000000000000e+01,1.431763000000000034e-06,0.000000000000000000e+00
2.673394403816876661e+02,2.077300043096183231e+02,3.500000000000000000e+01,1.401437000000000004e-06,0.000000000000000000e+00
2.677712834923083847e+02,2.077295724665076762e+02,3.500000000000000000e+01,1.264503000000000004e-06,0.000000000000000000e+00
2.681666036190144951e+02,2.077291771463809766e+02,3.500000000000000000e+01,1.384395999999999925e-06,0.000000000000000000e+00
2.685911231616614145e+02,2.077287526268383431e+02,3.500000000000000000e+01,1.418448000000000103e-06,0.000000000000000000e+00
2.690062537865884451e+02,2.077283374962134133e+02,3.500000000000000000e+01,1.319349000000000097e-06,0.000000000000000000e+00
2.694136329708746302e+02,2.077279301170291319e+02,3.500000000000000000e+01,1.448919999999999927e-06,0.000000000000000000e+00
2.698440756348810510e+02,2.077274996743651059e+02,3.500000000000000000e+01,1.444247999999999924e-06,0.000000000000000000e+00
2.702774764378921191e+02,2.077270662735621158e+02,3.500000000000000000e+01,1.442924000000000011e-06,0.000000000000000000e+00
2.706914197717009074e+02,2.077266523302282906e+02,3.500000000000000000e+01,1.470820000000000090e-06,0.000000000000000000e+00
2.710971260752246508e+02,2.077262466239247658e+02,3.500000000000000000e+01,1.438631000000000092e-06,0.000000000000000000e+00
2.715124020059372469e+02,2.077258313479940739e+02,3.500000000000000000e+01,1.422230999999999919e-06,0.000000000000000000e+00
2.719598995758486808e+02,2.077253838504241514e+02,3.500000000000000000e+01,1.281193999999999951e-06,0.000000000000000000e+00
2.723489925076445957e+02,2.077249947574923397e+02,3.500000000000000000e+01,1.404056000000000089e-06,0.000000000000000000e+00
2.727823831778821955e+02,2.077245613668221154e+02,3.500000000000000000e+01,1.534862999999999945e-06,0.000000000000000000e+00
2.732290240852462375e+02,2.077241147259147453e+02,3.500000000000000000e+01,1.375680000000000100e-06,0.000000000000000000e+00
2.736291294936132203e+02,2.077237146205063709e+02,3.500000000000000000e+01,1.527965999999999933e-06,0.000000000000000000e+00
2.740175378371501438e+02,2.077233262121628456e+02,3.500000000000000000e+01,1.611667999999999923e-06,0.000000000000000000e+00
2.744645219342064593e+02,2.077228792280657785e+02,3.500000000000000000e+01,1.609049000000000051e-06,0.000000000000000000e+00
2.748862624129773167e+02,2.077224574875870076e+02,3.500000000000000000e+01,1.529028000000000025e-06,0.000000000000000000e+00
2.752870121622137276e+02,2.077220567378377893e+02,3.500000000000000000e+01,1.631663000000000017e-06,0.000000000000000000e+00
2.756918178534405683e+02,2.077216519321465569e+02,3.500000000000000000e+01,1.633642000000000011e-06,0.000000000000000000e+00
2.761156481537033756e+02,2.077212281018462932e+02,3.500000000000000000e+01,1.523133999999999959e-06,0.000000000000000000e+00
2.765235677217908119e+02,2.077208201822782030e+02,3.500000000000000000e+01,1.555468999999999964e-06,0.000000000000000000e+00
2.769330824809160276e+02,2.077204106675190758e+02,3.500000000000000000e+01,1.506676000000000091e-06,0.000000000000000000e+00
2.773684405295928173e+02,2.077199753094704135e+02,3.500000000000000000e+01,1.506167000000000016e-06,0.000000000000000000e+00
2.778064033461224653e+02,2.077195373466538797e+02,3.500000000000000000e+01,1.489562999999999929e-06,0.000000000000000000e+00
2.781916806794217223e+02,2.077191520693205860e+02,3.500000000000000000e+01,1.538224999999999998e-06,0.000000000000000000e+00
2.786285215871922105e+02,2.077187152284128047e+02,3.500000000000000000e+01,1.589767999999999972e-06,0.000000000000000000e+00
0.000000000000000000e+00,2.079973437499999989e+02,4.000000000000000000e+01,2.269703999999999911e-05,0.000000000000000000e+00
2.836335376323479984e-01,2.079970601164623645e+02,4.000000000000000000e+01,-1.738910000000000051e-06,0.000000000000000000e+00
3.719877858449793795e-01,2.079969717622141445e+02,4.000000000000000000e+01,-8.215574999999999899e-07,0.000000000000000000e+00
4.602554222595073852e-01,2.079968834945777303e+02,4.000000000000000000e+01,-5.988841000000000231e-07,0.000000000000000000e+00
6.058825545383965672e-01,2.079967378674454608e+02,4.000000000000000000e+01,-1.437147000000000104e-07,0.000000000000000000e+00
8.019087054330352737e-01,2.079965418412945724e+02,4.000000000000000000e+01,1.666631000000000069e-07,0.000000000000000000e+00
1.010905024672784203e+00,2.079963328449753135e+02,4.000000000000000000e+01,4.239118000000000068e-07,0.000000000000000000e+00
1.293713204293961416e+00,2.079960500367957081e+02,4.000000000000000000e+01,6.159970999999999725e-07,0.000000000000000000e+00
1.595386999638178205e+00,2.079957483630003594e+02,4.000000000000000000e+01,7.092458000000000391e-07,0.000000000000000000e+00
1.948800767938931644e+00,2.079953949492320646e+02,4.000000000000000000e+01,8.360221000000000386e-07,0.000000000000000000e+00
2.352364813116176290e+00,2.079949913851868928e+02,4.000000000000000000e+01,9.398644999999999653e-07,0.000000000000000000e+00
2.783204597800863489e+00,2.079945605454022086e+02,4.000000000000000000e+01,1.027684999999999928e-06,0.000000000000000000e+00
3.194385538709758166e+00,2.079941493644612933e+02,4.000000000000000000e+01,1.090695000000000066e-06,0.000000000000000000e+00
3.634182790405259045e+00,2.079937095672096063e+02,4.000000000000000000e+01,1.165216000000000102e-06,0.000000000000000000e+00
4.049658335623409933e+00,2.079932940916643815e+02,4.000000000000000000e+01,1.216292999999999918e-06,0.000000000000000000e+00
4.471277754774348523e+00,2.079928724722452102e+02,4.000000000000000000e+01,1.279404000000000092e-06,0.000000000000000000e+00
4.879325534575264633e+00,2.079924644244654246e+02,4.000000000000000000e+01,1.257547000000000057e-06,0.000000000000000000e+00
5.310067067314364841e+00,2.079920336829326857e+02,4.000000000000000000e+01,1.216657000000000013e-06,0.000000000000000000e+00
5.695264086334554499e+00,2.079916484859136574e+02,4.000000000000000000e+01,1.234817000000000065e-06,0.000000000000000000e+00
6.111461744511888838e+00,2.079912322882554747e+02,4.000000000000000000e+01,1.266177000000000049e-06,0.000000000000000000e+00
6.526892581334323928e+00,2.079908168574186504e+02,4.000000000000000000e+01,1.248481999999999916e-06,0.000000000000000000e+00
6.935912798632260845e+00,2.079904078372013601e+02,4.000000000000000000e+01,1.284236000000000066e-06,0.000000000000000000e+00
7.361069561015809448e+00,2.079899826804389704e+02,4.000000000000000000e+01,1.278225999999999974e-06,0.000000000000000000e+00
7.791830555100625055e+00,2.079895519194448923e+02,4.000000000000000000e+01,1.309352000000000064e-06,0.000000000000000000e+00
8.216729865578116687e+00,2.079891270201344184e+02,4.000000000000000000e+01,1.315929999999999952e-06,0.000000000000000000e+00
8.609959040930050378e+00,2.079887337909590599e+02,4.000000000000000000e+01,1.326305000000000043e-06,0.000000000000000000e+00
9.032665132654791762e+00,2.079883110848673482e+02,4.000000000000000000e+01,1.439388000000000024e-06,0.000000000000000000e+00
9.457906006332683191e+00,2.079878858439936664e+02,4.000000000000000000e+01,1.422872000000000037e-06,0.000000000000000000e+00
9.866424175000000574e+00,2.079874773258250116e+02,4.000000000000000000e+01,1.386841000000000077e-06,0.000000000000000000e+00
1.029587378296718825e+01,2.079870478762170194e+02,4.000000000000000000e+01,1.458422000000000061e-06,0.000000000000000000e+00
1.072156021031091555e+01,2.079866221897896992e+02,4.000000000000000000e+01,1.446591000000000013e-06,0.000000000000000000e+00
1.113673385564037410e+01,2.079862070161443626e+02,4.000000000000000000e+01,1.465349000000000054e-06,0.000000000000000000e+00
1.155817028412213787e+01,2.079857855797158663e+02,4.000000000000000000e+01,1.422843000000000084e-06,0.000000000000000000e+00
1.196107108965995813e+01,2.079853826789103266e+02,4.000000000000000000e+01,1.385590000000000061e-06,0.000000000000000000e+00
1.239159136985469445e+01,2.079849521586301364e+02,4.000000000000000000e+01,1.390726999999999983e-06,0.000000000000000000e+00
1.282244641783406358e+01,2.079845213035821700e+02,4.000000000000000000e+01,1.466164000000000105e-06,0.000000000000000000e+00
1.325301571897377961e+01,2.079840907342810112e+02,4.000000000000000000e+01,1.404667000000000014e-06,0.000000000000000000e+00
1.365226332042559143e+01,2.079836914866795610e+02,4.000000000000000000e+01,1.400039999999999982e-06,0.000000000000000000e+00
1.405348798420723000e+01,2.079832902620157995e+02,4.000000000000000000e+01,1.420688999999999918e-06,0.000000000000000000e+00
1.448676861612156586e+01,2.079828569813838897e+02,4.000000000000000000e+01,1.346649000000000030e-06,0.000000000000000000e+00
1.491860012068008423e+01,2.079824251498793046e+02,4.000000000000000000e+01,1.367035999999999933e-06,0.000000000000000000e+00
1.530913869723991638e+01,2.079820346113027654e+02,4.000000000000000000e+01,1.349209999999999996e-06,0.000000000000000000e+00
1.575712010881568226e+01,2.079815866298911828e+02,4.000000000000000000e+01,1.290274999999999899e-06,0.000000000000000000e+00
1.614263114116804942e+01,2.079812011188588201e+02,4.000000000000000000e+01,1.344319999999999904e-06,0.000000000000000000e+00
1.656198182479391434e+01,2.079807817681752056e+02,4.000000000000000000e+01,1.361782999999999986e-06,0.000000000000000000e+00
1.697136118980986907e+01,2.079803723888101956e+02,4.000000000000000000e+01,1.348293000000000094e-06,0.000000000000000000e+00
1.741592363366412144e+01,2.079799278263663211e+02,4.000000000000000000e+01,1.386767999999999967e-06,0.000000000000000000e+00
1.780907946213267934e+01,2.079795346705378734e+02,4.000000000000000000e+01,1.410444000000000027e-06,0.000000000000000000e+00
1.823750600616004292e+01,2.079791062439938401e+02,4.000000000000000000e+01,1.375650999999999935e-06,0.000000000000000000e+00
1.866260449114503928e+01,2.079786811455088582e+02,4.000000000000000000e+01,1.446809999999999917e-06,0.000000000000000000e+00
1.904074652250112720e+01,2.079783030034774924e+02,4.000000000000000000e+01,1.508655000000000085e-06,0.000000000000000000e+00
1.948524514367231930e+01,2.079778585048563286e+02,4.000000000000000000e+01,1.510328999999999918e-06,0.000000000000000000e+00
1.990544844924638568e+01,2.079774383015507624e+02,4.000000000000000000e+01,1.497829000000000038e-06,0.000000000000000000e+00
2.031338934983843458e+01,2.079770303606501614e+02,4.000000000000000000e+01,1.475825999999999996e-06,0.000000000000000000e+00
2.074302205043335690e+01,2.079766007279495739e+02,4.000000000000000000e+01,1.516061999999999987e-06,0.000000000000000000e+00
2.115811556879688382e+01,2.079761856344312037e+02,4.000000000000000000e+01,1.510328999999999918e-06,0.000000000000000000e+00
2.158280494650184167e+01,2.079757609450535085e+02,4.000000000000000000e+01,1.497027999999999950e-06,0.000000000000000000e+00
2.196829913854828931e+01,2.079753754508614634e+02,4.000000000000000000e+01,1.449777999999999894e-06,0.000000000000000000e+00
2.240530124844768523e+01,2.079749384487515442e+02,4.000000000000000000e+01,1.265624000000000031e-06,0.000000000000000000e+00
2.284025559812630135e+01,2.079745034944018585e+02,4.000000000000000000e+01,1.338340000000000005e-06,0.000000000000000000e+00
2.327119368306911440e+01,2.079740725563169406e+02,4.000000000000000000e+01,1.398585000000000053e-06,0.000000000000000000e+00
2.369100638545338811e+01,2.079736527436145366e+02,4.000000000000000000e+01,1.396038000000000050e-06,0.000000000000000000e+00
2.410983725225537455e+01,2.079732339127477303e+02,4.000000000000000000e+01,1.374238999999999922e-06,0.000000000000000000e+00
2.449524141019301737e+01,2.079728485085898058e+02,4.000000000000000000e+01,1.393622000000000063e-06,0.000000000000000000e+00
2.493421949122926762e+01,2.079724095305087701e+02,4.000000000000000000e+01,1.418141999999999915e-06,0.000000000000000000e+00
2.536793753750731995e+01,2.079719758124624889e+02,4.000000000000000000e+01,1.398454000000000036e-06,0.000000000000000000e+00
2.577569791641908026e+01,2.079715680520835690e+02,4.000000000000000000e+01,1.338965000000000105e-06,0.000000000000000000e+00
2.619698408036684967e+01,2.079711467659196273e+02,4.000000000000000000e+01,1.358756000000000074e-06,0.000000000000000000e+00
2.658464858843798240e+01,2.079707591014115735e+02,4.000000000000000000e+01,1.400374000000000096e-06,0.000000000000000000e+00
2.700005056368118161e+01,2.079703436994363130e+02,4.000000000000000000e+01,1.364605999999999984e-06,0.000000000000000000e+00
2.743073959862071831e+01,2.079699130104013705e+02,4.000000000000000000e+01,1.263179000000000091e-06,0.000000000000000000e+00
2.783454671914883249e+01,2.079695092032808361e+02,4.000000000000000000e+01,1.329434000000000018e-06,0.000000000000000000e+00
2.825828342938931925e+01,2.079690854665706183e+02,4.000000000000000000e+01,1.393622000000000063e-06,0.000000000000000000e+00
2.870230116235057594e+01,2.079686414488376442e+02,4.000000000000000000e+01,1.356049000000000101e-06,0.000000000000000000e+00
2.908109589503316172e+01,2.079682626541049615e+02,4.000000000000000000e+01,1.308785000000000082e-06,0.000000000000000000e+00
2.950542985978211874e+01,2.079678383201402028e+02,4.000000000000000000e+01,1.257693000000000064e-06,0.000000000000000000e+00
2.993495889761661743e+01,2.079674087911023719e+02,4.000000000000000000e+01,1.354929000000000102e-06,0.000000000000000000e+00
3.037095769727497085e+01,2.079669727923027267e+02,4.000000000000000000e+01,1.384862000000000083e-06,0.000000000000000000e+00
3.078193375595403936e+01,2.079665618162440524e+02,4.000000000000000000e+01,1.398205999999999967e-06,0.000000000000000000e+00
3.118037169201409853e+01,2.079661633783079822e+02,4.000000000000000000e+01,1.409426000000000090e-06,0.000000000000000000e+00
3.161110521682292074e+01,2.079657326447831736e+02,4.000000000000000000e+01,1.388907999999999959e-06,0.000000000000000000e+00
3.203894255127627133e+01,2.079653048074487174e+02,4.000000000000000000e+01,1.379420000000000000e-06,0.000000000000000000e+00
3.246278295038167983e+01,2.079648809670496235e+02,4.000000000000000000e+01,1.376669000000000083e-06,0.000000000000000000e+00
3.288177357883227359e+01,2.079644619764211768e+02,4.000000000000000000e+01,1.415799000000000037e-06,0.000000000000000000e+00
3.329030425573073870e+01,2.079640534457442698e+02,4.000000000000000000e+01,1.537423999999999910e-06,0.000000000000000000e+00
3.371463611323154907e+01,2.079636291138867534e+02,4.000000000000000000e+01,1.489767000000000055e-06,0.000000000000000000e+00
3.414221560779635922e+01,2.079632015343921978e+02,4.000000000000000000e+01,1.362262999999999895e-06,0.000000000000000000e+00
3.455992001908396816e+01,2.079627838299809071e+02,4.000000000000000000e+01,1.263470000000000077e-06,0.000000000000000000e+00
3.496477497650229793e+01,2.079623789750234835e+02,4.000000000000000000e+01,1.503954999999999943e-06,0.000000000000000000e+00
3.538831773353371801e+01,2.079619554322664783e+02,4.000000000000000000e+01,1.379944000000000065e-06,0.000000000000000000e+00
3.578519869658943975e+01,2.079615585513033977e+02,4.000000000000000000e+01,1.463543999999999993e-06,0.000000000000000000e+00
3.621983335733029463e+01,2.079611239166426628e+02,4.000000000000000000e+01,1.522464999999999915e-06,0.000000000000000000e+00
3.663529396055979959e+01,2.079607084560394412e+02,4.000000000000000000e+01,1.603694000000000040e-06,0.000000000000000000e+00
3.702303218299891086e+01,2.079603207178170123e+02,4.000000000000000000e+01,1.644628000000000028e-06,0.000000000000000000e+00
3.744972024184593806e+01,2.079598940297581464e+02,4.000000000000000000e+01,1.605367000000000058e-06,0.000000000000000000e+00
3.789371300081110405e+01,2.079594500369991863e+02,4.000000000000000000e+01,1.528489999999999997e-06,0.000000000000000000e+00
3.828857435010409205e+01,2.079590551756498940e+02,4.000000000000000000e+01,1.593623999999999898e-06,0.000000000000000000e+00
3.872446291778138772e+01,2.079586192870822288e+02,4.000000000000000000e+01,1.633146999999999900e-06,0.000000000000000000e+00
3.914156071609191656e+01,2.079582021892838952e+02,4.000000000000000000e+01,1.678708999999999948e-06,0.000000000000000000e+00
3.952952432920719872e+01,2.079578142256708020e+02,4.000000000000000000e+01,1.655381999999999993e-06,0.000000000000000000e+00
3.995504075020603096e+01,2.079573887092497841e+02,4.000000000000000000e+01,1.553620999999999986e-06,0.000000000000000000e+00
4.038589123921057933e+01,2.079569578587607737e+02,4.000000000000000000e+01,1.541164000000000022e-06,0.000000000000000000e+00
4.081104129007633929e+01,2.079565327087099149e+02,4.000000000000000000e+01,1.572159999999999911e-06,0.000000000000000000e+00
4.121920856171972503e+01,2.079561245414382711e+02,4.000000000000000000e+01,1.594467999999999902e-06,0.000000000000000000e+00
4.164829141824157688e+01,2.079556954585817437e+02,4.000000000000000000e+01,1.581749999999999933e-06,0.000000000000000000e+00
4.206358715945717108e+01,2.079552801628405518e+02,4.000000000000000000e+01,1.604158999999999958e-06,0.000000000000000000e+00
4.248287897464813057e+01,2.079548608710253461e+02,4.000000000000000000e+01,1.587642999999999971e-06,0.000000000000000000e+00
4.291373638498406251e+01,2.079544300136150241e+02,4.000000000000000000e+01,1.555351999999999911e-06,0.000000000000000000e+00
4.332193038872262036e+01,2.079540218196112846e+02,4.000000000000000000e+01,1.546374000000000053e-06,0.000000000000000000e+00
4.375251877773199993e+01,2.079535912312222763e+02,4.000000000000000000e+01,1.559964999999999980e-06,0.000000000000000000e+00
4.417797209226198873e+01,2.079531657779077420e+02,4.000000000000000000e+01,1.561521999999999972e-06,0.000000000000000000e+00
4.459742586010020204e+01,2.079527463241398948e+02,4.000000000000000000e+01,1.553474999999999979e-06,0.000000000000000000e+00
4.498879203514700720e+01,2.079523549579648432e+02,4.000000000000000000e+01,1.555788999999999903e-06,0.000000000000000000e+00
4.541867234004163834e+01,2.079519250776599506e+02,4.000000000000000000e+01,1.532127000000000019e-06,0.000000000000000000e+00
4.584112959688289379e+01,2.079515026204031187e+02,4.000000000000000000e+01,1.542342999999999956e-06,0.000000000000000000e+00
4.625722572318369430e+01,2.079510865242768034e+02,4.000000000000000000e+01,1.626249000000000072e-06,0.000000000000000000e+00
4.667452445664908112e+01,2.079506692255433506e+02,4.000000000000000000e+01,1.562802999999999968e-06,0.000000000000000000e+00
4.708499450699399347e+01,2.079502587554929960e+02,4.000000000000000000e+01,1.501598000000000103e-06,0.000000000000000000e+00
4.747030542508296236e+01,2.079498734445749051e+02,4.000000000000000000e+01,1.420804999999999943e-06,0.000000000000000000e+00
4.791627551297710141e+01,2.079494274744870097e+02,4.000000000000000000e+01,1.526975999999999922e-06,0.000000000000000000e+00
4.830917877885970313e+01,2.079490345712211479e+02,4.000000000000000000e+01,1.520150999999999991e-06,0.000000000000000000e+00
4.873793312545392098e+01,2.079486058168745330e+02,4.000000000000000000e+01,1.497960000000000054e-06,0.000000000000000000e+00
4.916305392404579777e+01,2.079481806960759513e+02,4.000000000000000000e+01,1.489548999999999966e-06,0.000000000000000000e+00
4.958290842241437701e+01,2.079477608415775762e+02,4.000000000000000000e+01,1.533626000000000104e-06,0.000000000000000000e+00
4.997569336809004170e+01,2.079473680566319160e+02,4.000000000000000000e+01,1.571651000000000049e-06,0.000000000000000000e+00
5.040623038126219768e+01,2.079469375196187286e+02,4.000000000000000000e+01,1.628038999999999931e-06,0.000000000000000000e+00
5.083706708490381487e+01,2.079465066829150999e+02,4.000000000000000000e+01,1.585823999999999947e-06,0.000000000000000000e+00
5.126978606665235816e+01,2.079460739639333440e+02,4.000000000000000000e+01,1.564199999999999991e-06,0.000000000000000000e+00
5.167609419878120747e+01,2.079456676558012305e+02,4.000000000000000000e+01,1.510954000000000018e-06,0.000000000000000000e+00
5.207499547252630379e+01,2.079452687545274614e+02,4.000000000000000000e+01,1.555978000000000038e-06,0.000000000000000000e+00
5.250403747088292050e+01,2.079448397125291024e+02,4.000000000000000000e+01,1.573527999999999980e-06,0.000000000000000000e+00
5.293390664850797833e+01,2.079444098433514796e+02,4.000000000000000000e+01,1.634980000000000099e-06,0.000000000000000000e+00
5.337609208378262338e+01,2.079439676579162040e+02,4.000000000000000000e+01,1.616689000000000032e-06,0.000000000000000000e+00
5.377246513983344300e+01,2.079435712848601554e+02,4.000000000000000000e+01,1.519104000000000101e-06,0.000000000000000000e+00
5.419292079732809952e+01,2.079431508292026649e+02,4.000000000000000000e+01,1.559820000000000001e-06,0.000000000000000000e+00
5.462244216627304638e+01,2.079427213078337218e+02,4.000000000000000000e+01,1.479812999999999938e-06,0.000000000000000000e+00
5.504415195951251860e+01,2.079422995980404778e+02,4.000000000000000000e+01,1.511550999999999980e-06,0.000000000000000000e+00
5.543844226023595212e+01,2.079419053077397734e+02,4.000000000000000000e+01,1.476131999999999973e-06,0.000000000000000000e+00
5.586914173758403024e+01,2.079414746082624106e+02,4.000000000000000000e+01,1.498846999999999975e-06,0.000000000000000000e+00
5.627722331799353839e+01,2.079410665266819933e+02,4.000000000000000000e+01,1.462699999999999989e-06,0.000000000000000000e+00
5.669832038720279854e+01,2.079406454296128004e+02,4.000000000000000000e+01,1.469248999999999924e-06,0.000000000000000000e+00
5.710230579011903274e+01,2.079402414442098745e+02,4.000000000000000000e+01,1.552354999999999980e-06,0.000000000000000000e+00
5.750135904071247239e+01,2.079398423909592850e+02,4.000000000000000000e+01,1.600229999999999924e-06,0.000000000000000000e+00
5.794032405138680986e+01,2.079394034259485977e+02,4.000000000000000000e+01,1.577268000000000092e-06,0.000000000000000000e+00
5.836129103346930691e+01,2.079389824589665352e+02,4.000000000000000000e+01,1.553489999999999970e-06,0.000000000000000000e+00
5.875990823712398026e+01,2.079385838417628634e+02,4.000000000000000000e+01,1.617313999999999920e-06,0.000000000000000000e+00
5.918387185152671748e+01,2.079381598781484684e+02,4.000000000000000000e+01,1.691078000000000024e-06,0.000000000000000000e+00
5.961995959180428173e+01,2.079377237904081994e+02,4.000000000000000000e+01,1.663924000000000097e-06,0.000000000000000000e+00
6.002875617505964101e+01,2.079373149938249412e+02,4.000000000000000000e+01,1.688517000000000058e-06,0.000000000000000000e+00
6.043060023511449685e+01,2.079369131497648766e+02,4.000000000000000000e+01,1.637527000000000102e-06,0.000000000000000000e+00
6.086643840267176131e+01,2.079364773115973151e+02,4.000000000000000000e+01,1.529887000000000020e-06,0.000000000000000000e+00
6.129035318857796710e+01,2.079360533968114169e+02,4.000000000000000000e+01,1.542095999999999914e-06,0.000000000000000000e+00
6.169488250283013286e+01,2.079356488674971786e+02,4.000000000000000000e+01,1.470267000000000072e-06,0.000000000000000000e+00
6.209807426802375119e+01,2.079352456757319771e+02,4.000000000000000000e+01,1.586770000000000014e-06,0.000000000000000000e+00
6.254089603774485084e+01,2.079348028539622533e+02,4.000000000000000000e+01,1.528125999999999902e-06,0.000000000000000000e+00
6.296427216308473618e+01,2.079343794778369272e+02,4.000000000000000000e+01,1.364634999999999937e-06,0.000000000000000000e+00
6.340151038533775107e+01,2.079339422396146517e+02,4.000000000000000000e+01,1.386710000000000061e-06,0.000000000000000000e+00
6.382048534770992632e+01,2.079335232646522797e+02,4.000000000000000000e+01,1.417618000000000062e-06,0.000000000000000000e+00
6.422204883522012153e+01,2.079331217011647652e+02,4.000000000000000000e+01,1.407839999999999933e-06,0.000000000000000000e+00
6.464329736262791926e+01,2.079327004526373628e+02,4.000000000000000000e+01,1.312247999999999959e-06,0.000000000000000000e+00
6.507476728454422243e+01,2.079322689827154420e+02,4.000000000000000000e+01,1.230363999999999965e-06,0.000000000000000000e+00
6.549212130936219012e+01,2.079318516286906231e+02,4.000000000000000000e+01,1.424893999999999948e-06,0.000000000000000000e+00
6.588992298487522703e+01,2.079314538270151331e+02,4.000000000000000000e+01,1.322724999999999901e-06,0.000000000000000000e+00
6.631308057508647380e+01,2.079310306694248993e+02,4.000000000000000000e+01,1.290667999999999947e-06,0.000000000000000000e+00
6.672196538330638305e+01,2.079306217846167044e+02,4.000000000000000000e+01,1.251595999999999900e-06,0.000000000000000000e+00
6.713742593002544368e+01,2.079302063240699852e+02,4.000000000000000000e+01,1.303792999999999928e-06,0.000000000000000000e+00
6.754742319540065409e+01,2.079297963268045919e+02,4.000000000000000000e+01,1.297186999999999901e-06,0.000000000000000000e+00
6.795103688473466264e+01,2.079293927131152770e+02,4.000000000000000000e+01,1.352629999999999957e-06,0.000000000000000000e+00
6.838190875294934301e+01,2.079289618412470588e+02,4.000000000000000000e+01,1.401801000000000099e-06,0.000000000000000000e+00
6.880762269428650768e+01,2.079285361273057049e+02,4.000000000000000000e+01,1.400650999999999907e-06,0.000000000000000000e+00
6.921435477997191299e+01,2.079281293952200258e+02,4.000000000000000000e+01,1.290681999999999910e-06,0.000000000000000000e+00
6.962987111450381406e+01,2.079277138788854984e+02,4.000000000000000000e+01,1.286520000000000008e-06,0.000000000000000000e+00
7.006554925260621758e+01,2.079272782007473950e+02,4.000000000000000000e+01,1.283143999999999992e-06,0.000000000000000000e+00
7.048936145725190272e+01,2.079268543885427505e+02,4.000000000000000000e+01,1.250635000000000055e-06,0.000000000000000000e+00
7.088810677341476207e+01,2.079264556432265749e+02,4.000000000000000000e+01,1.293694000000000043e-06,0.000000000000000000e+00
7.132900250092168903e+01,2.079260147474990674e+02,4.000000000000000000e+01,1.348787999999999994e-06,0.000000000000000000e+00
7.175985448955781010e+01,2.079255838955104423e+02,4.000000000000000000e+01,1.351799999999999915e-06,0.000000000000000000e+00
7.217725847949743923e+01,2.079251664915205140e+02,4.000000000000000000e+01,1.102743999999999991e-06,0.000000000000000000e+00
7.258344819007633930e+01,2.079247603018099255e+02,4.000000000000000000e+01,1.141278000000000011e-06,0.000000000000000000e+00
7.298376552626328362e+01,2.079243599844737389e+02,4.000000000000000000e+01,1.231353999999999976e-06,0.000000000000000000e+00
7.343111102459505446e+01,2.079239126389753949e+02,4.000000000000000000e+01,1.167922000000000047e-06,0.000000000000000000e+00
7.382990332860993021e+01,2.079235138466713977e+02,4.000000000000000000e+01,1.134495999999999997e-06,0.000000000000000000e+00
7.425362109961832857e+01,2.079230901289003839e+02,4.000000000000000000e+01,9.883952000000000942e-07,0.000000000000000000e+00
7.469698168971824259e+01,2.079226467683102726e+02,4.000000000000000000e+01,9.958021000000000572e-07,0.000000000000000000e+00
7.508439605375460246e+01,2.079222593539462309e+02,4.000000000000000000e+01,1.058185999999999917e-06,0.000000000000000000e+00
7.549992571443442557e+01,2.079218438242855598e+02,4.000000000000000000e+01,9.537325000000000204e-07,0.000000000000000000e+00
7.589893571697798791e+01,2.079214448142830065e+02,4.000000000000000000e+01,8.916832000000000155e-07,0.000000000000000000e+00
7.633909468994383474e+01,2.079210046553100426e+02,4.000000000000000000e+01,1.195119999999999918e-06,0.000000000000000000e+00
7.676813886652617214e+01,2.079205756111334722e+02,4.000000000000000000e+01,1.176318999999999960e-06,0.000000000000000000e+00
7.716179375534763096e+01,2.079201819562446474e+02,4.000000000000000000e+01,1.157531999999999965e-06,0.000000000000000000e+00
7.757700117411933149e+01,2.079197667488258787e+02,4.000000000000000000e+01,1.195585000000000048e-06,0.000000000000000000e+00
7.797361953855634908e+01,2.079193701304614308e+02,4.000000000000000000e+01,1.244538000000000103e-06,0.000000000000000000e+00
7.841708678852072012e+01,2.079189266632114652e+02,4.000000000000000000e+01,1.175721999999999998e-06,0.000000000000000000e+00
7.883254770888271423e+01,2.079185112022911142e+02,4.000000000000000000e+01,1.150838000000000051e-06,0.000000000000000000e+00
7.923987186602414567e+01,2.079181038781339623e+02,4.000000000000000000e+01,1.083652000000000048e-06,0.000000000000000000e+00
7.968168372825827817e+01,2.079176620662717312e+02,4.000000000000000000e+01,1.010062999999999904e-06,0.000000000000000000e+00
8.008725571221373229e+01,2.079172564942877841e+02,4.000000000000000000e+01,1.065083999999999957e-06,0.000000000000000000e+00
8.048738109726529899e+01,2.079168563689027280e+02,4.000000000000000000e+01,1.112784999999999968e-06,0.000000000000000000e+00
8.091814754657239916e+01,2.079164256024534154e+02,4.000000000000000000e+01,1.145147999999999899e-06,0.000000000000000000e+00
8.132636815232807237e+01,2.079160173818476665e+02,4.000000000000000000e+01,1.097999999999999906e-06,0.000000000000000000e+00
8.175727104317842020e+01,2.079155864789568113e+02,4.000000000000000000e+01,1.048233000000000040e-06,0.000000000000000000e+00
8.217445761365564749e+01,2.079151692923863379e+02,4.000000000000000000e+01,1.296313999999999944e-06,0.000000000000000000e+00
8.261728140801017162e+01,2.079147264685919936e+02,4.000000000000000000e+01,1.326422000000000097e-06,0.000000000000000000e+00
8.303282897871550006e+01,2.079143109210212685e+02,4.000000000000000000e+01,1.244611000000000000e-06,0.000000000000000000e+00
8.345778106904927540e+01,2.079138859689309413e+02,4.000000000000000000e+01,1.334541999999999987e-06,0.000000000000000000e+00
8.386616536271171185e+01,2.079134775846372918e+02,4.000000000000000000e+01,1.262466000000000103e-06,0.000000000000000000e+00
8.430185023421360313e+01,2.079130418997657728e+02,4.000000000000000000e+01,1.270017999999999984e-06,0.000000000000000000e+00
8.470523892782789233e+01,2.079126385110721742e+02,4.000000000000000000e+01,1.131339000000000096e-06,0.000000000000000000e+00
8.511053241190658980e+01,2.079122332175880956e+02,4.000000000000000000e+01,1.281136000000000044e-06,0.000000000000000000e+00
8.554392938882261888e+01,2.079117998206111793e+02,4.000000000000000000e+01,1.195003000000000076e-06,0.000000000000000000e+00
8.594728983687588197e+01,2.079113964601631324e+02,4.000000000000000000e+01,1.337553999999999908e-06,0.000000000000000000e+00
8.638298466465701608e+01,2.079109607653353464e+02,4.000000000000000000e+01,1.276711999999999898e-06,0.000000000000000000e+00
8.677009969083970020e+01,2.079105736503091464e+02,4.000000000000000000e+01,1.218358999999999985e-06,0.000000000000000000e+00
8.721551407108967169e+01,2.079101282359289087e+02,4.000000000000000000e+01,1.286040000000000099e-06,0.000000000000000000e+00
8.761775785943986250e+01,2.079097259921405509e+02,4.000000000000000000e+01,1.279200999999999994e-06,0.000000000000000000e+00
8.801846888973706484e+01,2.079093252811102559e+02,4.000000000000000000e+01,1.246706000000000020e-06,0.000000000000000000e+00
8.844564910553025072e+01,2.079088981008944756e+02,4.000000000000000000e+01,1.251289999999999924e-06,0.000000000000000000e+00
8.885368896792522264e+01,2.079084900610320688e+02,4.000000000000000000e+01,1.198583000000000007e-06,0.000000000000000000e+00
8.928780008206106800e+01,2.079080559499179230e+02,4.000000000000000000e+01,1.265071000000000013e-06,0.000000000000000000e+00
8.971148786297383992e+01,2.079076322621370139e+02,4.000000000000000000e+01,1.229462000000000054e-06,0.000000000000000000e+00
9.011043358244273804e+01,2.079072333164175461e+02,4.000000000000000000e+01,1.192893000000000066e-06,0.000000000000000000e+00
9.053825378965224502e+01,2.079068054962103531e+02,4.000000000000000000e+01,1.200037999999999936e-06,0.000000000000000000e+00
9.096217396282884238e+01,2.079063815760371767e+02,4.000000000000000000e+01,1.159656999999999966e-06,0.000000000000000000e+00
9.138138284269328437e+01,2.079059623671573149e+02,4.000000000000000000e+01,1.019464000000000003e-06,0.000000000000000000e+00
9.180172522437649718e+01,2.079055420247756274e+02,4.000000000000000000e+01,1.155189000000000088e-06,0.000000000000000000e+00
9.222891181848544306e+01,2.079051148381815040e+02,4.000000000000000000e+01,1.225314999999999931e-06,0.000000000000000000e+00
9.265506373071876567e+01,2.079046886862692816e+02,4.000000000000000000e+01,1.231863000000000050e-06,0.000000000000000000e+00
9.307156856802063771e+01,2.079042721814319634e+02,4.000000000000000000e+01,1.147608000000000041e-06,0.000000000000000000e+00
9.347746787089387510e+01,2.079038662821291155e+02,4.000000000000000000e+01,1.190011999999999949e-06,0.000000000000000000e+00
9.390145492211169653e+01,2.079034422950778946e+02,4.000000000000000000e+01,1.166044999999999904e-06,0.000000000000000000e+00
9.433360421454416667e+01,2.079030101457854585e+02,4.000000000000000000e+01,1.255830000000000096e-06,0.000000000000000000e+00
9.474896855408591989e+01,2.079025947814459130e+02,4.000000000000000000e+01,1.238252000000000016e-06,0.000000000000000000e+00
9.516420604071248590e+01,2.079021795439592779e+02,4.000000000000000000e+01,1.290114999999999929e-06,0.000000000000000000e+00
9.555200061706467807e+01,2.079017917493829373e+02,4.000000000000000000e+01,1.289095999999999965e-06,0.000000000000000000e+00
9.597322608371285924e+01,2.079013705239162846e+02,4.000000000000000000e+01,1.172302000000000037e-06,0.000000000000000000e+00
9.638101236398334493e+01,2.079009627376360072e+02,4.000000000000000000e+01,1.240681999999999965e-06,0.000000000000000000e+00
9.681195815488712242e+01,2.079005317918451112e+02,4.000000000000000000e+01,1.237349000000000077e-06,0.000000000000000000e+00
9.724099663159012152e+01,2.079001027533684010e+02,4.000000000000000000e+01,1.343666000000000062e-06,0.000000000000000000e+00
9.762856772391856452e+01,2.078997151822760827e+02,4.000000000000000000e+01,1.245120000000000074e-06,0.000000000000000000e+00
9.806472791793500221e+01,2.078992790220820552e+02,4.000000000000000000e+01,1.334338000000000073e-06,0.000000000000000000e+00
9.848841949312975430e+01,2.078988553305068763e+02,4.000000000000000000e+01,1.329462999999999971e-06,0.000000000000000000e+00
9.888743664992007609e+01,2.078984563133500671e+02,4.000000000000000000e+01,1.352367999999999924e-06,0.000000000000000000e+00
9.932846119068595669e+01,2.078980152888093187e+02,4.000000000000000000e+01,1.361360999999999984e-06,0.000000000000000000e+00
9.971406563466418049e+01,2.078976296843653415e+02,4.000000000000000000e+01,1.316570000000000043e-06,0.000000000000000000e+00
1.001493716729132757e+02,2.078971943783270717e+02,4.000000000000000000e+01,1.282227000000000090e-06,0.000000000000000000e+00
1.005645089634479206e+02,2.078967792410365405e+02,4.000000000000000000e+01,1.388645999999999926e-06,0.000000000000000000e+00
1.009639543565521649e+02,2.078963797956434405e+02,4.000000000000000000e+01,1.283172999999999945e-06,0.000000000000000000e+00
1.013912838946021537e+02,2.078959524661053990e+02,4.000000000000000000e+01,1.438456999999999948e-06,0.000000000000000000e+00
1.018293700612619404e+02,2.078955143799387315e+02,4.000000000000000000e+01,1.340959000000000090e-06,0.000000000000000000e+00
1.022303027607370041e+02,2.078951134472392539e+02,4.000000000000000000e+01,1.342995999999999991e-06,0.000000000000000000e+00
1.026610601392292352e+02,2.078946826898607583e+02,4.000000000000000000e+01,1.648688000000000079e-06,0.000000000000000000e+00
1.030843989363585820e+02,2.078942593510636527e+02,4.000000000000000000e+01,1.425636999999999917e-06,0.000000000000000000e+00
1.034999962921582437e+02,2.078938437537078414e+02,4.000000000000000000e+01,1.478358000000000009e-06,0.000000000000000000e+00
1.039307854816421184e+02,2.078934129645183475e+02,4.000000000000000000e+01,1.430773000000000023e-06,0.000000000000000000e+00
1.043520284830026554e+02,2.078929917215170065e+02,4.000000000000000000e+01,1.381703999999999943e-06,0.000000000000000000e+00
1.047691585497603626e+02,2.078925745914502272e+02,4.000000000000000000e+01,1.390392000000000053e-06,0.000000000000000000e+00
1.051886023696556975e+02,2.078921551476303478e+02,4.000000000000000000e+01,1.502878000000000072e-06,0.000000000000000000e+00
1.056076657244968828e+02,2.078917360842754931e+02,4.000000000000000000e+01,1.465189000000000084e-06,0.000000000000000000e+00
1.060173215196927430e+02,2.078913264284803120e+02,4.000000000000000000e+01,1.515261999999999927e-06,0.000000000000000000e+00
1.064413895778047987e+02,2.078909023604221886e+02,4.000000000000000000e+01,1.496854000000000018e-06,0.000000000000000000e+00
1.068406609553435231e+02,2.078905030890446426e+02,4.000000000000000000e+01,1.523047000000000099e-06,0.000000000000000000e+00
1.072401812166294377e+02,2.078901035687833598e+02,4.000000000000000000e+01,1.513879000000000079e-06,0.000000000000000000e+00
1.076810722708051600e+02,2.078896626777292056e+02,4.000000000000000000e+01,1.559440999999999915e-06,0.000000000000000000e+00
1.080965645712468444e+02,2.078892471854287578e+02,4.000000000000000000e+01,1.548528000000000008e-06,0.000000000000000000e+00
1.085104972596020758e+02,2.078888332527403975e+02,4.000000000000000000e+01,1.597799999999999974e-06,0.000000000000000000e+00
1.089173366774955980e+02,2.078884264133224917e+02,4.000000000000000000e+01,1.612119000000000091e-06,0.000000000000000000e+00
1.093478703025308363e+02,2.078879958796974563e+02,4.000000000000000000e+01,1.574545999999999917e-06,0.000000000000000000e+00
1.097557270641712392e+02,2.078875880229358302e+02,4.000000000000000000e+01,1.565319999999999990e-06,0.000000000000000000e+00
1.101725751433191220e+02,2.078871711748566895e+02,4.000000000000000000e+01,1.489126999999999964e-06,0.000000000000000000e+00
1.106041572636098778e+02,2.078867395927363759e+02,4.000000000000000000e+01,1.577208999999999945e-06,0.000000000000000000e+00
1.110310874796299601e+02,2.078863126625203677e+02,4.000000000000000000e+01,1.593377000000000067e-06,0.000000000000000000e+00
1.114563789836918772e+02,2.078858873710163095e+02,4.000000000000000000e+01,1.578314999999999982e-06,0.000000000000000000e+00
1.118508080414132024e+02,2.078854929419585744e+02,4.000000000000000000e+01,1.559500000000000061e-06,0.000000000000000000e+00
1.122951376901824005e+02,2.078850486123098165e+02,4.000000000000000000e+01,1.586159000000000088e-06,0.000000000000000000e+00
1.127209940623956470e+02,2.078846227559376132e+02,4.000000000000000000e+01,1.583597999999999911e-06,0.000000000000000000e+00
1.131229371727378776e+02,2.078842208128272659e+02,4.000000000000000000e+01,1.544526000000000076e-06,0.000000000000000000e+00
1.135245330399978769e+02,2.078838192169600063e+02,4.000000000000000000e+01,1.562700999999999906e-06,0.000000000000000000e+00
1.139711483319735663e+02,2.078833726016680146e+02,4.000000000000000000e+01,1.630730999999999913e-06,0.000000000000000000e+00
1.143709039813927575e+02,2.078829728460186175e+02,4.000000000000000000e+01,1.675973000000000022e-06,0.000000000000000000e+00
1.147940037799513391e+02,2.078825497462200360e+02,4.000000000000000000e+01,1.673383000000000102e-06,0.000000000000000000e+00
1.152420729615945163e+02,2.078821016770384063e+02,4.000000000000000000e+01,1.711087000000000081e-06,0.000000000000000000e+00
1.156167408055728032e+02,2.078817270091944351e+02,4.000000000000000000e+01,1.705644999999999998e-06,0.000000000000000000e+00
1.160451722476675229e+02,2.078812985777523181e+02,4.000000000000000000e+01,1.714507000000000041e-06,0.000000000000000000e+00
1.164497647752221638e+02,2.078808939852247875e+02,4.000000000000000000e+01,1.685358999999999918e-06,0.000000000000000000e+00
1.168759670186943964e+02,2.078804677829812988e+02,4.000000000000000000e+01,1.648688000000000079e-06,0.000000000000000000e+00
1.173065530093684856e+02,2.078800371969906280e+02,4.000000000000000000e+01,1.593973000000000002e-06,0.000000000000000000e+00
1.177108960771010828e+02,2.078796328539228853e+02,4.000000000000000000e+01,1.702559999999999967e-06,0.000000000000000000e+00
1.181216539518116946e+02,2.078792220960481814e+02,4.000000000000000000e+01,1.769177999999999962e-06,0.000000000000000000e+00
1.185532095548230416e+02,2.078787905404451806e+02,4.000000000000000000e+01,1.762237000000000006e-06,0.000000000000000000e+00
1.189471470537800002e+02,2.078783966029462249e+02,4.000000000000000000e+01,1.732595000000000011e-06,0.000000000000000000e+00
1.193803471359111796e+02,2.078779634028640828e+02,4.000000000000000000e+01,1.798209000000000032e-06,0.000000000000000000e+00
1.197885896450381580e+02,2.078775551603549729e+02,4.000000000000000000e+01,1.760402999999999991e-06,0.000000000000000000e+00
1.202127629035968965e+02,2.078771309870963933e+02,4.000000000000000000e+01,1.819309999999999951e-06,0.000000000000000000e+00
1.206282548867389437e+02,2.078767154951132454e+02,4.000000000000000000e+01,1.876935000000000098e-06,0.000000000000000000e+00
1.210161969033078861e+02,2.078763275530967007e+02,4.000000000000000000e+01,1.866225000000000076e-06,0.000000000000000000e+00
1.214442407293704349e+02,2.078758995092706243e+02,4.000000000000000000e+01,1.855703999999999978e-06,0.000000000000000000e+00
1.218876582807796041e+02,2.078754560917192293e+02,4.000000000000000000e+01,1.868466000000000103e-06,0.000000000000000000e+00
1.223288635274115137e+02,2.078750148864725986e+02,4.000000000000000000e+01,1.880718999999999941e-06,0.000000000000000000e+00
1.227354882610749200e+02,2.078746082617389277e+02,4.000000000000000000e+01,1.873981000000000083e-06,0.000000000000000000e+00
1.231492010233519636e+02,2.078741945489766465e+02,4.000000000000000000e+01,1.918393999999999966e-06,0.000000000000000000e+00
1.235643088155216418e+02,2.078737794411844675e+02,4.000000000000000000e+01,1.865497000000000098e-06,0.000000000000000000e+00
1.239831965502374800e+02,2.078733605534497713e+02,4.000000000000000000e+01,1.831548000000000010e-06,0.000000000000000000e+00
1.244305598053388593e+02,2.078729131901946516e+02,4.000000000000000000e+01,1.842606999999999924e-06,0.000000000000000000e+00
1.248295712745055823e+02,2.078725141787254813e+02,4.000000000000000000e+01,1.753403999999999916e-06,0.000000000000000000e+00
1.252533141462344162e+02,2.078720904358537496e+02,4.000000000000000000e+01,1.825843000000000079e-06,0.000000000000000000e+00
1.256612369561483433e+02,2.078716825130438508e+02,4.000000000000000000e+01,1.728346000000000037e-06,0.000000000000000000e+00
1.260843606291515613e+02,2.078712593893708345e+02,4.000000000000000000e+01,1.790496999999999969e-06,0.000000000000000000e+00
1.264791182480567784e+02,2.078708646317519424e+02,4.000000000000000000e+01,1.776629000000000020e-06,0.000000000000000000e+00
1.269078953540803667e+02,2.078704358546459048e+02,4.000000000000000000e+01,1.731139000000000054e-06,0.000000000000000000e+00
1.273310822081030551e+02,2.078700126677918831e+02,4.000000000000000000e+01,1.810097999999999987e-06,0.000000000000000000e+00
1.277456893047419584e+02,2.078695980606952673e+02,4.000000000000000000e+01,1.843538000000000000e-06,0.000000000000000000e+00
1.281612603948261153e+02,2.078691824896051799e+02,4.000000000000000000e+01,1.828390000000000082e-06,0.000000000000000000e+00
1.285491938620086216e+02,2.078687945561379991e+02,4.000000000000000000e+01,1.814464000000000014e-06,0.000000000000000000e+00
1.289712886618811183e+02,2.078683724613381116e+02,4.000000000000000000e+01,1.791340999999999973e-06,0.000000000000000000e+00
1.294174320912213716e+02,2.078679263179087684e+02,4.000000000000000000e+01,1.791574000000000052e-06,0.000000000000000000e+00
1.298105486000303586e+02,2.078675332013999650e+02,4.000000000000000000e+01,1.787571999999999908e-06,0.000000000000000000e+00
1.302393850091446552e+02,2.078671043649908654e+02,4.000000000000000000e+01,1.802239999999999917e-06,0.000000000000000000e+00
1.306823987357595058e+02,2.078666613512642414e+02,4.000000000000000000e+01,1.791922999999999945e-06,0.000000000000000000e+00
1.310879763418020616e+02,2.078662557736581959e+02,4.000000000000000000e+01,1.821957999999999989e-06,0.000000000000000000e+00
1.314878402387334688e+02,2.078658559097612510e+02,4.000000000000000000e+01,1.797553999999999951e-06,0.000000000000000000e+00
1.319184860609846055e+02,2.078654252639390165e+02,4.000000000000000000e+01,1.754437000000000055e-06,0.000000000000000000e+00
1.323591549283141262e+02,2.078649845950716895e+02,4.000000000000000000e+01,1.766559000000000089e-06,0.000000000000000000e+00
1.327776182064688157e+02,2.078645661317935378e+02,4.000000000000000000e+01,1.749852999999999939e-06,0.000000000000000000e+00
1.331742878443554901e+02,2.078641694621556439e+02,4.000000000000000000e+01,1.817009999999999989e-06,0.000000000000000000e+00
1.336176695166856518e+02,2.078637260804833033e+02,4.000000000000000000e+01,1.723004999999999989e-06,0.000000000000000000e+00
1.340295503576335818e+02,2.078633141996423603e+02,4.000000000000000000e+01,1.770734999999999954e-06,0.000000000000000000e+00
1.344350569878770614e+02,2.078629086930121161e+02,4.000000000000000000e+01,1.874869000000000031e-06,0.000000000000000000e+00
1.348655960346121390e+02,2.078624781539653839e+02,4.000000000000000000e+01,1.883323000000000035e-06,0.000000000000000000e+00
1.352737024250520506e+02,2.078620700475749459e+02,4.000000000000000000e+01,1.787702999999999924e-06,0.000000000000000000e+00
1.356942334048294185e+02,2.078616495165951790e+02,4.000000000000000000e+01,1.800842999999999895e-06,0.000000000000000000e+00
1.360989312916030940e+02,2.078612448187083999e+02,4.000000000000000000e+01,1.923471999999999954e-06,0.000000000000000000e+00
1.364979272697621013e+02,2.078608458227302265e+02,4.000000000000000000e+01,1.901353000000000098e-06,0.000000000000000000e+00
1.369466135459338432e+02,2.078603971364540541e+02,4.000000000000000000e+01,1.918902999999999829e-06,0.000000000000000000e+00
1.373454021619351977e+02,2.078599983478380580e+02,4.000000000000000000e+01,1.907741999999999852e-06,0.000000000000000000e+00
1.377902675497722953e+02,2.078595534824502238e+02,4.000000000000000000e+01,1.885942999999999936e-06,0.000000000000000000e+00
1.381755602760295858e+02,2.078591681897239596e+02,4.000000000000000000e+01,1.854118000000000033e-06,0.000000000000000000e+00
1.386019758157287924e+02,2.078587417741842671e+02,4.000000000000000000e+01,1.740423999999999915e-06,0.000000000000000000e+00
1.390153207479185937e+02,2.078583284292520830e+02,4.000000000000000000e+01,1.824562999999999898e-06,0.000000000000000000e+00
1.394218529048600033e+02,2.078579218970951388e+02,4.000000000000000000e+01,1.795473999999999922e-06,0.000000000000000000e+00
1.398527103151959352e+02,2.078574910396847883e+02,4.000000000000000000e+01,1.882174000000000082e-06,0.000000000000000000e+00
1.402869245781626262e+02,2.078570568254218358e+02,4.000000000000000000e+01,1.917942000000000195e-06,0.000000000000000000e+00
1.406913562664006463e+02,2.078566523937336115e+02,4.000000000000000000e+01,2.024476999999999845e-06,0.000000000000000000e+00
1.410934202238184980e+02,2.078562503297761737e+02,4.000000000000000000e+01,2.017360999999999928e-06,0.000000000000000000e+00
1.415297466530762733e+02,2.078558140033469215e+02,4.000000000000000000e+01,1.938707999999999972e-06,0.000000000000000000e+00
1.419316180833054943e+02,2.078554121319166939e+02,4.000000000000000000e+01,1.998545000000000192e-06,0.000000000000000000e+00
1.423553816367756895e+02,2.078549883683632231e+02,4.000000000000000000e+01,1.836306000000000058e-06,0.000000000000000000e+00
1.427991590535880846e+02,2.078545445909464036e+02,4.000000000000000000e+01,1.606443999999999929e-06,0.000000000000000000e+00
1.432256529605597848e+02,2.078541180970394464e+02,4.000000000000000000e+01,1.841676000000000060e-06,0.000000000000000000e+00
1.436411442983539644e+02,2.078537026057016419e+02,4.000000000000000000e+01,1.870400999999999941e-06,0.000000000000000000e+00
1.440287465923078969e+02,2.078533150034076868e+02,4.000000000000000000e+01,1.824402999999999929e-06,0.000000000000000000e+00
1.444748654759894180e+02,2.078528688845240140e+02,4.000000000000000000e+01,1.821302999999999908e-06,0.000000000000000000e+00
1.448984582616951684e+02,2.078524452917382916e+02,4.000000000000000000e+01,1.906737000000000062e-06,0.000000000000000000e+00
1.452974756947446338e+02,2.078520462743052519e+02,4.000000000000000000e+01,1.899811000000000097e-06,0.000000000000000000e+00
1.457458546462745517e+02,2.078515978953537342e+02,4.000000000000000000e+01,1.863154000000000009e-06,0.000000000000000000e+00
1.461317575352852032e+02,2.078512119924647266e+02,4.000000000000000000e+01,1.915293999999999945e-06,0.000000000000000000e+00
1.465486141094147570e+02,2.078507951358905927e+02,4.000000000000000000e+01,1.920125000000000103e-06,0.000000000000000000e+00
1.469704915901195079e+02,2.078503732584098884e+02,4.000000000000000000e+01,1.845168000000000102e-06,0.000000000000000000e+00
1.473787349361323891e+02,2.078499650150638729e+02,4.000000000000000000e+01,1.981840000000000070e-06,0.000000000000000000e+00
1.478093409167244943e+02,2.078495344090832759e+02,4.000000000000000000e+01,1.888562000000000020e-06,0.000000000000000000e+00
1.482139378340132225e+02,2.078491298121659838e+02,4.000000000000000000e+01,1.840220999999999919e-06,0.000000000000000000e+00
1.486250681110080336e+02,2.078487186818889825e+02,4.000000000000000000e+01,1.806518000000000057e-06,0.000000000000000000e+00
1.490557300065926540e+02,2.078482880199934186e+02,4.000000000000000000e+01,1.870460000000000088e-06,0.000000000000000000e+00
1.494409230103012192e+02,2.078479028269896958e+02,4.000000000000000000e+01,1.881125999999999953e-06,0.000000000000000000e+00
1.498840087818888662e+02,2.078474597412181026e+02,4.000000000000000000e+01,1.896318000000000027e-06,0.000000000000000000e+00
1.503082255370229063e+02,2.078470355244629673e+02,4.000000000000000000e+01,1.905281999999999921e-06,0.000000000000000000e+00
1.507561373139835439e+02,2.078465876126860223e+02,4.000000000000000000e+01,1.930559000000000128e-06,0.000000000000000000e+00
1.511461493426632501e+02,2.078461976006573479e+02,4.000000000000000000e+01,1.959081000000000124e-06,0.000000000000000000e+00
1.515615273979908295e+02,2.078457822226019971e+02,4.000000000000000000e+01,1.924331000000000160e-06,0.000000000000000000e+00
1.519812205063433908e+02,2.078453625294936558e+02,4.000000000000000000e+01,1.955385000000000168e-06,0.000000000000000000e+00
1.523986932703562331e+02,2.078449450567296424e+02,4.000000000000000000e+01,1.919281000000000098e-06,0.000000000000000000e+00
1.528271493185743566e+02,2.078445166006814304e+02,4.000000000000000000e+01,2.034809000000000020e-06,0.000000000000000000e+00
1.532512215001312086e+02,2.078440925284998571e+02,4.000000000000000000e+01,1.940802999999999992e-06,0.000000000000000000e+00
1.536589672138968865e+02,2.078436847827861129e+02,4.000000000000000000e+01,2.013549000000000159e-06,0.000000000000000000e+00
1.540820844216608805e+02,2.078432616655783249e+02,4.000000000000000000e+01,2.024811999999999986e-06,0.000000000000000000e+00
1.544977441849450202e+02,2.078428460058150620e+02,4.000000000000000000e+01,1.986757999999999876e-06,0.000000000000000000e+00
1.549137210878295150e+02,2.078424300289121618e+02,4.000000000000000000e+01,1.992856000000000067e-06,0.000000000000000000e+00
1.553367994607794174e+02,2.078420069505392291e+02,4.000000000000000000e+01,1.999870000000000133e-06,0.000000000000000000e+00
1.557659978291553386e+02,2.078415777521708492e+02,4.000000000000000000e+01,2.045445999999999931e-06,0.000000000000000000e+00
1.561589008685326405e+02,2.078411848491314515e+02,4.000000000000000000e+01,2.009458999999999915e-06,0.000000000000000000e+00
1.565740291178201176e+02,2.078407697208821787e+02,4.000000000000000000e+01,1.979685999999999904e-06,0.000000000000000000e+00
1.569713740667170327e+02,2.078403723759332706e+02,4.000000000000000000e+01,2.094559000000000167e-06,0.000000000000000000e+00
1.574146140965648897e+02,2.078399291359034464e+02,4.000000000000000000e+01,2.108834000000000128e-06,0.000000000000000000e+00
1.578235245907401065e+02,2.078395202254092453e+02,4.000000000000000000e+01,1.970794999999999907e-06,0.000000000000000000e+00
1.582360804317332565e+02,2.078391076695682784e+02,4.000000000000000000e+01,2.046174000000000122e-06,0.000000000000000000e+00
1.586797056215442296e+02,2.078386640443784472e+02,4.000000000000000000e+01,2.092754999999999922e-06,0.000000000000000000e+00
1.590778030345904597e+02,2.078382659469654072e+02,4.000000000000000000e+01,2.024404000000000159e-06,0.000000000000000000e+00
1.594844758850163373e+02,2.078378592741149760e+02,4.000000000000000000e+01,1.919907000000000014e-06,0.000000000000000000e+00
1.599163944573076890e+02,2.078374273555427010e+02,4.000000000000000000e+01,1.974607999999999916e-06,0.000000000000000000e+00
1.603241866244496805e+02,2.078370195633755486e+02,4.000000000000000000e+01,1.924577999999999990e-06,0.000000000000000000e+00
1.607550159816092048e+02,2.078365887340183917e+02,4.000000000000000000e+01,1.955500999999999982e-06,0.000000000000000000e+00
1.611712400375327832e+02,2.078361725099624664e+02,4.000000000000000000e+01,1.910303000000000030e-06,0.000000000000000000e+00
1.615933488821322328e+02,2.078357504011178776e+02,4.000000000000000000e+01,1.976309999999999887e-06,0.000000000000000000e+00
1.620012952328061147e+02,2.078353424547671864e+02,4.000000000000000000e+01,2.360029999999999832e-06,0.000000000000000000e+00
1.624249880758605968e+02,2.078349187619241434e+02,4.000000000000000000e+01,2.122279999999999864e-06,0.000000000000000000e+00
1.628624602376005726e+02,2.078344812897624081e+02,4.000000000000000000e+01,2.086540999999999917e-06,0.000000000000000000e+00
1.632929765440784138e+02,2.078340507734559139e+02,4.000000000000000000e+01,1.960302999999999974e-06,0.000000000000000000e+00
1.636958164616522424e+02,2.078336479335383444e+02,4.000000000000000000e+01,1.944238000000000154e-06,0.000000000000000000e+00
1.641053434796299939e+02,2.078332384065203655e+02,4.000000000000000000e+01,1.983818999999999852e-06,0.000000000000000000e+00
1.645438465566449509e+02,2.078327999034433446e+02,4.000000000000000000e+01,1.965875999999999861e-06,0.000000000000000000e+00
1.649314905643003328e+02,2.078324122594356993e+02,4.000000000000000000e+01,1.876848000000000025e-06,0.000000000000000000e+00
1.653668129400033422e+02,2.078319769370600056e+02,4.000000000000000000e+01,2.027373000000000164e-06,0.000000000000000000e+00
1.658050629021728355e+02,2.078315386870978330e+02,4.000000000000000000e+01,1.919398000000000152e-06,0.000000000000000000e+00
1.661902426680025826e+02,2.078311535073320044e+02,4.000000000000000000e+01,1.869731999999999897e-06,0.000000000000000000e+00
1.666267587506361565e+02,2.078307169912493748e+02,4.000000000000000000e+01,1.966487999999999814e-06,0.000000000000000000e+00
1.670141076338961739e+02,2.078303296423661095e+02,4.000000000000000000e+01,1.870736000000000083e-06,0.000000000000000000e+00
1.674420630256343543e+02,2.078299016869743525e+02,4.000000000000000000e+01,1.999491000000000047e-06,0.000000000000000000e+00
1.678502394073431390e+02,2.078294935105926413e+02,4.000000000000000000e+01,1.953580000000000107e-06,0.000000000000000000e+00
1.682810231752076504e+02,2.078290627268247874e+02,4.000000000000000000e+01,1.941472999999999851e-06,0.000000000000000000e+00
1.687034371738012624e+02,2.078286403128261952e+02,4.000000000000000000e+01,1.975117000000000202e-06,0.000000000000000000e+00
1.690908938722930372e+02,2.078282528561277047e+02,4.000000000000000000e+01,2.048982000000000129e-06,0.000000000000000000e+00
1.695060033690460273e+02,2.078278377466309621e+02,4.000000000000000000e+01,2.045956000000000033e-06,0.000000000000000000e+00
1.699540464285884696e+02,2.078273897035714128e+02,4.000000000000000000e+01,2.052896999999999989e-06,0.000000000000000000e+00
1.703778583794460530e+02,2.078269658916205458e+02,4.000000000000000000e+01,1.995140000000000010e-06,0.000000000000000000e+00
1.708139179999602391e+02,2.078265298320000340e+02,4.000000000000000000e+01,2.041459000000000202e-06,0.000000000000000000e+00
1.712229321246819325e+02,2.078261208178753066e+02,4.000000000000000000e+01,2.107190000000000064e-06,0.000000000000000000e+00
1.716380342774140786e+02,2.078257057157225915e+02,4.000000000000000000e+01,2.060173000000000087e-06,0.000000000000000000e+00
1.720478042556358673e+02,2.078252959457443581e+02,4.000000000000000000e+01,2.131651999999999797e-06,0.000000000000000000e+00
1.724519019496877092e+02,2.078248918480502994e+02,4.000000000000000000e+01,2.151442000000000161e-06,0.000000000000000000e+00
1.728827810571880832e+02,2.078244609689428160e+02,4.000000000000000000e+01,2.270346000000000099e-06,0.000000000000000000e+00
1.733202025807867415e+02,2.078240235474192161e+02,4.000000000000000000e+01,2.271553999999999986e-06,0.000000000000000000e+00
1.737219272940513122e+02,2.078236218227059453e+02,4.000000000000000000e+01,2.240150999999999874e-06,0.000000000000000000e+00
1.741312363203011273e+02,2.078232125136796924e+02,4.000000000000000000e+01,2.194545000000000094e-06,0.000000000000000000e+00
1.745741732921250104e+02,2.078227695767078842e+02,4.000000000000000000e+01,2.133180000000000047e-06,0.000000000000000000e+00
1.749711815661577532e+02,2.078223725684338490e+02,4.000000000000000000e+01,2.133208999999999789e-06,0.000000000000000000e+00
1.753894851125265291e+02,2.078219542648874665e+02,4.000000000000000000e+01,2.022818000000000002e-06,0.000000000000000000e+00
1.758237319768602447e+02,2.078215200180231363e+02,4.000000000000000000e+01,2.067783000000000087e-06,0.000000000000000000e+00
1.762356898976329944e+02,2.078211080601023752e+02,4.000000000000000000e+01,2.101165999999999798e-06,0.000000000000000000e+00
1.766507927678320584e+02,2.078206929572321542e+02,4.000000000000000000e+01,2.277928000000000173e-06,0.000000000000000000e+00
1.770383950617859909e+02,2.078203053549381991e+02,4.000000000000000000e+01,2.189801000000000009e-06,0.000000000000000000e+00
1.774621985777237967e+02,2.078198815514222701e+02,4.000000000000000000e+01,2.087851000000000079e-06,0.000000000000000000e+00
1.778811362741839446e+02,2.078194626137258183e+02,4.000000000000000000e+01,2.194720000000000054e-06,0.000000000000000000e+00
1.783012573438584241e+02,2.078190424926561377e+02,4.000000000000000000e+01,2.237270000000000181e-06,0.000000000000000000e+00
1.787280515005168695e+02,2.078186156984994852e+02,4.000000000000000000e+01,2.073574999999999878e-06,0.000000000000000000e+00
1.791400126862570801e+02,2.078182037373137518e+02,4.000000000000000000e+01,2.125744000000000192e-06,0.000000000000000000e+00
1.795529804293893221e+02,2.078177907695706210e+02,4.000000000000000000e+01,2.241008999999999841e-06,0.000000000000000000e+00
1.799770241889403053e+02,2.078173667258110697e+02,4.000000000000000000e+01,2.351400000000000052e-06,0.000000000000000000e+00
1.803759671270784111e+02,2.078169677828729220e+02,4.000000000000000000e+01,2.115092000000000077e-06,0.000000000000000000e+00
1.808182581991672464e+02,2.078165254918008316e+02,4.000000000000000000e+01,1.943059000000000009e-06,0.000000000000000000e+00
1.812487474930951237e+02,2.078160950025068985e+02,4.000000000000000000e+01,1.903099000000000013e-06,0.000000000000000000e+00
1.816365165497389285e+02,2.078157072334502686e+02,4.000000000000000000e+01,1.901760999999999926e-06,0.000000000000000000e+00
1.820520971598812423e+02,2.078152916528401306e+02,4.000000000000000000e+01,1.894456000000000086e-06,0.000000000000000000e+00
1.824955260093036884e+02,2.078148482239907082e+02,4.000000000000000000e+01,1.936700000000000024e-06,0.000000000000000000e+00
1.829191898019084022e+02,2.078144245601980913e+02,4.000000000000000000e+01,1.901061999999999901e-06,0.000000000000000000e+00
1.833571191176075104e+02,2.078139866308823969e+02,4.000000000000000000e+01,1.933163999999999826e-06,0.000000000000000000e+00
1.837651123207911610e+02,2.078135786376791998e+02,4.000000000000000000e+01,1.889930000000000089e-06,0.000000000000000000e+00
1.841835409147582823e+02,2.078131602090852539e+02,4.000000000000000000e+01,1.942419000000000130e-06,0.000000000000000000e+00
1.845991489380020028e+02,2.078127446010620076e+02,4.000000000000000000e+01,1.917607999999999869e-06,0.000000000000000000e+00
1.849898133474345059e+02,2.078123539366525563e+02,4.000000000000000000e+01,2.012020999999999908e-06,0.000000000000000000e+00
1.854365929668400383e+02,2.078119071570331471e+02,4.000000000000000000e+01,1.895154000000000084e-06,0.000000000000000000e+00
1.858278478494036108e+02,2.078115159021506031e+02,4.000000000000000000e+01,1.960449000000000193e-06,0.000000000000000000e+00
1.862594796297709934e+02,2.078110842703702303e+02,4.000000000000000000e+01,2.193191999999999804e-06,0.000000000000000000e+00
1.866667195149096869e+02,2.078106770304850954e+02,4.000000000000000000e+01,2.098372000000000177e-06,0.000000000000000000e+00
1.870819590390991891e+02,2.078102617909609080e+02,4.000000000000000000e+01,1.912092999999999889e-06,0.000000000000000000e+00
1.875053107575310491e+02,2.078098384392424691e+02,4.000000000000000000e+01,1.807522000000000031e-06,0.000000000000000000e+00
1.879052636954125717e+02,2.078094384863045718e+02,4.000000000000000000e+01,1.921289000000000046e-06,0.000000000000000000e+00
1.883449176643678129e+02,2.078089988323356181e+02,4.000000000000000000e+01,2.005588999999999815e-06,0.000000000000000000e+00
1.887530679908915943e+02,2.078085906820091111e+02,4.000000000000000000e+01,2.134606000000000023e-06,0.000000000000000000e+00
1.891693807367668114e+02,2.078081743692632415e+02,4.000000000000000000e+01,2.071159999999999919e-06,0.000000000000000000e+00
1.895848449261272037e+02,2.078077589050738823e+02,4.000000000000000000e+01,1.978609000000000032e-06,0.000000000000000000e+00
1.899794143721373985e+02,2.078073643356278524e+02,4.000000000000000000e+01,1.943029999999999843e-06,0.000000000000000000e+00
1.904238374402598311e+02,2.078069199125597493e+02,4.000000000000000000e+01,1.967215000000000189e-06,0.000000000000000000e+00
1.908479140326820982e+02,2.078064958359673255e+02,4.000000000000000000e+01,1.949797000000000079e-06,0.000000000000000000e+00
1.912924603775155958e+02,2.078060512896224736e+02,4.000000000000000000e+01,2.029147999999999821e-06,0.000000000000000000e+00
1.916954438409312900e+02,2.078056483061590711e+02,4.000000000000000000e+01,2.091779999999999902e-06,0.000000000000000000e+00
1.921046515176929006e+02,2.078052390984823035e+02,4.000000000000000000e+01,1.934676999999999874e-06,0.000000000000000000e+00
1.925202607654792359e+02,2.078048234892345079e+02,4.000000000000000000e+01,1.831852999999999959e-06,0.000000000000000000e+00
1.929671977571983916e+02,2.078043765522427861e+02,4.000000000000000000e+01,1.910579000000000025e-06,0.000000000000000000e+00
1.933554452815163529e+02,2.078039883047184730e+02,4.000000000000000000e+01,2.016705999999999847e-06,0.000000000000000000e+00
1.937898020120709077e+02,2.078035539479879219e+02,4.000000000000000000e+01,1.907683000000000129e-06,0.000000000000000000e+00
1.942138700701829919e+02,2.078031298799298270e+02,4.000000000000000000e+01,1.828214999999999910e-06,0.000000000000000000e+00
1.946253097830405636e+02,2.078027184402169496e+02,4.000000000000000000e+01,1.971304000000000193e-06,0.000000000000000000e+00
1.950409228747581096e+02,2.078023028271252315e+02,4.000000000000000000e+01,2.015950000000000155e-06,0.000000000000000000e+00
1.954644987828500859e+02,2.078018792512171444e+02,4.000000000000000000e+01,1.998444000000000157e-06,0.000000000000000000e+00
1.958728076863289118e+02,2.078014709423136708e+02,4.000000000000000000e+01,2.000132000000000165e-06,0.000000000000000000e+00
1.963037760395567091e+02,2.078010399739604281e+02,4.000000000000000000e+01,1.995110999999999845e-06,0.000000000000000000e+00
1.967084013054058005e+02,2.078006353486945841e+02,4.000000000000000000e+01,1.985462999999999916e-06,0.000000000000000000e+00
1.971191856509753961e+02,2.078002245643490369e+02,4.000000000000000000e+01,2.078813999999999863e-06,0.000000000000000000e+00
1.975312817103461214e+02,2.077998124682896446e+02,4.000000000000000000e+01,2.299813999999999950e-06,0.000000000000000000e+00
1.979363628392357555e+02,2.077994073871607554e+02,4.000000000000000000e+01,2.225817000000000190e-06,0.000000000000000000e+00
1.983672830486434862e+02,2.077989764669513590e+02,4.000000000000000000e+01,2.230196999999999969e-06,0.000000000000000000e+00
1.987939627866884109e+02,2.077985497872133180e+02,4.000000000000000000e+01,2.022119999999999793e-06,0.000000000000000000e+00
1.991959472547511893e+02,2.077981478027452340e+02,4.000000000000000000e+01,2.042405000000000057e-06,0.000000000000000000e+00
1.996391833316192503e+02,2.077977045666683864e+02,4.000000000000000000e+01,2.032261999999999805e-06,0.000000000000000000e+00
2.000239318987571551e+02,2.077973198181012435e+02,4.000000000000000000e+01,1.956402999999999893e-06,0.000000000000000000e+00
2.004476200274808946e+02,2.077968961299725095e+02,4.000000000000000000e+01,2.063287000000000071e-06,0.000000000000000000e+00
2.008832891230291864e+02,2.077964604608769719e+02,4.000000000000000000e+01,2.053449999999999796e-06,0.000000000000000000e+00
2.012704851039385687e+02,2.077960732648960516e+02,4.000000000000000000e+01,2.073574999999999878e-06,0.000000000000000000e+00
2.017157481276505564e+02,2.077956280018723589e+02,4.000000000000000000e+01,2.038344999999999794e-06,0.000000000000000000e+00
2.021312947904683881e+02,2.077952124552095370e+02,4.000000000000000000e+01,2.019557999999999799e-06,0.000000000000000000e+00
2.025470091238635462e+02,2.077947967408761372e+02,4.000000000000000000e+01,2.065672999999999865e-06,0.000000000000000000e+00
2.029908514527541286e+02,2.077943528985472312e+02,4.000000000000000000e+01,2.072760000000000040e-06,0.000000000000000000e+00
2.034224024428540361e+02,2.077939213475571307e+02,4.000000000000000000e+01,2.017360999999999928e-06,0.000000000000000000e+00
2.038137118148810885e+02,2.077935300381851107e+02,4.000000000000000000e+01,2.341359999999999890e-06,0.000000000000000000e+00
2.042615222006029114e+02,2.077930822277994025e+02,4.000000000000000000e+01,2.153508999999999832e-06,0.000000000000000000e+00
2.046614167234905608e+02,2.077926823332765025e+02,4.000000000000000000e+01,2.020432000000000208e-06,0.000000000000000000e+00
2.050669335171097600e+02,2.077922768164828824e+02,4.000000000000000000e+01,2.063025000000000039e-06,0.000000000000000000e+00
2.054852747269256668e+02,2.077918584752730737e+02,4.000000000000000000e+01,1.956722999999999832e-06,0.000000000000000000e+00
2.058932221302509049e+02,2.077914505278697561e+02,4.000000000000000000e+01,2.063213999999999962e-06,0.000000000000000000e+00
2.063310855076335883e+02,2.077910126644923707e+02,4.000000000000000000e+01,2.331681999999999981e-06,0.000000000000000000e+00
2.067318399194985545e+02,2.077906119100804858e+02,4.000000000000000000e+01,2.307292999999999933e-06,0.000000000000000000e+00
2.071429693234023546e+02,2.077902007806765994e+02,4.000000000000000000e+01,2.186730999999999969e-06,0.000000000000000000e+00
2.075702623660652932e+02,2.077897734876339371e+02,4.000000000000000000e+01,2.258311999999999953e-06,0.000000000000000000e+00
2.079760267578902528e+02,2.077893677232420941e+02,4.000000000000000000e+01,2.247194000000000105e-06,0.000000000000000000e+00
2.084000447873279711e+02,2.077889437052126596e+02,4.000000000000000000e+01,2.371176000000000030e-06,0.000000000000000000e+00
2.087988859538168072e+02,2.077885448640461732e+02,4.000000000000000000e+01,2.289641999999999956e-06,0.000000000000000000e+00
2.092471939239271705e+02,2.077880965560760842e+02,4.000000000000000000e+01,2.331566000000000167e-06,0.000000000000000000e+00
2.096625813584965670e+02,2.077876811686415124e+02,4.000000000000000000e+01,2.578920000000000120e-06,0.000000000000000000e+00
2.100702598573440127e+02,2.077872734901426668e+02,4.000000000000000000e+01,2.534638000000000041e-06,0.000000000000000000e+00
2.104722749868794835e+02,2.077868714750131289e+02,4.000000000000000000e+01,2.471279000000000010e-06,0.000000000000000000e+00
2.109184960309167991e+02,2.077864252539690710e+02,4.000000000000000000e+01,2.425672999999999806e-06,0.000000000000000000e+00
2.113425853481559216e+02,2.077860011646518501e+02,4.000000000000000000e+01,2.489599999999999847e-06,0.000000000000000000e+00
2.117423695951074762e+02,2.077856013804048985e+02,4.000000000000000000e+01,2.472981999999999797e-06,0.000000000000000000e+00
2.121834997013279462e+02,2.077851602502986736e+02,4.000000000000000000e+01,2.626286000000000201e-06,0.000000000000000000e+00
2.125987905014445971e+02,2.077847449594985676e+02,4.000000000000000000e+01,2.659537000000000080e-06,0.000000000000000000e+00
2.130129292450678804e+02,2.077843308207549171e+02,4.000000000000000000e+01,2.651534000000000031e-06,0.000000000000000000e+00
2.134197697771030846e+02,2.077839239802229088e+02,4.000000000000000000e+01,2.484376000000000064e-06,0.000000000000000000e+00
2.138506954082106404e+02,2.077834930545917871e+02,4.000000000000000000e+01,2.508823000000000018e-06,0.000000000000000000e+00
2.142844080036260834e+02,2.077830593419963634e+02,4.000000000000000000e+01,2.524277000000000125e-06,0.000000000000000000e+00
2.146893413594152662e+02,2.077826544086405818e+02,4.000000000000000000e+01,2.637737999999999952e-06,0.000000000000000000e+00
2.151068871868126280e+02,2.077822368628131926e+02,4.000000000000000000e+01,2.385043999999999979e-06,0.000000000000000000e+00
2.155276862655765342e+02,2.077818160637344249e+02,4.000000000000000000e+01,2.535234999999999792e-06,0.000000000000000000e+00
2.159293515980724862e+02,2.077814143984019211e+02,4.000000000000000000e+01,2.475223000000000035e-06,0.000000000000000000e+00
2.163665141388389088e+02,2.077809772358611724e+02,4.000000000000000000e+01,2.586065000000000201e-06,0.000000000000000000e+00
2.167521326386602993e+02,2.077805916173613241e+02,4.000000000000000000e+01,2.867819000000000198e-06,0.000000000000000000e+00
2.171954403651399730e+02,2.077801483096348534e+02,4.000000000000000000e+01,2.804299999999999985e-06,0.000000000000000000e+00
2.176000150335416663e+02,2.077797437349664449e+02,4.000000000000000000e+01,2.717963000000000103e-06,0.000000000000000000e+00
2.179990273171408717e+02,2.077793447226828505e+02,4.000000000000000000e+01,2.547312999999999882e-06,0.000000000000000000e+00
2.184480987351797694e+02,2.077788956512648042e+02,4.000000000000000000e+01,2.769752999999999907e-06,0.000000000000000000e+00
2.188384691562534101e+02,2.077785052808437456e+02,4.000000000000000000e+01,2.857006999999999902e-06,0.000000000000000000e+00
2.192708835561068952e+02,2.077780728664438925e+02,4.000000000000000000e+01,2.803018999999999988e-06,0.000000000000000000e+00
2.196771590082845194e+02,2.077776665909917142e+02,4.000000000000000000e+01,2.615954000000000026e-06,0.000000000000000000e+00
2.200939445311195186e+02,2.077772498054688697e+02,4.000000000000000000e+01,2.547822000000000168e-06,0.000000000000000000e+00
2.205198467523324837e+02,2.077768239032476743e+02,4.000000000000000000e+01,2.525091999999999964e-06,0.000000000000000000e+00
2.209305409789475902e+02,2.077764132090210580e+02,4.000000000000000000e+01,2.314859999999999805e-06,0.000000000000000000e+00
2.213405418010925985e+02,2.077760032081989152e+02,4.000000000000000000e+01,2.444780000000000164e-06,0.000000000000000000e+00
2.217858456008674750e+02,2.077755579043991361e+02,4.000000000000000000e+01,2.319939000000000032e-06,0.000000000000000000e+00
2.222094203357807203e+02,2.077751343296642119e+02,4.000000000000000000e+01,2.306812999999999813e-06,0.000000000000000000e+00
2.226123457460340376e+02,2.077747314042539699e+02,4.000000000000000000e+01,2.362692999999999860e-06,0.000000000000000000e+00
2.230125079863227882e+02,2.077743312420136874e+02,4.000000000000000000e+01,2.464425000000000126e-06,0.000000000000000000e+00
2.234598255256088919e+02,2.077738839244743758e+02,4.000000000000000000e+01,2.779823000000000049e-06,0.000000000000000000e+00
2.238837653209923531e+02,2.077734599846789934e+02,4.000000000000000000e+01,2.591026999999999951e-06,0.000000000000000000e+00
2.243253025630882860e+02,2.077730184474368968e+02,4.000000000000000000e+01,2.676489999999999848e-06,0.000000000000000000e+00
2.247314793845272902e+02,2.077726122706154683e+02,4.000000000000000000e+01,2.483254999999999825e-06,0.000000000000000000e+00
2.251447189104884785e+02,2.077721990310895137e+02,4.000000000000000000e+01,2.606014999999999900e-06,0.000000000000000000e+00
2.255542587397600016e+02,2.077717894912602503e+02,4.000000000000000000e+01,2.552275000000000056e-06,0.000000000000000000e+00
2.259577330529602932e+02,2.077713860169470479e+02,4.000000000000000000e+01,2.796209000000000048e-06,0.000000000000000000e+00
2.263887930322692910e+02,2.077709549569677279e+02,4.000000000000000000e+01,2.712476999999999864e-06,0.000000000000000000e+00
2.267968975250157087e+02,2.077705468524749790e+02,4.000000000000000000e+01,2.776897999999999988e-06,0.000000000000000000e+00
2.272225057250244902e+02,2.077701212442749750e+02,4.000000000000000000e+01,2.840330000000000129e-06,0.000000000000000000e+00
2.276356087560721164e+02,2.077697081412439388e+02,4.000000000000000000e+01,2.735862000000000150e-06,0.000000000000000000e+00
2.280254610332122809e+02,2.077693182889667867e+02,4.000000000000000000e+01,2.448824999999999801e-06,0.000000000000000000e+00
2.284715529946564914e+02,2.077688721970053507e+02,4.000000000000000000e+01,2.277883999999999806e-06,0.000000000000000000e+00
2.288701945340299062e+02,2.077684735554659596e+02,4.000000000000000000e+01,2.422399000000000064e-06,0.000000000000000000e+00
2.293126935153867976e+02,2.077680310564846025e+02,4.000000000000000000e+01,2.527361999999999944e-06,0.000000000000000000e+00
2.296980683587786132e+02,2.077676456816412269e+02,4.000000000000000000e+01,2.482251000000000063e-06,0.000000000000000000e+00
2.301298002493770980e+02,2.077672139497506123e+02,4.000000000000000000e+01,2.262531999999999974e-06,0.000000000000000000e+00
2.305453232123412874e+02,2.077667984267876591e+02,4.000000000000000000e+01,2.298111000000000163e-06,0.000000000000000000e+00
2.309680763014465299e+02,2.077663756736985476e+02,4.000000000000000000e+01,2.431755999999999795e-06,0.000000000000000000e+00
2.314136943438140861e+02,2.077659300556561845e+02,4.000000000000000000e+01,2.243236000000000116e-06,0.000000000000000000e+00
2.318126888213936354e+02,2.077655310611785922e+02,4.000000000000000000e+01,2.157088999999999974e-06,0.000000000000000000e+00
2.322365817791454958e+02,2.077651071682208510e+02,4.000000000000000000e+01,2.339423999999999813e-06,0.000000000000000000e+00
2.326784724985288904e+02,2.077646652775014786e+02,4.000000000000000000e+01,2.392524000000000202e-06,0.000000000000000000e+00
2.330768796599509471e+02,2.077642668703400375e+02,4.000000000000000000e+01,2.329398000000000038e-06,0.000000000000000000e+00
2.334833545465648967e+02,2.077638603954534346e+02,4.000000000000000000e+01,2.426343000000000090e-06,0.000000000000000000e+00
2.339158612933139523e+02,2.077634278887066728e+02,4.000000000000000000e+01,2.591376000000000056e-06,0.000000000000000000e+00
2.343387437964295543e+02,2.077630050062035707e+02,4.000000000000000000e+01,2.638917000000000098e-06,0.000000000000000000e+00
2.347547119068335064e+02,2.077625890380931537e+02,4.000000000000000000e+01,2.643792000000000199e-06,0.000000000000000000e+00
2.351708896889760467e+02,2.077621728603110114e+02,4.000000000000000000e+01,2.647560999999999841e-06,0.000000000000000000e+00
2.355584626395250041e+02,2.077617852873604818e+02,4.000000000000000000e+01,2.275424999999999903e-06,0.000000000000000000e+00
2.360013456395220430e+02,2.077613424043604766e+02,4.000000000000000000e+01,2.364700999999999808e-06,0.000000000000000000e+00
2.363866595213185633e+02,2.077609570904786835e+02,4.000000000000000000e+01,2.637811000000000061e-06,0.000000000000000000e+00
2.368238945118320373e+02,2.077605198554881554e+02,4.000000000000000000e+01,2.626314999999999943e-06,0.000000000000000000e+00
2.372689239429855093e+02,2.077600748260570072e+02,4.000000000000000000e+01,2.486209000000000051e-06,0.000000000000000000e+00
2.376466256011832456e+02,2.077596971243988264e+02,4.000000000000000000e+01,2.528730000000000012e-06,0.000000000000000000e+00
2.380783520852417325e+02,2.077592653979147599e+02,4.000000000000000000e+01,2.628715999999999939e-06,0.000000000000000000e+00
2.384950505914857217e+02,2.077588486994085031e+02,4.000000000000000000e+01,2.460380000000000065e-06,0.000000000000000000e+00
2.388931287776902934e+02,2.077584506212222948e+02,4.000000000000000000e+01,2.579792999999999866e-06,0.000000000000000000e+00
2.393335810287994718e+02,2.077580101689711967e+02,4.000000000000000000e+01,2.509347000000000083e-06,0.000000000000000000e+00
2.397631951831103549e+02,2.077575805548168830e+02,4.000000000000000000e+01,2.339452999999999978e-06,0.000000000000000000e+00
2.401554420118744986e+02,2.077571883079881161e+02,4.000000000000000000e+01,2.599554000000000065e-06,0.000000000000000000e+00
2.405709103214144022e+02,2.077567728396785753e+02,4.000000000000000000e+01,2.568631000000000073e-06,0.000000000000000000e+00
2.409689888937041076e+02,2.077563747611062865e+02,4.000000000000000000e+01,2.632935999999999960e-06,0.000000000000000000e+00
2.414118513179389254e+02,2.077559318986820642e+02,4.000000000000000000e+01,2.582499000000000022e-06,0.000000000000000000e+00
2.418504021433497257e+02,2.077554933478566568e+02,4.000000000000000000e+01,2.442292000000000096e-06,0.000000000000000000e+00
2.422465721440795221e+02,2.077550971778559301e+02,4.000000000000000000e+01,2.291883000000000195e-06,0.000000000000000000e+00
2.426615582827002982e+02,2.077546821917173077e+02,4.000000000000000000e+01,2.528424000000000036e-06,0.000000000000000000e+00
2.431044454631043550e+02,2.077542393045368954e+02,4.000000000000000000e+01,2.629720000000000125e-06,0.000000000000000000e+00
2.435200169694913086e+02,2.077538237330305151e+02,4.000000000000000000e+01,2.415835999999999955e-06,0.000000000000000000e+00
2.439469164882999905e+02,2.077533968335116867e+02,4.000000000000000000e+01,2.401241000000000055e-06,0.000000000000000000e+00
2.443548187304548094e+02,2.077529889312695559e+02,4.000000000000000000e+01,2.545479000000000079e-06,0.000000000000000000e+00
2.447891178351144958e+02,2.077525546321648733e+02,4.000000000000000000e+01,2.714849000000000119e-06,0.000000000000000000e+00
2.452130307764975612e+02,2.077521307192234872e+02,4.000000000000000000e+01,2.735542000000000210e-06,0.000000000000000000e+00
2.455966920327616663e+02,2.077517470579672363e+02,4.000000000000000000e+01,3.142718999999999886e-06,0.000000000000000000e+00
2.460357711774809104e+02,2.077513079788225241e+02,4.000000000000000000e+01,2.795931999999999813e-06,0.000000000000000000e+00
2.464245900880663669e+02,2.077509191599119447e+02,4.000000000000000000e+01,2.641419999999999945e-06,0.000000000000000000e+00
2.468582512140079928e+02,2.077504854987859915e+02,4.000000000000000000e+01,2.504632000000000163e-06,0.000000000000000000e+00
2.472567431851144875e+02,2.077500870068148799e+02,4.000000000000000000e+01,2.429630999999999795e-06,0.000000000000000000e+00
2.476804845593778452e+02,2.077496632654406312e+02,4.000000000000000000e+01,2.338726000000000027e-06,0.000000000000000000e+00
2.481160883441567648e+02,2.077492276616558513e+02,4.000000000000000000e+01,2.665387000000000202e-06,0.000000000000000000e+00
2.485284669631184897e+02,2.077488152830368904e+02,4.000000000000000000e+01,2.488085999999999983e-06,0.000000000000000000e+00
2.489338275416377257e+02,2.077484099224583645e+02,4.000000000000000000e+01,2.307860999999999942e-06,0.000000000000000000e+00
2.493642741922751895e+02,2.077479794758077105e+02,4.000000000000000000e+01,2.399392999999999865e-06,0.000000000000000000e+00
2.497722169750596493e+02,2.077475715330249386e+02,4.000000000000000000e+01,2.247150000000000161e-06,0.000000000000000000e+00
2.501924298820473211e+02,2.077471513201179505e+02,4.000000000000000000e+01,2.278101999999999894e-06,0.000000000000000000e+00
2.506216797595362777e+02,2.077467220702404518e+02,4.000000000000000000e+01,2.611632000000000155e-06,0.000000000000000000e+00
2.510415197137404846e+02,2.077463022302862612e+02,4.000000000000000000e+01,2.373112000000000107e-06,0.000000000000000000e+00
2.514446592294663674e+02,2.077458990907705356e+02,4.000000000000000000e+01,2.419474000000000003e-06,0.000000000000000000e+00
2.518805960407720477e+02,2.077454631539592356e+02,4.000000000000000000e+01,2.416433000000000129e-06,0.000000000000000000e+00
2.523112646037735942e+02,2.077450324853962229e+02,4.000000000000000000e+01,2.378903000000000083e-06,0.000000000000000000e+00
2.527404318943992507e+02,2.077446033181055896e+02,4.000000000000000000e+01,2.508707000000000204e-06,0.000000000000000000e+00
2.531501193103597984e+02,2.077441936306896366e+02,4.000000000000000000e+01,2.374202999999999942e-06,0.000000000000000000e+00
2.535429080817451677e+02,2.077438008419182438e+02,4.000000000000000000e+01,2.177970999999999988e-06,0.000000000000000000e+00
2.539878609260717042e+02,2.077433558890739391e+02,4.000000000000000000e+01,2.174624000000000137e-06,0.000000000000000000e+00
2.543863590219232265e+02,2.077429573909780629e+02,4.000000000000000000e+01,2.149200999999999923e-06,0.000000000000000000e+00
2.548103460731410337e+02,2.077425334039268705e+02,4.000000000000000000e+01,2.118933000000000012e-06,0.000000000000000000e+00
2.552130350727591974e+02,2.077421307149272423e+02,4.000000000000000000e+01,1.898428000000000037e-06,0.000000000000000000e+00
2.556333283263358283e+02,2.077417104216736732e+02,4.000000000000000000e+01,2.042317999999999984e-06,0.000000000000000000e+00
2.560516539822164077e+02,2.077412920960177871e+02,4.000000000000000000e+01,2.427769000000000065e-06,0.000000000000000000e+00
2.564555665106514653e+02,2.077408881834893464e+02,4.000000000000000000e+01,2.374566999999999825e-06,0.000000000000000000e+00
2.568902784524635763e+02,2.077404534715475393e+02,4.000000000000000000e+01,2.418222999999999988e-06,0.000000000000000000e+00
2.573152472655706333e+02,2.077400285027344182e+02,4.000000000000000000e+01,2.291170000000000207e-06,0.000000000000000000e+00
2.577244880494076256e+02,2.077396192619505939e+02,4.000000000000000000e+01,2.616303000000000131e-06,0.000000000000000000e+00
2.581397539779474641e+02,2.077392039960220416e+02,4.000000000000000000e+01,2.813423999999999848e-06,0.000000000000000000e+00
2.585495292347328586e+02,2.077387942207652713e+02,4.000000000000000000e+01,2.686283999999999995e-06,0.000000000000000000e+00
2.589529698544815801e+02,2.077383907801455223e+02,4.000000000000000000e+01,2.758373999999999842e-06,0.000000000000000000e+00
2.593972543753429250e+02,2.077379464956246693e+02,4.000000000000000000e+01,2.733882999999999944e-06,0.000000000000000000e+00
2.597957465073117191e+02,2.077375480034926909e+02,4.000000000000000000e+01,2.713306000000000090e-06,0.000000000000000000e+00
2.602194841431297618e+02,2.077371242658568633e+02,4.000000000000000000e+01,2.529530000000000073e-06,0.000000000000000000e+00
2.606591473671376207e+02,2.077366846026328631e+02,4.000000000000000000e+01,2.524029999999999871e-06,0.000000000000000000e+00
2.610469164237813970e+02,2.077362968335762048e+02,4.000000000000000000e+01,2.839019999999999967e-06,0.000000000000000000e+00
2.614688293199167219e+02,2.077358749206800894e+02,4.000000000000000000e+01,2.734887000000000129e-06,0.000000000000000000e+00
2.618997315347747872e+02,2.077354440184652162e+02,4.000000000000000000e+01,2.351239999999999870e-06,0.000000000000000000e+00
2.623079079158533773e+02,2.077350358420841587e+02,4.000000000000000000e+01,2.290150999999999819e-06,0.000000000000000000e+00
2.627363293450313790e+02,2.077346074206549531e+02,4.000000000000000000e+01,2.553613999999999959e-06,0.000000000000000000e+00
2.631515923513663893e+02,2.077341921576486357e+02,4.000000000000000000e+01,2.522166999999999903e-06,0.000000000000000000e+00
2.635949184361332982e+02,2.077337488315638723e+02,4.000000000000000000e+01,2.474800999999999821e-06,0.000000000000000000e+00
2.640083302309644182e+02,2.077333354197690198e+02,4.000000000000000000e+01,2.558008000000000124e-06,0.000000000000000000e+00
2.644081556926453231e+02,2.077329355943073494e+02,4.000000000000000000e+01,2.303539000000000071e-06,0.000000000000000000e+00
2.648469621825121294e+02,2.077324967878174959e+02,4.000000000000000000e+01,2.308458000000000116e-06,0.000000000000000000e+00
2.652755349255511419e+02,2.077320682150744346e+02,4.000000000000000000e+01,2.346524999999999950e-06,0.000000000000000000e+00
2.656715379118403462e+02,2.077316722120881707e+02,4.000000000000000000e+01,2.370157999999999881e-06,0.000000000000000000e+00
2.660783767265440360e+02,2.077312653732734589e+02,4.000000000000000000e+01,2.402404999999999998e-06,0.000000000000000000e+00
2.664791991377328486e+02,2.077308645508622647e+02,4.000000000000000000e+01,2.472035999999999942e-06,0.000000000000000000e+00
2.669256123266299028e+02,2.077304181376733823e+02,4.000000000000000000e+01,2.261890999999999856e-06,0.000000000000000000e+00
2.673246029656488645e+02,2.077300191470343407e+02,4.000000000000000000e+01,2.196291000000000009e-06,0.000000000000000000e+00
2.677485917965600493e+02,2.077295951582034377e+02,4.000000000000000000e+01,2.155909999999999828e-06,0.000000000000000000e+00
2.681568949430721318e+02,2.077291868550569234e+02,4.000000000000000000e+01,2.123065999999999961e-06,0.000000000000000000e+00
2.685789770309311280e+02,2.077287647729690718e+02,4.000000000000000000e+01,2.206536000000000112e-06,0.000000000000000000e+00
2.689950632418130567e+02,2.077283486867581814e+02,4.000000000000000000e+01,2.151383999999999831e-06,0.000000000000000000e+00
2.694032384741167903e+02,2.077279405115258726e+02,4.000000000000000000e+01,2.104904999999999882e-06,0.000000000000000000e+00
2.698339085406952904e+02,2.077275098414592946e+02,4.000000000000000000e+01,2.311528000000000156e-06,0.000000000000000000e+00
2.702662926100336449e+02,2.077270774573899530e+02,4.000000000000000000e+01,2.253553000000000089e-06,0.000000000000000000e+00
2.706905357685059244e+02,2.077266532142315043e+02,4.000000000000000000e+01,2.126471000000000142e-06,0.000000000000000000e+00
2.710716975131868480e+02,2.077262720524868200e+02,4.000000000000000000e+01,2.160333999999999974e-06,0.000000000000000000e+00
2.715150235979537001e+02,2.077258287264020566e+02,4.000000000000000000e+01,2.316112000000000060e-06,0.000000000000000000e+00
2.719427358813323963e+02,2.077254010141186598e+02,4.000000000000000000e+01,2.265544000000000107e-06,0.000000000000000000e+00
2.723734101277352693e+02,2.077249703398722716e+02,4.000000000000000000e+01,2.254760999999999976e-06,0.000000000000000000e+00
2.727813585304706407e+02,2.077245623914695329e+02,4.000000000000000000e+01,2.448824999999999801e-06,0.000000000000000000e+00
2.732033193787107734e+02,2.077241404306212758e+02,4.000000000000000000e+01,2.247587000000000153e-06,0.000000000000000000e+00
2.736188657120894732e+02,2.077237248842879183e+02,4.000000000000000000e+01,2.153508999999999832e-06,0.000000000000000000e+00
2.740063566624257874e+02,2.077233373933375731e+02,4.000000000000000000e+01,2.332512000000000022e-06,0.000000000000000000e+00
2.744544635144806648e+02,2.077228892864855254e+02,4.000000000000000000e+01,2.524567999999999899e-06,0.000000000000000000e+00
2.748778789073992925e+02,2.077224658710925951e+02,4.000000000000000000e+01,2.478424000000000091e-06,0.000000000000000000e+00
2.752771998912187996e+02,2.077220665501087922e+02,4.000000000000000000e+01,2.461136000000000182e-06,0.000000000000000000e+00
2.757229453094066116e+02,2.077216208046905876e+02,4.000000000000000000e+01,2.479514999999999925e-06,0.000000000000000000e+00
2.761110327585018354e+02,2.077212327172414916e+02,4.000000000000000000e+01,2.476809000000000192e-06,0.000000000000000000e+00
2.765265803292072064e+02,2.077208171696707950e+02,4.000000000000000000e+01,2.400091000000000074e-06,0.000000000000000000e+00
2.769357624650617140e+02,2.077204079875349407e+02,4.000000000000000000e+01,2.366795999999999828e-06,0.000000000000000000e+00
2.773610528559345880e+02,2.077199826971440757e+02,4.000000000000000000e+01,2.154979000000000175e-06,0.000000000000000000e+00
2.777882501526717647e+02,2.077195554998473312e+02,4.000000000000000000e+01,2.354951000000000028e-06,0.000000000000000000e+00
2.781884860476581594e+02,2.077191552639523309e+02,4.000000000000000000e+01,2.299494000000000010e-06,0.000000000000000000e+00
2.786037556805470672e+02,2.077187399943194634e+02,4.000000000000000000e+01,2.217872000000000049e-06,0.000000000000000000e+00
0.000000000000000000e+00,2.079973437499999989e+02,4.500000000000000000e+01,2.316976000000000024e-05,0.000000000000000000e+00
2.836177035230503241e-01,2.079970601322964683e+02,4.500000000000000000e+01,-9.844080000000000624e-07,0.000000000000000000e+00
3.720204168212630780e-01,2.079969717295831799e+02,4.500000000000000000e+01,-3.415335000000000056e-08,0.000000000000000000e+00
4.603624705930063898e-01,2.079968833875294081e+02,4.500000000000000000e+01,1.731241000000000011e-07,0.000000000000000000e+00
6.062236911905097836e-01,2.079967375263088059e+02,4.500000000000000000e+01,4.429894000000000188e-07,0.000000000000000000e+00
8.036475772570910170e-01,2.079965401024227276e+02,4.500000000000000000e+01,6.370973999999999990e-07,0.000000000000000000e+00
1.020613481017811797e+00,2.079963231365189813e+02,4.500000000000000000e+01,1.063686999999999935e-06,0.000000000000000000e+00
1.303295457081967923e+00,2.079960404545429071e+02,4.500000000000000000e+01,1.278342000000000000e-06,0.000000000000000000e+00
1.607131514923563431e+00,2.079957366184850684e+02,4.500000000000000000e+01,1.278066000000000004e-06,0.000000000000000000e+00
1.960536834463153300e+00,2.079953832131655247e+02,4.500000000000000000e+01,1.274689999999999988e-06,0.000000000000000000e+00
2.351226196655454181e+00,2.079949925238033472e+02,4.500000000000000000e+01,1.274572999999999935e-06,0.000000000000000000e+00
2.795547392821669419e+00,2.079945482026071772e+02,4.500000000000000000e+01,1.289561999999999911e-06,0.000000000000000000e+00
3.221016759434887522e+00,2.079941227332405731e+02,4.500000000000000000e+01,1.323801999999999985e-06,0.000000000000000000e+00
3.636568821098947968e+00,2.079937071811789053e+02,4.500000000000000000e+01,1.355205000000000097e-06,0.000000000000000000e+00
4.046436713435114463e+00,2.079932973132865754e+02,4.500000000000000000e+01,1.465726999999999900e-06,0.000000000000000000e+00
4.450242549465420971e+00,2.079928935074505318e+02,4.500000000000000000e+01,1.484323999999999944e-06,0.000000000000000000e+00
4.880856639049250489e+00,2.079924628933609370e+02,4.500000000000000000e+01,1.486638000000000080e-06,0.000000000000000000e+00
5.289094589174184513e+00,2.079920546554108114e+02,4.500000000000000000e+01,1.509383000000000063e-06,0.000000000000000000e+00
5.713671908606568373e+00,2.079916300780913900e+02,4.500000000000000000e+01,1.367559999999999998e-06,0.000000000000000000e+00
6.128471350471688339e+00,2.079912152786495199e+02,4.500000000000000000e+01,1.213178999999999934e-06,0.000000000000000000e+00
6.517200380576760210e+00,2.079908265496194133e+02,4.500000000000000000e+01,1.284002999999999987e-06,0.000000000000000000e+00
6.964415829308904904e+00,2.079903793341706830e+02,4.500000000000000000e+01,1.307271000000000007e-06,0.000000000000000000e+00
7.364975252989822252e+00,2.079899787747470157e+02,4.500000000000000000e+01,1.306675000000000072e-06,0.000000000000000000e+00
7.786595713459611545e+00,2.079895571542865298e+02,4.500000000000000000e+01,1.333334000000000099e-06,0.000000000000000000e+00
8.210473750614278643e+00,2.079891332762493903e+02,4.500000000000000000e+01,1.328924999999999944e-06,0.000000000000000000e+00
8.622244523207044153e+00,2.079887215054768035e+02,4.500000000000000000e+01,1.342836000000000021e-06,0.000000000000000000e+00
9.009466872722452280e+00,2.079883342831272728e+02,4.500000000000000000e+01,1.399705000000000052e-06,0.000000000000000000e+00
9.457146063598843355e+00,2.079878866039364027e+02,4.500000000000000000e+01,1.415449999999999933e-06,0.000000000000000000e+00
9.879881685567436733e+00,2.079874638683144212e+02,4.500000000000000000e+01,1.717125999999999914e-06,0.000000000000000000e+00
1.027914541090700951e+01,2.079870646045890794e+02,4.500000000000000000e+01,1.724635000000000090e-06,0.000000000000000000e+00
1.072546844986349157e+01,2.079866182815501361e+02,4.500000000000000000e+01,1.689914000000000080e-06,0.000000000000000000e+00
1.114077965778508172e+01,2.079862029703422195e+02,4.500000000000000000e+01,1.770270000000000035e-06,0.000000000000000000e+00
1.155609002918864370e+01,2.079857876599708106e+02,4.500000000000000000e+01,1.675623999999999917e-06,0.000000000000000000e+00
1.199918433764164227e+01,2.079853445656623592e+02,4.500000000000000000e+01,1.743624999999999971e-06,0.000000000000000000e+00
1.238437384225022342e+01,2.079849593761577466e+02,4.500000000000000000e+01,1.658364999999999961e-06,0.000000000000000000e+00
1.282181706930031773e+01,2.079845219329307042e+02,4.500000000000000000e+01,1.538196000000000045e-06,0.000000000000000000e+00
1.324596767472506365e+01,2.079840977823252786e+02,4.500000000000000000e+01,1.503692999999999911e-06,0.000000000000000000e+00
1.365466521054822913e+01,2.079836890847894608e+02,4.500000000000000000e+01,1.475127999999999999e-06,0.000000000000000000e+00
1.406927733390586610e+01,2.079832744726660962e+02,4.500000000000000000e+01,1.480483000000000010e-06,0.000000000000000000e+00
1.449299769273122074e+01,2.079828507523072574e+02,4.500000000000000000e+01,1.593638000000000072e-06,0.000000000000000000e+00
1.492421034146172154e+01,2.079824195396585367e+02,4.500000000000000000e+01,1.863648999999999908e-06,0.000000000000000000e+00
1.531533525521124162e+01,2.079820284147447751e+02,4.500000000000000000e+01,1.700885999999999922e-06,0.000000000000000000e+00
1.576304867147814015e+01,2.079815807013285109e+02,4.500000000000000000e+01,1.664084000000000067e-06,0.000000000000000000e+00
1.616325028425296395e+01,2.079811804997157481e+02,4.500000000000000000e+01,1.646622000000000012e-06,0.000000000000000000e+00
1.656888636310334562e+01,2.079807748636368956e+02,4.500000000000000000e+01,1.525768000000000034e-06,0.000000000000000000e+00
1.698708286049880556e+01,2.079803566671394890e+02,4.500000000000000000e+01,1.607695999999999972e-06,0.000000000000000000e+00
1.739492083641647469e+01,2.079799488291635896e+02,4.500000000000000000e+01,1.576191000000000009e-06,0.000000000000000000e+00
1.782545760912580590e+01,2.079795182923908783e+02,4.500000000000000000e+01,1.576307000000000034e-06,0.000000000000000000e+00
1.825579654574567456e+01,2.079790879534542398e+02,4.500000000000000000e+01,1.632186000000000054e-06,0.000000000000000000e+00
1.864533647164195074e+01,2.079786984135283490e+02,4.500000000000000000e+01,1.626918999999999932e-06,0.000000000000000000e+00
1.906096947989821899e+01,2.079782827805200895e+02,4.500000000000000000e+01,1.641063000000000088e-06,0.000000000000000000e+00
1.948078039686842544e+01,2.079778629696031373e+02,4.500000000000000000e+01,1.724955000000000030e-06,0.000000000000000000e+00
1.988888275328663724e+01,2.079774548672467063e+02,4.500000000000000000e+01,1.860811999999999947e-06,0.000000000000000000e+00
2.031958325584784930e+01,2.079770241667441439e+02,4.500000000000000000e+01,1.953157999999999893e-06,0.000000000000000000e+00
2.075049695569957109e+01,2.079765932530442853e+02,4.500000000000000000e+01,1.941486999999999814e-06,0.000000000000000000e+00
2.113859392719272634e+01,2.079762051560728082e+02,4.500000000000000000e+01,1.860971999999999917e-06,0.000000000000000000e+00
2.155404834580152951e+01,2.079757897016542074e+02,4.500000000000000000e+01,1.794774999999999897e-06,0.000000000000000000e+00
2.199765983501514910e+01,2.079753460901649760e+02,4.500000000000000000e+01,1.851571000000000030e-06,0.000000000000000000e+00
2.242133516803358972e+01,2.079749224148319513e+02,4.500000000000000000e+01,1.842024999999999952e-06,0.000000000000000000e+00
2.285944403948646553e+01,2.079744843059605159e+02,4.500000000000000000e+01,1.864056999999999947e-06,0.000000000000000000e+00
2.329002867175572788e+01,2.079740537213282323e+02,4.500000000000000000e+01,1.776133999999999909e-06,0.000000000000000000e+00
2.369281892945920021e+01,2.079736509310705515e+02,4.500000000000000000e+01,1.700639000000000092e-06,0.000000000000000000e+00
2.410203404670395244e+01,2.079732417159532929e+02,4.500000000000000000e+01,2.035522000000000007e-06,0.000000000000000000e+00
2.451724809202957900e+01,2.079728265019079743e+02,4.500000000000000000e+01,1.916967000000000174e-06,0.000000000000000000e+00
2.492882231424936279e+01,2.079724149276857474e+02,4.500000000000000000e+01,1.681852000000000097e-06,0.000000000000000000e+00
2.535298854927134116e+01,2.079719907614507406e+02,4.500000000000000000e+01,1.577733000000000010e-06,0.000000000000000000e+00
2.578722712927311989e+01,2.079715565228707135e+02,4.500000000000000000e+01,1.526844999999999905e-06,0.000000000000000000e+00
2.619194967586910039e+01,2.079711518003241224e+02,4.500000000000000000e+01,1.476960999999999986e-06,0.000000000000000000e+00
2.659434006202454270e+01,2.079707494099379801e+02,4.500000000000000000e+01,1.420325000000000034e-06,0.000000000000000000e+00
2.703086308846045327e+01,2.079703128869115289e+02,4.500000000000000000e+01,1.440814000000000000e-06,0.000000000000000000e+00
2.741635592860705728e+01,2.079699273940713908e+02,4.500000000000000000e+01,1.364619999999999947e-06,0.000000000000000000e+00
2.785655968968724849e+01,2.079694871903103035e+02,4.500000000000000000e+01,1.322784000000000048e-06,0.000000000000000000e+00
2.827562673823155137e+01,2.079690681232617635e+02,4.500000000000000000e+01,1.341119000000000059e-06,0.000000000000000000e+00
2.867174231585644151e+01,2.079686720076841482e+02,4.500000000000000000e+01,1.306660000000000082e-06,0.000000000000000000e+00
2.910368226074094977e+01,2.079682400677392593e+02,4.500000000000000000e+01,1.287669999999999989e-06,0.000000000000000000e+00
2.952482360495326574e+01,2.079678189263950401e+02,4.500000000000000000e+01,1.315420000000000062e-06,0.000000000000000000e+00
2.992611914160305275e+01,2.079674176308583924e+02,4.500000000000000000e+01,1.275519000000000001e-06,0.000000000000000000e+00
3.035013540857368142e+01,2.079669936145914164e+02,4.500000000000000000e+01,1.278414999999999897e-06,0.000000000000000000e+00
3.079457168762334263e+01,2.079665491783123628e+02,4.500000000000000000e+01,1.289532999999999957e-06,0.000000000000000000e+00
3.121962940585241597e+01,2.079661241205941451e+02,4.500000000000000000e+01,1.308303999999999934e-06,0.000000000000000000e+00
3.162148909544598041e+01,2.079657222609045562e+02,4.500000000000000000e+01,1.304157000000000023e-06,0.000000000000000000e+00
3.202256214376590293e+01,2.079653211878562331e+02,4.500000000000000000e+01,1.268447000000000029e-06,0.000000000000000000e+00
3.244942602606753468e+01,2.079648943239739367e+02,4.500000000000000000e+01,1.319305999999999969e-06,0.000000000000000000e+00
3.289293687578425107e+01,2.079644508131242162e+02,4.500000000000000000e+01,1.338834000000000089e-06,0.000000000000000000e+00
3.330558321561766633e+01,2.079640381667843769e+02,4.500000000000000000e+01,1.364970000000000079e-06,0.000000000000000000e+00
3.371177448002757160e+01,2.079636319755199736e+02,4.500000000000000000e+01,1.362800999999999922e-06,0.000000000000000000e+00
3.412734984451454068e+01,2.079632164001554884e+02,4.500000000000000000e+01,1.458785999999999944e-06,0.000000000000000000e+00
3.456330354196288113e+01,2.079627804464580265e+02,4.500000000000000000e+01,1.472275000000000020e-06,0.000000000000000000e+00
3.494764190108142543e+01,2.079623961080989147e+02,4.500000000000000000e+01,1.452164999999999928e-06,0.000000000000000000e+00
3.538640928320610612e+01,2.079619573407167934e+02,4.500000000000000000e+01,1.462366000000000086e-06,0.000000000000000000e+00
3.578522985567403936e+01,2.079615585201443366e+02,4.500000000000000000e+01,1.495790999999999898e-06,0.000000000000000000e+00
3.620902275607719645e+01,2.079611347272439161e+02,4.500000000000000000e+01,1.490683999999999956e-06,0.000000000000000000e+00
3.663291254312976974e+01,2.079607108374568725e+02,4.500000000000000000e+01,1.514607000000000058e-06,0.000000000000000000e+00
3.705145679113443435e+01,2.079602922932088518e+02,4.500000000000000000e+01,1.477717999999999918e-06,0.000000000000000000e+00
3.745516976798110420e+01,2.079598885802320183e+02,4.500000000000000000e+01,1.537147999999999915e-06,0.000000000000000000e+00
3.787891552824427777e+01,2.079594648344717598e+02,4.500000000000000000e+01,1.593710999999999970e-06,0.000000000000000000e+00
3.831500499866807274e+01,2.079590287450013193e+02,4.500000000000000000e+01,1.612119000000000091e-06,0.000000000000000000e+00
3.872405384960373453e+01,2.079586196961504072e+02,4.500000000000000000e+01,1.560053000000000080e-06,0.000000000000000000e+00
3.913965700787233715e+01,2.079582040929921334e+02,4.500000000000000000e+01,1.519306999999999987e-06,0.000000000000000000e+00
3.954525368553458975e+01,2.079577984963144672e+02,4.500000000000000000e+01,1.535387000000000009e-06,0.000000000000000000e+00
3.994855133605287278e+01,2.079573951986639315e+02,4.500000000000000000e+01,1.547159999999999939e-06,0.000000000000000000e+00
4.038401487196391315e+01,2.079569597351280379e+02,4.500000000000000000e+01,1.568216000000000098e-06,0.000000000000000000e+00
4.081482428643924010e+01,2.079565289257135703e+02,4.500000000000000000e+01,1.546751999999999900e-06,0.000000000000000000e+00
4.122007415940265673e+01,2.079561236758405869e+02,4.500000000000000000e+01,1.529187999999999995e-06,0.000000000000000000e+00
4.163195639663901204e+01,2.079557117936033706e+02,4.500000000000000000e+01,1.550971999999999920e-06,0.000000000000000000e+00
4.204753838767990715e+01,2.079552962116123069e+02,4.500000000000000000e+01,1.576598000000000020e-06,0.000000000000000000e+00
4.246961582581162986e+01,2.079548741341741902e+02,4.500000000000000000e+01,1.597086999999999986e-06,0.000000000000000000e+00
4.291556498351582860e+01,2.079544281850164964e+02,4.500000000000000000e+01,1.554202999999999958e-06,0.000000000000000000e+00
4.335439409425082857e+01,2.079539893559057475e+02,4.500000000000000000e+01,1.562278999999999904e-06,0.000000000000000000e+00
4.373963679156817363e+01,2.079536041132084279e+02,4.500000000000000000e+01,1.590670000000000095e-06,0.000000000000000000e+00
4.418023634680732670e+01,2.079531635136531804e+02,4.500000000000000000e+01,1.649401000000000067e-06,0.000000000000000000e+00
4.459551260625016056e+01,2.079527482373937346e+02,4.500000000000000000e+01,1.682856000000000071e-06,0.000000000000000000e+00
4.500902122576447795e+01,2.079523347287742467e+02,4.500000000000000000e+01,1.762499000000000038e-06,0.000000000000000000e+00
4.540876766374046269e+01,2.079519349823362688e+02,4.500000000000000000e+01,1.929046000000000080e-06,0.000000000000000000e+00
4.584791712415692899e+01,2.079514958328758496e+02,4.500000000000000000e+01,2.026805000000000155e-06,0.000000000000000000e+00
4.625593306759775203e+01,2.079510878169324144e+02,4.500000000000000000e+01,1.918363999999999985e-06,0.000000000000000000e+00
4.667282692649826004e+01,2.079506709230734884e+02,4.500000000000000000e+01,1.965817999999999955e-06,0.000000000000000000e+00
4.707946179364965644e+01,2.079502642882063412e+02,4.500000000000000000e+01,1.898443000000000028e-06,0.000000000000000000e+00
4.748036248646772606e+01,2.079498633875135170e+02,4.500000000000000000e+01,1.785868999999999909e-06,0.000000000000000000e+00
4.791131043195767347e+01,2.079494324395680280e+02,4.500000000000000000e+01,1.651555000000000021e-06,0.000000000000000000e+00
4.833457209812731037e+01,2.079490091779018712e+02,4.500000000000000000e+01,1.612265000000000097e-06,0.000000000000000000e+00
4.875009282470559668e+01,2.079485936571752802e+02,4.500000000000000000e+01,1.633277999999999916e-06,0.000000000000000000e+00
4.917502300719948494e+01,2.079481687269928045e+02,4.500000000000000000e+01,1.608961999999999978e-06,0.000000000000000000e+00
4.957703376231783921e+01,2.079477667162376804e+02,4.500000000000000000e+01,1.620894000000000062e-06,0.000000000000000000e+00
4.998338654922824276e+01,2.079473603634507697e+02,4.500000000000000000e+01,1.679786000000000031e-06,0.000000000000000000e+00
5.041584056593870855e+01,2.079469279094340664e+02,4.500000000000000000e+01,1.700434999999999966e-06,0.000000000000000000e+00
5.084656153473140705e+01,2.079464971884652584e+02,4.500000000000000000e+01,1.620923000000000015e-06,0.000000000000000000e+00
5.125502686161653543e+01,2.079460887231383879e+02,4.500000000000000000e+01,1.610401999999999917e-06,0.000000000000000000e+00
5.167174712985394791e+01,2.079456720028701397e+02,4.500000000000000000e+01,1.662293999999999996e-06,0.000000000000000000e+00
5.211462851411455688e+01,2.079452291214858803e+02,4.500000000000000000e+01,1.588865000000000033e-06,0.000000000000000000e+00
5.252984839482612500e+01,2.079448139016051584e+02,4.500000000000000000e+01,1.565232999999999918e-06,0.000000000000000000e+00
5.293806320513687069e+01,2.079444056867948518e+02,4.500000000000000000e+01,1.552296000000000045e-06,0.000000000000000000e+00
5.336340357693391923e+01,2.079439803464230749e+02,4.500000000000000000e+01,1.596069000000000049e-06,0.000000000000000000e+00
5.379402816299798928e+01,2.079435497218370017e+02,4.500000000000000000e+01,1.529493999999999971e-06,0.000000000000000000e+00
5.419705298878762534e+01,2.079431466970112012e+02,4.500000000000000000e+01,1.644002999999999928e-06,0.000000000000000000e+00
5.460671880573593739e+01,2.079427370311942695e+02,4.500000000000000000e+01,1.612395999999999902e-06,0.000000000000000000e+00
5.501988363577375196e+01,2.079423238663642337e+02,4.500000000000000000e+01,1.582637000000000065e-06,0.000000000000000000e+00
5.542618289779011320e+01,2.079419175671021947e+02,4.500000000000000000e+01,1.548410999999999954e-06,0.000000000000000000e+00
5.586776960862616193e+01,2.079414759803913739e+02,4.500000000000000000e+01,1.530337999999999975e-06,0.000000000000000000e+00
5.626671199866409268e+01,2.079410770380013389e+02,4.500000000000000000e+01,1.548309000000000104e-06,0.000000000000000000e+00
5.669042985605572227e+01,2.079406533201439515e+02,4.500000000000000000e+01,1.529421000000000074e-06,0.000000000000000000e+00
5.710365672225716338e+01,2.079402400932777368e+02,4.500000000000000000e+01,1.578126000000000059e-06,0.000000000000000000e+00
5.751398209579346599e+01,2.079398297679042003e+02,4.500000000000000000e+01,1.533554000000000022e-06,0.000000000000000000e+00
5.794259287510573131e+01,2.079394011571249052e+02,4.500000000000000000e+01,1.512250000000000005e-06,0.000000000000000000e+00
5.835079397640527787e+01,2.079389929560235828e+02,4.500000000000000000e+01,1.422028000000000033e-06,0.000000000000000000e+00
5.878169363145453730e+01,2.079385620563685393e+02,4.500000000000000000e+01,1.539985999999999904e-06,0.000000000000000000e+00
5.918365537422170775e+01,2.079381600946257720e+02,4.500000000000000000e+01,1.596970999999999960e-06,0.000000000000000000e+00
5.959135620865140481e+01,2.079377523937913566e+02,4.500000000000000000e+01,1.546009999999999958e-06,0.000000000000000000e+00
6.003093503909921935e+01,2.079373128149609045e+02,4.500000000000000000e+01,1.497289999999999983e-06,0.000000000000000000e+00
6.045463276377689965e+01,2.079368891172362339e+02,4.500000000000000000e+01,1.549168000000000098e-06,0.000000000000000000e+00
6.085352024351725930e+01,2.079364902297564868e+02,4.500000000000000000e+01,1.544846000000000015e-06,0.000000000000000000e+00
6.129748962182559069e+01,2.079360462603781627e+02,4.500000000000000000e+01,1.331209000000000098e-06,0.000000000000000000e+00
6.168277779965735164e+01,2.079356609722003384e+02,4.500000000000000000e+01,1.448759999999999958e-06,0.000000000000000000e+00
6.211088065735415853e+01,2.079352328693426557e+02,4.500000000000000000e+01,1.579333999999999946e-06,0.000000000000000000e+00
6.252626809192354784e+01,2.079348174819080839e+02,4.500000000000000000e+01,1.814666999999999900e-06,0.000000000000000000e+00
6.295241760274121390e+01,2.079343913323972686e+02,4.500000000000000000e+01,1.674794000000000088e-06,0.000000000000000000e+00
6.339637173940217707e+01,2.079339473782605978e+02,4.500000000000000000e+01,1.506283000000000042e-06,0.000000000000000000e+00
6.382949165497087307e+01,2.079335142583450136e+02,4.500000000000000000e+01,1.489096999999999983e-06,0.000000000000000000e+00
6.424336951933628370e+01,2.079331003804806528e+02,4.500000000000000000e+01,1.597466000000000072e-06,0.000000000000000000e+00
6.465854914432634359e+01,2.079326852008556727e+02,4.500000000000000000e+01,1.613604000000000001e-06,0.000000000000000000e+00
6.506654274462653120e+01,2.079322772072553676e+02,4.500000000000000000e+01,1.578010000000000033e-06,0.000000000000000000e+00
6.546887306057122657e+01,2.079318748769394176e+02,4.500000000000000000e+01,1.539257999999999925e-06,0.000000000000000000e+00
6.588751870131005717e+01,2.079314562312986823e+02,4.500000000000000000e+01,1.490814999999999973e-06,0.000000000000000000e+00
6.631384041604046331e+01,2.079310299095839696e+02,4.500000000000000000e+01,1.538778000000000016e-06,0.000000000000000000e+00
6.671602981917547481e+01,2.079306277201808086e+02,4.500000000000000000e+01,1.525506000000000002e-06,0.000000000000000000e+00
6.712391708558857317e+01,2.079302198329144176e+02,4.500000000000000000e+01,1.534178999999999910e-06,0.000000000000000000e+00
6.756715800890584944e+01,2.079297765919911001e+02,4.500000000000000000e+01,1.414431999999999996e-06,0.000000000000000000e+00
6.796608766236606414e+01,2.079293776623376289e+02,4.500000000000000000e+01,1.398555000000000072e-06,0.000000000000000000e+00
6.838302289043154758e+01,2.079289607271095690e+02,4.500000000000000000e+01,1.438384000000000051e-06,0.000000000000000000e+00
6.881809802457158298e+01,2.079285256519754341e+02,4.500000000000000000e+01,1.486638000000000080e-06,0.000000000000000000e+00
6.922862137362172064e+01,2.079281151286263878e+02,4.500000000000000000e+01,1.442705999999999922e-06,0.000000000000000000e+00
6.964380705849922037e+01,2.079276999429415014e+02,4.500000000000000000e+01,1.424283000000000022e-06,0.000000000000000000e+00
7.005913071162001415e+01,2.079272846192883719e+02,4.500000000000000000e+01,1.423847000000000057e-06,0.000000000000000000e+00
7.045990030813271687e+01,2.079268838496918761e+02,4.500000000000000000e+01,1.336724000000000079e-06,0.000000000000000000e+00
7.090065225478315369e+01,2.079264430977452207e+02,4.500000000000000000e+01,1.343520000000000056e-06,0.000000000000000000e+00
7.132456663298265198e+01,2.079260191833670035e+02,4.500000000000000000e+01,1.307417000000000013e-06,0.000000000000000000e+00
7.177109999401443474e+01,2.079255726500059893e+02,4.500000000000000000e+01,1.088556000000000103e-06,0.000000000000000000e+00
7.217190229041723626e+01,2.079251718477095778e+02,4.500000000000000000e+01,1.113512999999999947e-06,0.000000000000000000e+00
7.257898783152649003e+01,2.079247647621684791e+02,4.500000000000000000e+01,1.098276999999999929e-06,0.000000000000000000e+00
7.299564801561483307e+01,2.079243481019843784e+02,4.500000000000000000e+01,1.128864999999999991e-06,0.000000000000000000e+00
7.341169220857602795e+01,2.079239320577914327e+02,4.500000000000000000e+01,1.238847999999999951e-06,0.000000000000000000e+00
7.384304289090866291e+01,2.079235007071090990e+02,4.500000000000000000e+01,1.249878999999999939e-06,0.000000000000000000e+00
7.426663527977099477e+01,2.079230771147202290e+02,4.500000000000000000e+01,1.251304999999999914e-06,0.000000000000000000e+00
7.467322479234890409e+01,2.079226705252076499e+02,4.500000000000000000e+01,1.280569000000000063e-06,0.000000000000000000e+00
7.509910015469027655e+01,2.079222446498453110e+02,4.500000000000000000e+01,1.295862999999999988e-06,0.000000000000000000e+00
7.551203534705385323e+01,2.079218317146529387e+02,4.500000000000000000e+01,1.226639000000000056e-06,0.000000000000000000e+00
7.591217743167939602e+01,2.079214315725683093e+02,4.500000000000000000e+01,1.235893999999999936e-06,0.000000000000000000e+00
7.635103972067402367e+01,2.079209927102793358e+02,4.500000000000000000e+01,1.235748999999999957e-06,0.000000000000000000e+00
7.675903272796669796e+01,2.079205847172720212e+02,4.500000000000000000e+01,1.261375000000000057e-06,0.000000000000000000e+00
7.717653500861497662e+01,2.079201672149913804e+02,4.500000000000000000e+01,1.214372000000000043e-06,0.000000000000000000e+00
7.758269654257018999e+01,2.079197610534574210e+02,4.500000000000000000e+01,1.273714999999999968e-06,0.000000000000000000e+00
7.798294431263690285e+01,2.079193608056873472e+02,4.500000000000000000e+01,1.324632000000000026e-06,0.000000000000000000e+00
7.843020300152672064e+01,2.079189135469984819e+02,4.500000000000000000e+01,1.369655000000000018e-06,0.000000000000000000e+00
7.882891859748562524e+01,2.079185148314025184e+02,4.500000000000000000e+01,1.329405000000000065e-06,0.000000000000000000e+00
7.925256737574846966e+01,2.079180911826242379e+02,4.500000000000000000e+01,1.208420000000000070e-06,0.000000000000000000e+00
7.966046013775157064e+01,2.079176832898622536e+02,4.500000000000000000e+01,1.282183999999999962e-06,0.000000000000000000e+00
8.008380219323031213e+01,2.079172599478067696e+02,4.500000000000000000e+01,1.300940999999999976e-06,0.000000000000000000e+00
8.049964991329618158e+01,2.079168441000867062e+02,4.500000000000000000e+01,1.237567999999999981e-06,0.000000000000000000e+00
8.090804701940969323e+01,2.079164357029805785e+02,4.500000000000000000e+01,1.239227000000000036e-06,0.000000000000000000e+00
8.133879265408805281e+01,2.079160049573459048e+02,4.500000000000000000e+01,1.262932000000000049e-06,0.000000000000000000e+00
8.177144335152672738e+01,2.079155723066484711e+02,4.500000000000000000e+01,1.245366999999999905e-06,0.000000000000000000e+00
8.217730023812106310e+01,2.079151664497618697e+02,4.500000000000000000e+01,1.228093999999999985e-06,0.000000000000000000e+00
8.259377296023284032e+01,2.079147499770397758e+02,4.500000000000000000e+01,1.232954999999999912e-06,0.000000000000000000e+00
8.301928869785565723e+01,2.079143244613021295e+02,4.500000000000000000e+01,1.256615999999999981e-06,0.000000000000000000e+00
8.344641585322055732e+01,2.079138973341467818e+02,4.500000000000000000e+01,1.218883000000000049e-06,0.000000000000000000e+00
8.387738812691114276e+01,2.079134663618730769e+02,4.500000000000000000e+01,1.388995000000000031e-06,0.000000000000000000e+00
8.430332805025444998e+01,2.079130404219497450e+02,4.500000000000000000e+01,1.325330000000000023e-06,0.000000000000000000e+00
8.470840814830508236e+01,2.079126353418516828e+02,4.500000000000000000e+01,1.295411000000000005e-06,0.000000000000000000e+00
8.513674626564885273e+01,2.079122070037343519e+02,4.500000000000000000e+01,1.324879000000000068e-06,0.000000000000000000e+00
8.551190707132822411e+01,2.079118318429286774e+02,4.500000000000000000e+01,1.324995999999999909e-06,0.000000000000000000e+00
8.595950983258187250e+01,2.079113842401674219e+02,4.500000000000000000e+01,1.291730000000000040e-06,0.000000000000000000e+00
8.635837459427480667e+01,2.079109853754057156e+02,4.500000000000000000e+01,1.207591000000000056e-06,0.000000000000000000e+00
8.680210424931145496e+01,2.079105416457506976e+02,4.500000000000000000e+01,1.130524000000000045e-06,0.000000000000000000e+00
8.718734694662877871e+01,2.079101564030533780e+02,4.500000000000000000e+01,1.225781000000000089e-06,0.000000000000000000e+00
8.761706211975509007e+01,2.079097266878802373e+02,4.500000000000000000e+01,1.176537000000000049e-06,0.000000000000000000e+00
8.803268644525141440e+01,2.079093110635547532e+02,4.500000000000000000e+01,1.214765000000000091e-06,0.000000000000000000e+00
8.844061300932349923e+01,2.079089031369906877e+02,4.500000000000000000e+01,1.215769000000000065e-06,0.000000000000000000e+00
8.886602058302791818e+01,2.079084777294169726e+02,4.500000000000000000e+01,1.155757000000000097e-06,0.000000000000000000e+00
8.927396882550422674e+01,2.079080697811745040e+02,4.500000000000000000e+01,1.131032999999999908e-06,0.000000000000000000e+00
8.969493231563600943e+01,2.079076488176843611e+02,4.500000000000000000e+01,1.126551000000000067e-06,0.000000000000000000e+00
9.012423729690816288e+01,2.079072195127030795e+02,4.500000000000000000e+01,1.082342000000000097e-06,0.000000000000000000e+00
9.055338243782968277e+01,2.079067903675621665e+02,4.500000000000000000e+01,9.562499999999999501e-07,0.000000000000000000e+00
9.095565546134423585e+01,2.079063880945386416e+02,4.500000000000000000e+01,1.009756999999999928e-06,0.000000000000000000e+00
9.138256954857737924e+01,2.079059611804514134e+02,4.500000000000000000e+01,1.030085999999999924e-06,0.000000000000000000e+00
9.181313015797007893e+01,2.079055306198420396e+02,4.500000000000000000e+01,1.067281000000000040e-06,0.000000000000000000e+00
9.224221168966523976e+01,2.079051015383103334e+02,4.500000000000000000e+01,1.028237999999999946e-06,0.000000000000000000e+00
9.265147911674003467e+01,2.079046922708832597e+02,4.500000000000000000e+01,1.081513000000000084e-06,0.000000000000000000e+00
9.306521957909299658e+01,2.079042785304208962e+02,4.500000000000000000e+01,1.092368999999999900e-06,0.000000000000000000e+00
9.348883737913594416e+01,2.079038549126208579e+02,4.500000000000000000e+01,1.154824999999999993e-06,0.000000000000000000e+00
9.390625235195419407e+01,2.079034374976480422e+02,4.500000000000000000e+01,1.154577999999999951e-06,0.000000000000000000e+00
9.431154765523986327e+01,2.079030322023447468e+02,4.500000000000000000e+01,1.210515999999999906e-06,0.000000000000000000e+00
9.475894614571696195e+01,2.079025848038542676e+02,4.500000000000000000e+01,1.248320999999999919e-06,0.000000000000000000e+00
9.514958615484930249e+01,2.079021941638451381e+02,4.500000000000000000e+01,1.411782999999999930e-06,0.000000000000000000e+00
9.556518758524171631e+01,2.079017785624147621e+02,4.500000000000000000e+01,1.304157000000000023e-06,0.000000000000000000e+00
9.596484338340424358e+01,2.079013789066165998e+02,4.500000000000000000e+01,1.455468000000000047e-06,0.000000000000000000e+00
9.639236898926503727e+01,2.079009513810107421e+02,4.500000000000000000e+01,1.668420999999999929e-06,0.000000000000000000e+00
9.682331577064539374e+01,2.079005204342293496e+02,4.500000000000000000e+01,1.608670999999999992e-06,0.000000000000000000e+00
9.722953566907608547e+01,2.079001142143309266e+02,4.500000000000000000e+01,1.673469999999999963e-06,0.000000000000000000e+00
9.764272598361915811e+01,2.078997010240163661e+02,4.500000000000000000e+01,1.600274000000000079e-06,0.000000000000000000e+00
9.807024671666195559e+01,2.078992735032833252e+02,4.500000000000000000e+01,1.466585999999999895e-06,0.000000000000000000e+00
9.847576991157191628e+01,2.078988679800884256e+02,4.500000000000000000e+01,1.606255000000000006e-06,0.000000000000000000e+00
9.889973168863761543e+01,2.078984440183113520e+02,4.500000000000000000e+01,1.645443000000000078e-06,0.000000000000000000e+00
9.929882299999999873e+01,2.078980449270000008e+02,4.500000000000000000e+01,1.587192000000000016e-06,0.000000000000000000e+00
9.974765205523895872e+01,2.078975960979447564e+02,4.500000000000000000e+01,1.403182999999999920e-06,0.000000000000000000e+00
1.001464325091846064e+02,2.078971973174908214e+02,4.500000000000000000e+01,1.444218999999999970e-06,0.000000000000000000e+00
1.005501679597116151e+02,2.078967935820402886e+02,4.500000000000000000e+01,1.540189000000000002e-06,0.000000000000000000e+00
1.009718539107805242e+02,2.078963718960892209e+02,4.500000000000000000e+01,1.582346000000000079e-06,0.000000000000000000e+00
1.014024156977727671e+02,2.078959413343022220e+02,4.500000000000000000e+01,1.520835000000000026e-06,0.000000000000000000e+00
1.018106081415714215e+02,2.078955331418584365e+02,4.500000000000000000e+01,1.523817999999999994e-06,0.000000000000000000e+00
1.022393251571860446e+02,2.078951044248427991e+02,4.500000000000000000e+01,1.541964999999999898e-06,0.000000000000000000e+00
1.026642147537573351e+02,2.078946795352462402e+02,4.500000000000000000e+01,1.674503000000000102e-06,0.000000000000000000e+00
1.030978073901611651e+02,2.078942459426098424e+02,4.500000000000000000e+01,1.669076000000000010e-06,0.000000000000000000e+00
1.035130451952182824e+02,2.078938307048047704e+02,4.500000000000000000e+01,1.743727000000000034e-06,0.000000000000000000e+00
1.039252776586684774e+02,2.078934184723413239e+02,4.500000000000000000e+01,1.842403000000000010e-06,0.000000000000000000e+00
1.043493841957059232e+02,2.078929943658042987e+02,4.500000000000000000e+01,1.883876000000000054e-06,0.000000000000000000e+00
1.047834195178320016e+02,2.078925603304821550e+02,4.500000000000000000e+01,1.853245000000000075e-06,0.000000000000000000e+00
1.051885978296322008e+02,2.078921551521703748e+02,4.500000000000000000e+01,1.758570000000000004e-06,0.000000000000000000e+00
1.056060487870416864e+02,2.078917377012129464e+02,4.500000000000000000e+01,1.678039999999999904e-06,0.000000000000000000e+00
1.059831124640585358e+02,2.078913606375359393e+02,4.500000000000000000e+01,1.684821000000000102e-06,0.000000000000000000e+00
1.064285279702282736e+02,2.078909152220297756e+02,4.500000000000000000e+01,1.670327000000000025e-06,0.000000000000000000e+00
1.068272261807772168e+02,2.078905165238192296e+02,4.500000000000000000e+01,1.797336000000000074e-06,0.000000000000000000e+00
1.072737451620654383e+02,2.078900700048379235e+02,4.500000000000000000e+01,1.612759999999999997e-06,0.000000000000000000e+00
1.076942586946564830e+02,2.078896494913053345e+02,4.500000000000000000e+01,1.654524000000000026e-06,0.000000000000000000e+00
1.080816927484295178e+02,2.078892620572515568e+02,4.500000000000000000e+01,1.706357999999999986e-06,0.000000000000000000e+00
1.084974973147690349e+02,2.078888462526852265e+02,4.500000000000000000e+01,1.724023999999999953e-06,0.000000000000000000e+00
1.089135057414814440e+02,2.078884302442585295e+02,4.500000000000000000e+01,1.700056999999999908e-06,0.000000000000000000e+00
1.093362970803495955e+02,2.078880074529196520e+02,4.500000000000000000e+01,1.681255999999999951e-06,0.000000000000000000e+00
1.097691446816794070e+02,2.078875746053183207e+02,4.500000000000000000e+01,1.878448999999999961e-06,0.000000000000000000e+00
1.101932072326152934e+02,2.078871505427673867e+02,4.500000000000000000e+01,1.964741000000000083e-06,0.000000000000000000e+00
1.106065909291926062e+02,2.078867371590708046e+02,4.500000000000000000e+01,1.887980000000000049e-06,0.000000000000000000e+00
1.110177757044105249e+02,2.078863259742956018e+02,4.500000000000000000e+01,1.866778000000000095e-06,0.000000000000000000e+00
1.114452141401400951e+02,2.078858985358598659e+02,4.500000000000000000e+01,1.788269999999999905e-06,0.000000000000000000e+00
1.118757986673895601e+02,2.078854679513326005e+02,4.500000000000000000e+01,1.713574999999999937e-06,0.000000000000000000e+00
1.122837409683589556e+02,2.078850600090316334e+02,4.500000000000000000e+01,1.686567000000000017e-06,0.000000000000000000e+00
1.127064199402035598e+02,2.078846373300598032e+02,4.500000000000000000e+01,1.749198000000000070e-06,0.000000000000000000e+00
1.131219518150926433e+02,2.078842217981849103e+02,4.500000000000000000e+01,1.668013000000000101e-06,0.000000000000000000e+00
1.135533622956280340e+02,2.078837903877043800e+02,4.500000000000000000e+01,1.766122000000000097e-06,0.000000000000000000e+00
1.139573111652472335e+02,2.078833864388347479e+02,4.500000000000000000e+01,1.790468000000000016e-06,0.000000000000000000e+00
1.143809289652901953e+02,2.078829628210347096e+02,4.500000000000000000e+01,1.936773000000000134e-06,0.000000000000000000e+00
1.147800161935206802e+02,2.078825637338064780e+02,4.500000000000000000e+01,2.031752999999999942e-06,0.000000000000000000e+00
1.152266277426776639e+02,2.078821171222573128e+02,4.500000000000000000e+01,1.944848999999999868e-06,0.000000000000000000e+00
1.156159326897269608e+02,2.078817278173102636e+02,4.500000000000000000e+01,1.849476000000000010e-06,0.000000000000000000e+00
1.160291317238052216e+02,2.078813146182762068e+02,4.500000000000000000e+01,1.979467999999999815e-06,0.000000000000000000e+00
1.164543739786168004e+02,2.078808893760213721e+02,4.500000000000000000e+01,1.901294999999999980e-06,0.000000000000000000e+00
1.168625233821730802e+02,2.078804812266178317e+02,4.500000000000000000e+01,1.740060000000000032e-06,0.000000000000000000e+00
1.172935202154800436e+02,2.078800502297845298e+02,4.500000000000000000e+01,2.023501999999999824e-06,0.000000000000000000e+00
1.176967897165485795e+02,2.078796469602834520e+02,4.500000000000000000e+01,2.025975999999999930e-06,0.000000000000000000e+00
1.181063904564900469e+02,2.078792373595435095e+02,4.500000000000000000e+01,1.996450000000000172e-06,0.000000000000000000e+00
1.185443945678093627e+02,2.078787993554321929e+02,4.500000000000000000e+01,1.959939000000000091e-06,0.000000000000000000e+00
1.189319300099399612e+02,2.078784118199900490e+02,4.500000000000000000e+01,1.932291000000000081e-06,0.000000000000000000e+00
1.193672108651446848e+02,2.078779765391348633e+02,4.500000000000000000e+01,1.944965000000000105e-06,0.000000000000000000e+00
1.198050609819692625e+02,2.078775386890180243e+02,4.500000000000000000e+01,1.989625000000000030e-06,0.000000000000000000e+00
1.201896900483313004e+02,2.078771540599516641e+02,4.500000000000000000e+01,1.885098999999999932e-06,0.000000000000000000e+00
1.206262526356190392e+02,2.078767174973643819e+02,4.500000000000000000e+01,1.748223000000000050e-06,0.000000000000000000e+00
1.210376209834438868e+02,2.078763061290165410e+02,4.500000000000000000e+01,2.215979999999999915e-06,0.000000000000000000e+00
1.214422441093881986e+02,2.078759015058905959e+02,4.500000000000000000e+01,1.998603999999999915e-06,0.000000000000000000e+00
1.218728459551950749e+02,2.078754709040447892e+02,4.500000000000000000e+01,2.204556999999999906e-06,0.000000000000000000e+00
1.223087236294759066e+02,2.078750350263705116e+02,4.500000000000000000e+01,2.410189999999999958e-06,0.000000000000000000e+00
1.227570557172041390e+02,2.078745866942827831e+02,4.500000000000000000e+01,2.037267999999999923e-06,0.000000000000000000e+00
1.231422560190847975e+02,2.078742014939809053e+02,4.500000000000000000e+01,2.036467999999999863e-06,0.000000000000000000e+00
1.235614744555358158e+02,2.078737822755444711e+02,4.500000000000000000e+01,2.209416999999999805e-06,0.000000000000000000e+00
1.239809220392088775e+02,2.078733628279607899e+02,4.500000000000000000e+01,2.095518999999999985e-06,0.000000000000000000e+00
1.244119154773481597e+02,2.078729318345226602e+02,4.500000000000000000e+01,2.205662999999999943e-06,0.000000000000000000e+00
1.248202270441326363e+02,2.078725235229558734e+02,4.500000000000000000e+01,2.134081999999999958e-06,0.000000000000000000e+00
1.252515371393401580e+02,2.078720922128606503e+02,4.500000000000000000e+01,2.155021999999999880e-06,0.000000000000000000e+00
1.256595305008024184e+02,2.078716842194992012e+02,4.500000000000000000e+01,2.160667999999999876e-06,0.000000000000000000e+00
1.260744267041984870e+02,2.078712693232957918e+02,4.500000000000000000e+01,2.139392999999999813e-06,0.000000000000000000e+00
1.264982654448817954e+02,2.078708454845551046e+02,4.500000000000000000e+01,2.094966000000000179e-06,0.000000000000000000e+00
1.268969827058851649e+02,2.078704467672941121e+02,4.500000000000000000e+01,1.993583000000000018e-06,0.000000000000000000e+00
1.273372036367106404e+02,2.078700065463632995e+02,4.500000000000000000e+01,2.294705999999999981e-06,0.000000000000000000e+00
1.277225840721752377e+02,2.078696211659278106e+02,4.500000000000000000e+01,2.289379999999999924e-06,0.000000000000000000e+00
1.281595681497070984e+02,2.078691841818503008e+02,4.500000000000000000e+01,2.154177999999999876e-06,0.000000000000000000e+00
1.285675980052959062e+02,2.078687761519946946e+02,4.500000000000000000e+01,2.105269000000000189e-06,0.000000000000000000e+00
1.289694685422567488e+02,2.078683742814577329e+02,4.500000000000000000e+01,2.045010000000000178e-06,0.000000000000000000e+00
1.294002837312513634e+02,2.078679434662687413e+02,4.500000000000000000e+01,1.969849000000000052e-06,0.000000000000000000e+00
1.298392056713740601e+02,2.078675045443286251e+02,4.500000000000000000e+01,1.923471999999999954e-06,0.000000000000000000e+00
1.302392902673982462e+02,2.078671044597325874e+02,4.500000000000000000e+01,1.924810999999999857e-06,0.000000000000000000e+00
1.306520409277175645e+02,2.078666917090722848e+02,4.500000000000000000e+01,1.949273000000000014e-06,0.000000000000000000e+00
1.310857300263842262e+02,2.078662580199735999e+02,4.500000000000000000e+01,1.941225000000000205e-06,0.000000000000000000e+00
1.315105744312561740e+02,2.078658331755687527e+02,4.500000000000000000e+01,1.957669000000000111e-06,0.000000000000000000e+00
1.319238241122818351e+02,2.078654199258877213e+02,4.500000000000000000e+01,1.968234000000000153e-06,0.000000000000000000e+00
1.323480026648738885e+02,2.078649957473351151e+02,4.500000000000000000e+01,1.940920000000000045e-06,0.000000000000000000e+00
1.327787918544381967e+02,2.078645649581455643e+02,4.500000000000000000e+01,1.952881999999999897e-06,0.000000000000000000e+00
1.332003155682781994e+02,2.078641434344317247e+02,4.500000000000000000e+01,1.910112999999999867e-06,0.000000000000000000e+00
1.336175006047147065e+02,2.078637262493952846e+02,4.500000000000000000e+01,1.960710999999999802e-06,0.000000000000000000e+00
1.340282743424222929e+02,2.078633154756575721e+02,4.500000000000000000e+01,1.928347000000000055e-06,0.000000000000000000e+00
1.344519873812976982e+02,2.078628917626186876e+02,4.500000000000000000e+01,2.018713999999999795e-06,0.000000000000000000e+00
1.348505283965743331e+02,2.078624932216034153e+02,4.500000000000000000e+01,2.153160000000000151e-06,0.000000000000000000e+00
1.352947242863525048e+02,2.078620490257136453e+02,4.500000000000000000e+01,2.390268000000000185e-06,0.000000000000000000e+00
1.356798039024982643e+02,2.078616639460975080e+02,4.500000000000000000e+01,2.338886000000000209e-06,0.000000000000000000e+00
1.361071183002094074e+02,2.078612366316997964e+02,4.500000000000000000e+01,2.481494000000000131e-06,0.000000000000000000e+00
1.365202986881679408e+02,2.078608234513118305e+02,4.500000000000000000e+01,2.480432000000000039e-06,0.000000000000000000e+00
1.369262823527574824e+02,2.078604174676472383e+02,4.500000000000000000e+01,2.456493999999999947e-06,0.000000000000000000e+00
1.373570942825789984e+02,2.078599866557174209e+02,4.500000000000000000e+01,2.532310000000000154e-06,0.000000000000000000e+00
1.377652239273058683e+02,2.078595785260726814e+02,4.500000000000000000e+01,2.494722000000000202e-06,0.000000000000000000e+00
1.381839879199512211e+02,2.078591597620800542e+02,4.500000000000000000e+01,2.514673000000000140e-06,0.000000000000000000e+00
1.386043019433974735e+02,2.078587394480566104e+02,4.500000000000000000e+01,2.512141000000000128e-06,0.000000000000000000e+00
1.390136494366412023e+02,2.078583301005633643e+02,4.500000000000000000e+01,2.328713999999999792e-06,0.000000000000000000e+00
1.394375867847992367e+02,2.078579061632152047e+02,4.500000000000000000e+01,2.189975999999999969e-06,0.000000000000000000e+00
1.398636520421454463e+02,2.078574800979578470e+02,4.500000000000000000e+01,2.292362999999999892e-06,0.000000000000000000e+00
1.402606472616236033e+02,2.078570831027383861e+02,4.500000000000000000e+01,2.322937000000000202e-06,0.000000000000000000e+00
1.407049896441275507e+02,2.078566387603558780e+02,4.500000000000000000e+01,2.960922000000000075e-06,0.000000000000000000e+00
1.410924807629549207e+02,2.078562512692370490e+02,4.500000000000000000e+01,2.902539999999999996e-06,0.000000000000000000e+00
1.415078271506348244e+02,2.078558359228493657e+02,4.500000000000000000e+01,2.757529999999999838e-06,0.000000000000000000e+00
1.419373791767512500e+02,2.078554063708232604e+02,4.500000000000000000e+01,2.758591999999999930e-06,0.000000000000000000e+00
1.423801120503828770e+02,2.078549636379496235e+02,4.500000000000000000e+01,2.762303000000000088e-06,0.000000000000000000e+00
1.427764758694454770e+02,2.078545672741305452e+02,4.500000000000000000e+01,2.542685000000000034e-06,0.000000000000000000e+00
1.431979349164259077e+02,2.078541458150835695e+02,4.500000000000000000e+01,2.467714000000000070e-06,0.000000000000000000e+00
1.436519100314415880e+02,2.078536918399685476e+02,4.500000000000000000e+01,2.579093999999999841e-06,0.000000000000000000e+00
1.440562460697113352e+02,2.078532875039302894e+02,4.500000000000000000e+01,2.706190999999999989e-06,0.000000000000000000e+00
1.444769725834742928e+02,2.078528667774165228e+02,4.500000000000000000e+01,2.660468000000000156e-06,0.000000000000000000e+00
1.448851709483637364e+02,2.078524585790516426e+02,4.500000000000000000e+01,2.489162999999999854e-06,0.000000000000000000e+00
1.453160442449687650e+02,2.078520277057550345e+02,4.500000000000000000e+01,2.355358000000000040e-06,0.000000000000000000e+00
1.457212669207500539e+02,2.078516224830792396e+02,4.500000000000000000e+01,2.447559000000000006e-06,0.000000000000000000e+00
1.461333133388464773e+02,2.078512104366611482e+02,4.500000000000000000e+01,2.332905000000000070e-06,0.000000000000000000e+00
1.465624988432877842e+02,2.078507812511567181e+02,4.500000000000000000e+01,2.536369999999999994e-06,0.000000000000000000e+00
1.469680459404088992e+02,2.078503757040595872e+02,4.500000000000000000e+01,2.333560000000000151e-06,0.000000000000000000e+00
1.473919355122137063e+02,2.078499518144877811e+02,4.500000000000000000e+01,2.147367999999999936e-06,0.000000000000000000e+00
1.477909503673274685e+02,2.078495527996326757e+02,4.500000000000000000e+01,2.209402999999999842e-06,0.000000000000000000e+00
1.482385208819148090e+02,2.078491052291180949e+02,4.500000000000000000e+01,2.188331999999999905e-06,0.000000000000000000e+00
1.486256460745592278e+02,2.078487181039254494e+02,4.500000000000000000e+01,2.349523000000000120e-06,0.000000000000000000e+00
1.490410036958146804e+02,2.078483027463041708e+02,4.500000000000000000e+01,2.288448999999999848e-06,0.000000000000000000e+00
1.494645194283359615e+02,2.078478792305716638e+02,4.500000000000000000e+01,2.265659999999999921e-06,0.000000000000000000e+00
1.498724844695625791e+02,2.078474712655304302e+02,4.500000000000000000e+01,2.248765999999999875e-06,0.000000000000000000e+00
1.503085525202538122e+02,2.078470351974797552e+02,4.500000000000000000e+01,2.241663999999999922e-06,0.000000000000000000e+00
1.507325195412213645e+02,2.078466112304587909e+02,4.500000000000000000e+01,2.237590000000000120e-06,0.000000000000000000e+00
1.511737916628409266e+02,2.078461699583371569e+02,4.500000000000000000e+01,2.267945000000000103e-06,0.000000000000000000e+00
1.515611160189784528e+02,2.078457826339810310e+02,4.500000000000000000e+01,2.188812000000000026e-06,0.000000000000000000e+00
1.519809471374045700e+02,2.078453628028625815e+02,4.500000000000000000e+01,2.288986999999999875e-06,0.000000000000000000e+00
1.524115085112012196e+02,2.078449322414888059e+02,4.500000000000000000e+01,2.220811000000000073e-06,0.000000000000000000e+00
1.528347119828237624e+02,2.078445090380171791e+02,4.500000000000000000e+01,2.235654000000000042e-06,0.000000000000000000e+00
1.532503759786259536e+02,2.078440933740213836e+02,4.500000000000000000e+01,2.125758000000000155e-06,0.000000000000000000e+00
1.536742379671270839e+02,2.078436695120328750e+02,4.500000000000000000e+01,2.086032000000000054e-06,0.000000000000000000e+00
1.540893006992691596e+02,2.078432544493007299e+02,4.500000000000000000e+01,2.189131999999999965e-06,0.000000000000000000e+00
1.544970483005796780e+02,2.078428467016994148e+02,4.500000000000000000e+01,2.231507000000000131e-06,0.000000000000000000e+00
1.549281270138364732e+02,2.078424156229861524e+02,4.500000000000000000e+01,2.120694000000000130e-06,0.000000000000000000e+00
1.553199586913810037e+02,2.078420237913086055e+02,4.500000000000000000e+01,2.080938000000000048e-06,0.000000000000000000e+00
1.557668373228080156e+02,2.078415769126771977e+02,4.500000000000000000e+01,2.074549999999999899e-06,0.000000000000000000e+00
1.561672883849328457e+02,2.078411764616150776e+02,4.500000000000000000e+01,2.123764999999999986e-06,0.000000000000000000e+00
1.565733073237555004e+02,2.078407704426762450e+02,4.500000000000000000e+01,2.115135000000000206e-06,0.000000000000000000e+00
1.569907941921016743e+02,2.078403529558079015e+02,4.500000000000000000e+01,2.225148000000000147e-06,0.000000000000000000e+00
1.573990375381145554e+02,2.078399447124618860e+02,4.500000000000000000e+01,2.433603999999999985e-06,0.000000000000000000e+00
1.578376824274808996e+02,2.078395060675725290e+02,4.500000000000000000e+01,2.511384000000000196e-06,0.000000000000000000e+00
1.582375188858189858e+02,2.078391062311141866e+02,4.500000000000000000e+01,2.397690000000000078e-06,0.000000000000000000e+00
1.586503483896413513e+02,2.078386934016103567e+02,4.500000000000000000e+01,2.294284000000000191e-06,0.000000000000000000e+00
1.590933696551651053e+02,2.078382503803448458e+02,4.500000000000000000e+01,2.198779999999999893e-06,0.000000000000000000e+00
1.594858435935386183e+02,2.078378579064064695e+02,4.500000000000000000e+01,2.432366999999999932e-06,0.000000000000000000e+00
1.599070671082802448e+02,2.078374366828917061e+02,4.500000000000000000e+01,2.289045000000000206e-06,0.000000000000000000e+00
1.603462767638090725e+02,2.078369974732361811e+02,4.500000000000000000e+01,2.212923999999999838e-06,0.000000000000000000e+00
1.607540881335935978e+02,2.078365896618664124e+02,4.500000000000000000e+01,2.328015000000000190e-06,0.000000000000000000e+00
1.611701894015426717e+02,2.078361735605984677e+02,4.500000000000000000e+01,2.392028999999999879e-06,0.000000000000000000e+00
1.615770070205873310e+02,2.078357667429794162e+02,4.500000000000000000e+01,2.327928000000000118e-06,0.000000000000000000e+00
1.619780676544859261e+02,2.078353656823455253e+02,4.500000000000000000e+01,2.270767999999999889e-06,0.000000000000000000e+00
1.624247929360910518e+02,2.078349189570639055e+02,4.500000000000000000e+01,2.190194000000000057e-06,0.000000000000000000e+00
1.628487049442973387e+02,2.078344950450556894e+02,4.500000000000000000e+01,2.109082000000000198e-06,0.000000000000000000e+00
1.632930447993059886e+02,2.078340507052006956e+02,4.500000000000000000e+01,2.026106999999999946e-06,0.000000000000000000e+00
1.637178578885148568e+02,2.078336258921114847e+02,4.500000000000000000e+01,2.008032999999999939e-06,0.000000000000000000e+00
1.641197584591235739e+02,2.078332239915408763e+02,4.500000000000000000e+01,1.984910000000000110e-06,0.000000000000000000e+00
1.645205259584469104e+02,2.078328232240415616e+02,4.500000000000000000e+01,1.977518000000000198e-06,0.000000000000000000e+00
1.649675260066406963e+02,2.078323762239933501e+02,4.500000000000000000e+01,2.017491999999999945e-06,0.000000000000000000e+00
1.653663334899565882e+02,2.078319774165100284e+02,4.500000000000000000e+01,2.147121000000000106e-06,0.000000000000000000e+00
1.657900785942748030e+02,2.078315536714057146e+02,4.500000000000000000e+01,2.018583000000000202e-06,0.000000000000000000e+00
1.661943099560625399e+02,2.078311494400439301e+02,4.500000000000000000e+01,1.988445999999999884e-06,0.000000000000000000e+00
1.666253713226071511e+02,2.078307183786774033e+02,4.500000000000000000e+01,1.896042000000000032e-06,0.000000000000000000e+00
1.670118513243159555e+02,2.078303318986756949e+02,4.500000000000000000e+01,1.969529000000000113e-06,0.000000000000000000e+00
1.674353940813473685e+02,2.078299083559186613e+02,4.500000000000000000e+01,1.976353999999999831e-06,0.000000000000000000e+00
1.678722613259309071e+02,2.078294714886740735e+02,4.500000000000000000e+01,1.971042000000000161e-06,0.000000000000000000e+00
1.682803220922970127e+02,2.078290634279076983e+02,4.500000000000000000e+01,2.002648999999999975e-06,0.000000000000000000e+00
1.687023799112571965e+02,2.078286413700887465e+02,4.500000000000000000e+01,1.998822000000000003e-06,0.000000000000000000e+00
1.691063845958157401e+02,2.078282373654041919e+02,4.500000000000000000e+01,2.017696000000000070e-06,0.000000000000000000e+00
1.695057521261695683e+02,2.078278379978738144e+02,4.500000000000000000e+01,2.024520999999999789e-06,0.000000000000000000e+00
1.699544456690283596e+02,2.078273893043309783e+02,4.500000000000000000e+01,2.128304999999999946e-06,0.000000000000000000e+00
1.703780838392665089e+02,2.078269656661607314e+02,4.500000000000000000e+01,2.048968000000000166e-06,0.000000000000000000e+00
1.708142298538059265e+02,2.078265295201461811e+02,4.500000000000000000e+01,2.130574999999999926e-06,0.000000000000000000e+00
1.712234094292151667e+02,2.078261203405707818e+02,4.500000000000000000e+01,2.030181000000000172e-06,0.000000000000000000e+00
1.716387134824396412e+02,2.078257050365175473e+02,4.500000000000000000e+01,1.991734999999999829e-06,0.000000000000000000e+00
1.720484786537846844e+02,2.078252952713462207e+02,4.500000000000000000e+01,2.079570999999999795e-06,0.000000000000000000e+00
1.724519963902756388e+02,2.078248917536097338e+02,4.500000000000000000e+01,2.041896000000000194e-06,0.000000000000000000e+00
1.728938947542148981e+02,2.078244498552457742e+02,4.500000000000000000e+01,2.024841000000000152e-06,0.000000000000000000e+00
1.733247476848474378e+02,2.078240190023151399e+02,4.500000000000000000e+01,2.021960000000000035e-06,0.000000000000000000e+00
1.737311149930103511e+02,2.078236126350069810e+02,4.500000000000000000e+01,2.128697999999999994e-06,0.000000000000000000e+00
1.741445047561492743e+02,2.078231992452438419e+02,4.500000000000000000e+01,2.096553000000000152e-06,0.000000000000000000e+00
1.745715405993363731e+02,2.078227722094006538e+02,4.500000000000000000e+01,2.084969000000000146e-06,0.000000000000000000e+00
1.749775926206402801e+02,2.078223661573793493e+02,4.500000000000000000e+01,2.189582999999999920e-06,0.000000000000000000e+00
1.754016826091603036e+02,2.078219420673908360e+02,4.500000000000000000e+01,2.131782999999999813e-06,0.000000000000000000e+00
1.758002593420864059e+02,2.078215434906579162e+02,4.500000000000000000e+01,2.195403999999999877e-06,0.000000000000000000e+00
1.762240903678045925e+02,2.078211196596321884e+02,4.500000000000000000e+01,2.177738000000000121e-06,0.000000000000000000e+00
1.766345047592279229e+02,2.078207092452407778e+02,4.500000000000000000e+01,2.072571000000000116e-06,0.000000000000000000e+00
1.770522787911045270e+02,2.078202914712088898e+02,4.500000000000000000e+01,2.384186000000000012e-06,0.000000000000000000e+00
1.774739036436425295e+02,2.078198698463563687e+02,4.500000000000000000e+01,2.251631999999999790e-06,0.000000000000000000e+00
1.778819369056407425e+02,2.078194618130943638e+02,4.500000000000000000e+01,2.095024999999999902e-06,0.000000000000000000e+00
1.783127080373637341e+02,2.078190310419626314e+02,4.500000000000000000e+01,2.087734000000000025e-06,0.000000000000000000e+00
1.787177482570664608e+02,2.078186260017429277e+02,4.500000000000000000e+01,2.300687000000000119e-06,0.000000000000000000e+00
1.791294541424443878e+02,2.078182142958575582e+02,4.500000000000000000e+01,2.179337999999999818e-06,0.000000000000000000e+00
1.795652268731601282e+02,2.078177785231268331e+02,4.500000000000000000e+01,2.272237999999999809e-06,0.000000000000000000e+00
1.799490155911178135e+02,2.078173947344088788e+02,4.500000000000000000e+01,2.279863000000000011e-06,0.000000000000000000e+00
1.803878311280326443e+02,2.078169559188719688e+02,4.500000000000000000e+01,2.271277000000000175e-06,0.000000000000000000e+00
1.808286829737583901e+02,2.078165150670262449e+02,4.500000000000000000e+01,2.464977999999999932e-06,0.000000000000000000e+00
1.812139948228256685e+02,2.078161297551771725e+02,4.500000000000000000e+01,2.130342000000000058e-06,0.000000000000000000e+00
1.816490383837569880e+02,2.078156947116162314e+02,4.500000000000000000e+01,2.145840000000000109e-06,0.000000000000000000e+00
1.820644469855541274e+02,2.078152793030144494e+02,4.500000000000000000e+01,2.296743000000000094e-06,0.000000000000000000e+00
1.825069647665259538e+02,2.078148367852334673e+02,4.500000000000000000e+01,2.337387000000000123e-06,0.000000000000000000e+00
1.829305075235573099e+02,2.078144132424764337e+02,4.500000000000000000e+01,2.413843000000000209e-06,0.000000000000000000e+00
1.833380621920640863e+02,2.078140056878079349e+02,4.500000000000000000e+01,2.340050000000000152e-06,0.000000000000000000e+00
1.837758349537420486e+02,2.078135679150462636e+02,4.500000000000000000e+01,2.212545999999999992e-06,0.000000000000000000e+00
1.841973739214885484e+02,2.078131463760785209e+02,4.500000000000000000e+01,2.242843000000000068e-06,0.000000000000000000e+00
1.846016016354961948e+02,2.078127421483644923e+02,4.500000000000000000e+01,2.436384000000000067e-06,0.000000000000000000e+00
1.850009618346055902e+02,2.078123427881653811e+02,4.500000000000000000e+01,2.376472999999999922e-06,0.000000000000000000e+00
1.854316695812097180e+02,2.078119120804187787e+02,4.500000000000000000e+01,2.499961000000000187e-06,0.000000000000000000e+00
1.858395501047883727e+02,2.078115041998952108e+02,4.500000000000000000e+01,2.495566000000000206e-06,0.000000000000000000e+00
1.862720942869820533e+02,2.078110716557130218e+02,4.500000000000000000e+01,2.417291000000000096e-06,0.000000000000000000e+00
1.866782380568627957e+02,2.078106655119431423e+02,4.500000000000000000e+01,2.391083000000000024e-06,0.000000000000000000e+00
1.870773357684478526e+02,2.078102664142315632e+02,4.500000000000000000e+01,2.369255999999999970e-06,0.000000000000000000e+00
1.875165656444665956e+02,2.078098271843555267e+02,4.500000000000000000e+01,2.406494000000000002e-06,0.000000000000000000e+00
1.879170395667835862e+02,2.078094267104332005e+02,4.500000000000000000e+01,2.437925999999999857e-06,0.000000000000000000e+00
1.883553426155147577e+02,2.078089884073844757e+02,4.500000000000000000e+01,2.359346000000000009e-06,0.000000000000000000e+00
1.887407269749728869e+02,2.078086030230250287e+02,4.500000000000000000e+01,2.544766000000000091e-06,0.000000000000000000e+00
1.891820137459114335e+02,2.078081617362540783e+02,4.500000000000000000e+01,2.351559999999999810e-06,0.000000000000000000e+00
1.895874807740826498e+02,2.078077562692259050e+02,4.500000000000000000e+01,2.359578999999999876e-06,0.000000000000000000e+00
1.899878157139077075e+02,2.078073559342860790e+02,4.500000000000000000e+01,2.360583000000000062e-06,0.000000000000000000e+00
1.904187413450152917e+02,2.078069250086549857e+02,4.500000000000000000e+01,2.340908000000000119e-06,0.000000000000000000e+00
1.908591526752069569e+02,2.078064845973247827e+02,4.500000000000000000e+01,2.270898999999999906e-06,0.000000000000000000e+00
1.913029965875387859e+02,2.078060407534124465e+02,4.500000000000000000e+01,2.448417999999999789e-06,0.000000000000000000e+00
1.916885349081997560e+02,2.078056552150918037e+02,4.500000000000000000e+01,2.543151000000000192e-06,0.000000000000000000e+00
1.921182295154133612e+02,2.078052255204845835e+02,4.500000000000000000e+01,2.500470000000000049e-06,0.000000000000000000e+00
1.925340272301534696e+02,2.078048097227698463e+02,4.500000000000000000e+01,2.473010999999999962e-06,0.000000000000000000e+00
1.929587796427037460e+02,2.078043849703572903e+02,4.500000000000000000e+01,2.385423000000000065e-06,0.000000000000000000e+00
1.933670266225412888e+02,2.078039767233774455e+02,4.500000000000000000e+01,2.542496000000000111e-06,0.000000000000000000e+00
1.938025237173529263e+02,2.078035412262826469e+02,4.500000000000000000e+01,2.214786999999999806e-06,0.000000000000000000e+00
1.942056280555169963e+02,2.078031381219444711e+02,4.500000000000000000e+01,2.154497999999999815e-06,0.000000000000000000e+00
1.946248575254180935e+02,2.078027188924745872e+02,4.500000000000000000e+01,2.045620999999999892e-06,0.000000000000000000e+00
1.950443403036086067e+02,2.078022994096963885e+02,4.500000000000000000e+01,2.405475000000000038e-06,0.000000000000000000e+00
1.954476869093251139e+02,2.078018960630906804e+02,4.500000000000000000e+01,2.384025999999999831e-06,0.000000000000000000e+00
1.958832120862285535e+02,2.078014605379137834e+02,4.500000000000000000e+01,2.569985000000000179e-06,0.000000000000000000e+00
1.962913215234542861e+02,2.078010524284765381e+02,4.500000000000000000e+01,2.510948000000000019e-06,0.000000000000000000e+00
1.967160183787107997e+02,2.078006277316212902e+02,4.500000000000000000e+01,2.574946999999999929e-06,0.000000000000000000e+00
1.971181831009327539e+02,2.078002255668990585e+02,4.500000000000000000e+01,2.370419999999999914e-06,0.000000000000000000e+00
1.975188549844938279e+02,2.077998248950154903e+02,4.500000000000000000e+01,2.518383999999999875e-06,0.000000000000000000e+00
1.979460837315984065e+02,2.077993976662683906e+02,4.500000000000000000e+01,2.532892000000000126e-06,0.000000000000000000e+00
1.983542372858536851e+02,2.077989895127141438e+02,4.500000000000000000e+01,2.523127000000000144e-06,0.000000000000000000e+00
1.987887534110686829e+02,2.077985549965889334e+02,4.500000000000000000e+01,2.546031999999999885e-06,0.000000000000000000e+00
1.992126163150838352e+02,2.077981311336849046e+02,4.500000000000000000e+01,2.701096999999999984e-06,0.000000000000000000e+00
1.996243237761970875e+02,2.077977194262238072e+02,4.500000000000000000e+01,2.728659000000000161e-06,0.000000000000000000e+00
2.000400023041323720e+02,2.077973037476958780e+02,4.500000000000000000e+01,2.748026999999999888e-06,0.000000000000000000e+00
2.004635636702739134e+02,2.077968801863297301e+02,4.500000000000000000e+01,2.607339000000000025e-06,0.000000000000000000e+00
2.008717615357724071e+02,2.077964719884642193e+02,4.500000000000000000e+01,2.467656000000000163e-06,0.000000000000000000e+00
2.013025225633796822e+02,2.077960412274366320e+02,4.500000000000000000e+01,2.825384999999999885e-06,0.000000000000000000e+00
2.017298255055530376e+02,2.077956139244944325e+02,4.500000000000000000e+01,2.829926000000000084e-06,0.000000000000000000e+00
2.021174313134011982e+02,2.077952263186865878e+02,4.500000000000000000e+01,2.921865000000000019e-06,0.000000000000000000e+00
2.025330031639939534e+02,2.077948107468359922e+02,4.500000000000000000e+01,2.862303999999999794e-06,0.000000000000000000e+00
2.029784212226436466e+02,2.077943653287773600e+02,4.500000000000000000e+01,2.884670000000000115e-06,0.000000000000000000e+00
2.034113051051353125e+02,2.077939324448948639e+02,4.500000000000000000e+01,2.730113999999999879e-06,0.000000000000000000e+00
2.038419786699051883e+02,2.077935017713300851e+02,4.500000000000000000e+01,2.461442000000000158e-06,0.000000000000000000e+00
2.042502274326856480e+02,2.077930935225673181e+02,4.500000000000000000e+01,2.571032000000000069e-06,0.000000000000000000e+00
2.046654897859301059e+02,2.077926782602140747e+02,4.500000000000000000e+01,2.433123999999999864e-06,0.000000000000000000e+00
2.050890498891804441e+02,2.077922547001108171e+02,4.500000000000000000e+01,2.771150000000000141e-06,0.000000000000000000e+00
2.054745199890698473e+02,2.077918692300109171e+02,4.500000000000000000e+01,2.939138000000000149e-06,0.000000000000000000e+00
2.059207863641221081e+02,2.077914229636358812e+02,4.500000000000000000e+01,2.743282999999999803e-06,0.000000000000000000e+00
2.063198078713709549e+02,2.077910239421286178e+02,4.500000000000000000e+01,2.630040000000000064e-06,0.000000000000000000e+00
2.067433756427395508e+02,2.077906003743572683e+02,4.500000000000000000e+01,2.572778999999999800e-06,0.000000000000000000e+00
2.071302352509343905e+02,2.077902135147490696e+02,4.500000000000000000e+01,2.542160999999999969e-06,0.000000000000000000e+00
2.075738670672992896e+02,2.077897698829326885e+02,4.500000000000000000e+01,2.428263999999999965e-06,0.000000000000000000e+00
2.079914022765440507e+02,2.077893523477234510e+02,4.500000000000000000e+01,2.286120000000000145e-06,0.000000000000000000e+00
2.083891904604594743e+02,2.077889545595395475e+02,4.500000000000000000e+01,2.240325999999999834e-06,0.000000000000000000e+00
2.088298715409338513e+02,2.077885138784590708e+02,4.500000000000000000e+01,2.209999000000000201e-06,0.000000000000000000e+00
2.092365511322312273e+02,2.077881071988677775e+02,4.500000000000000000e+01,2.215062999999999802e-06,0.000000000000000000e+00
2.096502919865347963e+02,2.077876934580134503e+02,4.500000000000000000e+01,2.302520000000000106e-06,0.000000000000000000e+00
2.100656727945503235e+02,2.077872780772054568e+02,4.500000000000000000e+01,2.370040999999999828e-06,0.000000000000000000e+00
2.105070950687022844e+02,2.077868366549313066e+02,4.500000000000000000e+01,2.379544000000000201e-06,0.000000000000000000e+00
2.109066411305613258e+02,2.077864371088694497e+02,4.500000000000000000e+01,2.353991000000000210e-06,0.000000000000000000e+00
2.113304090166272999e+02,2.077860133409833736e+02,4.500000000000000000e+01,2.420288999999999842e-06,0.000000000000000000e+00
2.117765189448300021e+02,2.077855672310551540e+02,4.500000000000000000e+01,2.718531000000000112e-06,0.000000000000000000e+00
2.121974865872873011e+02,2.077851462634127131e+02,4.500000000000000000e+01,2.854911000000000066e-06,0.000000000000000000e+00
2.126015590476644945e+02,2.077847421909523291e+02,4.500000000000000000e+01,2.680840999999999885e-06,0.000000000000000000e+00
2.130006378438783941e+02,2.077843431121561082e+02,4.500000000000000000e+01,2.781860999999999978e-06,0.000000000000000000e+00
2.134494926264462720e+02,2.077838942573735608e+02,4.500000000000000000e+01,2.878587000000000126e-06,0.000000000000000000e+00
2.138392360417253997e+02,2.077835045139582633e+02,4.500000000000000000e+01,2.806307999999999932e-06,0.000000000000000000e+00
2.142723470246904753e+02,2.077830714029753096e+02,4.500000000000000000e+01,2.637461999999999957e-06,0.000000000000000000e+00
2.147183507344871884e+02,2.077826253992654983e+02,4.500000000000000000e+01,2.532076999999999864e-06,0.000000000000000000e+00
2.150955112442748032e+02,2.077822482387557272e+02,4.500000000000000000e+01,2.482789999999999907e-06,0.000000000000000000e+00
2.155214728053648798e+02,2.077818222771946353e+02,4.500000000000000000e+01,2.412984000000000003e-06,0.000000000000000000e+00
2.159316608599884262e+02,2.077814120891400194e+02,4.500000000000000000e+01,2.417043999999999842e-06,0.000000000000000000e+00
2.163561408829997106e+02,2.077809876091170054e+02,4.500000000000000000e+01,2.564891000000000173e-06,0.000000000000000000e+00
2.167838531783228859e+02,2.077805598968216714e+02,4.500000000000000000e+01,2.727174000000000039e-06,0.000000000000000000e+00
2.171829126560818395e+02,2.077801608373439137e+02,4.500000000000000000e+01,2.617801999999999793e-06,0.000000000000000000e+00
2.175982868375434123e+02,2.077797454631624419e+02,4.500000000000000000e+01,2.662738999999999952e-06,0.000000000000000000e+00
2.179893960735542464e+02,2.077793543539264363e+02,4.500000000000000000e+01,2.312998000000000076e-06,0.000000000000000000e+00
2.184193613633484858e+02,2.077789243886366535e+02,4.500000000000000000e+01,2.494460000000000169e-06,0.000000000000000000e+00
2.188600834261176260e+02,2.077784836665738908e+02,4.500000000000000000e+01,2.759407000000000193e-06,0.000000000000000000e+00
2.192588290392424142e+02,2.077780849209607652e+02,4.500000000000000000e+01,2.523912999999999818e-06,0.000000000000000000e+00
2.196828677206106875e+02,2.077776608822793776e+02,4.500000000000000000e+01,2.360378999999999937e-06,0.000000000000000000e+00
2.200968033529526338e+02,2.077772469466470397e+02,4.500000000000000000e+01,2.285159999999999903e-06,0.000000000000000000e+00
2.205060848360060390e+02,2.077768376651639812e+02,4.500000000000000000e+01,2.221262999999999844e-06,0.000000000000000000e+00
2.209357221872438117e+02,2.077764080278127494e+02,4.500000000000000000e+01,2.205895999999999810e-06,0.000000000000000000e+00
2.213565726052123921e+02,2.077759871773947964e+02,4.500000000000000000e+01,2.262051999999999853e-06,0.000000000000000000e+00
2.217743221304649239e+02,2.077755694278695273e+02,4.500000000000000000e+01,2.175933000000000060e-06,0.000000000000000000e+00
2.221952183673858769e+02,2.077751485316326239e+02,4.500000000000000000e+01,2.125772999999999933e-06,0.000000000000000000e+00
2.226247100337317306e+02,2.077747190399662713e+02,4.500000000000000000e+01,2.191649000000000198e-06,0.000000000000000000e+00
2.230538103368499492e+02,2.077742899396631344e+02,4.500000000000000000e+01,2.172338999999999955e-06,0.000000000000000000e+00
2.234749969139486439e+02,2.077738687530860489e+02,4.500000000000000000e+01,2.185392000000000065e-06,0.000000000000000000e+00
2.238714133249361566e+02,2.077734723366750700e+02,4.500000000000000000e+01,2.216168999999999838e-06,0.000000000000000000e+00
2.243136195826591859e+02,2.077730301304173395e+02,4.500000000000000000e+01,2.247732000000000132e-06,0.000000000000000000e+00
2.247430486268023913e+02,2.077726007013731930e+02,4.500000000000000000e+01,2.161511999999999880e-06,0.000000000000000000e+00
2.251306851568373020e+02,2.077722130648431573e+02,4.500000000000000000e+01,2.102052999999999930e-06,0.000000000000000000e+00
2.255458979855810071e+02,2.077717978520144300e+02,4.500000000000000000e+01,2.059837999999999945e-06,0.000000000000000000e+00
2.259499964115062767e+02,2.077713937535884838e+02,4.500000000000000000e+01,2.072323999999999863e-06,0.000000000000000000e+00
2.263889140237124025e+02,2.077709548359762834e+02,4.500000000000000000e+01,2.084052999999999848e-06,0.000000000000000000e+00
2.267879805793893127e+02,2.077705557694206107e+02,4.500000000000000000e+01,2.110435000000000064e-06,0.000000000000000000e+00
2.272117484589913659e+02,2.077701320015410147e+02,4.500000000000000000e+01,2.034546999999999987e-06,0.000000000000000000e+00
2.276230353896600036e+02,2.077697207146103437e+02,4.500000000000000000e+01,2.117260000000000206e-06,0.000000000000000000e+00
2.280379262743850290e+02,2.077693058237256025e+02,4.500000000000000000e+01,2.023763999999999857e-06,0.000000000000000000e+00
2.284616331068942259e+02,2.077688821168931099e+02,4.500000000000000000e+01,2.009911000000000110e-06,0.000000000000000000e+00
2.288806603592699958e+02,2.077684630896407327e+02,4.500000000000000000e+01,1.968669999999999906e-06,0.000000000000000000e+00
2.293007068009542309e+02,2.077680430431990430e+02,4.500000000000000000e+01,1.970226999999999898e-06,0.000000000000000000e+00
2.297276670997428880e+02,2.077676160829002470e+02,4.500000000000000000e+01,1.964509000000000032e-06,0.000000000000000000e+00
2.301286927470598016e+02,2.077672150572529404e+02,4.500000000000000000e+01,2.022818000000000002e-06,0.000000000000000000e+00
2.305304768124684927e+02,2.077668132731875232e+02,4.500000000000000000e+01,2.006024999999999992e-06,0.000000000000000000e+00
2.309761975409718673e+02,2.077663675524590303e+02,4.500000000000000000e+01,2.006011000000000029e-06,0.000000000000000000e+00
2.314091506373750065e+02,2.077659345993626232e+02,4.500000000000000000e+01,1.996740999999999946e-06,0.000000000000000000e+00
2.318401217489969497e+02,2.077655036282509968e+02,4.500000000000000000e+01,1.979991999999999880e-06,0.000000000000000000e+00
2.322478513998902940e+02,2.077650958986000944e+02,4.500000000000000000e+01,1.949024999999999944e-06,0.000000000000000000e+00
2.326627688058103161e+02,2.077646809811941750e+02,4.500000000000000000e+01,1.949243999999999849e-06,0.000000000000000000e+00
2.330783444058524481e+02,2.077642654055941591e+02,4.500000000000000000e+01,1.865991999999999998e-06,0.000000000000000000e+00
2.334745029350721666e+02,2.077638692470649175e+02,4.500000000000000000e+01,1.889493000000000097e-06,0.000000000000000000e+00
2.339182685343511707e+02,2.077634254814656458e+02,4.500000000000000000e+01,1.930646000000000200e-06,0.000000000000000000e+00
2.343421345280183061e+02,2.077630016154719783e+02,4.500000000000000000e+01,1.950510000000000067e-06,0.000000000000000000e+00
2.347419108651731960e+02,2.077626018391348168e+02,4.500000000000000000e+01,1.901775000000000100e-06,0.000000000000000000e+00
2.351835178337574348e+02,2.077621602321662522e+02,4.500000000000000000e+01,1.894382999999999977e-06,0.000000000000000000e+00
2.355889340342573632e+02,2.077617548159657304e+02,4.500000000000000000e+01,1.891778000000000067e-06,0.000000000000000000e+00
2.359890957857344347e+02,2.077613546542142728e+02,4.500000000000000000e+01,1.932188999999999806e-06,0.000000000000000000e+00
2.364199250341133620e+02,2.077609238249658858e+02,4.500000000000000000e+01,1.935943000000000092e-06,0.000000000000000000e+00
2.368279637178113148e+02,2.077605157862821841e+02,4.500000000000000000e+01,1.972569999999999987e-06,0.000000000000000000e+00
2.372586848749512001e+02,2.077600850651250539e+02,4.500000000000000000e+01,1.915629000000000087e-06,0.000000000000000000e+00
2.376583726801526950e+02,2.077596853773198404e+02,4.500000000000000000e+01,1.919076999999999973e-06,0.000000000000000000e+00
2.380634865949585333e+02,2.077592802634050315e+02,4.500000000000000000e+01,1.934648000000000133e-06,0.000000000000000000e+00
2.385055283834142870e+02,2.077588382216165712e+02,4.500000000000000000e+01,1.935695999999999839e-06,0.000000000000000000e+00
2.388910159217539899e+02,2.077584527340782472e+02,4.500000000000000000e+01,1.960521000000000063e-06,0.000000000000000000e+00
2.393289357650707530e+02,2.077580148142349401e+02,4.500000000000000000e+01,1.906039000000000065e-06,0.000000000000000000e+00
2.397729780420659154e+02,2.077575707719579441e+02,4.500000000000000000e+01,2.288535999999999920e-06,0.000000000000000000e+00
2.401513208547913507e+02,2.077571924291452206e+02,4.500000000000000000e+01,2.007901999999999923e-06,0.000000000000000000e+00
2.405834877429956862e+02,2.077567602622569893e+02,4.500000000000000000e+01,2.123707000000000079e-06,0.000000000000000000e+00
2.409988414743233989e+02,2.077563449085256764e+02,4.500000000000000000e+01,2.029788000000000123e-06,0.000000000000000000e+00
2.414066299900674437e+02,2.077559371200099179e+02,4.500000000000000000e+01,1.981621999999999981e-06,0.000000000000000000e+00
2.418375575200173557e+02,2.077555061924799702e+02,4.500000000000000000e+01,2.135479000000000192e-06,0.000000000000000000e+00
2.422699041778668345e+02,2.077550738458221247e+02,4.500000000000000000e+01,2.317305000000000169e-06,0.000000000000000000e+00
2.426761333516080867e+02,2.077546676166483905e+02,4.500000000000000000e+01,2.337866999999999821e-06,0.000000000000000000e+00
2.430927873408396920e+02,2.077542509626591709e+02,4.500000000000000000e+01,2.329993999999999972e-06,0.000000000000000000e+00
2.435182238155167624e+02,2.077538255261844711e+02,4.500000000000000000e+01,2.131579000000000111e-06,0.000000000000000000e+00
2.439457264971589154e+02,2.077533980235028253e+02,4.500000000000000000e+01,2.088490999999999957e-06,0.000000000000000000e+00
2.443767442663138922e+02,2.077529670057336944e+02,4.500000000000000000e+01,2.014465000000000033e-06,0.000000000000000000e+00
2.448026922456314765e+02,2.077525410577543710e+02,4.500000000000000000e+01,2.093991000000000159e-06,0.000000000000000000e+00
2.452076923243300541e+02,2.077521360576756706e+02,4.500000000000000000e+01,2.131637000000000018e-06,0.000000000000000000e+00
2.456106654681647967e+02,2.077517330845318213e+02,4.500000000000000000e+01,2.103814000000000048e-06,0.000000000000000000e+00
2.460107310138627668e+02,2.077513330189861449e+02,4.500000000000000000e+01,2.141038000000000117e-06,0.000000000000000000e+00
2.464584013549940664e+02,2.077508853486449993e+02,4.500000000000000000e+01,1.989537999999999958e-06,0.000000000000000000e+00
2.468571291469465905e+02,2.077504866208530530e+02,4.500000000000000000e+01,1.922381000000000120e-06,0.000000000000000000e+00
2.472808805381808099e+02,2.077500628694618285e+02,4.500000000000000000e+01,1.931562999999999890e-06,0.000000000000000000e+00
2.476860168442054260e+02,2.077496577331558001e+02,4.500000000000000000e+01,1.894949999999999958e-06,0.000000000000000000e+00
2.481151295268891488e+02,2.077492286204731045e+02,4.500000000000000000e+01,1.922933999999999926e-06,0.000000000000000000e+00
2.485248714918348867e+02,2.077488188785081604e+02,4.500000000000000000e+01,1.915192000000000094e-06,0.000000000000000000e+00
2.489263469122137167e+02,2.077484174030877853e+02,4.500000000000000000e+01,1.827109000000000085e-06,0.000000000000000000e+00
2.493637166836546442e+02,2.077479800333163382e+02,4.500000000000000000e+01,1.887906999999999939e-06,0.000000000000000000e+00
2.497906935596994060e+02,2.077475530564402959e+02,4.500000000000000000e+01,1.826163000000000019e-06,0.000000000000000000e+00
2.501914771680759202e+02,2.077471522728319258e+02,4.500000000000000000e+01,1.828025999999999987e-06,0.000000000000000000e+00
2.506070181122273084e+02,2.077467367318877791e+02,4.500000000000000000e+01,1.862252000000000098e-06,0.000000000000000000e+00
2.510455598005677871e+02,2.077462981901994397e+02,4.500000000000000000e+01,1.881897000000000060e-06,0.000000000000000000e+00
2.514695475782442884e+02,2.077458742024217599e+02,4.500000000000000000e+01,1.835141999999999903e-06,0.000000000000000000e+00
2.518682891271261326e+02,2.077454754608728820e+02,4.500000000000000000e+01,1.844265999999999979e-06,0.000000000000000000e+00
2.523109399123834464e+02,2.077450328100876220e+02,4.500000000000000000e+01,1.800334000000000033e-06,0.000000000000000000e+00
2.527397507633588134e+02,2.077446039992366309e+02,4.500000000000000000e+01,1.781649000000000101e-06,0.000000000000000000e+00
2.531392675989407905e+02,2.077442044824010452e+02,4.500000000000000000e+01,1.751207000000000045e-06,0.000000000000000000e+00
2.535422321861747719e+02,2.077438015178138357e+02,4.500000000000000000e+01,1.761073000000000062e-06,0.000000000000000000e+00
2.539867473785157301e+02,2.077433570026214795e+02,4.500000000000000000e+01,1.758030999999999948e-06,0.000000000000000000e+00
2.543734022242464050e+02,2.077429703477757528e+02,4.500000000000000000e+01,1.782580999999999993e-06,0.000000000000000000e+00
2.548092370763358758e+02,2.077425345129236689e+02,4.500000000000000000e+01,1.746025999999999967e-06,0.000000000000000000e+00
2.552117953564225559e+02,2.077421319546435825e+02,4.500000000000000000e+01,1.727196000000000056e-06,0.000000000000000000e+00
2.556463674792962024e+02,2.077416973825206981e+02,4.500000000000000000e+01,1.708584000000000022e-06,0.000000000000000000e+00
2.560508679508143359e+02,2.077412928820491800e+02,4.500000000000000000e+01,1.736319999999999920e-06,0.000000000000000000e+00
2.564547020258600014e+02,2.077408890479741501e+02,4.500000000000000000e+01,1.807740999999999935e-06,0.000000000000000000e+00
2.568897239860337436e+02,2.077404540260139640e+02,4.500000000000000000e+01,1.785345000000000056e-06,0.000000000000000000e+00
2.572978936895751758e+02,2.077400458563104166e+02,4.500000000000000000e+01,1.774983999999999928e-06,0.000000000000000000e+00
2.577240845845150830e+02,2.077396196654154892e+02,4.500000000000000000e+01,1.733701000000000047e-06,0.000000000000000000e+00
2.581254184632267084e+02,2.077392183315367618e+02,4.500000000000000000e+01,1.736464999999999899e-06,0.000000000000000000e+00
2.585271232740477672e+02,2.077388166267259635e+02,4.500000000000000000e+01,1.834356000000000018e-06,0.000000000000000000e+00
2.589736546367995516e+02,2.077383700953631944e+02,4.500000000000000000e+01,1.768130000000000044e-06,0.000000000000000000e+00
2.593976476519001153e+02,2.077379461023481042e+02,4.500000000000000000e+01,1.745021999999999994e-06,0.000000000000000000e+00
2.597961338199860961e+02,2.077375476161800236e+02,4.500000000000000000e+01,1.586929999999999983e-06,0.000000000000000000e+00
2.602445860206218526e+02,2.077370991639793658e+02,4.500000000000000000e+01,1.559295999999999936e-06,0.000000000000000000e+00
2.606307903589164994e+02,2.077367129596410678e+02,4.500000000000000000e+01,1.601059999999999965e-06,0.000000000000000000e+00
2.610470177377674190e+02,2.077362967322622183e+02,4.500000000000000000e+01,1.643740999999999896e-06,0.000000000000000000e+00
2.614691587445192340e+02,2.077358745912554809e+02,4.500000000000000000e+01,1.540044000000000023e-06,0.000000000000000000e+00
2.618873702051526493e+02,2.077354563797948401e+02,4.500000000000000000e+01,1.511769000000000069e-06,0.000000000000000000e+00
2.623080326176534527e+02,2.077350357173823454e+02,4.500000000000000000e+01,1.514417999999999923e-06,0.000000000000000000e+00
2.627362038179552997e+02,2.077346075461820476e+02,4.500000000000000000e+01,1.547304999999999918e-06,0.000000000000000000e+00
2.631615726297709443e+02,2.077341821773702293e+02,4.500000000000000000e+01,1.787425999999999901e-06,0.000000000000000000e+00
2.635947929090572188e+02,2.077337489570909383e+02,4.500000000000000000e+01,1.609442000000000099e-06,0.000000000000000000e+00
2.640090562637467428e+02,2.077333346937362535e+02,4.500000000000000000e+01,1.591572000000000006e-06,0.000000000000000000e+00
2.644166318632894104e+02,2.077329271181367005e+02,4.500000000000000000e+01,1.698062999999999924e-06,0.000000000000000000e+00
2.648470802463673976e+02,2.077324966697536297e+02,4.500000000000000000e+01,1.833133999999999956e-06,0.000000000000000000e+00
2.652756452825988163e+02,2.077320681047173991e+02,4.500000000000000000e+01,1.796521000000000024e-06,0.000000000000000000e+00
2.656722482591178505e+02,2.077316715017408910e+02,4.500000000000000000e+01,1.900028999999999973e-06,0.000000000000000000e+00
2.660945586849124993e+02,2.077312491913150723e+02,4.500000000000000000e+01,1.800813999999999942e-06,0.000000000000000000e+00
2.664800060445446661e+02,2.077308637439554673e+02,4.500000000000000000e+01,1.795443999999999940e-06,0.000000000000000000e+00
2.669267441055368977e+02,2.077304170058944521e+02,4.500000000000000000e+01,1.508290999999999990e-06,0.000000000000000000e+00
2.673254923447601072e+02,2.077300182576552459e+02,4.500000000000000000e+01,1.425855000000000005e-06,0.000000000000000000e+00
2.677492292709923731e+02,2.077295945207289947e+02,4.500000000000000000e+01,1.468229999999999959e-06,0.000000000000000000e+00
2.681924696965037924e+02,2.077291512803034834e+02,4.500000000000000000e+01,1.425520000000000075e-06,0.000000000000000000e+00
2.685799608153312192e+02,2.077287637891846543e+02,4.500000000000000000e+01,1.476918000000000070e-06,0.000000000000000000e+00
2.689963197189451876e+02,2.077283474302810475e+02,4.500000000000000000e+01,1.459207999999999946e-06,0.000000000000000000e+00
2.694123360298762577e+02,2.077279314139701114e+02,4.500000000000000000e+01,1.514242999999999962e-06,0.000000000000000000e+00
2.698351756743510350e+02,2.077275085743256398e+02,4.500000000000000000e+01,1.539781999999999990e-06,0.000000000000000000e+00
2.702674303528232826e+02,2.077270763196471819e+02,4.500000000000000000e+01,1.497785000000000094e-06,0.000000000000000000e+00
2.706914233679238464e+02,2.077266523266320633e+02,4.500000000000000000e+01,1.494335999999999968e-06,0.000000000000000000e+00
2.711046963544490609e+02,2.077262390536455428e+02,4.500000000000000000e+01,1.533043999999999920e-06,0.000000000000000000e+00
2.715151760086940271e+02,2.077258285739912935e+02,4.500000000000000000e+01,1.487030999999999917e-06,0.000000000000000000e+00
2.719433195653965640e+02,2.077254004304346040e+02,4.500000000000000000e+01,1.455453000000000056e-06,0.000000000000000000e+00
2.723459932122882492e+02,2.077249977567877011e+02,4.500000000000000000e+01,1.479057000000000034e-06,0.000000000000000000e+00
2.727821694812629971e+02,2.077245615805187242e+02,4.500000000000000000e+01,1.470326000000000007e-06,0.000000000000000000e+00
2.732048602412065748e+02,2.077241388897587910e+02,4.500000000000000000e+01,1.502106999999999965e-06,0.000000000000000000e+00
2.736204078119118890e+02,2.077237233421880944e+02,4.500000000000000000e+01,1.507767999999999952e-06,0.000000000000000000e+00
2.740081768685556654e+02,2.077233355731314361e+02,4.500000000000000000e+01,1.500418999999999957e-06,0.000000000000000000e+00
2.744563527736825677e+02,2.077228873972263159e+02,4.500000000000000000e+01,1.496403000000000062e-06,0.000000000000000000e+00
2.748803426793893436e+02,2.077224634073206175e+02,4.500000000000000000e+01,1.476597000000000103e-06,0.000000000000000000e+00
2.752793329433656027e+02,2.077220644170566288e+02,4.500000000000000000e+01,1.485997999999999990e-06,0.000000000000000000e+00
2.757256462416837053e+02,2.077216181037583169e+02,4.500000000000000000e+01,1.504085999999999960e-06,0.000000000000000000e+00
2.761020710629770747e+02,2.077212416789370195e+02,4.500000000000000000e+01,1.491221999999999984e-06,0.000000000000000000e+00
2.765284003668460286e+02,2.077208153496331420e+02,4.500000000000000000e+01,1.435356999999999927e-06,0.000000000000000000e+00
2.769539120400772276e+02,2.077203898379599138e+02,4.500000000000000000e+01,1.420849000000000099e-06,0.000000000000000000e+00
2.773618567668618766e+02,2.077199818932331254e+02,4.500000000000000000e+01,1.489912000000000034e-06,0.000000000000000000e+00
2.777925352510246739e+02,2.077195512147489751e+02,4.500000000000000000e+01,1.451014999999999947e-06,0.000000000000000000e+00
2.781955311529378037e+02,2.077191482188470673e+02,4.500000000000000000e+01,1.405830999999999958e-06,0.000000000000000000e+00
2.786050198425530766e+02,2.077187387301574404e+02,4.500000000000000000e+01,1.423496999999999925e-06,0.000000000000000000e+00
