Y_dimension(mm),Button,True_depth(m),meas
0.0,0.0,205.577975,2.215694e-05
0.0,0.0,205.577975,-2.222805e-06
0.0,0.0,205.577975,-1.249966e-06
0.0,0.0,205.5779438103408,-7.206108e-07
0.0,0.0,205.5777867410102,-5.035399e-07
0.0,0.0,205.57758978693184,-2.9844520000000003e-07
0.0,0.0,205.5773540879993,4.065805e-08
0.0,0.0,205.5770885868804,3.785681e-07
0.0,0.0,205.5767939253203,4.369795e-07
0.0,0.0,205.57643130657567,5.494221e-07
0.0,0.0,205.57604879106464,4.6592320000000005e-07
0.0,0.0,205.57564192633023,8.123316000000001e-07
0.0,0.0,205.5752264336325,7.940544e-07
0.0,0.0,205.5748181880436,7.374329e-07
0.0,0.0,205.57438765165065,8.033820999999999e-07
0.0,0.0,205.57398011792168,9.383511000000001e-07
0.0,0.0,205.5735655375429,9.03121e-07
0.0,0.0,205.57313263063784,9.006326000000001e-07
0.0,0.0,205.57275306325965,1.048465e-06
0.0,0.0,205.5723099123816,1.08307e-06
0.0,0.0,205.57187165884065,1.089094e-06
0.0,0.0,205.5714638179972,1.028136e-06
0.0,0.0,205.5710459375244,1.114924e-06
0.0,0.0,205.5706307976232,1.01568e-06
0.0,0.0,205.57019448539944,9.740179e-07
0.0,0.0,205.56980904824897,1.092005e-06
0.0,0.0,205.56936852920663,1.111766e-06
0.0,0.0,205.5689221286334,1.075503e-06
0.0,0.0,205.56852810772105,1.111213e-06
0.0,0.0,205.56811095220044,1.163091e-06
0.0,0.0,205.5676985327944,1.168548e-06
0.0,0.0,205.56729316178547,1.153399e-06
0.0,0.0,205.56685110208247,1.166569e-06
0.0,0.0,205.5664350694092,8.948409000000001e-07
0.0,0.0,205.56603438395888,1.185312e-06
0.0,0.0,205.5655911011388,1.212771e-06
0.0,0.0,205.56520552440455,1.157387e-06
0.0,0.0,205.56478160981976,1.130815e-06
0.0,0.0,205.5643566573128,1.235298e-06
0.0,0.0,205.56393783892227,1.207649e-06
0.0,0.0,205.56351433053416,1.058215e-06
0.0,0.0,205.56312667925397,1.248598e-06
0.0,0.0,205.56271156141904,1.26932e-06
0.0,0.0,205.56226383415327,1.218548e-06
0.0,0.0,205.56186473930464,1.359454e-06
0.0,0.0,205.56144087969767,1.292283e-06
0.0,0.0,205.5610360930126,1.317254e-06
0.0,0.0,205.5606063021889,1.323191e-06
0.0,0.0,205.56019093491088,1.329332e-06
0.0,0.0,205.55976650551207,1.360182e-06
0.0,0.0,205.5593586737648,1.267428e-06
0.0,0.0,205.55892342152328,1.460285e-06
0.0,0.0,205.55849970366583,1.24755e-06
0.0,0.0,205.55805940771376,1.377761e-06
0.0,0.0,205.5576521503837,1.398963e-06
0.0,0.0,205.55725098467883,1.389053e-06
0.0,0.0,205.5568204024256,1.458422e-06
0.0,0.0,205.55641221999045,1.407228e-06
0.0,0.0,205.55598289107508,1.326407e-06
0.0,0.0,205.55557350630636,1.363442e-06
0.0,0.0,205.55517954494235,1.323133e-06
0.0,0.0,205.5547351970024,1.383436e-06
0.0,0.0,205.55433612622775,1.323759e-06
0.0,0.0,205.5539124807624,1.308435e-06
0.0,0.0,205.5535100394698,1.352149e-06
0.0,0.0,205.55307497356327,1.28719e-06
0.0,0.0,205.55267148640007,1.416687e-06
0.0,0.0,205.55226739237176,1.356384e-06
0.0,0.0,205.55183270518256,1.328881e-06
0.0,0.0,205.5514019591377,1.443681e-06
0.0,0.0,205.55097170254737,1.340653e-06
0.0,0.0,205.55058325121743,1.410241e-06
0.0,0.0,205.5501488312347,1.444321e-06
0.0,0.0,205.54972523430212,1.424691e-06
0.0,0.0,205.54929427005183,1.416003e-06
0.0,0.0,205.54888639054997,1.427979e-06
0.0,0.0,205.5484555786201,1.411216e-06
0.0,0.0,205.54803549774556,1.455599e-06
0.0,0.0,205.54764780704727,1.420718e-06
0.0,0.0,205.54723096228332,1.372406e-06
0.0,0.0,205.5468148080124,1.420442e-06
0.0,0.0,205.54638382860296,1.47699e-06
0.0,0.0,205.54594182046583,1.442429e-06
0.0,0.0,205.54556114128627,1.394568e-06
0.0,0.0,205.54512750016764,1.257606e-06
0.0,0.0,205.5447363400928,1.397799e-06
0.0,0.0,205.5443064908821,1.425055e-06
0.0,0.0,205.54388412579567,1.302949e-06
0.0,0.0,205.54346809507368,1.24803e-06
0.0,0.0,205.54305098524048,1.3018e-06
0.0,0.0,205.54262909070007,1.263048e-06
0.0,0.0,205.54222053203037,1.27696e-06
0.0,0.0,205.54179688335867,1.34953e-06
0.0,0.0,205.5413978927794,1.286011e-06
0.0,0.0,205.54095125303152,1.212538e-06
0.0,0.0,205.54054983583063,1.313121e-06
0.0,0.0,205.5401427958604,1.383567e-06
0.0,0.0,205.53972706880447,1.333741e-06
0.0,0.0,205.53927853217243,1.381326e-06
0.0,0.0,205.53885486434368,1.397595e-06
0.0,0.0,205.53845403109136,1.38671e-06
0.0,0.0,205.53800733972784,1.263266e-06
0.0,0.0,205.5375956788912,1.329638e-06
0.0,0.0,205.53718505973077,1.310109e-06
0.0,0.0,205.5367807564628,1.313922e-06
0.0,0.0,205.53634985357195,1.282257e-06
0.0,0.0,205.53594161022596,1.274835e-06
0.0,0.0,205.53551869809633,1.239576e-06
0.0,0.0,205.5351025577164,1.183944e-06
0.0,0.0,205.5347155574922,1.329172e-06
0.0,0.0,205.534267967928,1.255088e-06
0.0,0.0,205.5338693363172,1.080029e-06
0.0,0.0,205.53344526481584,1.295222e-06
0.0,0.0,205.5330397060052,1.264736e-06
0.0,0.0,205.53261101429436,1.251523e-06
0.0,0.0,205.53219869256023,1.240303e-06
0.0,0.0,205.5317928596417,1.244538e-06
0.0,0.0,205.5313618924801,1.098044e-06
0.0,0.0,205.53092666348624,1.180772e-06
0.0,0.0,205.53052311008736,1.261753e-06
0.0,0.0,205.5300923237752,1.159424e-06
0.0,0.0,205.52967526799776,1.120308e-06
0.0,0.0,205.529253539124,1.234526e-06
0.0,0.0,205.52882307177168,1.174601e-06
0.0,0.0,205.52839898944887,1.014356e-06
0.0,0.0,205.52798591066409,1.237626e-06
0.0,0.0,205.52757061732956,1.295528e-06
0.0,0.0,205.52718317770612,1.265464e-06
0.0,0.0,205.5267384414668,1.311084e-06
0.0,0.0,205.52632048112528,1.332563e-06
0.0,0.0,205.525915407426,1.26996e-06
0.0,0.0,205.52546757752393,1.364126e-06
0.0,0.0,205.5250771966797,1.345179e-06
0.0,0.0,205.52466187520372,1.281223e-06
0.0,0.0,205.5242427236652,1.308203e-06
0.0,0.0,205.52383468774465,1.404129e-06
0.0,0.0,205.523403826412,1.239532e-06
0.0,0.0,205.52299794274424,1.336521e-06
0.0,0.0,205.52258508109412,1.386288e-06
0.0,0.0,205.52215721154136,1.13876e-06
0.0,0.0,205.5217720326631,1.270848e-06
0.0,0.0,205.52132789490344,1.345194e-06
0.0,0.0,205.5209158114204,1.284294e-06
0.0,0.0,205.52050873495332,1.258479e-06
0.0,0.0,205.52008154768967,1.338092e-06
0.0,0.0,205.519650202344,1.264751e-06
0.0,0.0,205.51923296229364,1.186141e-06
0.0,0.0,205.51880201750103,1.162494e-06
0.0,0.0,205.51836069940916,1.307853e-06
0.0,0.0,205.5179624025636,1.353619e-06
0.0,0.0,205.51753759214083,1.31187e-06
0.0,0.0,205.51710163782943,1.370907e-06
0.0,0.0,205.51671524925928,1.372406e-06
0.0,0.0,205.51629141415071,1.345368e-06
0.0,0.0,205.51586483242332,1.187072e-06
0.0,0.0,205.51544696275707,1.335095e-06
0.0,0.0,205.51502542298803,1.307737e-06
0.0,0.0,205.51463788192757,1.260079e-06
0.0,0.0,205.5142000739456,1.273322e-06
0.0,0.0,205.5138148050339,1.384702e-06
0.0,0.0,205.5133747769111,1.314285e-06
0.0,0.0,205.51297563413664,1.217777e-06
0.0,0.0,205.51255237775675,1.367327e-06
0.0,0.0,205.51211730281935,1.410794e-06
0.0,0.0,205.51170413609964,1.285895e-06
0.0,0.0,205.51129819386836,1.226377e-06
0.0,0.0,205.51086737651684,1.345834e-06
0.0,0.0,205.51043638266492,1.30244e-06
0.0,0.0,205.51001214206167,1.289794e-06
0.0,0.0,205.50959753747316,1.258435e-06
0.0,0.0,205.5091862246664,1.34256e-06
0.0,0.0,205.5087622765696,1.330642e-06
0.0,0.0,205.50832841972976,1.345092e-06
0.0,0.0,205.5079208484329,1.290711e-06
0.0,0.0,205.5074943074765,1.324646e-06
0.0,0.0,205.50707964296396,1.270993e-06
0.0,0.0,205.50669221307007,1.273525e-06
0.0,0.0,205.5062675083924,1.293753e-06
0.0,0.0,205.5058427549509,1.36251e-06
0.0,0.0,205.5054294179352,1.295819e-06
0.0,0.0,205.5050045814052,1.150882e-06
0.0,0.0,205.504616951676,1.26996e-06
0.0,0.0,205.50420168552503,1.302673e-06
0.0,0.0,205.50375540495088,1.300228e-06
0.0,0.0,205.50336253075173,1.261913e-06
0.0,0.0,205.50293346220056,1.170702e-06
0.0,0.0,205.50248625867957,1.331267e-06
0.0,0.0,205.50209874036375,1.292006e-06
0.0,0.0,205.50168360131224,1.274064e-06
0.0,0.0,205.5012511562396,1.326014e-06
0.0,0.0,205.50085963626512,1.4096e-06
0.0,0.0,205.50041774584352,1.34157e-06
0.0,0.0,205.49999400756985,1.018867e-06
0.0,0.0,205.49960268028363,1.293709e-06
0.0,0.0,205.4991671402589,1.346925e-06
0.0,0.0,205.49874730643205,1.337612e-06
0.0,0.0,205.49831648932127,1.3752e-06
0.0,0.0,205.49787684353512,1.313208e-06
0.0,0.0,205.49747830142488,1.244742e-06
0.0,0.0,205.49705555877287,1.245367e-06
0.0,0.0,205.4966408361661,1.315071e-06
0.0,0.0,205.4962334714301,1.238586e-06
0.0,0.0,205.49580200287116,1.199849e-06
0.0,0.0,205.49541418261205,1.299268e-06
0.0,0.0,205.49497526176677,1.3596e-06
0.0,0.0,205.4945646692672,1.34985e-06
0.0,0.0,205.49415958961112,1.2909e-06
0.0,0.0,205.49374080610295,1.304448e-06
0.0,0.0,205.49331391840812,1.42098e-06
0.0,0.0,205.4929116544956,1.310531e-06
0.0,0.0,205.4924731967272,1.287306e-06
0.0,0.0,205.49206527303647,1.37357e-06
0.0,0.0,205.49165023452417,1.342778e-06
0.0,0.0,205.49123866734433,1.330831e-06
0.0,0.0,205.49079121236363,1.32616e-06
0.0,0.0,205.49038389449743,1.357592e-06
0.0,0.0,205.48996908715188,1.321678e-06
0.0,0.0,205.4895249745336,1.239692e-06
0.0,0.0,205.4891107777466,1.419467e-06
0.0,0.0,205.48872382838348,1.372886e-06
0.0,0.0,205.48827571121063,1.366905e-06
0.0,0.0,205.48786302358675,1.37357e-06
0.0,0.0,205.4874532362624,1.372828e-06
0.0,0.0,205.48700746384307,1.349952e-06
0.0,0.0,205.48661620244133,1.328997e-06
0.0,0.0,205.4862042314576,1.369845e-06
0.0,0.0,205.48579388457844,1.3674e-06
0.0,0.0,205.48536942990765,1.341832e-06
0.0,0.0,205.48493864071807,1.329056e-06
0.0,0.0,205.48453641251385,1.339067e-06
0.0,0.0,205.48412766498944,1.333989e-06
0.0,0.0,205.48369168320008,1.321459e-06
0.0,0.0,205.48330657694433,1.337045e-06
0.0,0.0,205.48286609738648,1.36724e-06
0.0,0.0,205.48244246800087,1.458087e-06
0.0,0.0,205.4820370919976,1.451801e-06
0.0,0.0,205.48161911044764,1.372158e-06
0.0,0.0,205.48119182191263,1.354492e-06
0.0,0.0,205.4807844811662,1.438442e-06
0.0,0.0,205.48037263481152,1.415203e-06
0.0,0.0,205.47992865138693,1.337146e-06
0.0,0.0,205.4795028872328,1.382563e-06
0.0,0.0,205.47910140619632,1.46174e-06
0.0,0.0,205.47870029324375,1.462045e-06
0.0,0.0,205.47825395074045,1.457942e-06
0.0,0.0,205.4778206211972,1.443681e-06
0.0,0.0,205.47739682028555,1.501918e-06
0.0,0.0,205.47698329636492,1.57961e-06
0.0,0.0,205.47656797777103,1.591805e-06
0.0,0.0,205.47616006256848,1.495995e-06
0.0,0.0,205.47575778626347,1.516149e-06
0.0,0.0,205.47533939793604,1.553912e-06
0.0,0.0,205.47491891762036,1.524546e-06
0.0,0.0,205.47451406668648,1.491091e-06
0.0,0.0,205.4741025608688,1.476612e-06
0.0,0.0,205.4736658305129,1.434819e-06
0.0,0.0,205.47326338024183,1.497887e-06
0.0,0.0,205.47284344856143,1.543624e-06
0.0,0.0,205.4724018481756,1.519918e-06
0.0,0.0,205.47201648725496,1.500419e-06
0.0,0.0,205.4715826020552,1.491891e-06
0.0,0.0,205.4711673390489,1.588502e-06
0.0,0.0,205.47074730677903,1.522974e-06
0.0,0.0,205.47030091911367,1.52459e-06
0.0,0.0,205.46990222860305,1.519031e-06
0.0,0.0,205.46947865918295,1.526525e-06
0.0,0.0,205.46903571179408,1.614259e-06
0.0,0.0,205.4686312892929,1.694163e-06
0.0,0.0,205.468231687083,1.64751e-06
0.0,0.0,205.46780067583327,1.533961e-06
0.0,0.0,205.46739217720804,1.596462e-06
0.0,0.0,205.4669610295961,1.657056e-06
0.0,0.0,205.46656074016096,1.745808e-06
0.0,0.0,205.46615505305272,1.77417e-06
0.0,0.0,205.46571436622813,1.745051e-06
0.0,0.0,205.46531448712784,1.692228e-06
0.0,0.0,205.46489076927045,1.674212e-06
0.0,0.0,205.46449047905287,1.745546e-06
0.0,0.0,205.46406829008723,1.667024e-06
0.0,0.0,205.46363541322384,1.625333e-06
0.0,0.0,205.4632422910647,1.560329e-06
0.0,0.0,205.46281317427545,1.595152e-06
0.0,0.0,205.4623824716034,1.690394e-06
0.0,0.0,205.46197441016665,1.687949e-06
0.0,0.0,205.4615589838524,1.695444e-06
0.0,0.0,205.46112689046683,1.586857e-06
0.0,0.0,205.4607483946944,1.695269e-06
0.0,0.0,205.46030398555283,1.721448e-06
0.0,0.0,205.4598655613404,1.691005e-06
0.0,0.0,205.45948020732152,1.675537e-06
0.0,0.0,205.4590376675957,1.645065e-06
0.0,0.0,205.45862248797073,1.738692e-06
0.0,0.0,205.4581837207924,1.73389e-06
0.0,0.0,205.457760002935,1.64927e-06
0.0,0.0,205.45736121063095,1.647175e-06
0.0,0.0,205.45691831127127,1.605105e-06
0.0,0.0,205.45651379993052,1.613065e-06
0.0,0.0,205.4561029804842,1.676395e-06
0.0,0.0,205.45569127071863,1.627152e-06
0.0,0.0,205.45528640801112,1.679597e-06
0.0,0.0,205.4548555265288,1.578752e-06
0.0,0.0,205.4544476297083,1.64927e-06
0.0,0.0,205.4540263610085,1.620851e-06
0.0,0.0,205.4535974849553,1.500885e-06
0.0,0.0,205.4531986145664,1.43623e-06
0.0,0.0,205.45277473535057,1.58076e-06
0.0,0.0,205.45237520388883,1.524852e-06
0.0,0.0,205.451930514783,1.287903e-06
0.0,0.0,205.4515051369341,8.824427000000001e-07
0.0,0.0,205.45108980508704,6.295159e-07
0.0,0.0,205.45074611328752,4.3665930000000005e-07
0.0,0.0,205.45025561926184,3.057066e-07
0.0,0.0,205.44983207723524,1.6772540000000002e-07
0.0,0.0,205.4493914795864,8.389179e-08
0.0,0.0,205.44898393558145,5.541369e-08
0.0,0.0,205.44856960938253,3.491004e-08
0.0,0.0,205.44816130588592,4.544563e-08
0.0,0.0,205.44775898948103,5.577749e-08
0.0,0.0,205.4473280401572,2.8392240000000004e-07
0.0,0.0,205.44690358868945,2.8403880000000004e-07
0.0,0.0,205.4464922112248,3.9361480000000004e-07
0.0,0.0,205.44608083657528,1.694498e-06
0.0,0.0,205.44566763010968,1.606051e-06
0.0,0.0,205.4452442524908,1.689099e-06
0.0,0.0,205.44484484479057,1.673048e-06
0.0,0.0,205.4444030239422,1.602544e-06
0.0,0.0,205.44397238794105,1.543784e-06
0.0,0.0,205.4435844157539,1.76001e-06
0.0,0.0,205.443168588174,1.764565e-06
0.0,0.0,205.44276698499652,1.750464e-06
0.0,0.0,205.44233992083608,1.732406e-06
0.0,0.0,205.4419028758043,1.767607e-06
0.0,0.0,205.44150125756633,1.837645e-06
0.0,0.0,205.4410915456132,1.785796e-06
0.0,0.0,205.44065272885263,1.755019e-06
0.0,0.0,205.440220517128,1.720182e-06
0.0,0.0,205.43983509250856,1.737688e-06
0.0,0.0,205.43939753365433,1.694454e-06
0.0,0.0,205.4389512866495,1.862005e-06
0.0,0.0,205.43853074724353,1.758046e-06
0.0,0.0,205.4381262049818,1.72868e-06
0.0,0.0,205.4377271532332,1.685388e-06
0.0,0.0,205.43729606846696,1.721564e-06
0.0,0.0,205.43687404563224,1.72836e-06
0.0,0.0,205.4364567580222,1.718887e-06
0.0,0.0,205.4360370793329,1.705208e-06
0.0,0.0,205.43561786695423,1.634966e-06
0.0,0.0,205.4352081113496,1.710621e-06
0.0,0.0,205.43481593404985,1.628607e-06
0.0,0.0,205.4343850254556,1.660548e-06
0.0,0.0,205.43393961996105,1.685999e-06
0.0,0.0,205.43355415356623,1.608831e-06
0.0,0.0,205.43312883663393,1.624663e-06
0.0,0.0,205.432714754393,1.692184e-06
0.0,0.0,205.43230780633007,1.660126e-06
0.0,0.0,205.4318773181856,1.601555e-06
0.0,0.0,205.4314438819424,1.508379e-06
0.0,0.0,205.43103880867596,1.665321e-06
0.0,0.0,205.43063763574327,1.66308e-06
0.0,0.0,205.43019417068965,1.655804e-06
0.0,0.0,205.42976880502877,1.595312e-06
0.0,0.0,205.42933806131967,1.505075e-06
0.0,0.0,205.42892993709663,1.35036e-06
0.0,0.0,205.42850434748823,1.610664e-06
0.0,0.0,205.4281024422248,1.718057e-06
0.0,0.0,205.4277015033552,1.624634e-06
0.0,0.0,205.4272547844212,1.596287e-06
0.0,0.0,205.42685616721755,1.624489e-06
0.0,0.0,205.42643226931523,1.56826e-06
0.0,0.0,205.42602830174056,1.585242e-06
0.0,0.0,205.42559725858436,1.543871e-06
0.0,0.0,205.42518158443767,1.507215e-06
0.0,0.0,205.4247766735652,1.525303e-06
0.0,0.0,205.4243504895337,1.491237e-06
0.0,0.0,205.4239241821848,1.508888e-06
0.0,0.0,205.42351989559367,1.435212e-06
0.0,0.0,205.42310409787896,1.483946e-06
0.0,0.0,205.4226922461744,1.441265e-06
0.0,0.0,205.42228709485113,1.463573e-06
0.0,0.0,205.4218444344632,1.452965e-06
0.0,0.0,205.42142512854096,1.471344e-06
0.0,0.0,205.42102114885736,1.501889e-06
0.0,0.0,205.4205830961548,1.51839e-06
0.0,0.0,205.42017830746448,1.445835e-06
0.0,0.0,205.4197746504603,1.444743e-06
0.0,0.0,205.41933928035064,1.462802e-06
0.0,0.0,205.4189087867844,1.514054e-06
0.0,0.0,205.4184786424809,1.496999e-06
0.0,0.0,205.41803562222427,1.461711e-06
0.0,0.0,205.41765591227173,1.442269e-06
0.0,0.0,205.41723214438568,1.493798e-06
0.0,0.0,205.41680055029389,1.458888e-06
0.0,0.0,205.41639248871897,1.348686e-06
0.0,0.0,205.41596169589712,1.436289e-06
0.0,0.0,205.41556137693968,1.451845e-06
0.0,0.0,205.41515548493825,1.491382e-06
0.0,0.0,205.41475714092488,1.435226e-06
0.0,0.0,205.41432906383645,1.477078e-06
0.0,0.0,205.41389033249325,1.568595e-06
0.0,0.0,205.41348983184076,1.508801e-06
0.0,0.0,205.4130778860536,1.522363e-06
0.0,0.0,205.4126513277528,1.451277e-06
0.0,0.0,205.41224516256537,1.51142e-06
0.0,0.0,205.41182134416965,1.425724e-06
0.0,0.0,205.4113817300312,1.427063e-06
0.0,0.0,205.41095296977227,1.452237e-06
0.0,0.0,205.41055799608068,1.484455e-06
0.0,0.0,205.41014241408965,1.416018e-06
0.0,0.0,205.40969959491952,1.392662e-06
0.0,0.0,205.409273629598,1.349385e-06
0.0,0.0,205.40887985045575,1.376146e-06
0.0,0.0,205.408434943588,1.403954e-06
0.0,0.0,205.4080322706189,1.365464e-06
0.0,0.0,205.40762327454885,1.356806e-06
0.0,0.0,205.40720756067768,1.318142e-06
0.0,0.0,205.4067960353323,1.314882e-06
0.0,0.0,205.40637195418307,1.254957e-06
0.0,0.0,205.40594394294305,1.266468e-06
0.0,0.0,205.4055457656721,1.36414e-06
0.0,0.0,205.40511469592096,1.401859e-06
0.0,0.0,205.40473819092284,1.409397e-06
0.0,0.0,205.40429178990075,1.400025e-06
0.0,0.0,205.40386485066236,1.387743e-06
0.0,0.0,205.40346897519677,1.323686e-06
0.0,0.0,205.403025429662,1.522814e-06
0.0,0.0,205.40262142037412,1.510765e-06
0.0,0.0,205.40222236451535,1.491819e-06
0.0,0.0,205.40179186862164,1.54454e-06
0.0,0.0,205.4013706391776,1.527471e-06
0.0,0.0,205.40095119934023,1.544424e-06
0.0,0.0,205.40052733139683,1.57555e-06
0.0,0.0,205.40011422226837,1.596549e-06
0.0,0.0,205.39970404579097,1.584413e-06
0.0,0.0,205.39928005277588,1.536624e-06
0.0,0.0,205.3988443550627,1.510503e-06
0.0,0.0,205.39841365683412,1.518769e-06
0.0,0.0,205.3979846224279,1.530876e-06
0.0,0.0,205.3975971461048,1.597378e-06
0.0,0.0,205.3971537988528,1.508917e-06
0.0,0.0,205.3967358191656,1.496359e-06
0.0,0.0,205.39634027446104,1.485518e-06
0.0,0.0,205.3959006303372,1.467182e-06
0.0,0.0,205.3954946023107,1.397799e-06
0.0,0.0,205.39508142790828,1.386361e-06
0.0,0.0,205.3946937144392,1.489534e-06
0.0,0.0,205.39426891374947,1.492619e-06
0.0,0.0,205.3938252009441,1.504421e-06
0.0,0.0,205.3934261584967,1.483873e-06
0.0,0.0,205.39300232087973,1.466615e-06
0.0,0.0,205.39261733151048,1.480512e-06
0.0,0.0,205.39217910609963,1.459732e-06
0.0,0.0,205.3917549678676,1.371736e-06
0.0,0.0,205.3913143870946,1.331049e-06
0.0,0.0,205.39092000895195,1.378765e-06
0.0,0.0,205.39049609178852,1.411041e-06
0.0,0.0,205.3900554155886,1.368884e-06
0.0,0.0,205.38963981243035,1.367749e-06
0.0,0.0,205.38924538662184,1.327353e-06
0.0,0.0,205.3888164962823,1.377513e-06
0.0,0.0,205.38837475315216,1.298627e-06
0.0,0.0,205.38796678251103,1.263354e-06
0.0,0.0,205.38754985171755,1.230059e-06
0.0,0.0,205.38714345077716,1.259308e-06
0.0,0.0,205.38674293952124,1.285007e-06
0.0,0.0,205.38631210485116,1.352149e-06
0.0,0.0,205.38590100784853,1.30861e-06
0.0,0.0,205.38546261702993,1.288878e-06
0.0,0.0,205.38506215937173,1.341177e-06
0.0,0.0,205.38465654888668,1.178429e-06
0.0,0.0,205.3842381828837,1.285196e-06
0.0,0.0,205.38383026262176,1.280889e-06
0.0,0.0,205.3833991730884,1.262393e-06
0.0,0.0,205.38295761504077,1.322653e-06
0.0,0.0,205.38255721327363,1.240551e-06
0.0,0.0,205.38215124763292,1.249544e-06
0.0,0.0,205.38173409043347,1.20679e-06
0.0,0.0,205.38132598333183,1.178953e-06
0.0,0.0,205.38089505943444,1.257038e-06
0.0,0.0,205.38046401386768,1.13537e-06
0.0,0.0,205.38005245703593,1.050779e-06
0.0,0.0,205.37964590967377,1.094144e-06
0.0,0.0,205.3792295252127,1.286302e-06
0.0,0.0,205.3787813094276,1.218985e-06
0.0,0.0,205.37835743867967,1.116598e-06
0.0,0.0,205.3779194358884,1.341527e-06
0.0,0.0,205.37752450234404,1.334469e-06
0.0,0.0,205.3770979322684,1.352062e-06
0.0,0.0,205.376678650466,1.248642e-06
0.0,0.0,205.37627525297052,1.343666e-06
0.0,0.0,205.37584014244823,1.369292e-06
0.0,0.0,205.3754526623351,1.39288e-06
0.0,0.0,205.37500719378164,1.415319e-06
0.0,0.0,205.37463368506903,1.35196e-06
0.0,0.0,205.37419386797595,1.311055e-06
0.0,0.0,205.373788823466,1.377979e-06
0.0,0.0,205.3733713880501,1.384513e-06
0.0,0.0,205.37292747248944,1.394059e-06
0.0,0.0,205.37252405718624,1.424502e-06
0.0,0.0,205.37212013425273,1.543594e-06
0.0,0.0,205.37168533571585,1.529581e-06
0.0,0.0,205.37126177654943,1.27386e-06
0.0,0.0,205.37086688711716,1.374661e-06
0.0,0.0,205.370422949805,1.403925e-06
0.0,0.0,205.3699955625268,1.359018e-06
0.0,0.0,205.3695942355292,1.401611e-06
0.0,0.0,205.36917918109893,1.277571e-06
0.0,0.0,205.36875679102008,1.297187e-06
0.0,0.0,205.36831125174416,1.326058e-06
0.0,0.0,205.36791800862733,1.280583e-06
0.0,0.0,205.36748990714665,1.286229e-06
0.0,0.0,205.36707900425367,1.278546e-06
0.0,0.0,205.3666843689253,1.27517e-06
0.0,0.0,205.3662517637608,1.327397e-06
0.0,0.0,205.36584359405728,1.201886e-06
0.0,0.0,205.36541287308847,1.170323e-06
0.0,0.0,205.36498385269687,1.163644e-06
0.0,0.0,205.36459616381,1.2003e-06
0.0,0.0,205.36416614726932,1.156033e-06
0.0,0.0,205.36377178196844,1.120134e-06
0.0,0.0,205.3633390356069,1.202876e-06
0.0,0.0,205.36291351749372,1.06974e-06
0.0,0.0,205.3625049538261,1.08211e-06
0.0,0.0,205.36207811615756,1.283523e-06
0.0,0.0,205.36166067491243,1.279142e-06
0.0,0.0,205.3612555500036,1.217195e-06
0.0,0.0,205.3608197252944,1.056775e-06
0.0,0.0,205.36042607674324,1.106979e-06
0.0,0.0,205.35999957899796,1.133812e-06
0.0,0.0,205.3595566375635,1.111955e-06
0.0,0.0,205.3591411734321,1.259221e-06
0.0,0.0,205.35872572033207,1.220556e-06
0.0,0.0,205.35828639087833,1.176784e-06
0.0,0.0,205.3578905869375,1.134278e-06
0.0,0.0,205.35744495414752,1.174485e-06
0.0,0.0,205.35704325724396,1.199325e-06
0.0,0.0,205.35663553752997,1.231165e-06
0.0,0.0,205.3562206720395,1.228109e-06
0.0,0.0,205.35581295859447,1.20209e-06
0.0,0.0,205.3553709824857,1.22044e-06
0.0,0.0,205.35496294922373,1.213848e-06
0.0,0.0,205.354544695838,1.236491e-06
0.0,0.0,205.35413865266233,1.185588e-06
0.0,0.0,205.35373830472503,1.157241e-06
0.0,0.0,205.3533076119182,1.282926e-06
0.0,0.0,205.3528812026489,1.255976e-06
0.0,0.0,205.35245796481425,1.221284e-06
0.0,0.0,205.3520387365465,1.243287e-06
0.0,0.0,205.35163377651432,1.296197e-06
0.0,0.0,205.35123428119743,1.365901e-06
0.0,0.0,205.35080335556637,1.441003e-06
0.0,0.0,205.350362325458,1.3846e-06
0.0,0.0,205.3499264576424,1.329827e-06
0.0,0.0,205.3495226728142,1.26606e-06
0.0,0.0,205.3491179446709,1.361477e-06
0.0,0.0,205.348674372231,1.51257e-06
0.0,0.0,205.34827155239853,1.524648e-06
0.0,0.0,205.3478565437884,1.614069e-06
0.0,0.0,205.3474109373478,1.570748e-06
0.0,0.0,205.347017080068,1.489534e-06
0.0,0.0,205.34659756931396,1.488414e-06
0.0,0.0,205.34617838873453,1.54521e-06
0.0,0.0,205.34577499007344,1.492008e-06
0.0,0.0,205.34535093263824,1.600405e-06
0.0,0.0,205.34495252451296,1.619293e-06
0.0,0.0,205.34451934595137,1.63175e-06
0.0,0.0,205.34410552044437,1.76327e-06
0.0,0.0,205.34369466230532,1.713241e-06
0.0,0.0,205.34327087464507,1.716806e-06
0.0,0.0,205.34287200729807,1.71116e-06
0.0,0.0,205.34242769433703,1.619512e-06
0.0,0.0,205.34200172341767,1.58597e-06
0.0,0.0,205.34161342610025,1.537293e-06
0.0,0.0,205.34118570345123,1.593537e-06
0.0,0.0,205.3407617682446,1.791283e-06
0.0,0.0,205.3403666287156,1.704961e-06
0.0,0.0,205.33992275811372,1.598615e-06
0.0,0.0,205.3394959292108,1.63856e-06
0.0,0.0,205.33907237058756,1.52376e-06
0.0,0.0,205.33865923752825,1.742534e-06
0.0,0.0,205.3382115208904,1.798107e-06
0.0,0.0,205.33782625032345,1.784661e-06
0.0,0.0,205.33738743201448,1.771739e-06
0.0,0.0,205.3369874048626,1.565073e-06
0.0,0.0,205.33656505288863,1.456778e-06
0.0,0.0,205.33615418302168,1.770808e-06
0.0,0.0,205.33575257849884,1.830951e-06
0.0,0.0,205.33530672203244,1.810185e-06
0.0,0.0,205.33491423359268,1.93184e-06
0.0,0.0,205.33448507084285,1.973007e-06
0.0,0.0,205.33407538287017,1.952634e-06
0.0,0.0,205.3336618998821,1.976412e-06
0.0,0.0,205.33323802921728,1.928245e-06
0.0,0.0,205.3328392896684,1.945955e-06
0.0,0.0,205.33239799410376,2.005196e-06
0.0,0.0,205.3319680499964,1.994806e-06
0.0,0.0,205.33157784526531,1.991939e-06
0.0,0.0,205.3311657233276,1.920213e-06
0.0,0.0,205.33073308548867,1.873021e-06
0.0,0.0,205.33030144753744,1.771696e-06
0.0,0.0,205.32987945788443,1.898661e-06
0.0,0.0,205.3294626020768,1.92369e-06
0.0,0.0,205.32904429304105,1.882232e-06
0.0,0.0,205.3286136206999,1.986235e-06
0.0,0.0,205.3282275426247,2.021057e-06
0.0,0.0,205.32779676348895,2.029221e-06
0.0,0.0,205.3273658605981,2.023124e-06
0.0,0.0,205.3269576858484,2.076631e-06
0.0,0.0,205.32653857469188,2.09875e-06
0.0,0.0,205.32611883797875,2.129891e-06
0.0,0.0,205.32573360966728,2.158442e-06
0.0,0.0,205.3253069062195,2.207496e-06
0.0,0.0,205.32488367691263,2.347893e-06
0.0,0.0,205.3244508020916,2.216737e-06
0.0,0.0,205.32404505912345,2.368528e-06
0.0,0.0,205.32364563653513,2.505098e-06
0.0,0.0,205.32320644216213,2.453482e-06
0.0,0.0,205.3228138867528,2.404267e-06
0.0,0.0,205.32237921150073,2.382629e-06
0.0,0.0,205.32195094841444,2.46217e-06
0.0,0.0,205.32155516793915,2.486035e-06
0.0,0.0,205.32112350251205,2.445042e-06
0.0,0.0,205.32070197334548,2.438406e-06
0.0,0.0,205.3203006727918,2.4482e-06
0.0,0.0,205.3198647099244,2.419067e-06
0.0,0.0,205.3194409662408,2.280969e-06
0.0,0.0,205.31899408538803,2.235174e-06
0.0,0.0,205.3186179901355,2.33941e-06
0.0,0.0,205.31819054942824,2.357847e-06
0.0,0.0,205.31776590587896,2.432265e-06
0.0,0.0,205.31732850415037,2.378438e-06
0.0,0.0,205.31693505223024,2.44235e-06
0.0,0.0,205.3164872873868,2.266228e-06
0.0,0.0,205.31608756976527,2.404777e-06
0.0,0.0,205.3156848111994,2.349087e-06
0.0,0.0,205.31526121088527,2.366345e-06
0.0,0.0,205.3148534952016,2.435219e-06
0.0,0.0,205.31441135334865,2.555156e-06
0.0,0.0,205.31402611521827,2.416491e-06
0.0,0.0,205.31359436248312,2.445144e-06
0.0,0.0,205.31318343353132,2.484085e-06
0.0,0.0,205.3127790372579,2.466128e-06
0.0,0.0,205.312348364516,2.349072e-06
0.0,0.0,205.31192002520484,2.328685e-06
0.0,0.0,205.31150364245556,2.43148e-06
0.0,0.0,205.3110880985136,2.49187e-06
0.0,0.0,205.3106725473141,2.49788e-06
0.0,0.0,205.31022904923967,2.484114e-06
0.0,0.0,205.3098335941721,2.433211e-06
0.0,0.0,205.30940989821613,2.405955e-06
0.0,0.0,205.30897100654417,2.304776e-06
0.0,0.0,205.3085718685668,2.189801e-06
0.0,0.0,205.30816735833437,2.349232e-06
0.0,0.0,205.30772412902687,2.107714e-06
0.0,0.0,205.30731626048532,2.1366e-06
0.0,0.0,205.306901706824,2.077402e-06
0.0,0.0,205.30646704563543,2.199886e-06
0.0,0.0,205.3060766250537,2.295026e-06
0.0,0.0,205.30566135710768,2.134955e-06
0.0,0.0,205.3052616099432,2.028537e-06
0.0,0.0,205.30481998414368,2.02244e-06
0.0,0.0,205.30438090094856,1.988781e-06
0.0,0.0,205.3039728337083,2.049055e-06
0.0,0.0,205.30357085406953,1.978784e-06
0.0,0.0,205.3031452468616,1.924112e-06
0.0,0.0,205.3027387832868,1.885332e-06
0.0,0.0,205.30231479027168,1.941575e-06
0.0,0.0,205.301915797853,1.878681e-06
0.0,0.0,205.30146802181156,1.788489e-06
0.0,0.0,205.30106090506752,1.773005e-06
0.0,0.0,205.300678498672,1.867171e-06
0.0,0.0,205.30023414955863,1.796521e-06
0.0,0.0,205.29980264207583,1.74591e-06
0.0,0.0,205.29937174460673,1.800217e-06
0.0,0.0,205.29896379688404,1.586217e-06
0.0,0.0,205.29854603760384,1.615103e-06
0.0,0.0,205.29810266732795,1.592663e-06
0.0,0.0,205.2977018678941,1.506691e-06
0.0,0.0,205.29727517093187,1.541164e-06
0.0,0.0,205.29686676605684,1.525506e-06
0.0,0.0,205.29643220211452,1.586988e-06
0.0,0.0,205.296027690388,1.529217e-06
0.0,0.0,205.295618476758,1.493172e-06
0.0,0.0,205.29519851114887,1.365872e-06
0.0,0.0,205.2947927490005,1.393491e-06
0.0,0.0,205.2943618436556,1.396416e-06
0.0,0.0,205.29395412578947,1.460518e-06
0.0,0.0,205.29353366144457,1.407185e-06
0.0,0.0,205.29311519779273,1.498949e-06
0.0,0.0,205.29271725036924,1.453649e-06
0.0,0.0,205.29228821133785,1.510256e-06
0.0,0.0,205.2918671141267,1.548862e-06
0.0,0.0,205.29144936072433,1.536071e-06
0.0,0.0,205.2910283933236,1.551365e-06
0.0,0.0,205.29058534517668,1.510023e-06
0.0,0.0,205.29021207464257,1.447595e-06
0.0,0.0,205.28976487889696,1.453183e-06
0.0,0.0,205.2893408868332,1.372522e-06
0.0,0.0,205.2889055361748,1.374967e-06
0.0,0.0,205.288494611896,1.45573e-06
0.0,0.0,205.28807906432527,1.421809e-06
0.0,0.0,205.28767258494935,1.420136e-06
0.0,0.0,205.28725893115924,1.415319e-06
0.0,0.0,205.28682517463247,1.397188e-06
0.0,0.0,205.28643621985557,1.282577e-06
0.0,0.0,205.28598885044667,1.286666e-06
0.0,0.0,205.28558871417255,1.457927e-06
0.0,0.0,205.2851863587447,1.094362e-06
0.0,0.0,205.284752563434,1.276872e-06
0.0,0.0,205.2843550106472,1.339795e-06
0.0,0.0,205.28391228835028,1.414199e-06
0.0,0.0,205.2835072747604,1.486434e-06
0.0,0.0,205.283095591307,1.31398e-06
0.0,0.0,205.28268060623847,1.396184e-06
0.0,0.0,205.28227566513456,1.405439e-06
0.0,0.0,205.28183823498136,1.492255e-06
0.0,0.0,205.2814073458362,1.484528e-06
0.0,0.0,205.28100208715875,1.551292e-06
0.0,0.0,205.2805898331985,1.497348e-06
0.0,0.0,205.2801543565896,1.547014e-06
0.0,0.0,205.279771341526,1.473614e-06
0.0,0.0,205.27933894359344,1.482869e-06
0.0,0.0,205.278903485661,1.585911e-06
0.0,0.0,205.27847259544265,1.22661e-06
0.0,0.0,205.27802900217776,1.196415e-06
0.0,0.0,205.27763373404812,1.105494e-06
0.0,0.0,205.2772258671164,1.116772e-06
0.0,0.0,205.27679511281647,1.18473e-06
0.0,0.0,205.27639111866424,1.166758e-06
0.0,0.0,205.27596739560676,1.244029e-06
0.0,0.0,205.2755603666101,1.193985e-06
0.0,0.0,205.27513628932385,1.165157e-06
0.0,0.0,205.27472128859404,1.134147e-06
0.0,0.0,205.27432217881488,1.306922e-06
0.0,0.0,205.27388232658288,1.271968e-06
0.0,0.0,205.27347403547364,1.210705e-06
0.0,0.0,205.2730585580969,1.261898e-06
0.0,0.0,205.2726514598125,1.249093e-06
0.0,0.0,205.27225042023852,1.240551e-06
0.0,0.0,205.27180397218513,1.211491e-06
0.0,0.0,205.27138048134069,1.20679e-06
0.0,0.0,205.27096975798247,1.160646e-06
0.0,0.0,205.27055307792617,1.157794e-06
0.0,0.0,205.2701217772189,1.181601e-06
0.0,0.0,205.26969476677283,1.221444e-06
0.0,0.0,205.2692862856761,1.282155e-06
0.0,0.0,205.26886095300208,1.316017e-06
0.0,0.0,205.2684303868432,1.232853e-06
0.0,0.0,205.26803719450376,1.265464e-06
0.0,0.0,205.26761658706428,1.232664e-06
0.0,0.0,205.267189274104,1.197972e-06
0.0,0.0,205.26678216611984,1.209279e-06
0.0,0.0,205.2663564644436,1.179244e-06
0.0,0.0,205.2659299150528,1.131222e-06
0.0,0.0,205.2655380473741,1.123903e-06
0.0,0.0,205.2651112616622,1.120658e-06
0.0,0.0,205.26471277278085,1.074644e-06
0.0,0.0,205.26428902990912,1.074499e-06
0.0,0.0,205.26385231141288,1.086082e-06
0.0,0.0,205.26346629461864,9.809155000000001e-07
0.0,0.0,205.263022273808,1.058565e-06
0.0,0.0,205.26261744050748,1.12252e-06
0.0,0.0,205.26220604664564,1.047403e-06
0.0,0.0,205.261778821551,1.070453e-06
0.0,0.0,205.26134791982736,1.016408e-06
0.0,0.0,205.26093974393757,9.268842e-07
0.0,0.0,205.2605166337244,1.009408e-06
0.0,0.0,205.2600948966677,1.073917e-06
0.0,0.0,205.25969976579424,1.119188e-06
0.0,0.0,205.25927322801357,1.225068e-06
0.0,0.0,205.25882905846896,1.098218e-06
0.0,0.0,205.2584053710916,9.936921e-07
0.0,0.0,205.25800327022375,1.010616e-06
0.0,0.0,205.2575664841657,1.002263e-06
0.0,0.0,205.2571466372004,1.215856e-06
0.0,0.0,205.25676491201145,1.172826e-06
0.0,0.0,205.25632415018393,1.22629e-06
0.0,0.0,205.25589200757636,1.209381e-06
0.0,0.0,205.25547657148704,1.255685e-06
0.0,0.0,205.2550610261549,1.268083e-06
0.0,0.0,205.2546763052108,1.211592e-06
0.0,0.0,205.25424275209545,1.203065e-06
0.0,0.0,205.25384400711863,1.289663e-06
0.0,0.0,205.25342001126455,1.177134e-06
0.0,0.0,205.25297168636064,1.273787e-06
0.0,0.0,205.2525830906661,1.17968e-06
0.0,0.0,205.25216754309537,1.203138e-06
0.0,0.0,205.2517364885879,1.195556e-06
0.0,0.0,205.25133833960064,1.225271e-06
0.0,0.0,205.25089735860507,1.288761e-06
0.0,0.0,205.25046645216167,1.243287e-06
0.0,0.0,205.2500492893588,1.279215e-06
0.0,0.0,205.24966179824,1.313878e-06
0.0,0.0,205.24921937509865,1.357752e-06
0.0,0.0,205.24879587809724,1.308406e-06
0.0,0.0,205.2483968899516,1.255874e-06
0.0,0.0,205.2479503603626,1.29627e-06
0.0,0.0,205.2475296202884,1.331311e-06
0.0,0.0,205.24714157474168,1.307038e-06
0.0,0.0,205.24672628982,1.326349e-06
0.0,0.0,205.24629561819395,1.365348e-06
0.0,0.0,205.24588758563868,1.377019e-06
0.0,0.0,205.2454569965145,1.438995e-06
0.0,0.0,205.24505619967744,1.399399e-06
0.0,0.0,205.2446493964461,1.362612e-06
0.0,0.0,205.244209288568,1.373075e-06
0.0,0.0,205.243808975112,1.324719e-06
0.0,0.0,205.2433852360628,1.467037e-06
0.0,0.0,205.24298521799744,1.525157e-06
0.0,0.0,205.24254416263892,1.542969e-06
0.0,0.0,205.24212889555344,1.510984e-06
0.0,0.0,205.24173688939985,1.525041e-06
0.0,0.0,205.24130706738697,1.505396e-06
0.0,0.0,205.2408761644961,1.491106e-06
0.0,0.0,205.24046821149892,1.305903e-06
0.0,0.0,205.2400514397169,1.390683e-06
0.0,0.0,205.23962005269115,1.105858e-06
0.0,0.0,205.23919312856364,1.276392e-06
0.0,0.0,205.23876802060505,1.393069e-06
0.0,0.0,205.2383373421314,1.452674e-06
0.0,0.0,205.23792916556383,1.460561e-06
0.0,0.0,205.23750343770456,1.413617e-06
0.0,0.0,205.23709032187895,1.468987e-06
0.0,0.0,205.23670039238849,1.474065e-06
0.0,0.0,205.2362538648721,1.341396e-06
0.0,0.0,205.23585546467928,1.471082e-06
0.0,0.0,205.23543163055703,1.538632e-06
0.0,0.0,205.2350274024792,1.541019e-06
0.0,0.0,205.23459572308744,1.466222e-06
0.0,0.0,205.23418490225149,1.44745e-06
0.0,0.0,205.23378037667592,1.457127e-06
0.0,0.0,205.233349474986,1.473294e-06
0.0,0.0,205.23294175394489,1.431967e-06
0.0,0.0,205.23251909035864,1.360022e-06
0.0,0.0,205.2320897529292,1.343273e-06
0.0,0.0,205.23170199049912,1.469918e-06
0.0,0.0,205.2312754986472,1.459164e-06
0.0,0.0,205.23084459575637,1.463181e-06
0.0,0.0,205.23040806069565,1.483437e-06
0.0,0.0,205.23000596712367,1.431312e-06
0.0,0.0,205.22956925149313,1.396373e-06
0.0,0.0,205.2291537058121,1.447755e-06
0.0,0.0,205.2287359970601,1.281267e-06
0.0,0.0,205.22832836260264,1.299311e-06
0.0,0.0,205.2278898552284,1.230059e-06
0.0,0.0,205.2274894207048,1.409062e-06
0.0,0.0,205.2270773596713,1.416643e-06
0.0,0.0,205.22665080130645,1.463603e-06
0.0,0.0,205.22624439014885,1.412453e-06
0.0,0.0,205.22582039759632,1.482054e-06
0.0,0.0,205.22542165532096,1.37485e-06
0.0,0.0,205.2249728759903,1.341075e-06
0.0,0.0,205.22458751422744,1.310545e-06
0.0,0.0,205.224169363203,1.095847e-06
0.0,0.0,205.223749031118,6.585469e-07
0.0,0.0,205.22333141244115,8.691422e-07
0.0,0.0,205.2229099545125,1.241191e-06
0.0,0.0,205.22247995690836,1.13131e-06
0.0,0.0,205.22207110040424,8.066418e-07
0.0,0.0,205.22165697768128,8.279312e-07
0.0,0.0,205.2212332333833,1.161432e-06
0.0,0.0,205.22081624521948,1.094289e-06
0.0,0.0,205.22039386148816,1.04538e-06
0.0,0.0,205.21996318599983,8.418720000000001e-07
0.0,0.0,205.21956326229636,6.549817000000001e-07
0.0,0.0,205.2191578016264,5.884503000000001e-07
0.0,0.0,205.2187150360664,7.50093e-07
0.0,0.0,205.2182969167612,1.071981e-06
0.0,0.0,205.21787552028067,1.267399e-06
0.0,0.0,205.21745688755075,1.28166e-06
0.0,0.0,205.2170118268561,1.329419e-06
0.0,0.0,205.21661968355923,1.264794e-06
0.0,0.0,205.2162090809974,1.256893e-06
0.0,0.0,205.21578089355327,1.278837e-06
0.0,0.0,205.21537243041791,1.310909e-06
0.0,0.0,205.21494431695524,1.430803e-06
0.0,0.0,205.21454632468195,1.383363e-06
0.0,0.0,205.21413132825083,1.374719e-06
0.0,0.0,205.21371695277753,1.449574e-06
0.0,0.0,205.213309967618,1.345994e-06
0.0,0.0,205.21286972314127,1.304812e-06
0.0,0.0,205.21247152260173,1.316468e-06
0.0,0.0,205.21205498459287,1.289518e-06
0.0,0.0,205.2116113826904,1.251625e-06
0.0,0.0,205.21119900182063,1.305962e-06
0.0,0.0,205.2107936489556,1.015796e-06
0.0,0.0,205.2103626186397,1.014239e-06
0.0,0.0,205.20993184372676,1.306311e-06
0.0,0.0,205.20950697807407,1.327091e-06
0.0,0.0,205.20909321603,1.376247e-06
0.0,0.0,205.20867648786864,1.379376e-06
0.0,0.0,205.20825416430748,1.353517e-06
0.0,0.0,205.20785819600076,1.294451e-06
0.0,0.0,205.20741506541953,1.38444e-06
0.0,0.0,205.20698619870012,1.370121e-06
0.0,0.0,205.2065987075813,1.380991e-06
0.0,0.0,205.20618343905005,1.424254e-06
0.0,0.0,205.2057780023713,1.39467e-06
0.0,0.0,205.205352371638,1.320979e-06
0.0,0.0,205.20492606664808,1.441425e-06
0.0,0.0,205.20452181016776,1.466062e-06
0.0,0.0,205.20409313287848,1.416454e-06
0.0,0.0,205.20371904925832,1.422988e-06
0.0,0.0,205.2032708999256,1.292079e-06
0.0,0.0,205.20283605503016,1.0886e-06
0.0,0.0,205.202428105916,6.098562e-07
0.0,0.0,205.20200242048293,2.706802e-07
0.0,0.0,205.20160093013,1.0998340000000001e-07
0.0,0.0,205.20119993104248,4.458707e-08
0.0,0.0,205.20077335884017,1.330045e-08
0.0,0.0,205.2003293322913,9.546056e-09
0.0,0.0,205.199929958666,9.531504e-09
0.0,0.0,205.19950647115076,1.027365e-08
0.0,0.0,205.19906664035835,6.274204e-07
0.0,0.0,205.1986510952167,1.197041e-07
0.0,0.0,205.19823385725317,7.406924999999998e-08
0.0,0.0,205.19782568431145,3.290188e-07
0.0,0.0,205.19738675696937,5.608308e-07
0.0,0.0,205.1969439695883,6.485643e-07
0.0,0.0,205.19656402551908,1.008128e-06
0.0,0.0,205.1961308717184,1.548833e-06
0.0,0.0,205.1957387806624,1.669192e-06
0.0,0.0,205.19531779741027,1.74345e-06
0.0,0.0,205.19488671381427,1.6423e-06
0.0,0.0,205.19447073990068,1.736742e-06
0.0,0.0,205.19405424561612,1.700027e-06
0.0,0.0,205.1936664714843,1.719891e-06
0.0,0.0,205.1932459871224,1.714856e-06
0.0,0.0,205.19282841081048,1.81458e-06
0.0,0.0,205.19240714193057,1.772831e-06
0.0,0.0,205.19197651438915,1.814769e-06
0.0,0.0,205.1915334662422,1.858221e-06
0.0,0.0,205.1911459705916,1.848908e-06
0.0,0.0,205.1907296681061,1.761626e-06
0.0,0.0,205.19029876521523,1.852357e-06
0.0,0.0,205.1898573984446,1.679422e-06
0.0,0.0,205.18946036940687,1.587119e-06
0.0,0.0,205.18904184844487,1.803273e-06
0.0,0.0,205.1886114232786,1.862936e-06
0.0,0.0,205.18819107612927,1.883032e-06
0.0,0.0,205.18778893694736,1.81864e-06
0.0,0.0,205.1873522228532,1.780907e-06
0.0,0.0,205.1869659502042,1.814304e-06
0.0,0.0,205.1865219028844,1.80291e-06
0.0,0.0,205.18611822006537,1.836102e-06
0.0,0.0,205.18571830831925,1.787907e-06
0.0,0.0,205.18528884952656,1.770983e-06
0.0,0.0,205.18488090180392,1.706256e-06
0.0,0.0,205.18444749874476,1.751614e-06
0.0,0.0,205.18404205515787,1.710345e-06
0.0,0.0,205.1836252673257,1.7618e-06
0.0,0.0,205.18319891200784,1.73146e-06
0.0,0.0,205.18278981891856,1.740482e-06
0.0,0.0,205.1823790416861,1.736378e-06
0.0,0.0,205.18193775363295,1.684632e-06
0.0,0.0,205.18153728090232,1.608816e-06
0.0,0.0,205.18112173665648,1.635592e-06
0.0,0.0,205.18070807022207,1.696535e-06
0.0,0.0,205.18030166160352,1.629771e-06
0.0,0.0,205.1798603370706,1.705281e-06
0.0,0.0,205.17943684666065,1.710097e-06
0.0,0.0,205.17898927558832,1.647175e-06
0.0,0.0,205.17857400857977,1.615481e-06
0.0,0.0,205.17816511866883,1.571068e-06
0.0,0.0,205.17776238741905,1.555556e-06
0.0,0.0,205.177317386542,1.568624e-06
0.0,0.0,205.1769072038169,1.563618e-06
0.0,0.0,205.17649710854187,1.504479e-06
0.0,0.0,205.17608491663256,1.516077e-06
0.0,0.0,205.17567191816505,1.559718e-06
0.0,0.0,205.1752481752933,1.533321e-06
0.0,0.0,205.17484965780497,1.525594e-06
0.0,0.0,205.17441353091604,1.506851e-06
0.0,0.0,205.17401117550173,1.467255e-06
0.0,0.0,205.17360422302008,1.540931e-06
0.0,0.0,205.17317300709593,1.540859e-06
0.0,0.0,205.1727875597363,1.49991e-06
0.0,0.0,205.17234507239104,1.499255e-06
0.0,0.0,205.17190325359155,1.461536e-06
0.0,0.0,205.17151803363447,1.461871e-06
0.0,0.0,205.17108427745964,1.314926e-06
0.0,0.0,205.1706687232624,1.285007e-06
0.0,0.0,205.17024805272757,1.37875e-06
0.0,0.0,205.16980162055103,1.402746e-06
0.0,0.0,205.16940312841913,1.396096e-06
0.0,0.0,205.16897938554737,1.454959e-06
0.0,0.0,205.1685368280453,1.481239e-06
0.0,0.0,205.16814059104425,1.528169e-06
0.0,0.0,205.16773340767196,1.57264e-06
0.0,0.0,205.16730197325495,1.565379e-06
0.0,0.0,205.1668904327265,1.590874e-06
0.0,0.0,205.1664520517193,1.610664e-06
0.0,0.0,205.1660666092837,1.595195e-06
0.0,0.0,205.1656439944452,1.634908e-06
0.0,0.0,205.165227988341,1.612236e-06
0.0,0.0,205.1648200404112,1.556167e-06
0.0,0.0,205.16438936286175,1.578286e-06
0.0,0.0,205.1639814863218,1.610548e-06
0.0,0.0,205.1635667439436,1.610082e-06
0.0,0.0,205.16315147431067,1.750857e-06
0.0,0.0,205.16275444565213,1.844368e-06
0.0,0.0,205.16231108911447,1.869557e-06
0.0,0.0,205.16190195720412,1.859516e-06
0.0,0.0,205.1614901178413,1.836685e-06
0.0,0.0,205.16104734954993,1.856708e-06
0.0,0.0,205.1606411202777,1.865934e-06
0.0,0.0,205.1602405707471,1.925117e-06
0.0,0.0,205.15980989525883,1.993933e-06
0.0,0.0,205.159369647483,1.901222e-06
0.0,0.0,205.15894590461127,1.899083e-06
0.0,0.0,205.15849990149547,1.926281e-06
0.0,0.0,205.1580984188678,1.889319e-06
0.0,0.0,205.1576965848681,1.862427e-06
0.0,0.0,205.1572708484769,1.79396e-06
0.0,0.0,205.15686290318527,1.91755e-06
0.0,0.0,205.1564274522334,1.980588e-06
0.0,0.0,205.15602382273815,2.01317e-06
0.0,0.0,205.15561913157896,2.030618e-06
0.0,0.0,205.15522998031207,1.979846e-06
0.0,0.0,205.15478223293016,1.99338e-06
0.0,0.0,205.1543463543354,2.045432e-06
0.0,0.0,205.1539594920458,1.916385e-06
0.0,0.0,205.15351472696264,2.048851e-06
0.0,0.0,205.15312723584384,1.999157e-06
0.0,0.0,205.15271195993003,2.025408e-06
0.0,0.0,205.15228343315127,2.052009e-06
0.0,0.0,205.15187548542863,2.180968e-06
0.0,0.0,205.15144458795953,2.20041e-06
0.0,0.0,205.15102255991624,2.179324e-06
0.0,0.0,205.15060573475947,2.10719e-06
0.0,0.0,205.15017505751908,2.140383e-06
0.0,0.0,205.14977132564897,2.129993e-06
0.0,0.0,205.1493359838416,2.267931e-06
0.0,0.0,205.148910907654,2.245331e-06
0.0,0.0,205.14850233569337,2.268935e-06
0.0,0.0,205.14808706015847,2.281653e-06
0.0,0.0,205.14765896482228,2.285014e-06
0.0,0.0,205.14727397662733,2.272936e-06
0.0,0.0,205.14682987946185,2.133893e-06
0.0,0.0,205.14643113372455,2.065324e-06
0.0,0.0,205.14600714070943,2.227243e-06
0.0,0.0,205.1455960490599,2.289002e-06
0.0,0.0,205.1451796234792,2.292989e-06
0.0,0.0,205.14475697104376,2.424858e-06
0.0,0.0,205.14433868783888,2.440225e-06
0.0,0.0,205.14391834783285,2.358051e-06
0.0,0.0,205.14349021055796,2.330315e-06
0.0,0.0,205.1430894501374,2.314016e-06
0.0,0.0,205.14268690055715,2.319037e-06
0.0,0.0,205.14226268837663,2.325105e-06
0.0,0.0,205.1418547470489,2.312183e-06
0.0,0.0,205.1414184814037,2.330344e-06
0.0,0.0,205.14097021631545,2.284578e-06
0.0,0.0,205.14058522072955,2.404908e-06
0.0,0.0,205.14016639249448,2.384098e-06
0.0,0.0,205.13974660055,2.304965e-06
0.0,0.0,205.13931569765913,2.358967e-06
0.0,0.0,205.13890753440964,2.342698e-06
0.0,0.0,205.1384772640776,2.377958e-06
0.0,0.0,205.1380532907505,2.23855e-06
0.0,0.0,205.1376192214918,2.23532e-06
0.0,0.0,205.1372298413009,2.2397e-06
0.0,0.0,205.1367996060454,2.277142e-06
0.0,0.0,205.13637776792012,2.205954e-06
0.0,0.0,205.1359607605448,2.282686e-06
0.0,0.0,205.13554204231767,2.241228e-06
0.0,0.0,205.13515427513568,2.265166e-06
0.0,0.0,205.13473623547787,2.382687e-06
0.0,0.0,205.1343278297584,2.285757e-06
0.0,0.0,205.13388961720173,2.234985e-06
0.0,0.0,205.13346647673663,2.201807e-06
0.0,0.0,205.1330668878752,2.18318e-06
0.0,0.0,205.1326340497628,2.215616e-06
0.0,0.0,205.13224095577115,2.133878e-06
0.0,0.0,205.13181173403365,2.184344e-06
0.0,0.0,205.13138083302377,2.257584e-06
0.0,0.0,205.13094767388168,2.12391e-06
0.0,0.0,205.13054221523453,2.17573e-06
0.0,0.0,205.13014187608977,2.177767e-06
0.0,0.0,205.12969883387584,2.122353e-06
0.0,0.0,205.12927313851617,2.045985e-06
0.0,0.0,205.12885309606108,2.283763e-06
0.0,0.0,205.1284342887856,2.217552e-06
0.0,0.0,205.12800997752376,2.270885e-06
0.0,0.0,205.12762193052927,2.201588e-06
0.0,0.0,205.12720666089643,2.247674e-06
0.0,0.0,205.1267954184132,2.153101e-06
0.0,0.0,205.12636101182636,2.142231e-06
0.0,0.0,205.125943559666,2.204513e-06
0.0,0.0,205.12554558236488,2.19763e-06
0.0,0.0,205.1251022596533,2.187327e-06
0.0,0.0,205.12471477178784,2.178014e-06
0.0,0.0,205.12428595601483,2.318367e-06
0.0,0.0,205.12385550533767,2.226385e-06
0.0,0.0,205.1234473328039,2.157627e-06
0.0,0.0,205.1230256368044,2.164132e-06
0.0,0.0,205.12262208332635,2.072804e-06
0.0,0.0,205.12222288267924,2.06237e-06
0.0,0.0,205.12177434616157,2.008121e-06
0.0,0.0,205.12137112911893,1.973312e-06
0.0,0.0,205.12095135955053,1.941429e-06
0.0,0.0,205.1205054125,1.961133e-06
0.0,0.0,205.12008986878013,1.90991e-06
0.0,0.0,205.11970209607168,1.898661e-06
0.0,0.0,205.119275584424,1.887252e-06
0.0,0.0,205.11884513743527,1.765715e-06
0.0,0.0,205.118408157854,1.807537e-06
0.0,0.0,205.1179610641149,1.774737e-06
0.0,0.0,205.1175760715604,1.894412e-06
0.0,0.0,205.11715547772891,1.895314e-06
0.0,0.0,205.11673744807945,1.883425e-06
0.0,0.0,205.11632099861163,1.981796e-06
0.0,0.0,205.11589905254104,1.815235e-06
0.0,0.0,205.11549245964787,1.873137e-06
0.0,0.0,205.11507885825324,1.873865e-06
0.0,0.0,205.11466947976143,1.851848e-06
0.0,0.0,205.1142668068452,1.799548e-06
0.0,0.0,205.1138363641812,1.904904e-06
0.0,0.0,205.11341125132813,1.767505e-06
0.0,0.0,205.1130019542132,1.819601e-06
0.0,0.0,205.11257526571245,1.855529e-06
0.0,0.0,205.11217628041985,1.866749e-06
0.0,0.0,205.1117525370428,1.823471e-06
0.0,0.0,205.1113193575355,1.749519e-06
0.0,0.0,205.11088845109992,1.696608e-06
0.0,0.0,205.1104810576273,1.65253e-06
0.0,0.0,205.11006618735368,1.802371e-06
0.0,0.0,205.10963307756097,1.764056e-06
0.0,0.0,205.10921098082017,1.587105e-06
0.0,0.0,205.1088105864501,1.688022e-06
0.0,0.0,205.10837213020667,1.61666e-06
0.0,0.0,205.107944046732,1.707842e-06
0.0,0.0,205.10754623758368,1.732333e-06
0.0,0.0,205.1071309638168,1.622699e-06
0.0,0.0,205.10673864908017,1.746492e-06
0.0,0.0,205.1063094418469,1.747758e-06
0.0,0.0,205.10590126832065,1.681474e-06
0.0,0.0,205.10546989436068,1.500492e-06
0.0,0.0,205.10502545158323,1.619468e-06
0.0,0.0,205.10464691663168,1.605134e-06
0.0,0.0,205.10422357091628,1.712178e-06
0.0,0.0,205.10382493587247,1.742577e-06
0.0,0.0,205.10338494575237,1.674969e-06
0.0,0.0,205.1029542667953,1.633671e-06
0.0,0.0,205.1025534552424,1.580775e-06
0.0,0.0,205.10214690516923,1.618755e-06
0.0,0.0,205.10170724686327,1.574983e-06
0.0,0.0,205.10132202862548,1.564753e-06
0.0,0.0,205.10088273579328,1.620152e-06
0.0,0.0,205.10043772037648,1.553752e-06
0.0,0.0,205.1000520456143,1.585548e-06
0.0,0.0,205.09962640373317,1.588851e-06
0.0,0.0,205.09921084953584,1.577078e-06
0.0,0.0,205.09878252368668,1.513181e-06
0.0,0.0,205.09833928395332,1.526161e-06
0.0,0.0,205.09790461735085,1.528213e-06
0.0,0.0,205.09751679880628,1.415116e-06
0.0,0.0,205.0970784017208,1.422915e-06
0.0,0.0,205.0966909039754,1.481181e-06
0.0,0.0,205.09626665530132,1.506822e-06
0.0,0.0,205.0958473591444,1.389897e-06
0.0,0.0,205.09542803310893,1.410182e-06
0.0,0.0,205.0950017815352,1.489199e-06
0.0,0.0,205.0946142808079,1.43412e-06
0.0,0.0,205.094198736929,1.423352e-06
0.0,0.0,205.093789683929,1.433757e-06
0.0,0.0,205.09335387755527,1.352324e-06
0.0,0.0,205.09291678245,1.293694e-06
0.0,0.0,205.09253114226485,1.210952e-06
0.0,0.0,205.09209433577607,1.324006e-06
0.0,0.0,205.0916834123419,1.2542e-06
0.0,0.0,205.09127901799485,1.325781e-06
0.0,0.0,205.09084810968227,1.287874e-06
0.0,0.0,205.09041142884925,1.324777e-06
0.0,0.0,205.08996474156447,1.262815e-06
0.0,0.0,205.08958869800617,1.205874e-06
0.0,0.0,205.08915828816407,1.26363e-06
0.0,0.0,205.08873973838868,1.177788e-06
0.0,0.0,205.08833156326344,1.116088e-06
0.0,0.0,205.0879008877752,1.157998e-06
0.0,0.0,205.0874699896114,1.222885e-06
0.0,0.0,205.0870622699859,1.206048e-06
0.0,0.0,205.08664749850044,1.276436e-06
0.0,0.0,205.08624659652145,1.275897e-06
0.0,0.0,205.08582501931727,1.198991e-06
0.0,0.0,205.0853925217494,1.222055e-06
0.0,0.0,205.08497726578037,1.239139e-06
0.0,0.0,205.08456198958092,1.268985e-06
0.0,0.0,205.0841744984621,1.292312e-06
0.0,0.0,205.08375278268736,1.283319e-06
0.0,0.0,205.08330656612787,1.193606e-06
0.0,0.0,205.0829078241958,1.167296e-06
0.0,0.0,205.08248407696271,1.136606e-06
0.0,0.0,205.0820753094654,1.142369e-06
0.0,0.0,205.08165427496385,1.192937e-06
0.0,0.0,205.0812364588519,1.268985e-06
0.0,0.0,205.0808287353598,1.27434e-06
0.0,0.0,205.08039806304356,1.213877e-06
0.0,0.0,205.07996802193824,1.274224e-06
0.0,0.0,205.07957793069764,1.242908e-06
0.0,0.0,205.0791623858552,1.255306e-06
0.0,0.0,205.07871960267912,1.331966e-06
0.0,0.0,205.0782896877311,1.287728e-06
0.0,0.0,205.0778590133553,1.297245e-06
0.0,0.0,205.07745106853892,1.291963e-06
0.0,0.0,205.077029924787,1.258799e-06
0.0,0.0,205.0766115357177,1.127308e-06
0.0,0.0,205.07620144674348,1.223088e-06
0.0,0.0,205.0757774537284,1.252469e-06
0.0,0.0,205.07537871145303,1.102628e-06
0.0,0.0,205.0749338399124,1.20746e-06
0.0,0.0,205.07453073138672,1.246692e-06
0.0,0.0,205.07412192560557,1.18358e-06
0.0,0.0,205.07373208547617,1.184919e-06
0.0,0.0,205.0733020490217,1.19966e-06
0.0,0.0,205.0728800073556,1.243505e-06
0.0,0.0,205.07246342581075,1.262117e-06
0.0,0.0,205.07204530612984,1.241031e-06
0.0,0.0,205.07160226135608,1.221808e-06
0.0,0.0,205.07119029014692,1.157125e-06
0.0,0.0,205.0707857300054,1.320921e-06
0.0,0.0,205.07035482450837,1.264634e-06
0.0,0.0,205.0699188105604,1.25698e-06
0.0,0.0,205.0695157482148,1.249617e-06
0.0,0.0,205.06910953506085,1.169377e-06
0.0,0.0,205.06866620897603,1.271808e-06
0.0,0.0,205.068246227958,1.224296e-06
0.0,0.0,205.06784960307164,1.297754e-06
0.0,0.0,205.06740782718833,1.260312e-06
0.0,0.0,205.0670018671848,1.255306e-06
0.0,0.0,205.06658986743815,1.345776e-06
0.0,0.0,205.06617963218113,1.228138e-06
0.0,0.0,205.0657755814925,1.194989e-06
0.0,0.0,205.06533190225815,1.247259e-06
0.0,0.0,205.06493696370325,1.243592e-06
0.0,0.0,205.06451351927373,1.185428e-06
0.0,0.0,205.0640983431672,1.21881e-06
0.0,0.0,205.063686931964,1.259599e-06
0.0,0.0,205.06326293894887,1.253837e-06
0.0,0.0,205.06284120787848,1.267705e-06
0.0,0.0,205.06242087091564,1.327295e-06
0.0,0.0,205.0619932891489,1.286826e-06
0.0,0.0,205.06160552009223,1.159686e-06
0.0,0.0,205.0611902570859,1.253211e-06
0.0,0.0,205.06074523813544,1.338878e-06
0.0,0.0,205.06035817577447,1.268956e-06
0.0,0.0,205.0599224981336,1.220076e-06
0.0,0.0,205.0594740995658,1.124776e-06
0.0,0.0,205.05905862983116,1.222215e-06
0.0,0.0,205.05865127598852,1.197041e-06
0.0,0.0,205.0582498070144,1.226945e-06
0.0,0.0,205.057803790366,1.211985e-06
0.0,0.0,205.05737954532793,1.223088e-06
0.0,0.0,205.0569805081957,1.260501e-06
0.0,0.0,205.0565384063329,1.287568e-06
0.0,0.0,205.0561330731296,1.266671e-06
0.0,0.0,205.05573325517383,1.337394e-06
0.0,0.0,205.05531673987875,1.362831e-06
0.0,0.0,205.05489394975515,1.33396e-06
0.0,0.0,205.05446404319656,1.371925e-06
0.0,0.0,205.05407234612727,1.337743e-06
0.0,0.0,205.053657351852,1.319393e-06
0.0,0.0,205.0532586453269,1.295484e-06
0.0,0.0,205.0528166370486,1.295877e-06
0.0,0.0,205.05239289417688,1.316803e-06
0.0,0.0,205.05199217833007,1.329128e-06
0.0,0.0,205.051552951796,1.272158e-06
0.0,0.0,205.05113740629156,1.285633e-06
0.0,0.0,205.05072192271285,1.389228e-06
0.0,0.0,205.050314030838,1.283828e-06
0.0,0.0,205.04987419038503,1.256631e-06
0.0,0.0,205.04945069409763,1.28377e-06
0.0,0.0,205.0490046672855,1.278459e-06
0.0,0.0,205.0486169048554,1.335691e-06
0.0,0.0,205.04820163522248,1.359746e-06
0.0,0.0,205.04777474881976,1.351669e-06
0.0,0.0,205.0473663475694,1.350083e-06
0.0,0.0,205.04693544774392,1.320164e-06
0.0,0.0,205.04653225905773,1.344917e-06
0.0,0.0,205.04612334149337,1.371212e-06
0.0,0.0,205.04568819922616,1.301858e-06
0.0,0.0,205.04528577169967,1.249238e-06
0.0,0.0,205.0448617786846,1.273191e-06
0.0,0.0,205.04446279222975,1.130291e-06
0.0,0.0,205.044018387628,1.226668e-06
0.0,0.0,205.04361505037903,1.262364e-06
0.0,0.0,205.0432150710006,1.293025e-06
0.0,0.0,205.04278620082408,1.375724e-06
0.0,0.0,205.04236527330377,1.298307e-06
0.0,0.0,205.04194757761317,1.292443e-06
0.0,0.0,205.04152621395497,1.322274e-06
0.0,0.0,205.0411087269996,1.271881e-06
0.0,0.0,205.04069512544012,1.226683e-06
0.0,0.0,205.04026965440525,1.250286e-06
0.0,0.0,205.03986147681803,1.239547e-06
0.0,0.0,205.03943057096745,1.215027e-06
0.0,0.0,205.0390054337744,1.208609e-06
0.0,0.0,205.03857839803527,1.222783e-06
0.0,0.0,205.03816097211092,1.244494e-06
0.0,0.0,205.0377556679771,1.21718e-06
0.0,0.0,205.0373222017818,1.315624e-06
0.0,0.0,205.0368917515881,1.290697e-06
0.0,0.0,205.03648443412965,1.407505e-06
0.0,0.0,205.03607049479436,1.36903e-06
0.0,0.0,205.0356827293893,1.403852e-06
0.0,0.0,205.03523820674093,1.392313e-06
0.0,0.0,205.03484122486768,1.36903e-06
0.0,0.0,205.0344154767843,1.348279e-06
0.0,0.0,205.03401316778297,1.303124e-06
0.0,0.0,205.03357860547075,1.361972e-06
0.0,0.0,205.03316333195747,1.391643e-06
0.0,0.0,205.0327631303763,1.342472e-06
0.0,0.0,205.0323359243772,1.274399e-06
0.0,0.0,205.03191085165557,1.322216e-06
0.0,0.0,205.03150169825796,1.439999e-06
0.0,0.0,205.03107503471648,1.432127e-06
0.0,0.0,205.03064283052137,1.469656e-06
0.0,0.0,205.0302270952623,1.579945e-06
0.0,0.0,205.02981892217397,1.528417e-06
0.0,0.0,205.02938801535976,1.568536e-06
0.0,0.0,205.0289555758916,1.552136e-06
0.0,0.0,205.02854939403525,1.510009e-06
0.0,0.0,205.02812260582473,1.491251e-06
0.0,0.0,205.02771032144088,1.475302e-06
0.0,0.0,205.027310115208,1.543231e-06
0.0,0.0,205.0268716928082,1.513967e-06
0.0,0.0,205.02646375050725,1.634631e-06
0.0,0.0,205.02604625885863,1.628214e-06
0.0,0.0,205.02564014038407,1.573208e-06
0.0,0.0,205.02523990733923,1.570545e-06
0.0,0.0,205.02479215435383,1.559049e-06
0.0,0.0,205.0244008331364,1.544409e-06
0.0,0.0,205.02396942502727,1.577428e-06
0.0,0.0,205.02356198413133,1.560387e-06
0.0,0.0,205.023146683773,1.649896e-06
0.0,0.0,205.02272299009755,1.621156e-06
0.0,0.0,205.0223078786148,1.574022e-06
0.0,0.0,205.02188451030688,1.625682e-06
0.0,0.0,205.0214538343596,1.523877e-06
0.0,0.0,205.0210527239771,1.52865e-06
0.0,0.0,205.02064581469287,1.591194e-06
0.0,0.0,205.02022930944287,1.549939e-06
0.0,0.0,205.01978075141983,1.442924e-06
0.0,0.0,205.0193820104745,1.522756e-06
0.0,0.0,205.0189582672036,1.647073e-06
0.0,0.0,205.01851335923453,1.618508e-06
0.0,0.0,205.01809781268057,1.591456e-06
0.0,0.0,205.01768653870084,1.626759e-06
0.0,0.0,205.01728186013315,1.595399e-06
0.0,0.0,205.01683855267063,1.634427e-06
0.0,0.0,205.0164396269156,1.647146e-06
0.0,0.0,205.0160158944493,1.693857e-06
0.0,0.0,205.01560393692523,1.689536e-06
0.0,0.0,205.01518926425,1.651613e-06
0.0,0.0,205.01476462694427,1.614128e-06
0.0,0.0,205.0143566783622,1.636086e-06
0.0,0.0,205.01392578089303,1.685796e-06
0.0,0.0,205.0135222858445,1.699373e-06
0.0,0.0,205.01311208526505,1.691427e-06
0.0,0.0,205.01269681263923,1.578141e-06
0.0,0.0,205.01228803226925,1.628519e-06
0.0,0.0,205.01185189555568,1.651177e-06
0.0,0.0,205.01142815864787,1.520573e-06
0.0,0.0,205.01097990576827,1.765031e-06
0.0,0.0,205.01059222951903,1.593318e-06
0.0,0.0,205.01017714374808,1.526118e-06
0.0,0.0,205.00975471517353,1.525506e-06
0.0,0.0,205.00930894400247,1.47651e-06
0.0,0.0,205.00890970299807,1.330569e-06
0.0,0.0,205.00848570868075,1.52328e-06
0.0,0.0,205.00807678718832,1.59863e-06
0.0,0.0,205.00765635901607,1.538632e-06
0.0,0.0,205.0072379365748,1.5392e-06
0.0,0.0,205.00682999112905,1.565626e-06
0.0,0.0,205.00639908596128,1.596331e-06
0.0,0.0,205.0059927576412,1.502442e-06
0.0,0.0,205.00557946160257,1.545486e-06
0.0,0.0,205.0051522930468,1.485809e-06
0.0,0.0,205.00476684568716,1.582477e-06
0.0,0.0,205.00432203442935,1.482025e-06
0.0,0.0,205.0039230443255,1.5142e-06
0.0,0.0,205.003498801167,1.57491e-06
0.0,0.0,205.00305839987487,1.619861e-06
0.0,0.0,205.0026709566824,1.665801e-06
0.0,0.0,205.00224985790956,1.687964e-06
0.0,0.0,205.00181870874803,1.655571e-06
0.0,0.0,205.00141053904449,1.607972e-06
0.0,0.0,205.00098066643727,1.641994e-06
0.0,0.0,205.00055661106873,1.572669e-06
0.0,0.0,205.0001779056856,1.599838e-06
0.0,0.0,204.99973362161788,1.545064e-06
0.0,0.0,204.9993021623292,1.49016e-06
0.0,0.0,204.99887126486,1.559063e-06
0.0,0.0,204.9984371482268,1.536551e-06
0.0,0.0,204.9980326374773,1.472246e-06
0.0,0.0,204.99762990367324,1.409033e-06
0.0,0.0,204.99719382011176,1.39726e-06
0.0,0.0,204.99679174611327,1.392764e-06
0.0,0.0,204.99635494042204,1.421082e-06
0.0,0.0,204.99596944264223,1.474822e-06
0.0,0.0,204.99552549905687,1.369757e-06
0.0,0.0,204.99512145908207,1.394859e-06
0.0,0.0,204.99472218250423,1.359324e-06
0.0,0.0,204.99429217928667,1.210545e-06
0.0,0.0,204.99388384411267,1.13291e-06
0.0,0.0,204.99345294664357,1.298948e-06
0.0,0.0,204.99305174883656,1.238121e-06
0.0,0.0,204.9926450070782,1.249209e-06
0.0,0.0,204.99220168099345,1.298147e-06
0.0,0.0,204.99177524541648,1.299035e-06
0.0,0.0,204.99138141945517,1.308988e-06
0.0,0.0,204.9909361682425,1.320135e-06
0.0,0.0,204.9905122746988,1.333101e-06
0.0,0.0,204.99009754950487,1.366439e-06
0.0,0.0,204.989686056029,1.386958e-06
0.0,0.0,204.98926206809352,1.275228e-06
0.0,0.0,204.9888277961068,1.32194e-06
0.0,0.0,204.98842007459552,1.394277e-06
0.0,0.0,204.9879928717608,1.358683e-06
0.0,0.0,204.98759209808728,1.307228e-06
0.0,0.0,204.98718956176,1.333217e-06
0.0,0.0,204.98676510232525,1.371736e-06
0.0,0.0,204.9863567026537,1.368506e-06
0.0,0.0,204.98592087647984,1.321707e-06
0.0,0.0,204.9855173943788,1.323249e-06
0.0,0.0,204.9851112746574,1.296416e-06
0.0,0.0,204.98467854918692,1.264969e-06
0.0,0.0,204.9842749068028,1.310604e-06
0.0,0.0,204.98385116569463,1.397624e-06
0.0,0.0,204.98340902308516,1.44566e-06
0.0,0.0,204.9830034328176,1.33198e-06
0.0,0.0,204.9825913224704,1.415276e-06
0.0,0.0,204.9821809525836,1.290275e-06
0.0,0.0,204.98177700479192,1.333465e-06
0.0,0.0,204.98133346192705,1.325883e-06
0.0,0.0,204.9809347256156,1.307664e-06
0.0,0.0,204.98051098274385,1.333246e-06
0.0,0.0,204.98007165484773,1.268258e-06
0.0,0.0,204.979662992229,1.323744e-06
0.0,0.0,204.97926045837303,1.243679e-06
0.0,0.0,204.9788295554822,1.126027e-06
0.0,0.0,204.97839076752496,1.292778e-06
0.0,0.0,204.9779672805764,1.304783e-06
0.0,0.0,204.97755980197783,1.225388e-06
0.0,0.0,204.9771355992144,1.349588e-06
0.0,0.0,204.97672079673472,1.320121e-06
0.0,0.0,204.97631346386848,1.290857e-06
0.0,0.0,204.97588255897287,1.416483e-06
0.0,0.0,204.97547438044407,1.34467e-06
0.0,0.0,204.97505897973863,1.170614e-06
0.0,0.0,204.97467148861983,1.27939e-06
0.0,0.0,204.9742505426844,1.192704e-06
0.0,0.0,204.97380460558804,1.199543e-06
0.0,0.0,204.97340586141368,1.199427e-06
0.0,0.0,204.97298211854195,1.257824e-06
0.0,0.0,204.9725732995524,1.214939e-06
0.0,0.0,204.97215209893497,1.076289e-06
0.0,0.0,204.97173422366808,1.300679e-06
0.0,0.0,204.97130308795295,1.289489e-06
0.0,0.0,204.970895145652,1.225388e-06
0.0,0.0,204.970463417155,1.329885e-06
0.0,0.0,204.9700396787042,1.15775e-06
0.0,0.0,204.96960382239945,1.213266e-06
0.0,0.0,204.96921632123943,1.261695e-06
0.0,0.0,204.96878699633928,1.195469e-06
0.0,0.0,204.96835655367528,1.24042e-06
0.0,0.0,204.96794860538017,1.336753e-06
0.0,0.0,204.967527186256,1.19512e-06
0.0,0.0,204.96710975533904,8.293573e-07
0.0,0.0,204.96672415419303,9.859214e-07
0.0,0.0,204.96627524516424,1.132474e-06
0.0,0.0,204.96587650053917,1.054723e-06
0.0,0.0,204.9654527600172,1.18668e-06
0.0,0.0,204.96504706155756,1.206965e-06
0.0,0.0,204.96461947163888,9.454088e-07
0.0,0.0,204.96420603767552,1.056251e-06
0.0,0.0,204.9637995826311,1.25193e-06
0.0,0.0,204.9633686781228,1.176086e-06
0.0,0.0,204.96294129923143,1.191933e-06
0.0,0.0,204.96254257422532,1.279885e-06
0.0,0.0,204.96212702665463,1.153719e-06
0.0,0.0,204.96169143712257,1.311448e-06
0.0,0.0,204.96128933847945,1.115535e-06
0.0,0.0,204.9608655956077,1.284745e-06
0.0,0.0,204.96042675209432,1.392516e-06
0.0,0.0,204.96002318326333,1.2604e-06
0.0,0.0,204.95960763696985,1.2128e-06
0.0,0.0,204.9591923607104,1.368695e-06
0.0,0.0,204.95874688669085,1.250548e-06
0.0,0.0,204.95832740988547,1.23067e-06
0.0,0.0,204.95792440206588,1.290799e-06
0.0,0.0,204.95747545383944,1.216715e-06
0.0,0.0,204.957076163479,1.286127e-06
0.0,0.0,204.95667158133645,1.314285e-06
0.0,0.0,204.95622792971875,1.336128e-06
0.0,0.0,204.95584267624207,1.279812e-06
0.0,0.0,204.95540569902573,1.281878e-06
0.0,0.0,204.95500404760944,1.180873e-06
0.0,0.0,204.9545829594246,1.260647e-06
0.0,0.0,204.9541839739485,1.193563e-06
5.0,0.0,205.577975,2.271938e-05
5.0,0.0,205.577975,-1.725406e-06
5.0,0.0,205.577975,-7.512135e-07
5.0,0.0,205.57792725463744,-1.500739e-07
5.0,0.0,205.57777597517273,2.9435610000000004e-07
5.0,0.0,205.57757709265047,6.331684000000001e-07
5.0,0.0,205.57734734513295,8.937641e-07
5.0,0.0,205.5770890522896,9.553041e-07
5.0,0.0,205.5767943724975,7.575145e-07
5.0,0.0,205.57643179939092,7.491762999999999e-07
5.0,0.0,205.5760296853372,7.690250999999999e-07
5.0,0.0,205.57563444082103,8.639181000000001e-07
5.0,0.0,205.57522644442295,9.413634000000001e-07
5.0,0.0,205.57481054937463,1.06162e-06
5.0,0.0,205.5743875512664,1.107474e-06
5.0,0.0,205.57395671239223,1.211345e-06
5.0,0.0,205.57353717920665,1.268243e-06
5.0,0.0,205.57314943409656,1.203734e-06
5.0,0.0,205.57273222300432,1.262422e-06
5.0,0.0,205.57230140950765,1.28978e-06
5.0,0.0,205.57189317315016,1.330191e-06
5.0,0.0,205.57146250876113,1.388544e-06
5.0,0.0,205.5710446062376,1.347769e-06
5.0,0.0,205.57062913277568,1.359207e-06
5.0,0.0,205.57018990872,1.316861e-06
5.0,0.0,205.5697658631748,1.367836e-06
5.0,0.0,205.5693669242472,1.337772e-06
5.0,0.0,205.56894425872753,1.339358e-06
5.0,0.0,205.56851029706573,1.322987e-06
5.0,0.0,205.56810722278587,1.318054e-06
5.0,0.0,205.56769356103845,1.343782e-06
5.0,0.0,205.56726863595932,1.32258e-06
5.0,0.0,205.5668492826864,1.347071e-06
5.0,0.0,205.56642985584065,1.299006e-06
5.0,0.0,205.5660267291162,1.338849e-06
5.0,0.0,205.56561727687563,1.351204e-06
5.0,0.0,205.56520179422247,1.303983e-06
5.0,0.0,205.5647920295286,1.33329e-06
5.0,0.0,205.56435640052064,1.364344e-06
5.0,0.0,205.56393947384427,1.369524e-06
5.0,0.0,205.5635398652012,1.373395e-06
5.0,0.0,205.56309681206537,1.398745e-06
5.0,0.0,205.56268938221604,1.433305e-06
5.0,0.0,205.56228711298607,1.433189e-06
5.0,0.0,205.56185060881816,1.484164e-06
5.0,0.0,205.56144227678516,1.44665e-06
5.0,0.0,205.561019607168,1.46564e-06
5.0,0.0,205.5606040096831,1.434673e-06
5.0,0.0,205.56017256508687,1.45426e-06
5.0,0.0,205.55976852166216,1.481094e-06
5.0,0.0,205.55934488385063,1.413777e-06
5.0,0.0,205.55890328685393,1.491979e-06
5.0,0.0,205.5584723756837,1.439417e-06
5.0,0.0,205.55807348263653,1.45669e-06
5.0,0.0,205.55766928643965,1.431763e-06
5.0,0.0,205.55724870225083,1.406239e-06
5.0,0.0,205.55680209739205,1.435881e-06
5.0,0.0,205.55640345847027,1.399516e-06
5.0,0.0,205.55597994231633,1.351596e-06
5.0,0.0,205.55557170474825,1.310545e-06
5.0,0.0,205.55515030532337,1.287161e-06
5.0,0.0,205.55475350638187,1.380162e-06
5.0,0.0,205.55433508708128,1.323584e-06
5.0,0.0,205.55389399652233,1.376975e-06
5.0,0.0,205.55350850368217,1.388165e-06
5.0,0.0,205.55307284540768,1.406108e-06
5.0,0.0,205.55266424927905,1.475797e-06
5.0,0.0,205.55226172695805,1.437598e-06
5.0,0.0,205.5518306464039,1.41254e-06
5.0,0.0,205.55139244533407,1.46676e-06
5.0,0.0,205.5509919800036,1.393666e-06
5.0,0.0,205.55056117162664,1.402208e-06
5.0,0.0,205.5501374313524,1.419205e-06
5.0,0.0,205.54972219381875,1.434921e-06
5.0,0.0,205.54929184663425,1.49681e-06
5.0,0.0,205.54888383611248,1.484659e-06
5.0,0.0,205.54845313740984,1.42408e-06
5.0,0.0,205.54803272530995,1.514272e-06
5.0,0.0,205.5476451275254,1.550638e-06
5.0,0.0,205.5472044984724,1.533495e-06
5.0,0.0,205.5468131303108,1.521243e-06
5.0,0.0,205.5463818404473,1.477849e-06
5.0,0.0,205.54594003313767,1.459703e-06
5.0,0.0,205.54555920299185,1.477325e-06
5.0,0.0,205.54512553877464,1.424298e-06
5.0,0.0,205.54473463976063,1.41465e-06
5.0,0.0,205.54430452399427,1.424851e-06
5.0,0.0,205.54387355115804,1.414082e-06
5.0,0.0,205.54346544967527,1.437758e-06
5.0,0.0,205.54304789092905,1.400505e-06
5.0,0.0,205.54263276026504,1.387118e-06
5.0,0.0,205.5422401970912,1.440174e-06
5.0,0.0,205.5417943970023,1.445267e-06
5.0,0.0,205.5413706808004,1.365348e-06
5.0,0.0,205.5409717885157,1.380817e-06
5.0,0.0,205.54052821809043,1.384265e-06
5.0,0.0,205.54011300926103,1.301203e-06
5.0,0.0,205.539725321105,1.372813e-06
5.0,0.0,205.53929460658097,1.363849e-06
5.0,0.0,205.53885247970015,1.423628e-06
5.0,0.0,205.5384284366564,1.371431e-06
5.0,0.0,205.53802487689856,1.214008e-06
5.0,0.0,205.53759308173792,1.281791e-06
5.0,0.0,205.53717759288463,1.369845e-06
5.0,0.0,205.5367735758585,1.310749e-06
5.0,0.0,205.53634731922207,1.336681e-06
5.0,0.0,205.5359165314172,1.412918e-06
5.0,0.0,205.53551198760368,1.392182e-06
5.0,0.0,205.53509083642757,1.38121e-06
5.0,0.0,205.53470307916663,1.448352e-06
5.0,0.0,205.53427650307216,1.35845e-06
5.0,0.0,205.53385667789885,1.297623e-06
5.0,0.0,205.53343765788037,1.353401e-06
5.0,0.0,205.5330138674284,1.258159e-06
5.0,0.0,205.5326125910954,1.287699e-06
5.0,0.0,205.53219704128625,1.297216e-06
5.0,0.0,205.5317880585348,1.275315e-06
5.0,0.0,205.5313265271664,1.248627e-06
5.0,0.0,205.5309279575694,1.344306e-06
5.0,0.0,205.5305043950607,1.353212e-06
5.0,0.0,205.53007294530144,1.233973e-06
5.0,0.0,205.5296515151364,1.344742e-06
5.0,0.0,205.5292663217476,1.329579e-06
5.0,0.0,205.5288215818213,1.207693e-06
5.0,0.0,205.52839768244007,1.384338e-06
5.0,0.0,205.52799690887196,1.406865e-06
5.0,0.0,205.52755895242325,1.365901e-06
5.0,0.0,205.52714760597772,1.326509e-06
5.0,0.0,205.52676245424144,1.388747e-06
5.0,0.0,205.52631733121515,1.35407e-06
5.0,0.0,205.52591879039545,1.365886e-06
5.0,0.0,205.52549485203195,1.378896e-06
5.0,0.0,205.52505370853353,1.340071e-06
5.0,0.0,205.52466921559008,1.365566e-06
5.0,0.0,205.52423560811073,1.416411e-06
5.0,0.0,205.52383919833392,1.399691e-06
5.0,0.0,205.5234131172528,1.348526e-06
5.0,0.0,205.52296513516288,1.325127e-06
5.0,0.0,205.5225652100775,1.350301e-06
5.0,0.0,205.5221597718869,1.330787e-06
5.0,0.0,205.52173005998,1.407883e-06
5.0,0.0,205.52133173267435,1.467561e-06
5.0,0.0,205.5209081132787,1.340581e-06
5.0,0.0,205.5204609008036,1.321037e-06
5.0,0.0,205.52006045403047,1.308916e-06
5.0,0.0,205.51965465174777,1.25973e-06
5.0,0.0,205.5192365397256,1.230539e-06
5.0,0.0,205.5187946306297,1.384498e-06
5.0,0.0,205.51835297255133,1.438777e-06
5.0,0.0,205.51795582049095,1.434484e-06
5.0,0.0,205.51753587784344,1.423672e-06
5.0,0.0,205.5170925239649,1.550769e-06
5.0,0.0,205.51668557170672,1.478955e-06
5.0,0.0,205.51629240501447,1.456909e-06
5.0,0.0,205.5158683404798,1.389868e-06
5.0,0.0,205.51543935123104,1.451932e-06
5.0,0.0,205.51501604826444,1.466629e-06
5.0,0.0,205.5146284459705,1.463181e-06
5.0,0.0,205.51421339868784,1.506894e-06
5.0,0.0,205.51380050994487,1.596709e-06
5.0,0.0,205.5133794844528,1.537759e-06
5.0,0.0,205.51293463272347,1.443317e-06
5.0,0.0,205.51254940822017,1.525856e-06
5.0,0.0,205.5121229261709,1.606342e-06
5.0,0.0,205.51170782722167,1.497974e-06
5.0,0.0,205.51128011494265,1.439665e-06
5.0,0.0,205.5108549989453,1.477674e-06
5.0,0.0,205.51042996144727,1.419772e-06
5.0,0.0,205.5100045103748,1.43869e-06
5.0,0.0,205.5096025161156,1.44176e-06
5.0,0.0,205.50920111021716,1.462467e-06
5.0,0.0,205.5087547111496,1.438326e-06
5.0,0.0,205.50833084320615,1.404129e-06
5.0,0.0,205.50792507818736,1.347915e-06
5.0,0.0,205.50749863644623,1.343462e-06
5.0,0.0,205.5070726299309,7.692579e-07
5.0,0.0,205.50669598686963,5.92001e-07
5.0,0.0,205.50625010012024,1.122156e-06
5.0,0.0,205.50583046217264,1.422988e-06
5.0,0.0,205.5054121706063,1.309294e-06
5.0,0.0,205.50501694303208,1.358712e-06
5.0,0.0,205.5046059458584,1.319466e-06
5.0,0.0,205.5041688519812,1.382199e-06
5.0,0.0,205.503783154032,1.32306e-06
5.0,0.0,205.50334571646135,1.342691e-06
5.0,0.0,205.5029035943876,1.341017e-06
5.0,0.0,205.5025086237624,1.39582e-06
5.0,0.0,205.50209895233627,1.31577e-06
5.0,0.0,205.5016683108428,1.280612e-06
5.0,0.0,205.50126359934444,1.289343e-06
5.0,0.0,205.50084007563788,1.348046e-06
5.0,0.0,205.5003990576241,1.372813e-06
5.0,0.0,205.49999247078665,1.291133e-06
5.0,0.0,205.49959318297263,1.446839e-06
5.0,0.0,205.49915010239056,1.366992e-06
5.0,0.0,205.49873304874225,1.374094e-06
5.0,0.0,205.4983025361759,1.346183e-06
5.0,0.0,205.49788024700692,1.300068e-06
5.0,0.0,205.49746257499177,1.288645e-06
5.0,0.0,205.49702952221816,1.25861e-06
5.0,0.0,205.49662814037148,1.370572e-06
5.0,0.0,205.4962290892216,1.374443e-06
5.0,0.0,205.49581279280028,1.355656e-06
5.0,0.0,205.4953896701016,1.346576e-06
5.0,0.0,205.4949602241961,1.399443e-06
5.0,0.0,205.49456764091605,1.317283e-06
5.0,0.0,205.49413893877565,1.336928e-06
5.0,0.0,205.49374460499288,1.325083e-06
5.0,0.0,205.49331584783167,1.397799e-06
5.0,0.0,205.49289272066588,1.344117e-06
5.0,0.0,205.49247766340648,1.314795e-06
5.0,0.0,205.49206248378147,1.37082e-06
5.0,0.0,205.49162510842655,1.3135e-06
5.0,0.0,205.49121875489416,1.319553e-06
5.0,0.0,205.49081130669992,1.381035e-06
5.0,0.0,205.490371144079,1.377572e-06
5.0,0.0,205.48992711967813,1.311331e-06
5.0,0.0,205.48954178601983,1.368331e-06
5.0,0.0,205.48911354518367,1.431123e-06
5.0,0.0,205.48868877929615,1.278866e-06
5.0,0.0,205.48826461628053,1.271823e-06
5.0,0.0,205.48786534870413,1.307068e-06
5.0,0.0,205.4874216237644,1.370194e-06
5.0,0.0,205.48701741866648,1.308392e-06
5.0,0.0,205.4866067167482,1.30049e-06
5.0,0.0,205.4861960917112,1.332373e-06
5.0,0.0,205.485783543687,1.348672e-06
5.0,0.0,205.48534756867025,1.374327e-06
5.0,0.0,205.48496126429083,1.249675e-06
5.0,0.0,205.4845163501257,1.383873e-06
5.0,0.0,205.48410096931767,1.411245e-06
5.0,0.0,205.48371361746948,1.397886e-06
5.0,0.0,205.4832760347244,1.282591e-06
5.0,0.0,205.48285418725388,1.401349e-06
5.0,0.0,205.48243543823813,1.362278e-06
5.0,0.0,205.48201126569447,1.389955e-06
5.0,0.0,205.48160892177756,1.283261e-06
5.0,0.0,205.48120856715687,1.324195e-06
5.0,0.0,205.48078076160937,1.360328e-06
5.0,0.0,205.480350169508,1.300985e-06
5.0,0.0,205.47993057672593,1.320295e-06
5.0,0.0,205.47950549094955,1.340377e-06
5.0,0.0,205.4790899719808,1.482302e-06
5.0,0.0,205.47864697942143,1.440421e-06
5.0,0.0,205.47823030787848,1.434091e-06
5.0,0.0,205.47783915197223,1.41903e-06
5.0,0.0,205.47739595903772,1.381995e-06
5.0,0.0,205.4769518593368,1.422522e-06
5.0,0.0,205.47657339476933,1.377368e-06
5.0,0.0,205.47614105731407,1.423454e-06
5.0,0.0,205.47574649158267,1.408407e-06
5.0,0.0,205.47531785793623,1.404929e-06
5.0,0.0,205.4749216611338,1.442546e-06
5.0,0.0,205.47449434445,1.38965e-06
5.0,0.0,205.4740829511992,1.481545e-06
5.0,0.0,205.4736694763397,1.428591e-06
5.0,0.0,205.4732452073244,1.36967e-06
5.0,0.0,205.47284634239,1.48332e-06
5.0,0.0,205.47240126006812,1.432665e-06
5.0,0.0,205.4719863241438,1.484048e-06
5.0,0.0,205.47157743789225,1.402994e-06
5.0,0.0,205.47115699418856,1.523644e-06
5.0,0.0,205.47073858757335,1.475652e-06
5.0,0.0,205.47030777534889,1.46644e-06
5.0,0.0,205.4698850548856,1.453591e-06
5.0,0.0,205.46948156538292,1.39777e-06
5.0,0.0,205.4690390793164,1.369262e-06
5.0,0.0,205.46862373292868,1.423992e-06
5.0,0.0,205.46823330623036,1.455774e-06
5.0,0.0,205.46780327216896,1.409528e-06
5.0,0.0,205.46736203361297,1.473032e-06
5.0,0.0,205.466963693192,1.45752e-06
5.0,0.0,205.46653282343848,1.530832e-06
5.0,0.0,205.46612781882448,1.535795e-06
5.0,0.0,205.46572827388084,1.532157e-06
5.0,0.0,205.46529739373025,1.522392e-06
5.0,0.0,205.46488908216344,1.485983e-06
5.0,0.0,205.46445659765607,1.538006e-06
5.0,0.0,205.46405828083655,1.517707e-06
5.0,0.0,205.46363822047513,1.455555e-06
5.0,0.0,205.4632228396098,1.454202e-06
5.0,0.0,205.462807717528,1.440116e-06
5.0,0.0,205.46238440459013,1.475273e-06
5.0,0.0,205.4619537063616,1.522349e-06
5.0,0.0,205.46155288880607,1.388646e-06
5.0,0.0,205.46113303154664,1.333567e-06
5.0,0.0,205.46071753712576,1.466353e-06
5.0,0.0,205.46026921477647,1.498047e-06
5.0,0.0,205.4598798896678,1.532768e-06
5.0,0.0,205.45944673559327,1.399414e-06
5.0,0.0,205.4590006858424,1.45314e-06
5.0,0.0,205.45859284983845,1.492503e-06
5.0,0.0,205.45816857253965,1.546665e-06
5.0,0.0,205.45776398223504,1.41171e-06
5.0,0.0,205.45734044451197,1.381981e-06
5.0,1.0,205.4569056887052,1.356777e-06
5.0,1.0,205.4564950654152,1.465101e-06
5.0,1.0,205.45607988579025,1.519118e-06
5.0,1.0,205.45568346626453,1.476103e-06
5.0,1.0,205.4552597233928,1.599081e-06
5.0,1.0,205.45486115621785,1.506938e-06
5.0,1.0,205.45443718731505,1.528766e-06
5.0,1.0,205.45398971590924,1.543114e-06
5.0,1.0,205.45361418041256,1.496286e-06
5.0,1.0,205.4531886666196,1.536653e-06
5.0,1.0,205.45279130851907,1.538661e-06
5.0,1.0,205.45235582268907,1.501045e-06
5.0,1.0,205.45193197976,1.595152e-06
5.0,1.0,205.4515275792089,1.539665e-06
5.0,1.0,205.4510956108037,1.414111e-06
5.0,1.0,205.4506797852952,1.226887e-06
5.0,1.0,205.4502467378724,1.062494e-06
5.0,1.0,205.4498149184556,7.235940000000001e-07
5.0,1.0,205.44940710765212,4.5690100000000005e-07
5.0,1.0,205.44897682898528,2.120069e-07
5.0,1.0,205.44856148030533,1.0448280000000001e-07
5.0,1.0,205.4481376285032,3.792229e-08
5.0,1.0,205.44772994875504,3.070454e-08
5.0,1.0,205.4473104126029,3.655441e-08
5.0,1.0,205.44690257829976,5.861511e-08
5.0,0.0,205.44647161103927,1.679291e-07
5.0,0.0,205.4460722797164,1.183944e-06
5.0,0.0,205.4456676261917,1.452194e-06
5.0,0.0,205.4452244770096,1.569992e-06
5.0,0.0,205.44483277239888,1.600318e-06
5.0,0.0,205.4443971314088,1.62881e-06
5.0,0.0,205.44399077718893,1.619395e-06
5.0,0.0,205.4435768715106,1.527296e-06
5.0,0.0,205.44316149732913,1.612148e-06
5.0,0.0,205.44276127072575,1.635548e-06
5.0,0.0,205.44231948053857,1.699882e-06
5.0,0.0,205.44189174828992,1.630615e-06
5.0,0.0,205.44148455733128,1.670109e-06
5.0,0.0,205.44107026652424,1.665045e-06
5.0,0.0,205.4406548597816,1.639884e-06
5.0,0.0,205.44025684239764,1.751177e-06
5.0,0.0,205.43981443871635,1.59195e-06
5.0,0.0,205.43939457971183,1.507127e-06
5.0,0.0,205.43895428556044,1.54633e-06
5.0,0.0,205.4385306677604,1.599532e-06
5.0,0.0,205.438117502372,1.677196e-06
5.0,0.0,205.437706042654,1.573877e-06
5.0,0.0,205.43727894622043,1.587221e-06
5.0,0.0,205.43685883295132,1.652763e-06
5.0,0.0,205.4364497009176,1.641631e-06
5.0,0.0,205.43600345853,1.661188e-06
5.0,0.0,205.43562682090143,1.560518e-06
5.0,0.0,205.435200448285,1.642213e-06
5.0,0.0,205.43479082234157,1.568289e-06
5.0,0.0,205.43436608392423,1.59895e-06
5.0,0.0,205.43394030312783,1.670924e-06
5.0,0.0,205.43355381112752,1.609922e-06
5.0,0.0,205.43312234300492,1.571127e-06
5.0,0.0,205.4327008637316,1.596884e-06
5.0,0.0,205.4322998828722,1.633656e-06
5.0,0.0,205.43186217474667,1.566164e-06
5.0,0.0,205.43143154677145,1.556531e-06
5.0,0.0,205.4310379963728,1.668799e-06
5.0,0.0,205.4306053317709,1.618217e-06
5.0,0.0,205.43018995096287,1.570297e-06
5.0,0.0,205.42976551626649,1.552209e-06
5.0,0.0,205.42933460883256,1.564462e-06
5.0,0.0,205.42892643370735,1.540131e-06
5.0,0.0,205.4285000933411,1.536508e-06
5.0,0.0,205.42807120890373,1.615685e-06
5.0,0.0,205.42768366110164,1.611494e-06
5.0,0.0,205.42726052480603,1.490276e-06
5.0,0.0,205.42684175854785,1.501918e-06
5.0,0.0,205.42642171928796,1.470602e-06
5.0,0.0,205.42599481072807,1.45509e-06
5.0,0.0,205.4255936393135,1.361273e-06
5.0,0.0,205.42517808281704,1.441033e-06
5.0,0.0,205.42475611508584,1.490887e-06
5.0,0.0,205.42434808114905,1.46497e-06
5.0,0.0,205.42391751936205,1.356748e-06
5.0,0.0,205.42351272871372,1.191002e-06
5.0,0.0,205.4231016021728,1.379041e-06
5.0,0.0,205.42267779728317,1.391658e-06
5.0,0.0,205.42227406823127,1.432782e-06
5.0,0.0,205.42184344001248,1.417226e-06
5.0,0.0,205.4214178440756,1.38703e-06
5.0,0.0,205.42101091703856,1.380875e-06
5.0,0.0,205.42059534262611,1.329303e-06
5.0,0.0,205.4201663191619,1.252323e-06
5.0,0.0,205.4197651184249,1.128428e-06
5.0,0.0,205.41933815749596,8.583883999999999e-07
5.0,0.0,205.41890078007603,8.565257e-07
5.0,0.0,205.41845424335727,6.853807e-07
5.0,0.0,205.41803447219,7.906200999999999e-07
5.0,0.0,205.41764686326948,9.291252000000001e-07
5.0,0.0,205.4172182368903,9.266369000000001e-07
5.0,0.0,205.41680424287287,1.034598e-06
5.0,0.0,205.4163807035441,7.203489e-07
5.0,0.0,205.41595014513376,1.251319e-06
5.0,0.0,205.4155486421548,1.180408e-06
5.0,0.0,205.41514155520048,1.077686e-06
5.0,0.0,205.41475605944703,9.860087000000002e-07
5.0,0.0,205.4143149403,1.254622e-06
5.0,0.0,205.41389107450215,1.28879e-06
5.0,0.0,205.41349075653568,1.208798e-06
5.0,0.0,205.41305099219596,1.00024e-06
5.0,0.0,205.412651887018,1.261506e-06
5.0,0.0,205.412246029165,1.192631e-06
5.0,0.0,205.4118103731892,1.174703e-06
5.0,0.0,205.41137169544808,1.055334e-06
5.0,0.0,205.41098648066375,1.259861e-06
5.0,0.0,205.41054578959088,1.293243e-06
5.0,0.0,205.41013046437044,1.245455e-06
5.0,0.0,205.40971529954325,1.144159e-06
5.0,0.0,205.40926740680476,1.10238e-06
5.0,0.0,205.4088670689314,1.026652e-06
5.0,0.0,205.4084363016429,1.084496e-06
5.0,0.0,205.4080125377214,1.010281e-06
5.0,0.0,205.4076247752913,1.203633e-06
5.0,0.0,205.4072094284909,1.231703e-06
5.0,0.0,205.40679745127417,1.159671e-06
5.0,0.0,205.40636882870928,9.711075e-07
5.0,0.0,205.4059317357193,1.186883e-06
5.0,0.0,205.4055283618088,1.087479e-06
5.0,0.0,205.40511888908057,6.309419e-07
5.0,0.0,205.40472975674916,9.829237000000002e-07
5.0,0.0,205.404299604663,1.181645e-06
5.0,0.0,205.40386397132977,1.380962e-06
5.0,0.0,205.40347257718193,1.347842e-06
5.0,0.0,205.40302892630044,1.17319e-06
5.0,0.0,205.40261365666757,1.222332e-06
5.0,0.0,205.40220117943025,1.313922e-06
5.0,0.0,205.40179521143975,1.385866e-06
5.0,0.0,205.40135336253647,1.291643e-06
5.0,0.0,205.40096735117288,1.249864e-06
5.0,0.0,205.40052317519593,1.383989e-06
5.0,0.0,205.40010804763193,1.374588e-06
5.0,0.0,205.39967579809016,1.270833e-06
5.0,0.0,205.399290528652,1.215842e-06
5.0,0.0,205.39884806148447,1.416818e-06
5.0,0.0,205.39840907578773,1.36804e-06
5.0,0.0,205.3979894335276,1.434208e-06
5.0,0.0,205.39757859083372,1.260734e-06
5.0,0.0,205.397158616324,1.360095e-06
5.0,0.0,205.39673976071393,1.455206e-06
5.0,0.0,205.39634235042303,1.450433e-06
5.0,0.0,205.39590089278184,1.348715e-06
5.0,0.0,205.39550598720584,1.211796e-06
5.0,0.0,205.39508366303411,1.305671e-06
5.0,0.0,205.39466570019803,1.418361e-06
5.0,0.0,205.394260847592,1.343229e-06
5.0,0.0,205.39382688964332,1.332985e-06
5.0,0.0,205.3934380673816,1.171575e-06
5.0,0.0,205.3929909988829,1.286782e-06
5.0,0.0,205.3925916476336,1.214547e-06
5.0,0.0,205.392188828272,1.224616e-06
5.0,0.0,205.3917644339808,1.229113e-06
5.0,0.0,205.39131921247744,1.287888e-06
5.0,0.0,205.39089524672417,1.25193e-06
5.0,0.0,205.39049429931373,1.278531e-06
5.0,0.0,205.39006465431163,1.238295e-06
5.0,0.0,205.38963644619136,1.245207e-06
5.0,0.0,205.3892139121849,1.144246e-06
5.0,0.0,205.3888137397622,1.249849e-06
5.0,0.0,205.38837495112207,1.170585e-06
5.0,0.0,205.3879469581388,1.067543e-06
5.0,0.0,205.3875503418354,1.262291e-06
5.0,0.0,205.38713488851064,1.070031e-06
5.0,0.0,205.38674189898003,1.121094e-06
5.0,0.0,205.38631277901817,1.192093e-06
5.0,0.0,205.38588972321,1.127235e-06
5.0,0.0,205.3854737272604,1.165987e-06
5.0,0.0,205.38505823037653,1.181499e-06
5.0,0.0,205.384670207454,1.225111e-06
5.0,0.0,205.38422679667767,1.129723e-06
5.0,0.0,205.3838025534764,1.082211e-06
5.0,0.0,205.3834040130092,1.067718e-06
5.0,0.0,205.38295718084157,9.959622000000002e-07
5.0,0.0,205.3825379512907,1.047345e-06
5.0,0.0,205.38215067589556,1.099819e-06
5.0,0.0,205.38173358763007,1.07431e-06
5.0,0.0,205.38130307150988,1.212204e-06
5.0,0.0,205.38089498734567,1.134365e-06
5.0,0.0,205.38046406689915,1.128763e-06
5.0,0.0,205.38004633349337,1.09899e-06
5.0,0.0,205.37962530206207,1.121953e-06
5.0,0.0,205.37921648990076,1.220309e-06
5.0,0.0,205.37879277780425,1.227745e-06
5.0,0.0,205.37835568783345,1.276829e-06
5.0,0.0,205.37792500951096,1.343811e-06
5.0,0.0,205.37749855320692,1.294378e-06
5.0,0.0,205.377110868156,1.183231e-06
5.0,0.0,205.37667306411103,1.298351e-06
5.0,0.0,205.37628693531263,1.320543e-06
5.0,0.0,205.37585077783973,1.430148e-06
5.0,0.0,205.37541413301585,1.182838e-06
5.0,0.0,205.37502836773567,1.371081e-06
5.0,0.0,205.37461534631456,1.098335e-06
5.0,0.0,205.37420555740223,1.229288e-06
5.0,0.0,205.3737817645018,1.333072e-06
5.0,0.0,205.373356707862,1.350898e-06
5.0,0.0,205.37293780426933,1.250228e-06
5.0,0.0,205.372514324287,1.315377e-06
5.0,0.0,205.37211137107823,1.335691e-06
5.0,0.0,205.37171134118503,1.188688e-06
5.0,0.0,205.37128298582556,1.164663e-06
5.0,0.0,205.37083982326905,1.151944e-06
5.0,0.0,205.3703986665264,1.355089e-06
5.0,0.0,205.37001323731457,1.279564e-06
5.0,0.0,205.36957853432668,1.336943e-06
5.0,0.0,205.3691632279976,1.374079e-06
5.0,0.0,205.3687628648001,1.318054e-06
5.0,0.0,205.3683356574032,1.274151e-06
5.0,0.0,205.36789815354885,1.176581e-06
5.0,0.0,205.3674973727594,1.228414e-06
5.0,0.0,205.36707594172628,1.322682e-06
5.0,0.0,205.36665861804343,1.271619e-06
5.0,0.0,205.36625303729937,1.050357e-06
5.0,0.0,205.36581958213733,1.071559e-06
5.0,0.0,205.36543042111677,1.119304e-06
5.0,0.0,205.36498212033544,1.355482e-06
5.0,0.0,205.36458279125117,1.308392e-06
5.0,0.0,205.36417924981,1.159176e-06
5.0,0.0,205.3637568241957,1.211869e-06
5.0,0.0,205.36333847192904,1.073873e-06
5.0,0.0,205.36291781371023,1.17025e-06
5.0,0.0,205.36248936318185,1.262713e-06
5.0,0.0,205.3620787638561,1.251581e-06
5.0,0.0,205.36166536663927,1.111592e-06
5.0,0.0,205.3612413791973,1.001958e-06
5.0,0.0,205.36084253725537,7.881172e-07
5.0,0.0,205.36040126729137,9.530049000000001e-07
5.0,0.0,205.35997045526295,1.31836e-06
5.0,0.0,205.35955431264887,1.081702e-06
5.0,0.0,205.35916668466336,1.330831e-06
5.0,0.0,205.3587235977677,1.025342e-06
5.0,0.0,205.3582996797956,1.121807e-06
5.0,0.0,205.35786192488607,1.240973e-06
5.0,0.0,205.35745390352096,1.234614e-06
5.0,0.0,205.35703392292837,1.145556e-06
5.0,0.0,205.35661851588836,1.096923e-06
5.0,0.0,205.3562296853088,1.080189e-06
5.0,0.0,205.3557993864779,1.340799e-06
5.0,0.0,205.3553913025156,1.151187e-06
5.0,0.0,205.35495874340492,1.082488e-06
5.0,0.0,205.35455245550864,1.206863e-06
5.0,0.0,205.35413611201528,1.076711e-06
5.0,0.0,205.35371096803397,1.258013e-06
5.0,0.0,205.35329899961448,1.031935e-06
5.0,0.0,205.35287504990495,1.081251e-06
5.0,0.0,205.35244668142687,1.312539e-06
5.0,0.0,205.3520499172961,1.319306e-06
5.0,0.0,205.35163439089268,1.243126e-06
5.0,0.0,205.35119441434327,1.19461e-06
5.0,0.0,205.35077041644772,1.294684e-06
5.0,0.0,205.3503715789955,1.35244e-06
5.0,0.0,205.34994784208763,1.293782e-06
5.0,0.0,205.34950147058328,1.285749e-06
5.0,0.0,205.3491001502656,1.326087e-06
5.0,0.0,205.34869887066031,1.31382e-06
5.0,0.0,205.34827276899708,1.34205e-06
5.0,0.0,205.34785310673433,1.451437e-06
5.0,0.0,205.34743391838356,1.454624e-06
5.0,0.0,205.34700951926055,1.375942e-06
5.0,0.0,205.34662172241016,1.301945e-06
5.0,0.0,205.34617848093976,1.382534e-06
5.0,0.0,205.3457743501665,1.393186e-06
5.0,0.0,205.345360649936,1.474706e-06
5.0,0.0,205.3449225237949,1.290682e-06
5.0,0.0,205.34451773470053,1.374792e-06
5.0,0.0,205.34410246831553,1.377761e-06
5.0,0.0,205.3436909069024,1.449022e-06
5.0,0.0,205.3432861454848,1.502995e-06
5.0,0.0,205.34285535779625,1.434499e-06
5.0,0.0,205.34242887791075,1.386681e-06
5.0,0.0,205.342026095736,1.476234e-06
5.0,0.0,205.341596996079,1.573237e-06
5.0,0.0,205.3411775682028,1.487788e-06
5.0,0.0,205.34077365739088,1.494831e-06
5.0,0.0,205.3403384476676,1.422712e-06
5.0,0.0,205.3399132517932,1.559354e-06
5.0,0.0,205.33950523298077,1.608234e-06
5.0,0.0,205.33909004010263,1.499488e-06
5.0,0.0,205.33867474930247,1.625842e-06
5.0,0.0,205.33823090595237,1.459397e-06
5.0,0.0,205.3377994888853,1.282286e-06
5.0,0.0,205.33740837674048,1.399632e-06
5.0,0.0,205.33696087078968,1.427165e-06
5.0,0.0,205.33656048480373,1.466251e-06
5.0,0.0,205.33615435241495,1.505206e-06
5.0,0.0,205.33573643643336,1.416687e-06
5.0,0.0,205.33532839481833,1.523833e-06
5.0,0.0,205.33489789900975,1.487235e-06
5.0,0.0,205.3344916271191,1.478315e-06
5.0,0.0,205.33407806646463,1.587963e-06
5.0,0.0,205.33364369151417,1.634515e-06
5.0,0.0,205.33326216621435,1.627341e-06
5.0,0.0,205.33282035587968,1.555483e-06
5.0,0.0,205.33239636286456,1.678593e-06
5.0,0.0,205.33199556412745,1.663066e-06
5.0,0.0,205.33155709253424,1.663298e-06
5.0,0.0,205.33114182290137,1.70643e-06
5.0,0.0,205.3307260380481,1.637964e-06
5.0,0.0,205.3302829492459,1.835491e-06
5.0,0.0,205.3298871928338,1.738503e-06
5.0,0.0,205.32945441889265,1.689928e-06
5.0,0.0,205.32900908961832,1.812819e-06
5.0,0.0,205.32863193374556,1.722452e-06
5.0,0.0,205.32820632314363,1.704204e-06
5.0,0.0,205.32777881611847,1.600914e-06
5.0,0.0,205.32737087381753,1.595501e-06
5.0,0.0,205.32693997016696,1.569671e-06
5.0,0.0,205.3265374740267,1.80889e-06
5.0,0.0,205.32612886985447,1.5431e-06
5.0,0.0,205.32571423993988,1.768218e-06
5.0,0.0,205.32530704302317,1.552908e-06
5.0,0.0,205.3248667541964,1.69393e-06
5.0,0.0,205.32446864721476,1.60285e-06
5.0,0.0,205.3240519658144,1.637149e-06
5.0,0.0,205.323608643272,1.81084e-06
5.0,0.0,205.32322128957944,1.614404e-06
5.0,0.0,205.32279754247435,1.590262e-06
5.0,0.0,205.32236027049944,1.595268e-06
5.0,0.0,205.32195210079587,1.70173e-06
5.0,0.0,205.32153174231607,1.670895e-06
5.0,0.0,205.3211275781412,1.661945e-06
5.0,0.0,205.32072825769856,1.756969e-06
5.0,0.0,205.32029758213963,1.746055e-06
5.0,0.0,205.319856347202,1.777982e-06
5.0,0.0,205.3194571050668,1.696942e-06
5.0,0.0,205.31901207469343,1.802313e-06
5.0,0.0,205.3185962425584,1.778506e-06
5.0,0.0,205.31818070161424,1.55413e-06
5.0,0.0,205.317736137947,1.546214e-06
5.0,0.0,205.31733714552828,1.612294e-06
5.0,0.0,205.31691340412596,1.688648e-06
5.0,0.0,205.31651128300325,1.751061e-06
5.0,0.0,205.3160760190601,1.553941e-06
5.0,0.0,205.3156671760172,1.631444e-06
5.0,0.0,205.315264712144,1.59425e-06
5.0,0.0,205.31483404121616,1.590321e-06
5.0,0.0,205.31442608807183,1.551452e-06
5.0,0.0,205.31399995479856,1.441236e-06
5.0,0.0,205.31359871757917,1.47798e-06
5.0,0.0,205.3131969167705,1.683788e-06
5.0,0.0,205.3127507368989,1.461522e-06
5.0,0.0,205.31236316931296,1.507971e-06
5.0,0.0,205.31192824640183,1.477252e-06
5.0,0.0,205.31147944739732,1.445442e-06
5.0,0.0,205.3110639064532,1.391323e-06
5.0,0.0,205.31067585945877,1.528577e-06
5.0,0.0,205.3102536592028,1.359018e-06
5.0,0.0,205.30982283655197,1.427121e-06
5.0,0.0,205.30939878684052,1.357505e-06
5.0,0.0,205.3089861685997,1.267254e-06
5.0,0.0,205.30856130884132,1.395616e-06
5.0,0.0,205.30812785487143,1.372551e-06
5.0,0.0,205.30773651969943,1.338776e-06
5.0,0.0,205.30730701534293,1.413282e-06
5.0,0.0,205.30688424467328,1.39109e-06
5.0,0.0,205.30646804613664,1.222536e-06
5.0,0.0,205.30605094677972,1.346343e-06
5.0,0.0,205.30566374022527,1.117427e-06
5.0,0.0,205.30524397571685,1.061024e-06
5.0,0.0,205.3048267754774,1.072622e-06
5.0,0.0,205.3044057170796,1.228196e-06
5.0,0.0,205.30397470393336,1.22287e-06
5.0,0.0,205.3035868361852,1.025765e-06
5.0,0.0,205.30315141089693,1.173161e-06
5.0,0.0,205.3027274220902,1.29141e-06
5.0,0.0,205.30232867632424,1.374065e-06
5.0,0.0,205.30188864068563,1.250315e-06
5.0,0.0,205.3014578981454,1.33898e-06
5.0,0.0,205.30105770134304,1.208726e-06
5.0,0.0,205.30065134305403,1.19285e-06
5.0,0.0,205.3002340600282,1.190492e-06
5.0,0.0,205.29981768611256,1.111752e-06
5.0,0.0,205.29939543681724,1.16165e-06
5.0,0.0,205.2989637377061,1.034758e-06
5.0,0.0,205.29851972242585,1.031731e-06
5.0,0.0,205.29810417485515,9.357027e-07
5.0,0.0,205.29771639917195,1.219916e-06
5.0,0.0,205.29728706417765,1.20778e-06
5.0,0.0,205.29684427861253,1.173525e-06
5.0,0.0,205.29644503605047,1.207052e-06
5.0,0.0,205.2960207880204,1.232038e-06
5.0,0.0,205.2956082272837,1.168126e-06
5.0,0.0,205.2951945080468,1.100052e-06
5.0,0.0,205.2947863038364,1.118155e-06
5.0,0.0,205.29436120696664,1.05449e-06
5.0,0.0,205.293930530514,1.105771e-06
5.0,0.0,205.29352733628093,1.05986e-06
5.0,0.0,205.29311788478367,9.673968e-07
5.0,0.0,205.29270510724112,1.153254e-06
5.0,0.0,205.29229873676516,1.278968e-06
5.0,0.0,205.2918573653904,1.156135e-06
5.0,0.0,205.29143387862592,1.052977e-06
5.0,0.0,205.29102921448592,1.132081e-06
5.0,0.0,205.2905984956128,1.01731e-06
5.0,0.0,205.29018322925333,8.889765e-07
5.0,0.0,205.28975991654391,1.095148e-06
5.0,0.0,205.28935174066143,9.982177e-07
5.0,0.0,205.2889208389452,1.09851e-06
5.0,0.0,205.2884929825186,1.134482e-06
5.0,0.0,205.28808153777365,1.089647e-06
5.0,0.0,205.28766819879004,1.127497e-06
5.0,0.0,205.2872444559183,1.089589e-06
5.0,0.0,205.2868454634996,1.111242e-06
5.0,0.0,205.28640360914403,1.019784e-06
5.0,0.0,205.28597311078684,1.064749e-06
5.0,0.0,205.2855847053993,1.186098e-06
5.0,0.0,205.28517499351523,1.081222e-06
5.0,0.0,205.2847715962725,1.16376e-06
5.0,0.0,205.28434092078416,1.136432e-06
5.0,0.0,205.28391564044847,1.147651e-06
5.0,0.0,205.28350863517267,1.201188e-06
5.0,0.0,205.28309309422852,1.132837e-06
5.0,0.0,205.2826639017649,1.174383e-06
5.0,0.0,205.28225905467173,1.076318e-06
5.0,0.0,205.28183505913069,1.202789e-06
5.0,0.0,205.28140109449137,1.122637e-06
5.0,0.0,205.28098868961223,1.176115e-06
5.0,0.0,205.28057342399703,1.18537e-06
5.0,0.0,205.28016459129176,1.232242e-06
5.0,0.0,205.27976190336497,1.119784e-06
5.0,0.0,205.27933145447895,1.186956e-06
5.0,0.0,205.2788931125332,1.172069e-06
5.0,0.0,205.2784691195181,1.016087e-06
5.0,0.0,205.27802542325696,9.754003e-07
5.0,0.0,205.27762163624047,1.277876e-06
5.0,0.0,205.27722293515308,1.169508e-06
5.0,0.0,205.27679263509964,1.204928e-06
5.0,0.0,205.2763844653961,1.255234e-06
5.0,0.0,205.2759535625053,1.309571e-06
5.0,0.0,205.27555267231833,1.261258e-06
5.0,0.0,205.27514575770127,1.339286e-06
5.0,0.0,205.27470653676647,1.328764e-06
5.0,0.0,205.27432108940687,1.327397e-06
5.0,0.0,205.27388170719084,1.251086e-06
5.0,0.0,205.27346059803267,1.250926e-06
5.0,0.0,205.2730680219482,1.309061e-06
5.0,0.0,205.27263497880725,1.351174e-06
5.0,0.0,205.2722124855604,1.277353e-06
5.0,0.0,205.2718122473332,1.228938e-06
5.0,0.0,205.27137341049144,1.178458e-06
5.0,0.0,205.27094250980372,1.259425e-06
5.0,0.0,205.27052001993584,1.180801e-06
5.0,0.0,205.27013252881704,1.194494e-06
5.0,0.0,205.26971698787287,1.155524e-06
5.0,0.0,205.26926929578,1.254666e-06
5.0,0.0,205.26883466416933,1.216104e-06
5.0,0.0,205.26844714495,1.188528e-06
5.0,0.0,205.26800100765269,1.165841e-06
5.0,0.0,205.26759941203113,1.234104e-06
5.0,0.0,205.2671976858121,1.180379e-06
5.0,0.0,205.26677174966645,1.137945e-06
5.0,0.0,205.26636335396773,1.166598e-06
5.0,0.0,205.26592844356304,1.154549e-06
5.0,0.0,205.2655242691772,1.159482e-06
5.0,0.0,205.26511995386116,1.168388e-06
5.0,0.0,205.26468565031945,1.160384e-06
5.0,0.0,205.26428322312557,1.083536e-06
5.0,0.0,205.26385973314692,1.090899e-06
5.0,0.0,205.26342165989584,1.13534e-06
5.0,0.0,205.26301610512047,1.100023e-06
5.0,0.0,205.26260056084817,1.094959e-06
5.0,0.0,205.2621895153272,1.12837e-06
5.0,0.0,205.2617845620213,1.178676e-06
5.0,0.0,205.26135411264383,1.163862e-06
5.0,0.0,205.2609459429403,1.0863e-06
5.0,0.0,205.26052449394967,1.206849e-06
5.0,0.0,205.2600808899271,1.235589e-06
5.0,0.0,205.25967664424104,1.238601e-06
5.0,0.0,205.25927281613113,1.288572e-06
5.0,0.0,205.25883756622497,1.25794e-06
5.0,0.0,205.25840644135323,1.325447e-06
5.0,0.0,205.2579762139995,1.356661e-06
5.0,0.0,205.2575675907397,1.367749e-06
5.0,0.0,205.2571528510556,1.301902e-06
5.0,0.0,205.25672886391223,1.351989e-06
5.0,0.0,205.25632987158568,1.339184e-06
5.0,0.0,205.2558894365632,1.370063e-06
5.0,0.0,205.25550398797657,1.364184e-06
5.0,0.0,205.25506738100455,1.380846e-06
5.0,0.0,205.2546594004084,1.387161e-06
5.0,0.0,205.25425741641433,1.505789e-06
5.0,0.0,205.25382674634767,1.614055e-06
5.0,0.0,205.25340285687057,1.395791e-06
5.0,0.0,205.25299076152888,1.232067e-06
5.0,0.0,205.252575491896,1.13259e-06
5.0,0.0,205.2521490451207,1.423265e-06
5.0,0.0,205.2517636023456,1.358625e-06
5.0,0.0,205.25131846178817,1.318069e-06
5.0,0.0,205.2508788368112,1.357868e-06
5.0,0.0,205.25044816190487,1.341832e-06
5.0,0.0,205.25004698697649,1.348031e-06
5.0,0.0,205.24963972082696,1.384542e-06
5.0,0.0,205.24922388869192,1.396373e-06
5.0,0.0,205.24880854762617,1.373803e-06
5.0,0.0,205.2483762699024,1.411201e-06
5.0,0.0,205.24793184230657,1.322347e-06
5.0,0.0,205.24754662234955,1.347042e-06
5.0,0.0,205.24711948966896,1.268505e-06
5.0,0.0,205.2467300413009,1.402339e-06
5.0,0.0,205.24629982401336,1.411885e-06
5.0,0.0,205.24587818307853,1.360357e-06
5.0,0.0,205.24546143333248,1.313369e-06
5.0,0.0,205.24504286459987,1.314445e-06
5.0,0.0,205.24463683541592,1.326742e-06
5.0,0.0,205.24423668059504,1.130902e-06
5.0,0.0,205.2437888553496,1.25097e-06
5.0,0.0,205.24339011509923,1.319393e-06
5.0,0.0,205.24296612005915,1.285851e-06
5.0,0.0,205.2425218072881,1.339649e-06
5.0,0.0,205.24211838417233,1.368724e-06
5.0,0.0,205.24171876876375,1.387525e-06
5.0,0.0,205.2412890041361,1.255568e-06
5.0,0.0,205.2408812783943,1.41027e-06
5.0,0.0,205.24045014863984,1.296328e-06
5.0,0.0,205.24002936230391,1.400971e-06
5.0,0.0,205.23961130290908,1.383931e-06
5.0,0.0,205.2392011906534,1.323628e-06
5.0,0.0,205.2387771976383,1.357563e-06
5.0,0.0,205.2383417768073,1.311942e-06
5.0,0.0,205.23790471129843,1.383189e-06
5.0,0.0,205.23750315840732,1.416687e-06
5.0,0.0,205.23709414711053,1.448847e-06
5.0,0.0,205.2366643029828,1.492066e-06
5.0,0.0,205.2362592458645,1.486507e-06
5.0,0.0,205.23583500352296,1.470267e-06
5.0,0.0,205.23543626124763,1.512817e-06
5.0,0.0,205.2349889086808,1.463923e-06
5.0,0.0,205.23458877550416,1.41871e-06
5.0,0.0,205.23418642586688,1.440814e-06
5.0,1.0,205.23376276400944,1.45979e-06
5.0,1.0,205.23335459430592,1.430613e-06
5.0,1.0,205.23292391770983,1.452863e-06
5.0,1.0,205.23252031248168,1.404886e-06
5.0,1.0,205.23210980281803,1.372013e-06
5.0,1.0,205.23169453675828,1.417036e-06
5.0,1.0,205.23124858954364,1.437627e-06
5.0,1.0,205.23082924742857,1.444103e-06
5.0,1.0,205.23042610439657,1.320455e-06
5.0,1.0,205.22997790119865,1.503024e-06
5.0,1.0,205.22956207569007,1.387903e-06
5.0,1.0,205.22913829756072,1.417662e-06
5.0,1.0,205.22875262151723,1.394554e-06
5.0,1.0,205.2283066396078,1.274035e-06
5.0,1.0,205.2279079032964,1.312103e-06
5.0,1.0,205.22748416042464,1.491513e-06
5.0,1.0,205.22704240806743,1.508612e-06
5.0,1.0,205.22665491032205,1.463326e-06
5.0,1.0,205.22623675645207,1.373715e-06
5.0,1.0,205.22581994961172,1.43233e-06
5.0,1.0,205.22539767869097,1.446359e-06
5.0,1.0,205.22496746598384,1.232183e-06
5.0,1.0,205.22457756597896,1.210836e-06
5.0,1.0,205.22416191113444,1.113454e-06
5.0,1.0,205.22371997757287,4.800240000000001e-07
5.0,1.0,205.22333499033115,6.034534000000001e-07
5.0,1.0,205.2228972461585,1.15663e-06
5.0,1.0,205.22245271507137,1.139982e-06
5.0,1.0,205.2220575114724,1.043387e-06
5.0,1.0,205.2216570119255,9.340292000000001e-07
5.0,1.0,205.22125102514755,1.033157e-06
5.0,1.0,205.2208182144882,9.317300000000002e-07
5.0,1.0,205.22038753912472,9.779178000000002e-07
5.0,1.0,205.21998029681913,1.039152e-06
5.0,1.0,205.21956506410092,1.024862e-06
5.0,1.0,205.21912229627904,1.16587e-06
5.0,1.0,205.21870674870837,1.253808e-06
5.0,1.0,205.21827916005896,1.273584e-06
5.0,1.0,205.21787121658343,1.373555e-06
5.0,1.0,205.2174405410952,1.394015e-06
5.0,1.0,205.2170176137249,1.428169e-06
5.0,1.0,205.21663012923264,1.506123e-06
5.0,1.0,205.21619111724704,1.526409e-06
5.0,1.0,205.21580197933403,1.422595e-06
5.0,1.0,205.2153688847748,1.471242e-06
5.0,1.0,205.2149288705604,1.444641e-06
5.0,1.0,205.2145453982022,1.42731e-06
5.0,1.0,205.21410961811165,1.394917e-06
5.0,1.0,205.2137221300512,1.418433e-06
5.0,1.0,205.2132919763831,1.350869e-06
5.0,1.0,205.2128613008948,1.447203e-06
5.0,1.0,205.21245313071697,1.416178e-06
5.0,1.0,205.21203271712992,1.40554e-06
5.0,1.0,205.211617447497,1.347449e-06
5.0,1.0,205.21118337316796,1.348439e-06
5.0,1.0,205.2107802229376,1.363005e-06
5.0,1.0,205.21035622708908,1.465916e-06
5.0,1.0,205.20991339135824,1.362394e-06
5.0,1.0,205.20948415899915,1.305496e-06
5.0,1.0,205.20909639018527,1.328881e-06
5.0,1.0,205.20868112717892,1.434892e-06
5.0,1.0,205.2082584287402,1.463632e-06
5.0,1.0,205.20785047559585,1.457694e-06
5.0,1.0,205.20741402984328,1.442124e-06
5.0,1.0,205.2069897922958,1.414315e-06
5.0,1.0,205.2066033893254,1.405322e-06
5.0,1.0,205.206171869028,1.369117e-06
5.0,1.0,205.20576755868888,1.560795e-06
5.0,1.0,205.20534357163768,1.601846e-06
5.0,1.0,205.2049083988589,1.60675e-06
5.0,1.0,205.2044987127693,1.618886e-06
5.0,1.0,205.20408344376492,1.334964e-06
5.0,1.0,205.20369594755968,1.384338e-06
5.0,1.0,205.2032703277512,1.430846e-06
5.0,1.0,205.202839428316,1.284076e-06
5.0,1.0,205.20241427232793,9.040668000000001e-07
5.0,1.0,205.2020065330983,5.388138e-07
5.0,1.0,205.20157964280537,3.296882e-07
5.0,1.0,205.2011621818941,9.355426e-08
5.0,1.0,205.20075715765836,2.780871e-08
5.0,1.0,205.20033291788928,1.792796e-08
5.0,1.0,205.19989931295933,1.055014e-08
5.0,1.0,205.1994863096,1.1161320000000001e-08
5.0,1.0,205.19907048662247,1.3587120000000002e-07
5.0,1.0,205.1986552210852,9.301730000000001e-07
5.0,1.0,205.19821345567496,5.120091e-07
5.0,1.0,205.1977899585324,1.201552e-06
5.0,1.0,205.19739096656872,1.718465e-06
5.0,1.0,205.19694497908003,1.735578e-06
5.0,1.0,205.19654323464107,1.661683e-06
5.0,1.0,205.19613554920693,1.68159e-06
5.0,1.0,205.19572099963736,1.767548e-06
5.0,1.0,205.19531364299448,1.713881e-06
5.0,1.0,205.19488274210445,1.771696e-06
5.0,1.0,205.19447502772584,1.797802e-06
5.0,1.0,205.1940594832359,1.748427e-06
5.0,1.0,205.19364420697644,1.788998e-06
5.0,1.0,205.19324858278463,1.76148e-06
5.0,1.0,205.1928043064052,1.780558e-06
5.0,1.0,205.19241187524963,1.760112e-06
5.0,1.0,205.19198257256923,1.699576e-06
5.0,1.0,205.1915389751732,1.759501e-06
5.0,1.0,205.1911234276025,1.841167e-06
5.0,1.0,205.19071009271184,1.829729e-06
5.0,1.0,205.1903032779224,1.86688e-06
5.0,1.0,205.18987260021336,1.834429e-06
5.0,0.0,205.18943886374103,1.815613e-06
5.0,0.0,205.18903420534176,1.760098e-06
5.0,0.0,205.1886166347012,1.880107e-06
5.0,0.0,205.18818904622256,1.832595e-06
5.0,0.0,205.18778221132797,1.791312e-06
5.0,0.0,205.18735696306567,1.770662e-06
5.0,0.0,205.18692992749936,1.833774e-06
5.0,0.0,205.1865271338776,1.759079e-06
5.0,0.0,205.18611159293343,1.810637e-06
5.0,0.0,205.18572437312588,1.746157e-06
5.0,0.0,205.18529335681205,1.789493e-06
5.0,0.0,205.1848514521355,1.794018e-06
5.0,0.0,205.18445451162023,1.736596e-06
5.0,0.0,205.18403468889335,1.667242e-06
5.0,0.0,205.1836156610067,1.637352e-06
5.0,0.0,205.18320623471456,1.612309e-06
5.0,0.0,205.18278199155608,1.648208e-06
5.0,0.0,205.18235687622456,1.639593e-06
5.0,0.0,205.18193819260392,1.631357e-06
5.0,0.0,205.18151446539508,1.589287e-06
5.0,0.0,205.18111177052216,1.602966e-06
5.0,0.0,205.18071142670556,1.583729e-06
5.0,0.0,205.18028344654508,1.528359e-06
5.0,0.0,205.17986274632105,1.527631e-06
5.0,0.0,205.17944155028627,1.5361e-06
5.0,0.0,205.17901781258047,1.563341e-06
5.0,0.0,205.17857952151297,1.543754e-06
5.0,0.0,205.1781639805688,1.516499e-06
5.0,0.0,205.177743944958,1.539302e-06
5.0,0.0,205.1773357668133,1.563239e-06
5.0,0.0,205.1768980994828,1.50851e-06
5.0,0.0,205.1764742538788,1.497203e-06
5.0,0.0,205.17608679859092,1.55493e-06
5.0,0.0,205.17565875081348,1.524648e-06
5.0,0.0,205.17525337817452,1.465349e-06
5.0,0.0,205.174829637122,1.459601e-06
5.0,0.0,205.174430648171,1.443012e-06
5.0,0.0,205.173982400405,1.419612e-06
5.0,0.0,205.17356685303045,1.371867e-06
5.0,0.0,205.17317963322287,1.440741e-06
5.0,0.0,205.1727572064184,1.438384e-06
5.0,0.0,205.17232630894927,1.46286e-06
5.0,0.0,205.171918133824,1.373468e-06
5.0,0.0,205.1714899489904,1.418128e-06
5.0,0.0,205.1710647095002,1.414955e-06
5.0,0.0,205.1706313532727,1.436347e-06
5.0,0.0,205.17023893806967,1.423658e-06
5.0,0.0,205.16981773648664,1.446126e-06
5.0,0.0,205.16937863223697,1.438922e-06
5.0,0.0,205.16895000144885,1.507375e-06
5.0,0.0,205.16855417582272,1.516673e-06
5.0,0.0,205.1681386260136,1.580527e-06
5.0,0.0,205.16770070360735,1.601598e-06
5.0,0.0,205.16731548019084,1.594177e-06
5.0,0.0,205.16687579236032,1.587832e-06
5.0,0.0,205.1664766330368,1.572087e-06
5.0,0.0,205.16605330771185,1.603272e-06
5.0,0.0,205.16567451841803,1.616936e-06
5.0,0.0,205.16523057415648,1.64278e-06
5.0,0.0,205.16479893341315,1.551627e-06
5.0,0.0,205.16439121330677,1.549502e-06
5.0,0.0,205.16396054142308,1.671171e-06
5.0,0.0,205.1635417807501,1.710825e-06
5.0,0.0,205.16315400506687,1.773413e-06
5.0,0.0,205.16273578322307,1.798675e-06
5.0,0.0,205.1622881240669,1.806868e-06
5.0,0.0,205.16189671062867,1.780412e-06
5.0,0.0,205.16146539474036,1.774621e-06
5.0,0.0,205.1610583166272,1.784923e-06
5.0,0.0,205.16064290362937,1.804146e-06
5.0,0.0,205.16021823417728,1.887311e-06
5.0,0.0,205.1597885667377,1.904045e-06
5.0,0.0,205.15935811865197,1.899709e-06
5.0,0.0,205.1589497161241,1.833716e-06
5.0,0.0,205.15852882770324,1.86979e-06
5.0,0.0,205.15809960040983,1.807493e-06
5.0,0.0,205.15767051136768,1.880093e-06
5.0,0.0,205.15726851878495,1.913504e-06
5.0,0.0,205.1568415693394,1.980719e-06
5.0,0.0,205.15641111872569,1.917404e-06
5.0,0.0,205.15600573802715,1.941604e-06
5.0,0.0,205.15559389044768,1.97989e-06
5.0,0.0,205.15520612139105,1.961293e-06
5.0,0.0,205.15477887419823,1.978318e-06
5.0,0.0,205.15437093072887,2.065077e-06
5.0,0.0,205.15393678068176,2.09047e-06
5.0,0.0,205.15351303781003,2.136381e-06
5.0,0.0,205.15312977985317,2.04028e-06
5.0,0.0,205.1526869329286,2.097077e-06
5.0,0.0,205.1522627814161,2.200642e-06
5.0,0.0,205.1518680700668,2.162007e-06
5.0,0.0,205.15142439102948,2.199246e-06
5.0,0.0,205.1509981525984,2.128101e-06
5.0,0.0,205.150610654853,2.137924e-06
5.0,0.0,205.1501954294692,2.176457e-06
5.0,0.0,205.14974938704592,2.198401e-06
5.0,0.0,205.14931646911927,2.171815e-06
5.0,0.0,205.14892687512207,2.206114e-06
5.0,0.0,205.14847792910007,2.21403e-06
5.0,0.0,205.14807863780047,2.171073e-06
5.0,0.0,205.1476748851124,2.26534e-06
5.0,0.0,205.14725343970204,2.196452e-06
5.0,0.0,205.14684514801303,2.181434e-06
5.0,0.0,205.14640816662325,1.87484e-06
5.0,0.0,205.14600607213916,1.850087e-06
5.0,0.0,205.1455788760616,2.162153e-06
5.0,0.0,205.14517504636672,2.18644e-06
5.0,0.0,205.1447716356436,2.100627e-06
5.0,0.0,205.1443277235496,2.098692e-06
5.0,0.0,205.1439154742365,2.059358e-06
5.0,0.0,205.1435081406706,2.163506e-06
5.0,0.0,205.14306481458584,2.198096e-06
5.0,0.0,205.1426634876648,2.189059e-06
5.0,0.0,205.1422585985057,2.181085e-06
5.0,0.0,205.14182453121117,2.153829e-06
5.0,0.0,205.14141647143543,2.139597e-06
5.0,0.0,205.1409879171723,2.154382e-06
5.0,0.0,205.14057208909037,2.118453e-06
5.0,0.0,205.14014625770423,2.102082e-06
5.0,0.0,205.1397610423872,2.295696e-06
5.0,0.0,205.139316154247,2.167479e-06
5.0,0.0,205.13887718970807,2.147513e-06
5.0,0.0,205.13844651634096,2.202985e-06
5.0,0.0,205.1380449256318,2.139714e-06
5.0,0.0,205.13763770365733,2.128276e-06
5.0,0.0,205.13722244065096,2.0851e-06
5.0,0.0,205.1367737029805,2.096378e-06
5.0,0.0,205.13637470459793,2.064495e-06
5.0,0.0,205.1359551766368,2.062094e-06
5.0,0.0,205.1355610818999,2.034692e-06
5.0,0.0,205.1351287326864,2.086672e-06
5.0,0.0,205.13474977947757,1.904191e-06
5.0,0.0,205.13430599739593,2.053785e-06
5.0,0.0,205.13387646175931,2.083965e-06
5.0,0.0,205.13345932841796,2.063927e-06
5.0,0.0,205.1330405810072,2.046218e-06
5.0,0.0,205.13263502593196,2.078625e-06
5.0,0.0,205.13223548524996,2.076267e-06
5.0,0.0,205.1318050445358,1.887165e-06
5.0,0.0,205.1313825448876,2.013127e-06
5.0,0.0,205.13096531091753,2.04859e-06
5.0,0.0,205.13054156231303,2.040208e-06
5.0,0.0,205.13010563886343,2.023618e-06
5.0,0.0,205.12969408253343,2.083354e-06
5.0,0.0,205.12928894555048,2.130138e-06
5.0,0.0,205.1288584999913,2.16013e-06
5.0,0.0,205.1284228586383,2.048502e-06
5.0,0.0,205.12801964685127,2.07602e-06
5.0,0.0,205.12761457986852,2.065586e-06
5.0,0.0,205.12718102906203,2.059387e-06
5.0,0.0,205.12677738930128,2.019413e-06
5.0,0.0,205.12635314017888,1.998691e-06
5.0,0.0,205.12595415372408,2.000321e-06
5.0,0.0,205.12553041085235,1.966997e-06
5.0,0.0,205.12509379756776,1.926368e-06
5.0,0.0,205.1247063130755,2.051442e-06
5.0,0.0,205.12427925844116,1.928041e-06
5.0,0.0,205.1238589083856,1.935798e-06
5.0,0.0,205.12344018000348,1.878405e-06
5.0,0.0,205.12301690015423,1.964159e-06
5.0,0.0,205.1226013313745,1.922846e-06
5.0,0.0,205.12221413306403,1.962952e-06
5.0,0.0,205.1217664820201,1.888693e-06
5.0,0.0,205.12134415776637,1.84786e-06
5.0,0.0,205.12094399687305,1.792941e-06
5.0,0.0,205.12049778780323,1.755136e-06
5.0,0.0,205.12010841959184,1.763547e-06
5.0,0.0,205.11969474309117,1.694192e-06
5.0,0.0,205.1192693460357,1.660956e-06
5.0,0.0,205.11883821670403,1.693013e-06
5.0,0.0,205.1184007951764,1.779816e-06
5.0,0.0,205.11795414247888,1.739638e-06
5.0,0.0,205.1175689159681,1.793655e-06
5.0,0.0,205.1171461852032,1.614259e-06
5.0,0.0,205.11672983998872,1.553868e-06
5.0,0.0,205.1163216669599,1.623688e-06
5.0,0.0,205.1158909893752,1.729466e-06
5.0,0.0,205.1154835956936,1.732144e-06
5.0,0.0,205.11506928116313,1.811903e-06
5.0,0.0,205.1146444256107,1.767112e-06
5.0,0.0,205.11423736826487,1.643668e-06
5.0,0.0,205.11381387879007,1.794062e-06
5.0,0.0,205.11341513863496,1.702589e-06
5.0,0.0,205.11296717744136,1.542314e-06
5.0,0.0,205.11258195748437,1.549532e-06
5.0,0.0,205.11216240035944,1.538065e-06
5.0,0.0,205.11174287946824,1.545268e-06
5.0,0.0,205.11131174917483,1.505628e-06
5.0,0.0,205.11090380687384,1.513574e-06
5.0,0.0,205.1104726943763,1.577151e-06
5.0,0.0,205.1100491974541,1.664055e-06
5.0,0.0,205.10963427535037,1.560693e-06
5.0,0.0,205.1092262161851,1.628621e-06
5.0,0.0,205.10879543015847,1.550536e-06
5.0,0.0,205.10836475467025,1.487017e-06
5.0,0.0,205.10795680192052,1.4416e-06
5.0,0.0,205.10753693843137,1.541019e-06
5.0,0.0,205.10712166879847,1.461725e-06
5.0,0.0,205.1067318832141,1.450506e-06
5.0,0.0,205.10628427224216,1.460823e-06
5.0,0.0,205.10589343095836,1.560751e-06
5.0,0.0,205.10546128084448,1.523134e-06
5.0,0.0,205.10503754244465,1.487308e-06
5.0,0.0,205.10463855151792,1.563123e-06
5.0,0.0,205.1042131206828,1.549968e-06
5.0,0.0,205.10380047293705,1.528053e-06
5.0,0.0,205.1033766571369,1.519147e-06
5.0,0.0,205.10294598227796,1.436274e-06
5.0,0.0,205.10254408897367,1.551874e-06
5.0,0.0,205.1021365008922,1.450913e-06
5.0,0.0,205.1017211018917,1.426612e-06
5.0,0.0,205.10131350855025,1.372318e-06
5.0,0.0,205.1008733719688,1.376698e-06
5.0,0.0,205.1004292078272,1.482913e-06
5.0,0.0,205.1000439839445,1.490364e-06
5.0,0.0,205.09961598909243,1.476918e-06
5.0,0.0,205.09920044525884,1.441149e-06
5.0,0.0,205.09877423436575,1.409935e-06
5.0,0.0,205.09833016776332,1.373221e-06
5.0,0.0,205.0978968141948,1.335968e-06
5.0,0.0,205.09750717444567,1.283741e-06
5.0,0.0,205.097067428315,1.299122e-06
5.0,0.0,205.09665919880817,1.295542e-06
5.0,0.0,205.0962570057392,1.354536e-06
5.0,0.0,205.0958389280949,1.308712e-06
5.0,0.0,205.09541838252824,1.309149e-06
5.0,0.0,205.09499053090144,1.335298e-06
5.0,0.0,205.09460303978264,1.245382e-06
5.0,0.0,205.0941874988385,1.228997e-06
5.0,0.0,205.09378125156536,1.172113e-06
5.0,0.0,205.09335568874673,1.136403e-06
5.0,0.0,205.09291976563927,1.12706e-06
5.0,0.0,205.09251684355488,1.158536e-06
5.0,0.0,205.09208309422215,1.200329e-06
5.0,0.0,205.0916707970576,1.198525e-06
5.0,0.0,205.09124932802945,1.198845e-06
5.0,0.0,205.09084052455248,1.258275e-06
5.0,0.0,205.09040984765127,1.244407e-06
5.0,0.0,205.0899803788571,1.136999e-06
5.0,0.0,205.08957099636885,1.179142e-06
5.0,0.0,205.0891566055097,1.188455e-06
5.0,0.0,205.08873261249457,1.222419e-06
5.0,0.0,205.08830102296545,1.226726e-06
5.0,0.0,205.0878930698211,1.218155e-06
5.0,0.0,205.0874621672085,1.143024e-06
5.0,0.0,205.08706189713783,1.105713e-06
5.0,0.0,205.0866562829984,1.133318e-06
5.0,0.0,205.08623809664368,1.106033e-06
5.0,0.0,205.08582992438065,1.105669e-06
5.0,0.0,205.0853916761039,1.063279e-06
5.0,0.0,205.0849913034452,1.137218e-06
5.0,0.0,205.0845691946737,1.185224e-06
5.0,0.0,205.08415291149512,1.131819e-06
5.0,0.0,205.08374695595316,1.091539e-06
5.0,0.0,205.08331405702327,1.029417e-06
5.0,0.0,205.08288338695667,1.08844e-06
5.0,0.0,205.08247523301512,1.027351e-06
5.0,0.0,205.0820597047091,1.029533e-06
5.0,0.0,205.08165224758127,1.056163e-06
5.0,0.0,205.0812506864557,1.041306e-06
5.0,0.0,205.08080476183784,1.040826e-06
5.0,0.0,205.08038077107065,9.754294000000001e-07
5.0,0.0,205.07998138789503,1.051114e-06
5.0,0.0,205.07954003708645,1.090608e-06
5.0,0.0,205.0791244895157,1.020453e-06
5.0,0.0,205.0787092265094,9.792129e-07
5.0,0.0,205.0782619779825,1.091234e-06
5.0,0.0,205.07786281457825,1.101755e-06
5.0,0.0,205.0774393200248,1.121254e-06
5.0,0.0,205.07699203507408,1.120512e-06
5.0,0.0,205.07660481845207,1.11894e-06
5.0,0.0,205.07618955319973,1.133332e-06
5.0,0.0,205.07578258816588,1.111126e-06
5.0,0.0,205.0753571085182,1.142849e-06
5.0,0.0,205.0749487448716,1.151115e-06
5.0,0.0,205.07452736860392,1.141816e-06
5.0,0.0,205.0741233869192,1.156543e-06
5.0,0.0,205.07372460122565,1.155116e-06
5.0,0.0,205.0732759023855,1.161825e-06
5.0,0.0,205.07287284279903,1.147651e-06
5.0,0.0,205.07245341845277,1.087508e-06
5.0,0.0,205.07200797804492,1.163469e-06
5.0,0.0,205.0716165298406,1.123626e-06
5.0,0.0,205.0712046556652,1.128603e-06
5.0,0.0,205.07077745182448,1.119857e-06
5.0,0.0,205.07034655171927,1.16603e-06
5.0,0.0,205.06990971646937,1.11782e-06
5.0,0.0,205.0695076990293,1.121036e-06
5.0,0.0,205.0690869811789,1.137712e-06
5.0,0.0,205.0686560977772,1.150256e-06
5.0,0.0,205.06825770477704,1.12952e-06
5.0,0.0,205.06782999937016,1.089837e-06
5.0,0.0,205.06739887599215,1.041612e-06
5.0,0.0,205.06699251698657,1.083259e-06
5.0,0.0,205.06657864174088,1.134351e-06
5.0,0.0,205.06619143130703,1.033332e-06
5.0,0.0,205.06576685483583,9.443902e-07
5.0,0.0,205.0653475386812,1.001987e-06
5.0,0.0,205.0649233047672,1.065069e-06
5.0,0.0,205.06449981139747,1.058375e-06
5.0,0.0,205.06411480520475,1.154011e-06
5.0,0.0,205.06367175043127,1.1597e-06
5.0,0.0,205.06325053435808,1.147171e-06
5.0,0.0,205.06284281459176,1.17837e-06
5.0,0.0,205.06241236650604,1.208755e-06
5.0,0.0,205.0619829064292,1.205772e-06
5.0,0.0,205.0615959754253,1.126216e-06
5.0,0.0,205.06118013501236,1.128908e-06
5.0,0.0,205.06073563779384,1.18099e-06
5.0,0.0,205.06033639523173,1.191263e-06
5.0,0.0,205.05991240370992,1.152192e-06
5.0,0.0,205.0594644675845,1.192122e-06
5.0,0.0,205.05904685100535,1.22936e-06
5.0,0.0,205.05863130343468,1.170411e-06
5.0,0.0,205.05819516433897,1.233464e-06
5.0,0.0,205.0577931935352,1.23099e-06
5.0,0.0,205.05736919799608,1.219654e-06
5.0,0.0,205.05697020213745,1.284017e-06
5.0,0.0,205.0565266261387,1.2487e-06
5.0,0.0,205.056132020527,1.317196e-06
5.0,0.0,205.0557241446932,1.287146e-06
5.0,0.0,205.0552936247186,1.322886e-06
5.0,0.0,205.05488544959337,1.303502e-06
5.0,0.0,205.0544545467025,1.194741e-06
5.0,0.0,205.0540537631336,1.407854e-06
5.0,0.0,205.05364696934183,1.411041e-06
5.0,0.0,205.0532302488432,1.412831e-06
5.0,0.0,205.0528220769205,1.358145e-06
5.0,0.0,205.05238279354847,1.357374e-06
5.0,0.0,205.05195855039003,1.416323e-06
5.0,0.0,205.0515518669616,1.303939e-06
5.0,0.0,205.05112590540355,1.386696e-06
5.0,0.0,205.05071063577068,1.416993e-06
5.0,0.0,205.05028279941968,1.381384e-06
5.0,0.0,205.0498746264712,1.353794e-06
5.0,0.0,205.0494405994332,1.386376e-06
5.0,0.0,205.04901660144665,1.323104e-06
5.0,0.0,205.04860464338748,1.321459e-06
5.0,0.0,205.04819013433456,1.284105e-06
5.0,0.0,205.04776579819563,1.317167e-06
5.0,0.0,205.047346568375,1.235952e-06
5.0,0.0,205.04692695196184,1.352935e-06
5.0,0.0,205.0465233999504,1.405686e-06
5.0,0.0,205.04611323029448,1.422115e-06
5.0,0.0,205.04570067062383,1.36302e-06
5.0,0.0,205.04529470339796,1.26558e-06
5.0,0.0,205.04485267862972,1.293316e-06
5.0,0.0,205.04443640559955,1.32405e-06
5.0,0.0,205.0440357770053,1.378125e-06
5.0,0.0,205.0435927288584,1.296619e-06
5.0,0.0,205.04318587493904,1.382446e-06
5.0,0.0,205.04278296947135,1.411056e-06
5.0,0.0,205.04234702517405,1.347042e-06
5.0,0.0,205.04192102885716,1.36951e-06
5.0,0.0,205.04151527450168,1.364955e-06
5.0,0.0,205.041099721372,1.373075e-06
5.0,0.0,205.0406885066619,1.371896e-06
5.0,0.0,205.04028387658735,1.321154e-06
5.0,0.0,205.0398407767389,1.352062e-06
5.0,0.0,205.03939957586437,1.31315e-06
5.0,0.0,205.03896890024373,1.265464e-06
5.0,0.0,205.0385695458683,1.268767e-06
5.0,0.0,205.038164507782,1.325709e-06
5.0,0.0,205.03774483023557,1.343826e-06
5.0,0.0,205.03729781922183,1.200577e-06
5.0,0.0,205.03690598311687,1.289096e-06
5.0,0.0,205.0364750932573,1.230728e-06
5.0,0.0,205.036067355981,1.270877e-06
5.0,0.0,205.0356526047482,1.228749e-06
5.0,0.0,205.03522861761067,1.23099e-06
5.0,0.0,205.03482961335047,1.308741e-06
5.0,0.0,205.03438920180952,1.329026e-06
5.0,0.0,205.03400398541345,1.310138e-06
5.0,0.0,205.0335671007024,1.326829e-06
5.0,0.0,205.03315211093937,1.340857e-06
5.0,0.0,205.0327545053541,1.455293e-06
5.0,0.0,205.03232651158896,1.408232e-06
5.0,0.0,205.03188791952195,1.422086e-06
5.0,0.0,205.0314878935201,1.56388e-06
5.0,0.0,205.03107548953164,1.497276e-06
5.0,0.0,205.03063271758808,1.469423e-06
5.0,0.0,205.0302188225031,1.381661e-06
5.0,0.0,205.02981921231995,1.428256e-06
5.0,0.0,205.0293799718896,1.467211e-06
5.0,0.0,205.028946731944,1.449749e-06
5.0,0.0,205.02854135011756,1.414941e-06
5.0,0.0,205.02814054564956,1.366599e-06
5.0,0.0,205.02770000304207,1.440916e-06
5.0,0.0,205.02729409946045,1.455322e-06
5.0,0.0,205.02687751849135,1.465756e-06
5.0,0.0,205.02643647857343,1.461958e-06
5.0,0.0,205.02603586810855,1.48757e-06
5.0,0.0,205.02562032215124,1.491338e-06
5.0,0.0,205.02523087323536,1.573804e-06
5.0,0.0,205.0248007371109,1.531211e-06
5.0,0.0,205.0243700562009,1.515131e-06
5.0,0.0,205.02396210847823,1.56535e-06
5.0,0.0,205.02354370085453,1.596651e-06
5.0,0.0,205.02312303588383,1.600594e-06
5.0,0.0,205.0227375833754,1.549211e-06
5.0,0.0,205.0222992145465,1.562177e-06
5.0,0.0,205.0218875640962,1.464141e-06
5.0,0.0,205.02145711601048,1.442037e-06
5.0,0.0,205.02103759908184,1.425171e-06
5.0,0.0,205.020618040314,1.458917e-06
5.0,0.0,205.02020835468676,1.398716e-06
5.0,0.0,205.01978435610488,1.357257e-06
5.0,0.0,205.01934806250915,1.437511e-06
5.0,0.0,205.01891715961833,1.401815e-06
5.0,0.0,205.01851238302345,1.418404e-06
5.0,0.0,205.01810155173433,1.426248e-06
5.0,0.0,205.01766515195956,1.505061e-06
5.0,0.0,205.01724140455164,1.468157e-06
5.0,0.0,205.01684241529577,1.430439e-06
5.0,0.0,205.01640106800457,1.49745e-06
5.0,0.0,205.01601584804757,1.503155e-06
5.0,0.0,205.0155815929207,1.449094e-06
5.0,0.0,205.01517219706287,1.443972e-06
5.0,0.0,205.0147688223088,1.490611e-06
5.0,0.0,205.01433791941793,1.408756e-06
5.0,0.0,205.01392997614053,1.476074e-06
5.0,0.0,205.0135046955072,1.427848e-06
5.0,0.0,205.01309112108171,1.424793e-06
5.0,0.0,205.01270166344423,1.495748e-06
5.0,0.0,205.012255003544,1.448061e-06
5.0,0.0,205.01184409792583,1.393099e-06
5.0,0.0,205.01143226228965,1.356253e-06
5.0,0.0,205.01098447175784,1.406224e-06
5.0,0.0,205.01056948031385,1.528198e-06
5.0,0.0,205.01016078949496,1.514272e-06
5.0,0.0,205.00975868390876,1.602515e-06
5.0,0.0,205.00931320974715,1.482462e-06
5.0,0.0,205.00888931073644,1.391672e-06
5.0,0.0,205.00848915311573,1.497785e-06
5.0,0.0,205.00804925681555,1.470966e-06
5.0,0.0,205.00763343130703,1.407359e-06
5.0,0.0,205.0072404919232,1.40279e-06
5.0,0.0,205.0068112244861,1.391672e-06
5.0,0.0,205.00640343310124,1.433393e-06
5.0,0.0,205.00597283409945,1.460154e-06
5.0,0.0,205.00555708759327,1.426466e-06
5.0,0.0,205.00516959202372,1.452165e-06
5.0,0.0,205.00472613934207,1.414621e-06
5.0,0.0,205.00433116926703,1.388718e-06
5.0,0.0,205.0039037154141,1.372522e-06
5.0,0.0,205.00345674208975,1.272056e-06
5.0,0.0,205.00307151710695,1.336244e-06
5.0,0.0,205.00264992440108,1.463603e-06
5.0,0.0,205.00223267191515,1.489636e-06
5.0,0.0,205.00182449678996,1.566324e-06
5.0,0.0,205.0013935921336,1.432287e-06
5.0,0.0,205.00096413389787,1.53009e-06
5.0,0.0,205.00057274501404,1.58546e-06
5.0,0.0,205.00015747458016,1.572407e-06
5.0,0.0,204.9997138753943,1.430293e-06
5.0,0.0,204.99928499108216,1.325039e-06
5.0,0.0,204.9988645800871,1.414111e-06
5.0,0.0,204.99844659939447,1.502151e-06
5.0,0.0,204.99802501834867,1.470908e-06
5.0,0.0,204.99759602337937,1.423236e-06
5.0,0.0,204.9972217017213,1.464636e-06
5.0,0.0,204.99677353823233,1.460503e-06
5.0,0.0,204.99633845008177,1.391774e-06
5.0,0.0,204.9959508035191,1.305205e-06
5.0,0.0,204.9955047948504,1.302105e-06
5.0,0.0,204.9951170191672,1.341439e-06
5.0,0.0,204.99470147759956,1.282737e-06
5.0,0.0,204.99429173855916,1.187786e-06
5.0,0.0,204.99386713179155,1.243738e-06
5.0,0.0,204.99343622805984,1.290275e-06
5.0,0.0,204.99303310775,1.216249e-06
5.0,0.0,204.99262401830728,1.218985e-06
5.0,0.0,204.9921885209542,1.335997e-06
5.0,0.0,204.99178613068727,1.309745e-06
5.0,0.0,204.9913626439228,1.179811e-06
5.0,0.0,204.99091945387465,1.179869e-06
5.0,0.0,204.99051515722135,1.24918e-06
5.0,0.0,204.99010407274685,1.384295e-06
5.0,0.0,204.98968908105175,1.296052e-06
5.0,0.0,204.98924417970753,1.128283e-06
5.0,0.0,204.98882536612305,1.261724e-06
5.0,0.0,204.98842169456043,1.17968e-06
5.0,0.0,204.98797329258372,1.070948e-06
5.0,0.0,204.9875852323111,1.084409e-06
5.0,0.0,204.9871696913669,1.066452e-06
5.0,0.0,204.9867492947196,1.097942e-06
5.0,0.0,204.98634089166487,1.083987e-06
5.0,0.0,204.98591541145376,1.02607e-06
5.0,0.0,204.98550750108407,1.016306e-06
5.0,0.0,204.9850922314512,1.037261e-06
5.0,0.0,204.98466296438065,1.065317e-06
5.0,0.0,204.98427774849992,1.213135e-06
5.0,0.0,204.98383402986423,1.189561e-06
5.0,0.0,204.98343503839885,1.170221e-06
5.0,0.0,204.98301104529037,1.167733e-06
5.0,0.0,204.98257172338853,1.185676e-06
5.0,0.0,204.9821633085436,1.160151e-06
5.0,0.0,204.981761201296,1.119508e-06
5.0,0.0,204.98133075399537,1.085471e-06
5.0,0.0,204.98092280514075,1.199369e-06
5.0,0.0,204.9804956592409,1.21475e-06
5.0,0.0,204.98008066809345,1.181965e-06
5.0,0.0,204.97969317697456,1.237146e-06
5.0,0.0,204.9792478660283,1.283493e-06
5.0,0.0,204.97882412552127,1.288892e-06
5.0,0.0,204.9783839814717,1.218257e-06
5.0,0.0,204.97795330598336,1.176493e-06
5.0,0.0,204.97755214823476,1.208929e-06
5.0,0.0,204.97714517496223,1.309163e-06
5.0,0.0,204.9767044146794,1.279506e-06
5.0,0.0,204.97631264491272,1.18211e-06
5.0,0.0,204.97588117861116,1.10906e-06
5.0,0.0,204.97548176029056,1.233027e-06
5.0,0.0,204.97505869546063,1.079607e-06
5.0,0.0,204.97464291331855,1.264445e-06
5.0,0.0,204.97423595817364,1.220164e-06
5.0,0.0,204.97380406277065,1.241599e-06
5.0,0.0,204.97338164518288,1.32501e-06
5.0,0.0,204.9729652136595,1.188193e-06
5.0,0.0,204.97254748492168,1.243374e-06
5.0,0.0,204.97216000042937,1.177847e-06
5.0,0.0,204.97174114330116,1.207445e-06
5.0,0.0,204.9712932637716,1.19285e-06
5.0,0.0,204.9708561549487,1.233071e-06
5.0,0.0,204.97047027833773,1.218257e-06
5.0,0.0,204.97002642760992,1.09071e-06
5.0,0.0,204.96961116099448,1.183216e-06
5.0,0.0,204.9691961729085,1.176086e-06
5.0,0.0,204.9687877609264,1.120585e-06
5.0,0.0,204.9683515669984,1.18716e-06
5.0,0.0,204.9679278270713,1.1433e-06
5.0,0.0,204.96752416788965,1.138571e-06
5.0,0.0,204.96709176829225,9.860669000000002e-07
5.0,0.0,204.966706105326,1.147026e-06
5.0,0.0,204.96628210770933,1.153603e-06
5.0,0.0,204.96585696953505,9.611686e-07
5.0,0.0,204.96543829153737,1.056658e-06
5.0,0.0,204.96501459189145,1.085908e-06
5.0,0.0,204.96462682388423,9.677606000000003e-07
5.0,0.0,204.9642115479813,1.065098e-06
5.0,0.0,204.96376340496005,1.089196e-06
5.0,0.0,204.963364162398,1.049921e-06
5.0,0.0,204.96294016938285,1.003966e-06
5.0,0.0,204.96253538403644,8.927163000000001e-07
5.0,0.0,204.96211768423575,8.889619e-07
5.0,0.0,204.96169021237523,1.098248e-06
5.0,0.0,204.96126609397987,1.242617e-06
5.0,0.0,204.9608581471484,1.138716e-06
5.0,0.0,204.96042747062933,1.306325e-06
5.0,0.0,204.96002372033013,1.262801e-06
5.0,0.0,204.95961414508693,1.010339e-06
5.0,0.0,204.95917624055056,1.200606e-06
5.0,0.0,204.95875249767883,1.22418e-06
5.0,0.0,204.95831932572344,1.124121e-06
5.0,0.0,204.95788842300064,1.209133e-06
5.0,0.0,204.9574807687769,1.037595e-06
5.0,0.0,204.95706614013625,1.106324e-06
5.0,0.0,204.95664162654205,1.195789e-06
5.0,0.0,204.95625640184429,1.092252e-06
5.0,0.0,204.95581029759967,1.216235e-06
5.0,0.0,204.95541131114484,1.179927e-06
5.0,0.0,204.95496463977176,1.18668e-06
5.0,0.0,204.95458907614116,1.030086e-06
5.0,0.0,204.95415898802128,1.148073e-06
10.0,0.0,205.577975,2.247191e-05
10.0,0.0,205.577975,-1.999535e-06
10.0,0.0,205.577975,-1.031134e-06
10.0,0.0,205.57792723218705,-4.2891770000000003e-07
10.0,0.0,205.5777757816916,2.325396e-08
10.0,0.0,205.57757668392273,3.6810520000000004e-07
10.0,0.0,205.5773434206464,6.317568e-07
10.0,0.0,205.5770805714971,7.186172e-07
10.0,0.0,205.576770474361,7.643830000000001e-07
10.0,0.0,205.57644175503316,6.884075e-07
10.0,0.0,205.57604338763892,8.927600000000001e-07
10.0,0.0,205.57561285586883,1.070788e-06
10.0,0.0,205.57523665338312,1.097054e-06
10.0,0.0,205.57479933048117,1.087115e-06
10.0,0.0,205.57437934399283,1.182969e-06
10.0,0.0,205.57395752387563,1.185515e-06
10.0,0.0,205.57353841502663,1.290333e-06
10.0,0.0,205.57313304439353,1.349923e-06
10.0,0.0,205.5727335717403,1.417371e-06
10.0,0.0,205.57230293927256,1.308217e-06
10.0,0.0,205.57187506353972,1.313907e-06
10.0,0.0,205.57143083071247,1.290493e-06
10.0,0.0,205.5710456743439,1.321067e-06
10.0,0.0,205.5706181301429,1.335968e-06
10.0,0.0,205.57020236647776,1.307431e-06
10.0,0.0,205.56977571075552,1.351262e-06
10.0,0.0,205.5693385898316,1.305612e-06
10.0,0.0,205.56891170976007,1.317327e-06
10.0,0.0,205.56851371816984,1.239852e-06
10.0,0.0,205.56808471615057,1.325461e-06
10.0,0.0,205.567679702986,1.30148e-06
10.0,0.0,205.5672761008504,1.30877e-06
10.0,0.0,205.56684081045765,1.301116e-06
10.0,0.0,205.56642631394092,1.133492e-06
10.0,0.0,205.56602257424996,1.168766e-06
10.0,0.0,205.56559382932693,1.203676e-06
10.0,0.0,205.5651749119168,1.185981e-06
10.0,0.0,205.564789482962,1.235836e-06
10.0,0.0,205.56434720391348,1.284934e-06
10.0,0.0,205.56393007435847,1.277265e-06
10.0,0.0,205.5635165420508,1.336826e-06
10.0,0.0,205.5631008054824,1.444932e-06
10.0,0.0,205.56266988348244,1.417284e-06
10.0,0.0,205.56228421099428,1.31072e-06
10.0,0.0,205.56184118865207,1.284905e-06
10.0,0.0,205.56144234459703,1.398876e-06
10.0,0.0,205.56100833461167,1.342167e-06
10.0,0.0,205.56059495730383,1.236476e-06
10.0,0.0,205.56020731656733,1.293287e-06
10.0,0.0,205.55976037204104,1.37958e-06
10.0,0.0,205.5593367242238,1.315595e-06
10.0,0.0,205.55889599322515,1.354943e-06
10.0,0.0,205.5584649595144,1.331588e-06
10.0,0.0,205.5580693794008,1.366148e-06
10.0,0.0,205.55764705486592,1.382316e-06
10.0,0.0,205.55723057199376,1.383189e-06
10.0,0.0,205.55681431156927,1.352033e-06
10.0,0.0,205.55639181461527,1.36724e-06
10.0,0.0,205.55598492370052,1.389009e-06
10.0,0.0,205.55556140214844,1.368084e-06
10.0,0.0,205.5551411943444,1.279535e-06
10.0,0.0,205.55474642759447,1.229826e-06
10.0,0.0,205.5543176096152,1.263121e-06
10.0,0.0,205.55389422804103,1.334658e-06
10.0,0.0,205.55347973332647,1.352542e-06
10.0,0.0,205.55306449148736,1.299282e-06
10.0,0.0,205.55266353649847,1.361768e-06
10.0,0.0,205.5522439454737,1.33799e-06
10.0,0.0,205.55181297436204,1.381981e-06
10.0,0.0,205.55140504937964,1.385022e-06
10.0,0.0,205.55097430567056,1.354128e-06
10.0,0.0,205.55055877056304,1.447072e-06
10.0,0.0,205.55012173740147,1.458087e-06
10.0,0.0,205.54973828291423,1.420529e-06
10.0,0.0,205.54930892840304,1.437074e-06
10.0,0.0,205.54886840883893,1.455744e-06
10.0,0.0,205.54844719626377,1.400811e-06
10.0,0.0,205.54804527331913,1.493157e-06
10.0,0.0,205.54760973442063,1.477587e-06
10.0,0.0,205.54723288624052,1.448047e-06
10.0,0.0,205.5468032531633,1.441906e-06
10.0,0.0,205.5463624387592,1.467241e-06
10.0,0.0,205.54596341595567,1.448221e-06
10.0,0.0,205.54553985260117,1.381864e-06
10.0,0.0,205.54512603320632,1.370601e-06
10.0,0.0,205.544716847034,1.359382e-06
10.0,0.0,205.54429891635905,1.31267e-06
10.0,0.0,205.54387703536324,1.282722e-06
10.0,0.0,205.54345870332,1.316963e-06
10.0,0.0,205.54303498546264,1.306355e-06
10.0,0.0,205.54265434750175,1.215842e-06
10.0,0.0,205.54221136156892,1.31542e-06
10.0,0.0,205.54179161744273,1.34157e-06
10.0,0.0,205.54138679762977,1.261738e-06
10.0,0.0,205.54095381292663,1.277105e-06
10.0,0.0,205.54054733653817,1.310749e-06
10.0,0.0,205.54011629720577,1.305656e-06
10.0,0.0,205.5397044335465,1.257329e-06
10.0,0.0,205.53927722032216,1.344582e-06
10.0,0.0,205.53884633713824,1.289751e-06
10.0,0.0,205.53844759262213,1.24739e-06
10.0,0.0,205.5380011159174,1.267676e-06
10.0,0.0,205.53758565172805,1.300388e-06
10.0,0.0,205.5371700537399,1.287364e-06
10.0,0.0,205.53676833456376,1.330161e-06
10.0,0.0,205.5363356656025,1.356369e-06
10.0,0.0,205.53594435774525,1.268811e-06
10.0,0.0,205.5355101865603,1.13259e-06
10.0,0.0,205.5350828741028,1.127599e-06
10.0,0.0,205.53470736406192,1.154578e-06
10.0,0.0,205.53426053985888,1.165623e-06
10.0,0.0,205.53383887246184,1.1308e-06
10.0,0.0,205.53342984957916,1.138091e-06
10.0,0.0,205.5330044687176,1.146036e-06
10.0,0.0,205.5325908170436,1.105829e-06
10.0,0.0,205.5321783809948,1.214328e-06
10.0,0.0,205.53175441825607,1.160908e-06
10.0,0.0,205.53132081881807,1.123291e-06
10.0,0.0,205.53091264234047,1.237509e-06
10.0,0.0,205.53048351650972,1.12594e-06
10.0,0.0,205.53007980953367,1.181077e-06
10.0,0.0,205.52964311759104,1.205713e-06
10.0,0.0,205.52925764749116,1.260836e-06
10.0,0.0,205.52881209977087,1.189983e-06
10.0,0.0,205.5283821497165,1.25698e-06
10.0,0.0,205.52798965868865,1.298613e-06
10.0,0.0,205.52754791436183,1.146502e-06
10.0,0.0,205.52714207885168,1.212291e-06
10.0,0.0,205.52674177822217,1.281674e-06
10.0,0.0,205.52631081030745,1.242734e-06
10.0,0.0,205.52588800042352,1.24253e-06
10.0,0.0,205.52547202977564,1.29042e-06
10.0,0.0,205.525055516406,1.235749e-06
10.0,0.0,205.524667914112,1.304885e-06
10.0,0.0,205.5242473679584,1.350054e-06
10.0,0.0,205.52383005178808,1.185574e-06
10.0,0.0,205.523402125028,1.262786e-06
10.0,0.0,205.52297828209888,1.20957e-06
10.0,0.0,205.522535765402,1.310444e-06
10.0,0.0,205.5221481029321,1.241526e-06
10.0,0.0,205.52173154922767,1.313922e-06
10.0,0.0,205.52131521778804,1.337758e-06
10.0,0.0,205.5208927231388,1.297332e-06
10.0,0.0,205.52046186908103,1.243141e-06
10.0,0.0,205.52006165794583,1.314707e-06
10.0,0.0,205.5196562395791,1.303357e-06
10.0,0.0,205.5192142782236,1.211229e-06
10.0,0.0,205.51879023517984,1.34109e-06
10.0,0.0,205.51835333346872,1.338034e-06
10.0,0.0,205.51792236235707,1.334527e-06
10.0,0.0,205.51751793094817,1.310982e-06
10.0,0.0,205.5171072091968,1.503839e-06
10.0,0.0,205.51667543300104,1.433727e-06
10.0,0.0,205.51628998162897,1.328604e-06
10.0,0.0,205.51584783498595,1.272754e-06
10.0,0.0,205.51545124382267,1.394859e-06
10.0,0.0,205.51503070089623,1.411638e-06
10.0,0.0,205.51461237293287,1.380307e-06
10.0,0.0,205.5142023143764,1.338223e-06
10.0,0.0,205.5137788013141,1.353357e-06
10.0,0.0,205.51337998527924,1.429347e-06
10.0,0.0,205.51293535635608,1.328241e-06
10.0,0.0,205.51251094893937,1.494642e-06
10.0,0.0,205.5121232575904,1.46807e-06
10.0,0.0,205.51170801575128,1.358232e-06
10.0,0.0,205.51126120097783,1.340901e-06
10.0,0.0,205.5108371311084,1.468419e-06
10.0,0.0,205.5104381404853,1.342007e-06
10.0,0.0,205.50999037961543,1.358771e-06
10.0,0.0,205.50957500145807,1.34173e-06
10.0,0.0,205.50916596220463,1.423119e-06
10.0,0.0,205.5087633134499,1.390013e-06
10.0,0.0,205.5083325211704,1.314736e-06
10.0,0.0,205.507907885929,1.347187e-06
10.0,0.0,205.50749776786847,1.48057e-06
10.0,0.0,205.50707182685264,1.458393e-06
10.0,0.0,205.5066947644008,1.33572e-06
10.0,0.0,205.50624896937217,1.304274e-06
10.0,0.0,205.50582939671304,1.518958e-06
10.0,0.0,205.50542625372327,1.433786e-06
10.0,0.0,205.50497796127695,1.426437e-06
10.0,0.0,205.50457904793856,1.326262e-06
10.0,0.0,205.5041752071518,1.392094e-06
10.0,0.0,205.5037535575624,1.323991e-06
10.0,0.0,205.50333530810985,1.084627e-06
10.0,0.0,205.50291420604384,1.300054e-06
10.0,0.0,205.50248512691135,1.352571e-06
10.0,0.0,205.50207524390305,1.288063e-06
10.0,0.0,205.50168236093168,1.306616e-06
10.0,0.0,205.5012378614045,1.429289e-06
10.0,0.0,205.5008201197414,1.418884e-06
10.0,0.0,205.5004154763148,1.426131e-06
10.0,0.0,205.49996755790343,1.676177e-06
10.0,0.0,205.4995679905713,1.659588e-06
10.0,0.0,205.49914407259925,1.50039e-06
10.0,0.0,205.49874316873664,1.398075e-06
10.0,0.0,205.49829596746125,1.496446e-06
10.0,0.0,205.49785863558333,1.455715e-06
10.0,0.0,205.49747297611185,1.339227e-06
10.0,0.0,205.49702976524287,1.429697e-06
10.0,0.0,205.49661438443488,1.417182e-06
10.0,0.0,205.49622637828728,1.42942e-06
10.0,0.0,205.4957955324772,1.259512e-06
10.0,0.0,205.49538724365064,1.423556e-06
10.0,0.0,205.49495427467656,1.48757e-06
10.0,0.0,205.4945480102911,1.350185e-06
10.0,0.0,205.49414907870775,1.258304e-06
10.0,0.0,205.49370809668648,1.251479e-06
10.0,0.0,205.4933158995134,1.248365e-06
10.0,0.0,205.49288526730257,1.143606e-06
10.0,0.0,205.49243974886045,1.019682e-06
10.0,0.0,205.4920544797248,1.031149e-06
10.0,0.0,205.49162920990207,8.388306e-07
10.0,0.0,205.4912139402692,7.384369e-07
10.0,0.0,205.49078523020412,9.043724000000001e-07
10.0,0.0,205.4903773073404,9.439391e-07
10.0,0.0,205.48994364851697,8.647621000000001e-07
10.0,0.0,205.4895199757973,7.851340000000001e-07
10.0,0.0,205.4890820072829,7.941417e-07
10.0,0.0,205.48869394492456,7.517373999999999e-07
10.0,0.0,205.48826882022684,5.585462e-07
10.0,0.0,205.48783775815417,6.324699000000001e-07
10.0,0.0,205.48742956472503,1.031236e-06
10.0,0.0,205.48700402591183,7.844646000000001e-07
10.0,0.0,205.4865908461167,7.171766e-07
10.0,0.0,205.4862014603405,1.081804e-06
10.0,0.0,205.4857548011392,1.123219e-06
10.0,0.0,205.48535607791428,8.529023000000001e-07
10.0,0.0,205.4849184883149,6.041082000000001e-07
10.0,0.0,205.48453337360203,8.882489e-07
10.0,0.0,205.484096509257,9.303621000000001e-07
10.0,0.0,205.48368566179113,7.404596999999999e-07
10.0,0.0,205.4832812899792,5.849579000000001e-07
10.0,0.0,205.48285072941292,8.353963000000001e-07
10.0,0.0,205.4824247370813,7.995404e-07
10.0,0.0,205.4820205190059,6.563787000000001e-07
10.0,0.0,205.48159235516056,5.925685e-07
10.0,0.0,205.48121753590397,6.667688e-07
10.0,0.0,205.48076936376287,7.333291999999999e-07
10.0,0.0,205.4803343194356,4.7554200000000004e-07
10.0,0.0,205.479946609422,3.8534930000000005e-07
10.0,0.0,205.4795001843325,4.5578050000000004e-07
10.0,0.0,205.47908491178623,4.5109480000000005e-07
10.0,0.0,205.47866986444103,4.0500890000000003e-07
10.0,0.0,205.47822673888936,3.5694390000000003e-07
10.0,0.0,205.47781095725827,3.4447290000000005e-07
10.0,0.0,205.4774042315103,4.075264e-07
10.0,0.0,205.47695741718985,4.892063e-07
10.0,0.0,205.4765570706836,4.551694e-07
10.0,0.0,205.47615106140157,3.6212440000000004e-07
10.0,0.0,205.47573411567996,3.6579150000000004e-07
10.0,0.0,205.47532615151871,3.4453110000000005e-07
10.0,0.0,205.47488764818624,3.4434200000000003e-07
10.0,0.0,205.47448725865277,3.6638810000000003e-07
10.0,0.0,205.4740745742682,3.334426e-07
10.0,0.0,205.47364816331807,2.9859070000000003e-07
10.0,0.0,205.47324190673103,5.213806e-07
10.0,0.0,205.47281832086912,6.476766000000001e-07
10.0,0.0,205.4724191223416,4.05329e-07
10.0,0.0,205.47199510894305,3.2510430000000005e-07
10.0,0.0,205.47155440635743,3.156456e-07
10.0,0.0,205.47113916244223,3.368768e-07
10.0,0.0,205.47074496362356,3.455643e-07
10.0,0.0,205.47031590140455,3.3249670000000004e-07
10.0,0.0,205.46987614444103,2.9716470000000005e-07
10.0,0.0,205.4694524825762,2.960296e-07
10.0,0.0,205.46904664628929,3.9773290000000004e-07
10.0,0.0,205.46861965703184,6.246846000000001e-07
10.0,0.0,205.46820408829393,7.089984e-07
10.0,0.0,205.4677936140453,4.671747e-07
10.0,1.0,205.46736913085223,3.687019e-07
10.0,1.0,205.4669380232991,4.502363e-07
10.0,1.0,205.46653523306472,8.506030999999999e-07
10.0,1.0,205.46612612809008,7.501221e-07
10.0,1.0,205.46573522766073,6.296177e-07
10.0,1.0,205.46530546466133,5.68718e-07
10.0,1.0,205.4648646901768,7.435591999999999e-07
10.0,1.0,205.4644656944257,1.348322e-06
10.0,1.0,205.4640417057832,1.239387e-06
10.0,1.0,205.46362744507073,1.275024e-06
10.0,1.0,205.46321833009165,9.047071000000001e-07
10.0,1.0,205.46278889008056,1.036809e-06
10.0,1.0,205.46235816911172,1.49892e-06
10.0,1.0,205.46195130651637,1.374006e-06
10.0,1.0,205.46152955642737,1.205146e-06
10.0,1.0,205.46112516422835,6.646442000000001e-07
10.0,1.0,205.46072619632497,1.341716e-06
10.0,1.0,205.46027734733465,1.391265e-06
10.0,1.0,205.4598534322626,1.523498e-06
10.0,1.0,205.45945455759497,1.340566e-06
10.0,1.0,205.45900908209288,8.387287e-07
10.0,1.0,205.4585935563816,1.308086e-06
10.0,1.0,205.4581781490216,1.597029e-06
10.0,1.0,205.45773402056636,1.484615e-06
10.0,1.0,205.45734800603435,1.261695e-06
10.0,1.0,205.45691126622543,9.642681000000001e-07
10.0,1.0,205.4565091534074,1.531458e-06
10.0,1.0,205.4560884999568,1.53025e-06
10.0,1.0,205.45567021109215,1.415057e-06
10.0,1.0,205.4552656946164,1.415989e-06
10.0,1.0,205.45483113537784,1.157416e-06
10.0,1.0,205.45444286023945,1.446781e-06
10.0,1.0,205.45399631823315,1.483306e-06
10.0,1.0,205.45358080451769,1.468085e-06
10.0,1.0,205.4531931188424,1.452165e-06
10.0,1.0,205.4527680536439,9.896321000000002e-07
10.0,1.0,205.45235990574693,1.300155e-06
10.0,1.0,205.45192435300328,1.420471e-06
10.0,1.0,205.45150006518207,1.35343e-06
10.0,1.0,205.45105946926813,1.3401e-06
10.0,1.0,205.450651777831,1.192806e-06
10.0,1.0,205.45025027831744,1.334047e-06
10.0,1.0,205.4498197446924,1.281704e-06
10.0,1.0,205.4493802507905,1.030567e-06
10.0,1.0,205.44898074019432,7.254275000000001e-07
10.0,1.0,205.4485664962021,3.8958390000000004e-07
10.0,1.0,205.44813364755663,2.1359300000000003e-07
10.0,1.0,205.4477538588186,1.591397e-07
10.0,1.0,205.44731094119427,9.767246e-08
10.0,1.0,205.44687220442168,1.125736e-07
10.0,1.0,205.44648713848795,1.1765220000000001e-07
10.0,1.0,205.4460464559012,7.857452000000001e-07
10.0,1.0,205.4456589417211,1.379347e-06
10.0,0.0,205.44524045901153,1.558714e-06
10.0,0.0,205.44480944425067,1.516411e-06
10.0,0.0,205.44440161222812,1.531647e-06
10.0,0.0,205.44397084194867,1.519293e-06
10.0,0.0,205.44357148740573,1.440276e-06
10.0,0.0,205.4431668858498,1.666689e-06
10.0,0.0,205.44272358755885,1.678694e-06
10.0,0.0,205.44230808916257,1.6392e-06
10.0,0.0,205.4419007641939,1.569933e-06
10.0,0.0,205.44145399990649,1.577238e-06
10.0,0.0,205.44105293244263,1.562701e-06
10.0,0.0,205.44064652130243,1.631895e-06
10.0,0.0,205.44023002029692,1.775465e-06
10.0,0.0,205.4398137328899,1.590932e-06
10.0,0.0,205.4393911469432,1.49729e-06
10.0,0.0,205.4389591690294,1.49259e-06
10.0,0.0,205.4385140623144,1.657056e-06
10.0,0.0,205.43809845580196,1.662353e-06
10.0,0.0,205.437687170556,1.471606e-06
10.0,0.0,205.43728277564955,1.515538e-06
10.0,0.0,205.4368517590574,1.54326e-06
10.0,0.0,205.43642538810127,1.558103e-06
10.0,0.0,205.43602119257247,1.547727e-06
10.0,0.0,205.4356173317449,1.449938e-06
10.0,0.0,205.43521807190967,1.563953e-06
10.0,0.0,205.4347887978145,1.626468e-06
10.0,0.0,205.43438089353148,1.592198e-06
10.0,0.0,205.4339476860408,1.59537e-06
10.0,0.0,205.4335239681834,1.588516e-06
10.0,0.0,205.43312500674287,1.509194e-06
10.0,0.0,205.43269884880388,1.576511e-06
10.0,0.0,205.43227302352287,1.640539e-06
10.0,0.0,205.4318789288101,1.584354e-06
10.0,0.0,205.43143407756807,1.246648e-06
10.0,0.0,205.4310098249956,1.60838e-06
10.0,0.0,205.4305946144063,1.633234e-06
10.0,0.0,205.4301646920217,1.635926e-06
10.0,0.0,205.42977964987287,1.617605e-06
10.0,0.0,205.42933617140767,1.5439e-06
10.0,0.0,205.42889534914983,1.524706e-06
10.0,0.0,205.4285102201538,1.413777e-06
10.0,0.0,205.42807483613277,1.432607e-06
10.0,0.0,205.4276660063664,1.434484e-06
10.0,0.0,205.42726337633707,1.373963e-06
10.0,0.0,205.42683281455007,1.483553e-06
10.0,0.0,205.4264081116713,1.432607e-06
10.0,0.0,205.4259981292954,1.468186e-06
10.0,0.0,205.42558608443468,1.41561e-06
10.0,0.0,205.42519519594444,1.392968e-06
10.0,0.0,205.42474941319156,1.447348e-06
10.0,0.0,205.4243299129539,1.439083e-06
10.0,0.0,205.42392709718092,1.41871e-06
10.0,0.0,205.4234784271616,1.29643e-06
10.0,0.0,205.4230907971647,1.415028e-06
10.0,0.0,205.42267527870567,1.307315e-06
10.0,0.0,205.42225355703115,1.304972e-06
10.0,0.0,205.4218452653911,1.280787e-06
10.0,0.0,205.42140849585127,1.331864e-06
10.0,0.0,205.42100677601357,1.358756e-06
10.0,0.0,205.42058629182583,1.422595e-06
10.0,0.0,205.42015569314643,1.419001e-06
10.0,0.0,205.41973777321465,1.388951e-06
10.0,0.0,205.41932996480188,1.415741e-06
10.0,0.0,205.41889938255096,1.390508e-06
10.0,0.0,205.41846815296032,1.33508e-06
10.0,0.0,205.4180441407314,1.32322e-06
10.0,0.0,205.41762976884456,1.395063e-06
10.0,0.0,205.41722127734616,1.344248e-06
10.0,0.0,205.4167910325656,1.389257e-06
10.0,0.0,205.41639897032255,1.270906e-06
10.0,0.0,205.41595204744033,1.314154e-06
10.0,0.0,205.4155508860453,1.298729e-06
10.0,0.0,205.41514401861352,1.362263e-06
10.0,0.0,205.41472772622916,1.353983e-06
10.0,0.0,205.41431952836365,1.323948e-06
10.0,0.0,205.41388024392128,1.38492e-06
10.0,0.0,205.41345972521572,1.333741e-06
10.0,0.0,205.4130671423672,1.286666e-06
10.0,0.0,205.4126291822463,1.212436e-06
10.0,0.0,205.41222280945195,1.277353e-06
10.0,0.0,205.41181499265355,1.3096e-06
10.0,0.0,205.41137512597635,1.250519e-06
10.0,0.0,205.41095126104796,1.286113e-06
10.0,0.0,205.41054519366864,1.287437e-06
10.0,0.0,205.41011771673445,1.381239e-06
10.0,0.0,205.40970214197583,1.324952e-06
10.0,0.0,205.40927562750807,1.322391e-06
10.0,0.0,205.4088674955319,1.319873e-06
10.0,0.0,205.4084368860007,1.33687e-06
10.0,0.0,205.4080127906628,1.336201e-06
10.0,0.0,205.40759767613815,1.293447e-06
10.0,0.0,205.40718617708472,1.319437e-06
10.0,0.0,205.40676228916476,1.336884e-06
10.0,0.0,205.4063636659972,1.32632e-06
10.0,0.0,205.40594007321144,1.371038e-06
10.0,0.0,205.40553532757392,1.436667e-06
10.0,0.0,205.4051055207462,1.514738e-06
10.0,0.0,205.40469374513532,1.443754e-06
10.0,0.0,205.40428841142304,1.417997e-06
10.0,0.0,205.40385753669412,1.493041e-06
10.0,0.0,205.40344940704944,1.307373e-06
10.0,0.0,205.40302842736003,1.440116e-06
10.0,0.0,205.4026132914857,1.358538e-06
10.0,0.0,205.40218004012945,1.212771e-06
10.0,0.0,205.40177647657336,1.298089e-06
10.0,0.0,205.40134121767784,1.4619e-06
10.0,0.0,205.40095424703847,1.390625e-06
10.0,0.0,205.4005084977564,1.300621e-06
10.0,0.0,205.4000928425136,1.44876e-06
10.0,0.0,205.3996822184596,1.458509e-06
10.0,0.0,205.39927797813013,1.457389e-06
10.0,0.0,205.3988342357874,1.394495e-06
10.0,0.0,205.3984101393569,1.371285e-06
10.0,0.0,205.3979627008738,1.506618e-06
10.0,0.0,205.39756267862785,1.484717e-06
10.0,0.0,205.3971568244241,1.49633e-06
10.0,0.0,205.3967384310626,1.400549e-06
10.0,0.0,205.39633015955465,1.439083e-06
10.0,0.0,205.3958917091508,1.403765e-06
10.0,0.0,205.39549142806408,1.404769e-06
10.0,0.0,205.3950794478897,1.251683e-06
10.0,0.0,205.39465232730777,1.393128e-06
10.0,0.0,205.39424629257553,1.356224e-06
10.0,0.0,205.39382259973243,1.301116e-06
10.0,0.0,205.3934239837458,1.426364e-06
10.0,0.0,205.39297492712575,1.386332e-06
10.0,0.0,205.39258968149383,1.344451e-06
10.0,0.0,205.39217175443983,1.325679e-06
10.0,0.0,205.391750514898,1.301843e-06
10.0,0.0,205.391319749002,1.336361e-06
10.0,0.0,205.3908961492483,1.304172e-06
10.0,0.0,205.39048242489997,1.302906e-06
10.0,0.0,205.39003918882304,1.321794e-06
10.0,0.0,205.38962361345855,1.314373e-06
10.0,0.0,205.38920963986527,1.294466e-06
10.0,0.0,205.3888030871884,1.316992e-06
10.0,0.0,205.38837216102047,1.332315e-06
10.0,0.0,205.3879440462374,1.271386e-06
10.0,0.0,205.38754593593893,1.234075e-06
10.0,0.0,205.38713980142063,1.285749e-06
10.0,0.0,205.38673944000956,1.296808e-06
10.0,0.0,205.38629206116968,1.268505e-06
10.0,0.0,205.3858859149651,1.260851e-06
10.0,0.0,205.38546943030076,1.263659e-06
10.0,0.0,205.38502543504623,1.334658e-06
10.0,0.0,205.3846460968655,1.296299e-06
10.0,0.0,205.3842218907789,1.236855e-06
10.0,0.0,205.3837917806158,1.209832e-06
10.0,0.0,205.38338388034973,1.220862e-06
10.0,0.0,205.38295316282657,1.264969e-06
10.0,0.0,205.38255211171008,1.286244e-06
10.0,0.0,205.38214529458313,1.263208e-06
10.0,0.0,205.38170435080892,1.30941e-06
10.0,0.0,205.3812803327795,1.317894e-06
10.0,0.0,205.38088171557584,1.354885e-06
10.0,0.0,205.38045787861063,1.322012e-06
10.0,0.0,205.380012761274,1.259337e-06
10.0,0.0,205.37962512720696,1.191656e-06
10.0,0.0,205.37921005610983,1.165783e-06
10.0,0.0,205.3787822796735,1.237233e-06
10.0,0.0,205.37833918926637,1.25615e-06
10.0,0.0,205.37791505069896,1.332533e-06
10.0,0.0,205.37751218506523,1.309134e-06
10.0,0.0,205.37707715034117,1.292123e-06
10.0,0.0,205.3766676930548,1.271357e-06
10.0,0.0,205.37626485475997,1.298758e-06
10.0,0.0,205.37583407687916,1.341657e-06
10.0,0.0,205.37542612679087,1.311579e-06
10.0,0.0,205.3749998909487,1.159511e-06
10.0,0.0,205.3746125672523,1.140812e-06
10.0,0.0,205.3741969355564,1.392691e-06
10.0,0.0,205.37375090162655,1.371314e-06
10.0,0.0,205.37336318828824,1.343942e-06
10.0,0.0,205.3729281889356,1.357854e-06
10.0,0.0,205.37250430124277,1.33265e-06
10.0,0.0,205.37212008784772,1.39921e-06
10.0,0.0,205.37167715087597,1.388718e-06
10.0,0.0,205.3712551981573,1.331355e-06
10.0,0.0,205.3708368175234,1.314344e-06
10.0,0.0,205.37041621652395,1.384527e-06
10.0,0.0,205.3699874666434,1.3557e-06
10.0,0.0,205.36957166892867,1.366148e-06
10.0,0.0,205.36913793374708,1.422042e-06
10.0,0.0,205.36873806049175,1.29432e-06
10.0,0.0,205.3683155024336,1.391585e-06
10.0,0.0,205.36788486203935,1.349501e-06
10.0,0.0,205.36746862535097,1.334585e-06
10.0,0.0,205.36705199467943,1.299311e-06
10.0,0.0,205.36664533358731,1.360968e-06
10.0,0.0,205.3662444287609,1.362714e-06
10.0,0.0,205.36581390396043,1.299733e-06
10.0,0.0,205.36540591425089,1.19544e-06
10.0,0.0,205.36497531961615,1.261811e-06
10.0,0.0,205.3645672000789,1.200548e-06
10.0,0.0,205.36417206520292,1.228444e-06
10.0,0.0,205.3637284152261,1.246648e-06
10.0,0.0,205.36332984208727,1.199689e-06
10.0,0.0,205.36290577568053,1.22565e-06
10.0,0.0,205.36245855590224,1.156717e-06
10.0,0.0,205.3620576438768,1.289154e-06
10.0,0.0,205.361651218944,1.245324e-06
10.0,0.0,205.36123389408496,1.238121e-06
10.0,0.0,205.36082578823064,1.19154e-06
10.0,0.0,205.36038734779993,1.178429e-06
10.0,0.0,205.35996542076376,1.154156e-06
10.0,0.0,205.35957465310025,1.027423e-06
10.0,0.0,205.35913179950973,1.30327e-06
10.0,0.0,205.35871664127356,1.19592e-06
10.0,0.0,205.35828735438557,1.230903e-06
10.0,0.0,205.35784499659076,1.247841e-06
10.0,0.0,205.3574490034939,1.262146e-06
10.0,0.0,205.35702815054327,1.280117e-06
10.0,0.0,205.3566102216649,1.296241e-06
10.0,0.0,205.35619722357336,1.253138e-06
10.0,0.0,205.35578851093672,1.254331e-06
10.0,0.0,205.35537706587715,1.273584e-06
10.0,0.0,205.35493227029508,1.231019e-06
10.0,0.0,205.3545287796749,1.285895e-06
10.0,0.0,205.3541194923464,1.306267e-06
10.0,0.0,205.35370632506053,1.349195e-06
10.0,0.0,205.3533001383005,1.247667e-06
10.0,0.0,205.35286967289628,1.221328e-06
10.0,0.0,205.35243537204855,1.279404e-06
10.0,0.0,205.3520307995425,1.267952e-06
10.0,0.0,205.3516277063176,1.269902e-06
10.0,0.0,205.35118879382904,1.247754e-06
10.0,0.0,205.35076502594296,1.279419e-06
10.0,0.0,205.35036646135725,1.271124e-06
10.0,0.0,205.34992270113196,1.280569e-06
10.0,0.0,205.34949594818923,1.329943e-06
10.0,0.0,205.3490808185421,1.362059e-06
10.0,0.0,205.34869352096288,1.319393e-06
10.0,0.0,205.34826831891723,1.338252e-06
10.0,0.0,205.34782345718608,1.371707e-06
10.0,0.0,205.34742899075832,1.336273e-06
10.0,0.0,205.34700321864065,1.360837e-06
10.0,0.0,205.3465902311058,1.415538e-06
10.0,0.0,205.34617796271297,1.382927e-06
10.0,0.0,205.34575427471168,1.377935e-06
10.0,0.0,205.34535552958633,1.445616e-06
10.0,0.0,205.3449128482424,1.402266e-06
10.0,0.0,205.3445277462644,1.45669e-06
10.0,0.0,205.34409625445565,1.434339e-06
10.0,0.0,205.34368068026592,1.510751e-06
10.0,0.0,205.34327597489207,1.509223e-06
10.0,0.0,205.34284975055792,1.543172e-06
10.0,0.0,205.34241338238584,1.522058e-06
10.0,0.0,205.34201080898336,1.489359e-06
10.0,0.0,205.34159075311663,1.399501e-06
10.0,0.0,205.3411722127896,1.40426e-06
10.0,0.0,205.34076776171892,1.484223e-06
10.0,0.0,205.34033272425745,1.376742e-06
10.0,0.0,205.33990191466384,1.256485e-06
10.0,0.0,205.33949568858017,1.49323e-06
10.0,0.0,205.33908254812596,1.418433e-06
10.0,0.0,205.3386482028367,1.619192e-06
10.0,0.0,205.33822431657816,1.61324e-06
10.0,0.0,205.33779376535108,1.577602e-06
10.0,0.0,205.3373857548293,1.620312e-06
10.0,0.0,205.33695500569857,1.668552e-06
10.0,0.0,205.3365351815947,1.69166e-06
10.0,0.0,205.33614739137084,1.67673e-06
10.0,0.0,205.33573084958869,1.641936e-06
10.0,0.0,205.33532306104783,1.667635e-06
10.0,0.0,205.3348839238037,1.666253e-06
10.0,0.0,205.33448427865508,1.6868e-06
10.0,0.0,205.33407118217528,1.635184e-06
10.0,0.0,205.33363765172007,1.534965e-06
10.0,0.0,205.33323739477956,1.695022e-06
10.0,0.0,205.33281463530807,1.562308e-06
10.0,0.0,205.33237603838128,1.656867e-06
10.0,0.0,205.33196809608032,1.675799e-06
10.0,0.0,205.33155157014025,1.71375e-06
10.0,0.0,205.3311363028584,1.72951e-06
10.0,0.0,205.330721024564,1.649474e-06
10.0,0.0,205.3303064108656,1.811903e-06
10.0,0.0,205.32987419931484,1.799592e-06
10.0,0.0,205.32945020514515,1.789915e-06
10.0,0.0,205.3290044019413,1.843728e-06
10.0,0.0,205.32860271648457,1.85048e-06
10.0,0.0,205.32820163518235,1.885215e-06
10.0,0.0,205.3277749854473,1.990978e-06
10.0,0.0,205.3273668126683,1.942797e-06
10.0,0.0,205.3269361356766,1.88667e-06
10.0,0.0,205.32653325719548,1.930632e-06
10.0,0.0,205.32612390333608,1.812557e-06
10.0,0.0,205.3256888816924,1.867636e-06
10.0,0.0,205.32530343805345,1.944951e-06
10.0,0.0,205.32486279059236,1.872861e-06
10.0,0.0,205.3244637922097,1.996697e-06
10.0,0.0,205.32401922078196,1.880777e-06
10.0,0.0,205.32362573852748,1.978478e-06
10.0,0.0,205.32321591078113,1.90163e-06
10.0,0.0,205.3227866564268,1.889188e-06
10.0,0.0,205.3223559850231,1.809633e-06
10.0,0.0,205.32194826470297,1.940833e-06
10.0,0.0,205.32152705373557,1.94936e-06
10.0,0.0,205.32110941659607,1.939028e-06
10.0,0.0,205.3206988681445,1.942855e-06
10.0,0.0,205.32027486978888,1.93085e-06
10.0,0.0,205.31985094156008,1.975321e-06
10.0,0.0,205.3194314908816,1.882421e-06
10.0,0.0,205.3190062743616,1.781169e-06
10.0,0.0,205.31859100472872,1.888897e-06
10.0,0.0,205.31815516082065,1.791603e-06
10.0,0.0,205.31773116780556,1.857828e-06
10.0,0.0,205.31733242553017,1.781111e-06
10.0,0.0,205.31689175827552,1.706998e-06
10.0,0.0,205.3164620371834,1.650449e-06
10.0,0.0,205.31607021872824,1.691398e-06
10.0,0.0,205.31566170571944,1.759341e-06
10.0,0.0,205.3152595161961,1.801178e-06
10.0,0.0,205.31482906811044,1.804481e-06
10.0,0.0,205.31442111613464,1.820663e-06
10.0,0.0,205.3139935992525,1.805704e-06
10.0,0.0,205.31358204237168,1.682507e-06
10.0,0.0,205.3131908385008,1.81541e-06
10.0,0.0,205.31274526660115,1.766646e-06
10.0,0.0,205.31232647577116,1.869077e-06
10.0,0.0,205.31192302611703,1.813794e-06
10.0,0.0,205.31147412048057,1.918277e-06
10.0,0.0,205.31105810612132,1.861277e-06
10.0,0.0,205.3106703370647,1.843611e-06
10.0,0.0,205.3102495956192,1.933091e-06
10.0,0.0,205.30980356729216,1.843931e-06
10.0,0.0,205.30936552176527,1.887514e-06
10.0,0.0,205.30898007440567,1.819935e-06
10.0,0.0,205.30853788095632,1.823049e-06
10.0,0.0,205.3081223350524,1.832654e-06
10.0,0.0,205.30773258653412,1.793873e-06
10.0,0.0,205.30730260600288,1.710039e-06
10.0,0.0,205.3068805198092,1.710112e-06
10.0,0.0,205.30646375514553,1.680237e-06
10.0,0.0,205.3060462676742,1.692373e-06
10.0,0.0,205.30565877370688,1.514098e-06
10.0,0.0,205.30521690316945,1.370921e-06
10.0,0.0,205.30482367596923,1.549779e-06
10.0,0.0,205.3043941738429,1.56257e-06
10.0,0.0,205.30394766318284,1.496577e-06
10.0,0.0,205.30356198359175,1.426946e-06
10.0,0.0,205.30313799001271,1.500317e-06
10.0,0.0,205.3027224519488,1.494744e-06
10.0,0.0,205.30231473239644,1.364941e-06
10.0,0.0,205.3018840569344,1.469962e-06
10.0,0.0,205.30145518619008,1.463413e-06
10.0,0.0,205.30106081235508,1.405962e-06
10.0,0.0,205.30064554482823,1.454318e-06
10.0,0.0,205.30020659158188,1.459557e-06
10.0,0.0,205.2998057527527,1.42731e-06
10.0,0.0,205.29936796334843,1.379958e-06
10.0,0.0,205.29893752068443,1.344335e-06
10.0,0.0,205.298513922094,1.356777e-06
10.0,0.0,205.29808653706337,1.321008e-06
10.0,0.0,205.29771116097544,1.277076e-06
10.0,0.0,205.29726380084733,1.343418e-06
10.0,0.0,205.29682959877425,1.389053e-06
10.0,0.0,205.29644081715455,1.376946e-06
10.0,0.0,205.29599342065788,1.41612e-06
10.0,0.0,205.29560564497467,1.423497e-06
10.0,0.0,205.2951903753418,1.357708e-06
10.0,0.0,205.29478341658873,1.362132e-06
10.0,0.0,205.2943582804841,1.355191e-06
10.0,0.0,205.2939273765604,1.234046e-06
10.0,0.0,205.2935236216603,1.276625e-06
10.0,0.0,205.29311347792827,1.2542e-06
10.0,0.0,205.29268035185444,1.263354e-06
10.0,0.0,205.29227714465804,1.167209e-06
10.0,0.0,205.29185364886067,1.190725e-06
10.0,0.0,205.29141659061688,1.244101e-06
10.0,0.0,205.29100935696565,1.24627e-06
10.0,0.0,205.29059408824344,1.202934e-06
10.0,0.0,205.29017854067277,1.164241e-06
10.0,0.0,205.28973469339155,1.258741e-06
10.0,0.0,205.289342473256,1.056222e-06
10.0,0.0,205.28890636219649,1.260079e-06
10.0,0.0,205.2884752786312,1.17319e-06
10.0,0.0,205.28806724431132,1.25372e-06
10.0,0.0,205.2876525214409,1.259687e-06
10.0,0.0,205.28722852842577,1.305496e-06
10.0,0.0,205.28682978018657,1.301072e-06
10.0,0.0,205.28638935703927,1.228516e-06
10.0,0.0,205.28598180012025,1.10564e-06
10.0,0.0,205.2855674948196,1.359629e-06
10.0,0.0,205.28515907079367,1.298496e-06
10.0,0.0,205.28475711203987,1.295455e-06
10.0,0.0,205.28432643585523,1.306529e-06
10.0,0.0,205.28390215534895,1.296532e-06
10.0,0.0,205.28349038825488,1.368535e-06
10.0,0.0,205.2830751190299,1.271968e-06
10.0,0.0,205.28264887579903,1.300403e-06
10.0,0.0,205.28224262174095,1.324763e-06
10.0,0.0,205.28181837858247,1.320193e-06
10.0,0.0,205.2814193861638,1.341279e-06
10.0,0.0,205.2809953876712,1.336753e-06
10.0,0.0,205.28055433302936,1.382505e-06
10.0,0.0,205.28014798640484,1.356806e-06
10.0,0.0,205.2797467660969,1.285691e-06
10.0,0.0,205.27931607078312,1.30327e-06
10.0,0.0,205.27887643461057,1.265216e-06
10.0,0.0,205.2784319955974,1.203836e-06
10.0,0.0,205.27804654312976,1.21785e-06
10.0,0.0,205.2776193929746,1.012319e-06
10.0,0.0,205.27720621357668,1.291686e-06
10.0,0.0,205.27680020115028,1.169465e-06
10.0,0.0,205.276369525662,1.281631e-06
10.0,0.0,205.27594186271912,1.359789e-06
10.0,0.0,205.27554332554723,1.277775e-06
10.0,0.0,205.27512296015007,1.381224e-06
10.0,0.0,205.2747137752121,1.38476e-06
10.0,0.0,205.2742896161164,1.387365e-06
10.0,0.0,205.2738902777824,1.338078e-06
10.0,0.0,205.27346628476727,1.439446e-06
10.0,0.0,205.27302255153944,1.411754e-06
10.0,0.0,205.27263449917885,1.403489e-06
10.0,0.0,205.27221950748373,1.408363e-06
10.0,0.0,205.2717897679546,1.328575e-06
10.0,0.0,205.27138143015787,1.309047e-06
10.0,0.0,205.27095075753633,1.231267e-06
10.0,0.0,205.27052981662473,1.421984e-06
10.0,0.0,205.2700870493856,1.386914e-06
10.0,0.0,205.26968123196028,1.35196e-06
10.0,0.0,205.26927811277656,1.397479e-06
10.0,0.0,205.2688426087493,1.334818e-06
10.0,0.0,205.26841193326104,1.302717e-06
10.0,0.0,205.268006634018,1.364388e-06
10.0,0.0,205.2675946046016,1.394888e-06
10.0,0.0,205.26716445403017,1.332417e-06
10.0,0.0,205.26677878337665,1.410503e-06
10.0,0.0,205.26633491474593,1.385793e-06
10.0,0.0,205.2659361707748,1.308523e-06
10.0,0.0,205.26551243294068,1.249573e-06
10.0,0.0,205.26510130955216,1.272914e-06
10.0,0.0,205.26468605859515,1.219858e-06
10.0,0.0,205.2642622315361,1.248336e-06
10.0,0.0,205.26386745924808,1.315755e-06
10.0,0.0,205.26342360832513,1.296969e-06
10.0,0.0,205.2629966400795,1.330423e-06
10.0,0.0,205.26260915558723,1.332955e-06
10.0,0.0,205.26219332345215,1.253458e-06
10.0,0.0,205.2617477477144,1.265245e-06
10.0,0.0,205.26136069256276,1.405075e-06
10.0,0.0,205.2609252685312,1.383843e-06
10.0,0.0,205.26047669451904,1.270775e-06
10.0,0.0,205.2601030304733,1.296052e-06
10.0,0.0,205.25967365582952,1.330802e-06
10.0,0.0,205.25925208844484,1.384571e-06
10.0,0.0,205.25882141837823,1.378125e-06
10.0,0.0,205.258382316978,1.344088e-06
10.0,0.0,205.25798256250704,1.392909e-06
10.0,0.0,205.25755957966985,1.306587e-06
10.0,0.0,205.25712593175496,1.411376e-06
10.0,0.0,205.25673508041032,1.453285e-06
10.0,0.0,205.25630532502257,1.331078e-06
10.0,0.0,205.25588301200747,1.379463e-06
10.0,0.0,205.2554664707293,1.403416e-06
10.0,0.0,205.2550666253632,1.366105e-06
10.0,0.0,205.25466181620865,1.405075e-06
10.0,0.0,205.2542426279436,1.454595e-06
10.0,0.0,205.25383467983863,1.440596e-06
10.0,0.0,205.25339715475943,1.45509e-06
10.0,0.0,205.2529736815482,1.442284e-06
10.0,0.0,205.25258519505817,1.500084e-06
10.0,0.0,205.25214186675396,1.454377e-06
10.0,0.0,205.2517263085734,1.484979e-06
10.0,0.0,205.25132744698396,1.447319e-06
10.0,0.0,205.25088723052892,1.460663e-06
10.0,0.0,205.2504565604624,1.344015e-06
10.0,0.0,205.250036915108,1.41433e-06
10.0,0.0,205.24961770442715,1.511726e-06
10.0,0.0,205.24923226233167,1.516397e-06
10.0,0.0,205.24878399373665,1.498178e-06
10.0,0.0,205.24834795634447,1.509427e-06
10.0,0.0,205.24796150435495,1.483408e-06
10.0,0.0,205.24751723535172,1.49796e-06
10.0,0.0,205.24711402425345,1.598703e-06
10.0,0.0,205.24671420216927,1.452732e-06
10.0,0.0,205.2462852625629,1.392953e-06
10.0,0.0,205.24587709073603,1.280219e-06
10.0,0.0,205.24544355307617,1.491819e-06
10.0,0.0,205.24503801347677,1.491731e-06
10.0,0.0,205.24463674888008,1.417386e-06
10.0,0.0,205.2441991636695,1.486609e-06
10.0,0.0,205.24379733630343,1.609107e-06
10.0,0.0,205.24337384175,1.483437e-06
10.0,0.0,205.24293341835917,1.534805e-06
10.0,0.0,205.24253178838816,1.544788e-06
10.0,0.0,205.242116247444,1.52328e-06
10.0,0.0,205.24170337412343,1.50477e-06
10.0,0.0,205.2412971650296,1.446897e-06
10.0,0.0,205.24086626213875,1.517707e-06
10.0,0.0,205.24043165118536,1.482767e-06
10.0,0.0,205.24002741694687,1.326902e-06
10.0,0.0,205.2396089127004,1.119173e-06
10.0,0.0,205.23918074768628,1.274224e-06
10.0,0.0,205.23875834565024,1.211913e-06
10.0,0.0,205.238327670162,1.335269e-06
10.0,1.0,205.23791972666237,1.397144e-06
10.0,1.0,205.23749189064063,1.45314e-06
10.0,1.0,205.23706646244656,1.403256e-06
10.0,1.0,205.23668885857768,1.516368e-06
10.0,1.0,205.23624347919463,1.48447e-06
10.0,1.0,205.235824777383,1.438777e-06
10.0,1.0,205.23542098937213,1.384906e-06
10.0,1.0,205.23497270882527,1.368491e-06
10.0,1.0,205.23458445396136,1.575521e-06
10.0,1.0,205.23417426574204,1.419467e-06
10.0,1.0,205.23377093032465,1.496781e-06
10.0,1.0,205.23334002743377,1.564287e-06
10.0,1.0,205.2329146142735,1.541615e-06
10.0,1.0,205.23250727775445,1.508626e-06
10.0,1.0,205.23209200897716,1.506385e-06
10.0,1.0,205.23166255767683,1.514694e-06
10.0,1.0,205.2312578166893,1.426539e-06
10.0,1.0,205.23083432992485,1.481967e-06
10.0,1.0,205.23039326033185,1.521956e-06
10.0,1.0,205.22996341123883,1.559863e-06
10.0,1.0,205.22957178547884,1.559805e-06
10.0,1.0,205.2291562312816,1.544962e-06
10.0,0.0,205.2287155591048,1.605018e-06
10.0,0.0,205.22831562637597,1.553752e-06
10.0,0.0,205.2278916355228,1.468186e-06
10.0,0.0,205.22744824295333,1.556124e-06
10.0,0.0,205.22705154872745,1.505963e-06
10.0,0.0,205.22663656365887,1.447785e-06
10.0,0.0,205.2262430542854,1.5634e-06
10.0,0.0,205.22581379272884,1.498789e-06
10.0,0.0,205.2254056215207,1.395063e-06
10.0,0.0,205.22497494211527,1.093198e-06
10.0,0.0,205.22455966400128,6.157934000000001e-07
10.0,0.0,205.22417217512657,3.418681e-07
10.0,0.0,205.22372846412844,5.878246000000001e-07
10.0,0.0,205.223297242455,1.061053e-06
10.0,0.0,205.22290522425192,1.223394e-06
10.0,0.0,205.22245771348875,1.287422e-06
10.0,0.0,205.22205699237767,1.270077e-06
10.0,0.0,205.2216508332505,1.351596e-06
10.0,0.0,205.2212334155156,1.327644e-06
10.0,0.0,205.22078576376248,1.310211e-06
10.0,0.0,205.22039501970724,1.31868e-06
10.0,0.0,205.21996328457928,1.40116e-06
10.0,0.0,205.21951921262223,1.321197e-06
10.0,0.0,205.219103658425,1.251785e-06
10.0,0.0,205.21871561167936,1.296357e-06
10.0,0.0,205.2182866484136,1.348861e-06
10.0,0.0,205.21785620032793,1.337219e-06
10.0,1.0,205.2174203283664,1.284381e-06
10.0,1.0,205.21701712322533,1.01795e-06
10.0,1.0,205.21659759177172,1.461536e-06
10.0,1.0,205.2161785001093,1.388617e-06
10.0,1.0,205.21577511258857,1.361186e-06
10.0,1.0,205.21533965390904,1.435212e-06
10.0,1.0,205.2149521211909,1.40295e-06
10.0,1.0,205.2145062587468,1.484717e-06
10.0,1.0,205.21410464141127,1.469292e-06
10.0,1.0,205.21370377676143,1.460241e-06
10.0,1.0,205.21327696442228,1.42747e-06
10.0,1.0,205.21286878500229,1.475579e-06
10.0,1.0,205.2124344203774,1.41529e-06
10.0,1.0,205.2120301617913,1.519773e-06
10.0,1.0,205.2116268753223,1.55202e-06
10.0,1.0,205.2111835905818,1.441644e-06
10.0,1.0,205.2107604351836,1.438399e-06
10.0,1.0,205.2103295053961,1.467954e-06
10.0,1.0,205.20992179049767,1.460357e-06
10.0,1.0,205.2094946962176,1.475986e-06
10.0,1.0,205.20906873726145,1.450549e-06
10.0,1.0,205.208691657528,1.424516e-06
10.0,1.0,205.2082467109224,1.403285e-06
10.0,1.0,205.20781386858755,1.465873e-06
10.0,1.0,205.20742401459924,1.59975e-06
10.0,1.0,205.2069753065327,1.525827e-06
10.0,1.0,205.2065762774961,1.613094e-06
10.0,1.0,205.20617254439057,1.567299e-06
10.0,1.0,205.2057700398028,1.567169e-06
10.0,1.0,205.2053433968345,1.4697e-06
10.0,1.0,205.20491232825503,1.541222e-06
10.0,0.0,205.20450731937976,1.633569e-06
10.0,0.0,205.2040956417409,1.63613e-06
10.0,0.0,205.2036595858244,1.514229e-06
10.0,0.0,205.20327570692243,1.534965e-06
10.0,0.0,205.20283722997067,1.39905e-06
10.0,0.0,205.2023962325788,1.046123e-06
10.0,0.0,205.20198986912595,5.8148e-07
10.0,0.0,205.20157625205607,2.0168950000000001e-07
10.0,0.0,205.20116688404684,7.13917e-08
10.0,0.0,205.2007637649021,3.950845e-08
10.0,0.0,205.2003330870697,1.568696e-08
10.0,0.0,205.19990825443327,2.216257e-08
10.0,0.0,205.19949823626476,3.961031e-08
10.0,0.0,205.19905491680652,3.539317e-07
10.0,0.0,205.19863964054707,8.595961999999999e-07
10.0,0.0,205.19822381503857,1.958702e-06
10.0,0.0,205.19777544497327,1.849257e-06
10.0,0.0,205.19738541270152,1.645021e-06
10.0,0.0,205.19695246128052,1.644672e-06
10.0,0.0,205.19654656364,1.675944e-06
10.0,0.0,205.19611913911095,1.730397e-06
10.0,0.0,205.19570793887704,1.778113e-06
10.0,0.0,205.1953072403053,1.82529e-06
10.0,0.0,205.19486909368524,1.811626e-06
10.0,0.0,205.19446114054088,1.837005e-06
10.0,0.0,205.19404307370647,1.824723e-06
10.0,0.0,205.1936370231366,1.828725e-06
10.0,0.0,205.1932368477325,1.812557e-06
10.0,0.0,205.19278878906172,1.798253e-06
10.0,0.0,205.19239730974647,1.852401e-06
10.0,0.0,205.19196580362797,1.829307e-06
10.0,0.0,205.19154206075623,1.856111e-06
10.0,0.0,205.19112801857216,1.921988e-06
10.0,0.0,205.1907189665764,1.854671e-06
10.0,0.0,205.19028939465449,1.861918e-06
10.0,0.0,205.1898589451723,1.883483e-06
10.0,0.0,205.18942334762977,1.918263e-06
10.0,0.0,205.18902009998047,1.825567e-06
10.0,0.0,205.18861457489328,1.825378e-06
10.0,0.0,205.18818124489417,1.821798e-06
10.0,0.0,205.18777788178056,1.804117e-06
10.0,0.0,205.18735413890883,1.847133e-06
10.0,0.0,205.1869167891365,1.85355e-06
10.0,0.0,205.18651017690357,1.833716e-06
10.0,0.0,205.1860943447685,1.850538e-06
10.0,0.0,205.18570685364963,1.835419e-06
10.0,0.0,205.1852790270142,1.730179e-06
10.0,0.0,205.18485869839728,1.802415e-06
10.0,0.0,205.1844399494097,1.708977e-06
10.0,0.0,205.18401660691492,1.704146e-06
10.0,0.0,205.18362912242267,1.645647e-06
10.0,0.0,205.18321385308525,1.648412e-06
10.0,0.0,205.18276597490336,1.70547e-06
10.0,0.0,205.18236698489432,1.666354e-06
10.0,0.0,205.18194323863543,1.670734e-06
10.0,0.0,205.18149666135443,1.629189e-06
10.0,0.0,205.1811091768622,1.504872e-06
10.0,0.0,205.18069390722928,1.352397e-06
10.0,0.0,205.18026865769207,1.524837e-06
10.0,0.0,205.1798489836765,1.607084e-06
10.0,0.0,205.17942980707855,1.597495e-06
10.0,0.0,205.17900421637023,1.564433e-06
10.0,0.0,205.17856117484985,1.550594e-06
10.0,0.0,205.1781453493413,1.588094e-06
10.0,0.0,205.17772892336583,1.568755e-06
10.0,0.0,205.17732052410304,1.548164e-06
10.0,0.0,205.17689007450903,1.558408e-06
10.0,0.0,205.17648259327652,1.54147e-06
10.0,0.0,205.1760684386747,1.510503e-06
10.0,0.0,205.17564328329712,1.566004e-06
10.0,0.0,205.17525783381723,1.5572e-06
10.0,0.0,205.17481212209927,1.521941e-06
10.0,0.0,205.17441363300327,1.528242e-06
10.0,0.0,205.17398963660304,1.521359e-06
10.0,0.0,205.1735801311661,1.536348e-06
10.0,0.0,205.17316072576125,1.522523e-06
10.0,0.0,205.17274151337685,1.507622e-06
10.0,0.0,205.17233333517933,1.485547e-06
10.0,0.0,205.17190265891048,1.458378e-06
10.0,0.0,205.17147142997328,1.412787e-06
10.0,0.0,205.17104794312365,1.392356e-06
10.0,0.0,205.17066800113557,1.467852e-06
10.0,0.0,205.1702244037237,1.566048e-06
10.0,0.0,205.16979360384033,1.543784e-06
10.0,0.0,205.16940172211264,1.545617e-06
10.0,0.0,205.1689547532268,1.578635e-06
10.0,0.0,205.16853498922816,1.538676e-06
10.0,0.0,205.16811613543757,1.591907e-06
10.0,0.0,205.16773091018692,1.646811e-06
10.0,0.0,205.16728275761065,1.733031e-06
10.0,0.0,205.1668840212992,1.492153e-06
10.0,0.0,205.16643888901564,1.622582e-06
10.0,0.0,205.1660458074524,1.666762e-06
10.0,0.0,205.16564250951623,1.589986e-06
10.0,0.0,205.16520410440424,1.597771e-06
10.0,0.0,205.1648186520761,1.630193e-06
10.0,0.0,205.1643792800029,1.790308e-06
10.0,0.0,205.16397980688427,1.839246e-06
10.0,0.0,205.16355629859353,1.822686e-06
10.0,0.0,205.16312227548767,1.881242e-06
10.0,0.0,205.16273192425183,1.855384e-06
10.0,0.0,205.16230906597676,1.900567e-06
10.0,0.0,205.1618709807855,1.881592e-06
10.0,0.0,205.1614632602108,1.721201e-06
10.0,0.0,205.16104509741356,1.705805e-06
10.0,0.0,205.16062983188465,1.888227e-06
10.0,0.0,205.16019396176617,1.890759e-06
10.0,0.0,205.15979186545005,1.925306e-06
10.0,0.0,205.15936812512783,1.843364e-06
10.0,0.0,205.15892420826177,1.819644e-06
10.0,0.0,205.1584976512768,1.906694e-06
10.0,0.0,205.1580826595817,1.937195e-06
10.0,0.0,205.1576951692536,1.991823e-06
10.0,0.0,205.15724941418355,1.954337e-06
10.0,0.0,205.15685055744743,1.88523e-06
10.0,0.0,205.15642642278584,1.973254e-06
10.0,0.0,205.15597798357507,2.029759e-06
10.0,0.0,205.15560394360267,2.006884e-06
10.0,0.0,205.15518450000437,2.031884e-06
10.0,0.0,205.15478120697136,2.060478e-06
10.0,0.0,205.15434542286653,2.134489e-06
10.0,0.0,205.15391976962783,2.132874e-06
10.0,0.0,205.15351414540848,2.197936e-06
10.0,0.0,205.1530988813645,2.199216e-06
10.0,0.0,205.15271166155696,2.131841e-06
10.0,0.0,205.15228318389015,2.152286e-06
10.0,0.0,205.15184026491377,2.182394e-06
10.0,0.0,205.15144127249505,2.27039e-06
10.0,0.0,205.15101753457253,2.282555e-06
10.0,0.0,205.15057920435328,2.300672e-06
10.0,0.0,205.15016393748243,2.331042e-06
10.0,0.0,205.14976337606504,2.409477e-06
10.0,0.0,205.1493361948073,2.220666e-06
10.0,0.0,205.14890551781215,2.347864e-06
10.0,0.0,205.1484745721062,2.383444e-06
10.0,0.0,205.14806643931993,2.346293e-06
10.0,0.0,205.1476518445248,2.443077e-06
10.0,0.0,205.14722784983252,2.416738e-06
10.0,0.0,205.14682936110688,2.310248e-06
10.0,0.0,205.1463894222836,2.103247e-06
10.0,0.0,205.14600420232657,2.050961e-06
10.0,0.0,205.14556764375752,2.07992e-06
10.0,0.0,205.14515964284928,2.118017e-06
10.0,0.0,205.14475763210064,2.128203e-06
10.0,0.0,205.1443269623256,2.221946e-06
10.0,0.0,205.1439187862011,2.298024e-06
10.0,0.0,205.143490746344,2.166489e-06
10.0,0.0,205.14306567894369,2.279907e-06
10.0,0.0,205.14268825787744,2.213957e-06
10.0,0.0,205.1422431937966,2.274101e-06
10.0,0.0,205.14182419859944,2.182453e-06
10.0,0.0,205.14140223436053,2.150817e-06
10.0,0.0,205.14097179162695,2.164059e-06
10.0,0.0,205.140572472476,2.162749e-06
10.0,0.0,205.14016803340525,2.193497e-06
10.0,0.0,205.1397474932356,2.169778e-06
10.0,0.0,205.13930168807613,2.24229e-06
10.0,0.0,205.13886364238385,2.195913e-06
10.0,0.0,205.1384784170792,2.273795e-06
10.0,0.0,205.13803613483924,2.206463e-06
10.0,0.0,205.13762114314417,2.171131e-06
10.0,0.0,205.13720559557348,2.148532e-06
10.0,0.0,205.13679503990772,2.165776e-06
10.0,0.0,205.1363603973616,2.224391e-06
10.0,0.0,205.13596255279387,2.171219e-06
10.0,0.0,205.13554424389525,2.171422e-06
10.0,0.0,205.13512370760208,2.219269e-06
10.0,0.0,205.1347145859504,2.279281e-06
10.0,0.0,205.13429033969703,2.15914e-06
10.0,0.0,205.13389135212023,2.107932e-06
10.0,0.0,205.1334455515699,2.011089e-06
10.0,0.0,205.13304361423795,2.095097e-06
10.0,0.0,205.1326356973001,2.11611e-06
10.0,0.0,205.13222112909088,2.140747e-06
10.0,0.0,205.13181353327667,2.104818e-06
10.0,0.0,205.1313828597866,2.186585e-06
10.0,0.0,205.13094991383727,2.1858e-06
10.0,0.0,205.13050351416967,2.216038e-06
10.0,0.0,205.13010167034568,2.212386e-06
10.0,0.0,205.12970047548012,2.207948e-06
10.0,0.0,205.12927425909217,2.150846e-06
10.0,0.0,205.1288304450992,2.243163e-06
10.0,0.0,205.12843544392487,2.184097e-06
10.0,0.0,205.1280113752068,2.183122e-06
10.0,0.0,205.1275963332529,2.178713e-06
10.0,0.0,205.12718447175,2.220448e-06
10.0,0.0,205.12676023358856,2.237357e-06
10.0,0.0,205.1263612411699,2.259112e-06
10.0,0.0,205.12593699295417,2.042681e-06
10.0,0.0,205.1254894431278,2.035973e-06
10.0,0.0,205.1251019582527,2.061148e-06
10.0,0.0,205.12468641730857,2.048357e-06
10.0,0.0,205.12428044040715,1.954468e-06
10.0,0.0,205.12385480386283,2.015033e-06
10.0,0.0,205.123423900972,1.953813e-06
10.0,0.0,205.12299700380407,1.848326e-06
10.0,0.0,205.12260963460272,1.809647e-06
10.0,0.0,205.1221720673429,1.687411e-06
10.0,0.0,205.12178610431457,1.786655e-06
10.0,0.0,205.12134958345857,1.775843e-06
10.0,0.0,205.12090735455317,1.826906e-06
10.0,0.0,205.1205219071935,1.66423e-06
10.0,0.0,205.1200890052058,1.760985e-06
10.0,0.0,205.11967345763512,1.804379e-06
10.0,0.0,205.11925192628655,1.809909e-06
10.0,0.0,205.1188058814752,1.833425e-06
10.0,0.0,205.1184071391999,1.981462e-06
10.0,0.0,205.11798339056443,1.900698e-06
10.0,0.0,205.117541001444,1.891603e-06
10.0,0.0,205.1171359105847,1.969209e-06
10.0,0.0,205.11673606207543,1.949025e-06
10.0,0.0,205.1163051628678,1.960638e-06
10.0,0.0,205.1158969877892,1.923618e-06
10.0,0.0,205.11546630857103,1.897439e-06
10.0,0.0,205.11506669713208,2.002751e-06
10.0,0.0,205.11466190090383,2.017434e-06
10.0,0.0,205.11421997035265,1.856242e-06
10.0,0.0,205.11383474508293,1.820968e-06
10.0,0.0,205.11339698234883,1.648907e-06
10.0,0.0,205.1129963546963,1.667519e-06
10.0,0.0,205.1125742470584,1.714739e-06
10.0,0.0,205.11214195091813,1.748558e-06
10.0,0.0,205.11172637381912,1.744251e-06
10.0,0.0,205.1113181986641,1.713357e-06
10.0,0.0,205.1108877524705,1.685039e-06
10.0,0.0,205.11045503837687,1.709515e-06
10.0,0.0,205.11003129550517,1.78437e-06
10.0,0.0,205.10963229712252,1.658991e-06
10.0,0.0,205.10920646172085,1.675784e-06
10.0,0.0,205.1087789244796,1.683729e-06
10.0,0.0,205.1083853246375,1.633787e-06
10.0,0.0,205.10793984722588,1.716209e-06
10.0,0.0,205.10751704929092,1.65854e-06
10.0,0.0,205.1071135957356,1.699969e-06
10.0,0.0,205.10671400426637,1.722598e-06
10.0,0.0,205.1063011391074,1.612047e-06
10.0,0.0,205.10587738338927,1.631313e-06
10.0,0.0,205.1054441251318,1.585489e-06
10.0,0.0,205.1050389883102,1.560125e-06
10.0,0.0,205.10462114318432,1.668406e-06
10.0,0.0,205.1041999116818,1.615641e-06
10.0,0.0,205.10379891065816,1.64978e-06
10.0,0.0,205.10336151587344,1.642125e-06
10.0,0.0,205.10293452042623,1.524284e-06
10.0,0.0,205.10253325782065,1.545064e-06
10.0,0.0,205.1021182727521,1.458553e-06
10.0,0.0,205.10172912285637,1.335822e-06
10.0,0.0,205.10129882209193,1.451277e-06
10.0,0.0,205.1008572168296,1.510693e-06
10.0,0.0,205.10045997690008,1.527718e-06
10.0,0.0,205.10004136871203,1.529843e-06
10.0,0.0,205.0995983239228,1.511449e-06
10.0,0.0,205.0991827729944,1.523411e-06
10.0,0.0,205.09875977531,1.479013e-06
10.0,0.0,205.09835160286087,1.519991e-06
10.0,0.0,205.09791552300103,1.496068e-06
10.0,0.0,205.09749152998592,1.457855e-06
10.0,0.0,205.09708161927784,1.512948e-06
10.0,0.0,205.09666199362047,1.468085e-06
10.0,0.0,205.0962535158725,1.449676e-06
10.0,0.0,205.0958466972467,1.391425e-06
10.0,0.0,205.09541012669672,1.408203e-06
10.0,0.0,205.0950083040776,1.424589e-06
10.0,0.0,205.09458788842213,1.433116e-06
10.0,0.0,205.09416945346405,1.421839e-06
10.0,0.0,205.093765406546,1.406777e-06
10.0,0.0,205.09334141353085,1.40359e-06
10.0,0.0,205.09290618217167,1.352091e-06
10.0,0.0,205.09249575851888,1.251217e-06
10.0,0.0,205.0920802054221,1.342967e-06
10.0,0.0,205.09167069350573,1.355904e-06
10.0,0.0,205.09126768708808,1.321823e-06
10.0,0.0,205.09083678419728,1.316861e-06
10.0,0.0,205.09039871730903,1.27143e-06
10.0,0.0,205.08997497625708,1.263688e-06
10.0,0.0,205.08956680329032,1.218825e-06
10.0,0.0,205.08914387847747,1.28473e-06
10.0,0.0,205.08872772527425,1.369539e-06
10.0,0.0,205.088297278756,1.21411e-06
10.0,0.0,205.0878891020633,1.167995e-06
10.0,0.0,205.0874584319967,1.242341e-06
10.0,0.0,205.08705778273807,1.246299e-06
10.0,0.0,205.08665171143107,1.281282e-06
10.0,0.0,205.0862343562073,1.302804e-06
10.0,0.0,205.0858261841065,1.268229e-06
10.0,0.0,205.08538731156088,1.296576e-06
10.0,0.0,205.0849654739455,1.23636e-06
10.0,0.0,205.08457481137197,1.27044e-06
10.0,0.0,205.08413148130623,1.270077e-06
10.0,0.0,205.08373924254613,1.290333e-06
10.0,0.0,205.083318598395,1.242428e-06
10.0,0.0,205.08287896439373,1.176973e-06
10.0,0.0,205.08245009747523,1.139575e-06
10.0,0.0,205.0820540213905,1.182925e-06
10.0,0.0,205.0816384804464,1.118489e-06
10.0,0.0,205.08120080836156,1.159759e-06
10.0,0.0,205.08081581580709,1.069478e-06
10.0,0.0,205.0803759063569,1.123772e-06
10.0,0.0,205.07997696523617,1.180641e-06
10.0,0.0,205.0795531687025,1.162887e-06
10.0,0.0,205.07911853206383,1.162553e-06
10.0,0.0,205.078703265253,1.152453e-06
10.0,0.0,205.07827631422003,1.179214e-06
10.0,0.0,205.07783244875236,1.16264e-06
10.0,0.0,205.07743396002095,1.2245e-06
10.0,0.0,205.07701046729264,1.199631e-06
10.0,0.0,205.07659906779807,1.157416e-06
10.0,0.0,205.0761833141709,1.148219e-06
10.0,0.0,205.0757599905409,1.204142e-06
10.0,0.0,205.07535204205936,1.214023e-06
10.0,0.0,205.0749213665711,1.178341e-06
10.0,0.0,205.0745167655057,1.22856e-06
10.0,0.0,205.0741058597768,1.164357e-06
10.0,0.0,205.0736937751044,1.009132e-06
10.0,0.0,205.07328867011103,1.084918e-06
10.0,0.0,205.07284604518145,1.20177e-06
10.0,0.0,205.07245004773972,1.128283e-06
10.0,0.0,205.07202923742585,1.15289e-06
10.0,0.0,205.0715861855276,1.215172e-06
10.0,0.0,205.07117091589473,1.162378e-06
10.0,0.0,205.0707498515736,1.137378e-06
10.0,0.0,205.07034190438984,1.164837e-06
10.0,0.0,205.06991122751853,1.149543e-06
10.0,0.0,205.06948178091127,1.184671e-06
10.0,0.0,205.06907260569065,1.188557e-06
10.0,0.0,205.06865887691893,1.153341e-06
10.0,0.0,205.0682348812205,1.227614e-06
10.0,0.0,205.0678358909757,1.290638e-06
10.0,0.0,205.0673949044636,1.345601e-06
10.0,0.0,205.0669651265785,1.254608e-06
10.0,0.0,205.0665743482252,1.271808e-06
10.0,0.0,205.06615880328783,1.28425e-06
10.0,0.0,205.06575952116097,1.217821e-06
10.0,0.0,205.06533175898332,1.157168e-06
10.0,0.0,205.06490724317263,1.176115e-06
10.0,0.0,205.06449689152308,1.205961e-06
10.0,0.0,205.06408162130995,1.227076e-06
10.0,0.0,205.06369412438292,1.251377e-06
10.0,0.0,205.06324822363416,1.26072e-06
10.0,0.0,205.0628244807624,1.233217e-06
10.0,0.0,205.06239249149968,1.220615e-06
10.0,0.0,205.06200219292572,1.223874e-06
10.0,0.0,205.06156194706077,1.198918e-06
10.0,0.0,205.06115451155344,1.245629e-06
10.0,0.0,205.0607527485008,1.306311e-06
10.0,0.0,205.06032184560996,1.29921e-06
10.0,0.0,205.05988278693383,1.319146e-06
10.0,0.0,205.05948344456297,1.224849e-06
10.0,0.0,205.05907013864865,1.299763e-06
10.0,0.0,205.058627287743,1.263819e-06
10.0,0.0,205.05821174679883,1.323686e-06
10.0,0.0,205.05778370843836,1.24416e-06
10.0,0.0,205.05737598811825,1.333698e-06
10.0,0.0,205.05694485305688,1.33022e-06
10.0,0.0,205.05652288975324,1.266832e-06
10.0,0.0,205.0561353986344,1.256456e-06
10.0,0.0,205.05569586566,1.329914e-06
10.0,0.0,205.05530593632903,1.386914e-06
10.0,0.0,205.05487338051287,1.413064e-06
10.0,0.0,205.05447467654045,1.379667e-06
10.0,0.0,205.0540587769381,1.393084e-06
10.0,0.0,205.05361545307392,1.418579e-06
10.0,0.0,205.05322700806963,1.366658e-06
10.0,0.0,205.05279629156664,1.268447e-06
10.0,0.0,205.0523745245516,1.312583e-06
10.0,0.0,205.0519574424992,1.331238e-06
10.0,0.0,205.05153827109604,1.322958e-06
10.0,0.0,205.05110845110713,1.315508e-06
10.0,0.0,205.0506883712025,1.388587e-06
10.0,0.0,205.05028571581667,1.419641e-06
10.0,0.0,205.04984929591257,1.353939e-06
10.0,0.0,205.04941862311983,1.32405e-06
10.0,0.0,205.04899109669725,1.172957e-06
10.0,0.0,205.04860332721393,1.331035e-06
10.0,0.0,205.0481883421454,1.335502e-06
10.0,0.0,205.0477432645502,1.338398e-06
10.0,0.0,205.04734427213148,1.36059e-06
10.0,0.0,205.0469298163489,1.314096e-06
10.0,0.0,205.04652698567605,1.336826e-06
10.0,0.0,205.0460836595913,1.236505e-06
10.0,0.0,205.04569880751447,1.233435e-06
10.0,0.0,205.0452750598731,1.298919e-06
10.0,0.0,205.0448510965016,1.272492e-06
10.0,0.0,205.04443188551528,1.306151e-06
10.0,0.0,205.04400676217773,1.34272e-06
10.0,0.0,205.04360509375223,1.337263e-06
10.0,0.0,205.04320427273728,1.263572e-06
10.0,0.0,205.0427573570935,1.325141e-06
10.0,0.0,205.04234711561773,1.332985e-06
10.0,0.0,205.0419275472117,1.315828e-06
10.0,0.0,205.04150145429745,1.301771e-06
10.0,0.0,205.04108869413253,1.295208e-06
10.0,0.0,205.0406760687176,1.280598e-06
10.0,0.0,205.04025208049907,1.246313e-06
10.0,0.0,205.03985333822368,1.306355e-06
10.0,0.0,205.0394107719974,1.343637e-06
10.0,0.0,205.03898066829697,1.2487e-06
10.0,0.0,205.03856539866408,1.217457e-06
10.0,0.0,205.03814985308523,1.226974e-06
10.0,0.0,205.03775323321713,1.299835e-06
10.0,0.0,205.0373101365271,1.27063e-06
10.0,0.0,205.03688663783487,1.2409e-06
10.0,0.0,205.03648649580796,1.280481e-06
10.0,0.0,205.03604600897924,1.294378e-06
10.0,0.0,205.03565879579824,1.283363e-06
10.0,0.0,205.03524015260552,1.329827e-06
10.0,0.0,205.03482306913125,1.376669e-06
10.0,0.0,205.0344010835012,1.377237e-06
10.0,0.0,205.0339705837036,1.317734e-06
10.0,0.0,205.0335818983847,1.285283e-06
10.0,0.0,205.03314746356983,1.346125e-06
10.0,0.0,205.03272360585805,1.430773e-06
10.0,0.0,205.03232472775,1.390348e-06
10.0,0.0,205.03188453326365,1.328764e-06
10.0,0.0,205.03145385777535,1.374676e-06
10.0,0.0,205.0310529971239,1.417488e-06
10.0,0.0,205.0306461206892,1.391702e-06
10.0,0.0,205.03023001460733,1.43901e-06
10.0,0.0,205.02978177261195,1.414664e-06
10.0,0.0,205.02937711021312,1.437525e-06
10.0,0.0,205.02895904290472,1.477732e-06
10.0,0.0,205.0285139375588,1.461507e-06
10.0,0.0,205.02812164107223,1.516411e-06
10.0,0.0,205.0277109054958,1.528606e-06
10.0,0.0,205.0272827927002,1.620763e-06
10.0,0.0,205.02686235764784,1.572291e-06
10.0,0.0,205.02644418374945,1.527689e-06
10.0,0.0,205.026022326388,1.578213e-06
10.0,0.0,205.0256348418957,1.567154e-06
10.0,0.0,205.02521957226284,1.636814e-06
10.0,0.0,205.02480509849627,1.641849e-06
10.0,0.0,205.02438147773597,1.593377e-06
10.0,0.0,205.02395240045325,1.55381e-06
10.0,0.0,205.02355710404217,1.62849e-06
10.0,0.0,205.02311377795743,1.671709e-06
10.0,0.0,205.0227030976947,1.671608e-06
10.0,0.0,205.02230216513655,1.646869e-06
10.0,0.0,205.0218642470812,1.664564e-06
10.0,0.0,205.0214370240288,1.538792e-06
10.0,0.0,205.02103715683415,1.567314e-06
10.0,0.0,205.02060719364965,1.620676e-06
10.0,0.0,205.0201867740857,1.589069e-06
10.0,0.0,205.0197842141797,1.538545e-06
10.0,0.0,205.01936072145136,1.65496e-06
10.0,0.0,205.01891770613923,1.627719e-06
10.0,0.0,205.01848943364203,1.573557e-06
10.0,0.0,205.01807885676823,1.606284e-06
10.0,0.0,205.01768694496673,1.663953e-06
10.0,0.0,205.01724175694932,1.647801e-06
10.0,0.0,205.01682314168855,1.662993e-06
10.0,0.0,205.0164190216589,1.532928e-06
10.0,0.0,205.01597107014453,1.629349e-06
10.0,0.0,205.01558199110127,1.430439e-06
10.0,0.0,205.0151770903923,1.584151e-06
10.0,0.0,205.0147733020869,1.573775e-06
10.0,0.0,205.01433823732305,1.539476e-06
10.0,0.0,205.01391297559272,1.646709e-06
10.0,0.0,205.01350508706125,1.67478e-06
10.0,0.0,205.013089543081,1.607565e-06
10.0,0.0,205.01270177043392,1.710679e-06
10.0,0.0,205.01227509119207,1.660679e-06
10.0,0.0,205.01183135696272,1.658365e-06
10.0,0.0,205.01139822497348,1.586843e-06
10.0,0.0,205.01100862763613,1.633816e-06
10.0,0.0,205.01056931599223,1.702079e-06
10.0,0.0,205.0101537684216,1.697816e-06
10.0,0.0,205.00971331664465,1.654887e-06
10.0,0.0,205.0093276418824,1.541266e-06
10.0,0.0,205.00888891475765,1.605717e-06
10.0,0.0,205.0084459788716,1.65854e-06
10.0,0.0,205.00806667770033,1.621156e-06
10.0,0.0,205.0076338162345,1.634762e-06
10.0,0.0,205.00721972539395,1.429493e-06
10.0,0.0,205.00681995535868,1.651671e-06
10.0,0.0,205.0063806453316,1.471926e-06
10.0,0.0,205.0059726996552,1.574677e-06
10.0,0.0,205.0055571967588,1.546068e-06
10.0,0.0,205.0051504847549,1.553271e-06
10.0,0.0,205.00474931129233,1.630164e-06
10.0,0.0,205.0043186344436,1.581022e-06
10.0,0.0,205.00391068808136,1.484586e-06
10.0,0.0,205.00348112653217,1.452587e-06
10.0,0.0,205.00305652681317,1.456618e-06
10.0,0.0,205.00264071259613,1.591325e-06
10.0,0.0,205.00223353561904,1.58482e-06
10.0,0.0,205.00180186031577,1.542561e-06
10.0,0.0,205.00141080608887,1.406326e-06
10.0,0.0,205.00096346617423,1.483117e-06
10.0,0.0,205.000545633401,1.62069e-06
10.0,0.0,205.00013982761703,1.601176e-06
10.0,0.0,204.99973939560363,1.49112e-06
10.0,0.0,204.9992923418736,1.46043e-06
10.0,0.0,204.99886860496576,1.458335e-06
10.0,0.0,204.9984246467949,1.467735e-06
10.0,0.0,204.9980208642092,1.399356e-06
10.0,0.0,204.9976106925488,1.363296e-06
10.0,0.0,204.9971951485748,1.410561e-06
10.0,0.0,204.9967869926812,1.371227e-06
10.0,0.0,204.9963506510425,1.250621e-06
10.0,0.0,204.9959517106288,1.189896e-06
10.0,0.0,204.99552803801436,1.31577e-06
10.0,0.0,204.9951147022641,1.253691e-06
10.0,0.0,204.99470242565272,1.200911e-06
10.0,0.0,204.99427585468024,1.094959e-06
10.0,0.0,204.99386790153585,1.235385e-06
10.0,0.0,204.9934372268668,1.263354e-06
10.0,0.0,204.9930348664658,1.138862e-06
10.0,0.0,204.99262579955047,1.13748e-06
10.0,0.0,204.9921904331331,1.229695e-06
10.0,0.0,204.9918054405786,1.197579e-06
10.0,0.0,204.99136449121687,1.080829e-06
10.0,0.0,204.99092090703127,1.109089e-06
10.0,0.0,204.99049334462256,1.219669e-06
10.0,0.0,204.9900927682788,1.215143e-06
10.0,0.0,204.98969030071248,1.146749e-06
10.0,0.0,204.9892447822486,1.078748e-06
10.0,0.0,204.98882078923353,1.272289e-06
10.0,0.0,204.98842229710155,1.255117e-06
10.0,0.0,204.98797369054583,1.112028e-06
10.0,0.0,204.9875877854053,1.174965e-06
10.0,0.0,204.9871697983566,1.229972e-06
10.0,0.0,204.98674893724845,1.260778e-06
10.0,0.0,204.98634099004488,1.181004e-06
10.0,0.0,204.98591031315377,1.226319e-06
10.0,0.0,204.98550484747537,1.227221e-06
10.0,0.0,204.98509289781808,1.180437e-06
10.0,0.0,204.9846635162204,1.154738e-06
10.0,0.0,204.98427829626337,1.206572e-06
10.0,0.0,204.98383463167207,1.060631e-06
10.0,0.0,204.98340094952823,8.533971e-07
10.0,0.0,204.98301214725828,1.136053e-06
10.0,0.0,204.9825729553826,1.146342e-06
10.0,0.0,204.98216441733527,1.108172e-06
10.0,0.0,204.9817619726272,1.079359e-06
10.0,0.0,204.98133107205584,1.205743e-06
10.0,0.0,204.9809231266336,1.20503e-06
10.0,0.0,204.98049605134253,1.119508e-06
10.0,0.0,204.98006995314293,1.134671e-06
10.0,0.0,204.9796531495901,1.216235e-06
10.0,0.0,204.97924721785253,1.154476e-06
10.0,0.0,204.97881452251568,1.148772e-06
10.0,0.0,204.97838384900416,1.097433e-06
10.0,0.0,204.9779504943181,1.112363e-06
10.0,0.0,204.9775445431169,1.184031e-06
10.0,0.0,204.9771277553836,1.209672e-06
10.0,0.0,204.97670592381948,1.059641e-06
10.0,0.0,204.9763050237372,1.132415e-06
10.0,0.0,204.97586684580335,1.228502e-06
10.0,0.0,204.97548139844372,1.18454e-06
10.0,0.0,204.9750397722109,1.165055e-06
10.0,0.0,204.97463430241655,1.268359e-06
10.0,0.0,204.97423460532093,1.068678e-06
10.0,0.0,204.9738041574436,9.173091000000001e-07
10.0,0.0,204.97339597689663,7.962080000000001e-07
10.0,0.0,204.97296408164317,1.030843e-06
10.0,0.0,204.9725403444748,9.818759000000001e-07
10.0,0.0,204.97215983120864,1.1378e-06
10.0,0.0,204.97171678796087,1.131833e-06
10.0,0.0,204.971287605603,1.134176e-06
10.0,0.0,204.97086676946745,1.177672e-06
10.0,0.0,204.9704489872496,1.060558e-06
10.0,0.0,204.97002793613868,9.493524000000001e-07
10.0,0.0,204.96959865064625,1.14835e-06
10.0,0.0,204.96922489222567,1.108056e-06
10.0,0.0,204.96877640967864,9.048817000000001e-07
10.0,0.0,204.9683410659036,1.000939e-06
10.0,0.0,204.96793311818087,1.043707e-06
10.0,0.0,204.9675079853548,8.412026000000001e-07
10.0,0.0,204.96710619460865,1.081615e-06
10.0,0.0,204.9667055025409,1.047127e-06
10.0,0.0,204.9662779173169,1.070337e-06
10.0,0.0,204.965869971872,1.026376e-06
10.0,0.0,204.9654352291085,1.168417e-06
10.0,0.0,204.9650306653828,1.01974e-06
10.0,0.0,204.96461223771084,8.418574000000001e-07
10.0,0.0,204.96419181898372,9.046198e-07
10.0,0.0,204.96378975852764,1.014851e-06
10.0,0.0,204.9633531931312,1.01699e-06
10.0,0.0,204.96292689368113,1.062217e-06
10.0,0.0,204.96252308875975,1.043009e-06
10.0,0.0,204.96210781912689,1.2331e-06
10.0,0.0,204.96167595041464,1.29058e-06
10.0,0.0,204.96129050341185,1.093445e-06
10.0,0.0,204.9608480587352,9.734504000000002e-07
10.0,0.0,204.96041193089377,1.145294e-06
10.0,0.0,204.96002532464527,1.243345e-06
10.0,0.0,204.95958759562856,9.821233000000001e-07
10.0,0.0,204.95917176349352,1.128705e-06
10.0,0.0,204.95872834968705,1.193184e-06
10.0,0.0,204.95834237047387,1.201726e-06
10.0,0.0,204.9579051141897,1.311608e-06
10.0,0.0,204.95745784234825,1.186636e-06
10.0,0.0,204.95707239167905,1.105698e-06
10.0,0.0,204.9566509841196,1.227512e-06
10.0,0.0,204.956233766356,1.144275e-06
10.0,0.0,204.95582559665243,1.183944e-06
10.0,0.0,204.95539492116413,1.17968e-06
10.0,0.0,204.9549881651644,1.132503e-06
10.0,0.0,204.9545740867061,1.224995e-06
10.0,0.0,204.954148122828,1.220542e-06
15.0,0.0,205.577975,2.231257e-05
15.0,0.0,205.577975,-2.251327e-06
15.0,0.0,205.577975,-1.294306e-06
15.0,0.0,205.57792685714028,-6.911287000000001e-07
15.0,0.0,205.57777553894175,-2.3617760000000002e-07
15.0,0.0,205.57758373447945,1.1427620000000001e-07
15.0,0.0,205.57735352410572,3.8766300000000005e-07
15.0,0.0,205.57709684634307,4.856265000000002e-07
15.0,0.0,205.57679878362143,7.643248000000001e-07
15.0,0.0,205.57644961054208,6.202899e-07
15.0,0.0,205.57606443045168,5.993497e-07
15.0,0.0,205.5756413003264,9.135547e-07
15.0,0.0,205.57522599792435,9.639916e-07
15.0,0.0,205.57482712191472,9.485375000000001e-07
15.0,0.0,205.57438723827184,1.106615e-06
15.0,0.0,205.57395647182253,9.559590000000002e-07
15.0,0.0,205.57355575661643,1.061228e-06
15.0,0.0,205.57314966307337,1.167617e-06
15.0,0.0,205.57273251722728,1.21184e-06
15.0,0.0,205.5723242943475,1.197157e-06
15.0,0.0,205.5718933309316,1.138163e-06
15.0,0.0,205.57146268246447,1.240347e-06
15.0,0.0,205.5710447303752,1.260138e-06
15.0,0.0,205.57062409048336,1.193854e-06
15.0,0.0,205.57023904164737,1.253313e-06
15.0,0.0,205.56979163517377,1.289998e-06
15.0,0.0,205.5693550655409,1.256936e-06
15.0,0.0,205.56892201732984,1.181208e-06
15.0,0.0,205.56852790884005,1.211127e-06
15.0,0.0,205.5681109791848,1.165754e-06
15.0,0.0,205.56769590215393,1.255088e-06
15.0,0.0,205.56727067659656,1.255088e-06
15.0,0.0,205.56686280607383,1.251261e-06
15.0,0.0,205.56643183041416,1.196284e-06
15.0,0.0,205.56602860097976,1.205684e-06
15.0,0.0,205.56561902871653,1.268738e-06
15.0,0.0,205.56520572811047,1.236884e-06
15.0,0.0,205.56479935276772,1.218883e-06
15.0,0.0,205.56435786465056,1.355671e-06
15.0,0.0,205.5639589682473,1.344975e-06
15.0,0.0,205.5635352904129,1.401146e-06
15.0,0.0,205.56312170839132,1.418215e-06
15.0,0.0,205.5627113272614,1.420747e-06
15.0,0.0,205.56228289730993,1.375054e-06
15.0,0.0,205.56186248897677,1.42424e-06
15.0,0.0,205.5614542136946,1.365537e-06
15.0,0.0,205.5610088420001,1.345543e-06
15.0,0.0,205.56061756281545,1.215638e-06
15.0,0.0,205.56020583110427,1.385575e-06
15.0,0.0,205.55977860882007,1.382927e-06
15.0,0.0,205.55934812048687,1.346241e-06
15.0,0.0,205.55893993132145,1.417895e-06
15.0,0.0,205.55851643204957,1.395063e-06
15.0,0.0,205.55808824669035,1.459586e-06
15.0,0.0,205.55765763274985,1.456603e-06
15.0,0.0,205.55723915496955,1.429318e-06
15.0,0.0,205.5568311075238,1.441585e-06
15.0,0.0,205.5564004365565,1.356355e-06
15.0,0.0,205.5559939776098,1.282155e-06
15.0,0.0,205.55558078993013,1.065098e-06
15.0,0.0,205.55515327824247,1.106979e-06
15.0,0.0,205.5547679634581,1.048858e-06
15.0,0.0,205.55432344501068,1.082924e-06
15.0,0.0,205.55392480514115,1.194101e-06
15.0,0.0,205.55350101224076,1.138309e-06
15.0,0.0,205.5530906340046,1.223787e-06
15.0,0.0,205.55267325212543,1.234876e-06
15.0,0.0,205.5522520992469,1.262146e-06
15.0,0.0,205.5518343262592,1.308523e-06
15.0,0.0,205.551413504198,1.34531e-06
15.0,0.0,205.5509843461188,1.383203e-06
15.0,0.0,205.5505596716732,1.383334e-06
15.0,0.0,205.5501436333352,1.37405e-06
15.0,0.0,205.5497369333225,1.272943e-06
15.0,0.0,205.5493052184437,1.374341e-06
15.0,0.0,205.54887429605031,1.301742e-06
15.0,0.0,205.54846616316783,1.302047e-06
15.0,0.0,205.54804859621703,1.426641e-06
15.0,0.0,205.5476425249322,1.268432e-06
15.0,0.0,205.54724205216863,1.281805e-06
15.0,0.0,205.5467950393792,1.292137e-06
15.0,0.0,205.5463959659536,1.362438e-06
15.0,0.0,205.54597230415305,1.311797e-06
15.0,0.0,205.54556439873068,1.18067e-06
15.0,0.0,205.54514124291907,1.293898e-06
15.0,0.0,205.54472547254616,1.258799e-06
15.0,0.0,205.54431743927393,1.227541e-06
15.0,0.0,205.54388651364283,1.221444e-06
15.0,0.0,205.54345716898905,1.28441e-06
15.0,0.0,205.54306359507345,1.244262e-06
15.0,0.0,205.5426481798451,1.144101e-06
15.0,0.0,205.5422086304937,1.352208e-06
15.0,0.0,205.54180808011031,1.3307e-06
15.0,0.0,205.54136978530187,1.211403e-06
15.0,0.0,205.540984315202,1.101784e-06
15.0,0.0,205.5405431359718,1.350476e-06
15.0,0.0,205.5401376609436,1.233435e-06
15.0,0.0,205.53973760782685,1.1097e-06
15.0,0.0,205.53930672767623,1.076944e-06
15.0,0.0,205.53886611310597,1.190085e-06
15.0,0.0,205.538422495174,1.182692e-06
15.0,0.0,205.53803725247664,1.143606e-06
15.0,0.0,205.53760789298465,1.086286e-06
15.0,0.0,205.5371922686592,9.980722000000002e-07
15.0,0.0,205.53674674837447,8.865172e-07
15.0,0.0,205.5363595541677,1.061693e-06
15.0,0.0,205.53593265698876,1.024731e-06
15.0,0.0,205.535530884396,9.798387000000001e-07
15.0,0.0,205.5351013057588,9.509677000000001e-07
15.0,0.0,205.5347268841608,1.046385e-06
15.0,0.0,205.53427849247447,1.013395e-06
15.0,0.0,205.53386559310584,9.042269000000001e-07
15.0,0.0,205.53345606332,1.192573e-06
15.0,0.0,205.5330109666293,1.111854e-06
15.0,0.0,205.53260827462,1.103428e-06
15.0,0.0,205.53220750487023,1.166147e-06
15.0,0.0,205.53178019734796,1.124819e-06
15.0,0.0,205.53137214354453,1.043154e-06
15.0,0.0,205.5309380364384,1.177788e-06
15.0,0.0,205.53051409340117,1.15743e-06
15.0,0.0,205.53007532790264,9.329378000000001e-07
15.0,0.0,205.52966632886836,1.084205e-06
15.0,0.0,205.52926342352652,1.078588e-06
15.0,0.0,205.52883256611617,9.6453e-07
15.0,0.0,205.52839430435856,9.490614000000002e-07
15.0,0.0,205.52799330617805,1.071661e-06
15.0,0.0,205.52758163219823,9.682844e-07
15.0,0.0,205.52715445556447,9.926734000000001e-07
15.0,0.0,205.52674868909045,1.068955e-06
15.0,0.0,205.52632486815932,1.000706e-06
15.0,0.0,205.5259262735876,9.764335e-07
15.0,0.0,205.52547770007624,1.122025e-06
15.0,0.0,205.52506229810095,1.01667e-06
15.0,0.0,205.52467469580705,9.489013000000001e-07
15.0,0.0,205.52425297999704,1.180597e-06
15.0,0.0,205.5238222356812,1.118606e-06
15.0,0.0,205.5234143843413,9.262440000000001e-07
15.0,0.0,205.52298544964847,1.028966e-06
15.0,0.0,205.52258531551487,1.090943e-06
15.0,0.0,205.52218249434029,7.783528e-07
15.0,0.0,205.52173810159687,1.013846e-06
15.0,0.0,205.52134096870608,1.065288e-06
15.0,0.0,205.52091534271523,1.01926e-06
15.0,0.0,205.5204672304864,9.512150000000001e-07
15.0,0.0,205.52006783053432,1.129913e-06
15.0,0.0,205.5196630196312,1.056862e-06
15.0,0.0,205.51924377366407,9.497162000000001e-07
15.0,0.0,205.51879695808367,1.120745e-06
15.0,0.0,205.51837289246143,1.103457e-06
15.0,0.0,205.5179325221992,1.037974e-06
15.0,0.0,205.51755027980687,9.938958000000001e-07
15.0,0.0,205.5171156240984,1.2331e-06
15.0,0.0,205.51670292509897,1.172753e-06
15.0,0.0,205.51629718889131,1.010587e-06
15.0,0.0,205.5158662381613,1.092805e-06
15.0,0.0,205.5154580199142,1.217893e-06
15.0,0.0,205.51503872668488,1.110966e-06
15.0,0.0,205.51465117997847,1.074106e-06
15.0,0.0,205.5142337953928,1.029912e-06
15.0,0.0,205.51381741972756,1.092601e-06
15.0,0.0,205.51338711227976,1.030174e-06
15.0,0.0,205.51294158249965,9.578216000000002e-07
15.0,0.0,205.51255616257723,1.12514e-06
15.0,0.0,205.51213101206773,1.150547e-06
15.0,0.0,205.51171545787048,1.005537e-06
15.0,0.0,205.51128643048088,1.113091e-06
15.0,0.0,205.5108784613502,1.220484e-06
15.0,0.0,205.51044481423983,1.159089e-06
15.0,0.0,205.51002089626772,1.086068e-06
15.0,0.0,205.50958281173007,1.086184e-06
15.0,0.0,205.50919537334113,1.14768e-06
15.0,0.0,205.50877015285567,1.111912e-06
15.0,0.0,205.50833943730856,1.063308e-06
15.0,0.0,205.50793128844936,1.073466e-06
15.0,0.0,205.50750615497637,1.161257e-06
15.0,0.0,205.50709103093888,1.01031e-06
15.0,0.0,205.5067032340885,9.63264e-07
15.0,0.0,205.5062565171774,9.958749e-07
15.0,0.0,205.5058455476272,1.065404e-06
15.0,0.0,205.50543355675796,1.033855e-06
15.0,0.0,205.50498551457133,9.284558000000001e-07
15.0,0.0,205.5045981346276,9.549258000000002e-07
15.0,0.0,205.50418264927103,1.007429e-06
15.0,0.0,205.50377759349593,1.000793e-06
15.0,0.0,205.50335176641843,9.530631000000001e-07
15.0,0.0,205.50291538067205,9.963405e-07
15.0,0.0,205.50251258012275,1.003515e-06
15.0,0.0,205.50210580081847,9.888754000000003e-07
15.0,0.0,205.5016741160936,9.833166e-07
15.0,0.0,205.5012699351055,9.945943e-07
15.0,0.0,205.50084636733413,8.979841e-07
15.0,0.0,205.5004047491736,8.245552e-07
15.0,0.0,205.49999888698477,7.050839000000001e-07
15.0,0.0,205.49958637671327,8.012138999999999e-07
15.0,0.0,205.4991708027854,7.686758e-07
15.0,0.0,205.498727408796,7.49671e-07
15.0,0.0,205.49830376598163,8.514180000000001e-07
15.0,0.0,205.4979049736776,8.097122e-07
15.0,0.0,205.49745789616136,6.437331000000001e-07
15.0,0.0,205.49703876381392,6.437913000000001e-07
15.0,0.0,205.49665102255108,6.145128000000001e-07
15.0,0.0,205.49623359837264,4.788599e-07
15.0,0.0,205.49580280768217,3.149471e-07
15.0,0.0,205.4953946325014,3.020396e-07
15.0,0.0,205.49496476988548,3.2212120000000004e-07
15.0,0.0,205.49457373602456,2.9525840000000003e-07
15.0,0.0,205.49415866094816,4.2488680000000003e-07
15.0,0.0,205.49371729702847,8.634524000000001e-07
15.0,0.0,205.49331773643743,7.829804000000001e-07
15.0,0.0,205.49288655508943,5.167240000000001e-07
15.0,0.0,205.49249499893472,6.203918e-07
15.0,0.0,205.49205364941048,6.590853e-07
15.0,0.0,205.49164681875368,6.957125000000001e-07
15.0,0.0,205.49122281977472,4.6708740000000003e-07
15.0,0.0,205.49081521016552,4.7645880000000006e-07
15.0,0.0,205.49037551150496,5.564070000000001e-07
15.0,0.0,205.48995192230976,3.8013970000000004e-07
15.0,0.0,205.48954598164343,4.470785e-07
15.0,0.0,205.48911842967527,5.162437000000002e-07
15.0,0.0,205.4887030210735,4.6321660000000004e-07
15.0,0.0,205.48827647828188,3.853638e-07
15.0,0.0,205.48786825767607,4.5714840000000006e-07
15.0,0.0,205.4874339963673,4.6213970000000006e-07
15.0,0.0,205.4870298403168,3.8163850000000003e-07
15.0,0.0,205.48662687006657,3.442692e-07
15.0,0.0,205.48619119390943,4.3274490000000004e-07
15.0,0.0,205.48578925120216,4.177273e-07
15.0,0.0,205.4853653832588,3.381429e-07
15.0,0.0,205.4849663850817,3.080931e-07
15.0,0.0,205.4845222471255,3.335008e-07
15.0,0.0,205.4841281864529,4.4021000000000005e-07
15.0,0.0,205.48371899255304,3.8970030000000003e-07
15.0,0.0,205.48328958598216,4.124595e-07
15.0,0.0,205.48286850143091,5.917682e-07
15.0,0.0,205.48245075810888,7.345951999999999e-07
15.0,0.0,205.48203024537744,6.888877e-07
15.0,0.0,205.48164256116647,4.914618e-07
15.0,0.0,205.4812018062244,6.090559e-07
15.0,0.0,205.48077818913995,7.371709e-07
15.0,0.0,205.48037937651665,6.972987e-07
15.0,0.0,205.47993468923545,6.118644000000001e-07
15.0,0.0,205.47951035593167,5.738548000000001e-07
15.0,0.0,205.47909475371057,8.357165e-07
15.0,0.0,205.47866475511557,7.981871e-07
15.0,0.0,205.4782597624711,6.805931000000001e-07
15.0,0.0,205.47783617482,5.461770000000001e-07
15.0,0.0,205.47739527860944,7.638446000000001e-07
15.0,0.0,205.47698814441145,9.413634000000001e-07
15.0,0.0,205.4765738843288,8.986535e-07
15.0,0.0,205.47616510329863,6.612827000000001e-07
15.0,0.0,205.4757624917561,5.131733e-07
15.0,0.0,205.47531724610343,4.3594630000000006e-07
15.0,0.0,205.4749234589158,3.147288e-07
15.0,0.0,205.47449678573224,3.1729e-07
15.0,0.0,205.4741089641637,3.1614040000000005e-07
15.0,0.0,205.4736659195676,3.153109e-07
15.0,0.0,205.4732460999104,2.8732760000000005e-07
15.0,0.0,205.47284913652612,2.945599e-07
15.0,0.0,205.4724071019627,3.3291870000000004e-07
15.0,0.0,205.47200128153156,3.446912e-07
15.0,0.0,205.47158893575275,2.9224610000000003e-07
15.0,0.0,205.4711736691399,2.509769e-07
15.0,0.0,205.4707299338085,3.042369e-07
15.0,0.0,205.47030605990125,3.1126550000000004e-07
15.0,0.0,205.46990676893813,2.892339e-07
15.0,0.0,205.46945932244176,2.7408530000000004e-07
15.0,0.0,205.46904042984576,3.477617e-07
15.0,0.0,205.46863506724137,6.149930000000001e-07
15.0,0.0,205.46823545630673,5.87359e-07
15.0,0.0,205.46778788381536,4.4261110000000004e-07
15.0,0.0,205.46739694702384,3.6717390000000004e-07
15.0,0.0,205.46696542964648,5.279289000000001e-07
15.0,0.0,205.46655841658293,7.904891e-07
15.0,0.0,205.46614273842087,8.39369e-07
15.0,0.0,205.46571958701804,5.512702e-07
15.0,0.0,205.46532003410863,4.786707000000001e-07
15.0,0.0,205.46488090427167,5.427137e-07
15.0,0.0,205.46449558499728,8.953066e-07
15.0,0.0,205.46405692293985,9.484793000000001e-07
15.0,0.0,205.46365006321807,8.56613e-07
15.0,0.0,205.46324881928172,6.132468000000001e-07
15.0,0.0,205.4628177750442,8.360803e-07
15.0,0.0,205.46237818423012,9.423093e-07
15.0,0.0,205.46197874250865,1.077424e-06
15.0,0.0,205.4615549755752,8.611240999999999e-07
15.0,0.0,205.4611397153948,6.204646e-07
15.0,0.0,205.46073238863917,9.793584000000002e-07
15.0,0.0,205.4603011095024,1.186927e-06
15.0,0.0,205.45987032573447,1.150547e-06
15.0,0.0,205.459462127869,9.500654000000001e-07
15.0,0.0,205.45904413665565,5.352922000000001e-07
15.0,0.0,205.45862861536176,9.966898000000002e-07
15.0,0.0,205.45818576328827,1.060398e-06
15.0,0.0,205.4577619944997,5.752372000000001e-07
15.0,0.0,205.4573434203521,3.853638e-07
15.0,0.0,205.45692332721228,3.0548840000000004e-07
15.0,0.0,205.45649640578063,5.507027e-07
15.0,0.0,205.4561090290848,6.370392e-07
15.0,0.0,205.45569356844803,7.646595000000001e-07
15.0,0.0,205.45528539069,7.715425e-07
15.0,0.0,205.45485975307767,6.786431e-07
15.0,0.0,205.4544515576262,9.686191000000002e-07
15.0,0.0,205.4540307122517,1.023334e-06
15.0,0.0,205.45360127192671,1.070715e-06
15.0,0.0,205.453227275293,1.035587e-06
15.0,0.0,205.45277899285824,9.634387000000002e-07
15.0,0.0,205.45234351967173,1.185224e-06
15.0,0.0,205.45195645768248,1.237815e-06
15.0,0.0,205.45151154377993,1.181965e-06
15.0,0.0,205.45109644090968,1.149703e-06
15.0,0.0,205.4506856552496,1.035209e-06
15.0,0.0,205.45028098913764,1.282009e-06
15.0,0.0,205.44983781836683,1.209788e-06
15.0,0.0,205.44941417555248,1.240463e-06
15.0,0.0,205.44896713115108,1.047883e-06
15.0,0.0,205.44857677328704,8.188071999999999e-07
15.0,0.0,205.44816119792253,6.697665000000001e-07
15.0,0.0,205.44776140478956,4.5653720000000004e-07
15.0,0.0,205.44733394793832,1.638837e-07
15.0,0.0,205.44690887465117,1.5746630000000002e-07
15.0,0.0,205.446499480134,9.794894e-08
15.0,0.0,205.44607304138597,4.656613e-08
15.0,0.0,205.4456741486252,6.874616e-07
15.0,0.0,205.445250103642,4.362519e-07
15.0,0.0,205.44483034528625,7.100316e-07
15.0,0.0,205.4444089748195,1.519496e-06
15.0,0.0,205.44397872192727,1.34646e-06
15.0,0.0,205.44359134552633,1.297696e-06
15.0,0.0,205.44317610677103,1.497494e-06
15.0,0.0,205.44273237781417,1.592372e-06
15.0,0.0,205.4423463961712,1.473789e-06
15.0,0.0,205.4419098176241,1.372493e-06
15.0,0.0,205.44146356193767,1.406937e-06
15.0,0.0,205.44107214685525,1.498745e-06
15.0,0.0,205.4406566337049,1.533044e-06
15.0,0.0,205.44023832050087,1.603272e-06
15.0,0.0,205.4398301172137,1.422173e-06
15.0,0.0,205.43939930692537,1.477223e-06
15.0,0.0,205.4389677735948,1.514534e-06
15.0,0.0,205.43852389469887,1.684675e-06
15.0,0.0,205.43812543274765,1.72446e-06
15.0,0.0,205.43773348916744,1.493565e-06
15.0,0.0,205.43728539904464,1.732493e-06
15.0,0.0,205.43685971234763,1.715176e-06
15.0,0.0,205.43646303473167,1.77999e-06
15.0,0.0,205.43601866338463,1.636552e-06
15.0,0.0,205.43563100550313,1.629e-06
15.0,0.0,205.43521579145775,1.720793e-06
15.0,0.0,205.43480224544365,1.685708e-06
15.0,0.0,205.43437831953764,1.564069e-06
15.0,0.0,205.43394969446007,1.632099e-06
15.0,0.0,205.43355341116663,1.548106e-06
15.0,0.0,205.43313780777564,1.604247e-06
15.0,0.0,205.43270004980417,1.600798e-06
15.0,0.0,205.43231467066528,1.597422e-06
15.0,0.0,205.431874571687,1.635548e-06
15.0,0.0,205.43145067691373,1.353925e-06
15.0,0.0,205.4310448049735,1.670036e-06
15.0,0.0,205.43061702408633,1.689375e-06
15.0,0.0,205.43020194900987,1.62475e-06
15.0,0.0,205.4297754647016,1.533059e-06
15.0,0.0,205.42936733814372,1.257402e-06
15.0,0.0,205.42893262531928,1.582375e-06
15.0,0.0,205.42850865731853,1.639535e-06
15.0,0.0,205.42809749059148,1.560984e-06
15.0,0.0,205.42768617813536,1.503227e-06
15.0,0.0,205.427262610364,1.403256e-06
15.0,0.0,205.42686391215344,1.593929e-06
15.0,0.0,205.4264205224744,1.604101e-06
15.0,0.0,205.42601653740417,1.573004e-06
15.0,0.0,205.42560579425384,1.503242e-06
15.0,0.0,205.42519384791257,1.426306e-06
15.0,0.0,205.42478836911383,1.430657e-06
15.0,0.0,205.42435751032923,1.394976e-06
15.0,0.0,205.423930848684,1.374283e-06
15.0,0.0,205.4235283899257,1.200198e-06
15.0,0.0,205.4230990917292,1.403794e-06
15.0,0.0,205.42267974088145,1.295208e-06
15.0,0.0,205.42227630222595,1.371707e-06
15.0,0.0,205.4218408502091,1.259468e-06
15.0,0.0,205.4214537682741,1.342283e-06
15.0,0.0,205.42100802745847,1.419583e-06
15.0,0.0,205.42059245209404,1.396358e-06
15.0,0.0,205.42018218945813,1.367691e-06
15.0,0.0,205.41977797450556,1.378954e-06
15.0,0.0,205.4193344345209,1.391571e-06
15.0,0.0,205.4189106666348,1.406355e-06
15.0,0.0,205.4184629752932,1.348497e-06
15.0,0.0,205.41804455941303,1.225271e-06
15.0,0.0,205.41765656984992,1.357388e-06
15.0,0.0,205.41723815455487,1.429449e-06
15.0,0.0,205.41679080161663,1.433305e-06
15.0,0.0,205.41639955786977,1.297129e-06
15.0,0.0,205.41596930534223,1.3596e-06
15.0,0.0,205.415580027129,1.297667e-06
15.0,0.0,205.41514561215732,1.343171e-06
15.0,0.0,205.41476420030247,1.301509e-06
15.0,0.0,205.4143230710177,1.271605e-06
15.0,0.0,205.41389125420608,1.342574e-06
15.0,0.0,205.41350059183452,1.378852e-06
15.0,0.0,205.41306022053743,1.298613e-06
15.0,0.0,205.41265313110543,1.308625e-06
15.0,0.0,205.41225171706031,1.327746e-06
15.0,0.0,205.41182092787076,1.286302e-06
15.0,0.0,205.41138192750455,1.231791e-06
15.0,0.0,205.41098219622413,1.334716e-06
15.0,0.0,205.41056838038983,1.335196e-06
15.0,0.0,205.41012516414617,1.249282e-06
15.0,0.0,205.4097095411547,1.233886e-06
15.0,0.0,205.4092975369022,1.112436e-06
15.0,0.0,205.4088734558208,1.133041e-06
15.0,0.0,205.40843968932447,1.122826e-06
15.0,0.0,205.40803510679643,1.108725e-06
15.0,0.0,205.4076171731992,9.895157e-07
15.0,0.0,205.4071962555028,9.436772e-07
15.0,0.0,205.40679466900164,1.24384e-06
15.0,0.0,205.40635761180408,1.132896e-06
15.0,0.0,205.405949615725,1.16865e-06
15.0,0.0,205.4055287657816,1.19218e-06
15.0,0.0,205.40512444796772,1.169945e-06
15.0,0.0,205.4047258234592,1.128341e-06
15.0,0.0,205.40427713384807,1.175882e-06
15.0,0.0,205.40388674544312,1.342967e-06
15.0,0.0,205.40345395177607,1.34563e-06
15.0,0.0,205.4030300134412,1.252745e-06
15.0,0.0,205.40264844199072,1.250402e-06
15.0,0.0,205.40220527604208,1.393521e-06
15.0,0.0,205.40179471330248,1.413951e-06
15.0,0.0,205.40138491938777,1.341992e-06
15.0,0.0,205.40093947805548,1.344742e-06
15.0,0.0,205.40053700840056,1.241497e-06
15.0,0.0,205.4001285135284,1.391629e-06
15.0,0.0,205.39971324796457,1.267108e-06
15.0,0.0,205.399265454599,1.205626e-06
15.0,0.0,205.3988415398107,1.352062e-06
15.0,0.0,205.3984003630528,1.306631e-06
15.0,0.0,205.39799433200503,1.444321e-06
15.0,0.0,205.397580842484,1.317807e-06
15.0,0.0,205.39717139659993,1.327295e-06
15.0,0.0,205.3967682537985,1.3846e-06
15.0,0.0,205.39632356065573,1.465014e-06
15.0,0.0,205.39592901660063,1.252076e-06
15.0,0.0,205.39550294449427,1.242821e-06
15.0,0.0,205.395089802143,1.249515e-06
15.0,0.0,205.39467749569465,1.377615e-06
15.0,0.0,205.39425360273688,1.361142e-06
15.0,0.0,205.3938550546124,1.330147e-06
15.0,0.0,205.3934310876592,1.266337e-06
15.0,0.0,205.3929830267276,1.286142e-06
15.0,0.0,205.39259520208336,1.344728e-06
15.0,0.0,205.3921797656878,1.325476e-06
15.0,0.0,205.39175728733653,1.297376e-06
15.0,0.0,205.3913494352964,1.278022e-06
15.0,0.0,205.3909184641848,1.278473e-06
15.0,0.0,205.39049080367477,1.099761e-06
15.0,0.0,205.3900475038808,1.292981e-06
15.0,0.0,205.3896491882258,1.28703e-06
15.0,0.0,205.3892430146782,1.281864e-06
15.0,0.0,205.38881052495603,1.277833e-06
15.0,0.0,205.38838761207484,1.252905e-06
15.0,0.0,205.3879713558999,1.19675e-06
15.0,0.0,205.38755507986303,1.23799e-06
15.0,0.0,205.38713245988487,1.287932e-06
15.0,0.0,205.38674719444728,1.281194e-06
15.0,0.0,205.38630084973167,1.294364e-06
15.0,0.0,205.3859022576165,1.242603e-06
15.0,0.0,205.38547856054487,1.194043e-06
15.0,0.0,205.38507015604577,1.036169e-06
15.0,0.0,205.38464841893557,1.319364e-06
15.0,0.0,205.38423137571667,1.278459e-06
15.0,0.0,205.38382337922533,1.236491e-06
15.0,0.0,205.38339279798623,1.217311e-06
15.0,0.0,205.38296336240603,1.24803e-06
15.0,0.0,205.38257193639888,1.161519e-06
15.0,0.0,205.38215661780495,1.343782e-06
15.0,0.0,205.38171532937372,1.252221e-06
15.0,0.0,205.38132985406193,1.316861e-06
15.0,0.0,205.38089152319847,1.419263e-06
15.0,0.0,205.3804912817532,1.381719e-06
15.0,0.0,205.3800519908384,1.374661e-06
15.0,0.0,205.37963667394,1.400462e-06
15.0,0.0,205.3792214515726,1.354958e-06
15.0,0.0,205.37877288785532,1.368302e-06
15.0,0.0,205.3783488197972,1.424851e-06
15.0,0.0,205.37795010313016,1.475972e-06
15.0,0.0,205.3775044057328,1.453067e-06
15.0,0.0,205.377113992923,1.387118e-06
15.0,0.0,205.37670222810516,1.408174e-06
15.0,0.0,205.37627535130153,1.416847e-06
15.0,0.0,205.37586717726825,1.405424e-06
15.0,0.0,205.37543666013033,1.244436e-06
15.0,0.0,205.37503403325417,1.350694e-06
15.0,0.0,205.37462524122904,1.328212e-06
15.0,0.0,205.37420966586453,1.334658e-06
15.0,0.0,205.37379767564948,1.413413e-06
15.0,0.0,205.37337342141407,1.382446e-06
15.0,0.0,205.37294551719953,1.408349e-06
15.0,0.0,205.3725483093952,1.401262e-06
15.0,0.0,205.37210487876183,1.383756e-06
15.0,0.0,205.37169579319607,1.399923e-06
15.0,0.0,205.3712942387368,1.375796e-06
15.0,0.0,205.37085691761484,1.321663e-06
15.0,0.0,205.37042613128617,1.32015e-06
15.0,0.0,205.36999991826988,1.379274e-06
15.0,0.0,205.36961259689312,1.37648e-06
15.0,0.0,205.3691751663654,1.399414e-06
15.0,0.0,205.36875134845067,1.366803e-06
15.0,0.0,205.368331486826,1.364038e-06
15.0,0.0,205.3679101533737,1.371445e-06
15.0,0.0,205.36748058417257,1.263717e-06
15.0,0.0,205.3670812058901,1.340741e-06
15.0,0.0,205.36667712857636,1.308857e-06
15.0,0.0,205.366255066211,1.244232e-06
15.0,0.0,205.36584718405933,1.208362e-06
15.0,0.0,205.36541664639688,1.133667e-06
15.0,0.0,205.3650122192122,1.213848e-06
15.0,0.0,205.3646011695249,1.240493e-06
15.0,0.0,205.36417040051407,1.260254e-06
15.0,0.0,205.36378531699853,1.276479e-06
15.0,0.0,205.36334275230533,1.17466e-06
15.0,0.0,205.3629072343043,1.1714e-06
15.0,0.0,205.36251966890345,1.141074e-06
15.0,0.0,205.3620816130773,1.336724e-06
15.0,0.0,205.3616721104443,1.286258e-06
15.0,0.0,205.36126917544064,1.296256e-06
15.0,0.0,205.36083852173456,1.131528e-06
15.0,0.0,205.3604009556104,1.168926e-06
15.0,0.0,205.35999942097823,1.193388e-06
15.0,0.0,205.35958952637657,1.073015e-06
15.0,0.0,205.35914642567772,1.365173e-06
15.0,0.0,205.3587298267604,1.262713e-06
15.0,0.0,205.35829915498087,1.05807e-06
15.0,0.0,205.3578774203878,1.001245e-06
15.0,0.0,205.35746073834977,1.071123e-06
15.0,0.0,205.3570421618105,1.079083e-06
15.0,0.0,205.35665469670528,1.052904e-06
15.0,0.0,205.35621384874327,1.041219e-06
15.0,0.0,205.35581414140165,1.149703e-06
15.0,0.0,205.35539027942207,1.179142e-06
15.0,0.0,205.35494717538836,1.085151e-06
15.0,0.0,205.35455057002676,1.224718e-06
15.0,0.0,205.35413550157688,1.144363e-06
15.0,0.0,205.3537423828004,1.189008e-06
15.0,0.0,205.35331308293863,1.190303e-06
15.0,0.0,205.35289006439535,1.25145e-06
15.0,0.0,205.3524741868446,1.274107e-06
15.0,0.0,205.35205870871195,1.234803e-06
15.0,0.0,205.35163536439305,1.203807e-06
15.0,0.0,205.35122758330016,1.159657e-06
15.0,0.0,205.35080403457923,1.253356e-06
15.0,0.0,205.35036610811417,1.302411e-06
15.0,0.0,205.3499354356861,1.31705e-06
15.0,0.0,205.34953246172725,1.230292e-06
15.0,0.0,205.34912349351856,1.291744e-06
15.0,0.0,205.34870797374168,1.317996e-06
15.0,0.0,205.34826098296864,1.329667e-06
15.0,0.0,205.3478623157364,1.326145e-06
15.0,0.0,205.34743870303427,1.30132e-06
15.0,0.0,205.3470341910524,1.267559e-06
15.0,0.0,205.34660398603208,1.282184e-06
15.0,0.0,205.34619499519695,1.2987e-06
15.0,0.0,205.3457929565405,1.241759e-06
15.0,0.0,205.34535574068053,1.418099e-06
15.0,0.0,205.3449477019968,1.322143e-06
15.0,0.0,205.3445262773315,1.418535e-06
15.0,0.0,205.34412228686963,1.40231e-06
15.0,0.0,205.3437230493529,1.389199e-06
15.0,0.0,205.3432927740159,1.440276e-06
15.0,0.0,205.3428714058552,1.461158e-06
15.0,0.0,205.34245201580703,1.378037e-06
15.0,0.0,205.34202805250456,1.409106e-06
15.0,0.0,205.34161527983068,1.270513e-06
15.0,0.0,205.34120304820485,1.357112e-06
15.0,0.0,205.3407762005455,1.482549e-06
15.0,0.0,205.34035642564095,1.406661e-06
15.0,0.0,205.33993785452893,1.449691e-06
15.0,0.0,205.3395139966028,1.492735e-06
15.0,0.0,205.33909884477157,1.449429e-06
15.0,0.0,205.33865535192407,1.512832e-06
15.0,0.0,205.33823726662047,1.483495e-06
15.0,0.0,205.33782907391068,1.468623e-06
15.0,0.0,205.33739842116267,1.513399e-06
15.0,0.0,205.33699197079224,1.575769e-06
15.0,0.0,205.33657836450263,1.637745e-06
15.0,0.0,205.33615173652777,1.558641e-06
15.0,0.0,205.33576626642787,1.555338e-06
15.0,0.0,205.33532137454327,1.587483e-06
15.0,0.0,205.3349223618184,1.526801e-06
15.0,0.0,205.3344987947351,1.447916e-06
15.0,0.0,205.3340884287593,1.582201e-06
15.0,0.0,205.3336705613206,1.497203e-06
15.0,0.0,205.33324992467132,1.50835e-06
15.0,0.0,205.33285342171564,1.448177e-06
15.0,0.0,205.33241084665525,1.550405e-06
15.0,0.0,205.33198132034565,1.643188e-06
15.0,0.0,205.3315938292268,1.717068e-06
15.0,0.0,205.3311782816561,1.761902e-06
15.0,0.0,205.33073421587784,1.704859e-06
15.0,0.0,205.33031021915167,1.847409e-06
15.0,0.0,205.329880186633,1.835491e-06
15.0,0.0,205.3294633921756,1.798253e-06
15.0,0.0,205.3290452713388,1.9e-06
15.0,0.0,205.32863000170596,1.845503e-06
15.0,0.0,205.3282381281444,1.847249e-06
15.0,0.0,205.32780887687025,1.844252e-06
15.0,0.0,205.32738585285728,1.798122e-06
15.0,0.0,205.3269692807281,1.754175e-06
15.0,0.0,205.3265455421374,1.779583e-06
15.0,0.0,205.32614679558097,1.75969e-06
15.0,0.0,205.3257231142757,1.776294e-06
15.0,0.0,205.32530776169048,1.850407e-06
15.0,0.0,205.3249003233827,1.837456e-06
15.0,0.0,205.3244534811902,1.709705e-06
15.0,0.0,205.324052581532,1.836233e-06
15.0,0.0,205.32364566098653,1.881199e-06
15.0,0.0,205.32322895628116,1.833905e-06
15.0,0.0,205.3228210085585,1.862107e-06
15.0,0.0,205.32239033307016,1.892491e-06
15.0,0.0,205.32195787316013,1.805427e-06
15.0,0.0,205.32155148621965,1.856359e-06
15.0,0.0,205.3211353901508,1.888082e-06
15.0,0.0,205.32071286466743,1.831315e-06
15.0,0.0,205.32031315511236,1.917477e-06
15.0,0.0,205.31987446343737,1.767228e-06
15.0,0.0,205.31944402077332,1.662149e-06
15.0,0.0,205.3190215887476,1.883789e-06
15.0,0.0,205.31859318688996,1.817636e-06
15.0,0.0,205.31817449576684,1.878871e-06
15.0,0.0,205.31777070283317,1.885113e-06
15.0,0.0,205.31733564405803,1.824868e-06
15.0,0.0,205.3169479670973,1.883047e-06
15.0,0.0,205.3165019211249,1.883556e-06
15.0,0.0,205.31609998936833,1.775043e-06
15.0,0.0,205.31569804790757,1.912544e-06
15.0,0.0,205.31527227246528,1.91883e-06
15.0,0.0,205.3148597649336,1.929802e-06
15.0,0.0,205.3144234897053,1.902794e-06
15.0,0.0,205.31403804234563,1.809269e-06
15.0,0.0,205.31360873266888,1.709035e-06
15.0,0.0,205.3131963607004,1.712746e-06
15.0,0.0,205.3127910205968,1.657943e-06
15.0,0.0,205.31236057394287,1.715773e-06
15.0,0.0,205.3119253881925,1.689899e-06
15.0,0.0,205.31152195073193,1.729655e-06
15.0,0.0,205.31111739280936,1.672888e-06
15.0,0.0,205.3106741112373,1.726992e-06
15.0,0.0,205.310252444271,1.641296e-06
15.0,0.0,205.30982152716095,1.584078e-06
15.0,0.0,205.3094135794383,1.512206e-06
15.0,0.0,205.30898410455427,1.492794e-06
15.0,0.0,205.30856827657337,1.539709e-06
15.0,0.0,205.30818050998917,1.538181e-06
15.0,0.0,205.30773644894944,1.438428e-06
15.0,0.0,205.3073124766336,1.524284e-06
15.0,0.0,205.30691373498357,1.543769e-06
15.0,0.0,205.30646589730432,1.475608e-06
15.0,0.0,205.3060804499447,1.425695e-06
15.0,0.0,205.30566083744063,1.376029e-06
15.0,0.0,205.305242059558,1.435066e-06
15.0,0.0,205.30483396644703,1.455905e-06
15.0,0.0,205.3044034363471,1.465771e-06
15.0,0.0,205.30399778767907,1.37843e-06
15.0,0.0,205.30358505007763,1.38169e-06
15.0,0.0,205.3031568639358,1.414533e-06
15.0,0.0,205.3027716400347,1.297463e-06
15.0,0.0,205.30232719329473,1.276654e-06
15.0,0.0,205.30189443606224,1.21702e-06
15.0,0.0,205.30150408619463,1.222113e-06
15.0,0.0,205.30106371482808,1.217923e-06
15.0,0.0,205.30065609489444,1.264794e-06
15.0,0.0,205.30025418400555,1.232213e-06
15.0,0.0,205.29982305913384,1.198117e-06
15.0,0.0,205.2993843719564,1.145978e-06
15.0,0.0,205.2989423983412,1.165681e-06
15.0,0.0,205.2985621348741,1.095919e-06
15.0,0.0,205.298128770946,1.190521e-06
15.0,0.0,205.29771350131313,1.214532e-06
15.0,0.0,205.29728492066275,1.217093e-06
15.0,0.0,205.2968767447061,1.225184e-06
15.0,0.0,205.29644292230728,1.262713e-06
15.0,0.0,205.29603789485944,1.240332e-06
15.0,0.0,205.2956366038996,1.254812e-06
15.0,0.0,205.29519904560996,1.230728e-06
15.0,0.0,205.29479771206297,1.11814e-06
15.0,0.0,205.29437371481856,1.158536e-06
15.0,0.0,205.29397472239984,1.11702e-06
15.0,0.0,205.293531087532,1.153472e-06
15.0,0.0,205.29312649219017,1.087785e-06
15.0,0.0,205.29272772195705,1.214023e-06
15.0,0.0,205.2922968190072,1.185806e-06
15.0,0.0,205.2918752170563,1.106629e-06
15.0,0.0,205.29145842862047,1.199762e-06
15.0,0.0,205.29103975429905,1.156863e-06
15.0,0.0,205.29060953859727,1.081862e-06
15.0,0.0,205.2901814365192,1.161752e-06
15.0,0.0,205.2897769171596,1.03355e-06
15.0,0.0,205.28935096420545,1.022694e-06
15.0,0.0,205.28892051885143,1.140725e-06
15.0,0.0,205.28851632833127,1.169159e-06
15.0,0.0,205.28810592216817,1.171138e-06
15.0,0.0,205.28769038122405,1.138236e-06
15.0,0.0,205.28728321255247,1.0925e-06
15.0,0.0,205.28684585715405,1.173685e-06
15.0,0.0,205.28642669477648,1.148292e-06
15.0,0.0,205.28602262157685,1.121327e-06
15.0,0.0,205.28558486485647,1.24691e-06
15.0,0.0,205.28519737373765,1.063308e-06
15.0,0.0,205.28477172572343,1.092558e-06
15.0,0.0,205.28435241988151,1.12642e-06
15.0,0.0,205.28393309810411,1.214692e-06
15.0,0.0,205.2835082444996,1.260691e-06
15.0,0.0,205.28309425291232,1.238266e-06
15.0,0.0,205.28270576256688,1.208609e-06
15.0,0.0,205.28225868758437,1.138033e-06
15.0,0.0,205.28185970032584,1.166234e-06
15.0,0.0,205.28143620759752,1.17642e-06
15.0,0.0,205.28098857113156,1.103996e-06
15.0,0.0,205.28060080870145,1.174936e-06
15.0,0.0,205.28018553244203,1.25503e-06
15.0,0.0,205.27976157822383,1.190943e-06
15.0,0.0,205.27931574603437,1.23393e-06
15.0,0.0,205.27892227822687,1.206048e-06
15.0,0.0,205.27849501439607,1.250155e-06
15.0,0.0,205.27805168575,1.346736e-06
15.0,0.0,205.2776366966162,1.376553e-06
15.0,0.0,205.27722178429352,1.24755e-06
15.0,0.0,205.27681390151156,1.155233e-06
15.0,0.0,205.27638323144495,1.245528e-06
15.0,0.0,205.27597505598928,1.218228e-06
15.0,0.0,205.27555951463836,1.298089e-06
15.0,0.0,205.27517203014605,1.210225e-06
15.0,0.0,205.27472858378968,1.17204e-06
15.0,0.0,205.2743430351646,1.070846e-06
15.0,0.0,205.27390609432248,1.164706e-06
15.0,0.0,205.27346008758525,1.195396e-06
15.0,0.0,205.27306762552973,1.004722e-06
15.0,0.0,205.27265180470764,1.137465e-06
15.0,0.0,205.272234211728,9.580835e-07
15.0,0.0,205.2718260313808,7.721827999999999e-07
15.0,0.0,205.2713955832951,6.908667e-07
15.0,0.0,205.2709639045273,6.122573000000001e-07
15.0,0.0,205.27055673810327,7.965427000000001e-07
15.0,0.0,205.27013185446077,8.080387e-07
15.0,0.0,205.26971630049405,8.468051e-07
15.0,0.0,205.26928743940405,8.298520999999999e-07
15.0,0.0,205.2688792642788,9.114010000000002e-07
15.0,0.0,205.26844859421223,7.073540000000001e-07
15.0,0.0,205.26802745647095,6.926130000000001e-07
15.0,0.0,205.2676399587256,8.256466e-07
15.0,0.0,205.26719663339273,8.432689000000001e-07
15.0,0.0,205.2667881144084,9.756477e-07
15.0,0.0,205.26636294526247,8.524365999999999e-07
15.0,0.0,205.26597749253523,6.749324000000001e-07
15.0,0.0,205.265534999824,6.369373000000001e-07
15.0,0.0,205.26511945728947,7.253693000000001e-07
15.0,0.0,205.2647298076894,9.863143000000002e-07
15.0,0.0,205.26429911446812,7.982744e-07
15.0,0.0,205.2638577857913,7.474882e-07
15.0,0.0,205.26346026385465,8.178904e-07
15.0,0.0,205.263041719436,8.808129000000001e-07
15.0,0.0,205.2625986746374,5.907641e-07
15.0,0.0,205.26221256815,5.829934000000001e-07
15.0,0.0,205.26178857068757,9.629002e-07
15.0,0.0,205.2613521199636,8.637580000000001e-07
15.0,0.0,205.26094439964348,8.569477e-07
15.0,0.0,205.26052205181327,8.518109000000001e-07
15.0,0.0,205.26010650738337,9.518262000000001e-07
15.0,0.0,205.25971901312377,8.603529000000001e-07
15.0,0.0,205.25928942618205,8.364732e-07
15.0,0.0,205.2588473786737,7.784547e-07
15.0,0.0,205.2584053528616,7.921916999999999e-07
15.0,0.0,205.25797467737328,1.099106e-06
15.0,0.0,205.2575756491283,8.616626000000001e-07
15.0,0.0,205.2571712890492,7.99424e-07
15.0,0.0,205.25674992459497,9.53587e-07
15.0,0.0,205.2563422042749,8.533971e-07
15.0,0.0,205.25591130000257,8.469069e-07
15.0,0.0,205.25550618835115,7.36065e-07
15.0,0.0,205.25509438500916,6.835762000000001e-07
15.0,0.0,205.25466450435985,8.609494999999999e-07
15.0,0.0,205.25425946675347,1.157241e-06
15.0,0.0,205.2538354737384,1.103675e-06
15.0,0.0,205.25343697564253,1.203298e-06
15.0,0.0,205.25298943076123,8.752686e-07
15.0,0.0,205.25260135988287,9.198120000000001e-07
15.0,0.0,205.2521863924542,7.510388999999999e-07
15.0,0.0,205.2517627412752,8.490024e-07
15.0,0.0,205.25131751902475,8.773059e-07
15.0,0.0,205.2509238860584,1.074441e-06
15.0,0.0,205.25049697953293,1.116496e-06
15.0,0.0,205.25007079079728,1.115346e-06
15.0,0.0,205.24963839044187,9.086652000000001e-07
15.0,0.0,205.2492442113236,9.561190000000001e-07
15.0,0.0,205.24881505800656,6.785413e-07
15.0,0.0,205.24837532270237,7.676426e-07
15.0,0.0,205.24797620934612,8.84058e-07
15.0,0.0,205.24756149073576,6.891933000000002e-07
15.0,0.0,205.2471378170688,7.365306000000001e-07
15.0,0.0,205.24673010226485,8.294300999999999e-07
15.0,0.0,205.24630635939312,1.000488e-06
15.0,0.0,205.2459076187252,9.830255000000001e-07
15.0,0.0,205.2454601174097,9.525829000000001e-07
15.0,0.0,205.24505988123093,7.27232e-07
15.0,0.0,205.24465404972247,7.998023999999999e-07
15.0,0.0,205.24423604716185,6.501068e-07
15.0,0.0,205.24381950764845,3.7044810000000003e-07
15.0,0.0,205.24339719486096,7.737252999999999e-07
15.0,0.0,205.24296681074847,1.187407e-06
15.0,0.0,205.24257658980676,9.174837000000001e-07
15.0,0.0,205.2421421894008,1.127031e-06
15.0,0.0,205.24171904593783,1.185457e-06
15.0,0.0,205.24131970453743,9.45467e-07
15.0,0.0,205.2408804173052,6.402406e-07
15.0,0.0,205.2404495198361,7.451017000000001e-07
15.0,0.0,205.24004797934012,9.268551e-07
15.0,0.0,205.23964082096904,5.907932e-07
15.0,0.0,205.2392254492752,6.722112000000001e-07
15.0,0.0,205.23877734036816,9.569630000000001e-07
15.0,0.0,205.23834159792588,1.055058e-06
15.0,0.0,205.23795476634731,9.869254e-07
15.0,0.0,205.23750892017176,7.517664999999999e-07
15.0,0.0,205.23709392847667,8.618372000000001e-07
15.0,0.0,205.23670643686583,9.812793000000001e-07
15.0,0.0,205.2362789083969,9.857758e-07
15.0,0.0,205.23585858966263,1.068256e-06
15.0,0.0,205.23543983078724,9.363139000000001e-07
15.0,0.0,205.23501647298892,1.036766e-06
15.0,0.0,205.23462869950433,1.338092e-06
15.0,0.0,205.23421343017813,1.254622e-06
15.0,0.0,205.2337655942688,1.059307e-06
15.0,0.0,205.23336720228048,9.550859e-07
15.0,0.0,205.2329431081533,1.241395e-06
15.0,0.0,205.23253805975233,8.509232e-07
15.0,0.0,205.23212062897016,9.942596000000001e-07
15.0,0.0,205.2316937622488,1.145425e-06
15.0,0.0,205.2312689983449,1.280147e-06
15.0,0.0,205.23084950277283,1.264794e-06
15.0,0.0,205.2304303706664,1.414053e-06
15.0,0.0,205.2300054610788,1.212364e-06
15.0,0.0,205.2295784218832,1.184744e-06
15.0,0.0,205.2291613047915,7.729394999999999e-07
15.0,0.0,205.22875618762345,1.097651e-06
15.0,0.0,205.22832245206453,7.350027000000001e-07
15.0,0.0,205.22793295726612,1.01245e-06
15.0,0.0,205.2274849596427,1.34694e-06
15.0,0.0,205.2270696900098,1.236986e-06
15.0,0.0,205.22668219889096,1.26721e-06
15.0,0.0,205.22625907818872,1.312583e-06
15.0,0.0,205.22584083050407,1.135239e-06
15.0,0.0,205.22542046039948,8.660718e-07
15.0,0.0,205.22499279259628,4.7544020000000006e-07
15.0,0.0,205.22458160667625,8.468924e-07
15.0,0.0,205.2241682720399,4.98927e-07
15.0,0.0,205.223744534666,5.610491e-07
15.0,0.0,205.22334554271333,1.239838e-06
15.0,0.0,205.22290413596147,1.272856e-06
15.0,0.0,205.22247358379977,1.17773e-06
15.0,0.0,205.222085624296,1.094464e-06
15.0,0.0,205.22167007965757,7.608759999999999e-07
15.0,0.0,205.2212489350975,9.999494000000002e-07
15.0,0.0,205.22084075997225,1.109685e-06
15.0,0.0,205.22040309249076,1.198161e-06
15.0,0.0,205.2199790994757,1.381472e-06
15.0,0.0,205.21959234843055,1.187291e-06
15.0,0.0,205.2191493002836,1.086853e-06
15.0,0.0,205.21873261082456,1.246066e-06
15.0,0.0,205.21830194226155,1.11018e-06
15.0,0.0,205.21786089136765,1.047403e-06
15.0,0.0,205.217463317382,1.31884e-06
15.0,0.0,205.21704545630195,1.218927e-06
15.0,0.0,205.21662469741747,1.230917e-06
15.0,0.0,205.21621567093007,1.351858e-06
15.0,0.0,205.21579168228817,1.356006e-06
15.0,0.0,205.2153926914602,1.432243e-06
15.0,0.0,205.21494654356047,1.355569e-06
15.0,0.0,205.21456132005375,1.299064e-06
15.0,0.0,205.2141377326124,1.340857e-06
15.0,0.0,205.2137221893551,1.266497e-06
15.0,0.0,205.21330706468004,1.240216e-06
15.0,0.0,205.21288385520072,1.349719e-06
15.0,0.0,205.2124529518317,1.329332e-06
15.0,0.0,205.21205199924904,1.427135e-06
15.0,0.0,205.21164473156705,1.433888e-06
15.0,0.0,205.21120401918273,1.311142e-06
15.0,0.0,205.21078027631097,1.34726e-06
15.0,0.0,205.2103817804389,1.517605e-06
15.0,0.0,205.2099580357481,1.410212e-06
15.0,0.0,205.20951283087336,1.309396e-06
15.0,0.0,205.2090978425488,1.208347e-06
15.0,0.0,205.2087100767482,1.200417e-06
15.0,0.0,205.2082821104541,1.339809e-06
15.0,0.0,205.20785143372728,1.422435e-06
15.0,0.0,205.20744348668808,1.572844e-06
15.0,0.0,205.2070214976404,1.427892e-06
15.0,0.0,205.2066046408128,1.380788e-06
15.0,0.0,205.20621817456745,1.43169e-06
15.0,0.0,205.2057696191732,1.560737e-06
15.0,0.0,205.20537062675444,1.600143e-06
15.0,0.0,205.20492648478063,1.601758e-06
15.0,0.0,205.20450016172393,1.650245e-06
15.0,0.0,205.2041126646455,1.645618e-06
15.0,0.0,205.20369739501257,1.466658e-06
15.0,0.0,205.20327151573207,1.254142e-06
15.0,0.0,205.20286356901823,1.279273e-06
15.0,0.0,205.20243266520927,1.023494e-06
15.0,0.0,205.20202968439992,6.063055000000001e-07
15.0,0.0,205.20162049374255,3.492023e-07
15.0,0.0,205.20118220462035,1.61177e-07
15.0,0.0,205.20079434372263,1.486478e-07
15.0,0.0,205.20035947253783,8.911593e-08
15.0,0.0,205.19993572645816,8.604547e-08
15.0,0.0,205.19948803653088,1.467852e-07
15.0,0.0,205.19907221102235,1.750741e-07
15.0,0.0,205.198645911399,9.409268000000001e-07
15.0,0.0,205.19826068679416,1.614011e-06
15.0,0.0,205.19781551123927,1.494482e-06
15.0,0.0,205.1973920244748,1.446067e-06
15.0,0.0,205.19699139274277,1.492954e-06
15.0,0.0,205.19655170958623,1.537934e-06
15.0,0.0,205.1961450479332,1.600114e-06
15.0,0.0,205.195744367424,1.63597e-06
15.0,0.0,205.19532713415657,1.67801e-06
15.0,0.0,205.19490598054216,1.756882e-06
15.0,0.0,205.19447536804836,1.74396e-06
15.0,0.0,205.19408759236515,1.737411e-06
15.0,0.0,205.19367204479445,1.809312e-06
15.0,0.0,205.19322860285115,1.822133e-06
15.0,0.0,205.1928430554332,1.750741e-06
15.0,0.0,205.19240586764664,1.717897e-06
15.0,0.0,205.19200397741713,1.677588e-06
15.0,0.0,205.1915756159599,1.589855e-06
15.0,0.0,205.19116642815095,1.73453e-06
15.0,0.0,205.19072322394,1.707449e-06
15.0,0.0,205.19030756619608,1.756649e-06
15.0,0.0,205.1898846061122,1.752473e-06
15.0,0.0,205.18945370322132,1.699969e-06
15.0,0.0,205.18903342290767,1.603723e-06
15.0,0.0,205.1886456493278,1.755761e-06
15.0,0.0,205.18820459504377,1.798209e-06
15.0,0.0,205.18778085217204,1.763518e-06
15.0,0.0,205.18738236600396,1.735083e-06
15.0,0.0,205.18695861716836,1.533015e-06
15.0,0.0,205.18655215882632,1.593595e-06
15.0,0.0,205.186125704296,1.696288e-06
15.0,0.0,205.1857133136345,1.660243e-06
15.0,0.0,205.18531340269476,1.631168e-06
15.0,0.0,205.18487469042356,1.717286e-06
15.0,0.0,205.18444638422233,1.640874e-06
15.0,0.0,205.18404880425052,1.620181e-06
15.0,0.0,205.18363325667983,1.580891e-06
15.0,0.0,205.1832405694072,1.524793e-06
15.0,0.0,205.18279444520047,1.585824e-06
15.0,0.0,205.1823704521854,1.514549e-06
15.0,0.0,205.18197171587397,1.529028e-06
15.0,0.0,205.1815283028144,1.446024e-06
15.0,0.0,205.18113338923965,1.481152e-06
15.0,0.0,205.18072573203463,1.388893e-06
15.0,0.0,205.180294995418,1.391818e-06
15.0,0.0,205.17986431992972,1.351465e-06
15.0,0.0,205.1794370915601,1.313398e-06
15.0,0.0,205.179036959613,1.350985e-06
15.0,0.0,205.17860702363987,1.431661e-06
15.0,0.0,205.17817864517508,1.457389e-06
15.0,0.0,205.17775594796493,1.408785e-06
15.0,0.0,205.17734822839287,1.378343e-06
15.0,0.0,205.17691777898935,1.286986e-06
15.0,0.0,205.17648923225383,1.309498e-06
15.0,0.0,205.17610174440205,1.422755e-06
15.0,0.0,205.1756707544916,1.374705e-06
15.0,0.0,205.17528553453448,1.393899e-06
15.0,0.0,205.17484259416753,1.301873e-06
15.0,0.0,205.17442820896343,1.310051e-06
15.0,0.0,205.17402456446993,1.265944e-06
15.0,0.0,205.1735812435093,1.233857e-06
15.0,0.0,205.1731940331444,1.197957e-06
15.0,0.0,205.1727689836478,1.377703e-06
15.0,0.0,205.17233831262732,1.332955e-06
15.0,0.0,205.1719301340264,1.378736e-06
15.0,0.0,205.17150462100832,1.359658e-06
15.0,0.0,205.1710893505903,1.350301e-06
15.0,0.0,205.1706603880182,1.419539e-06
15.0,0.0,205.17027516404067,1.50266e-06
15.0,0.0,205.16983118695293,1.443885e-06
15.0,0.0,205.1693908597207,1.500914e-06
15.0,0.0,205.16898345703,1.549372e-06
15.0,0.0,205.16856884915416,1.518507e-06
15.0,0.0,205.1681532949569,1.582433e-06
15.0,0.0,205.1677356622224,1.570763e-06
15.0,0.0,205.1673274873284,1.555891e-06
15.0,0.0,205.16688941163244,1.440232e-06
15.0,0.0,205.16648909152,1.421038e-06
15.0,0.0,205.1660772313569,1.444074e-06
15.0,0.0,205.1656506957117,1.465378e-06
15.0,0.0,205.16524452832823,1.538763e-06
15.0,0.0,205.1648207859224,1.520631e-06
15.0,0.0,205.16438920238636,1.249093e-06
15.0,0.0,205.16397344932335,1.647451e-06
15.0,0.0,205.163557841672,1.739973e-06
15.0,0.0,205.16317007261537,1.814551e-06
15.0,0.0,205.16274938414088,1.781256e-06
15.0,0.0,205.1623187066204,1.697874e-06
15.0,0.0,205.16191053352736,1.72203e-06
15.0,0.0,205.1614806149543,1.683758e-06
15.0,0.0,205.1610558545878,1.615132e-06
15.0,0.0,205.1606773430668,1.622466e-06
15.0,0.0,205.1602331152623,1.669978e-06
15.0,0.0,205.15980192940944,1.726323e-06
15.0,0.0,205.15941088622247,1.702589e-06
15.0,0.0,205.15896331871343,1.721055e-06
15.0,0.0,205.15854522344617,1.619512e-06
15.0,0.0,205.1581141600439,1.587789e-06
15.0,0.0,205.15769378551843,1.567605e-06
15.0,0.0,205.15729167157707,1.762295e-06
15.0,0.0,205.15685471292403,1.569482e-06
15.0,0.0,205.15642828347185,1.599081e-06
15.0,0.0,205.15602521437592,1.776294e-06
15.0,0.0,205.15562145650708,1.723864e-06
15.0,0.0,205.15522246025077,1.867331e-06
15.0,0.0,205.15479179173997,1.783919e-06
15.0,0.0,205.15438384204035,1.849621e-06
15.0,0.0,205.1539529411264,1.734807e-06
15.0,0.0,205.1535327693917,1.763648e-06
15.0,0.0,205.15314515819375,1.815963e-06
15.0,0.0,205.15270426298812,1.84933e-06
15.0,0.0,205.15228077025975,1.844426e-06
15.0,0.0,205.1518817718772,1.998007e-06
15.0,0.0,205.1514366221101,2.032262e-06
15.0,0.0,205.15103379181087,1.98037e-06
15.0,0.0,205.15062505477457,1.859444e-06
15.0,0.0,205.1502095130094,1.85355e-06
15.0,0.0,205.1497620620248,1.952067e-06
15.0,0.0,205.14933806989384,1.973036e-06
15.0,0.0,205.14893932846948,1.993656e-06
15.0,0.0,205.14849203828237,1.889406e-06
15.0,0.0,205.14810372281067,1.847875e-06
15.0,0.0,205.1476889991412,1.51273e-06
15.0,0.0,205.1472648694056,5.689217e-07
15.0,0.0,205.1468455160567,1.091772e-06
15.0,0.0,205.14642534200604,1.656997e-06
15.0,0.0,205.14599848109523,1.998182e-06
15.0,0.0,205.14561126791423,1.921086e-06
15.0,0.0,205.1451787710724,1.946173e-06
15.0,0.0,205.14479332765268,1.793043e-06
15.0,0.0,205.14435141572713,2.010143e-06
15.0,0.0,205.14395242036025,1.992827e-06
15.0,0.0,205.14352842734516,1.981898e-06
15.0,0.0,205.1430910408652,1.930806e-06
15.0,0.0,205.14268069742215,1.940483e-06
15.0,0.0,205.142276772995,1.960987e-06
15.0,0.0,205.14184609638397,1.991953e-06
15.0,0.0,205.1414203908896,1.947497e-06
15.0,0.0,205.1410146962515,1.923807e-06
15.0,0.0,205.14058698365992,1.749489e-06
15.0,0.0,205.14016885538376,1.749067e-06
15.0,0.0,205.1397642483695,1.777327e-06
15.0,0.0,205.13932954996508,1.857203e-06
15.0,0.0,205.138898426754,1.846434e-06
15.0,0.0,205.1384667744049,1.935128e-06
15.0,0.0,205.1380430315332,1.845241e-06
15.0,0.0,205.13766281675785,1.858774e-06
15.0,0.0,205.1372197735892,1.833323e-06
15.0,0.0,205.13678982097548,1.851935e-06
15.0,0.0,205.1363973126622,1.737353e-06
15.0,0.0,205.1359529774037,1.797671e-06
15.0,0.0,205.13555786124417,1.743203e-06
15.0,0.0,205.13514259161127,1.662615e-06
15.0,0.0,205.13474757521976,1.779757e-06
15.0,0.0,205.1343189574904,1.780951e-06
15.0,0.0,205.1338952986092,1.822089e-06
15.0,0.0,205.13348124160305,1.894761e-06
15.0,0.0,205.13306569419777,1.907232e-06
15.0,0.0,205.13267820307897,1.810025e-06
15.0,0.0,205.13223363912783,1.869557e-06
15.0,0.0,205.13180965207664,1.748253e-06
15.0,0.0,205.131410653694,1.88862e-06
15.0,0.0,205.13096264569396,1.957029e-06
15.0,0.0,205.13054463688604,1.868757e-06
15.0,0.0,205.1301293672532,1.956185e-06
15.0,0.0,205.12969312405465,1.894994e-06
15.0,0.0,205.12930790299097,1.869092e-06
15.0,0.0,205.1288672018541,1.783803e-06
15.0,0.0,205.1284238260467,1.597684e-06
15.0,0.0,205.1280197161106,1.836146e-06
15.0,0.0,205.12760914375488,1.81621e-06
15.0,0.0,205.12722192394727,1.733672e-06
15.0,0.0,205.12679158035087,1.814216e-06
15.0,0.0,205.12636090733693,1.849141e-06
15.0,0.0,205.12595296256163,1.799533e-06
15.0,0.0,205.12553306844083,1.799155e-06
15.0,0.0,205.12511456372656,1.670924e-06
15.0,0.0,205.12472889199103,1.785855e-06
15.0,0.0,205.12428053773132,1.742432e-06
15.0,0.0,205.12388129516927,1.594512e-06
15.0,0.0,205.1234570520108,1.773675e-06
15.0,0.0,205.12301200958996,1.577064e-06
15.0,0.0,205.12262424053327,1.444947e-06
15.0,0.0,205.12220897752695,1.443928e-06
15.0,0.0,205.12179715233907,1.374865e-06
15.0,0.0,205.1213728073293,1.453649e-06
15.0,0.0,205.12093884580915,1.452674e-06
15.0,0.0,205.12053418954,1.347347e-06
15.0,0.0,205.12013207348687,1.42098e-06
15.0,0.0,205.11968902533997,1.422173e-06
15.0,0.0,205.1192648908408,1.434993e-06
15.0,0.0,205.11883421535248,1.464869e-06
15.0,0.0,205.11842626762984,1.593944e-06
15.0,0.0,205.1180001742536,1.734952e-06
15.0,0.0,205.117584905288,1.818786e-06
15.0,0.0,205.1171413012654,1.850145e-06
15.0,0.0,205.11674618601407,2.012603e-06
15.0,0.0,205.11631744153107,1.922817e-06
15.0,0.0,205.115927693486,1.631139e-06
15.0,0.0,205.11547967336088,1.729975e-06
15.0,0.0,205.1150804604017,1.783017e-06
15.0,0.0,205.11467662816867,1.801745e-06
15.0,0.0,205.1142545251284,1.777109e-06
15.0,0.0,205.11384657540944,1.88117e-06
15.0,0.0,205.1134097425292,1.864435e-06
15.0,0.0,205.11300749531293,1.939698e-06
15.0,0.0,205.11259944951863,1.855558e-06
15.0,0.0,205.1121558487948,1.77855e-06
15.0,0.0,205.11175751804143,1.664448e-06
15.0,0.0,205.1113295682464,1.641136e-06
15.0,0.0,205.11089867227585,1.798777e-06
15.0,0.0,205.1104679930212,1.620516e-06
15.0,0.0,205.11006855376337,1.782915e-06
15.0,0.0,205.10966340381052,1.680688e-06
15.0,0.0,205.1092203198216,1.644614e-06
15.0,0.0,205.10879657269336,1.459906e-06
15.0,0.0,205.1083975804141,1.654495e-06
15.0,0.0,205.1079509917972,1.654029e-06
15.0,0.0,205.10755009878767,1.683511e-06
15.0,0.0,205.1071429023744,1.757144e-06
15.0,0.0,205.10672692126823,1.853579e-06
15.0,0.0,205.1063185186988,1.63044e-06
15.0,0.0,205.10588784321047,1.670007e-06
15.0,0.0,205.1054803908836,1.729699e-06
15.0,0.0,205.10506599170776,1.299763e-06
15.0,0.0,205.10464127409264,8.703645999999999e-07
15.0,0.0,205.10423391285,1.343025e-06
15.0,0.0,205.10381042012168,1.54083e-06
15.0,0.0,205.10341192498032,1.485387e-06
15.0,0.0,205.10296426386813,1.506269e-06
15.0,0.0,205.10254632408515,1.621884e-06
15.0,0.0,205.10214019908773,1.681081e-06
15.0,0.0,205.1017397333036,1.529435e-06
15.0,0.0,205.1012975535859,1.505512e-06
15.0,0.0,205.10087546955273,1.628519e-06
15.0,0.0,205.10045847014808,1.668333e-06
15.0,0.0,205.1000395320335,1.722452e-06
15.0,0.0,205.09965176468737,1.703869e-06
15.0,0.0,205.09923417237388,1.648499e-06
15.0,0.0,205.09878610030916,1.621534e-06
15.0,0.0,205.09834987145197,1.589884e-06
15.0,0.0,205.0979193476957,1.559834e-06
15.0,0.0,205.0975148731516,1.49016e-06
15.0,0.0,205.09710404061283,1.313296e-06
15.0,0.0,205.09669238800447,1.392022e-06
15.0,0.0,205.09628740507296,1.433305e-06
15.0,0.0,205.09584465522707,1.477194e-06
15.0,0.0,205.09544855873432,1.603825e-06
15.0,0.0,205.09502713380897,1.586333e-06
15.0,0.0,205.09460947894863,1.485649e-06
15.0,0.0,205.09419868721392,1.380526e-06
15.0,0.0,205.09377494434216,1.393928e-06
15.0,0.0,205.09335079523856,1.308465e-06
15.0,0.0,205.092931557715,1.333072e-06
15.0,0.0,205.09250696948075,1.281631e-06
15.0,0.0,205.09210472330827,1.352091e-06
15.0,0.0,205.09170359644713,1.305816e-06
15.0,0.0,205.09125674324196,1.378983e-06
15.0,0.0,205.09083603938768,1.333581e-06
15.0,0.0,205.09043475337788,1.376626e-06
15.0,0.0,205.0899866829496,1.158827e-06
15.0,0.0,205.08957150540448,1.070352e-06
15.0,0.0,205.089162783816,1.246372e-06
15.0,0.0,205.08876048816032,1.29384e-06
15.0,0.0,205.0883150434495,1.309294e-06
15.0,0.0,205.08791655271185,1.349472e-06
15.0,0.0,205.0874925642663,1.39499e-06
15.0,0.0,205.08705146775625,1.199762e-06
15.0,0.0,205.08666774982896,1.206427e-06
15.0,0.0,205.0862367825057,1.291817e-06
15.0,0.0,205.08583804051148,1.274515e-06
15.0,0.0,205.08541454634093,1.269407e-06
15.0,0.0,205.08501232242887,1.281616e-06
15.0,0.0,205.0845775693641,1.277993e-06
15.0,0.0,205.0841712347816,1.191002e-06
15.0,0.0,205.08375736942105,1.117485e-06
15.0,0.0,205.0833336265493,1.076012e-06
15.0,0.0,205.0828933085303,1.074499e-06
15.0,0.0,205.08248639691308,1.013628e-06
15.0,0.0,205.08207210907304,7.540510999999999e-07
15.0,0.0,205.081657117378,1.129607e-06
15.0,0.0,205.08124907172265,1.273322e-06
15.0,0.0,205.08081951990113,1.347944e-06
15.0,0.0,205.08038861551177,1.232256e-06
15.0,0.0,205.0799812384847,1.187029e-06
15.0,0.0,205.07956609953297,1.25762e-06
15.0,0.0,205.07915027600507,1.253487e-06
15.0,0.0,205.07870819171717,1.352484e-06
15.0,0.0,205.0782733562108,1.442531e-06
15.0,0.0,205.07788328334505,1.294524e-06
15.0,0.0,205.07745011526336,1.244829e-06
15.0,0.0,205.0770043080393,1.368811e-06
15.0,0.0,205.07661709485836,1.22808e-06
15.0,0.0,205.0762015532927,1.017761e-06
15.0,0.0,205.075799087901,1.105916e-06
15.0,0.0,205.07536870507687,1.217879e-06
15.0,0.0,205.07494975965008,1.396809e-06
15.0,0.0,205.07455357096296,1.437569e-06
15.0,0.0,205.07411025150475,1.362365e-06
15.0,0.0,205.07372273415527,1.276829e-06
15.0,0.0,205.07330744874304,1.380351e-06
15.0,0.0,205.07288166308203,1.285225e-06
15.0,0.0,205.0724642567151,1.227905e-06
15.0,0.0,205.07204051384335,1.385095e-06
15.0,0.0,205.0716261532388,1.444816e-06
15.0,0.0,205.0712161423352,1.289271e-06
15.0,0.0,205.07078684996375,1.26427e-06
15.0,0.0,205.0703569284551,9.804789e-07
15.0,0.0,205.069914047653,1.007793e-06
15.0,0.0,205.06950896049807,8.394126999999999e-07
15.0,0.0,205.0690974652541,7.582421e-07
15.0,0.0,205.06868247355897,1.114051e-06
15.0,0.0,205.0682772819609,1.042776e-06
15.0,0.0,205.06783386336124,1.285734e-06
15.0,0.0,205.06739815149336,1.443157e-06
15.0,0.0,205.06701315977793,1.364067e-06
15.0,0.0,205.06657831488008,1.366323e-06
15.0,0.0,205.06616924087024,1.324341e-06
15.0,0.0,205.06576613486675,1.344757e-06
15.0,0.0,205.06534688196567,1.153676e-06
15.0,0.0,205.06493506687755,1.271546e-06
15.0,0.0,205.0644873036616,1.213339e-06
15.0,0.0,205.06409961922404,1.358261e-06
15.0,0.0,205.0636839870342,1.325141e-06
15.0,0.0,205.06326031380536,1.252076e-06
15.0,0.0,205.0628521386801,1.075503e-06
15.0,0.0,205.06241926656992,1.04247e-06
15.0,0.0,205.06198098342833,1.04295e-06
15.0,0.0,205.06159321786473,9.430078e-07
15.0,0.0,205.06117822930315,8.551579e-07
15.0,0.0,205.06075583035977,4.453032e-07
15.0,0.0,205.0603478853021,6.594491e-07
15.0,0.0,205.05991142772584,4.818139e-07
15.0,0.0,205.05947546371343,7.956551e-07
15.0,0.0,205.05905997556656,9.181822000000001e-07
15.0,0.0,205.05867276377012,9.301002000000001e-07
15.0,0.0,205.05822949305403,1.099819e-06
15.0,0.0,205.057805756039,9.511859000000001e-07
15.0,0.0,205.05736796401476,9.641371000000001e-07
15.0,0.0,205.05695908071004,1.020977e-06
15.0,0.0,205.05654677106983,8.392526e-07
15.0,0.0,205.05613207940144,9.633513000000001e-07
15.0,0.0,205.0557236649392,8.109927999999999e-07
15.0,0.0,205.0553085849565,1.097986e-06
15.0,0.0,205.05488573579112,1.01226e-06
15.0,0.0,205.05445651672068,1.110937e-06
15.0,0.0,205.0540715713896,1.156805e-06
15.0,0.0,205.0536433596097,1.115724e-06
15.0,0.0,205.05322010071436,9.638316e-07
15.0,0.0,205.05282111864213,6.994233000000001e-07
15.0,0.0,205.0523817069292,1.006454e-06
15.0,0.0,205.05195303197584,1.015185e-06
15.0,0.0,205.051558495926,9.694922e-07
15.0,0.0,205.05113898739475,9.828218e-07
15.0,0.0,205.0507141605524,1.097374e-06
15.0,0.0,205.05028522851293,1.077526e-06
15.0,0.0,205.04987683140683,1.030348e-06
15.0,0.0,205.04944569984252,1.046617e-06
15.0,0.0,205.0490239125212,9.206997000000001e-07
15.0,0.0,205.04860157733353,9.670039e-07
15.0,0.0,205.0482073044148,1.039793e-06
15.0,0.0,205.0477798514133,1.026317e-06
15.0,0.0,205.04737190369067,1.062945e-06
15.0,0.0,205.04693760079869,1.089487e-06
15.0,0.0,205.04653305307716,1.131571e-06
15.0,0.0,205.04613096240783,1.149747e-06
15.0,0.0,205.04570442737943,1.046166e-06
15.0,0.0,205.0452983499356,1.000546e-06
15.0,0.0,205.044867679869,9.062351000000001e-07
15.0,0.0,205.04445950474377,8.268689e-07
15.0,0.0,205.04404079651184,7.670751e-07
15.0,0.0,205.04360996915096,9.409414000000001e-07
15.0,0.0,205.04323455986165,1.155102e-06
15.0,0.0,205.0427934330628,1.070512e-06
15.0,0.0,205.0423512829209,1.114895e-06
15.0,0.0,205.04195229104388,1.097316e-06
15.0,0.0,205.04152855359433,1.111504e-06
15.0,0.0,205.0411155074804,1.152424e-06
15.0,0.0,205.04070368032123,1.138105e-06
15.0,0.0,205.04026743961688,1.000109e-06
15.0,0.0,205.03986717947043,1.06862e-06
15.0,0.0,205.03944712610988,1.171109e-06
15.0,0.0,205.03900126465007,1.142515e-06
15.0,0.0,205.0385857177756,1.159424e-06
15.0,0.0,205.03817044151612,1.181659e-06
15.0,0.0,205.03772740416997,1.236869e-06
15.0,0.0,205.03733061230807,1.143562e-06
15.0,0.0,205.03689995369348,1.129301e-06
15.0,0.0,205.03649370660847,1.133056e-06
15.0,0.0,205.0360807934805,1.133507e-06
15.0,0.0,205.035670971318,1.081149e-06
15.0,0.0,205.0352677079977,1.032269e-06
15.0,0.0,205.03483014398748,1.1144e-06
15.0,0.0,205.03441729893777,1.176246e-06
15.0,0.0,205.03398892856893,1.112479e-06
15.0,0.0,205.0335885465153,1.143097e-06
15.0,0.0,205.0331861678172,1.126449e-06
15.0,0.0,205.0327625528789,1.049004e-06
15.0,0.0,205.03234359867207,1.16312e-06
15.0,0.0,205.03191259862416,1.214881e-06
15.0,0.0,205.03148346165133,1.140885e-06
15.0,0.0,205.03105912474447,1.135268e-06
15.0,0.0,205.03068097337783,1.227992e-06
15.0,0.0,205.0302366375906,1.157692e-06
15.0,0.0,205.029804676714,1.137552e-06
15.0,0.0,205.02938600611563,1.170221e-06
15.0,0.0,205.0289780145335,1.18278e-06
15.0,0.0,205.02853496646645,1.099339e-06
15.0,0.0,205.02812972711467,1.02882e-06
15.0,0.0,205.0277302080399,1.165172e-06
15.0,0.0,205.0272995378604,1.424152e-06
15.0,0.0,205.02687770735025,1.415465e-06
15.0,0.0,205.0264721141374,1.446897e-06
15.0,0.0,205.02606420672808,1.483771e-06
15.0,0.0,205.02564126738835,1.294378e-06
15.0,0.0,205.0252258109373,1.358596e-06
15.0,0.0,205.02482714973831,1.369946e-06
15.0,0.0,205.0243869622155,1.32565e-06
15.0,0.0,205.02397941981536,1.258086e-06
15.0,0.0,205.0235509114438,1.289212e-06
15.0,0.0,205.02313565080573,1.342269e-06
15.0,0.0,205.02274215976303,1.419554e-06
15.0,0.0,205.022312812995,1.428838e-06
15.0,0.0,205.0218726012405,1.494802e-06
15.0,0.0,205.02147419330137,1.385342e-06
15.0,0.0,205.02104921106132,1.387045e-06
15.0,0.0,205.02062963889733,1.357374e-06
15.0,0.0,205.0202374438447,1.34352e-06
15.0,0.0,205.01980790506127,1.344146e-06
15.0,0.0,205.0193672021537,1.471752e-06
15.0,0.0,205.01892337039428,1.421533e-06
15.0,0.0,205.0185381461352,1.314882e-06
15.0,0.0,205.01809617755504,1.293447e-06
15.0,0.0,205.01768034303177,1.388849e-06
15.0,0.0,205.0172575550501,1.566834e-06
15.0,0.0,205.016849834024,1.61909e-06
15.0,0.0,205.01641893234904,1.541121e-06
15.0,0.0,205.01601433765788,1.528693e-06
15.0,0.0,205.0156097064804,1.461187e-06
15.0,0.0,205.01518352861936,1.392094e-06
15.0,0.0,205.01478063413248,1.295426e-06
15.0,0.0,205.01434490088607,1.360197e-06
15.0,0.0,205.01395815494928,1.254564e-06
15.0,0.0,205.0135135074124,1.287306e-06
15.0,0.0,205.01311041309856,1.396344e-06
15.0,0.0,205.01269947468307,1.385502e-06
15.0,0.0,205.01227547690823,1.387016e-06
15.0,0.0,205.0118516574431,1.374414e-06
15.0,0.0,205.01143249651753,1.495355e-06
15.0,0.0,205.01100722554037,1.398294e-06
15.0,0.0,205.010591962534,1.475491e-06
15.0,0.0,205.01015961707827,1.496548e-06
15.0,0.0,205.00976620196215,1.304419e-06
15.0,0.0,205.00933552434267,8.746574000000001e-07
15.0,0.0,205.00889758079248,8.395290999999999e-07
15.0,0.0,205.00849644392963,1.06066e-06
15.0,0.0,205.00807485146592,1.105975e-06
15.0,0.0,205.00764262028252,1.02559e-06
15.0,0.0,205.00725701335773,1.107561e-06
15.0,0.0,205.00681608804504,1.12383e-06
15.0,0.0,205.0064223543528,1.042805e-06
15.0,0.0,205.00599538537705,1.225679e-06
15.0,0.0,205.0055835091609,1.153341e-06
15.0,0.0,205.0051701171774,1.153501e-06
15.0,0.0,205.00474586855287,1.321299e-06
15.0,0.0,205.00433722525543,1.248016e-06
15.0,0.0,205.00391652498428,1.207794e-06
15.0,0.0,205.00348853611447,1.062028e-06
15.0,0.0,205.00307790242712,8.358038e-07
15.0,0.0,205.00265772481987,1.128035e-06
15.0,0.0,205.00223928144777,1.25615e-06
15.0,0.0,205.00184844908776,1.099237e-06
15.0,0.0,205.0014060359485,1.222288e-06
15.0,0.0,205.0009817913068,8.248899e-07
15.0,0.0,205.0005950546177,1.168082e-06
15.0,0.0,205.00015145059504,9.786454e-07
15.0,0.0,204.99973415323907,1.065157e-06
15.0,0.0,204.99930347794927,1.195498e-06
15.0,0.0,204.99890044296947,1.157998e-06
15.0,0.0,204.99845404852744,1.146254e-06
15.0,0.0,204.99803411681717,1.038905e-06
15.0,0.0,204.99761857206744,1.045759e-06
15.0,0.0,204.99718406807483,1.119974e-06
15.0,0.0,204.99678123713167,1.183304e-06
15.0,0.0,204.99636320994736,1.003951e-06
15.0,0.0,204.9959486713112,8.356728000000001e-07
15.0,0.0,204.99552782271263,1.101536e-06
15.0,0.0,204.9951403382204,1.213266e-06
15.0,0.0,204.99472479064963,1.00222e-06
15.0,0.0,204.99430901563804,7.445633000000001e-07
15.0,0.0,204.99388575069807,9.609794e-07
15.0,0.0,204.99344374484383,1.112639e-06
15.0,0.0,204.9930416276788,9.483483000000001e-07
15.0,0.0,204.99263375955152,8.867501e-07
15.0,0.0,204.99221914108207,1.106353e-06
15.0,0.0,204.9918115038919,1.136053e-06
15.0,0.0,204.99137141101932,9.022042000000001e-07
15.0,0.0,204.99094899119584,8.972856e-07
15.0,0.0,204.990515214624,1.025823e-06
15.0,0.0,204.99009995499293,1.072403e-06
15.0,0.0,204.9896882135957,8.663192e-07
15.0,0.0,204.9892639704373,5.749462000000001e-07
15.0,0.0,204.988841645234,9.537471e-07
15.0,0.0,204.98842157271687,1.138033e-06
15.0,0.0,204.98800682803312,9.869837e-07
15.0,0.0,204.9875945753001,1.05302e-06
15.0,0.0,204.98717810331593,1.196837e-06
15.0,0.0,204.9867559546824,1.188382e-06
15.0,0.0,204.98636006054767,1.011358e-06
15.0,0.0,204.98591710823507,1.217035e-06
15.0,0.0,204.98551257206233,1.289955e-06
15.0,0.0,204.9851017529245,1.151115e-06
15.0,0.0,204.9846820536248,1.055581e-06
15.0,0.0,204.98427901634545,1.35423e-06
15.0,0.0,204.98384343134524,1.255001e-06
15.0,0.0,204.983418151424,1.015826e-06
15.0,0.0,204.98301143233968,1.156222e-06
15.0,0.0,204.9825882440724,1.237466e-06
15.0,0.0,204.9821726862233,1.18016e-06
15.0,0.0,204.9817694986888,1.025939e-06
15.0,0.0,204.98133882024723,1.238572e-06
15.0,0.0,204.98093087547784,1.232809e-06
15.0,0.0,204.9805058001357,1.065579e-06
15.0,0.0,204.9800905305028,1.236171e-06
15.0,0.0,204.97968949564887,1.152788e-06
15.0,0.0,204.9792650528863,1.120119e-06
15.0,0.0,204.97882006465895,1.103617e-06
15.0,0.0,204.97839632366407,1.17271e-06
15.0,0.0,204.97795029865583,1.124354e-06
15.0,0.0,204.9775485859004,1.162392e-06
15.0,0.0,204.97714598515049,1.26315e-06
15.0,0.0,204.97671490788488,1.139866e-06
15.0,0.0,204.976315156374,1.180044e-06
15.0,0.0,204.97587628467397,1.217515e-06
15.0,0.0,204.97549060991173,1.090943e-06
15.0,0.0,204.9750504728499,1.025401e-06
15.0,0.0,204.97466326166935,1.210545e-06
15.0,0.0,204.97425408129683,9.915675e-07
15.0,0.0,204.97380976805573,8.010102000000001e-07
15.0,0.0,204.97341077957867,1.157241e-06
15.0,0.0,204.97298728685035,1.124383e-06
15.0,0.0,204.9725453307697,8.417263999999999e-07
15.0,0.0,204.97215783488852,1.104636e-06
15.0,0.0,204.97173937150356,1.082852e-06
15.0,0.0,204.9713051038389,9.068463000000001e-07
15.0,0.0,204.9708761304775,1.093576e-06
15.0,0.0,204.97045896916313,9.776559000000003e-07
15.0,0.0,204.97003986399704,7.052877000000001e-07
15.0,0.0,204.96962459608343,8.165807e-07
15.0,0.0,204.96923407387376,8.407950999999999e-07
15.0,0.0,204.96879605167027,5.527254e-07
15.0,0.0,204.96836199459128,1.067077e-06
15.0,0.0,204.96795381450383,9.255455000000001e-07
15.0,0.0,204.96753329212893,7.590424999999999e-07
15.0,0.0,204.9671145194691,1.12316e-06
15.0,0.0,204.966729066776,1.032735e-06
15.0,0.0,204.966280735862,1.036198e-06
15.0,0.0,204.96587925005204,9.073119e-07
15.0,0.0,204.96544834566276,1.1269e-06
15.0,0.0,204.96504669307475,9.041541000000001e-07
15.0,0.0,204.96463938292365,8.414936000000001e-07
15.0,0.0,204.9641989518454,1.029301e-06
15.0,0.0,204.96380851259207,1.054053e-06
15.0,0.0,204.96338132994984,1.063207e-06
15.0,0.0,204.96294044473473,1.027787e-06
15.0,0.0,204.96253564314023,8.416681999999999e-07
15.0,0.0,204.962133850118,1.131251e-06
15.0,0.0,204.96169678771687,1.139415e-06
15.0,0.0,204.96129497929337,1.127308e-06
15.0,0.0,204.96087123642167,1.056731e-06
15.0,0.0,204.96043504130247,1.213048e-06
15.0,0.0,204.96003049886488,8.978968e-07
15.0,0.0,204.95961230601208,1.04378e-06
15.0,0.0,204.95918423763567,1.239503e-06
15.0,0.0,204.9587612009508,1.117573e-06
15.0,0.0,204.95833029727484,1.141409e-06
15.0,0.0,204.9579201460627,1.312088e-06
15.0,0.0,204.95748209289155,1.257766e-06
15.0,0.0,204.95706654532083,1.232227e-06
15.0,0.0,204.9566787828908,1.195251e-06
15.0,0.0,204.9562565106955,1.255728e-06
15.0,0.0,204.9558378462232,1.317749e-06
15.0,0.0,204.95541720527683,1.241264e-06
15.0,0.0,204.95502301879267,1.30941e-06
15.0,0.0,204.9545877584192,1.378881e-06
15.0,0.0,204.9541777411603,1.408043e-06
20.0,0.0,205.577975,2.230043e-05
20.0,0.0,205.577975,-2.088491e-06
20.0,0.0,205.577975,-1.130509e-06
20.0,0.0,205.57794064497728,-5.708716e-07
20.0,0.0,205.57778929779508,-1.6683770000000002e-07
20.0,0.0,205.57759664986963,1.397566e-07
20.0,0.0,205.57736798062024,3.5626000000000004e-07
20.0,0.0,205.5771139441184,6.467017e-07
20.0,0.0,205.57680937092547,7.475173e-07
20.0,0.0,205.5764622455672,6.136397000000001e-07
20.0,0.0,205.57606235651417,7.74744e-07
20.0,0.0,205.57565687448377,8.459465e-07
20.0,0.0,205.57523867213456,9.191572000000001e-07
20.0,0.0,205.57483051378696,9.045179000000001e-07
20.0,0.0,205.57439957061607,1.015054e-06
20.0,0.0,205.57399299589449,1.057866e-06
20.0,0.0,205.5735792600065,1.043096e-06
20.0,0.0,205.5731702365507,9.746727e-07
20.0,0.0,205.57276740614697,1.16929e-06
20.0,0.0,205.57233670791845,1.158056e-06
20.0,0.0,205.57190615295352,1.108565e-06
20.0,0.0,205.57147530007487,1.226887e-06
20.0,0.0,205.57106706356728,1.253589e-06
20.0,0.0,205.57065226808385,1.064313e-06
20.0,0.0,205.57022844516624,1.131048e-06
20.0,0.0,205.56979746399415,1.115317e-06
20.0,0.0,205.5693894678191,9.436626e-07
20.0,0.0,205.5689579546588,9.560172000000002e-07
20.0,0.0,205.5685263820993,1.013308e-06
20.0,0.0,205.5681530340368,1.118664e-06
20.0,0.0,205.5677100581537,1.017266e-06
20.0,0.0,205.56728197890024,1.128035e-06
20.0,0.0,205.56688851647317,1.159235e-06
20.0,0.0,205.56644284193573,1.151173e-06
20.0,0.0,205.5660405258784,1.005232e-06
20.0,0.0,205.56563258573868,1.127875e-06
20.0,0.0,205.56521781156044,1.137552e-06
20.0,0.0,205.56481023406803,1.187465e-06
20.0,0.0,205.56437970226892,1.099776e-06
20.0,0.0,205.56397168719917,1.072127e-06
20.0,0.0,205.56355564801623,1.222259e-06
20.0,0.0,205.56312385015624,1.197448e-06
20.0,0.0,205.56274582776,1.197084e-06
20.0,0.0,205.5623013950264,1.301363e-06
20.0,0.0,205.56187312883588,1.322667e-06
20.0,0.0,205.5614791550198,1.180073e-06
20.0,0.0,205.5610365918568,1.27955e-06
20.0,0.0,205.56063168552132,1.172448e-06
20.0,0.0,205.56023218660047,1.196197e-06
20.0,0.0,205.55980136634827,1.270804e-06
20.0,0.0,205.55935990631536,1.278997e-06
20.0,0.0,205.55893617187417,1.261753e-06
20.0,0.0,205.55853154977967,1.259221e-06
20.0,0.0,205.5581010976578,1.295703e-06
20.0,0.0,205.55768591696503,1.253022e-06
20.0,0.0,205.55726237498865,1.309963e-06
20.0,0.0,205.55685430982717,1.337976e-06
20.0,0.0,205.55641837873208,1.298686e-06
20.0,0.0,205.55601548790233,1.329274e-06
20.0,0.0,205.5556090556834,1.316585e-06
20.0,0.0,205.55517658585984,1.316468e-06
20.0,0.0,205.55477297704067,1.316992e-06
20.0,0.0,205.5543493872223,1.288994e-06
20.0,0.0,205.55395074203696,1.281645e-06
20.0,0.0,205.55350508187067,1.242253e-06
20.0,0.0,205.5531029060928,1.111039e-06
20.0,0.0,205.5527014939321,1.20778e-06
20.0,0.0,205.55227486062407,1.145527e-06
20.0,0.0,205.5518549188384,1.161708e-06
20.0,0.0,205.55143605983145,1.175969e-06
20.0,0.0,205.55101191424816,1.134264e-06
20.0,0.0,205.55056875492608,1.229229e-06
20.0,0.0,205.55016651514276,1.199238e-06
20.0,0.0,205.54976161950145,1.224907e-06
20.0,0.0,205.54932727379153,1.29806e-06
20.0,0.0,205.5488885098664,1.267923e-06
20.0,0.0,205.54848822393737,1.259046e-06
20.0,0.0,205.54807610875883,1.289096e-06
20.0,0.0,205.5476498243376,1.281529e-06
20.0,0.0,205.54724334335816,1.293112e-06
20.0,0.0,205.54681955045777,1.348963e-06
20.0,0.0,205.54642065939277,1.359396e-06
20.0,0.0,205.5459722459652,1.28361e-06
20.0,0.0,205.54557284716657,1.2909e-06
20.0,0.0,205.5451681995852,1.284818e-06
20.0,0.0,205.54474762919745,1.268578e-06
20.0,0.0,205.5443298093808,1.121865e-06
20.0,0.0,205.5439084098089,1.257096e-06
20.0,0.0,205.5434780640257,1.230568e-06
20.0,0.0,205.54309035718316,1.219945e-06
20.0,0.0,205.54265527843256,1.182023e-06
20.0,0.0,205.54223166063252,1.254899e-06
20.0,0.0,205.5418326181852,1.285691e-06
20.0,0.0,205.54139227271463,1.274559e-06
20.0,0.0,205.54098548264244,1.155189e-06
20.0,0.0,205.5405709952921,1.29448e-06
20.0,0.0,205.54016237213693,1.3018e-06
20.0,0.0,205.539759867837,1.244713e-06
20.0,0.0,205.53931461506184,1.222361e-06
20.0,0.0,205.53889074925624,1.331035e-06
20.0,0.0,205.53844475518412,1.314285e-06
20.0,0.0,205.53802293642156,1.188935e-06
20.0,0.0,205.5376188702683,1.203443e-06
20.0,0.0,205.5372192253253,1.156019e-06
20.0,0.0,205.53677080919508,1.124048e-06
20.0,0.0,205.5363813812252,1.245469e-06
20.0,0.0,205.53594807922633,1.294931e-06
20.0,0.0,205.5355426650229,1.09071e-06
20.0,0.0,205.53512571619768,1.092136e-06
20.0,0.0,205.53474750251763,1.372377e-06
20.0,0.0,205.5343033597177,1.304885e-06
20.0,0.0,205.5338655126093,1.195396e-06
20.0,0.0,205.53348040861067,1.387074e-06
20.0,0.0,205.53303850696489,1.345368e-06
20.0,0.0,205.5326512104025,1.260487e-06
20.0,0.0,205.53223407042196,1.308377e-06
20.0,0.0,205.53180327770497,1.338063e-06
20.0,0.0,205.5313624603841,1.326232e-06
20.0,0.0,205.5309448278492,1.333407e-06
20.0,0.0,205.53054720152568,1.20679e-06
20.0,0.0,205.5301039310285,1.136796e-06
20.0,0.0,205.52971489399263,1.241453e-06
20.0,0.0,205.52926400266875,1.139284e-06
20.0,0.0,205.52885605410023,1.049251e-06
20.0,0.0,205.52842059275304,1.167631e-06
20.0,0.0,205.52797216985087,1.200111e-06
20.0,0.0,205.5275980091852,1.21216e-06
20.0,0.0,205.5271790360777,1.206936e-06
20.0,0.0,205.52677542224916,1.203778e-06
20.0,0.0,205.52635142428832,1.177803e-06
20.0,0.0,205.52595271620248,1.162611e-06
20.0,0.0,205.52550705278455,1.196982e-06
20.0,0.0,205.52509181179505,1.190288e-06
20.0,0.0,205.5247044040576,1.186898e-06
20.0,0.0,205.52427722751352,1.242937e-06
20.0,0.0,205.52385710901416,1.253953e-06
20.0,0.0,205.52343425952665,1.180291e-06
20.0,0.0,205.5230104666262,1.226494e-06
20.0,0.0,205.5225712269776,1.199485e-06
20.0,0.0,205.5221836802712,1.15794e-06
20.0,0.0,205.52176054036408,1.193897e-06
20.0,0.0,205.52135263270023,1.236869e-06
20.0,0.0,205.5209220990752,1.224675e-06
20.0,0.0,205.52049501778208,1.093635e-06
20.0,0.0,205.52008343345383,1.083128e-06
20.0,0.0,205.5196919512988,1.083972e-06
20.0,0.0,205.51924623762187,1.053617e-06
20.0,0.0,205.51882264483615,1.235428e-06
20.0,0.0,205.51838296133224,1.245135e-06
20.0,0.0,205.51797487716803,1.236156e-06
20.0,0.0,205.51755960803223,1.165361e-06
20.0,0.0,205.51714411156655,1.282504e-06
20.0,0.0,205.5167486768501,1.145396e-06
20.0,0.0,205.51630449376464,9.950309e-07
20.0,0.0,205.51589612743447,1.162887e-06
20.0,0.0,205.5154819601866,1.202352e-06
20.0,0.0,205.51503851630017,1.063032e-06
20.0,0.0,205.51465807263892,9.981159e-07
20.0,0.0,205.51423423545344,1.032648e-06
20.0,0.0,205.51380272056056,1.11894e-06
20.0,0.0,205.51341151943373,1.030683e-06
20.0,0.0,205.5129639381678,1.056615e-06
20.0,0.0,205.51256381452515,1.234002e-06
20.0,0.0,205.51215805211524,1.249864e-06
20.0,0.0,205.51173948101285,1.109685e-06
20.0,0.0,205.5112920665728,1.173903e-06
20.0,0.0,205.51090069862008,1.170367e-06
20.0,0.0,205.51046940049503,1.046981e-06
20.0,0.0,205.5100253475296,9.481155000000001e-07
20.0,0.0,205.509609911134,9.772775e-07
20.0,0.0,205.5091973765924,8.501083e-07
20.0,0.0,205.50879166641323,7.214402999999999e-07
20.0,0.0,205.50836074222792,6.536720000000001e-07
20.0,0.0,205.50793360280048,6.421178e-07
20.0,0.0,205.5075317563737,6.840564000000001e-07
20.0,0.0,205.50710216859275,7.582712e-07
20.0,0.0,205.50668238153344,6.482587e-07
20.0,0.0,205.50627946168208,8.940842000000001e-07
20.0,0.0,205.5058547394275,1.116932e-06
20.0,0.0,205.5054568230836,9.255164000000001e-07
20.0,0.0,205.50501181081327,9.422365000000001e-07
20.0,0.0,205.50462451028795,8.962234e-07
20.0,0.0,205.50420927241177,1.017062e-06
20.0,0.0,205.50379741872715,1.023494e-06
20.0,0.0,205.50337309949967,8.518837000000001e-07
20.0,0.0,205.50293909129184,1.043416e-06
20.0,0.0,205.50253438532772,9.187643000000001e-07
20.0,0.0,205.50211665617348,8.654315e-07
20.0,0.0,205.50168946582025,1.042354e-06
20.0,0.0,205.50128277233387,1.092209e-06
20.0,0.0,205.50085720712664,1.19039e-06
20.0,0.0,205.5004263507713,9.759679e-07
20.0,0.0,205.50002267321736,9.265204e-07
20.0,0.0,205.49961264516153,1.000793e-06
20.0,0.0,205.49919715391647,9.484502000000001e-07
20.0,0.0,205.49875112003892,8.472125e-07
20.0,0.0,205.49831822856547,1.089065e-06
20.0,0.0,205.49789494469164,1.079999e-06
20.0,0.0,205.49748085761533,8.904753e-07
20.0,0.0,205.4970655047564,9.740324000000001e-07
20.0,0.0,205.4966777846608,1.227076e-06
20.0,0.0,205.4962556532422,1.061562e-06
20.0,0.0,205.495810000917,1.000997e-06
20.0,0.0,205.495411358699,1.119246e-06
20.0,0.0,205.49496476754737,9.994255e-07
20.0,0.0,205.4945888985663,9.650103000000002e-07
20.0,0.0,205.4941705734637,8.598727000000001e-07
20.0,0.0,205.49376621330447,7.636554000000001e-07
20.0,0.0,205.4933313416875,5.072070000000001e-07
20.0,0.0,205.49290665099505,3.4207190000000005e-07
20.0,0.0,205.49249614910556,3.878231e-07
20.0,0.0,205.49208107784395,3.4624830000000005e-07
20.0,0.0,205.49165398156433,3.6229900000000003e-07
20.0,0.0,205.49122307871517,2.770248e-07
20.0,0.0,205.4908243753538,3.7850990000000003e-07
20.0,0.0,205.49038480003196,4.4621990000000004e-07
20.0,0.0,205.48995398463651,3.541936e-07
20.0,0.0,205.48955289063133,5.573092000000001e-07
20.0,0.0,205.48914625457525,8.027126999999999e-07
20.0,0.0,205.4887054858948,7.548078000000001e-07
20.0,0.0,205.48831380403865,3.9147560000000004e-07
20.0,0.0,205.48788265054705,7.414928e-07
20.0,0.0,205.4874406726544,9.042560000000001e-07
20.0,0.0,205.48705994027088,6.798364e-07
20.0,0.0,205.4866259476956,4.017493e-07
20.0,0.0,205.48623504590515,6.122282000000001e-07
20.0,0.0,205.48580498785955,9.666837000000002e-07
20.0,0.0,205.4853825830725,7.28076e-07
20.0,0.0,205.48496634733004,4.6745120000000003e-07
20.0,0.0,205.48454901586172,5.399052e-07
20.0,0.0,205.4841277662866,6.801565e-07
20.0,0.0,205.48374248142176,4.793255000000001e-07
20.0,0.0,205.4832953110372,4.3073670000000005e-07
20.0,0.0,205.48289644369015,1.032589e-06
20.0,0.0,205.4824500732537,1.209468e-06
20.0,0.0,205.4820646210129,1.005494e-06
20.0,0.0,205.48164129461807,7.664639000000001e-07
20.0,0.0,205.48122558847737,9.85834e-07
20.0,0.0,205.48080994307213,9.225623000000001e-07
20.0,0.0,205.4803870334872,8.314381999999999e-07
20.0,0.0,205.47995461931225,7.211056e-07
20.0,0.0,205.4795308068752,4.934845e-07
20.0,0.0,205.47911753554732,7.401249999999999e-07
20.0,0.0,205.47870555134287,6.660121e-07
20.0,0.0,205.4782781164274,4.828908e-07
20.0,0.0,205.47784734997808,3.550085e-07
20.0,0.0,205.4774215986428,3.941095e-07
20.0,0.0,205.4770163062792,4.921167e-07
20.0,0.0,205.47658813748745,6.589398e-07
20.0,0.0,205.47616969845396,5.41273e-07
20.0,0.0,205.47576522113275,6.146583000000001e-07
20.0,0.0,205.4753428386708,6.953487000000001e-07
20.0,0.0,205.47492276487557,8.683564e-07
20.0,0.0,205.47453735892708,1.070002e-06
20.0,0.0,205.47410800689775,6.522459e-07
20.0,0.0,205.47369276505867,5.350303000000001e-07
20.0,0.0,205.47328497575876,7.180643e-07
20.0,0.0,205.47285991440805,5.231122e-07
20.0,0.0,205.47242479099276,5.924667000000001e-07
20.0,0.0,205.4720212214829,6.415357e-07
20.0,0.0,205.4716159721937,6.706978000000001e-07
20.0,0.0,205.47117270832305,1.015331e-06
20.0,0.0,205.47075135869653,1.222448e-06
20.0,0.0,205.47035524949703,9.919895e-07
20.0,0.0,205.46991280777928,6.066111000000001e-07
20.0,0.0,205.4694708079268,6.590271e-07
20.0,0.0,205.46905471135707,1.065608e-06
20.0,0.0,205.46866688671287,1.085631e-06
20.0,0.0,205.46824664601664,1.14151e-06
20.0,0.0,205.46780011595493,1.102846e-06
20.0,0.0,205.46740799908184,9.899959e-07
20.0,0.0,205.4669775293792,1.189372e-06
20.0,0.0,205.4665689907396,1.457607e-06
20.0,0.0,205.46615447206565,1.241497e-06
20.0,0.0,205.46577142095907,1.159788e-06
20.0,0.0,205.46533201107465,1.011867e-06
20.0,0.0,205.46489158513583,1.161548e-06
20.0,0.0,205.46450654710085,1.490887e-06
20.0,0.0,205.464070154914,1.348773e-06
20.0,0.0,205.4636613966335,1.348322e-06
20.0,0.0,205.4632589763328,1.056193e-06
20.0,0.0,205.4628283260288,1.243912e-06
20.0,0.0,205.46238993895457,1.445718e-06
20.0,0.0,205.46198981875995,1.274428e-06
20.0,0.0,205.4615780090348,1.181805e-06
20.0,0.0,205.4611512448517,1.068445e-06
20.0,0.0,205.46074524775287,1.454944e-06
20.0,0.0,205.4603216299528,1.356704e-06
20.0,0.0,205.459889698986,1.434062e-06
20.0,0.0,205.45947400000765,1.309774e-06
20.0,0.0,205.45905866831097,9.407377000000001e-07
20.0,0.0,205.4586436509784,1.478387e-06
20.0,0.0,205.45820032339145,1.533932e-06
20.0,0.0,205.45777416228333,1.431326e-06
20.0,0.0,205.4573803863823,1.283202e-06
20.0,0.0,205.45693559201877,1.158754e-06
20.0,0.0,205.45653284197704,1.596098e-06
20.0,0.0,205.45612392561193,1.545457e-06
20.0,0.0,205.45571006529107,1.380555e-06
20.0,0.0,205.45530356997745,1.235167e-06
20.0,0.0,205.45487296220097,9.565993e-07
20.0,0.0,205.45446494304872,1.511435e-06
20.0,0.0,205.45404747787748,1.359469e-06
20.0,0.0,205.45361643253568,1.427921e-06
20.0,0.0,205.4532398627188,1.126435e-06
20.0,0.0,205.4527938696676,1.093053e-06
20.0,0.0,205.45237982254665,1.537148e-06
20.0,0.0,205.45197136218425,1.607477e-06
20.0,0.0,205.45152810960008,1.467517e-06
20.0,0.0,205.4511127579936,1.352397e-06
20.0,0.0,205.45069990844,1.384076e-06
20.0,0.0,205.45029435943647,1.513909e-06
20.0,0.0,205.44985225356007,1.559631e-06
20.0,0.0,205.44942843564533,1.451495e-06
20.0,0.0,205.44897990781243,1.282111e-06
20.0,0.0,205.4486055502689,1.139866e-06
20.0,0.0,205.44817667456644,1.262481e-06
20.0,0.0,205.4477732414927,9.656942e-07
20.0,0.0,205.44734679528835,7.593335e-07
20.0,0.0,205.44691614390527,1.599255e-07
20.0,0.0,205.44651166140625,5.865877e-08
20.0,0.0,205.44610040978327,1.3495450000000002e-07
20.0,0.0,205.4457128974973,3.3483960000000003e-07
20.0,0.0,205.44526541433697,8.439238e-07
20.0,0.0,205.4448636459433,1.554727e-07
20.0,0.0,205.44444262901783,5.348993000000001e-07
20.0,0.0,205.44401906124648,1.160442e-06
20.0,0.0,205.44360685772628,1.175053e-06
20.0,0.0,205.44319292185736,1.302047e-06
20.0,0.0,205.4427680815566,1.414097e-06
20.0,0.0,205.4423486374556,1.361492e-06
20.0,0.0,205.44192913475365,1.351407e-06
20.0,0.0,205.44150351122175,1.241482e-06
20.0,0.0,205.44110179268452,1.518478e-06
20.0,0.0,205.44070043811192,1.602239e-06
20.0,0.0,205.4402539560496,1.519904e-06
20.0,0.0,205.43983033894037,1.442429e-06
20.0,0.0,205.439431671708,1.504697e-06
20.0,0.0,205.43898381557167,1.411681e-06
20.0,0.0,205.43856879631647,1.61404e-06
20.0,0.0,205.43815346446948,1.598906e-06
20.0,0.0,205.4377355001,1.306951e-06
20.0,0.0,205.43732733039647,1.59652e-06
20.0,0.0,205.4368889452838,1.583481e-06
20.0,0.0,205.43646700213745,1.571156e-06
20.0,0.0,205.43607703955024,1.521126e-06
20.0,0.0,205.43563346332144,1.49112e-06
20.0,0.0,205.43525834614536,1.608874e-06
20.0,0.0,205.43481941035648,1.624299e-06
20.0,0.0,205.43438026561665,1.590583e-06
20.0,0.0,205.43399515599367,1.540626e-06
20.0,0.0,205.4335565659079,1.4955e-06
20.0,0.0,205.4331690469953,1.591907e-06
20.0,0.0,205.43274852226097,1.650827e-06
20.0,0.0,205.43231759321625,1.633947e-06
20.0,0.0,205.43190958068644,1.581095e-06
20.0,0.0,205.43147985642432,1.135093e-06
20.0,0.0,205.43106455899763,1.400884e-06
20.0,0.0,205.43062148580069,1.522189e-06
20.0,0.0,205.43020967438727,1.549372e-06
20.0,0.0,205.42980937285267,1.550929e-06
20.0,0.0,205.42937116746185,1.488923e-06
20.0,0.0,205.428940540624,1.510038e-06
20.0,0.0,205.42853822725715,1.528198e-06
20.0,0.0,205.42812997895336,1.560547e-06
20.0,0.0,205.42769356036567,1.470238e-06
20.0,0.0,205.42730845410995,1.362088e-06
20.0,0.0,205.4268677810942,1.480454e-06
20.0,0.0,205.4264468302503,1.422231e-06
20.0,0.0,205.42604524591843,1.38297e-06
20.0,0.0,205.4256097529364,1.339518e-06
20.0,0.0,205.42522241653452,1.275504e-06
20.0,0.0,205.4247987236915,1.440407e-06
20.0,0.0,205.4243614116615,1.438646e-06
20.0,0.0,205.4239531880974,1.349952e-06
20.0,0.0,205.42353285398937,1.10385e-06
20.0,0.0,205.42312805239956,1.430424e-06
20.0,0.0,205.42272864540317,1.365988e-06
20.0,0.0,205.4222804725626,1.360415e-06
20.0,0.0,205.42189031754492,1.292676e-06
20.0,0.0,205.42145795643728,1.375753e-06
20.0,0.0,205.42103386336487,1.400447e-06
20.0,0.0,205.420634576738,1.401699e-06
20.0,0.0,205.42020916980175,1.39953e-06
20.0,0.0,205.41978117213495,1.348351e-06
20.0,0.0,205.41935029048545,1.342967e-06
20.0,0.0,205.41892412877047,1.370223e-06
20.0,0.0,205.41851940218797,1.396591e-06
20.0,0.0,205.41809107486932,1.312845e-06
20.0,0.0,205.41766102882053,1.388806e-06
20.0,0.0,205.41724193922752,1.395456e-06
20.0,0.0,205.4168338550633,1.384338e-06
20.0,0.0,205.41640318499677,1.299035e-06
20.0,0.0,205.41599718600676,1.35781e-06
20.0,0.0,205.41558454541007,1.339038e-06
20.0,0.0,205.41515663680337,1.347245e-06
20.0,0.0,205.414771212184,1.314402e-06
20.0,0.0,205.4143267898725,1.31964e-06
20.0,0.0,205.41392774258853,1.364228e-06
20.0,0.0,205.41350397953903,1.387307e-06
20.0,0.0,205.4131047619913,1.273409e-06
20.0,0.0,205.41267572194533,1.125489e-06
20.0,0.0,205.4122539835574,1.184701e-06
20.0,0.0,205.4118457828896,1.230423e-06
20.0,0.0,205.41141508204169,1.134817e-06
20.0,0.0,205.4109865588617,1.201101e-06
20.0,0.0,205.4105763732914,1.234337e-06
20.0,0.0,205.4101625193378,1.205466e-06
20.0,0.0,205.40973845011004,1.210588e-06
20.0,0.0,205.4093065970468,1.242253e-06
20.0,0.0,205.40888409487863,1.232809e-06
20.0,0.0,205.40846770637444,1.223496e-06
20.0,0.0,205.4080507325116,1.225708e-06
20.0,0.0,205.4076288991573,1.254084e-06
20.0,0.0,205.4072436986029,1.288543e-06
20.0,0.0,205.40679658086023,9.554497e-07
20.0,0.0,205.4063980386996,1.287277e-06
20.0,0.0,205.40595118269584,1.364417e-06
20.0,0.0,205.40556550447468,1.437467e-06
20.0,0.0,205.40514206627927,1.471606e-06
20.0,0.0,205.40472615161275,1.414868e-06
20.0,0.0,205.4043180481121,1.402179e-06
20.0,0.0,205.40388719081537,1.537701e-06
20.0,0.0,205.40347976360027,1.413719e-06
20.0,0.0,205.4030649997176,1.433029e-06
20.0,0.0,205.40264934335727,1.439083e-06
20.0,0.0,205.4022096506744,1.53821e-06
20.0,0.0,205.40182415783428,1.517736e-06
20.0,0.0,205.40138518030008,1.495137e-06
20.0,0.0,205.40098519351943,1.462671e-06
20.0,0.0,205.40054427169017,1.336186e-06
20.0,0.0,205.4001287863336,1.487846e-06
20.0,0.0,205.399714839916,1.522858e-06
20.0,0.0,205.39930797346008,1.469409e-06
20.0,0.0,205.39886732600533,1.445485e-06
20.0,0.0,205.39844363655757,1.456385e-06
20.0,0.0,205.39799674217207,1.511347e-06
20.0,0.0,205.39760913987817,1.442342e-06
20.0,0.0,205.39719345333853,1.387933e-06
20.0,0.0,205.3967858254884,1.333479e-06
20.0,0.0,205.3963604523073,1.34646e-06
20.0,0.0,205.39593333786863,1.341192e-06
20.0,0.0,205.39553215908327,1.29627e-06
20.0,0.0,205.39510261916,1.273918e-06
20.0,0.0,205.39470362725115,1.296547e-06
20.0,0.0,205.39427968971876,1.311011e-06
20.0,0.0,205.39385495568612,1.388413e-06
20.0,0.0,205.39345734911487,1.324719e-06
20.0,0.0,205.3930120401336,1.23748e-06
20.0,0.0,205.39260971882825,1.340624e-06
20.0,0.0,205.3922091960005,1.339562e-06
20.0,0.0,205.39178133000837,1.347042e-06
20.0,0.0,205.39133792084715,1.326684e-06
20.0,0.0,205.3909423387532,1.349646e-06
20.0,0.0,205.390519310585,1.3752e-06
20.0,0.0,205.390075963333,1.32581e-06
20.0,0.0,205.38966047134983,1.324108e-06
20.0,0.0,205.38926068884163,1.274835e-06
20.0,0.0,205.38883319194449,1.352368e-06
20.0,0.0,205.3884022231792,1.35343e-06
20.0,0.0,205.3879962280625,1.277862e-06
20.0,0.0,205.387583237542,1.211418e-06
20.0,0.0,205.3871557471264,1.317661e-06
20.0,0.0,205.38677040954823,1.352208e-06
20.0,0.0,205.38632613806416,1.32584e-06
20.0,0.0,205.3859275208605,1.360386e-06
20.0,0.0,205.38550370294575,1.384658e-06
20.0,0.0,205.38509295846404,1.35912e-06
20.0,0.0,205.3846757693113,1.37664e-06
20.0,0.0,205.384254090532,1.372566e-06
20.0,0.0,205.38383596399373,1.332694e-06
20.0,0.0,205.38341521717817,1.3565e-06
20.0,0.0,205.3829861340398,1.37875e-06
20.0,0.0,205.38259808704532,1.389315e-06
20.0,0.0,205.38218273515136,1.394306e-06
20.0,0.0,205.38173819821023,1.363442e-06
20.0,0.0,205.38133935264165,1.405991e-06
20.0,0.0,205.38091561300584,1.427688e-06
20.0,0.0,205.3804675177257,1.391658e-06
20.0,0.0,205.38006775204727,1.26072e-06
20.0,0.0,205.37966262336127,1.348541e-06
20.0,0.0,205.37924304325213,1.291046e-06
20.0,0.0,205.37879627498907,1.310429e-06
20.0,0.0,205.37835884538697,1.37488e-06
20.0,0.0,205.3779734894378,1.423512e-06
20.0,0.0,205.37753016726631,1.345878e-06
20.0,0.0,205.37711511998367,1.390843e-06
20.0,0.0,205.3767267214932,1.371372e-06
20.0,0.0,205.3762959751051,1.360866e-06
20.0,0.0,205.3758742747356,1.414504e-06
20.0,0.0,205.37545710213948,1.320994e-06
20.0,0.0,205.37503775007588,1.276436e-06
20.0,0.0,205.37465000218643,1.17594e-06
20.0,0.0,205.37421007633623,1.209395e-06
20.0,0.0,205.37380994732413,1.345848e-06
20.0,0.0,205.37338590428035,1.276741e-06
20.0,0.0,205.37294332092276,1.253924e-06
20.0,0.0,205.37256316688664,1.329128e-06
20.0,0.0,205.37212977868816,1.352324e-06
20.0,0.0,205.37171434229256,1.359294e-06
20.0,0.0,205.37130141217017,1.333174e-06
20.0,0.0,205.37087743279184,1.273147e-06
20.0,0.0,205.37044372921548,1.177032e-06
20.0,0.0,205.3700200613868,1.131557e-06
20.0,0.0,205.3696078377044,1.187684e-06
20.0,0.0,205.36919414658803,1.214634e-06
20.0,0.0,205.3687690354522,1.163891e-06
20.0,0.0,205.36833817558744,1.121807e-06
20.0,0.0,205.36792986647504,1.198481e-06
20.0,0.0,205.36750434455388,1.11702e-06
20.0,0.0,205.3671024455477,1.174325e-06
20.0,0.0,205.36670100013276,1.203443e-06
20.0,0.0,205.36627457465005,1.146997e-06
20.0,0.0,205.36586642226507,1.062668e-06
20.0,0.0,205.36543172726732,1.066655e-06
20.0,0.0,205.36502762255373,1.216657e-06
20.0,0.0,205.3646092361564,1.16913e-06
20.0,0.0,205.3641808878096,1.091481e-06
20.0,0.0,205.36377638055893,1.194188e-06
20.0,0.0,205.36336286401547,1.09183e-06
20.0,0.0,205.36291942896565,1.037624e-06
20.0,0.0,205.36251512908592,1.038483e-06
20.0,0.0,205.36210445626375,1.18358e-06
20.0,0.0,205.36169269419875,1.138163e-06
20.0,0.0,205.36128784645027,1.163891e-06
20.0,0.0,205.3608450381303,1.052511e-06
20.0,0.0,205.36042103915128,9.830692e-07
20.0,0.0,205.36001752402083,1.037421e-06
20.0,0.0,205.35959755939464,9.626237000000001e-07
20.0,0.0,205.35916785138133,1.1394e-06
20.0,0.0,205.35874776010004,1.138702e-06
20.0,0.0,205.35831673409567,1.103792e-06
20.0,0.0,205.35789340617825,1.175649e-06
20.0,0.0,205.35747863301657,1.132837e-06
20.0,0.0,205.3570543808187,1.114706e-06
20.0,0.0,205.35663921822297,1.168839e-06
20.0,0.0,205.35623196681064,1.140448e-06
20.0,0.0,205.3558080776687,1.209366e-06
20.0,0.0,205.35540948746123,1.194247e-06
20.0,0.0,205.35496320342233,1.151362e-06
20.0,0.0,205.35457147427508,1.201755e-06
20.0,0.0,205.35415639919867,1.197855e-06
20.0,0.0,205.35373794671105,1.246444e-06
20.0,0.0,205.3533297555946,1.216584e-06
20.0,0.0,205.35289860123356,1.146647e-06
20.0,0.0,205.35249219388496,1.003369e-06
20.0,0.0,205.35207841508648,1.220018e-06
20.0,0.0,205.35164432888703,1.193737e-06
20.0,0.0,205.35122069534415,1.221342e-06
20.0,0.0,205.35082157262167,1.236767e-06
20.0,0.0,205.35038209828045,1.259832e-06
20.0,0.0,205.34995132842417,1.263092e-06
20.0,0.0,205.34953043698252,1.257038e-06
20.0,0.0,205.34914281352133,1.195222e-06
20.0,0.0,205.34872703587277,1.295295e-06
20.0,0.0,205.34827829588207,1.321794e-06
20.0,0.0,205.34787922245644,1.328401e-06
20.0,0.0,205.34745553007784,1.318884e-06
20.0,0.0,205.34701051921584,1.340813e-06
20.0,0.0,205.3466230558908,1.338558e-06
20.0,0.0,205.34619955041288,1.366352e-06
20.0,0.0,205.34579836608808,1.37795e-06
20.0,0.0,205.345374327258,1.391687e-06
20.0,0.0,205.34497546358048,1.322944e-06
20.0,0.0,205.3445324906604,1.413282e-06
20.0,0.0,205.34413695949252,1.467604e-06
20.0,0.0,205.3437294321126,1.438588e-06
20.0,0.0,205.34329835360012,1.490174e-06
20.0,0.0,205.34287674685152,1.546054e-06
20.0,0.0,205.34245964484984,1.537555e-06
20.0,0.0,205.3420408794896,1.489971e-06
20.0,0.0,205.34165324467727,1.484514e-06
20.0,0.0,205.3412099726764,1.48949e-06
20.0,0.0,205.34078178444105,1.514243e-06
20.0,0.0,205.34038887679517,1.560358e-06
20.0,0.0,205.33994346227516,1.508641e-06
20.0,0.0,205.33952090613533,1.469714e-06
20.0,0.0,205.3391053519381,1.369815e-06
20.0,0.0,205.33867384090007,1.474633e-06
20.0,0.0,205.33824715195996,1.499677e-06
20.0,0.0,205.3378459442924,1.570428e-06
20.0,0.0,205.3374038870456,1.560998e-06
20.0,0.0,205.33699783319048,1.546665e-06
20.0,0.0,205.33658529520247,1.61225e-06
20.0,0.0,205.33617569824412,1.587236e-06
20.0,0.0,205.3357721005552,1.577151e-06
20.0,0.0,205.335328189948,1.656634e-06
20.0,0.0,205.33493332175345,1.678374e-06
20.0,0.0,205.33450844910087,1.651715e-06
20.0,0.0,205.33409417294703,1.67868e-06
20.0,0.0,205.33370526909152,1.661276e-06
20.0,0.0,205.3332582236036,1.780703e-06
20.0,0.0,205.33283707229788,1.750348e-06
20.0,0.0,205.3324357444204,1.742301e-06
20.0,0.0,205.33198805648897,1.809109e-06
20.0,0.0,205.33160084993452,1.590714e-06
20.0,0.0,205.33118529573727,1.568318e-06
20.0,0.0,205.3307613845573,1.620065e-06
20.0,0.0,205.33031602948833,1.738372e-06
20.0,0.0,205.32988503522492,1.768582e-06
20.0,0.0,205.32949355030513,1.6923e-06
20.0,0.0,205.3290525658724,1.847438e-06
20.0,0.0,205.3286370157871,1.867826e-06
20.0,0.0,205.32824339337927,1.91154e-06
20.0,0.0,205.3278143900527,1.872744e-06
20.0,0.0,205.3273834891464,1.907392e-06
20.0,0.0,205.32697559339852,1.839973e-06
20.0,0.0,205.32656038968483,1.932945e-06
20.0,0.0,205.32617289994695,1.80972e-06
20.0,0.0,205.32572937132943,1.834997e-06
20.0,0.0,205.32530562845773,1.830922e-06
20.0,0.0,205.32490688184353,1.7157e-06
20.0,0.0,205.32448339345405,1.849548e-06
20.0,0.0,205.3240742278684,1.826716e-06
20.0,0.0,205.3236529549152,1.998284e-06
20.0,0.0,205.32323492787145,1.769935e-06
20.0,0.0,205.32281806161023,1.999768e-06
20.0,0.0,205.32239561703108,2.06448e-06
20.0,0.0,205.32196516894535,2.017507e-06
20.0,0.0,205.32156544734727,1.954628e-06
20.0,0.0,205.32115994551913,2.03395e-06
20.0,0.0,205.32071860343345,2.00147e-06
20.0,0.0,205.3203192214862,1.990309e-06
20.0,0.0,205.31989522847107,1.949942e-06
20.0,0.0,205.31944884992907,1.955457e-06
20.0,0.0,205.31902749631251,1.992972e-06
20.0,0.0,205.31863999995863,2.017186e-06
20.0,0.0,205.31822500676108,1.892331e-06
20.0,0.0,205.3177760138257,1.900189e-06
20.0,0.0,205.31735227691783,2.024535e-06
20.0,0.0,205.31695353413045,1.965396e-06
20.0,0.0,205.3165078225848,2.110552e-06
20.0,0.0,205.3161055486123,1.97906e-06
20.0,0.0,205.31570450682747,1.950466e-06
20.0,0.0,205.3152773300488,1.886889e-06
20.0,0.0,205.31486915492357,1.862398e-06
20.0,0.0,205.31443870683785,1.838969e-06
20.0,0.0,205.31403633515967,1.850945e-06
20.0,0.0,205.31362760536896,1.687527e-06
20.0,0.0,205.31319191320583,1.776323e-06
20.0,0.0,205.3128064574869,1.728884e-06
20.0,0.0,205.31236586658588,1.859356e-06
20.0,0.0,205.31192677225687,1.718683e-06
20.0,0.0,205.3115232047976,1.577486e-06
20.0,0.0,205.31110737928907,1.623193e-06
20.0,0.0,205.31069238759403,1.681881e-06
20.0,0.0,205.31024690544433,1.679597e-06
20.0,0.0,205.30985946663748,1.683948e-06
20.0,0.0,205.30942417611772,1.556429e-06
20.0,0.0,205.3089754807231,1.606284e-06
20.0,0.0,205.3085899430284,1.61193e-06
20.0,0.0,205.30817188615796,1.616325e-06
20.0,0.0,205.30775086794128,1.660184e-06
20.0,0.0,205.3073429202186,1.659631e-06
20.0,0.0,205.3069120186936,1.611246e-06
20.0,0.0,205.30650697739776,1.639783e-06
20.0,0.0,205.30609498211783,1.60544e-06
20.0,0.0,205.30566499158897,1.473847e-06
20.0,0.0,205.3052602483294,1.329739e-06
20.0,0.0,205.30483651142157,1.316526e-06
20.0,0.0,205.3044380133257,1.365872e-06
20.0,0.0,205.303990583715,1.291832e-06
20.0,0.0,205.30359028340277,1.249267e-06
20.0,0.0,205.30318754543856,1.303692e-06
20.0,0.0,205.30276367543527,1.292006e-06
20.0,0.0,205.302318806882,1.320004e-06
20.0,0.0,205.30192505680728,1.356952e-06
20.0,0.0,205.30149813251728,1.28377e-06
20.0,0.0,205.30108552940771,1.326785e-06
20.0,0.0,205.30067233819744,1.299952e-06
20.0,0.0,205.30024809033137,1.24998e-06
20.0,0.0,205.2998153210982,1.372406e-06
20.0,0.0,205.29940737337557,1.314882e-06
20.0,0.0,205.29897679726773,1.275417e-06
20.0,0.0,205.29856124969703,1.202061e-06
20.0,0.0,205.29812888164983,1.25439e-06
20.0,0.0,205.29770671698037,1.273758e-06
20.0,0.0,205.2973061463594,1.263339e-06
20.0,0.0,205.29686809376935,1.189837e-06
20.0,0.0,205.2964599237389,1.207765e-06
20.0,0.0,205.2960415754478,1.203429e-06
20.0,0.0,205.2956364277252,1.230117e-06
20.0,0.0,205.29523653570297,1.190681e-06
20.0,0.0,205.29480586021467,1.147011e-06
20.0,0.0,205.29439745768687,1.162407e-06
20.0,0.0,205.29396655479604,1.133056e-06
20.0,0.0,205.2935491304636,1.250708e-06
20.0,0.0,205.29316108346913,1.191016e-06
20.0,0.0,205.29271848762707,1.211723e-06
20.0,0.0,205.2922949906045,1.229899e-06
20.0,0.0,205.29189649680288,1.173044e-06
20.0,0.0,205.29147250975163,1.175882e-06
20.0,0.0,205.29102946284087,1.15337e-06
20.0,0.0,205.29061419320803,1.182998e-06
20.0,0.0,205.29022627161385,1.193606e-06
20.0,0.0,205.28979571712344,1.218825e-06
20.0,0.0,205.2893540455364,9.989453e-07
20.0,0.0,205.28893413874437,1.252716e-06
20.0,0.0,205.2885313148664,1.198539e-06
20.0,0.0,205.2880942476476,1.22872e-06
20.0,0.0,205.28768357534733,1.258013e-06
20.0,0.0,205.2872793981072,1.238412e-06
20.0,0.0,205.28684849521636,1.21606e-06
20.0,0.0,205.28644009344552,1.241759e-06
20.0,0.0,205.28601678332035,1.255903e-06
20.0,0.0,205.2856136164403,1.29886e-06
20.0,0.0,205.28521402698013,1.317632e-06
20.0,0.0,205.2847663858168,1.320761e-06
20.0,0.0,205.2843771748046,1.237961e-06
20.0,0.0,205.2839433954064,1.325228e-06
20.0,0.0,205.28351965253464,1.357563e-06
20.0,0.0,205.28312041246755,1.321372e-06
20.0,0.0,205.28269352554403,1.373701e-06
20.0,0.0,205.28226857280825,1.311637e-06
20.0,0.0,205.28187393422135,1.266337e-06
20.0,0.0,205.2814294947921,1.298307e-06
20.0,0.0,205.2810041126228,1.349414e-06
20.0,0.0,205.28061689944175,1.331849e-06
20.0,0.0,205.28020163643544,1.36657e-06
20.0,0.0,205.27975522413664,1.399632e-06
20.0,0.0,205.27933123040052,1.385808e-06
20.0,0.0,205.27893223900193,1.381442e-06
20.0,0.0,205.2784838891245,1.335822e-06
20.0,0.0,205.27806834155376,1.403881e-06
20.0,0.0,205.27765307192087,1.461827e-06
20.0,0.0,205.27725543539984,1.504086e-06
20.0,0.0,205.2768275268261,1.397901e-06
20.0,0.0,205.27638903833588,1.273409e-06
20.0,0.0,205.27598868163432,1.275286e-06
20.0,0.0,205.2755662972088,1.394059e-06
20.0,0.0,205.27516756008967,1.217195e-06
20.0,0.0,205.2747438218116,1.350665e-06
20.0,0.0,205.2743248574304,1.432665e-06
20.0,0.0,205.27390325853133,1.364795e-06
20.0,0.0,205.2734725845989,1.375854e-06
20.0,0.0,205.27307335063432,1.377339e-06
20.0,0.0,205.27266900913932,1.316541e-06
20.0,0.0,205.27224851894,1.351538e-06
20.0,0.0,205.27183072713677,1.381341e-06
20.0,0.0,205.27140943601225,1.300737e-06
20.0,0.0,205.27097959621807,1.160137e-06
20.0,0.0,205.27053627675988,1.339315e-06
20.0,0.0,205.27013946052696,1.27664e-06
20.0,0.0,205.2697321583072,1.325956e-06
20.0,0.0,205.26930083189436,1.431079e-06
20.0,0.0,205.2688699344252,1.25423e-06
20.0,0.0,205.26846221410509,1.003107e-06
20.0,0.0,205.26804382995124,1.309163e-06
20.0,0.0,205.2676285621428,1.250883e-06
20.0,0.0,205.2672368400016,1.305496e-06
20.0,0.0,205.26679046430783,1.30471e-06
20.0,0.0,205.2663845647401,1.287583e-06
20.0,0.0,205.26596748483792,1.365988e-06
20.0,0.0,205.2655236016508,1.283523e-06
20.0,0.0,205.26514474954743,1.355293e-06
20.0,0.0,205.26472028502343,1.328721e-06
20.0,0.0,205.2642906942248,1.262233e-06
20.0,0.0,205.26388251709392,1.345514e-06
20.0,0.0,205.2634513937159,1.353546e-06
20.0,0.0,205.26305003521173,1.392153e-06
20.0,0.0,205.26264310521628,1.45653e-06
20.0,0.0,205.26222755105985,1.389024e-06
20.0,0.0,205.26181171632305,1.387132e-06
20.0,0.0,205.26138056460795,1.370863e-06
20.0,0.0,205.26095657755673,1.389926e-06
20.0,0.0,205.26055053204047,1.483728e-06
20.0,0.0,205.2601242692364,1.516688e-06
20.0,0.0,205.25970872209712,1.482753e-06
20.0,0.0,205.25928100715333,1.429173e-06
20.0,0.0,205.25883811334143,1.385546e-06
20.0,0.0,205.25843541219075,1.379944e-06
20.0,0.0,205.2580121666603,1.460168e-06
20.0,0.0,205.25757737897527,1.365508e-06
20.0,0.0,205.2571681424509,1.350563e-06
20.0,0.0,205.25676514085703,1.527995e-06
20.0,0.0,205.25633423883673,1.181048e-06
20.0,0.0,205.25592606371148,1.310633e-06
20.0,0.0,205.25549964112173,1.44646e-06
20.0,0.0,205.25509818453207,1.348657e-06
20.0,0.0,205.2546963244944,1.367822e-06
20.0,0.0,205.2542878783349,1.408524e-06
20.0,0.0,205.2538519624772,1.404856e-06
20.0,0.0,205.25342796834008,1.437991e-06
20.0,0.0,205.2530245193164,1.415625e-06
20.0,0.0,205.2526057344584,1.43853e-06
20.0,0.0,205.25217721274737,1.27434e-06
20.0,0.0,205.25177333244773,1.362438e-06
20.0,0.0,205.2513470509137,1.450695e-06
20.0,0.0,205.2509161480228,1.410852e-06
20.0,0.0,205.25048752188832,1.421766e-06
20.0,0.0,205.25007740943613,1.50394e-06
20.0,0.0,205.24968448982528,1.454348e-06
20.0,0.0,205.24923954732796,1.458247e-06
20.0,0.0,205.2488073219241,1.450491e-06
20.0,0.0,205.24841681203753,1.476277e-06
20.0,0.0,205.24796869871307,1.488297e-06
20.0,0.0,205.24755202875713,1.392124e-06
20.0,0.0,205.24716454426485,1.470806e-06
20.0,0.0,205.2467450833832,1.510198e-06
20.0,0.0,205.24633690782244,1.462598e-06
20.0,0.0,205.2458993554035,1.463181e-06
20.0,0.0,205.2454978347328,1.45167e-06
20.0,0.0,205.2450873556604,1.469773e-06
20.0,0.0,205.2446445875827,1.381646e-06
20.0,0.0,205.24424907555968,1.44892e-06
20.0,0.0,205.2438301479148,1.476481e-06
20.0,0.0,205.24339014072044,1.515815e-06
20.0,0.0,205.2429831566888,1.539025e-06
20.0,0.0,205.24256824806824,1.513064e-06
20.0,0.0,205.24215992688087,1.51321e-06
20.0,0.0,205.24175744021943,1.523164e-06
20.0,0.0,205.2413116966712,1.502238e-06
20.0,0.0,205.24090246034592,1.524284e-06
20.0,0.0,205.24048103213843,1.536784e-06
20.0,0.0,205.24006550789088,1.536595e-06
20.0,0.0,205.2396221818061,1.493492e-06
20.0,0.0,205.239209754666,1.590597e-06
20.0,0.0,205.23881409508368,1.557986e-06
20.0,0.0,205.2383737716768,1.580163e-06
20.0,0.0,205.23792957661905,1.514651e-06
20.0,0.0,205.2375039346961,1.54e-06
20.0,0.0,205.23711671488851,1.545661e-06
20.0,0.0,205.23670144588,1.724038e-06
20.0,0.0,205.23628369249815,1.691282e-06
20.0,0.0,205.23586883953624,1.69409e-06
20.0,0.0,205.23547009141407,1.62558e-06
20.0,0.0,205.23502622641288,1.645691e-06
20.0,0.0,205.234631464958,1.679335e-06
20.0,0.0,205.23422290984095,1.645793e-06
20.0,0.0,205.23379239236365,1.699824e-06
20.0,0.0,205.23336665853216,1.543172e-06
20.0,0.0,205.23296421225797,1.704015e-06
20.0,0.0,205.2325199654412,1.66033e-06
20.0,0.0,205.23211698262173,1.713925e-06
20.0,0.0,205.2317174826273,1.663502e-06
20.0,0.0,205.23128794656117,1.682056e-06
20.0,0.0,205.23084636540895,1.608714e-06
20.0,0.0,205.23043843163947,1.64377e-06
20.0,0.0,205.23001476320832,1.709268e-06
20.0,0.0,205.22959920901104,1.684166e-06
20.0,0.0,205.2291632965573,1.611697e-06
20.0,0.0,205.22877879926128,1.645545e-06
20.0,0.0,205.22834731889952,1.536508e-06
20.0,0.0,205.22791630498983,1.347405e-06
20.0,0.0,205.22750868740263,1.594788e-06
20.0,0.0,205.2270928618941,1.580192e-06
20.0,0.0,205.2267048154347,1.482666e-06
20.0,0.0,205.226258346097,1.485139e-06
20.0,0.0,205.225857998183,1.428125e-06
20.0,0.0,205.22542810332683,9.677606000000003e-07
20.0,0.0,205.22500268448908,5.623297000000001e-07
20.0,0.0,205.2246149183503,9.427895e-07
20.0,0.0,205.2241993744883,8.893693999999999e-07
20.0,0.0,205.22375294348913,1.459121e-06
20.0,0.0,205.22335394818265,1.416542e-06
20.0,0.0,205.22293247933513,1.474065e-06
20.0,0.0,205.2224970199072,1.415392e-06
20.0,0.0,205.22210925085056,1.466338e-06
20.0,0.0,205.22167208131117,1.434586e-06
20.0,0.0,205.22124833914503,1.390566e-06
20.0,0.0,205.2208493472831,1.430526e-06
20.0,0.0,205.22042560558967,1.386987e-06
20.0,0.0,205.21999016083464,1.449429e-06
20.0,0.0,205.21957993819225,1.41676e-06
20.0,0.0,205.2191666918934,1.325563e-06
20.0,0.0,205.21874269887832,1.225722e-06
20.0,0.0,205.2183104143662,1.249209e-06
20.0,0.0,205.2178797422338,1.061504e-06
20.0,0.0,205.2174718800545,5.298207e-07
20.0,0.0,205.2170425218088,9.120413000000001e-07
20.0,0.0,205.21662725217587,1.582812e-06
20.0,0.0,205.21621328431976,1.452921e-06
20.0,0.0,205.21580640533827,1.450913e-06
20.0,0.0,205.2153840023363,1.604465e-06
20.0,0.0,205.21496777847108,1.52085e-06
20.0,0.0,205.21456027401095,1.504144e-06
20.0,0.0,205.2141407920541,1.467066e-06
20.0,0.0,205.2137338828817,1.504974e-06
20.0,0.0,205.21331657502176,1.511697e-06
20.0,0.0,205.21291064883968,1.550201e-06
20.0,0.0,205.21246287217872,1.514927e-06
20.0,0.0,205.21206291141772,1.527878e-06
20.0,0.0,205.21165219332616,1.545937e-06
20.0,0.0,205.21122820031104,1.529334e-06
20.0,0.0,205.2107974612817,1.590466e-06
20.0,0.0,205.21036656381247,1.647015e-06
20.0,0.0,205.20995883807075,1.594221e-06
20.0,0.0,205.20954025474063,1.617489e-06
20.0,0.0,205.20910381245048,1.604305e-06
20.0,0.0,205.20869902458776,1.640597e-06
20.0,0.0,205.20829321577324,1.624867e-06
20.0,0.0,205.2078512940452,1.686611e-06
20.0,0.0,205.20745459256227,1.737266e-06
20.0,0.0,205.2070350657609,1.595705e-06
20.0,0.0,205.2066161967539,1.693857e-06
20.0,0.0,205.2062181580714,1.716428e-06
20.0,0.0,205.20578849919457,1.752313e-06
20.0,0.0,205.20538032743784,1.774431e-06
20.0,0.0,205.20494711337864,1.787936e-06
20.0,0.0,205.20454170085836,1.722728e-06
20.0,0.0,205.20414153859568,1.730048e-06
20.0,0.0,205.20370018144,1.722976e-06
20.0,0.0,205.20330038282967,1.928318e-06
20.0,0.0,205.20287633307197,2.001689e-06
20.0,0.0,205.202442724042,1.533015e-06
20.0,0.0,205.20203771122095,6.134214e-07
20.0,0.0,205.20162023812492,1.062581e-07
20.0,0.0,205.201199087212,1.0119400000000001e-07
20.0,0.0,205.20080616042208,6.785558000000001e-08
20.0,0.0,205.2003613283187,1.5384280000000003e-07
20.0,0.0,205.1999407623977,4.969042000000002e-07
20.0,0.0,205.1995385962805,1.081193e-06
20.0,0.0,205.19910261457417,1.692533e-06
20.0,0.0,205.19868706138251,1.875582e-06
20.0,0.0,205.19826306117065,1.806548e-06
20.0,0.0,205.19782126608487,1.732464e-06
20.0,0.0,205.1974130923022,1.805194e-06
20.0,0.0,205.1969840700241,1.693523e-06
20.0,0.0,205.1965846675204,1.735432e-06
20.0,0.0,205.19618158058367,1.822773e-06
20.0,0.0,205.19575857699687,1.800174e-06
20.0,0.0,205.19534486123487,1.744833e-06
20.0,0.0,205.1949086505788,1.820139e-06
20.0,0.0,205.19450302305967,1.862631e-06
20.0,0.0,205.19409086718264,1.93069e-06
20.0,0.0,205.19367532092875,1.886016e-06
20.0,0.0,205.19327233045047,1.872992e-06
20.0,0.0,205.19284595679727,1.844179e-06
20.0,0.0,205.192410084616,1.8508e-06
20.0,0.0,205.19200123240012,1.871202e-06
20.0,0.0,205.1915854105916,1.819877e-06
20.0,0.0,205.19115739017505,1.847497e-06
20.0,0.0,205.1907717110041,1.886365e-06
20.0,0.0,205.19032788777687,1.767447e-06
20.0,0.0,205.1898917304004,1.783075e-06
20.0,0.0,205.18946792576173,1.732333e-06
20.0,0.0,205.18906062302688,1.692199e-06
20.0,0.0,205.18864545081348,1.730732e-06
20.0,0.0,205.18822133753275,1.804292e-06
20.0,0.0,205.1878064209204,1.752225e-06
20.0,0.0,205.18738315291623,1.725872e-06
20.0,0.0,205.18696418829953,1.670647e-06
20.0,0.0,205.18656411468496,1.703418e-06
20.0,0.0,205.18613069049437,1.753753e-06
20.0,0.0,205.1857384409892,1.714347e-06
20.0,0.0,205.185308989257,1.656415e-06
20.0,0.0,205.1848861609932,1.685563e-06
20.0,0.0,205.184469915999,1.694018e-06
20.0,0.0,205.18403991745436,1.690816e-06
20.0,0.0,205.1836596854332,1.64035e-06
20.0,0.0,205.18323569111504,1.557724e-06
20.0,0.0,205.18280427085685,1.487322e-06
20.0,0.0,205.18239632313416,1.568478e-06
20.0,0.0,205.1819656530676,1.581895e-06
20.0,0.0,205.18157370693265,1.443303e-06
20.0,0.0,205.1811472307292,1.511988e-06
20.0,0.0,205.1807304627092,1.239154e-06
20.0,0.0,205.18029956512157,1.446664e-06
20.0,0.0,205.17989161739888,1.451233e-06
20.0,0.0,205.17945929188863,1.473454e-06
20.0,0.0,205.1790357946467,1.449574e-06
20.0,0.0,205.1786137007332,1.431268e-06
20.0,0.0,205.17818031119845,1.480847e-06
20.0,0.0,205.1777768448952,1.417968e-06
20.0,0.0,205.17734145902847,1.42389e-06
20.0,0.0,205.1769159250859,1.445136e-06
20.0,0.0,205.1765081909921,1.45215e-06
20.0,0.0,205.17611167756,1.441615e-06
20.0,0.0,205.17569443472888,1.405278e-06
20.0,0.0,205.17527093713247,1.279754e-06
20.0,0.0,205.1748721997252,1.29579e-06
20.0,0.0,205.17442836955607,1.476612e-06
20.0,0.0,205.17402496412507,1.479581e-06
20.0,0.0,205.1736152491179,1.533219e-06
20.0,0.0,205.17319344443365,1.556065e-06
20.0,0.0,205.17279130076528,1.562672e-06
20.0,0.0,205.1723675569121,1.592154e-06
20.0,0.0,205.17192817522212,1.581735e-06
20.0,0.0,205.1715253533681,1.584995e-06
20.0,0.0,205.171109812424,1.510809e-06
20.0,0.0,205.17069250427707,1.613094e-06
20.0,0.0,205.1702583231429,1.612105e-06
20.0,0.0,205.16984992332755,1.607114e-06
20.0,0.0,205.16941879574327,1.641281e-06
20.0,0.0,205.16899075800677,1.63482e-06
20.0,0.0,205.16857993970808,1.539869e-06
20.0,0.0,205.168187997255,1.599037e-06
20.0,0.0,205.16775423492433,1.601366e-06
20.0,0.0,205.16734521487973,1.724417e-06
20.0,0.0,205.1669143174106,1.714376e-06
20.0,0.0,205.16650925144137,1.709035e-06
20.0,0.0,205.16609723422815,1.812339e-06
20.0,0.0,205.16566706426923,1.809196e-06
20.0,0.0,205.16528173845515,1.73274e-06
20.0,0.0,205.16483980773972,1.556342e-06
20.0,0.0,205.16440279272408,1.572553e-06
20.0,0.0,205.1640014094416,1.842447e-06
20.0,0.0,205.16359229329336,1.754961e-06
20.0,0.0,205.16316324645743,1.765802e-06
20.0,0.0,205.16275807336228,1.872933e-06
20.0,0.0,205.16234094553624,1.877706e-06
20.0,0.0,205.16191053252436,1.907087e-06
20.0,0.0,205.1615015467596,1.901019e-06
20.0,0.0,205.16107515511248,1.983397e-06
20.0,0.0,205.1606985094744,1.855282e-06
20.0,0.0,205.16025242047616,1.847613e-06
20.0,0.0,205.15981947559837,1.737135e-06
20.0,0.0,205.159417948292,1.850727e-06
20.0,0.0,205.15899395987975,1.861365e-06
20.0,0.0,205.158553018442,1.777298e-06
20.0,0.0,205.15813775543563,1.732697e-06
20.0,0.0,205.15769998777125,1.966226e-06
20.0,0.0,205.1573147643392,2.006185e-06
20.0,0.0,205.15687962988423,2.086221e-06
20.0,0.0,205.15644483863863,2.055909e-06
20.0,0.0,205.15604729346623,2.031506e-06
20.0,0.0,205.15564132167177,1.950801e-06
20.0,0.0,205.15524098123484,2.012035e-06
20.0,0.0,205.15480985636313,1.97519e-06
20.0,0.0,205.15440172507823,2.074434e-06
20.0,0.0,205.15395987499988,1.884269e-06
20.0,0.0,205.15354096622897,2.107321e-06
20.0,0.0,205.15315347700593,2.10233e-06
20.0,0.0,205.152735809851,2.061628e-06
20.0,0.0,205.1522881429362,2.047804e-06
20.0,0.0,205.1518891490112,2.085479e-06
20.0,0.0,205.15146563561927,2.194924e-06
20.0,0.0,205.1510352412532,2.229426e-06
20.0,0.0,205.15061634033788,2.218381e-06
20.0,0.0,205.15023089297824,2.198823e-06
20.0,0.0,205.1497827447859,2.251923e-06
20.0,0.0,205.1493572907733,2.232526e-06
20.0,0.0,205.14893841170823,2.159344e-06
20.0,0.0,205.14852617459724,2.224828e-06
20.0,0.0,205.14808607129217,2.174333e-06
20.0,0.0,205.1476983029432,2.273126e-06
20.0,0.0,205.14727180420553,2.337314e-06
20.0,0.0,205.14686362607392,2.312983e-06
20.0,0.0,205.14643249878685,2.283792e-06
20.0,0.0,205.1460295062888,2.28663e-06
20.0,0.0,205.14560643732395,2.141125e-06
20.0,0.0,205.1451943008593,2.175337e-06
20.0,0.0,205.1447891399974,2.178902e-06
20.0,0.0,205.14435824113727,2.210712e-06
20.0,0.0,205.14395029341455,2.215689e-06
20.0,0.0,205.1435295384648,2.15591e-06
20.0,0.0,205.14309393355472,2.042027e-06
20.0,0.0,205.1427132013497,2.099434e-06
20.0,0.0,205.14228467111707,2.202738e-06
20.0,0.0,205.14185376822624,2.153378e-06
20.0,0.0,205.1414458205036,2.168817e-06
20.0,0.0,205.14102407169207,2.131128e-06
20.0,0.0,205.140594922418,2.085668e-06
20.0,0.0,205.1402069072452,2.028959e-06
20.0,0.0,205.13977929401747,1.98395e-06
20.0,0.0,205.13933547646548,2.114481e-06
20.0,0.0,205.1388945330676,2.089902e-06
20.0,0.0,205.13850909039036,2.180852e-06
20.0,0.0,205.1380733344257,2.076937e-06
20.0,0.0,205.13765393179585,2.096174e-06
20.0,0.0,205.13722822314068,2.186571e-06
20.0,0.0,205.13682049947,2.010347e-06
20.0,0.0,205.1363898237578,1.983266e-06
20.0,0.0,205.135982567587,2.009663e-06
20.0,0.0,205.1355684167572,1.979963e-06
20.0,0.0,205.13516008398852,1.998662e-06
20.0,0.0,205.13474770959803,1.960507e-06
20.0,0.0,205.13432947826965,1.969354e-06
20.0,0.0,205.1339082987461,2.037035e-06
20.0,0.0,205.1334779348304,1.925029e-06
20.0,0.0,205.13307914927836,2.003158e-06
20.0,0.0,205.13267544546767,2.010318e-06
20.0,0.0,205.13223115728428,1.984226e-06
20.0,0.0,205.1318449395024,2.034867e-06
20.0,0.0,205.13140314206896,2.058776e-06
20.0,0.0,205.13097195883967,2.083965e-06
20.0,0.0,205.13056428759208,2.074376e-06
20.0,0.0,205.1301685822345,2.051762e-06
20.0,0.0,205.1297254806775,2.055793e-06
20.0,0.0,205.1292863756401,2.076034e-06
20.0,0.0,205.12888376605528,2.058659e-06
20.0,0.0,205.1284667767519,2.102403e-06
20.0,0.0,205.128022815936,2.075918e-06
20.0,0.0,205.1276192942545,2.083485e-06
20.0,0.0,205.1272200539168,2.06352e-06
20.0,0.0,205.12681277497452,2.003289e-06
20.0,0.0,205.12638634368088,1.992492e-06
20.0,0.0,205.1259436258063,1.944733e-06
20.0,0.0,205.1255633564988,1.959168e-06
20.0,0.0,205.1251298500056,1.997643e-06
20.0,0.0,205.12471512207352,2.049885e-06
20.0,0.0,205.12430784858603,1.994893e-06
20.0,0.0,205.1238726257673,1.936525e-06
20.0,0.0,205.12348061847197,1.889508e-06
20.0,0.0,205.1230385409696,1.885783e-06
20.0,0.0,205.12262298947624,1.805252e-06
20.0,0.0,205.12223287665785,1.668523e-06
20.0,0.0,205.12180291724488,1.731722e-06
20.0,0.0,205.12136171554377,1.737877e-06
20.0,0.0,205.12097565489785,1.739827e-06
20.0,0.0,205.12053278439276,1.759952e-06
20.0,0.0,205.1201285123052,1.769018e-06
20.0,0.0,205.11972910897876,1.632696e-06
20.0,0.0,205.1192810325256,1.63175e-06
20.0,0.0,205.11885728965385,1.64441e-06
20.0,0.0,205.11841177249443,1.697059e-06
20.0,0.0,205.11801824134977,1.76765e-06
20.0,0.0,205.11758452585468,1.766733e-06
20.0,0.0,205.117168978284,1.763663e-06
20.0,0.0,205.11676757354516,1.819441e-06
20.0,0.0,205.11634077097372,1.752866e-06
20.0,0.0,205.11591553864503,1.766719e-06
20.0,0.0,205.1155195828784,1.805864e-06
20.0,0.0,205.1150793103687,1.867156e-06
20.0,0.0,205.11469488582387,1.868015e-06
20.0,0.0,205.114270887187,1.707522e-06
20.0,0.0,205.11383604646264,1.859298e-06
20.0,0.0,205.11342764393484,1.733861e-06
20.0,0.0,205.1130021283908,1.815366e-06
20.0,0.0,205.1126285269065,1.771681e-06
20.0,0.0,205.11218547318063,1.749548e-06
20.0,0.0,205.11176198910715,1.606168e-06
20.0,0.0,205.11134308423993,1.664448e-06
20.0,0.0,205.11092337019824,1.639055e-06
20.0,0.0,205.1104966217139,1.62475e-06
20.0,0.0,205.11007260327244,1.65544e-06
20.0,0.0,205.1096589995286,1.582899e-06
20.0,0.0,205.10925705596927,1.665452e-06
20.0,0.0,205.10882615307844,1.428576e-06
20.0,0.0,205.1084021045894,1.454289e-06
20.0,0.0,205.1079900301903,1.456967e-06
20.0,0.0,205.10756487206015,1.509194e-06
20.0,0.0,205.1071538580968,1.50573e-06
20.0,0.0,205.1067523779601,1.654553e-06
20.0,0.0,205.10633448248967,1.568333e-06
20.0,0.0,205.10590763604193,1.545806e-06
20.0,0.0,205.1054836430268,1.560635e-06
20.0,0.0,205.10508489812975,1.47798e-06
20.0,0.0,205.1046682259663,1.489694e-06
20.0,0.0,205.10422493903755,1.557157e-06
20.0,0.0,205.1038259405224,1.544657e-06
20.0,0.0,205.1034021993874,1.486595e-06
20.0,0.0,205.10300041421297,1.44873e-06
20.0,0.0,205.10256273753276,1.568173e-06
20.0,0.0,205.1021586130616,1.465902e-06
20.0,0.0,205.10176502939368,1.337699e-06
20.0,0.0,205.10132004359167,1.316512e-06
20.0,0.0,205.10088096041375,1.381864e-06
20.0,0.0,205.10049574045672,1.431225e-06
20.0,0.0,205.10005729479576,1.369321e-06
20.0,0.0,205.09963759543575,1.448017e-06
20.0,0.0,205.09922712897463,1.524342e-06
20.0,0.0,205.09881144962824,1.313121e-06
20.0,0.0,205.0983797465649,1.282504e-06
20.0,0.0,205.09793477885535,1.257489e-06
20.0,0.0,205.0975102930156,1.228735e-06
20.0,0.0,205.0971082714979,1.286971e-06
20.0,0.0,205.0967075261005,1.248787e-06
20.0,0.0,205.09627096630385,1.313485e-06
20.0,0.0,205.0958745739364,1.358043e-06
20.0,0.0,205.09543381873848,1.349399e-06
20.0,0.0,205.0950323281938,1.324021e-06
20.0,0.0,205.0946167791036,1.299806e-06
20.0,0.0,205.0942282110612,1.237306e-06
20.0,0.0,205.09379783126647,1.147331e-06
20.0,0.0,205.09335637283615,1.293709e-06
20.0,0.0,205.0929573804175,1.287306e-06
20.0,0.0,205.0925333919733,1.136024e-06
20.0,0.0,205.09212013161888,1.184962e-06
20.0,0.0,205.09170933579767,1.288121e-06
20.0,0.0,205.0912812852065,1.14282e-06
20.0,0.0,205.09085049239735,1.200271e-06
20.0,0.0,205.09044243510732,1.125532e-06
20.0,0.0,205.09001964493865,9.968498000000002e-07
20.0,0.0,205.08960410399447,1.028966e-06
20.0,0.0,205.08916077790968,1.035805e-06
20.0,0.0,205.0887614233052,1.047971e-06
20.0,0.0,205.08833370541265,1.224937e-06
20.0,0.0,205.0879024778486,1.167937e-06
20.0,0.0,205.08749622880796,1.186869e-06
20.0,0.0,205.08708276588845,1.203982e-06
20.0,0.0,205.086673249338,1.140012e-06
20.0,0.0,205.0862697744697,1.210763e-06
20.0,0.0,205.0858388706079,1.223772e-06
20.0,0.0,205.08543085269005,1.171502e-06
20.0,0.0,205.0850053088292,1.198146e-06
20.0,0.0,205.0845918502908,1.261753e-06
20.0,0.0,205.08418004179777,1.174485e-06
20.0,0.0,205.08375629925192,1.172535e-06
20.0,0.0,205.08335730757983,1.067965e-06
20.0,0.0,205.08291460517873,9.866926e-07
20.0,0.0,205.08248564120657,7.749477000000001e-07
20.0,0.0,205.08209786552337,8.435745000000001e-07
20.0,0.0,205.08168287494487,1.076114e-06
20.0,0.0,205.08123809889835,1.112086e-06
20.0,0.0,205.08085191550913,1.14445e-06
20.0,0.0,205.08041561375128,1.145556e-06
20.0,0.0,205.0799682300982,1.135399e-06
20.0,0.0,205.07957819790073,1.160661e-06
20.0,0.0,205.07916292826783,1.167427e-06
20.0,0.0,205.0787435438133,1.173699e-06
20.0,0.0,205.0782966552132,1.249282e-06
20.0,0.0,205.07787316005536,1.190871e-06
20.0,0.0,205.0774739199227,1.175023e-06
20.0,0.0,205.07703047382617,1.192733e-06
20.0,0.0,205.0766261840359,1.197026e-06
20.0,0.0,205.07622699237487,1.153443e-06
20.0,0.0,205.0758112091559,1.17661e-06
20.0,0.0,205.07538814364503,1.133929e-06
20.0,0.0,205.07495723925567,1.169697e-06
20.0,0.0,205.0745564762604,1.207343e-06
20.0,0.0,205.07415025978528,1.241729e-06
20.0,0.0,205.0737329410696,1.120177e-06
20.0,0.0,205.07332499317477,1.092529e-06
20.0,0.0,205.07288575493976,1.203807e-06
20.0,0.0,205.07244334301888,1.236971e-06
20.0,0.0,205.0720632736508,1.233246e-06
20.0,0.0,205.07163002966047,1.23294e-06
20.0,0.0,205.07121553390587,1.230786e-06
20.0,0.0,205.07080844675588,1.243592e-06
20.0,0.0,205.07037754928672,1.252018e-06
20.0,0.0,205.0699440611112,1.231703e-06
20.0,0.0,205.0694975752188,1.159904e-06
20.0,0.0,205.0691215734968,1.108347e-06
20.0,0.0,205.06869509240488,1.131455e-06
20.0,0.0,205.0682696273765,1.100663e-06
20.0,0.0,205.067861909509,1.180044e-06
20.0,0.0,205.06743122709577,1.220658e-06
20.0,0.0,205.06702811234524,1.20225e-06
20.0,0.0,205.06661846630263,1.19675e-06
20.0,0.0,205.0661842112511,1.190114e-06
20.0,0.0,205.0657987600694,1.175591e-06
20.0,0.0,205.0653571408812,1.138455e-06
20.0,0.0,205.0649581544264,1.168766e-06
20.0,0.0,205.06453441155463,1.229346e-06
20.0,0.0,205.06412083526183,1.221691e-06
20.0,0.0,205.06371047374768,1.232023e-06
20.0,0.0,205.06328266685605,1.230073e-06
20.0,0.0,205.0628620338389,1.297347e-06
20.0,0.0,205.06244404431644,1.277935e-06
20.0,0.0,205.0620218958829,1.343782e-06
20.0,0.0,205.06163412558328,1.14851e-06
20.0,0.0,205.06119107743632,1.111446e-06
20.0,0.0,205.06076657434076,1.094319e-06
20.0,0.0,205.0603722407338,1.142544e-06
20.0,0.0,205.0599279520314,1.201784e-06
20.0,0.0,205.05950222111224,1.25324e-06
20.0,0.0,205.0590872323473,1.23895e-06
20.0,0.0,205.0586584259296,1.239619e-06
20.0,0.0,205.05825277594505,1.286331e-06
20.0,0.0,205.05781912389136,1.235589e-06
20.0,0.0,205.0573884485673,1.292385e-06
20.0,0.0,205.0569810470431,1.282518e-06
20.0,0.0,205.05656617559367,1.175693e-06
20.0,0.0,205.05614165210815,1.236564e-06
20.0,0.0,205.05575643215113,1.23994e-06
20.0,0.0,205.0553105779073,1.262873e-06
20.0,0.0,205.05491159092367,1.186199e-06
20.0,0.0,205.05448784684572,1.24186e-06
20.0,0.0,205.0541015049137,1.244538e-06
20.0,0.0,205.05365846339333,1.331471e-06
20.0,0.0,205.05323988063327,1.224558e-06
20.0,0.0,205.05283193258788,1.063512e-06
20.0,0.0,205.0524012570996,9.793439000000003e-07
20.0,0.0,205.0519948957042,1.109089e-06
20.0,0.0,205.05158155935325,9.662617000000002e-07
20.0,0.0,205.05116600671968,1.185341e-06
20.0,0.0,205.05072291713353,1.182692e-06
20.0,0.0,205.05029917426177,1.190754e-06
20.0,0.0,205.04990043376523,1.092238e-06
20.0,0.0,205.04945358580903,1.099936e-06
20.0,0.0,205.0490332794031,1.000211e-06
20.0,0.0,205.04862871271527,1.06747e-06
20.0,0.0,205.0482295152385,1.009495e-06
20.0,0.0,205.04778122330492,1.068925e-06
20.0,0.0,205.04738223088623,1.041277e-06
20.0,0.0,205.04695848244464,1.184948e-06
20.0,0.0,205.046552041414,1.172055e-06
20.0,0.0,205.04612611403505,1.196182e-06
20.0,0.0,205.04573542557145,1.124281e-06
20.0,0.0,205.04530570155447,9.905198000000001e-07
20.0,0.0,205.04487502239465,1.115404e-06
20.0,0.0,205.044467074672,1.09752e-06
20.0,0.0,205.04405004844568,1.040549e-06
20.0,0.0,205.04364330265037,1.169756e-06
20.0,0.0,205.04324254967688,1.279463e-06
20.0,0.0,205.04279556248292,1.236622e-06
20.0,0.0,205.04236818650415,1.127599e-06
20.0,0.0,205.0419728314731,1.214998e-06
20.0,0.0,205.041529547553,1.201086e-06
20.0,0.0,205.04112534931627,1.19496e-06
20.0,0.0,205.04072645768252,1.203254e-06
20.0,0.0,205.04029578219428,1.166918e-06
20.0,0.0,205.03988760896425,1.194669e-06
20.0,0.0,205.03945488051625,1.132081e-06
20.0,0.0,205.0390308828704,1.228764e-06
20.0,0.0,205.03859404577,1.140288e-06
20.0,0.0,205.0381785016704,1.089677e-06
20.0,0.0,205.03777429913364,1.125532e-06
20.0,0.0,205.037348105482,1.197346e-06
20.0,0.0,205.0369222315105,1.216787e-06
20.0,0.0,205.03651714520103,1.113891e-06
20.0,0.0,205.03608893756527,1.115681e-06
20.0,0.0,205.03567017804127,1.033928e-06
20.0,0.0,205.03526620823877,1.153152e-06
20.0,0.0,205.03484351009817,1.256223e-06
20.0,0.0,205.03444371787404,1.22968e-06
20.0,0.0,205.03399664981765,1.207198e-06
20.0,0.0,205.0335957370615,1.164473e-06
20.0,0.0,205.03319388881516,1.147942e-06
20.0,0.0,205.03278625196828,1.133492e-06
20.0,0.0,205.03236114496147,1.118882e-06
20.0,0.0,205.0319260174828,1.174543e-06
20.0,0.0,205.03150252954984,1.215536e-06
20.0,0.0,205.03110328698773,1.285793e-06
20.0,0.0,205.03067476463963,1.311899e-06
20.0,0.0,205.0302529956488,1.319553e-06
20.0,0.0,205.02982187077703,1.308799e-06
20.0,0.0,205.0294139230544,1.270993e-06
20.0,0.0,205.02898480246927,1.200591e-06
20.0,0.0,205.0285748493691,1.175897e-06
20.0,0.0,205.02816058662185,1.126638e-06
20.0,0.0,205.02773659360676,1.230263e-06
20.0,0.0,205.0273050969556,1.43185e-06
20.0,0.0,205.0268969218304,1.398177e-06
20.0,0.0,205.0264667673761,1.363369e-06
20.0,0.0,205.0260768099144,1.413748e-06
20.0,0.0,205.02566154028153,1.424414e-06
20.0,0.0,205.02526157817624,1.442822e-06
20.0,0.0,205.02483445240335,1.383669e-06
20.0,0.0,205.02439665778957,1.250984e-06
20.0,0.0,205.02399583224047,1.324166e-06
20.0,0.0,205.02357392610304,1.362539e-06
20.0,0.0,205.02315675964607,1.370368e-06
20.0,0.0,205.0227509430292,1.412307e-06
20.0,0.0,205.02231790361083,1.440756e-06
20.0,0.0,205.02190973390728,1.478926e-06
20.0,0.0,205.02147940443817,1.382636e-06
20.0,0.0,205.02106413906913,1.267574e-06
20.0,0.0,205.02063998040293,1.243534e-06
20.0,0.0,205.02025453304327,1.25423e-06
20.0,0.0,205.0198084928066,1.082139e-06
20.0,0.0,205.01937022689853,1.332985e-06
20.0,0.0,205.01894230203607,1.453765e-06
20.0,0.0,205.01854418924484,1.513792e-06
20.0,0.0,205.01812891298536,1.454842e-06
20.0,0.0,205.01768978441183,1.502776e-06
20.0,0.0,205.0173008686424,1.561522e-06
20.0,0.0,205.0168672992648,1.558132e-06
20.0,0.0,205.01642361166483,1.485809e-06
20.0,0.0,205.01603824121105,1.363354e-06
20.0,0.0,205.01560924536275,1.393724e-06
20.0,0.0,205.01522119846905,1.37664e-06
20.0,0.0,205.0147912195225,1.455846e-06
20.0,0.0,205.0143700801352,1.378241e-06
20.0,0.0,205.01395236397812,1.281209e-06
20.0,0.0,205.0135317920736,1.351378e-06
20.0,0.0,205.0131440230169,1.501772e-06
20.0,0.0,205.01270337744032,1.48837e-06
20.0,0.0,205.0122798893664,1.4174e-06
20.0,0.0,205.0118808922932,1.404158e-06
20.0,0.0,205.0114360444709,1.505963e-06
20.0,0.0,205.01101264130517,1.403096e-06
20.0,0.0,205.01060966964192,1.490174e-06
20.0,0.0,205.01020907913485,1.469845e-06
20.0,0.0,205.00976192779123,1.35407e-06
20.0,0.0,205.0093381881832,1.036693e-06
20.0,0.0,205.0089039149148,1.006978e-06
20.0,0.0,205.00849272813957,1.179738e-06
20.0,0.0,205.0080920578088,1.352091e-06
20.0,0.0,205.00768968945,1.336448e-06
20.0,0.0,205.0072652067984,1.312976e-06
20.0,0.0,205.0068460313788,1.336695e-06
20.0,0.0,205.0064212475078,1.19039e-06
20.0,0.0,205.00601818199607,1.357985e-06
20.0,0.0,205.00559910264735,1.385517e-06
20.0,0.0,205.00516974388952,1.33329e-06
20.0,0.0,205.0047677308415,1.473149e-06
20.0,0.0,205.0043404852543,1.444525e-06
20.0,0.0,205.00393253303088,1.425506e-06
20.0,0.0,205.0035075536067,1.280758e-06
20.0,0.0,205.00309256191164,1.331558e-06
20.0,0.0,205.00270507741936,1.592402e-06
20.0,0.0,205.0022777926177,1.436216e-06
20.0,0.0,205.00183432727783,1.460823e-06
20.0,0.0,205.00143533485917,1.435896e-06
20.0,0.0,205.00101159707825,1.531545e-06
20.0,0.0,205.00057289428895,1.54259e-06
20.0,0.0,205.00018511860577,1.400753e-06
20.0,0.0,204.99976147166552,1.278138e-06
20.0,0.0,204.9993305695656,1.420587e-06
20.0,0.0,204.99889238527672,1.384687e-06
20.0,0.0,204.99844671822603,1.394365e-06
20.0,0.0,204.99806127441704,1.191642e-06
20.0,0.0,204.99763739453124,1.122389e-06
20.0,0.0,204.99722212497457,1.23668e-06
20.0,0.0,204.99680743821165,1.225984e-06
20.0,0.0,204.9963838024636,1.189343e-06
20.0,0.0,204.99597594021708,9.291980000000001e-07
20.0,0.0,204.995560772782,1.254943e-06
20.0,0.0,204.99515345507,1.196895e-06
20.0,0.0,204.9947517841704,1.157081e-06
20.0,0.0,204.99430546903983,9.954383e-07
20.0,0.0,204.99390673109977,1.162829e-06
20.0,0.0,204.99348273374935,1.313092e-06
20.0,0.0,204.9930740829433,1.074062e-06
20.0,0.0,204.9926530604384,1.013846e-06
20.0,0.0,204.99223523775152,1.254899e-06
20.0,0.0,204.99181855412823,1.168111e-06
20.0,0.0,204.99139638342123,8.013011999999999e-07
20.0,0.0,204.9909657116497,9.132054000000002e-07
20.0,0.0,204.9905480999465,1.161345e-06
20.0,0.0,204.99012709056208,1.129811e-06
20.0,0.0,204.989718560584,4.91942e-07
20.0,0.0,204.989294811902,3.2068060000000004e-07
20.0,0.0,204.98885733748608,5.732145000000001e-07
20.0,0.0,204.98844939263344,7.399503e-07
20.0,0.0,204.98802871026163,9.784126000000002e-07
20.0,0.0,204.98761344062876,6.992341e-07
20.0,0.0,204.9871803213368,9.440701000000001e-07
20.0,0.0,204.98677736123193,9.604846000000002e-07
20.0,0.0,204.98637364058368,9.285868000000001e-07
20.0,0.0,204.98595463190532,1.060194e-06
20.0,0.0,204.98550876470117,1.037726e-06
20.0,0.0,204.98513139036427,1.027161e-06
20.0,0.0,204.98470571989608,9.532814000000001e-07
20.0,0.0,204.9842783275583,1.203618e-06
20.0,0.0,204.9838699250305,1.151639e-06
20.0,0.0,204.98343924954216,1.21475e-06
20.0,0.0,204.98303693213575,1.287131e-06
20.0,0.0,204.98262854403373,1.257358e-06
20.0,0.0,204.982192451206,1.171647e-06
20.0,0.0,204.98180700020296,9.822688e-07
20.0,0.0,204.98136671110188,1.231936e-06
20.0,0.0,204.9809424679434,1.196313e-06
20.0,0.0,204.98053748181124,1.143591e-06
20.0,0.0,204.98010832053544,1.161592e-06
20.0,0.0,204.9796927729647,1.096778e-06
20.0,0.0,204.97926817998177,1.178152e-06
20.0,0.0,204.9788602367444,1.172986e-06
20.0,0.0,204.97842476712995,1.146487e-06
20.0,0.0,204.9779758594672,1.069988e-06
20.0,0.0,204.9775600383312,1.09672e-06
20.0,0.0,204.97717254283984,1.163979e-06
20.0,0.0,204.9767511778213,1.075401e-06
20.0,0.0,204.9763273759393,1.176057e-06
20.0,0.0,204.9759188701992,1.228967e-06
20.0,0.0,204.97551602529637,1.095235e-06
20.0,0.0,204.97508181618576,9.929208000000001e-07
20.0,0.0,204.97467214189365,1.064895e-06
20.0,0.0,204.97426922696016,1.079898e-06
20.0,0.0,204.97383832406928,9.452488000000001e-07
20.0,0.0,204.9734130528589,1.107168e-06
20.0,0.0,204.97300519590968,1.196167e-06
20.0,0.0,204.9725899270772,9.422074000000001e-07
20.0,0.0,204.97216107361209,1.059598e-06
20.0,0.0,204.97175619312767,1.067718e-06
20.0,0.0,204.97132245985813,1.063177e-06
20.0,0.0,204.97089178436988,1.05142e-06
20.0,0.0,204.9704844759275,1.145818e-06
20.0,0.0,204.970070263556,8.408679000000001e-07
20.0,0.0,204.96965498319503,9.759824000000002e-07
20.0,0.0,204.96921431077723,1.132954e-06
20.0,0.0,204.9688147554064,1.024833e-06
20.0,0.0,204.96839101253465,1.083681e-06
20.0,0.0,204.96794751587856,1.103821e-06
20.0,0.0,204.9675511410809,8.800562000000001e-07
20.0,0.0,204.96713587144805,1.042383e-06
20.0,0.0,204.9667210416441,1.000342e-06
20.0,0.0,204.96631345728315,9.546784000000001e-07
20.0,0.0,204.96589025841996,9.967334000000002e-07
20.0,0.0,204.96547460316629,1.095381e-06
20.0,0.0,204.965058967408,9.911455e-07
20.0,0.0,204.96467120497783,7.470517e-07
20.0,0.0,204.96422784114029,1.059452e-06
20.0,0.0,204.96381940230228,9.582145e-07
20.0,0.0,204.96340485570647,9.848445000000001e-07
20.0,0.0,204.96295760194224,1.163469e-06
20.0,0.0,204.96255711981965,1.089895e-06
20.0,0.0,204.96215125941737,1.124863e-06
20.0,0.0,204.9617337589642,1.183944e-06
20.0,0.0,204.96131699305965,9.946816000000001e-07
20.0,0.0,204.96088640061257,1.087727e-06
20.0,0.0,204.9604626615912,1.32696e-06
20.0,0.0,204.96005583189765,1.244349e-06
20.0,0.0,204.959631022666,1.035514e-06
20.0,0.0,204.95921603759749,1.053268e-06
20.0,0.0,204.95878699167224,1.017441e-06
20.0,0.0,204.9583441973759,8.911737999999999e-07
20.0,0.0,204.95794836846133,1.281762e-06
20.0,0.0,204.95752718055184,1.090564e-06
20.0,0.0,204.95708385446713,1.192966e-06
20.0,0.0,204.95667862037865,1.212567e-06
20.0,0.0,204.9562747397438,1.055334e-06
20.0,0.0,204.95583931496,1.237e-06
20.0,0.0,204.9554313618156,1.190929e-06
20.0,0.0,204.95500640034564,1.110078e-06
20.0,0.0,204.9546189100591,1.288339e-06
20.0,0.0,204.9542036470528,1.206106e-06
25.0,0.0,205.577975,2.243835e-05
25.0,0.0,205.577975,-2.034649e-06
25.0,0.0,205.577975,-1.044406e-06
25.0,0.0,205.57792703539013,-4.4080660000000004e-07
25.0,0.0,205.5777756891013,9.458745e-10
25.0,0.0,205.5775840854306,3.3315150000000003e-07
25.0,0.0,205.57736066878653,5.878101e-07
25.0,0.0,205.57710533449804,6.082846e-07
25.0,0.0,205.5767995301991,7.157796000000001e-07
25.0,0.0,205.576450306394,7.482449e-07
25.0,0.0,205.57606504323044,7.937197000000001e-07
25.0,0.0,205.57564190901016,9.685173000000002e-07
25.0,0.0,205.5752264595516,1.176362e-06
25.0,0.0,205.57482769968064,1.093504e-06
25.0,0.0,205.57438741249817,1.217777e-06
25.0,0.0,205.57395628762643,1.174951e-06
25.0,0.0,205.57355512125227,1.160603e-06
25.0,0.0,205.57314850332097,1.311666e-06
25.0,0.0,205.57273155773063,1.294902e-06
25.0,0.0,205.5723234302177,1.153821e-06
25.0,0.0,205.5718925882388,1.046792e-06
25.0,0.0,205.5714617935876,1.2612e-06
25.0,0.0,205.57104323891687,1.342749e-06
25.0,0.0,205.5706558606848,1.242341e-06
25.0,0.0,205.57021384716808,1.278866e-06
25.0,0.0,205.56979027439385,1.303371e-06
25.0,0.0,205.56935382392285,1.187291e-06
25.0,0.0,205.56896863401008,1.32437e-06
25.0,0.0,205.56853852367567,1.30992e-06
25.0,0.0,205.56810987615708,1.338878e-06
25.0,0.0,205.56769460300825,1.198961e-06
25.0,0.0,205.56728647207967,1.275854e-06
25.0,0.0,205.56686112520924,1.241482e-06
25.0,0.0,205.56642999134385,1.233944e-06
25.0,0.0,205.5660265853897,1.233304e-06
25.0,0.0,205.5656168909057,1.265507e-06
25.0,0.0,205.56520386914963,1.215012e-06
25.0,0.0,205.56479760298149,1.201857e-06
25.0,0.0,205.5643669654521,1.345761e-06
25.0,0.0,205.56393600486493,1.390959e-06
25.0,0.0,205.563533174918,1.318142e-06
25.0,0.0,205.56312409016104,1.309119e-06
25.0,0.0,205.56270883442505,1.197535e-06
25.0,0.0,205.5622617325673,1.356413e-06
25.0,0.0,205.56187334376548,1.381908e-06
25.0,0.0,205.56143952758083,1.340464e-06
25.0,0.0,205.56103465915584,1.350389e-06
25.0,0.0,205.56063229972,1.324865e-06
25.0,0.0,205.56019294782087,1.287088e-06
25.0,0.0,205.5597692299635,1.329594e-06
25.0,0.0,205.5593344334251,1.283479e-06
25.0,0.0,205.5589463345813,1.141758e-06
25.0,0.0,205.55849956210403,1.207271e-06
25.0,0.0,205.55808414238473,1.301174e-06
25.0,0.0,205.5576688436672,1.343826e-06
25.0,0.0,205.55724850982813,1.254972e-06
25.0,0.0,205.55683076659412,1.198496e-06
25.0,0.0,205.55640967322256,1.25618e-06
25.0,0.0,205.55600426803912,1.250562e-06
25.0,0.0,205.55559211046003,9.416690000000001e-07
25.0,0.0,205.55517692826209,1.256587e-06
25.0,0.0,205.55477303971864,1.27661e-06
25.0,0.0,205.55434650416967,1.291148e-06
25.0,0.0,205.55391011307097,1.36951e-06
25.0,0.0,205.55350813182008,1.283348e-06
25.0,0.0,205.55310016854327,1.343607e-06
25.0,0.0,205.55266358333225,1.296401e-06
25.0,0.0,205.55223979604276,1.250766e-06
25.0,0.0,205.55184075394837,1.295324e-06
25.0,0.0,205.55141657986897,1.321838e-06
25.0,0.0,205.55096828313464,1.352833e-06
25.0,0.0,205.55055133271748,1.387918e-06
25.0,0.0,205.5501358685281,1.277207e-06
25.0,0.0,205.5497425329408,1.322376e-06
25.0,0.0,205.5493132486423,1.330642e-06
25.0,0.0,205.5488826394609,1.22092e-06
25.0,0.0,205.54845205493368,1.27987e-06
25.0,0.0,205.54805112230227,1.210195e-06
25.0,0.0,205.54764434073869,1.177788e-06
25.0,0.0,205.54722834827984,1.347464e-06
25.0,0.0,205.54681247784023,1.277833e-06
25.0,0.0,205.5463895575954,1.281951e-06
25.0,0.0,205.5459599042724,1.334018e-06
25.0,0.0,205.54556754787373,1.322886e-06
25.0,0.0,205.54515191692167,1.39988e-06
25.0,0.0,205.54471166534685,1.384396e-06
25.0,0.0,205.5443262179872,1.345572e-06
25.0,0.0,205.54388740240844,1.372435e-06
25.0,0.0,205.54346313423565,1.387438e-06
25.0,0.0,205.5430563980273,1.342429e-06
25.0,0.0,205.54264059510956,1.318171e-06
25.0,0.0,205.5422173009274,1.274835e-06
25.0,0.0,205.54181773869777,1.27939e-06
25.0,0.0,205.54139407086905,1.347609e-06
25.0,0.0,205.54094820689048,1.221269e-06
25.0,0.0,205.54056282775164,1.321794e-06
25.0,0.0,205.54014791789328,1.322536e-06
25.0,0.0,205.53972392321873,1.205859e-06
25.0,0.0,205.53929317063,1.271299e-06
25.0,0.0,205.5388622850577,1.269931e-06
25.0,0.0,205.5384315422911,1.220338e-06
25.0,0.0,205.53800648163937,1.191598e-06
25.0,0.0,205.53761896272675,1.168723e-06
25.0,0.0,205.5372036375063,1.100751e-06
25.0,0.0,205.53675683022385,1.15289e-06
25.0,0.0,205.53636830722263,1.223423e-06
25.0,0.0,205.5359333445033,1.131993e-06
25.0,0.0,205.5355293471509,9.711366000000001e-07
25.0,0.0,205.53512578847764,1.101653e-06
25.0,0.0,205.53469026489176,1.187786e-06
25.0,0.0,205.53430518505897,1.040797e-06
25.0,0.0,205.5338643621436,1.045235e-06
25.0,0.0,205.53344643232,1.149499e-06
25.0,0.0,205.5330494403132,1.109904e-06
25.0,0.0,205.53261825665004,1.090273e-06
25.0,0.0,205.5321908521272,1.135835e-06
25.0,0.0,205.5317837291651,1.074019e-06
25.0,0.0,205.53137163691213,1.073888e-06
25.0,0.0,205.5309274020716,1.112639e-06
25.0,0.0,205.53050177182624,1.03729e-06
25.0,0.0,205.5301005053603,9.819341000000001e-07
25.0,0.0,205.5296581953656,1.122316e-06
25.0,0.0,205.52927277074625,1.081396e-06
25.0,0.0,205.52882830767936,1.017761e-06
25.0,0.0,205.52840416107884,1.152148e-06
25.0,0.0,205.52795880647835,1.033579e-06
25.0,0.0,205.52758200452936,8.730422e-07
25.0,0.0,205.5271581141243,9.683426e-07
25.0,0.0,205.52673452133857,1.013905e-06
25.0,0.0,205.52633577309936,8.991482999999999e-07
25.0,0.0,205.52589507801315,9.530049000000001e-07
25.0,0.0,205.52550960791325,9.446812000000001e-07
25.0,0.0,205.52507422282375,8.169882e-07
25.0,0.0,205.52465895981743,8.848001e-07
25.0,0.0,205.52425995124392,9.495416000000002e-07
25.0,0.0,205.52383217956927,9.553914000000001e-07
25.0,0.0,205.52340141471583,8.595670999999999e-07
25.0,0.0,205.522995468031,1.06747e-06
25.0,0.0,205.52258218811969,9.821815000000001e-07
25.0,0.0,205.52216677951793,7.209309999999999e-07
25.0,0.0,205.52174637639587,1.046996e-06
25.0,0.0,205.52133813351344,9.863725000000002e-07
25.0,0.0,205.52090725189365,9.717041000000002e-07
25.0,0.0,205.52047703964377,1.020919e-06
25.0,0.0,205.52007809344784,1.106222e-06
25.0,0.0,205.5196379091832,1.027322e-06
25.0,0.0,205.51925289870508,1.008739e-06
25.0,0.0,205.51880667068184,1.117878e-06
25.0,0.0,205.51838304691793,1.049513e-06
25.0,0.0,205.5179594541322,9.425858e-07
25.0,0.0,205.51751485095377,9.997311000000003e-07
25.0,0.0,205.51712708295344,1.030392e-06
25.0,0.0,205.51671198008324,9.854266e-07
25.0,0.0,205.5162836719039,9.045907e-07
25.0,0.0,205.51589057182983,1.128792e-06
25.0,0.0,205.51544457114753,1.22498e-06
25.0,0.0,205.51502215025525,1.141627e-06
25.0,0.0,205.51463436003135,1.059656e-06
25.0,0.0,205.51421847230876,1.112392e-06
25.0,0.0,205.51378873355637,1.063338e-06
25.0,0.0,205.5133805638528,1.046545e-06
25.0,0.0,205.51294997932555,1.053049e-06
25.0,0.0,205.51254855561356,1.177148e-06
25.0,0.0,205.5121417138641,1.137363e-06
25.0,0.0,205.51172609067703,8.399801999999999e-07
25.0,0.0,205.51129546066923,7.206981999999999e-07
25.0,0.0,205.5108535132928,1.017979e-06
25.0,0.0,205.51045645589343,1.068285e-06
25.0,0.0,205.5100368089597,9.877403000000002e-07
25.0,0.0,205.50960668492988,1.003937e-06
25.0,0.0,205.50917805310596,1.003864e-06
25.0,0.0,205.50875566345889,9.268115000000001e-07
25.0,0.0,205.508347599272,7.791095e-07
25.0,0.0,205.50791685416516,7.989729e-07
25.0,0.0,205.50748855680337,8.578645e-07
25.0,0.0,205.50710081554047,7.617346000000001e-07
25.0,0.0,205.50668541798257,7.207272999999999e-07
25.0,0.0,205.5062796960428,8.342031000000001e-07
25.0,0.0,205.50584166969836,8.575007e-07
25.0,0.0,205.50541782398608,7.524068000000001e-07
25.0,0.0,205.50501511967607,6.798073e-07
25.0,0.0,205.5045953169183,8.418427999999999e-07
25.0,0.0,205.50417618246453,9.679497000000002e-07
25.0,0.0,205.50377267859156,8.602365000000001e-07
25.0,0.0,205.5033376057928,7.079798e-07
25.0,0.0,205.5029297262909,7.530471000000001e-07
25.0,0.0,205.50250414542307,8.984352e-07
25.0,0.0,205.502088628658,7.734487999999999e-07
25.0,0.0,205.5017008287957,5.036418e-07
25.0,0.0,205.50127459364768,5.476613000000001e-07
25.0,0.0,205.5008546751017,5.343172e-07
25.0,0.0,205.50043164810745,4.3243930000000003e-07
25.0,0.0,205.50000783019271,6.436312000000001e-07
25.0,0.0,205.49956836772753,7.944327000000001e-07
25.0,0.0,205.4991525997256,7.449271000000001e-07
25.0,0.0,205.49873479643728,6.399205e-07
25.0,0.0,205.498326641848,7.091148e-07
25.0,0.0,205.4978958076648,7.611379e-07
25.0,0.0,205.49746422800973,6.065820000000001e-07
25.0,0.0,205.4970572771323,7.028284000000001e-07
25.0,0.0,205.49664161407327,8.576462e-07
25.0,0.0,205.49621834097945,7.556082000000001e-07
25.0,0.0,205.49581873267147,6.985647e-07
25.0,0.0,205.49537942007237,8.201895999999999e-07
25.0,0.0,205.49497149181715,7.850322e-07
25.0,0.0,205.49455531013203,7.826748000000001e-07
25.0,0.0,205.49414856166624,6.386399e-07
25.0,0.0,205.49374764906423,7.995258999999999e-07
25.0,0.0,205.493317185168,8.481002e-07
25.0,0.0,205.49290934914737,8.960633e-07
25.0,0.0,205.4924789619676,1.076929e-06
25.0,0.0,205.49205452678436,1.139997e-06
25.0,0.0,205.49167558975273,1.091932e-06
25.0,0.0,205.49123171238415,1.05676e-06
25.0,0.0,205.49080061236987,1.326596e-06
25.0,0.0,205.4903700294824,1.331704e-06
25.0,0.0,205.48994232455368,9.813084e-07
25.0,0.0,205.48954364040628,1.226916e-06
25.0,0.0,205.48912850493517,1.367443e-06
25.0,0.0,205.48869244195663,1.277018e-06
25.0,0.0,205.488290643914,1.260487e-06
25.0,0.0,205.4878670286897,1.346009e-06
25.0,0.0,205.4874275313004,1.341134e-06
25.0,0.0,205.4870241559064,1.315042e-06
25.0,0.0,205.48660886510623,1.23473e-06
25.0,0.0,205.4862214573688,1.376189e-06
25.0,0.0,205.48579131230795,1.38281e-06
25.0,0.0,205.4853702596804,1.35084e-06
25.0,0.0,205.48494991300348,1.315973e-06
25.0,0.0,205.48452576453693,1.403852e-06
25.0,0.0,205.4841438050488,1.404915e-06
25.0,0.0,205.48370062305344,1.229069e-06
25.0,0.0,205.48327417135343,1.182329e-06
25.0,0.0,205.48288026894167,1.382927e-06
25.0,0.0,205.48243543773015,1.282824e-06
25.0,0.0,205.48203243896145,1.369612e-06
25.0,0.0,205.48162363498588,1.347653e-06
25.0,0.0,205.4812081707965,1.411157e-06
25.0,0.0,205.4807964882952,1.396242e-06
25.0,0.0,205.48037231188377,1.327731e-06
25.0,0.0,205.47993847906963,1.326e-06
25.0,0.0,205.47949101378157,1.407621e-06
25.0,0.0,205.4791026066273,1.43917e-06
25.0,0.0,205.47868788508407,1.429406e-06
25.0,0.0,205.4782637578276,1.392997e-06
25.0,0.0,205.47781886614487,1.377615e-06
25.0,0.0,205.47739484811544,1.391818e-06
25.0,0.0,205.476993737296,1.469671e-06
25.0,0.0,205.47657176262433,1.38703e-06
25.0,0.0,205.47615501810864,1.493827e-06
25.0,0.0,205.47574935252024,1.474385e-06
25.0,0.0,205.4753162411376,1.467983e-06
25.0,0.0,205.4749265421868,1.52037e-06
25.0,0.0,205.47447830425213,1.619366e-06
25.0,0.0,205.47409070551785,1.679116e-06
25.0,0.0,205.4736754945394,1.643944e-06
25.0,0.0,205.47325357009635,1.653607e-06
25.0,0.0,205.47284571071685,1.572713e-06
25.0,0.0,205.472408966445,1.57395e-06
25.0,0.0,205.47200719754713,1.558015e-06
25.0,0.0,205.47159853491175,1.628592e-06
25.0,0.0,205.4711554378038,1.698907e-06
25.0,0.0,205.47073708673864,1.601584e-06
25.0,0.0,205.4703061381052,1.598135e-06
25.0,0.0,205.46989785470035,1.655804e-06
25.0,0.0,205.4694669518095,1.602486e-06
25.0,0.0,205.46904953232328,1.555949e-06
25.0,0.0,205.4686278965337,1.559412e-06
25.0,0.0,205.4682195437374,1.470922e-06
25.0,0.0,205.4677956257653,1.498614e-06
25.0,0.0,205.4673968103122,1.429202e-06
25.0,0.0,205.466950609524,1.497669e-06
25.0,0.0,205.46656518001188,1.514447e-06
25.0,0.0,205.4661420612236,1.512992e-06
25.0,0.0,205.46572663040803,1.476496e-06
25.0,0.0,205.4653186372402,1.468739e-06
25.0,0.0,205.4648876869753,1.482025e-06
25.0,0.0,205.46445847778784,1.563254e-06
25.0,0.0,205.4640653890304,1.664739e-06
25.0,0.0,205.46364986638343,1.64684e-06
25.0,0.0,205.46325288534632,1.527034e-06
25.0,0.0,205.46280969608665,1.595399e-06
25.0,0.0,205.46238542589333,1.457054e-06
25.0,0.0,205.46198514390247,1.507142e-06
25.0,0.0,205.46154433206843,1.558568e-06
25.0,0.0,205.46112919818464,1.437307e-06
25.0,0.0,205.46073750464984,1.554508e-06
25.0,0.0,205.460307946584,1.604349e-06
25.0,0.0,205.45986722479316,1.560693e-06
25.0,0.0,205.45944360699312,1.540524e-06
25.0,0.0,205.4590382176187,1.519598e-06
25.0,0.0,205.45860911365523,1.555847e-06
25.0,0.0,205.4581939207772,1.592227e-06
25.0,0.0,205.4577686460364,1.569657e-06
25.0,0.0,205.4573495824728,1.469482e-06
25.0,0.0,205.45693025564967,1.317036e-06
25.0,0.0,205.4565052371208,1.478387e-06
25.0,0.0,205.45609156674595,1.473265e-06
25.0,0.0,205.45570208786344,1.436289e-06
25.0,0.0,205.4552552856388,1.445238e-06
25.0,0.0,205.45485606736855,1.425084e-06
25.0,0.0,205.45443185415908,1.498353e-06
25.0,0.0,205.45402777890413,1.528329e-06
25.0,0.0,205.45359660208567,1.43885e-06
25.0,0.0,205.45318922933563,1.377513e-06
25.0,0.0,205.45278673480817,1.316439e-06
25.0,0.0,205.45235026502084,1.473512e-06
25.0,0.0,205.4519421761468,1.48984e-06
25.0,0.0,205.45151950671237,1.409542e-06
25.0,0.0,205.45110390355407,1.423177e-06
25.0,0.0,205.45066737604063,1.336928e-06
25.0,0.0,205.45024355812592,1.466833e-06
25.0,0.0,205.44984490994403,1.422712e-06
25.0,0.0,205.4494030619924,1.587425e-06
25.0,0.0,205.44897229940463,1.582783e-06
25.0,0.0,205.44857316199165,1.384484e-06
25.0,0.0,205.44816868173413,1.431268e-06
25.0,0.0,205.4477255261496,1.515058e-06
25.0,0.0,205.44734005370884,1.386608e-06
25.0,0.0,205.44690264078568,1.072491e-06
25.0,0.0,205.44650079863288,6.411865e-07
25.0,0.0,205.4460631997869,1.324661e-07
25.0,0.0,205.4456617384949,8.425559e-08
25.0,0.0,205.44525637496145,4.0537270000000004e-07
25.0,0.0,205.4448225976797,3.5730770000000004e-07
25.0,0.0,205.44441442124068,3.3235120000000005e-07
25.0,0.0,205.44398535075825,1.342763e-06
25.0,0.0,205.4435700877519,1.488457e-06
25.0,0.0,205.4431823742828,1.650216e-06
25.0,0.0,205.44275919895017,1.619715e-06
25.0,0.0,205.44231400437096,1.485256e-06
25.0,0.0,205.4419153583124,1.360357e-06
25.0,0.0,205.44149129025425,1.333785e-06
25.0,0.0,205.44108163727375,1.428663e-06
25.0,0.0,205.44066223912887,1.42405e-06
25.0,0.0,205.4402429886036,1.440363e-06
25.0,0.0,205.43981219902392,1.390625e-06
25.0,0.0,205.43937163131469,1.551714e-06
25.0,0.0,205.43897283080616,1.570399e-06
25.0,0.0,205.4385569957361,1.565713e-06
25.0,0.0,205.43811372818828,1.58239e-06
25.0,0.0,205.43769853898732,1.494016e-06
25.0,0.0,205.43728955631892,1.617111e-06
25.0,0.0,205.4368645247075,1.530425e-06
25.0,0.0,205.43643396594635,1.653054e-06
25.0,0.0,205.4360311952108,1.558263e-06
25.0,0.0,205.435622051854,1.575681e-06
25.0,0.0,205.43523217533112,1.638444e-06
25.0,0.0,205.43478504223495,1.594235e-06
25.0,0.0,205.43439408913676,1.53399e-06
25.0,0.0,205.4339624126655,1.556822e-06
25.0,0.0,205.4335178484207,1.500623e-06
25.0,0.0,205.43313984681177,1.453227e-06
25.0,0.0,205.4327147544152,1.539127e-06
25.0,0.0,205.4322857878186,1.451088e-06
25.0,0.0,205.43187731495155,1.380206e-06
25.0,0.0,205.4314462501992,1.371664e-06
25.0,0.0,205.431024569623,1.593609e-06
25.0,0.0,205.4306075408254,1.586493e-06
25.0,0.0,205.43017661519428,1.594788e-06
25.0,0.0,205.42977300930863,1.390174e-06
25.0,0.0,205.4293493164656,1.379653e-06
25.0,0.0,205.42891312740076,1.449691e-06
25.0,0.0,205.4285049231676,1.384687e-06
25.0,0.0,205.42808966016128,1.409891e-06
25.0,0.0,205.42767922537527,1.380569e-06
25.0,0.0,205.42727516176024,1.307169e-06
25.0,0.0,205.4268313404944,1.375534e-06
25.0,0.0,205.42643239810437,1.339533e-06
25.0,0.0,205.4260084551179,1.335997e-06
25.0,0.0,205.42559735225365,1.357708e-06
25.0,0.0,205.4251813274544,1.352266e-06
25.0,0.0,205.4247584561596,1.297565e-06
25.0,0.0,205.4243627620855,1.366818e-06
25.0,0.0,205.42391938235903,1.320674e-06
25.0,0.0,205.4235149234638,1.255816e-06
25.0,0.0,205.4231043122392,1.337306e-06
25.0,0.0,205.42268891026396,1.302353e-06
25.0,0.0,205.42228212637224,1.289416e-06
25.0,0.0,205.42184473030048,1.252542e-06
25.0,0.0,205.42142094050772,1.318564e-06
25.0,0.0,205.4210176572481,1.24122e-06
25.0,0.0,205.4205842555036,1.288936e-06
25.0,0.0,205.4201686816319,1.168024e-06
25.0,0.0,205.4197671214781,1.086446e-06
25.0,0.0,205.41934041082624,1.229986e-06
25.0,0.0,205.418902983587,1.22338e-06
25.0,0.0,205.41847939666033,1.20858e-06
25.0,0.0,205.4180366148104,1.242006e-06
25.0,0.0,205.41764890134127,1.202061e-06
25.0,0.0,205.41723165294823,1.178792e-06
25.0,0.0,205.4168007955379,1.142122e-06
25.0,0.0,205.41639248397112,1.232533e-06
25.0,0.0,205.41596190486555,1.288819e-06
25.0,0.0,205.41556197811724,1.237044e-06
25.0,0.0,205.41515631076163,1.231092e-06
25.0,0.0,205.41475767690756,1.19301e-06
25.0,0.0,205.4143299547931,1.191933e-06
25.0,0.0,205.4138914819256,1.160821e-06
25.0,0.0,205.41349103088476,1.191715e-06
25.0,0.0,205.41305124830555,1.075081e-06
25.0,0.0,205.4126520489037,1.193272e-06
25.0,0.0,205.41224581123004,1.257402e-06
25.0,0.0,205.4118132017991,1.225737e-06
25.0,0.0,205.4113822533292,1.13032e-06
25.0,0.0,205.4109741884949,1.136228e-06
25.0,0.0,205.41055885410177,1.277964e-06
25.0,0.0,205.41011566920855,1.268403e-06
25.0,0.0,205.40970446359785,1.246619e-06
25.0,0.0,205.40930323966867,1.298598e-06
25.0,0.0,205.40886508951303,1.337758e-06
25.0,0.0,205.40843045538776,1.240609e-06
25.0,0.0,205.40802655726313,1.170527e-06
25.0,0.0,205.4076229184928,1.174732e-06
25.0,0.0,205.40718825704064,1.290828e-06
25.0,0.0,205.40678571022264,1.304026e-06
25.0,0.0,205.4063620701023,1.203036e-06
25.0,0.0,205.4059632310395,1.21491e-06
25.0,0.0,205.40551901416447,1.321037e-06
25.0,0.0,205.40512560627033,1.236025e-06
25.0,0.0,205.40471575312472,1.308988e-06
25.0,0.0,205.40428673618268,1.288397e-06
25.0,0.0,205.40387872023925,1.547101e-06
25.0,0.0,205.40344807232893,1.584849e-06
25.0,0.0,205.40302697946044,1.417502e-06
25.0,0.0,205.40263915481623,1.332766e-06
25.0,0.0,205.4022235794894,1.506196e-06
25.0,0.0,205.40177480890537,1.438588e-06
25.0,0.0,205.4013762643893,1.410517e-06
25.0,0.0,205.4009319031697,1.349399e-06
25.0,0.0,205.4005069783124,1.375578e-06
25.0,0.0,205.40013622030787,1.507986e-06
25.0,0.0,205.3996930096716,1.471824e-06
25.0,0.0,205.39925863028387,1.421038e-06
25.0,0.0,205.39883642915737,1.410939e-06
25.0,0.0,205.398395651688,1.401058e-06
25.0,0.0,205.3979888743348,1.405875e-06
25.0,0.0,205.39757495177903,1.373439e-06
25.0,0.0,205.3971658829371,1.308741e-06
25.0,0.0,205.39676310954232,1.382243e-06
25.0,0.0,205.3963307149268,1.367996e-06
25.0,0.0,205.39589734265903,1.275403e-06
25.0,0.0,205.39548405302324,1.269029e-06
25.0,0.0,205.3950841269057,1.284716e-06
25.0,0.0,205.39468056418448,1.337889e-06
25.0,0.0,205.39425797256865,1.374807e-06
25.0,0.0,205.39384426676048,1.281558e-06
25.0,0.0,205.39342633366627,1.250068e-06
25.0,0.0,205.39297806722547,1.244407e-06
25.0,0.0,205.39259077066316,1.308712e-06
25.0,0.0,205.39217514103265,1.324879e-06
25.0,0.0,205.39175367178967,1.269349e-06
25.0,0.0,205.39133549399324,1.285967e-06
25.0,0.0,205.39090366845235,1.286477e-06
25.0,0.0,205.39047308210553,1.199413e-06
25.0,0.0,205.39005727508743,1.250635e-06
25.0,0.0,205.38965043195765,1.230015e-06
25.0,0.0,205.38924913065796,1.252163e-06
25.0,0.0,205.38881845177465,1.340202e-06
25.0,0.0,205.38838342850588,1.258726e-06
25.0,0.0,205.38796819897084,1.223641e-06
25.0,0.0,205.3875507833189,1.139153e-06
25.0,0.0,205.38714416416667,1.300708e-06
25.0,0.0,205.38674303725904,1.240885e-06
25.0,0.0,205.38629599707224,1.336201e-06
25.0,0.0,205.38589695648665,1.273191e-06
25.0,0.0,205.3854619948422,1.183915e-06
25.0,0.0,205.38506195527393,1.027714e-06
25.0,0.0,205.384655963278,1.098029e-06
25.0,0.0,205.38423779078812,1.29902e-06
25.0,0.0,205.3838296611434,1.271634e-06
25.0,0.0,205.3833955178769,1.254695e-06
25.0,0.0,205.38295800620145,1.307591e-06
25.0,0.0,205.3825695810312,1.406748e-06
25.0,0.0,205.382137067453,1.324268e-06
25.0,0.0,205.38172217403832,1.320848e-06
25.0,0.0,205.3813144832268,1.299137e-06
25.0,0.0,205.38088364855676,1.273671e-06
25.0,0.0,205.3804528415681,1.296838e-06
25.0,0.0,205.38005999097325,1.279142e-06
25.0,0.0,205.37963115325977,1.274762e-06
25.0,0.0,205.37921577907832,1.308465e-06
25.0,0.0,205.37878648044588,1.296314e-06
25.0,0.0,205.37834380865937,1.31494e-06
25.0,0.0,205.37794527246257,1.260531e-06
25.0,0.0,205.37749883778704,1.282839e-06
25.0,0.0,205.37709768547788,1.245411e-06
25.0,0.0,205.37671013877153,1.222201e-06
25.0,0.0,205.37626283143297,1.315071e-06
25.0,0.0,205.37586178260844,1.297594e-06
25.0,0.0,205.37544022121423,1.246866e-06
25.0,0.0,205.37499297513,1.273249e-06
25.0,0.0,205.3746116775296,1.096603e-06
25.0,0.0,205.3742061544016,1.207751e-06
25.0,0.0,205.3737998934145,1.393681e-06
25.0,0.0,205.37335864364377,1.35455e-06
25.0,0.0,205.3729411880508,1.285924e-06
25.0,0.0,205.3725418423141,1.396256e-06
25.0,0.0,205.37211103983643,1.289722e-06
25.0,0.0,205.37169673407573,1.241147e-06
25.0,0.0,205.37125079748384,1.241919e-06
25.0,0.0,205.37085172940672,1.230233e-06
25.0,0.0,205.37042791633263,1.198903e-06
25.0,0.0,205.36997974882567,1.251348e-06
25.0,0.0,205.36958048174108,1.274035e-06
25.0,0.0,205.3691792425524,1.291046e-06
25.0,0.0,205.36874564590244,1.248904e-06
25.0,0.0,205.36831297977196,1.239881e-06
25.0,0.0,205.3679048782892,1.178953e-06
25.0,0.0,205.3674743619827,1.219378e-06
25.0,0.0,205.36707572744348,1.312234e-06
25.0,0.0,205.36667151361544,1.270193e-06
25.0,0.0,205.36624035391756,1.195382e-06
25.0,0.0,205.36584241428616,1.183216e-06
25.0,0.0,205.3654012509372,1.142704e-06
25.0,0.0,205.3650159393076,1.254841e-06
25.0,0.0,205.36458196014675,1.21769e-06
25.0,0.0,205.3641666071325,1.125896e-06
25.0,0.0,205.36376546167008,1.26641e-06
25.0,0.0,205.36333738080936,1.162742e-06
25.0,0.0,205.3628963569108,1.145134e-06
25.0,0.0,205.36248982926975,1.061795e-06
25.0,0.0,205.36207606178172,1.191598e-06
25.0,0.0,205.3616670379868,1.209308e-06
25.0,0.0,205.36126433691203,1.209832e-06
25.0,0.0,205.3608270057188,1.089793e-06
25.0,0.0,205.3603915654361,1.142907e-06
25.0,0.0,205.3599844255031,1.200853e-06
25.0,0.0,205.35956987376247,1.107081e-06
25.0,0.0,205.35915466223193,1.224267e-06
25.0,0.0,205.3587114473223,1.191525e-06
25.0,0.0,205.35828327733327,1.169043e-06
25.0,0.0,205.3578866321912,1.129112e-06
25.0,0.0,205.35745389838593,1.219116e-06
25.0,0.0,205.35703013049988,1.198059e-06
25.0,0.0,205.35664852163703,1.14135e-06
25.0,0.0,205.35620544569633,1.12594e-06
25.0,0.0,205.35579460765905,1.161214e-06
25.0,0.0,205.3553890948697,1.204171e-06
25.0,0.0,205.3549530319351,1.118315e-06
25.0,0.0,205.3545583830687,1.278211e-06
25.0,0.0,205.35412632869463,1.245746e-06
25.0,0.0,205.35372732854492,1.157998e-06
25.0,0.0,205.35330379351893,1.315013e-06
25.0,0.0,205.35287508678047,1.195731e-06
25.0,0.0,205.35246970592576,1.277964e-06
25.0,0.0,205.35205300965677,1.234104e-06
25.0,0.0,205.3516101626928,1.285473e-06
25.0,0.0,205.3512229294365,1.297434e-06
25.0,0.0,205.35079903647875,1.338703e-06
25.0,0.0,205.350361584775,1.344364e-06
25.0,0.0,205.34992847079567,1.371765e-06
25.0,0.0,205.34953397380843,1.303866e-06
25.0,0.0,205.3491040312996,1.322318e-06
25.0,0.0,205.34868884504803,1.345703e-06
25.0,0.0,205.34828239013865,1.360386e-06
25.0,0.0,205.34785709123065,1.389053e-06
25.0,0.0,205.3474215584756,1.356282e-06
25.0,0.0,205.3470086593865,1.437758e-06
25.0,0.0,205.34659920163443,1.503184e-06
25.0,0.0,205.3461879918336,1.32581e-06
25.0,0.0,205.3457832721211,1.332621e-06
25.0,0.0,205.3453405561188,1.435517e-06
25.0,0.0,205.34494483559973,1.509878e-06
25.0,0.0,205.3445109117015,1.567954e-06
25.0,0.0,205.34410701096093,1.487308e-06
25.0,0.0,205.3437062917997,1.487031e-06
25.0,0.0,205.34327867677231,1.509296e-06
25.0,0.0,205.34287055165788,1.508248e-06
25.0,0.0,205.34243638969767,1.522421e-06
25.0,0.0,205.34201252175424,1.55055e-06
25.0,0.0,205.34161524210944,1.49988e-06
25.0,0.0,205.34119997247657,1.44387e-06
25.0,0.0,205.34077398398733,1.446097e-06
25.0,0.0,205.3403542647335,1.497217e-06
25.0,0.0,205.33993124667344,1.459499e-06
25.0,0.0,205.3395075538304,1.458131e-06
25.0,0.0,205.33907655655312,1.51807e-06
25.0,0.0,205.338647952784,1.543624e-06
25.0,0.0,205.3382243288914,1.515407e-06
25.0,0.0,205.33782556953227,1.410081e-06
25.0,0.0,205.337385842122,1.562032e-06
25.0,0.0,205.33695678236444,1.54716e-06
25.0,0.0,205.336562934458,1.547189e-06
25.0,0.0,205.33613357881393,1.546534e-06
25.0,0.0,205.3357406025548,1.574081e-06
25.0,0.0,205.3353114624209,1.662076e-06
25.0,0.0,205.33492106848445,1.63744e-06
25.0,0.0,205.33447238627988,1.67884e-06
25.0,0.0,205.33407315387487,1.683948e-06
25.0,0.0,205.33366575294647,1.799694e-06
25.0,0.0,205.33323742109863,1.778084e-06
25.0,0.0,205.33284017110617,1.790788e-06
25.0,0.0,205.33239879411863,1.780732e-06
25.0,0.0,205.33196869566956,1.647437e-06
25.0,0.0,205.33157882769868,1.655295e-06
25.0,0.0,205.3311638348728,1.822831e-06
25.0,0.0,205.33073414905607,1.758614e-06
25.0,0.0,205.3303030836433,1.833236e-06
25.0,0.0,205.32989468280888,1.799941e-06
25.0,0.0,205.3294640073206,1.843335e-06
25.0,0.0,205.3290460168675,1.883454e-06
25.0,0.0,205.32862492930448,1.862601e-06
25.0,0.0,205.32821546366927,1.789027e-06
25.0,0.0,205.3277974754128,1.782129e-06
25.0,0.0,205.32737602522872,1.79444e-06
25.0,0.0,205.32695773767028,1.796216e-06
25.0,0.0,205.3265337492176,1.809254e-06
25.0,0.0,205.32613500237983,1.88066e-06
25.0,0.0,205.32570973274633,1.885288e-06
25.0,0.0,205.3253051627396,1.893306e-06
25.0,0.0,205.3248763006126,1.829219e-06
25.0,0.0,205.32445650928392,1.854773e-06
25.0,0.0,205.32406229241764,1.817665e-06
25.0,0.0,205.3236192508972,1.890017e-06
25.0,0.0,205.32322986134824,1.89124e-06
25.0,0.0,205.3228109989418,1.893015e-06
25.0,0.0,205.3223711159741,1.913882e-06
25.0,0.0,205.32197215223175,1.839595e-06
25.0,0.0,205.32155597628713,1.648776e-06
25.0,0.0,205.3211123744109,1.903551e-06
25.0,0.0,205.32072464481976,1.846071e-06
25.0,0.0,205.32030936938315,1.832261e-06
25.0,0.0,205.3198646889372,1.824927e-06
25.0,0.0,205.31942131417927,1.817389e-06
25.0,0.0,205.31903586681963,1.932305e-06
25.0,0.0,205.31860606705328,1.880559e-06
25.0,0.0,205.3181907974204,1.889697e-06
25.0,0.0,205.31776611331523,1.857305e-06
25.0,0.0,205.31732453478864,1.817112e-06
25.0,0.0,205.31693549608627,1.751978e-06
25.0,0.0,205.31648833643703,1.728171e-06
25.0,0.0,205.31608826374807,1.612192e-06
25.0,0.0,205.3156858592122,1.692097e-06
25.0,0.0,205.31526184100713,1.596272e-06
25.0,0.0,205.31484850809036,1.535329e-06
25.0,0.0,205.31443083794457,1.584966e-06
25.0,0.0,205.31402645023616,1.589229e-06
25.0,0.0,205.3135945612977,1.5923e-06
25.0,0.0,205.31317929483393,1.596942e-06
25.0,0.0,205.3127750984804,1.579945e-06
25.0,0.0,205.3123433569453,1.57833e-06
25.0,0.0,205.31192566876527,1.570777e-06
25.0,0.0,205.31152198274685,1.587367e-06
25.0,0.0,205.31108937548703,1.534412e-06
25.0,0.0,205.3106738279164,1.531123e-06
25.0,0.0,205.31025246629713,1.432549e-06
25.0,0.0,205.3098146249216,1.481239e-06
25.0,0.0,205.3094027081061,1.38719e-06
25.0,0.0,205.3089720326178,1.386317e-06
25.0,0.0,205.3085727470859,1.353954e-06
25.0,0.0,205.30816806318128,1.209366e-06
25.0,0.0,205.3077247574236,1.342865e-06
25.0,0.0,205.30730101455188,1.250737e-06
25.0,0.0,205.30689770233323,1.475913e-06
25.0,0.0,205.30646771342384,1.460314e-06
25.0,0.0,205.3060772375063,1.426684e-06
25.0,0.0,205.30566141199776,1.355351e-06
25.0,0.0,205.3052195703318,1.368389e-06
25.0,0.0,205.30483412072343,1.426743e-06
25.0,0.0,205.30440013042025,1.429595e-06
25.0,0.0,205.30398535998663,1.392153e-06
25.0,0.0,205.30357096328143,1.344568e-06
25.0,0.0,205.3031559782129,1.351538e-06
25.0,0.0,205.30275761510447,1.345819e-06
25.0,0.0,205.3023148945261,1.33198e-06
25.0,0.0,205.30189114769084,1.220425e-06
25.0,0.0,205.30147997150368,1.239197e-06
25.0,0.0,205.30106526518935,1.284046e-06
25.0,0.0,205.30064971099213,1.320208e-06
25.0,0.0,205.3002529191349,1.274122e-06
25.0,0.0,205.29981001043632,1.312234e-06
25.0,0.0,205.29938576727784,1.302411e-06
25.0,0.0,205.29893886589977,1.295994e-06
25.0,0.0,205.29850366831553,1.270178e-06
25.0,0.0,205.29811323593512,1.299428e-06
25.0,0.0,205.29770118930105,1.253255e-06
25.0,0.0,205.29727484312463,1.108448e-06
25.0,0.0,205.29685507551997,1.29384e-06
25.0,0.0,205.296436451902,1.292341e-06
25.0,0.0,205.2960237226933,1.221997e-06
25.0,0.0,205.29563902424087,1.20436e-06
25.0,0.0,205.2951962583794,1.18732e-06
25.0,0.0,205.29478782502912,1.161927e-06
25.0,0.0,205.294362858599,1.224296e-06
25.0,0.0,205.2939359577433,1.22124e-06
25.0,0.0,205.29353517984785,1.217762e-06
25.0,0.0,205.29310575002407,1.232052e-06
25.0,0.0,205.2927189328861,1.277003e-06
25.0,0.0,205.2922949383473,1.202832e-06
25.0,0.0,205.29185767880372,1.185428e-06
25.0,0.0,205.29144950367848,1.255481e-06
25.0,0.0,205.2910285680462,1.240332e-06
25.0,0.0,205.29060689035927,1.090142e-06
25.0,0.0,205.290184457598,1.290668e-06
25.0,0.0,205.28977897060477,1.175635e-06
25.0,0.0,205.2893534278736,1.181834e-06
25.0,0.0,205.28891728331973,1.312452e-06
25.0,0.0,205.288468899748,1.270135e-06
25.0,0.0,205.2880834523884,1.314591e-06
25.0,0.0,205.2876787127426,1.252512e-06
25.0,0.0,205.28727445743672,1.237393e-06
25.0,0.0,205.28683560569192,1.254535e-06
25.0,0.0,205.2864223858927,1.301436e-06
25.0,0.0,205.2860170783354,1.305641e-06
25.0,0.0,205.28557403419,1.380467e-06
25.0,0.0,205.28518808126108,1.349836e-06
25.0,0.0,205.28477379418257,1.33607e-06
25.0,0.0,205.28432943476227,1.334323e-06
25.0,0.0,205.2839304423436,1.343578e-06
25.0,0.0,205.283506454542,1.398133e-06
25.0,0.0,205.2830956479356,1.288252e-06
25.0,0.0,205.2826794111517,1.265798e-06
25.0,0.0,205.282266692236,1.343564e-06
25.0,0.0,205.28184937259488,1.333232e-06
25.0,0.0,205.28142525528244,1.341235e-06
25.0,0.0,205.28100151718792,1.323569e-06
25.0,0.0,205.28059115585685,1.305059e-06
25.0,0.0,205.28017391908185,1.348904e-06
25.0,0.0,205.279752308146,1.327353e-06
25.0,0.0,205.2793188081233,1.346343e-06
25.0,0.0,205.27887960650764,1.283071e-06
25.0,0.0,205.27847132834367,1.341687e-06
25.0,0.0,205.2780475812396,1.330161e-06
25.0,0.0,205.27764037447875,1.373686e-06
25.0,0.0,205.27722434394653,1.317836e-06
25.0,0.0,205.2768090775052,1.378285e-06
25.0,0.0,205.2763746604576,1.326232e-06
25.0,0.0,205.27594636058527,1.31999e-06
25.0,0.0,205.27554932153097,1.418681e-06
25.0,0.0,205.2751431486982,1.388122e-06
25.0,0.0,205.27474264216437,1.3276e-06
25.0,0.0,205.2743117446952,1.425506e-06
25.0,0.0,205.27390945553697,1.279113e-06
25.0,0.0,205.27346200699964,1.34256e-06
25.0,0.0,205.27304357201896,1.289125e-06
25.0,0.0,205.27265636546448,1.542692e-06
25.0,0.0,205.27223816925328,2.834495e-06
25.0,0.0,205.27179049259857,3.552035e-06
25.0,0.0,205.27140475721177,3.299487e-06
25.0,0.0,205.27095751240185,2.717774e-06
25.0,0.0,205.27053835653297,2.44251e-06
25.0,0.0,205.2701228116709,2.361499e-06
25.0,0.0,205.2696877635116,2.413086e-06
25.0,0.0,205.26928479213623,2.0804e-06
25.0,0.0,205.2688668301153,1.81036e-06
25.0,0.0,205.2684334005264,1.561159e-06
25.0,0.0,205.26803232048664,1.715744e-06
25.0,0.0,205.26760259528612,1.562701e-06
25.0,0.0,205.26718282484492,1.418055e-06
25.0,0.0,205.26678011013908,1.539069e-06
25.0,0.0,205.2663444245295,1.47731e-06
25.0,0.0,205.26594786268527,1.477034e-06
25.0,0.0,205.26552656763783,1.406632e-06
25.0,0.0,205.26513934919717,1.44048e-06
25.0,0.0,205.26469602311235,1.432607e-06
25.0,0.0,205.26427061626336,1.39531e-06
25.0,0.0,205.26387644168707,1.440669e-06
25.0,0.0,205.26343000593704,1.417109e-06
25.0,0.0,205.26303570740603,1.297827e-06
25.0,0.0,205.26261753769657,1.482273e-06
25.0,0.0,205.26219033126935,1.421082e-06
25.0,0.0,205.26178337972607,1.449574e-06
25.0,0.0,205.26135823647104,1.488908e-06
25.0,0.0,205.26092756351497,1.556677e-06
25.0,0.0,205.26053375914003,1.589215e-06
25.0,0.0,205.2601130618717,1.518434e-06
25.0,0.0,205.25968604350092,1.465363e-06
25.0,0.0,205.25926245116608,1.457927e-06
25.0,0.0,205.25883177567783,1.385168e-06
25.0,0.0,205.2584124627148,1.422581e-06
25.0,0.0,205.257992930486,1.476859e-06
25.0,0.0,205.25756808095528,1.391934e-06
25.0,0.0,205.25716002881245,1.454027e-06
25.0,0.0,205.2567579836768,1.556735e-06
25.0,0.0,205.25632731361017,1.464708e-06
25.0,0.0,205.2559189110824,1.49323e-06
25.0,0.0,205.2554909051824,1.509616e-06
25.0,0.0,205.2550800627473,1.431908e-06
25.0,0.0,205.25468813822567,1.481254e-06
25.0,0.0,205.2542433311663,1.535518e-06
25.0,0.0,205.2538445920019,1.531531e-06
25.0,0.0,205.253420600542,1.623557e-06
25.0,0.0,205.25297237701687,1.488297e-06
25.0,0.0,205.25258401528407,1.432811e-06
25.0,0.0,205.252168470603,1.400505e-06
25.0,0.0,205.2517483008124,1.4119e-06
25.0,0.0,205.25133989828456,1.585548e-06
25.0,0.0,205.25090899539367,1.544598e-06
25.0,0.0,205.25047877974396,1.444816e-06
25.0,0.0,205.2500360095348,1.512119e-06
25.0,0.0,205.2496397021162,1.463399e-06
25.0,0.0,205.2492321797056,1.496621e-06
25.0,0.0,205.24880084772587,1.515e-06
25.0,0.0,205.2483784946162,1.718377e-06
25.0,0.0,205.247961546084,1.56679e-06
25.0,0.0,205.24754301349873,1.456545e-06
25.0,0.0,205.24712247029143,1.651759e-06
25.0,0.0,205.246737475784,1.645953e-06
25.0,0.0,205.24629022976976,1.687105e-06
25.0,0.0,205.24589148948664,1.66196e-06
25.0,0.0,205.2454677505866,1.717068e-06
25.0,0.0,205.24506023093997,1.603548e-06
25.0,0.0,205.24463612124472,1.513385e-06
25.0,0.0,205.24422138389968,1.559383e-06
25.0,0.0,205.2438225301491,1.817345e-06
25.0,0.0,205.24338276411015,1.64099e-06
25.0,0.0,205.24295399935747,1.561944e-06
25.0,0.0,205.24255950176905,1.609747e-06
25.0,0.0,205.24214395419833,1.559543e-06
25.0,0.0,205.24170551468944,1.710199e-06
25.0,0.0,205.24132007232896,1.688939e-06
25.0,0.0,205.2408805839248,1.616223e-06
25.0,0.0,205.24043553335997,1.831257e-06
25.0,0.0,205.24005008979356,1.680237e-06
25.0,0.0,205.2396234527622,2.141649e-06
25.0,0.0,205.23920846106716,2.254877e-06
25.0,0.0,205.23876112649043,1.803914e-06
25.0,0.0,205.23833737851663,1.727676e-06
25.0,0.0,205.23793863624127,1.684559e-06
25.0,0.0,205.23749182550748,1.48009e-06
25.0,0.0,205.23707656250116,1.347405e-06
25.0,0.0,205.23668851550667,1.719614e-06
25.0,0.0,205.23626469654823,1.624503e-06
25.0,0.0,205.23585652598385,1.675202e-06
25.0,0.0,205.23542585049557,1.627603e-06
25.0,0.0,205.2350224432959,1.66941e-06
25.0,0.0,205.23461216370652,1.709559e-06
25.0,0.0,205.23417905215936,1.634355e-06
25.0,0.0,205.23377571499037,1.6423e-06
25.0,0.0,205.23335147477863,1.7649e-06
25.0,0.0,205.23295273498923,1.785025e-06
25.0,0.0,205.23250692891244,1.775348e-06
25.0,0.0,205.23209138134172,1.69831e-06
25.0,0.0,205.23170362004504,1.691238e-06
25.0,0.0,205.2312770606389,1.726468e-06
25.0,0.0,205.23084638010323,1.849447e-06
25.0,0.0,205.230409523458,1.726919e-06
25.0,0.0,205.23000753227907,1.522363e-06
25.0,0.0,205.2295870427129,1.640336e-06
25.0,0.0,205.2291561661484,1.766079e-06
25.0,0.0,205.2287382438488,1.770939e-06
25.0,0.0,205.2283302881405,1.74767e-06
25.0,0.0,205.2278996556824,1.694556e-06
25.0,0.0,205.2274690283832,1.605877e-06
25.0,0.0,205.22707954667268,1.559674e-06
25.0,0.0,205.22666427864928,1.563851e-06
25.0,0.0,205.22626342304324,1.523556e-06
25.0,0.0,205.22582186316373,1.339402e-06
25.0,0.0,205.22541093383137,1.010281e-06
25.0,0.0,205.22500180881917,1.171924e-06
25.0,0.0,205.22455904523656,1.326494e-06
25.0,0.0,205.2241766427262,1.482767e-06
25.0,0.0,205.22375289985447,1.58773e-06
25.0,0.0,205.22331923653363,1.612294e-06
25.0,0.0,205.2229115182573,1.60675e-06
25.0,0.0,205.22248230845017,8.494243999999999e-07
25.0,0.0,205.2220671470589,5.392067e-07
25.0,0.0,205.2216793804448,1.000182e-06
25.0,0.0,205.2212567721984,1.673878e-06
25.0,0.0,205.22081120808244,1.550317e-06
25.0,0.0,205.22041221807336,1.425418e-06
25.0,0.0,205.21998822059209,1.527267e-06
25.0,0.0,205.2195469908821,1.589069e-06
25.0,0.0,205.21913110049465,1.633802e-06
25.0,0.0,205.21871649765404,1.559543e-06
25.0,0.0,205.2183088644806,1.542838e-06
25.0,0.0,205.21786826148048,1.312917e-06
25.0,0.0,205.2174243345362,1.505381e-06
25.0,0.0,205.2170391145792,1.618973e-06
25.0,0.0,205.21661004318287,1.642882e-06
25.0,0.0,205.2161977956181,1.451495e-06
25.0,0.0,205.2157920888404,1.209017e-06
25.0,0.0,205.21536118841777,1.751934e-06
25.0,0.0,205.214953016246,1.601875e-06
25.0,0.0,205.21453286120496,1.638531e-06
25.0,0.0,205.21414552376407,1.568915e-06
25.0,0.0,205.21372895101143,1.566223e-06
25.0,0.0,205.21328059678427,1.578795e-06
25.0,0.0,205.2128816043656,1.68095e-06
25.0,0.0,205.21245811760113,1.669221e-06
25.0,0.0,205.21205147350943,1.770575e-06
25.0,0.0,205.21162526741796,1.69297e-06
25.0,0.0,205.21120959901717,1.770459e-06
25.0,0.0,205.2107817237683,1.7493e-06
25.0,0.0,205.21033840266892,1.845765e-06
25.0,0.0,205.20994309582755,1.831955e-06
25.0,0.0,205.20952074197157,1.820794e-06
25.0,0.0,205.20907769382455,1.720546e-06
25.0,0.0,205.2086689320652,1.794382e-06
25.0,0.0,205.20826585867104,1.752298e-06
25.0,0.0,205.20783518103664,1.621767e-06
25.0,0.0,205.20742700352193,1.766733e-06
25.0,0.0,205.20700134566013,1.771157e-06
25.0,0.0,205.20659972457645,1.810942e-06
25.0,0.0,205.20619831359716,1.793233e-06
25.0,0.0,205.205772258488,1.814988e-06
25.0,0.0,205.20536454256467,1.915629e-06
25.0,0.0,205.20492950354253,1.886045e-06
25.0,0.0,205.20450551052744,1.887558e-06
25.0,0.0,205.2041065240726,1.781198e-06
25.0,0.0,205.20367780553448,1.736058e-06
25.0,0.0,205.2032737770352,1.724344e-06
25.0,0.0,205.20284776608085,1.701555e-06
25.0,0.0,205.2024168658524,1.534587e-06
25.0,0.0,205.20201256016696,1.155073e-06
25.0,0.0,205.2016014573701,4.972244000000001e-07
25.0,0.0,205.20119007501992,1.333683e-07
25.0,0.0,205.2007850749617,9.346695e-08
25.0,0.0,205.20034258927643,1.263106e-07
25.0,0.0,205.19990122904383,7.368071000000001e-07
25.0,0.0,205.1995157771468,1.17351e-06
25.0,0.0,205.1990815118096,1.520064e-06
25.0,0.0,205.19866624373407,1.759778e-06
25.0,0.0,205.19824602817985,1.666136e-06
25.0,0.0,205.19779913743648,1.657405e-06
25.0,0.0,205.19740038919727,1.753913e-06
25.0,0.0,205.19697640211257,1.691762e-06
25.0,0.0,205.19656787214765,1.771929e-06
25.0,0.0,205.1961451869805,1.854525e-06
25.0,0.0,205.19572879955325,1.918015e-06
25.0,0.0,205.1953208464089,1.888926e-06
25.0,0.0,205.1948901709206,1.889624e-06
25.0,0.0,205.19448294553493,1.840526e-06
25.0,0.0,205.19406884332707,1.953289e-06
25.0,0.0,205.1936604603879,1.919907e-06
25.0,0.0,205.19325838002996,1.882974e-06
25.0,0.0,205.1928127304649,1.800479e-06
25.0,0.0,205.19239703447508,1.817592e-06
25.0,0.0,205.19199024531784,1.785564e-06
25.0,0.0,205.19154861787743,1.708759e-06
25.0,0.0,205.19113306563153,1.775319e-06
25.0,0.0,205.19074022233028,1.680412e-06
25.0,0.0,205.19031070873936,1.744542e-06
25.0,0.0,205.18987036109277,1.818305e-06
25.0,0.0,205.18944654265567,1.734967e-06
25.0,0.0,205.1890407224107,1.798529e-06
25.0,0.0,205.18861173038195,1.760694e-06
25.0,0.0,205.18819931474223,1.783585e-06
25.0,0.0,205.18779347862767,1.710723e-06
25.0,0.0,205.18736302660537,1.706925e-06
25.0,0.0,205.18695461909783,1.63549e-06
25.0,0.0,205.18653510427967,1.642184e-06
25.0,0.0,205.18610535680048,1.640539e-06
25.0,0.0,205.18573051257937,1.584631e-06
25.0,0.0,205.18528261692063,1.65723e-06
25.0,0.0,205.18488362909133,1.653883e-06
25.0,0.0,205.18443853246384,1.557928e-06
25.0,0.0,205.1840530851042,1.503417e-06
25.0,0.0,205.18362683638887,1.548164e-06
25.0,0.0,205.18321128621625,1.589287e-06
25.0,0.0,205.18279909583205,1.552544e-06
25.0,0.0,205.1823749312422,1.587847e-06
25.0,0.0,205.18194142981295,1.624576e-06
25.0,0.0,205.1815363112828,1.590539e-06
25.0,0.0,205.18111819343497,1.582172e-06
25.0,0.0,205.18069677846157,1.535635e-06
25.0,0.0,205.1802949595267,1.499997e-06
25.0,0.0,205.17985770044544,1.449967e-06
25.0,0.0,205.17942679650923,1.448658e-06
25.0,0.0,205.17900081529896,1.375462e-06
25.0,0.0,205.1785577678363,1.444438e-06
25.0,0.0,205.17817574917623,1.409397e-06
25.0,0.0,205.17775200630453,1.360531e-06
25.0,0.0,205.1773191084687,1.42814e-06
25.0,0.0,205.17691115532432,1.327906e-06
25.0,0.0,205.1764817040585,1.39208e-06
25.0,0.0,205.17608229152128,1.354128e-06
25.0,0.0,205.1756792214223,1.421227e-06
25.0,0.0,205.17523455563443,1.417735e-06
25.0,0.0,205.1748482368893,1.40343e-06
25.0,0.0,205.174411820344,1.465334e-06
25.0,0.0,205.17400916154585,1.501801e-06
25.0,0.0,205.17358859073073,1.566892e-06
25.0,0.0,205.17317008776055,1.499095e-06
25.0,0.0,205.1727658494764,1.589739e-06
25.0,0.0,205.17233123291624,1.564375e-06
25.0,0.0,205.17190655761684,1.545253e-06
25.0,0.0,205.1714962517656,1.504479e-06
25.0,0.0,205.17108126106393,1.512148e-06
25.0,0.0,205.1706659904376,1.457811e-06
25.0,0.0,205.1702230890252,1.51337e-06
25.0,0.0,205.1698244057912,1.5884e-06
25.0,0.0,205.16940016859655,1.548149e-06
25.0,0.0,205.1689535678803,1.627137e-06
25.0,0.0,205.16855242674583,1.509208e-06
25.0,0.0,205.1681457669393,1.617213e-06
25.0,0.0,205.16772949777447,1.63824e-06
25.0,0.0,205.16732155005184,1.713139e-06
25.0,0.0,205.16688221388927,1.673761e-06
25.0,0.0,205.16648247219777,1.746972e-06
25.0,0.0,205.166059226242,1.736844e-06
25.0,0.0,205.1656436214222,1.709996e-06
25.0,0.0,205.1652364909516,1.788067e-06
25.0,0.0,205.16480477253873,1.883091e-06
25.0,0.0,205.1644142559479,1.76394e-06
25.0,0.0,205.16396660782456,1.792432e-06
25.0,0.0,205.16356677616832,1.784341e-06
25.0,0.0,205.16316142621997,1.868131e-06
25.0,0.0,205.162742537254,1.781911e-06
25.0,0.0,205.16229554755313,1.904351e-06
25.0,0.0,205.16189680527776,1.879685e-06
25.0,0.0,205.16145073871792,1.797438e-06
25.0,0.0,205.1610655236564,1.754874e-06
25.0,0.0,205.160642863722,1.80483e-06
25.0,0.0,205.16022689502373,1.807872e-06
25.0,0.0,205.15981090975168,1.837892e-06
25.0,0.0,205.15938782242932,1.975772e-06
25.0,0.0,205.1589551114492,1.975612e-06
25.0,0.0,205.1585092975291,1.956942e-06
25.0,0.0,205.1580937499584,1.9289e-06
25.0,0.0,205.15768313240392,1.973996e-06
25.0,0.0,205.15727876350633,1.948298e-06
25.0,0.0,205.15684832084233,1.922686e-06
25.0,0.0,205.15644036769797,1.833643e-06
25.0,0.0,205.15601767973172,1.822831e-06
25.0,0.0,205.15560174715995,1.869455e-06
25.0,0.0,205.1552146476688,1.866996e-06
25.0,0.0,205.15480140500176,1.799955e-06
25.0,0.0,205.15436794362975,1.912093e-06
25.0,0.0,205.15392427608424,1.88488e-06
25.0,0.0,205.1535390561272,1.893102e-06
25.0,0.0,205.1531096871768,1.739085e-06
25.0,0.0,205.15272191157547,1.951616e-06
25.0,0.0,205.15229180298584,1.994355e-06
25.0,0.0,205.1518611274976,2.037181e-06
25.0,0.0,205.15143396093356,2.050845e-06
25.0,0.0,205.1510327897633,2.056069e-06
25.0,0.0,205.15060326487327,2.029701e-06
25.0,0.0,205.15017446669637,2.167188e-06
25.0,0.0,205.14975275620395,2.05182e-06
25.0,0.0,205.14934503588384,2.060304e-06
25.0,0.0,205.14891458779812,2.06937e-06
25.0,0.0,205.14848589921328,2.049375e-06
25.0,0.0,205.14807573936932,2.032379e-06
25.0,0.0,205.14766206977288,1.995068e-06
25.0,0.0,205.1472378310771,1.919398e-06
25.0,0.0,205.14683908880167,2.011089e-06
25.0,0.0,205.14639781230275,2.396351e-06
25.0,0.0,205.1459913525248,2.342174e-06
25.0,0.0,205.14557817825852,2.304834e-06
25.0,0.0,205.1451901312641,2.282643e-06
25.0,0.0,205.1447653408783,2.233719e-06
25.0,0.0,205.1443346677684,2.163637e-06
25.0,0.0,205.14392626286224,2.1538e-06
25.0,0.0,205.1435001624672,2.135101e-06
25.0,0.0,205.1430876426301,2.150176e-06
25.0,0.0,205.142669629828,2.154935e-06
25.0,0.0,205.14224924436868,2.147834e-06
25.0,0.0,205.1418316074348,2.190165e-06
25.0,0.0,205.14141085345625,2.167522e-06
25.0,0.0,205.14098105072017,2.171641e-06
25.0,0.0,205.14058145321505,2.087356e-06
25.0,0.0,205.1401777340928,2.021494e-06
25.0,0.0,205.1397334671848,2.050103e-06
25.0,0.0,205.1393094741697,2.130284e-06
25.0,0.0,205.13891073785825,2.117391e-06
25.0,0.0,205.13846294934137,2.080618e-06
25.0,0.0,205.13804500171332,2.122411e-06
25.0,0.0,205.1376297295552,2.013578e-06
25.0,0.0,205.1371934232396,2.136818e-06
25.0,0.0,205.13680774847737,2.134009e-06
25.0,0.0,205.1363675964799,2.104032e-06
25.0,0.0,205.13596885420452,1.988272e-06
25.0,0.0,205.13552485054072,1.977212e-06
25.0,0.0,205.13514612299636,1.916284e-06
25.0,0.0,205.13472238718657,1.921784e-06
25.0,0.0,205.13432338362367,2.010231e-06
25.0,0.0,205.13388376939727,2.008223e-06
25.0,0.0,205.13345512750985,1.98526e-06
25.0,0.0,205.1330607280144,2.037821e-06
25.0,0.0,205.13264574294587,1.972556e-06
25.0,0.0,205.132206750378,2.022876e-06
25.0,0.0,205.13182153042092,2.041881e-06
25.0,0.0,205.13138219604568,2.014334e-06
25.0,0.0,205.1309372288788,1.968961e-06
25.0,0.0,205.13051383215608,2.019355e-06
25.0,0.0,205.1301107140496,2.10201e-06
25.0,0.0,205.12971024981476,2.025481e-06
25.0,0.0,205.12928225623648,1.91755e-06
25.0,0.0,205.12886165743836,2.025539e-06
25.0,0.0,205.1284402409752,1.930704e-06
25.0,0.0,205.1280162530948,1.786e-06
25.0,0.0,205.12760455500944,1.816632e-06
25.0,0.0,205.12719030425424,1.947687e-06
25.0,0.0,205.12676593722017,1.942011e-06
25.0,0.0,205.12637128280065,1.901062e-06
25.0,0.0,205.12592730858756,1.834822e-06
25.0,0.0,205.1255240519943,1.833207e-06
25.0,0.0,205.1251139560898,1.948938e-06
25.0,0.0,205.1247013124752,1.893422e-06
25.0,0.0,205.124295295716,1.844513e-06
25.0,0.0,205.12386484763027,1.785447e-06
25.0,0.0,205.12343757527512,1.827808e-06
25.0,0.0,205.12303705369453,1.819804e-06
25.0,0.0,205.1226068536816,1.886307e-06
25.0,0.0,205.12218646419552,1.850785e-06
25.0,0.0,205.12178412294463,1.781576e-06
25.0,0.0,205.12134807113983,1.674067e-06
25.0,0.0,205.12092219750627,1.750712e-06
25.0,0.0,205.12051709986267,1.711931e-06
25.0,0.0,205.1201018334945,1.661319e-06
25.0,0.0,205.11967082738693,1.631022e-06
25.0,0.0,205.11928560742993,1.718887e-06
25.0,0.0,205.11884267751324,1.725435e-06
25.0,0.0,205.11840130510865,1.737993e-06
25.0,0.0,205.11797039839433,1.770328e-06
25.0,0.0,205.1175711996164,1.772263e-06
25.0,0.0,205.11716662166296,1.696681e-06
25.0,0.0,205.116746560648,1.705106e-06
25.0,0.0,205.11629996912063,1.645094e-06
25.0,0.0,205.11590098087737,1.66161e-06
25.0,0.0,205.11549953490925,1.641791e-06
25.0,0.0,205.1150779954436,1.622626e-06
25.0,0.0,205.11466068832272,1.603068e-06
25.0,0.0,205.11425576043993,1.678287e-06
25.0,0.0,205.1138222884873,1.625973e-06
25.0,0.0,205.11339856205396,1.64978e-06
25.0,0.0,205.11298559729008,1.498818e-06
25.0,0.0,205.11257005000027,1.357534e-06
25.0,0.0,205.11218255338,1.484586e-06
25.0,0.0,205.11175982753008,1.476423e-06
25.0,0.0,205.1113143167547,1.491455e-06
25.0,0.0,205.110915324336,1.473541e-06
25.0,0.0,205.11046757892345,1.592402e-06
25.0,0.0,205.11005037575103,1.578795e-06
25.0,0.0,205.10963510611816,1.563516e-06
25.0,0.0,205.1092421742176,1.526205e-06
25.0,0.0,205.10879636579784,1.425215e-06
25.0,0.0,205.10837237278275,1.556313e-06
25.0,0.0,205.1079731242568,1.599954e-06
25.0,0.0,205.10752959493,1.47181e-06
25.0,0.0,205.10713422218817,1.631066e-06
25.0,0.0,205.10672640784543,1.642082e-06
25.0,0.0,205.10629560286776,1.571883e-06
25.0,0.0,205.10588765125456,1.463195e-06
25.0,0.0,205.1054567483637,1.496315e-06
25.0,0.0,205.105055934771,1.586362e-06
25.0,0.0,205.10464966027408,1.823559e-06
25.0,0.0,205.1042101825305,1.519453e-06
25.0,0.0,205.10382473332928,1.401859e-06
25.0,0.0,205.10338571566783,1.412918e-06
25.0,0.0,205.10294331029243,1.38332e-06
25.0,0.0,205.102545260422,1.411623e-06
25.0,0.0,205.1021299860249,1.487933e-06
25.0,0.0,205.10171574477727,1.397842e-06
25.0,0.0,205.10130818365164,1.441091e-06
25.0,0.0,205.10087728287996,1.404143e-06
25.0,0.0,205.10044327140915,1.391265e-06
25.0,0.0,205.10003820411535,1.324646e-06
25.0,0.0,205.09962053362665,1.271328e-06
25.0,0.0,205.09919365908024,1.322856e-06
25.0,0.0,205.0987689094672,1.212131e-06
25.0,0.0,205.0983243105019,1.337816e-06
25.0,0.0,205.09793029070832,1.29269e-06
25.0,0.0,205.09750507997245,1.285473e-06
25.0,0.0,205.09709189044784,1.204811e-06
25.0,0.0,205.0966798379771,1.359746e-06
25.0,0.0,205.09625609999193,1.404929e-06
25.0,0.0,205.0958350864252,1.401582e-06
25.0,0.0,205.09541442204508,1.290216e-06
25.0,0.0,205.09500937168636,1.205379e-06
25.0,0.0,205.09459764329313,1.182168e-06
25.0,0.0,205.0941863871737,1.125605e-06
25.0,0.0,205.09378172277425,1.093824e-06
25.0,0.0,205.09335104605583,1.149383e-06
25.0,0.0,205.0929247146588,1.115841e-06
25.0,0.0,205.09252046673663,1.218737e-06
25.0,0.0,205.09210547624673,1.192733e-06
25.0,0.0,205.09171825643915,1.238746e-06
25.0,0.0,205.0912701873432,1.222972e-06
25.0,0.0,205.0908354092473,1.129491e-06
25.0,0.0,205.09040496116157,1.074688e-06
25.0,0.0,205.08999896469192,1.018256e-06
25.0,0.0,205.089586632852,1.137218e-06
25.0,0.0,205.08915147894845,1.070322e-06
25.0,0.0,205.08872773607672,1.111097e-06
25.0,0.0,205.08832899976525,1.147244e-06
25.0,0.0,205.08788886954784,1.03483e-06
25.0,0.0,205.0874815082132,9.508803000000001e-07
25.0,0.0,205.08706640988967,1.076958e-06
25.0,0.0,205.08665114267976,1.170731e-06
25.0,0.0,205.08625357157467,1.078879e-06
25.0,0.0,205.085825266156,1.127846e-06
25.0,0.0,205.08541731843331,1.057982e-06
25.0,0.0,205.0849892303348,1.117136e-06
25.0,0.0,205.0845786983952,1.157823e-06
25.0,0.0,205.08416507340647,1.24317e-06
25.0,0.0,205.0837410849257,1.121676e-06
25.0,0.0,205.08330871431545,1.141278e-06
25.0,0.0,205.08290076820265,1.009699e-06
25.0,0.0,205.0824698691236,8.912903000000001e-07
25.0,0.0,205.08207036360503,9.857758e-07
25.0,0.0,205.08166540722436,1.044929e-06
25.0,0.0,205.08124579855303,1.031702e-06
25.0,0.0,205.0808284464076,1.002656e-06
25.0,0.0,205.0804001425712,9.268842e-07
25.0,0.0,205.07997640562976,1.031556e-06
25.0,0.0,205.07956832675256,1.097287e-06
25.0,0.0,205.07914573802208,1.119057e-06
25.0,0.0,205.078729252042,1.08275e-06
25.0,0.0,205.0782983492433,1.117078e-06
25.0,0.0,205.07785719101793,1.112276e-06
25.0,0.0,205.07745819303625,1.038235e-06
25.0,0.0,205.07703420558408,8.820933999999999e-07
25.0,0.0,205.07662065027927,1.083798e-06
25.0,0.0,205.07620996695312,1.027933e-06
25.0,0.0,205.0757820289903,1.122316e-06
25.0,0.0,205.07537408031575,1.103326e-06
25.0,0.0,205.07494317419184,1.105436e-06
25.0,0.0,205.07454150378047,1.138716e-06
25.0,0.0,205.0741333474774,1.195018e-06
25.0,0.0,205.0736937694802,1.074324e-06
25.0,0.0,205.07330439797147,1.097826e-06
25.0,0.0,205.0728715344765,1.115361e-06
25.0,0.0,205.07247254205777,1.091204e-06
25.0,0.0,205.07202894286107,1.132983e-06
25.0,0.0,205.07161312397912,1.178982e-06
25.0,0.0,205.07119729184404,1.158798e-06
25.0,0.0,205.07078860012243,1.121123e-06
25.0,0.0,205.07036370900244,1.146138e-06
25.0,0.0,205.0699288400744,1.150911e-06
25.0,0.0,205.06948038497313,1.171531e-06
25.0,0.0,205.0690941859088,1.098582e-06
25.0,0.0,205.06867762422135,1.004722e-06
25.0,0.0,205.06825533529528,1.20535e-06
25.0,0.0,205.06783718840543,1.140419e-06
25.0,0.0,205.06741694490856,1.276596e-06
25.0,0.0,205.06698849586448,1.164808e-06
25.0,0.0,205.06660072018127,1.044958e-06
25.0,0.0,205.06616991494275,1.133143e-06
25.0,0.0,205.06578492661532,1.076594e-06
25.0,0.0,205.06534217595168,1.045541e-06
25.0,0.0,205.0649072357919,1.060529e-06
25.0,0.0,205.06449660012933,1.007429e-06
25.0,0.0,205.06408090448133,1.101667e-06
25.0,0.0,205.06369300556415,1.165623e-06
25.0,0.0,205.06326791996963,1.191147e-06
25.0,0.0,205.0628487243361,1.139517e-06
25.0,0.0,205.06242906935609,1.141787e-06
25.0,0.0,205.06200359851144,1.159875e-06
25.0,0.0,205.06159045156687,1.087887e-06
25.0,0.0,205.0611730533772,1.176231e-06
25.0,0.0,205.06075182293424,1.402892e-06
25.0,0.0,205.06035576898017,1.29237e-06
25.0,0.0,205.05991343254755,1.270935e-06
25.0,0.0,205.05948420934052,1.205539e-06
25.0,0.0,205.05906866201397,1.310997e-06
25.0,0.0,205.05864373367777,1.405933e-06
25.0,0.0,205.05821180419656,1.363529e-06
25.0,0.0,205.05780483385132,1.234701e-06
25.0,0.0,205.05737415836307,1.282577e-06
25.0,0.0,205.05696552843267,1.362394e-06
25.0,0.0,205.05654787131843,1.291352e-06
25.0,0.0,205.05614159581955,1.108041e-06
25.0,0.0,205.05574116026523,1.194989e-06
25.0,0.0,205.0552936141164,1.21606e-06
25.0,0.0,205.0548948715664,1.168737e-06
25.0,0.0,205.0544708744989,1.208944e-06
25.0,0.0,205.05406330533657,1.226494e-06
25.0,0.0,205.05363960552071,1.2128e-06
25.0,0.0,205.05322440230063,1.147448e-06
25.0,0.0,205.0528162780707,1.176973e-06
25.0,0.0,205.0523858334272,1.133478e-06
25.0,0.0,205.05197817428183,1.179433e-06
25.0,0.0,205.05156325735624,1.083463e-06
25.0,0.0,205.05114798772337,1.202439e-06
25.0,0.0,205.05070494620296,1.277906e-06
25.0,0.0,205.05027768525696,1.105553e-06
25.0,0.0,205.049884212542,1.229389e-06
25.0,0.0,205.0494388389226,1.145891e-06
25.0,0.0,205.04901553328173,9.906071e-07
25.0,0.0,205.04861248475405,1.111592e-06
25.0,0.0,205.04821221036684,1.130742e-06
25.0,0.0,205.04776450140795,1.180582e-06
25.0,0.0,205.047366009276,1.217646e-06
25.0,0.0,205.04694201704768,1.214576e-06
25.0,0.0,205.04653729587852,1.204709e-06
25.0,0.0,205.0461080899759,1.185545e-06
25.0,0.0,205.0456962892137,1.02802e-06
25.0,0.0,205.04529095641817,1.02607e-06
25.0,0.0,205.04486005352737,1.085791e-06
25.0,0.0,205.0444521008796,1.036897e-06
25.0,0.0,205.04403147050016,1.06456e-06
25.0,0.0,205.0436164788051,1.167326e-06
25.0,0.0,205.04322799074487,1.213324e-06
25.0,0.0,205.042779599958,1.166423e-06
25.0,0.0,205.0423437316643,1.143824e-06
25.0,0.0,205.04195635971945,1.194741e-06
25.0,0.0,205.0415112403753,1.101565e-06
25.0,0.0,205.04110862979647,1.230292e-06
25.0,0.0,205.04070793609648,1.260836e-06
25.0,0.0,205.0402801256976,1.162916e-06
25.0,0.0,205.0398601236355,1.185312e-06
25.0,0.0,205.0394384087626,1.159846e-06
25.0,0.0,205.03899101687705,1.187567e-06
25.0,0.0,205.03857547196944,1.169668e-06
25.0,0.0,205.0381599217356,1.226945e-06
25.0,0.0,205.0377183511501,1.162174e-06
25.0,0.0,205.03731894397384,1.195716e-06
25.0,0.0,205.0369085061527,1.188018e-06
25.0,0.0,205.03649884983065,1.163615e-06
25.0,0.0,205.03605551711928,1.287626e-06
25.0,0.0,205.03566803262703,1.147433e-06
25.0,0.0,205.03524771506756,1.167034e-06
25.0,0.0,205.03482999475733,1.118751e-06
25.0,0.0,205.03440840964888,1.246633e-06
25.0,0.0,205.03397778589235,1.183871e-06
25.0,0.0,205.03359029477352,1.125591e-06
25.0,0.0,205.0331550238187,1.186592e-06
25.0,0.0,205.03277169672347,1.087639e-06
25.0,0.0,205.03233203926905,1.202003e-06
25.0,0.0,205.03190804370047,1.211098e-06
25.0,0.0,205.0315059603938,1.178705e-06
25.0,0.0,205.0310700712752,1.251261e-06
25.0,0.0,205.03065480164233,1.192326e-06
25.0,0.0,205.03023689493233,1.261695e-06
25.0,0.0,205.02978933684048,1.131266e-06
25.0,0.0,205.02939826655765,1.045366e-06
25.0,0.0,205.02896685035304,1.422988e-06
25.0,0.0,205.0285431132508,1.346576e-06
25.0,0.0,205.0281287437901,1.259526e-06
25.0,0.0,205.02772013582697,1.290638e-06
25.0,0.0,205.0272901226666,1.531283e-06
25.0,0.0,205.02688194754137,1.386958e-06
25.0,0.0,205.02645127696033,1.420107e-06
25.0,0.0,205.02604990678307,1.343054e-06
25.0,0.0,205.0256426824089,1.355904e-06
25.0,0.0,205.0252272014825,1.413719e-06
25.0,0.0,205.02481902635728,1.313005e-06
25.0,0.0,205.02437994185644,1.313922e-06
25.0,0.0,205.0239804032635,1.309658e-06
25.0,0.0,205.02356633424444,1.403896e-06
25.0,0.0,205.02312329272405,1.36724e-06
25.0,0.0,205.02273310115024,1.330918e-06
25.0,0.0,205.02230316214613,1.327906e-06
25.0,0.0,205.02187248985643,1.367094e-06
25.0,0.0,205.0214645389352,1.35263e-06
25.0,0.0,205.02104666662177,1.259134e-06
25.0,0.0,205.02062569374337,1.142427e-06
25.0,0.0,205.02024001388503,1.216074e-06
25.0,0.0,205.01979252133967,1.218272e-06
25.0,0.0,205.01935525520645,1.375302e-06
25.0,0.0,205.01892480994556,1.197986e-06
25.0,0.0,205.01852079840168,1.253778e-06
25.0,0.0,205.01808618673465,1.335487e-06
25.0,0.0,205.0176956200721,1.421082e-06
25.0,0.0,205.01725007007323,1.376276e-06
25.0,0.0,205.01685132779787,1.468652e-06
25.0,0.0,205.01642734074667,1.349923e-06
25.0,0.0,205.01602372577733,1.19624e-06
25.0,0.0,205.01559149924137,1.275883e-06
25.0,0.0,205.01518486974211,1.244829e-06
25.0,0.0,205.0147818688092,1.310778e-06
25.0,0.0,205.01434602455032,1.166729e-06
25.0,0.0,205.01393784942508,1.155902e-06
25.0,0.0,205.01351460182784,1.23879e-06
25.0,0.0,205.0131112187053,1.364111e-06
25.0,0.0,205.01269788630847,1.436492e-06
25.0,0.0,205.01227191328664,1.384382e-06
25.0,0.0,205.01185217894636,1.328604e-06
25.0,0.0,205.0114328352705,1.457054e-06
25.0,0.0,205.0110079175116,1.398177e-06
25.0,0.0,205.01058088281016,1.487075e-06
25.0,0.0,205.01016308718783,1.378881e-06
25.0,0.0,205.00975840362696,1.210166e-06
25.0,0.0,205.00932469137953,1.065186e-06
25.0,0.0,205.00889401222588,1.121065e-06
25.0,0.0,205.00848692486844,1.430206e-06
25.0,0.0,205.00807298025603,1.656401e-06
25.0,0.0,205.00766419102865,1.498687e-06
25.0,0.0,205.00726177099284,1.486595e-06
25.0,0.0,205.00681695397793,1.522814e-06
25.0,0.0,205.0064182176665,1.388165e-06
25.0,0.0,205.00599422465132,1.29304e-06
25.0,0.0,205.00558407133377,1.22546e-06
25.0,0.0,205.0051652656389,1.30877e-06
25.0,0.0,205.004744996374,1.448177e-06
25.0,0.0,205.00433682124873,1.417706e-06
25.0,0.0,205.003905919856,1.255277e-06
25.0,0.0,205.00347529684993,8.442294e-07
25.0,0.0,205.00308752778537,1.229011e-06
25.0,0.0,205.00267253609033,1.570996e-06
25.0,0.0,205.00222879486833,1.575027e-06
25.0,0.0,205.00182980254007,1.425462e-06
25.0,0.0,205.0014058078744,1.517954e-06
25.0,0.0,205.00096005043417,1.480876e-06
25.0,0.0,205.00056758222493,1.64732e-06
25.0,0.0,205.00015203465423,1.544831e-06
25.0,0.0,204.9997343984776,1.237655e-06
25.0,0.0,204.99928635070015,1.127511e-06
25.0,0.0,204.99889554786407,1.211491e-06
25.0,0.0,204.99846410973257,1.281558e-06
25.0,0.0,204.99801930110047,1.136155e-06
25.0,0.0,204.99760347676624,1.228531e-06
25.0,0.0,204.99721597949903,1.326596e-06
25.0,0.0,204.99678695051136,1.244407e-06
25.0,0.0,204.99636595928436,1.232518e-06
25.0,0.0,204.9959454083456,9.779469e-07
25.0,0.0,204.99554037823424,1.511988e-06
25.0,0.0,204.9951396331192,1.499517e-06
25.0,0.0,204.99470175502327,1.328255e-06
25.0,0.0,204.99430093833823,1.133289e-06
25.0,0.0,204.9938772014304,1.395951e-06
25.0,0.0,204.99343621435173,1.286622e-06
25.0,0.0,204.99303578874228,1.324224e-06
25.0,0.0,204.99263096969085,1.259948e-06
25.0,0.0,204.99223157374595,1.422406e-06
25.0,0.0,204.99180090203328,1.334804e-06
25.0,0.0,204.991359494653,9.251526000000001e-07
25.0,0.0,204.9909212549831,1.184555e-06
25.0,0.0,204.9905365092192,1.370703e-06
25.0,0.0,204.990100020986,1.225431e-06
25.0,0.0,204.98968877929627,8.462812e-07
25.0,0.0,204.98928412443624,1.058012e-06
25.0,0.0,204.98885321890435,1.462511e-06
25.0,0.0,204.98841704581295,1.461318e-06
25.0,0.0,204.9880143709319,1.502252e-06
25.0,0.0,204.9875945652473,1.401437e-06
25.0,0.0,204.98716452956583,1.41596e-06
25.0,0.0,204.9867636079049,1.35701e-06
25.0,0.0,204.98633666970483,1.317414e-06
25.0,0.0,204.98592872198216,1.283261e-06
25.0,0.0,204.98550345188292,1.390654e-06
25.0,0.0,204.9851016148868,1.175271e-06
25.0,0.0,204.984700407321,1.197419e-06
25.0,0.0,204.98427420768044,1.399574e-06
25.0,0.0,204.98386648842748,1.315886e-06
25.0,0.0,204.98343189413964,1.126391e-06
25.0,0.0,204.9830076509812,1.362918e-06
25.0,0.0,204.98260890870583,1.29221e-06
25.0,0.0,204.9821807854049,1.203181e-06
25.0,0.0,204.98175791685804,1.02169e-06
25.0,0.0,204.98134971190143,1.396678e-06
25.0,0.0,204.98091903790413,1.28962e-06
25.0,0.0,204.98049104883927,1.096822e-06
25.0,0.0,204.9801038388698,1.279885e-06
25.0,0.0,204.97966721487725,1.281849e-06
25.0,0.0,204.97924322186216,1.160719e-06
25.0,0.0,204.97881066240245,1.184017e-06
25.0,0.0,204.97840248727724,1.139226e-06
25.0,0.0,204.97797180643647,9.114156000000001e-07
25.0,0.0,204.97755583364597,1.167209e-06
25.0,0.0,204.9771329631714,1.130771e-06
25.0,0.0,204.97672477061312,9.591895000000003e-07
25.0,0.0,204.97630102178297,1.08438e-06
25.0,0.0,204.97590203110497,1.199427e-06
25.0,0.0,204.9754548105649,9.429641000000001e-07
25.0,0.0,204.97506936320528,1.139677e-06
25.0,0.0,204.97464700976963,1.042994e-06
25.0,0.0,204.9742302850746,9.914220000000001e-07
25.0,0.0,204.97382233746652,8.548814e-07
25.0,0.0,204.9733914345757,1.003747e-06
25.0,0.0,204.9729843412996,8.967327e-07
25.0,0.0,204.97256954736184,5.178008000000001e-07
25.0,0.0,204.97214418318703,8.536445e-07
25.0,0.0,204.97173711293016,6.395276e-07
25.0,0.0,204.9713136202018,6.211922000000001e-07
25.0,0.0,204.97087466075428,8.018104999999999e-07
25.0,0.0,204.97044375718588,8.593925000000001e-07
25.0,0.0,204.97004188970416,7.382041e-07
25.0,0.0,204.96963377629285,9.167125000000001e-07
25.0,0.0,204.96919440628625,9.014911000000001e-07
25.0,0.0,204.96877066864857,7.210474e-07
25.0,0.0,204.96837167376495,1.054621e-06
25.0,0.0,204.9679272060229,9.036448000000001e-07
25.0,0.0,204.9675234389008,7.040653000000001e-07
25.0,0.0,204.96711355279453,1.026492e-06
25.0,0.0,204.96670070476583,1.059016e-06
25.0,0.0,204.96629486726076,7.913332000000001e-07
25.0,0.0,204.96587330780352,9.202340000000001e-07
25.0,0.0,204.96545588773265,7.624766999999999e-07
25.0,0.0,204.96503609287885,5.929614e-07
25.0,0.0,204.96461681513824,7.250928000000001e-07
25.0,0.0,204.9642069980114,8.129717999999999e-07
25.0,0.0,204.96378300499632,7.980998e-07
25.0,0.0,204.9633842274565,9.128271000000001e-07
25.0,0.0,204.9629384317035,8.445641e-07
25.0,0.0,204.96251531350487,7.175549000000001e-07
25.0,0.0,204.96212810032387,9.961950000000002e-07
25.0,0.0,204.96171283069103,9.691430000000003e-07
25.0,0.0,204.96126505403947,9.416399000000001e-07
25.0,0.0,204.9608761927271,9.453070000000001e-07
25.0,0.0,204.96044257408275,1.017557e-06
25.0,0.0,204.95999563925568,9.331416e-07
25.0,0.0,204.9596193333152,1.185836e-06
25.0,0.0,204.95919232925488,1.272638e-06
25.0,0.0,204.9587675940309,9.955256000000002e-07
25.0,0.0,204.9583366911401,1.025022e-06
25.0,0.0,204.95789886276145,1.137669e-06
25.0,0.0,204.957497613124,1.123495e-06
25.0,0.0,204.9570595902489,1.211651e-06
25.0,0.0,204.9566592187422,1.224675e-06
25.0,0.0,204.9562536524354,8.807691999999999e-07
25.0,0.0,204.95582036877036,1.141991e-06
25.0,0.0,204.955412646382,1.035587e-06
25.0,0.0,204.9549835264228,1.021137e-06
25.0,0.0,204.9545963134678,1.237291e-06
25.0,0.0,204.9541810372084,1.15858e-06
30.0,0.0,205.577975,2.260014e-05
30.0,0.0,205.577975,-1.75937e-06
30.0,0.0,205.577975,-7.111230000000001e-07
30.0,0.0,205.5779272037652,-5.312904e-08
30.0,0.0,205.577775765856,4.321628e-07
30.0,0.0,205.5775841944931,7.884519e-07
30.0,0.0,205.57735429196308,1.069391e-06
30.0,0.0,205.57708912449124,1.110297e-06
30.0,0.0,205.57679421952287,8.963398e-07
30.0,0.0,205.57643174727795,8.782372e-07
30.0,0.0,205.57602976833465,9.728683e-07
30.0,0.0,205.57563476657032,1.089124e-06
30.0,0.0,205.57522690476668,1.20599e-06
30.0,0.0,205.57479599467405,1.265027e-06
30.0,0.0,205.57440419613417,1.321765e-06
30.0,0.0,205.57395733140427,1.426219e-06
30.0,0.0,205.57353821869404,1.335182e-06
30.0,0.0,205.57315073950372,1.390203e-06
30.0,0.0,205.5727333993671,1.316337e-06
30.0,0.0,205.57230244890388,1.057066e-06
30.0,0.0,205.57188022551608,1.318171e-06
30.0,0.0,205.57146348066485,1.312786e-06
30.0,0.0,205.5710555438716,1.313922e-06
30.0,0.0,205.5706170658496,1.193679e-06
30.0,0.0,205.570201707894,1.277542e-06
30.0,0.0,205.56977519957363,1.322784e-06
30.0,0.0,205.5693668310844,1.398323e-06
30.0,0.0,205.5689360398817,1.497494e-06
30.0,0.0,205.5685120205956,1.399982e-06
30.0,0.0,205.56810881749556,1.353925e-06
30.0,0.0,205.56769535727165,1.291672e-06
30.0,0.0,205.567269857828,1.32517e-06
30.0,0.0,205.5668506648756,1.276538e-06
30.0,0.0,205.56643159381392,1.237262e-06
30.0,0.0,205.5660068337514,1.310269e-06
30.0,0.0,205.5656159349585,1.410182e-06
30.0,0.0,205.56520404520592,1.318302e-06
30.0,0.0,205.5647771797628,1.340246e-06
30.0,0.0,205.56434635243076,1.269931e-06
30.0,0.0,205.56393821632167,1.259163e-06
30.0,0.0,205.563515019686,1.371256e-06
30.0,0.0,205.56309947938564,1.344815e-06
30.0,0.0,205.56271210884788,1.38703e-06
30.0,0.0,205.56228344070047,1.420165e-06
30.0,0.0,205.56185264696285,1.447697e-06
30.0,0.0,205.56144421032465,1.417735e-06
30.0,0.0,205.56102213727164,1.404624e-06
30.0,0.0,205.5606069593582,1.385139e-06
30.0,0.0,205.56017517028013,1.327629e-06
30.0,0.0,205.55978963114333,1.321881e-06
30.0,0.0,205.55934750603257,1.374618e-06
30.0,0.0,205.55892374719127,1.406355e-06
30.0,0.0,205.55847498606607,1.361565e-06
30.0,0.0,205.5580593909289,1.428474e-06
30.0,0.0,205.557644246368,1.346009e-06
30.0,0.0,205.55722818545587,1.44355e-06
30.0,0.0,205.55682016702823,1.506021e-06
30.0,0.0,205.55638945991376,1.440159e-06
30.0,0.0,205.5559820758756,1.416731e-06
30.0,0.0,205.5555677797581,1.397959e-06
30.0,0.0,205.5551596001351,1.426117e-06
30.0,0.0,205.55475716191535,1.353663e-06
30.0,0.0,205.55432621677065,1.377528e-06
30.0,0.0,205.55391802110023,1.374996e-06
30.0,0.0,205.5534897834224,1.405293e-06
30.0,0.0,205.55307434838664,1.37015e-06
30.0,0.0,205.5526657448548,1.367283e-06
30.0,0.0,205.55226291119723,1.239125e-06
30.0,0.0,205.55183221296872,1.386637e-06
30.0,0.0,205.55139402191676,1.362889e-06
30.0,0.0,205.5509712325732,1.339111e-06
30.0,0.0,205.55058231232275,1.403969e-06
30.0,0.0,205.55014801902695,1.430046e-06
30.0,0.0,205.54972427910727,1.395805e-06
30.0,0.0,205.54929389387505,1.288994e-06
30.0,0.0,205.54887247410247,1.42213e-06
30.0,0.0,205.5484553161446,1.396111e-06
30.0,0.0,205.54803569999947,1.411696e-06
30.0,0.0,205.5476307662236,1.411958e-06
30.0,0.0,205.54723109168185,1.457782e-06
30.0,0.0,205.54680009416887,1.439897e-06
30.0,0.0,205.54639187193456,1.41059e-06
30.0,0.0,205.54596117912777,1.434702e-06
30.0,0.0,205.5455430604588,1.430177e-06
30.0,0.0,205.54515526545677,1.412613e-06
30.0,0.0,205.54471356329768,1.435124e-06
30.0,0.0,205.5443063875884,1.410604e-06
30.0,0.0,205.5438904834976,1.358945e-06
30.0,0.0,205.5434448373712,1.279695e-06
30.0,0.0,205.543042853632,1.448294e-06
30.0,0.0,205.5426350334835,1.234628e-06
30.0,0.0,205.542219987306,1.396285e-06
30.0,0.0,205.5418122941589,1.375272e-06
30.0,0.0,205.54138173426503,1.34953e-06
30.0,0.0,205.54095299094524,1.395878e-06
30.0,0.0,205.54055827283165,1.506574e-06
30.0,0.0,205.54011508792303,1.447712e-06
30.0,0.0,205.5397040334927,1.371707e-06
30.0,0.0,205.5393028706877,1.348846e-06
30.0,0.0,205.5388651854647,1.347522e-06
30.0,0.0,205.5384343932349,1.307693e-06
30.0,0.0,205.53800982169943,1.239445e-06
30.0,0.0,205.5375954570821,1.352484e-06
30.0,0.0,205.5371835600912,1.346547e-06
30.0,0.0,205.5367599422912,1.347827e-06
30.0,0.0,205.53633860378793,1.413719e-06
30.0,0.0,205.53591809695888,1.40036e-06
30.0,0.0,205.53553288533456,1.384804e-06
30.0,0.0,205.5351029753161,1.358771e-06
30.0,0.0,205.5346913593584,1.329361e-06
30.0,0.0,205.5342866016916,1.304928e-06
30.0,0.0,205.53385563057995,1.301698e-06
30.0,0.0,205.53342897405585,1.332286e-06
30.0,0.0,205.53302558878536,1.317923e-06
30.0,0.0,205.53259626753913,1.357315e-06
30.0,0.0,205.5322218652477,1.357708e-06
30.0,0.0,205.53177293497555,1.269625e-06
30.0,0.0,205.53133794714824,1.352993e-06
30.0,0.0,205.53090734530244,1.335109e-06
30.0,0.0,205.5305016622956,1.36107e-06
30.0,0.0,205.53007801351728,1.258493e-06
30.0,0.0,205.5296741914809,1.361666e-06
30.0,0.0,205.5292305837664,1.308232e-06
30.0,0.0,205.52880654072263,1.33572e-06
30.0,0.0,205.5284080219785,1.351596e-06
30.0,0.0,205.5279844555794,1.337336e-06
30.0,0.0,205.52758546338623,1.325141e-06
30.0,0.0,205.5271543557488,1.358814e-06
30.0,0.0,205.52675613162788,1.287306e-06
30.0,0.0,205.52631982243247,1.256893e-06
30.0,0.0,205.52589758337385,1.27354e-06
30.0,0.0,205.52546724871868,1.271808e-06
30.0,0.0,205.5250767885865,1.220062e-06
30.0,0.0,205.5246611325387,1.243461e-06
30.0,0.0,205.52421911439976,1.291788e-06
30.0,0.0,205.52383364429988,1.246459e-06
30.0,0.0,205.5233957405066,1.229506e-06
30.0,0.0,205.52299474820583,1.284017e-06
30.0,0.0,205.52257288377328,1.275723e-06
30.0,0.0,205.5221404065101,1.200111e-06
30.0,0.0,205.52174591227129,1.329448e-06
30.0,0.0,205.52132608034847,1.323191e-06
30.0,0.0,205.5208860358084,1.309192e-06
30.0,0.0,205.52047812174396,1.341075e-06
30.0,0.0,205.52006316884987,1.345485e-06
30.0,0.0,205.51964781817267,1.234701e-06
30.0,0.0,205.5192069931861,1.289009e-06
30.0,0.0,205.51881523007583,1.342152e-06
30.0,0.0,205.5183844351565,1.340624e-06
30.0,0.0,205.5179393816352,1.240682e-06
30.0,0.0,205.51751588518633,1.286418e-06
30.0,0.0,205.51711280950417,1.3401e-06
30.0,0.0,205.51671271415444,1.333363e-06
30.0,0.0,205.51626517428585,1.340188e-06
30.0,0.0,205.51587634210057,1.352906e-06
30.0,0.0,205.5154681951373,1.407228e-06
30.0,0.0,205.5150511353348,1.441193e-06
30.0,0.0,205.51461967869065,1.409528e-06
30.0,0.0,205.5141986284048,1.402994e-06
30.0,0.0,205.5137973686439,1.422683e-06
30.0,0.0,205.51335997760376,1.388034e-06
30.0,0.0,205.51297446421697,1.39109e-06
30.0,0.0,205.51253132874325,1.449036e-06
30.0,0.0,205.51212682604552,1.439694e-06
30.0,0.0,205.51172752724565,1.460561e-06
30.0,0.0,205.5112967222929,1.425462e-06
30.0,0.0,205.51085514951424,1.465203e-06
30.0,0.0,205.51043108250383,1.506065e-06
30.0,0.0,205.51002674525228,1.50378e-06
30.0,0.0,205.5095828478553,1.459513e-06
30.0,0.0,205.50917939201375,1.454755e-06
30.0,0.0,205.50875703180677,1.459921e-06
30.0,0.0,205.5083491577265,1.349414e-06
30.0,0.0,205.50791848101247,1.466949e-06
30.0,0.0,205.5074904793806,1.482666e-06
30.0,0.0,205.50707972031472,1.352848e-06
30.0,0.0,205.5066663771794,1.386361e-06
30.0,0.0,205.50628113339576,1.482229e-06
30.0,0.0,205.50584372006372,1.519176e-06
30.0,0.0,205.50540816921,1.405686e-06
30.0,0.0,205.50502105668457,1.358203e-06
30.0,0.0,205.50458307712165,1.416833e-06
30.0,0.0,205.50417822909287,1.386798e-06
30.0,0.0,205.50377497994407,1.380133e-06
30.0,0.0,205.503339466958,1.389126e-06
30.0,0.0,205.50291397770928,1.502194e-06
30.0,0.0,205.50250606190644,1.458553e-06
30.0,0.0,205.50209037230877,1.34515e-06
30.0,0.0,205.50170252292884,1.308843e-06
30.0,0.0,205.50125607725013,1.460008e-06
30.0,0.0,205.50083205922067,1.457185e-06
30.0,0.0,205.5004330177748,1.357141e-06
30.0,0.0,205.49998536591383,1.301189e-06
30.0,0.0,205.4995700365859,1.309731e-06
30.0,0.0,205.49915487746773,1.292414e-06
30.0,0.0,205.49875662636532,1.327106e-06
30.0,0.0,205.49831430837853,1.42098e-06
30.0,0.0,205.49789041743853,1.364737e-06
30.0,0.0,205.49744477482784,1.267195e-06
30.0,0.0,205.49704310477767,1.41545e-06
30.0,0.0,205.49663531916156,1.504348e-06
30.0,0.0,205.4962204254798,1.373701e-06
30.0,0.0,205.49581287089137,1.315071e-06
30.0,0.0,205.49537251204768,1.416425e-06
30.0,0.0,205.49497356547272,1.396926e-06
30.0,0.0,205.4945574211719,1.310764e-06
30.0,0.0,205.49413455567736,1.213717e-06
30.0,0.0,205.49372671872533,1.340042e-06
30.0,0.0,205.49330277759435,1.468186e-06
30.0,0.0,205.49290398343487,1.390057e-06
30.0,0.0,205.4924571504608,1.628156e-06
30.0,0.0,205.49203786472435,1.520399e-06
30.0,0.0,205.49165040139928,1.470718e-06
30.0,0.0,205.49123326160435,1.331195e-06
30.0,0.0,205.49080224857943,1.594424e-06
30.0,0.0,205.4903610318817,1.553868e-06
30.0,0.0,205.48994332415757,1.33038e-06
30.0,0.0,205.48954516296956,1.468405e-06
30.0,0.0,205.48910228821185,1.460241e-06
30.0,0.0,205.48869391901997,1.342123e-06
30.0,0.0,205.48827160335057,1.343346e-06
30.0,0.0,205.48785493456873,1.436478e-06
30.0,0.0,205.48742394353468,1.39339e-06
30.0,0.0,205.4870198154385,1.325723e-06
30.0,0.0,205.48660941613147,1.282649e-06
30.0,0.0,205.48619733518623,1.424443e-06
30.0,0.0,205.48579185702067,1.368651e-06
30.0,0.0,205.48534977439977,1.391818e-06
30.0,0.0,205.48495314284867,1.432825e-06
30.0,0.0,205.48453301594236,1.449182e-06
30.0,0.0,205.48410354638096,1.497552e-06
30.0,0.0,205.48370488511253,1.338762e-06
30.0,0.0,205.4832812673125,1.374516e-06
30.0,0.0,205.48285610121712,1.427092e-06
30.0,0.0,205.48243720581473,1.359411e-06
30.0,0.0,205.4820132927321,1.359062e-06
30.0,0.0,205.4816105960205,1.30407e-06
30.0,0.0,205.48121055353053,1.412191e-06
30.0,0.0,205.48078235065665,1.354681e-06
30.0,0.0,205.48033884210423,1.32143e-06
30.0,0.0,205.47993964957084,1.269815e-06
30.0,0.0,205.4795160367557,1.38169e-06
30.0,0.0,205.4790774938693,1.341803e-06
30.0,0.0,205.47866238437257,1.340741e-06
30.0,0.0,205.478243207492,1.340741e-06
30.0,0.0,205.47783510600925,1.405599e-06
30.0,0.0,205.477404521482,1.569177e-06
30.0,0.0,205.47697394711173,1.520515e-06
30.0,0.0,205.47658573710308,1.496388e-06
30.0,0.0,205.47615109535724,1.413893e-06
30.0,0.0,205.4757499346049,1.379682e-06
30.0,0.0,205.47532871375725,1.454551e-06
30.0,0.0,205.47489558007487,1.489243e-06
30.0,0.0,205.47448136028052,1.485809e-06
30.0,0.0,205.47406567796395,1.450477e-06
30.0,0.0,205.47367818924863,1.468798e-06
30.0,0.0,205.47325557018553,1.512541e-06
30.0,0.0,205.47283723695955,1.37242e-06
30.0,0.0,205.4724164012084,1.357446e-06
30.0,0.0,205.47198830383311,1.238936e-06
30.0,0.0,205.4715633594741,1.374545e-06
30.0,0.0,205.47114740355417,1.359935e-06
30.0,0.0,205.47074089586448,1.424094e-06
30.0,0.0,205.47030852477877,1.391047e-06
30.0,0.0,205.4698776045693,1.328575e-06
30.0,0.0,205.4694493725968,1.383582e-06
30.0,0.0,205.4690530052584,1.501685e-06
30.0,0.0,205.46863759864985,1.493419e-06
30.0,0.0,205.4682002671864,1.52654e-06
30.0,0.0,205.46781502448908,1.504392e-06
30.0,0.0,205.4673749858985,1.50167e-06
30.0,0.0,205.46693447189696,1.622713e-06
30.0,0.0,205.46655267531887,1.599285e-06
30.0,0.0,205.46613762078036,1.54083e-06
30.0,0.0,205.465729844082,1.64716e-06
30.0,0.0,205.4652986827325,1.531793e-06
30.0,0.0,205.46490700711217,1.54812e-06
30.0,0.0,205.46445965019697,1.627268e-06
30.0,0.0,205.4640408582312,1.607754e-06
30.0,0.0,205.46363530484655,1.555571e-06
30.0,0.0,205.4632356075583,1.424574e-06
30.0,0.0,205.46280465768945,1.553592e-06
30.0,0.0,205.4623965470908,1.56273e-06
30.0,0.0,205.4619648839393,1.491702e-06
30.0,0.0,205.4615410217185,1.302324e-06
30.0,0.0,205.461127140112,1.372595e-06
30.0,0.0,205.460717512662,1.564054e-06
30.0,0.0,205.46028837641225,1.556866e-06
30.0,0.0,205.45986720876368,1.42309e-06
30.0,0.0,205.4594493024434,1.359324e-06
30.0,0.0,205.4590280997408,1.475186e-06
30.0,0.0,205.4586125865904,1.572334e-06
30.0,0.0,205.4581693372604,1.57069e-06
30.0,0.0,205.45774862330796,1.442269e-06
30.0,0.0,205.45735202425456,1.310807e-06
30.0,0.0,205.45690950523303,1.483844e-06
30.0,0.0,205.4565039881957,1.510954e-06
30.0,0.0,205.45609163382724,1.423323e-06
30.0,0.0,205.45568140299127,1.415785e-06
30.0,0.0,205.4552773050177,1.362976e-06
30.0,0.0,205.45483384557213,1.476044e-06
30.0,0.0,205.4544388456262,1.526409e-06
30.0,0.0,205.45401550801304,1.450826e-06
30.0,0.0,205.45360024322343,1.360022e-06
30.0,0.0,205.45318885286025,1.327193e-06
30.0,0.0,205.45276480981647,1.471402e-06
30.0,0.0,205.45236581143385,1.492968e-06
30.0,0.0,205.4519226334092,1.569395e-06
30.0,0.0,205.451495506865,1.427426e-06
30.0,0.0,205.45108007046943,1.435081e-06
30.0,0.0,205.45069210772817,1.430686e-06
30.0,0.0,205.45026707187785,1.525375e-06
30.0,0.0,205.44982243463687,1.621956e-06
30.0,0.0,205.4493830604441,1.590743e-06
30.0,0.0,205.44899763582467,1.4502e-06
30.0,0.0,205.4485594300644,1.359207e-06
30.0,0.0,205.44814435712553,1.533626e-06
30.0,0.0,205.44775793721865,1.51791e-06
30.0,0.0,205.44731724302977,1.496504e-06
30.0,0.0,205.44688600167896,1.548091e-06
30.0,0.0,205.44647007672563,1.583481e-06
30.0,0.0,205.4460537963841,1.620851e-06
30.0,0.0,205.4456661451292,4.0946180000000003e-07
30.0,0.0,205.44524607483288,3.7917930000000004e-07
30.0,0.0,205.44482857417347,1.863955e-07
30.0,0.0,205.4444073883658,5.663605e-08
30.0,0.0,205.4439769267644,3.816967e-08
30.0,0.0,205.44358931784387,1.396984e-08
30.0,0.0,205.4431735823433,1.638546e-08
30.0,0.0,205.44272975563445,1.617445e-07
30.0,0.0,205.44233086327307,1.587949e-06
30.0,0.0,205.44190734714428,8.26607e-07
30.0,0.0,205.44146123557647,8.399219999999999e-07
30.0,0.0,205.4410844351396,1.63744e-06
30.0,0.0,205.440653407806,1.568318e-06
30.0,0.0,205.4402356181124,1.382534e-06
30.0,0.0,205.43981898949372,1.54147e-06
30.0,0.0,205.43939660684728,1.523164e-06
30.0,0.0,205.43896507064505,1.558161e-06
30.0,0.0,205.4385411834143,1.482549e-06
30.0,0.0,205.4381055725563,1.352964e-06
30.0,0.0,205.43769382348623,1.379623e-06
30.0,0.0,205.4372886197961,1.546898e-06
30.0,0.0,205.43685773826584,1.49128e-06
30.0,0.0,205.43644994491572,1.578272e-06
30.0,0.0,205.4360288041608,1.489971e-06
30.0,0.0,205.43562431508172,1.5595e-06
30.0,0.0,205.43522528791397,1.556153e-06
30.0,0.0,205.4347943167961,1.419496e-06
30.0,0.0,205.43438605613153,1.587265e-06
30.0,0.0,205.43395344367508,1.422421e-06
30.0,0.0,205.43352985088936,1.464083e-06
30.0,0.0,205.43314819974043,1.366207e-06
30.0,0.0,205.4327048504528,1.378547e-06
30.0,0.0,205.4322776111954,1.382301e-06
30.0,0.0,205.431884136129,1.547378e-06
30.0,0.0,205.43143894714376,1.425855e-06
30.0,0.0,205.43101543753153,1.407505e-06
30.0,0.0,205.43061262907287,1.363369e-06
30.0,0.0,205.4302127667877,1.245906e-06
30.0,0.0,205.42976537174167,1.15321e-06
30.0,0.0,205.42934130645807,1.449851e-06
30.0,0.0,205.4289062206745,1.536362e-06
30.0,0.0,205.42849543638349,1.47376e-06
30.0,0.0,205.4280798332252,1.375694e-06
30.0,0.0,205.4276705132838,1.374661e-06
30.0,0.0,205.42726731434408,1.414388e-06
30.0,0.0,205.4268365903736,1.357927e-06
30.0,0.0,205.42642861849652,1.315188e-06
30.0,0.0,205.42600285243037,1.386114e-06
30.0,0.0,205.42561516675505,1.366483e-06
30.0,0.0,205.42517758793767,1.249762e-06
30.0,0.0,205.424753864805,1.275985e-06
30.0,0.0,205.42435502178367,1.341643e-06
30.0,0.0,205.42391263957825,1.340595e-06
30.0,0.0,205.4235074912004,1.295062e-06
30.0,0.0,205.42309597162668,1.397872e-06
30.0,0.0,205.4226805008108,1.303866e-06
30.0,0.0,205.42227586497327,1.268185e-06
30.0,0.0,205.4218498147769,1.283028e-06
30.0,0.0,205.42142348073824,1.261302e-06
30.0,0.0,205.4210185328782,1.283013e-06
30.0,0.0,205.42059001733492,1.289547e-06
30.0,0.0,205.4201591655612,1.280321e-06
30.0,0.0,205.4197600307185,1.233217e-06
30.0,0.0,205.41933258381715,1.283261e-06
30.0,0.0,205.4189018181139,1.363092e-06
30.0,0.0,205.4184704275836,1.096269e-06
30.0,0.0,205.4180266277382,1.218068e-06
30.0,0.0,205.4176475230476,1.353736e-06
30.0,0.0,205.41722333890465,1.376786e-06
30.0,0.0,205.41679285568907,1.221866e-06
30.0,0.0,205.4163848130553,1.159511e-06
30.0,0.0,205.41595400112547,1.325345e-06
30.0,0.0,205.41555301292937,1.295208e-06
30.0,0.0,205.41514610796577,1.17856e-06
30.0,0.0,205.41475018715371,1.113382e-06
30.0,0.0,205.41432184639064,1.283261e-06
30.0,0.0,205.41388261865615,1.280641e-06
30.0,0.0,205.41348293297807,1.208362e-06
30.0,0.0,205.41306917613187,1.129491e-06
30.0,0.0,205.41264394958696,1.268956e-06
30.0,0.0,205.41223727314696,1.280103e-06
30.0,0.0,205.41181325511755,1.221604e-06
30.0,0.0,205.4113742400843,1.114124e-06
30.0,0.0,205.41096613622415,1.287844e-06
30.0,0.0,205.41054877924435,1.323831e-06
30.0,0.0,205.41013367637413,1.280117e-06
30.0,0.0,205.40969690593792,1.131411e-06
30.0,0.0,205.409295254132,1.018532e-06
30.0,0.0,205.40885832820751,1.265682e-06
30.0,0.0,205.40842752066968,1.091539e-06
30.0,0.0,205.4080237253448,1.235618e-06
30.0,0.0,205.40761392537013,1.242093e-06
30.0,0.0,205.4072012157508,1.245382e-06
30.0,0.0,205.4067955943672,1.271255e-06
30.0,0.0,205.40635350737648,1.252134e-06
30.0,0.0,205.40595648859056,1.208435e-06
30.0,0.0,205.40553697236908,1.262059e-06
30.0,0.0,205.40511773395832,1.242006e-06
30.0,0.0,205.4047082394088,1.208027e-06
30.0,0.0,205.4042846456,1.283624e-06
30.0,0.0,205.40385912844687,1.294015e-06
30.0,0.0,205.4034406012377,1.345456e-06
30.0,0.0,205.40301779840797,1.306587e-06
30.0,0.0,205.4026145069959,1.289154e-06
30.0,0.0,205.40221484309973,1.415581e-06
30.0,0.0,205.40178601436065,1.399167e-06
30.0,0.0,205.40137789013764,1.414461e-06
30.0,0.0,205.40094423593328,1.339533e-06
30.0,0.0,205.40052036798988,1.370121e-06
30.0,0.0,205.40010806552672,1.407243e-06
30.0,0.0,205.39969448063252,1.379187e-06
30.0,0.0,205.3992691950587,1.364766e-06
30.0,0.0,205.39883831787233,1.277789e-06
30.0,0.0,205.39840040887827,1.435605e-06
30.0,0.0,205.39797620260447,1.39483e-06
30.0,0.0,205.39758896426497,1.367443e-06
30.0,0.0,205.3971457281881,1.343244e-06
30.0,0.0,205.3967497817204,1.378881e-06
30.0,0.0,205.39633111695025,1.299471e-06
30.0,0.0,205.3958978943461,1.385328e-06
30.0,0.0,205.3954847608317,1.285109e-06
30.0,0.0,205.39506929664233,1.289547e-06
30.0,0.0,205.39468150094487,1.332068e-06
30.0,0.0,205.3942588935207,1.372915e-06
30.0,0.0,205.39384024098047,1.412656e-06
30.0,0.0,205.39341429901097,1.317938e-06
30.0,0.0,205.39299043450356,1.345179e-06
30.0,0.0,205.3926046267362,1.295484e-06
30.0,0.0,205.39216132863,1.255627e-06
30.0,0.0,205.39174211933553,1.231019e-06
30.0,0.0,205.39134461335377,1.278691e-06
30.0,0.0,205.39090260888327,1.278662e-06
30.0,0.0,205.39047157678013,1.190769e-06
30.0,0.0,205.39004791483364,1.267268e-06
30.0,0.0,205.38966863012632,1.233362e-06
30.0,0.0,205.38922570482748,1.17303e-06
30.0,0.0,205.388794827322,1.327295e-06
30.0,0.0,205.3883866991916,1.244844e-06
30.0,0.0,205.38795590958804,1.241555e-06
30.0,0.0,205.38753609068405,1.216089e-06
30.0,0.0,205.3871482120716,1.24803e-06
30.0,0.0,205.38670872543443,1.256223e-06
30.0,0.0,205.38632330588376,1.273307e-06
30.0,0.0,205.385884416092,1.247477e-06
30.0,0.0,205.38548474547193,1.319058e-06
30.0,0.0,205.38506200426048,1.304652e-06
30.0,0.0,205.38462854444887,1.313674e-06
30.0,0.0,205.38423712204852,1.279215e-06
30.0,0.0,205.38380695870555,1.287772e-06
30.0,0.0,205.3833761434979,1.313703e-06
30.0,0.0,205.38296794891025,1.391731e-06
30.0,0.0,205.3825508621829,1.318011e-06
30.0,0.0,205.38213521006367,1.381981e-06
30.0,0.0,205.38174178431711,1.324952e-06
30.0,0.0,205.3812961222344,1.376902e-06
30.0,0.0,205.3808892347048,1.387525e-06
30.0,0.0,205.3804731427645,1.337801e-06
30.0,0.0,205.38004919977803,1.403707e-06
30.0,0.0,205.37961441743664,1.363544e-06
30.0,0.0,205.37919921001787,1.331515e-06
30.0,0.0,205.3787729963164,1.307315e-06
30.0,0.0,205.37836502585344,1.358014e-06
30.0,0.0,205.37793011616824,1.355802e-06
30.0,0.0,205.3775060679017,1.33217e-06
30.0,0.0,205.377095090427,1.303808e-06
30.0,0.0,205.37667859740665,1.30813e-06
30.0,0.0,205.376256404417,1.30116e-06
30.0,0.0,205.37584836298691,1.390683e-06
30.0,0.0,205.3754176405868,1.378343e-06
30.0,0.0,205.37501306677143,1.352339e-06
30.0,0.0,205.37460208247947,1.386827e-06
30.0,0.0,205.3741903815097,1.384091e-06
30.0,0.0,205.37378558099076,1.315173e-06
30.0,0.0,205.37335463261937,1.351698e-06
30.0,0.0,205.37294657119543,1.323715e-06
30.0,0.0,205.3725248502193,1.316526e-06
30.0,0.0,205.3720960483529,1.352513e-06
30.0,0.0,205.37172180622449,1.346794e-06
30.0,0.0,205.3712732070412,1.325447e-06
30.0,0.0,205.3708492420405,1.318025e-06
30.0,0.0,205.3704072742707,1.325985e-06
30.0,0.0,205.369976710514,1.31999e-06
30.0,0.0,205.36958930282185,1.288645e-06
30.0,0.0,205.3691739987686,1.297216e-06
30.0,0.0,205.36873000534456,1.19528e-06
30.0,0.0,205.36833084126448,1.11635e-06
30.0,0.0,205.36790682576,8.043571000000001e-07
30.0,0.0,205.367460776612,9.387586000000001e-07
30.0,0.0,205.3670686491637,9.084761000000001e-07
30.0,0.0,205.36665349260133,1.001375e-06
30.0,0.0,205.36625583783723,1.022723e-06
30.0,0.0,205.3658278976288,1.072156e-06
30.0,0.0,205.3654038949208,1.092674e-06
30.0,0.0,205.3649923910072,1.230423e-06
30.0,0.0,205.36457687515647,1.216249e-06
30.0,0.0,205.36418935799944,1.183027e-06
30.0,0.0,205.3637440791542,1.234643e-06
30.0,0.0,205.36331146136456,1.103734e-06
30.0,0.0,205.36292129217,1.081091e-06
30.0,0.0,205.36247277347948,1.190332e-06
30.0,0.0,205.36207350837472,1.262422e-06
30.0,0.0,205.3616694067572,1.217675e-06
30.0,0.0,205.3612483568899,1.215973e-06
30.0,0.0,205.36083062928935,1.195687e-06
30.0,0.0,205.3604093065292,1.17399e-06
30.0,0.0,205.3599796668134,1.240871e-06
30.0,0.0,205.3595365909964,8.990464e-07
30.0,0.0,205.35912125914936,1.241846e-06
30.0,0.0,205.3587315342889,1.2276e-06
30.0,0.0,205.35830164018356,1.239023e-06
30.0,0.0,205.35787103291605,1.294058e-06
30.0,0.0,205.35743659291583,1.32843e-06
30.0,0.0,205.3570322960038,1.262146e-06
30.0,0.0,205.3566144329552,1.24966e-06
30.0,0.0,205.35619353635127,1.249908e-06
30.0,0.0,205.35579160198245,1.266744e-06
30.0,0.0,205.35535500952312,1.247885e-06
30.0,0.0,205.35494719282028,1.228284e-06
30.0,0.0,205.35452557688765,1.295062e-06
30.0,0.0,205.35413761559076,1.243097e-06
30.0,0.0,205.35372229468064,1.274733e-06
30.0,0.0,205.35330701526303,1.262844e-06
30.0,0.0,205.35288352662937,1.276712e-06
30.0,0.0,205.35245053614503,1.234643e-06
30.0,0.0,205.35204469875612,1.218388e-06
30.0,0.0,205.35161692014677,1.230641e-06
30.0,0.0,205.3512018488321,1.355103e-06
30.0,0.0,205.35077542389067,1.363675e-06
30.0,0.0,205.35036734405463,1.355744e-06
30.0,0.0,205.34993669047583,1.367123e-06
30.0,0.0,205.3495129907795,1.285138e-06
30.0,0.0,205.34909786067607,1.267734e-06
30.0,0.0,205.34868178546992,1.339184e-06
30.0,0.0,205.34825876267703,1.400171e-06
30.0,0.0,205.34784016608523,1.469802e-06
30.0,0.0,205.34742007243648,1.46564e-06
30.0,0.0,205.34699260152547,1.500986e-06
30.0,0.0,205.34660504819252,1.48009e-06
30.0,0.0,205.34619300137905,1.386361e-06
30.0,0.0,205.3457879219322,1.547858e-06
30.0,0.0,205.34534537075007,1.495137e-06
30.0,0.0,205.34494665877685,1.44924e-06
30.0,0.0,205.34452293563163,1.424312e-06
30.0,0.0,205.34408488028183,1.478533e-06
30.0,0.0,205.34369752886005,1.512104e-06
30.0,0.0,205.34327196676,1.521024e-06
30.0,0.0,205.34284133385347,1.481516e-06
30.0,0.0,205.34243340725016,1.547494e-06
30.0,0.0,205.34200872756784,1.584383e-06
30.0,0.0,205.34159307455457,1.569424e-06
30.0,0.0,205.3412055000544,1.525652e-06
30.0,0.0,205.34075870662733,1.525987e-06
30.0,0.0,205.34033471361224,1.416163e-06
30.0,0.0,205.3399358212509,1.475433e-06
30.0,0.0,205.33948825303153,1.449385e-06
30.0,0.0,205.33907265391133,1.464898e-06
30.0,0.0,205.33865682436476,1.635752e-06
30.0,0.0,205.33821588517048,1.604669e-06
30.0,0.0,205.3378305091652,1.637804e-06
30.0,0.0,205.33739201921017,1.624838e-06
30.0,0.0,205.33694831255056,1.642722e-06
30.0,0.0,205.33655181746605,1.680877e-06
30.0,0.0,205.33613640631,1.763008e-06
30.0,0.0,205.33574274866768,1.673354e-06
30.0,0.0,205.3353136639894,1.774009e-06
30.0,0.0,205.3348904094244,1.728462e-06
30.0,0.0,205.33447463145384,1.841414e-06
30.0,0.0,205.3340591687445,1.839871e-06
30.0,0.0,205.33367145669465,1.851935e-06
30.0,0.0,205.3332503843829,1.777167e-06
30.0,0.0,205.33283285570357,1.856621e-06
30.0,0.0,205.33240568131777,1.828259e-06
30.0,0.0,205.33198144396945,1.833803e-06
30.0,0.0,205.33153855613327,1.80534e-06
30.0,0.0,205.33113346027676,1.920867e-06
30.0,0.0,205.33073338315887,1.859167e-06
30.0,0.0,205.3303029313416,1.901484e-06
30.0,0.0,205.3298722541632,1.879642e-06
30.0,0.0,205.32946431186224,1.761146e-06
30.0,0.0,205.32904666702467,1.834967e-06
30.0,0.0,205.32860389681557,1.912253e-06
30.0,0.0,205.32819500839173,1.882319e-06
30.0,0.0,205.32779302198904,1.912951e-06
30.0,0.0,205.3273563899521,1.879904e-06
30.0,0.0,205.32694844280533,1.897599e-06
30.0,0.0,205.32652699940203,1.962573e-06
30.0,0.0,205.32612330124192,1.812252e-06
30.0,0.0,205.32572423202373,1.939567e-06
30.0,0.0,205.3252939275,1.912107e-06
30.0,0.0,205.32488598127216,1.874025e-06
30.0,0.0,205.32445408604315,1.862951e-06
30.0,0.0,205.32402124914597,1.886307e-06
30.0,0.0,205.3236332009256,1.89984e-06
30.0,0.0,205.32321765335487,1.907305e-06
30.0,0.0,205.32276939933013,1.89821e-06
30.0,0.0,205.32238036929604,1.942361e-06
30.0,0.0,205.32194691457224,1.96464e-06
30.0,0.0,205.32154151929217,1.92257e-06
30.0,0.0,205.3211244300952,1.961133e-06
30.0,0.0,205.32069798573224,1.851295e-06
30.0,0.0,205.32027222203553,1.918102e-06
30.0,0.0,205.31986404992583,1.857581e-06
30.0,0.0,205.319433371422,1.807639e-06
30.0,0.0,205.31900857281096,1.874956e-06
30.0,0.0,205.31858122586448,1.716791e-06
30.0,0.0,205.31816339593675,1.878347e-06
30.0,0.0,205.31775874325152,1.794193e-06
30.0,0.0,205.31732454532323,1.894528e-06
30.0,0.0,205.31690042236448,1.848821e-06
30.0,0.0,205.31648779343703,1.844732e-06
30.0,0.0,205.3160719679285,1.82158e-06
30.0,0.0,205.31568419440856,1.818087e-06
30.0,0.0,205.3152609427109,1.792039e-06
30.0,0.0,205.3148421193607,1.782464e-06
30.0,0.0,205.31441680489908,1.752342e-06
30.0,0.0,205.31399306298476,1.759836e-06
30.0,0.0,205.3136075727696,1.62932e-06
30.0,0.0,205.31317057360303,1.6298e-06
30.0,0.0,205.3127678054859,1.597582e-06
30.0,0.0,205.31234859340825,1.68549e-06
30.0,0.0,205.31190668191192,1.561668e-06
30.0,0.0,205.3115006020249,1.635737e-06
30.0,0.0,205.31108846102265,1.411914e-06
30.0,0.0,205.31067291345187,1.52181e-06
30.0,0.0,205.31025171329284,1.57411e-06
30.0,0.0,205.309805641855,1.519031e-06
30.0,0.0,205.3094066434724,1.413806e-06
30.0,0.0,205.30895945492017,1.434979e-06
30.0,0.0,205.3085407369481,1.486987e-06
30.0,0.0,205.30813567096448,1.496068e-06
30.0,0.0,205.3077356168368,1.423847e-06
30.0,0.0,205.3073049413485,1.276203e-06
30.0,0.0,205.3068972210284,1.312132e-06
30.0,0.0,205.30646544993056,1.351887e-06
30.0,0.0,205.3060581466308,1.374865e-06
30.0,0.0,205.30566135672063,1.34384e-06
30.0,0.0,205.3052195198013,1.324501e-06
30.0,0.0,205.30481998304768,1.332373e-06
30.0,0.0,205.30438067460952,1.39857e-06
30.0,0.0,205.30399522724989,1.361492e-06
30.0,0.0,205.3035563962287,1.373162e-06
30.0,0.0,205.3031492639929,1.298366e-06
30.0,0.0,205.30274820151115,1.254724e-06
30.0,0.0,205.30231707321448,1.262422e-06
30.0,0.0,205.30189378118004,1.249486e-06
30.0,0.0,205.30147894293955,1.335371e-06
30.0,0.0,205.30105479980057,1.280976e-06
30.0,0.0,205.30063959924527,1.379405e-06
30.0,0.0,205.30023232061737,1.352964e-06
30.0,0.0,205.29980075220143,1.37843e-06
30.0,0.0,205.2993700744377,1.350869e-06
30.0,0.0,205.2989355961429,1.277149e-06
30.0,0.0,205.29851184824727,1.193766e-06
30.0,0.0,205.29810055061137,1.313616e-06
30.0,0.0,205.29768540996636,1.285254e-06
30.0,0.0,205.29726216022468,1.256456e-06
30.0,0.0,205.29686712809655,1.212247e-06
30.0,0.0,205.29642330961116,1.219523e-06
30.0,0.0,205.29599627498288,1.178792e-06
30.0,0.0,205.29560850592625,1.183958e-06
30.0,0.0,205.29519616718468,1.235923e-06
30.0,0.0,205.29479060768736,1.224646e-06
30.0,0.0,205.2943594788168,1.192704e-06
30.0,0.0,205.29393265312763,1.174863e-06
30.0,0.0,205.29353077322097,1.239358e-06
30.0,0.0,205.2931155050664,1.226304e-06
30.0,0.0,205.29272725552065,1.350738e-06
30.0,0.0,205.29227871425164,1.242719e-06
30.0,0.0,205.2918549760624,1.331107e-06
30.0,0.0,205.2914174856044,1.305976e-06
30.0,0.0,205.2910324863228,1.33003e-06
30.0,0.0,205.29059555287935,1.345034e-06
30.0,0.0,205.29018028324649,1.336186e-06
30.0,0.0,205.2897575155673,1.257882e-06
30.0,0.0,205.289349793246,1.237291e-06
30.0,0.0,205.28891378106013,1.335138e-06
30.0,0.0,205.28849003368495,1.256631e-06
30.0,0.0,205.2880807223629,1.272158e-06
30.0,0.0,205.28766061562385,1.294815e-06
30.0,0.0,205.28724141923703,1.204782e-06
30.0,0.0,205.2868242205924,1.166656e-06
30.0,0.0,205.28640234122096,1.180873e-06
30.0,0.0,205.2859963328944,1.288121e-06
30.0,0.0,205.28558315570808,1.339795e-06
30.0,0.0,205.28517360356784,1.311797e-06
30.0,0.0,205.28477032391064,1.325767e-06
30.0,0.0,205.28432611186048,1.297129e-06
30.0,0.0,205.28393170065576,1.327484e-06
30.0,0.0,205.28350681417024,1.328386e-06
30.0,0.0,205.28306348808545,1.296386e-06
30.0,0.0,205.28267571772247,1.285807e-06
30.0,0.0,205.28225400328245,1.287073e-06
30.0,0.0,205.28182355582567,1.292472e-06
30.0,0.0,205.28141538070048,1.334047e-06
30.0,0.0,205.2809868682952,1.265405e-06
30.0,0.0,205.28057159235027,1.320834e-06
30.0,0.0,205.28014608200127,1.320805e-06
30.0,0.0,205.2797606392904,1.290013e-06
30.0,0.0,205.27931496039983,1.344903e-06
30.0,0.0,205.278876106516,1.295397e-06
30.0,0.0,205.27844520362515,1.328823e-06
30.0,0.0,205.27804348164128,1.36884e-06
30.0,0.0,205.27763582128128,1.353095e-06
30.0,0.0,205.27719863326337,1.425869e-06
30.0,0.0,205.27679725958637,1.409542e-06
30.0,0.0,205.27637326414427,1.384367e-06
30.0,0.0,205.2759747684754,1.331777e-06
30.0,0.0,205.275531421796,1.296721e-06
30.0,0.0,205.2751361717343,1.310342e-06
30.0,0.0,205.27472829627712,1.259585e-06
30.0,0.0,205.2742973211208,1.188222e-06
30.0,0.0,205.27388914599553,1.337612e-06
30.0,0.0,205.27345869790983,1.417604e-06
30.0,0.0,205.2730580752432,1.352571e-06
30.0,0.0,205.27265175381467,1.322507e-06
30.0,0.0,205.27223394513155,1.351815e-06
30.0,0.0,205.27178609619793,1.360095e-06
30.0,0.0,205.27138710974307,1.362612e-06
30.0,0.0,205.270963116728,1.26785e-06
30.0,0.0,205.27051874818247,1.365101e-06
30.0,0.0,205.2701158777672,1.326451e-06
30.0,0.0,205.26971600650143,1.301727e-06
30.0,0.0,205.26928705829465,1.35295e-06
30.0,0.0,205.268844152226,1.232795e-06
30.0,0.0,205.2684456653581,1.240391e-06
30.0,0.0,205.26802191722223,1.338616e-06
30.0,0.0,205.267584083082,1.263965e-06
30.0,0.0,205.26719690026272,1.245979e-06
30.0,0.0,205.26677111942183,1.254026e-06
30.0,0.0,205.26635141599775,1.29269e-06
30.0,0.0,205.26593223130808,1.276087e-06
30.0,0.0,205.26550718482463,1.334804e-06
30.0,0.0,205.26511913783017,1.307155e-06
30.0,0.0,205.26470359082697,1.320179e-06
30.0,0.0,205.26427658125175,1.334745e-06
30.0,0.0,205.2638686324105,1.402062e-06
30.0,0.0,205.26343400238267,1.426859e-06
30.0,0.0,205.26302978603047,1.426306e-06
30.0,0.0,205.26262641490817,1.410852e-06
30.0,0.0,205.26218364026505,1.356748e-06
30.0,0.0,205.2617602618816,1.444743e-06
30.0,0.0,205.261364794894,1.441644e-06
30.0,0.0,205.26092141050333,1.402295e-06
30.0,0.0,205.2605173091505,1.379289e-06
30.0,0.0,205.26010646272113,1.325621e-06
30.0,0.0,205.2596909151504,1.383756e-06
30.0,0.0,205.25924558024855,1.383305e-06
30.0,0.0,205.25881303730048,1.318607e-06
30.0,0.0,205.25841733436425,1.29758e-06
30.0,0.0,205.25797418857863,1.418521e-06
30.0,0.0,205.2575584584966,1.358087e-06
30.0,0.0,205.25715137216343,1.372857e-06
30.0,0.0,205.25674989062304,1.43233e-06
30.0,0.0,205.25630363627664,1.429988e-06
30.0,0.0,205.2559112714517,1.336623e-06
30.0,0.0,205.25548183460648,1.15596e-06
30.0,0.0,205.2550726442012,1.281136e-06
30.0,0.0,205.254658421803,1.318418e-06
30.0,0.0,205.25423492907464,1.413966e-06
30.0,0.0,205.25383618083544,1.427979e-06
30.0,0.0,205.2533953995056,1.436769e-06
30.0,0.0,205.25301041064648,1.365712e-06
30.0,0.0,205.25257495380285,1.402484e-06
30.0,0.0,205.25215940623212,1.371314e-06
30.0,0.0,205.25174065714208,1.336753e-06
30.0,0.0,205.2513324820169,1.389388e-06
30.0,0.0,205.25089423686347,1.445616e-06
30.0,0.0,205.25047024981225,1.450549e-06
30.0,0.0,205.2500266738527,1.415698e-06
30.0,0.0,205.24963182764228,1.398279e-06
30.0,0.0,205.24922335064247,1.471504e-06
30.0,0.0,205.24879298042984,1.466949e-06
30.0,0.0,205.24837148793117,1.514403e-06
30.0,0.0,205.247953907378,1.432301e-06
30.0,0.0,205.24753394430408,1.406705e-06
30.0,0.0,205.24711505180025,1.555716e-06
30.0,0.0,205.2467298318432,1.482491e-06
30.0,0.0,205.2462815761851,1.451364e-06
30.0,0.0,205.24588283306076,1.480963e-06
30.0,0.0,205.24545883666605,1.569904e-06
30.0,0.0,205.2450523634404,1.493623e-06
30.0,0.0,205.24462622968693,1.405497e-06
30.0,0.0,205.244213513076,1.476408e-06
30.0,0.0,205.2438136354696,1.49128e-06
30.0,0.0,205.2433744348108,1.445253e-06
30.0,0.0,205.2429437593225,1.517372e-06
30.0,0.0,205.2425416471355,1.494263e-06
30.0,0.0,205.24213378470276,1.480847e-06
30.0,0.0,205.24171890747104,1.548717e-06
30.0,0.0,205.2413112862241,1.521548e-06
30.0,0.0,205.24087142419847,1.531691e-06
30.0,0.0,205.24044718453305,1.508859e-06
30.0,0.0,205.2400419929466,1.486871e-06
30.0,0.0,205.23961328326664,1.428474e-06
30.0,0.0,205.23919828494496,1.52654e-06
30.0,0.0,205.2387724668448,1.525739e-06
30.0,0.0,205.2383284701744,1.486507e-06
30.0,0.0,205.2379294788416,1.370412e-06
30.0,0.0,205.2375059909912,1.386972e-06
30.0,0.0,205.2370661018146,1.520064e-06
30.0,0.0,205.23666437893573,1.526874e-06
30.0,0.0,205.23625926268565,1.498644e-06
30.0,0.0,205.23583730787027,1.531967e-06
30.0,0.0,205.23541661500727,1.504392e-06
30.0,0.0,205.234987814712,1.569671e-06
30.0,0.0,205.23460004565533,1.607041e-06
30.0,0.0,205.23418481117585,1.62264e-06
30.0,0.0,205.233779252801,1.56663e-06
30.0,0.0,205.23334156291608,1.517314e-06
30.0,0.0,205.2329273502264,1.571098e-06
30.0,0.0,205.23252369749093,1.523207e-06
30.0,0.0,205.2320806559705,1.532884e-06
30.0,0.0,205.23167599695512,1.509179e-06
30.0,0.0,205.23127210416027,1.528577e-06
30.0,0.0,205.23083737480687,1.490786e-06
30.0,0.0,205.23039961894412,1.479115e-06
30.0,0.0,205.2299761262158,1.362248e-06
30.0,0.0,205.22958904479972,1.406865e-06
30.0,0.0,205.22914599002624,1.445937e-06
30.0,0.0,205.22872968029927,1.494496e-06
30.0,0.0,205.2283215085028,1.38671e-06
30.0,0.0,205.22789037671583,1.449909e-06
30.0,0.0,205.22746097915947,1.55966e-06
30.0,0.0,205.2270688121883,1.381166e-06
30.0,0.0,205.226653545042,1.435066e-06
30.0,0.0,205.22625579023835,1.136868e-06
30.0,0.0,205.22581320882443,7.419439e-07
30.0,0.0,205.22541421706,1.030363e-06
30.0,0.0,205.2249904696744,1.381064e-06
30.0,0.0,205.22454914312172,1.274559e-06
30.0,0.0,205.2241679904912,1.207649e-06
30.0,0.0,205.22374399747608,1.320208e-06
30.0,0.0,205.2233118187708,1.331719e-06
30.0,0.0,205.22290387458696,1.513356e-06
30.0,0.0,205.2224729716961,1.380991e-06
30.0,0.0,205.22205697337927,1.41804e-06
30.0,0.0,205.22166976166244,1.46385e-06
30.0,0.0,205.2212489016439,1.375913e-06
30.0,0.0,205.22080204754025,1.315944e-06
30.0,0.0,205.22040305512155,1.299166e-06
30.0,0.0,205.21997906797327,1.349952e-06
30.0,0.0,205.2195364719432,1.361826e-06
30.0,0.0,205.21912092437248,1.378678e-06
30.0,0.0,205.21873132489833,1.420834e-06
30.0,0.0,205.21830145181585,1.378037e-06
30.0,0.0,205.2178601035683,1.161199e-06
30.0,0.0,205.21743636666048,9.84699e-07
30.0,0.0,205.21703193113572,1.233275e-06
30.0,0.0,205.2166012501233,1.230466e-06
30.0,0.0,205.21619284769795,1.200271e-06
30.0,0.0,205.21579064437023,9.284558000000001e-07
30.0,0.0,205.21535400250613,1.041975e-06
30.0,0.0,205.21494582674825,1.321372e-06
30.0,0.0,205.2145237955407,1.393186e-06
30.0,0.0,205.21412017475893,1.411579e-06
30.0,0.0,205.21372075814455,1.358378e-06
30.0,0.0,205.21329063051527,1.388224e-06
30.0,0.0,205.21288222398908,1.448454e-06
30.0,0.0,205.2124492032949,1.513341e-06
30.0,0.0,205.2120254651832,1.448687e-06
30.0,0.0,205.21161270330896,1.47539e-06
30.0,0.0,205.21120053464628,1.515858e-06
30.0,0.0,205.21077407574063,1.568114e-06
30.0,0.0,205.2103431772072,1.580891e-06
30.0,0.0,205.2099175015605,1.598135e-06
30.0,0.0,205.20951056584937,1.683919e-06
30.0,0.0,205.2090955773504,1.585155e-06
30.0,0.0,205.20866548011105,1.562919e-06
30.0,0.0,205.2082607811608,1.593842e-06
30.0,0.0,205.20782662858431,1.605469e-06
30.0,0.0,205.2074025424893,1.534689e-06
30.0,0.0,205.2069906202889,1.637411e-06
30.0,0.0,205.20659005984015,1.621593e-06
30.0,0.0,205.20618702572372,1.659311e-06
30.0,0.0,205.20576279999392,1.644672e-06
30.0,0.0,205.20535462486868,1.648863e-06
30.0,0.0,205.20492395369507,1.522421e-06
30.0,0.0,205.20449705692687,1.428576e-06
30.0,0.0,205.20410928787024,1.562687e-06
30.0,0.0,205.20366624634983,1.611639e-06
30.0,0.0,205.20326552460807,1.57622e-06
30.0,0.0,205.20283853029537,1.487104e-06
30.0,0.0,205.2024080811988,1.324675e-06
30.0,0.0,205.20200265125123,1.035383e-06
30.0,0.0,205.20159045406103,9.043724000000001e-07
30.0,0.0,205.2011825875112,5.871116e-07
30.0,0.0,205.2007694718681,2.445595e-07
30.0,0.0,205.20033453141417,1.393055e-07
30.0,0.0,205.19990385438297,1.4575200000000002e-07
30.0,0.0,205.1994979931096,3.4025290000000003e-07
30.0,0.0,205.1990850070231,1.275621e-06
30.0,0.0,205.19865026496947,1.433524e-06
30.0,0.0,205.1982260200525,1.516091e-06
30.0,0.0,205.1977948009108,1.582681e-06
30.0,0.0,205.1973866253828,1.612294e-06
30.0,0.0,205.19695594638935,1.622713e-06
30.0,0.0,205.19655555289316,1.694047e-06
30.0,0.0,205.19614895801624,1.696331e-06
30.0,0.0,205.1957089257237,1.737266e-06
30.0,0.0,205.19532370069356,1.724038e-06
30.0,0.0,205.1948848334941,1.689958e-06
30.0,0.0,205.19448485550168,1.709486e-06
30.0,0.0,205.1940620982037,1.747336e-06
30.0,0.0,205.1936287304432,1.82353e-06
30.0,0.0,205.19323696928473,1.732638e-06
30.0,0.0,205.19280760907984,1.715845e-06
30.0,0.0,205.19237670618895,1.693101e-06
30.0,0.0,205.191968763888,1.700493e-06
30.0,0.0,205.19155183047792,1.63987e-06
30.0,0.0,205.19112014826783,1.635097e-06
30.0,0.0,205.19069901038364,1.588851e-06
30.0,0.0,205.19029766908463,1.639011e-06
30.0,0.0,205.18986038717273,1.632841e-06
30.0,0.0,205.1894297116844,1.5884e-06
30.0,0.0,205.18900437771464,1.58482e-06
30.0,0.0,205.18861716453364,1.599808e-06
30.0,0.0,205.18820161696289,1.625114e-06
30.0,0.0,205.1877918475811,1.620196e-06
30.0,0.0,205.187356222566,1.559078e-06
30.0,0.0,205.18693935123088,1.468099e-06
30.0,0.0,205.18653998745967,1.574474e-06
30.0,0.0,205.18609694103532,1.487817e-06
30.0,0.0,205.18571075481856,1.416847e-06
30.0,0.0,205.18528701194683,1.477281e-06
30.0,0.0,205.18486105751865,1.452907e-06
30.0,0.0,205.1844427518633,1.459863e-06
30.0,0.0,205.18401976024387,1.474793e-06
30.0,0.0,205.18363199662733,1.484776e-06
30.0,0.0,205.18321644243008,1.458335e-06
30.0,0.0,205.1827870954948,1.448541e-06
30.0,0.0,205.18236651247767,1.481618e-06
30.0,0.0,205.18194607555617,1.426117e-06
30.0,0.0,205.1815000914348,1.276596e-06
30.0,0.0,205.1811235868645,1.498644e-06
30.0,0.0,205.18069705274524,1.313572e-06
30.0,0.0,205.1802714586862,1.395412e-06
30.0,0.0,205.17987761485688,1.340668e-06
30.0,0.0,205.17943283998264,1.32728e-06
30.0,0.0,205.1790081956996,1.34205e-06
30.0,0.0,205.1785811366107,1.322056e-06
30.0,0.0,205.1781496019805,1.321241e-06
30.0,0.0,205.17773263930687,1.290522e-06
30.0,0.0,205.17732446418165,1.275024e-06
30.0,0.0,205.17689333753887,1.257489e-06
30.0,0.0,205.17648617466352,1.336157e-06
30.0,0.0,205.176071868755,1.286695e-06
30.0,0.0,205.17568437763617,1.365319e-06
30.0,0.0,205.17526086543367,1.33377e-06
30.0,0.0,205.174842255764,1.327993e-06
30.0,0.0,205.1744169625954,1.411609e-06
30.0,0.0,205.17396935311132,1.436565e-06
30.0,0.0,205.17359448202768,1.592052e-06
30.0,0.0,205.17316443207568,1.512672e-06
30.0,0.0,205.17274453677553,1.491397e-06
30.0,0.0,205.17233682145343,1.467255e-06
30.0,0.0,205.1719061459652,1.488574e-06
30.0,0.0,205.1714753037108,1.527136e-06
30.0,0.0,205.17106752817597,1.506705e-06
30.0,0.0,205.17067225840276,1.539112e-06
30.0,0.0,205.17022903936356,1.511842e-06
30.0,0.0,205.1697980020741,1.556109e-06
30.0,0.0,205.16940631003695,1.57101e-06
30.0,0.0,205.16895915146057,1.547553e-06
30.0,0.0,205.16853980396107,1.614768e-06
30.0,0.0,205.16813458113504,1.712833e-06
30.0,0.0,205.1677346260849,1.628956e-06
30.0,0.0,205.1673037269084,1.670138e-06
30.0,0.0,205.1668813354472,1.6251e-06
30.0,0.0,205.1664638598144,1.743014e-06
30.0,0.0,205.16605670110516,1.707507e-06
30.0,0.0,205.16564113048784,1.67056e-06
30.0,0.0,205.16521807951597,1.681183e-06
30.0,0.0,205.16481838923352,1.650464e-06
30.0,0.0,205.16437922905249,1.586042e-06
30.0,0.0,205.16399378169288,1.748718e-06
30.0,0.0,205.1635551853039,1.719178e-06
30.0,0.0,205.16313964435972,1.619526e-06
30.0,0.0,205.1627241811484,1.662658e-06
30.0,0.0,205.1623163078684,1.747554e-06
30.0,0.0,205.16188540692053,1.761902e-06
30.0,0.0,205.16145621525,1.724096e-06
30.0,0.0,205.16106246238184,1.667213e-06
30.0,0.0,205.16062996709937,1.800974e-06
30.0,0.0,205.16020442253983,1.769411e-06
30.0,0.0,205.1597937396569,1.730994e-06
30.0,0.0,205.15936908596123,1.744454e-06
30.0,0.0,205.15893863866407,1.740787e-06
30.0,0.0,205.15851501624516,1.802429e-06
30.0,0.0,205.15808726568957,1.694832e-06
30.0,0.0,205.1577117046208,1.726643e-06
30.0,0.0,205.15726431623273,1.802575e-06
30.0,0.0,205.15683003917937,1.845983e-06
30.0,0.0,205.15644204525205,1.899461e-06
30.0,0.0,205.1559956193872,1.885419e-06
30.0,0.0,205.1556078508771,1.84495e-06
30.0,0.0,205.15519258124417,1.877648e-06
30.0,0.0,205.154784654076,1.901615e-06
30.0,0.0,205.1543591731824,1.927547e-06
30.0,0.0,205.1539280399792,1.898385e-06
30.0,0.0,205.15352460637024,1.876047e-06
30.0,0.0,205.15311485001723,1.917331e-06
30.0,0.0,205.1526812461158,1.896202e-06
30.0,0.0,205.15229579428336,1.950189e-06
30.0,0.0,205.1518542350314,1.898719e-06
30.0,0.0,205.15141149356032,1.883862e-06
30.0,0.0,205.15102604620068,1.98264e-06
30.0,0.0,205.15059406748728,1.973181e-06
30.0,0.0,205.15017879438383,1.989712e-06
30.0,0.0,205.1497562926963,1.996988e-06
30.0,0.0,205.14931067857248,2.069719e-06
30.0,0.0,205.14891767490704,2.021028e-06
30.0,0.0,205.14848966602696,2.070403e-06
30.0,0.0,205.1480463352065,1.99303e-06
30.0,0.0,205.14766571424224,1.996028e-06
30.0,0.0,205.14724197137048,1.962107e-06
30.0,0.0,205.1468234058109,1.999011e-06
30.0,0.0,205.14640112306648,1.912733e-06
30.0,0.0,205.14597061850228,1.948574e-06
30.0,0.0,205.1455819447833,1.915541e-06
30.0,0.0,205.1451666766964,1.86314e-06
30.0,0.0,205.14476543427233,1.973196e-06
30.0,0.0,205.14433797693,1.919412e-06
30.0,0.0,205.1439005287292,1.929409e-06
30.0,0.0,205.14349958356004,1.933644e-06
30.0,0.0,205.1430897777369,1.965484e-06
30.0,0.0,205.14264645165207,1.91071e-06
30.0,0.0,205.14223006330323,1.945053e-06
30.0,0.0,205.14183157138388,1.914523e-06
30.0,0.0,205.1413914347804,1.942404e-06
30.0,0.0,205.1409840856404,1.971712e-06
30.0,0.0,205.1405779167777,1.894761e-06
30.0,0.0,205.140140442112,1.814595e-06
30.0,0.0,205.13972491913424,1.798559e-06
30.0,0.0,205.13932591026145,1.886903e-06
30.0,0.0,205.13888560829733,1.944893e-06
30.0,0.0,205.1384529260421,1.960914e-06
30.0,0.0,205.1380291878416,1.933615e-06
30.0,0.0,205.13761631501984,1.945227e-06
30.0,0.0,205.137204671043,1.879089e-06
30.0,0.0,205.13677769180887,1.833178e-06
30.0,0.0,205.13635768183923,1.802924e-06
30.0,0.0,205.135939068598,1.758192e-06
30.0,0.0,205.13553673309667,1.77772e-06
30.0,0.0,205.13512831881468,1.831271e-06
30.0,0.0,205.13471399780624,1.878885e-06
30.0,0.0,205.13430705030467,1.642082e-06
30.0,0.0,205.13387660435288,1.812165e-06
30.0,0.0,205.13344814553537,1.887704e-06
30.0,0.0,205.1330516967763,1.904569e-06
30.0,0.0,205.13262003640455,1.884706e-06
30.0,0.0,205.1322425399654,1.793349e-06
30.0,0.0,205.13179705443068,1.806373e-06
30.0,0.0,205.1313595984923,1.803754e-06
30.0,0.0,205.13093297771064,1.831853e-06
30.0,0.0,205.130531473278,1.807741e-06
30.0,0.0,205.13011648158292,1.831926e-06
30.0,0.0,205.1296785902154,1.847744e-06
30.0,0.0,205.129254602458,1.908949e-06
30.0,0.0,205.12885585492495,1.901295e-06
30.0,0.0,205.12841328461485,1.747219e-06
30.0,0.0,205.1280083751454,1.847249e-06
30.0,0.0,205.1275968139603,1.888475e-06
30.0,0.0,205.127185638916,1.844674e-06
30.0,0.0,205.12678104178693,1.741486e-06
30.0,0.0,205.1263505922186,1.797831e-06
30.0,0.0,205.12594264719397,1.685039e-06
30.0,0.0,205.12551963742575,1.64473e-06
30.0,0.0,205.1251035747546,1.626482e-06
30.0,0.0,205.12469218324384,1.784269e-06
30.0,0.0,205.1242681902288,1.653752e-06
30.0,0.0,205.12384516933383,1.663051e-06
30.0,0.0,205.1234251911648,1.610737e-06
30.0,0.0,205.12299913054633,1.597917e-06
30.0,0.0,205.12259797515875,1.624489e-06
30.0,0.0,205.12219636979455,1.55397e-06
30.0,0.0,205.12175023927196,1.352673e-06
30.0,0.0,205.12136295761013,1.383421e-06
30.0,0.0,205.12092775896176,1.475011e-06
30.0,0.0,205.1204794562971,1.443885e-06
30.0,0.0,205.12006418666417,1.476335e-06
30.0,0.0,205.11967670217192,1.46126e-06
30.0,0.0,205.1192545808948,1.444743e-06
30.0,0.0,205.1188239021297,1.460459e-06
30.0,0.0,205.118385052715,1.535926e-06
30.0,0.0,205.11796209962483,1.485983e-06
30.0,0.0,205.1175618171378,1.685185e-06
30.0,0.0,205.11712841815523,1.569395e-06
30.0,0.0,205.116736948248,1.583016e-06
30.0,0.0,205.1163071814132,1.532084e-06
30.0,0.0,205.11588466507797,1.570297e-06
30.0,0.0,205.1154685083741,1.522785e-06
30.0,0.0,205.11506911692072,1.566892e-06
30.0,0.0,205.11466457631192,1.547756e-06
30.0,0.0,205.11424443238184,1.546388e-06
30.0,0.0,205.11382740750807,1.629523e-06
30.0,0.0,205.11339889588683,1.507404e-06
30.0,0.0,205.1129754091126,1.540888e-06
30.0,0.0,205.1125876788984,1.511522e-06
30.0,0.0,205.1121446262553,1.568071e-06
30.0,0.0,205.1117283407681,1.401888e-06
30.0,0.0,205.11132993603815,1.381501e-06
30.0,0.0,205.11088984267903,1.486958e-06
30.0,0.0,205.11045744623772,1.508757e-06
30.0,0.0,205.11003320765457,1.57149e-06
30.0,0.0,205.10965162520992,1.496577e-06
30.0,0.0,205.10920858174464,1.475273e-06
30.0,0.0,205.10878089566796,1.471155e-06
30.0,0.0,205.10838756132523,1.401859e-06
30.0,0.0,205.10794204084493,1.437802e-06
30.0,0.0,205.1075188908856,1.374894e-06
30.0,0.0,205.10713112845548,1.441149e-06
30.0,0.0,205.10671585882255,1.421649e-06
30.0,0.0,205.10626802455647,1.426248e-06
30.0,0.0,205.10586903707528,1.398337e-06
30.0,0.0,205.1054508784084,1.35279e-06
30.0,0.0,205.1050545023532,1.397115e-06
30.0,0.0,205.10461117928543,1.355511e-06
30.0,0.0,205.10420096905037,1.40231e-06
30.0,0.0,205.1037998236227,1.27955e-06
30.0,0.0,205.10336234828245,1.371896e-06
30.0,0.0,205.10295394873327,1.326887e-06
30.0,0.0,205.10253372297927,1.374108e-06
30.0,0.0,205.10211816878203,1.336404e-06
30.0,0.0,205.10172926310432,1.310196e-06
30.0,0.0,205.10128112223572,1.26622e-06
30.0,0.0,205.100857379364,1.230757e-06
30.0,0.0,205.10045839251296,1.239241e-06
30.0,0.0,205.10001321491663,1.193708e-06
30.0,0.0,205.09959794528376,1.268869e-06
30.0,0.0,205.0991871592328,1.242151e-06
30.0,0.0,205.09878242885296,1.223278e-06
30.0,0.0,205.0983512958768,1.255263e-06
30.0,0.0,205.09791542942816,1.253196e-06
30.0,0.0,205.09746767462252,1.20161e-06
30.0,0.0,205.09708245157407,1.235167e-06
30.0,0.0,205.09666328760176,1.200882e-06
30.0,0.0,205.09624360947367,1.121778e-06
30.0,0.0,205.09583542892676,1.189896e-06
30.0,0.0,205.09541060743493,1.16165e-06
30.0,0.0,205.0950010956832,1.16475e-06
30.0,0.0,205.09458527680124,1.114371e-06
30.0,0.0,205.09415704944004,1.060704e-06
30.0,0.0,205.09377205293748,1.135428e-06
30.0,0.0,205.09332777069588,1.043081e-06
30.0,0.0,205.09292877827716,1.121618e-06
30.0,0.0,205.0925047852621,1.048538e-06
30.0,0.0,205.09209412972956,1.077846e-06
30.0,0.0,205.0916775555576,1.082954e-06
30.0,0.0,205.09125550651865,1.00609e-06
30.0,0.0,205.09082506168457,1.003296e-06
30.0,0.0,205.09038607686728,1.046967e-06
30.0,0.0,205.08998620806247,1.009554e-06
30.0,0.0,205.08956358960688,9.867799000000002e-07
30.0,0.0,205.08913010942084,1.035834e-06
30.0,0.0,205.08873841738776,1.040666e-06
30.0,0.0,205.08830874302217,1.077817e-06
30.0,0.0,205.0878776124329,1.080523e-06
30.0,0.0,205.08746920659536,1.048465e-06
30.0,0.0,205.08705209362947,1.025313e-06
30.0,0.0,205.08662990659843,1.019755e-06
30.0,0.0,205.08624468664135,1.002496e-06
30.0,0.0,205.0858276326794,1.021093e-06
30.0,0.0,205.08539891350176,1.017848e-06
30.0,0.0,205.08495220537137,1.005406e-06
30.0,0.0,205.08456698541437,1.040185e-06
30.0,0.0,205.0841443790124,9.721116000000001e-07
30.0,0.0,205.08372836220337,6.561895000000001e-07
30.0,0.0,205.0833199596756,7.677299e-07
30.0,0.0,205.08288928418727,1.020628e-06
30.0,0.0,205.08245697549367,9.163341e-07
30.0,0.0,205.08205043899548,8.741335000000001e-07
30.0,0.0,205.0816519274016,9.492651000000001e-07
30.0,0.0,205.0812120383276,9.136857e-07
30.0,0.0,205.0808117571258,9.575451e-07
30.0,0.0,205.08038751189767,9.931537e-07
30.0,0.0,205.0799445980884,8.990319000000001e-07
30.0,0.0,205.0795466936981,1.050401e-06
30.0,0.0,205.07913142596547,1.020788e-06
30.0,0.0,205.0787158783948,1.041612e-06
30.0,0.0,205.0782680520458,1.052511e-06
30.0,0.0,205.07782720695155,1.03534e-06
30.0,0.0,205.07743728013187,1.01309e-06
30.0,0.0,205.07701390039492,1.064123e-06
30.0,0.0,205.07659887971977,1.03646e-06
30.0,0.0,205.07618728093607,1.041524e-06
30.0,0.0,205.0757635380644,1.011256e-06
30.0,0.0,205.0753645423168,1.007007e-06
30.0,0.0,205.07492072486468,1.001783e-06
30.0,0.0,205.0745168097588,1.119173e-06
30.0,0.0,205.07410590784,1.088018e-06
30.0,0.0,205.07369407520608,1.017062e-06
30.0,0.0,205.07328871219775,1.062625e-06
30.0,0.0,205.07285780792523,1.043474e-06
30.0,0.0,205.07244986074772,1.008768e-06
30.0,0.0,205.07202873248863,1.033288e-06
30.0,0.0,205.0715993660965,1.098582e-06
30.0,0.0,205.07117040808228,1.162072e-06
30.0,0.0,205.0707682330932,1.102249e-06
30.0,0.0,205.0703412615064,1.218141e-06
30.0,0.0,205.06991081342065,1.160181e-06
30.0,0.0,205.0694812861853,1.101449e-06
30.0,0.0,205.0690721923175,1.093838e-06
30.0,0.0,205.0686581665908,1.015636e-06
30.0,0.0,205.0682341735757,1.108972e-06
30.0,0.0,205.06783543462976,9.721407e-07
30.0,0.0,205.0673947237468,9.849027000000001e-07
30.0,0.0,205.06696495417367,1.070657e-06
30.0,0.0,205.06657411435737,1.01293e-06
30.0,0.0,205.0661654663737,1.074222e-06
30.0,0.0,205.06576270351368,1.10078e-06
30.0,0.0,205.06533179751725,1.060325e-06
30.0,0.0,205.06490686459176,1.103719e-06
30.0,0.0,205.0644966610682,1.109642e-06
30.0,0.0,205.0640816703448,1.04442e-06
30.0,0.0,205.06369390694303,1.007269e-06
30.0,0.0,205.063248267446,1.029752e-06
30.0,0.0,205.06281524878233,1.034321e-06
30.0,0.0,205.0624255327805,9.828655000000002e-07
30.0,0.0,205.06197699344557,1.043896e-06
30.0,0.0,205.06157805182087,1.018561e-06
30.0,0.0,205.06117394812944,1.082808e-06
30.0,0.0,205.0607525598248,1.136883e-06
30.0,0.0,205.06030657306235,1.036417e-06
30.0,0.0,205.05991393721152,1.072694e-06
30.0,0.0,205.05948510406913,1.057633e-06
30.0,0.0,205.05904205619,1.065782e-06
30.0,0.0,205.05862677993056,9.850482e-07
30.0,0.0,205.05821285958967,1.156979e-06
30.0,0.0,205.05780579332043,1.099717e-06
30.0,0.0,205.0573748904296,1.143024e-06
30.0,0.0,205.05694699327896,1.170876e-06
30.0,0.0,205.05654988251703,1.093154e-06
30.0,0.0,205.05610711230787,1.03192e-06
30.0,0.0,205.05571990893964,1.025895e-06
30.0,0.0,205.05529592019653,1.023058e-06
30.0,0.0,205.05486827186672,1.132561e-06
30.0,0.0,205.05445039140008,1.207285e-06
30.0,0.0,205.05402937589568,1.16961e-06
30.0,0.0,205.05364188996208,1.226028e-06
30.0,0.0,205.05322655312008,1.156717e-06
30.0,0.0,205.05281059634055,1.034219e-06
30.0,0.0,205.05238770250656,1.06568e-06
30.0,0.0,205.05195522967725,9.846844e-07
30.0,0.0,205.05153123666207,1.110777e-06
30.0,0.0,205.05113200006397,1.055829e-06
30.0,0.0,205.0507061061408,1.286302e-06
30.0,0.0,205.05027864358357,1.20097e-06
30.0,0.0,205.0498482009195,1.192631e-06
30.0,0.0,205.04944002579424,1.032313e-06
30.0,0.0,205.04901670597184,9.753130000000002e-07
30.0,0.0,205.04860171091812,1.045904e-06
30.0,0.0,205.04817049969247,1.009248e-06
30.0,0.0,205.0477663072564,1.079316e-06
30.0,0.0,205.04734231740647,1.118518e-06
30.0,0.0,205.0469435771802,1.20973e-06
30.0,0.0,205.0464967537848,1.253939e-06
30.0,0.0,205.0461075785084,1.292981e-06
30.0,0.0,205.04569371592447,1.262655e-06
30.0,0.0,205.045268505914,1.101784e-06
30.0,0.0,205.0448601008944,1.208929e-06
30.0,0.0,205.0444294278979,1.214547e-06
30.0,0.0,205.04402612830364,1.101391e-06
30.0,0.0,205.0436159838683,1.157387e-06
30.0,0.0,205.0431778932538,1.190318e-06
30.0,0.0,205.04275390507885,9.501964000000001e-07
30.0,0.0,205.04235490669623,1.272725e-06
30.0,0.0,205.0419126486548,1.18195e-06
30.0,0.0,205.04152720558463,1.188106e-06
30.0,0.0,205.0410954824322,1.255379e-06
30.0,0.0,205.0406802061728,1.328968e-06
30.0,0.0,205.04025745250868,1.241729e-06
30.0,0.0,205.03984950548977,1.182736e-06
30.0,0.0,205.0394132128677,1.275592e-06
30.0,0.0,205.03898946999595,1.284963e-06
30.0,0.0,205.03854775835768,1.198874e-06
30.0,0.0,205.03814173410913,1.19154e-06
30.0,0.0,205.03774090137193,1.251625e-06
30.0,0.0,205.0373104587079,1.190347e-06
30.0,0.0,205.03690228358263,1.166671e-06
30.0,0.0,205.0364715189561,1.060369e-06
30.0,0.0,205.03606343105136,1.091437e-06
30.0,0.0,205.03566753769024,1.10759e-06
30.0,0.0,205.03522435495304,1.16021e-06
30.0,0.0,205.0348253015992,1.241307e-06
30.0,0.0,205.0344015593683,1.28118e-06
30.0,0.0,205.0340000569799,1.311171e-06
30.0,0.0,205.03356257719827,1.257635e-06
30.0,0.0,205.03314703625412,1.276654e-06
30.0,0.0,205.0327507002278,1.309018e-06
30.0,0.0,205.0323219030492,1.267676e-06
30.0,0.0,205.03189099987853,1.257213e-06
30.0,0.0,205.0314836112073,1.221852e-06
30.0,0.0,205.0310692984006,1.346707e-06
30.0,0.0,205.03062569701015,1.335648e-06
30.0,0.0,205.03021070268292,1.379987e-06
30.0,0.0,205.02979844973305,1.3018e-06
30.0,0.0,205.029374451638,1.351335e-06
30.0,0.0,205.02894378157143,1.400535e-06
30.0,0.0,205.02852157432608,1.413529e-06
30.0,0.0,205.02813380106025,1.554188e-06
30.0,0.0,205.0277179797609,1.357577e-06
30.0,0.0,205.02726968819007,1.380991e-06
30.0,0.0,205.02687094591477,1.359746e-06
30.0,0.0,205.0264469535687,1.497086e-06
30.0,0.0,205.02604178381955,1.496082e-06
30.0,0.0,205.0256135751446,1.551118e-06
30.0,0.0,205.02520339198452,1.540611e-06
30.0,0.0,205.02480248885607,1.332985e-06
30.0,0.0,205.02436453897553,1.314911e-06
30.0,0.0,205.02395658822664,1.40052e-06
30.0,0.0,205.0235372319572,1.52037e-06
30.0,0.0,205.023121686036,1.423337e-06
30.0,0.0,205.02273168769017,1.377601e-06
30.0,0.0,205.0223018492561,1.342298e-06
30.0,0.0,205.0218605389203,1.393491e-06
30.0,0.0,205.02146179664493,1.329594e-06
30.0,0.0,205.0210380537732,1.261986e-06
30.0,0.0,205.02060146253768,1.150416e-06
30.0,0.0,205.02021368685448,1.216787e-06
30.0,0.0,205.01978507246528,1.284949e-06
30.0,0.0,205.01935462287128,1.367618e-06
30.0,0.0,205.01891909523513,1.223045e-06
30.0,0.0,205.01849535236337,1.438224e-06
30.0,0.0,205.01808533001213,1.513064e-06
30.0,0.0,205.01767236692956,1.467895e-06
30.0,0.0,205.01724862405783,1.469976e-06
30.0,0.0,205.01681557693612,1.427281e-06
30.0,0.0,205.01640740377525,1.359207e-06
30.0,0.0,205.01597711236087,1.338616e-06
30.0,0.0,205.0155893366777,1.378678e-06
30.0,0.0,205.01517916155532,1.402368e-06
30.0,0.0,205.014775385482,1.470675e-06
30.0,0.0,205.01434470999368,1.477922e-06
30.0,0.0,205.01391911892327,1.420412e-06
30.0,0.0,205.013512717202,1.292254e-06
30.0,0.0,205.0130974568524,1.325287e-06
30.0,0.0,205.01268571484133,1.412802e-06
30.0,0.0,205.01226172188737,1.311229e-06
30.0,0.0,205.0118399805988,1.24739e-06
30.0,0.0,205.0114199830279,1.487118e-06
30.0,0.0,205.01099249324,1.481269e-06
30.0,0.0,205.01057694613297,1.427077e-06
30.0,0.0,205.01014275826145,1.352164e-06
30.0,0.0,205.0097422821757,1.157983e-06
30.0,0.0,205.00932027311435,1.11328e-06
30.0,0.0,205.00888116364857,1.365726e-06
30.0,0.0,205.00847298856695,1.35912e-06
30.0,0.0,205.0080570005725,1.314707e-06
30.0,0.0,205.0076420022509,1.337175e-06
30.0,0.0,205.0072469247504,1.330336e-06
30.0,0.0,205.00681824448665,1.276538e-06
30.0,0.0,205.00639464972429,1.292108e-06
30.0,0.0,205.00598009653245,1.502471e-06
30.0,0.0,205.0055558420668,1.3104e-06
30.0,0.0,205.00517705784287,1.273511e-06
30.0,0.0,205.00473285278497,1.337365e-06
30.0,0.0,205.0043014740648,1.302993e-06
30.0,0.0,205.00389352457515,1.318636e-06
30.0,0.0,205.00346284543207,1.347493e-06
30.0,0.0,205.0030631378144,1.26574e-06
30.0,0.0,205.00265739022024,1.420107e-06
30.0,0.0,205.0022387802832,1.369583e-06
30.0,0.0,205.00182200996383,1.396125e-06
30.0,0.0,205.0013924224576,1.353561e-06
30.0,0.0,205.0009488992617,1.335182e-06
30.0,0.0,205.00056993731053,1.298496e-06
30.0,0.0,205.00013688449323,1.317836e-06
30.0,0.0,204.99972161915127,1.305889e-06
30.0,0.0,204.99927295881287,1.161214e-06
30.0,0.0,204.9988829250208,1.185646e-06
30.0,0.0,204.99844947791215,1.191002e-06
30.0,0.0,204.99800331596467,1.131382e-06
30.0,0.0,204.99758804996185,1.144494e-06
30.0,0.0,204.9972002772752,1.23588e-06
30.0,0.0,204.9967743243278,1.129883e-06
30.0,0.0,204.99636614920257,1.134365e-06
30.0,0.0,204.99593152202863,9.637297000000001e-07
30.0,0.0,204.99552730401075,1.035864e-06
30.0,0.0,204.99512392911072,1.121152e-06
30.0,0.0,204.99468913096115,1.051376e-06
30.0,0.0,204.9942865566612,1.26817e-06
30.0,0.0,204.99386281378943,9.741925e-07
30.0,0.0,204.99342436317664,1.185195e-06
30.0,0.0,204.99302008580156,1.244378e-06
30.0,0.0,204.99260481736368,1.290246e-06
30.0,0.0,204.9921930930423,1.23163e-06
30.0,0.0,204.99178759527408,1.210632e-06
30.0,0.0,204.991356691175,1.248816e-06
30.0,0.0,204.99092065130924,1.041029e-06
30.0,0.0,204.99051740957248,1.190463e-06
30.0,0.0,204.99009813452707,1.228429e-06
30.0,0.0,204.9896690462947,1.15842e-06
30.0,0.0,204.989248544428,1.140841e-06
30.0,0.0,204.98884082159609,1.265522e-06
30.0,0.0,204.98840969664687,1.173103e-06
30.0,0.0,204.98798019601332,1.067659e-06
30.0,0.0,204.98759243033288,1.001914e-06
30.0,0.0,204.98717688332405,9.592768e-07
30.0,0.0,204.98673269186287,8.963689e-07
30.0,0.0,204.98633395555143,1.054053e-06
30.0,0.0,204.9859158793008,1.028908e-06
30.0,0.0,204.9855109752233,1.342793e-06
30.0,0.0,204.98507181938825,1.25244e-06
30.0,0.0,204.98466885484416,1.004635e-06
30.0,0.0,204.98426449289755,1.154738e-06
30.0,0.0,204.98383023163325,1.006905e-06
30.0,0.0,204.98342182368367,1.001827e-06
30.0,0.0,204.98299473677844,1.070715e-06
30.0,0.0,204.98257947486016,9.905780000000001e-07
30.0,0.0,204.98215230300363,9.768701e-07
30.0,0.0,204.98176686015788,1.097083e-06
30.0,0.0,204.98132254798347,9.282521000000001e-07
30.0,0.0,204.98092380570813,1.020555e-06
30.0,0.0,204.98050006820233,9.758369e-07
30.0,0.0,204.98005953483815,9.790092e-07
30.0,0.0,204.97964398064087,9.647047000000002e-07
30.0,0.0,204.97922803626463,1.031221e-06
30.0,0.0,204.9788200906042,1.018838e-06
30.0,0.0,204.9783894130537,9.556970000000001e-07
30.0,0.0,204.97795661099644,1.039341e-06
30.0,0.0,204.97755033882544,7.752242e-07
30.0,0.0,204.9771341296455,8.015049e-07
30.0,0.0,204.97670850032551,7.293565e-07
30.0,0.0,204.9762967862484,1.0683e-06
30.0,0.0,204.9758719602117,8.338102000000001e-07
30.0,0.0,204.97544409269295,7.849449e-07
30.0,0.0,204.9750460230542,8.989737000000001e-07
30.0,0.0,204.9746249291156,8.858187e-07
30.0,0.0,204.97423948361208,7.999769999999999e-07
30.0,0.0,204.97379193874184,6.820774000000001e-07
30.0,0.0,204.9733932024304,7.637573000000001e-07
30.0,0.0,204.97296945942648,8.523348000000001e-07
30.0,0.0,204.9725620136364,6.849150000000001e-07
30.0,0.0,204.9721380201076,9.072392000000001e-07
30.0,0.0,204.97172220122565,8.161005e-07
30.0,0.0,204.97129180324092,7.448398000000001e-07
30.0,0.0,204.97087061886208,1.063338e-06
30.0,0.0,204.97045317858124,7.849449e-07
30.0,0.0,204.97003279186723,6.983173e-07
30.0,0.0,204.9695900180953,7.637573000000001e-07
30.0,0.0,204.96917977481488,5.759211000000001e-07
30.0,0.0,204.9687754881976,8.180505e-07
30.0,0.0,204.96834480988596,8.641509000000001e-07
30.0,0.0,204.9679364093446,8.485513e-07
30.0,0.0,204.96751255817955,6.061164000000001e-07
30.0,0.0,204.96709729517323,8.75938e-07
30.0,0.0,204.96670979742785,7.528579000000001e-07
30.0,0.0,204.96628166289383,8.184142999999999e-07
30.0,0.0,204.96586111466831,1.06619e-06
30.0,0.0,204.96543934549047,8.697534e-07
30.0,0.0,204.96501535258744,8.003989999999999e-07
30.0,0.0,204.9646037328632,8.101924e-07
30.0,0.0,204.96419311738168,8.462812e-07
30.0,0.0,204.96376937480795,7.170893e-07
30.0,0.0,204.96337063147405,9.280775000000001e-07
30.0,0.0,204.96292649117515,9.072683000000001e-07
30.0,0.0,204.96250072419232,8.349743000000001e-07
30.0,0.0,204.96211295376716,9.128416000000002e-07
30.0,0.0,204.9616976730165,9.436480000000001e-07
30.0,0.0,204.96125117264916,7.092749e-07
30.0,0.0,204.9608635738975,6.228656e-07
30.0,0.0,204.96042794191325,9.391661000000002e-07
30.0,0.0,204.960004439082,8.335628000000001e-07
30.0,0.0,204.95961994696745,8.107309000000001e-07
30.0,0.0,204.95917690009543,7.209164e-07
30.0,0.0,204.95875474721,7.608032e-07
30.0,0.0,204.95832384104096,8.806818999999999e-07
30.0,0.0,204.95788498551877,9.333889000000001e-07
30.0,0.0,204.95748523670727,9.039213000000001e-07
30.0,0.0,204.95704445100537,9.240903e-07
30.0,0.0,204.95663850941983,1.023451e-06
30.0,0.0,204.95623841793227,1.058346e-06
30.0,0.0,204.95582168336517,8.685747e-07
30.0,0.0,204.95539957758015,1.018212e-06
30.0,0.0,204.95496941014989,7.850176000000001e-07
30.0,0.0,204.9545876220736,9.380165000000001e-07
30.0,0.0,204.9541507651804,7.68312e-07
35.0,0.0,205.577975,2.258569e-05
35.0,0.0,205.577975,-1.955093e-06
35.0,0.0,205.577975,-9.840151000000002e-07
35.0,0.0,205.57792699198643,-3.7433350000000003e-07
35.0,0.0,205.57777559888495,8.085043999999998e-08
35.0,0.0,205.5775838615045,4.3067850000000005e-07
35.0,0.0,205.57735392998933,7.01606e-07
35.0,0.0,205.57707892866716,6.815098e-07
35.0,0.0,205.57678945196133,5.382317e-07
35.0,0.0,205.57643161178416,7.330817999999999e-07
35.0,0.0,205.5760295269126,9.255455000000001e-07
35.0,0.0,205.57564173170223,1.025066e-06
35.0,0.0,205.57522607209356,1.032604e-06
35.0,0.0,205.57481035342977,1.175853e-06
35.0,0.0,205.57438720783588,1.255466e-06
35.0,0.0,205.57395633036415,1.248365e-06
35.0,0.0,205.57355551994007,1.232387e-06
35.0,0.0,205.57314896438163,1.170672e-06
35.0,0.0,205.5727320660965,1.276596e-06
35.0,0.0,205.5723240533008,1.244305e-06
35.0,0.0,205.5718935056646,1.183565e-06
35.0,0.0,205.57146136027305,1.196429e-06
35.0,0.0,205.5710166227913,1.225402e-06
35.0,0.0,205.57063848459205,1.150111e-06
35.0,0.0,205.57021332703223,1.228633e-06
35.0,0.0,205.569784929202,1.256907e-06
35.0,0.0,205.56935428975436,1.283173e-06
35.0,0.0,205.56894505266197,1.249282e-06
35.0,0.0,205.5685111621117,1.152672e-06
35.0,0.0,205.56810999910897,1.179171e-06
35.0,0.0,205.56767732363943,8.557399e-07
35.0,0.0,205.56727350843937,1.249908e-06
35.0,0.0,205.56684963411757,1.218155e-06
35.0,0.0,205.56643008404183,1.071676e-06
35.0,0.0,205.56600447718267,1.085573e-06
35.0,0.0,205.5656167870164,9.921641e-07
35.0,0.0,205.56520100875727,1.146618e-06
35.0,0.0,205.5647909813076,1.212538e-06
35.0,0.0,205.56436588355527,1.246546e-06
35.0,0.0,205.5639313088247,1.283261e-06
35.0,0.0,205.56352723533007,1.27386e-06
35.0,0.0,205.5631234571221,1.313092e-06
35.0,0.0,205.56268860389667,1.365566e-06
35.0,0.0,205.5622864300476,1.360517e-06
35.0,0.0,205.56185031864192,1.374778e-06
35.0,0.0,205.56142414455263,1.418332e-06
35.0,0.0,205.5610198179026,1.365552e-06
35.0,0.0,205.56060461775417,1.269043e-06
35.0,0.0,205.56018899224753,1.38738e-06
35.0,0.0,205.55978250687608,1.351465e-06
35.0,0.0,205.55935710715357,1.354783e-06
35.0,0.0,205.55892145714847,1.401248e-06
35.0,0.0,205.5584729155837,1.39905e-06
35.0,0.0,205.55805669634375,1.339562e-06
35.0,0.0,205.557669013864,1.038643e-06
35.0,0.0,205.55724816053143,1.345077e-06
35.0,0.0,205.55681737816397,1.361273e-06
35.0,0.0,205.5564095577867,1.265711e-06
35.0,0.0,205.55597958940913,1.170047e-06
35.0,0.0,205.55557092320564,1.333552e-06
35.0,0.0,205.5551566252987,1.407607e-06
35.0,0.0,205.5547732153128,1.320426e-06
35.0,0.0,205.55433409608685,1.220513e-06
35.0,0.0,205.55389345530844,1.304375e-06
35.0,0.0,205.55350820895785,1.315188e-06
35.0,0.0,205.553072544816,1.250999e-06
35.0,0.0,205.552663950096,1.323802e-06
35.0,0.0,205.55226157059656,1.281398e-06
35.0,0.0,205.5518305790836,1.33377e-06
35.0,0.0,205.551392146151,1.276872e-06
35.0,0.0,205.5509916170585,1.303022e-06
35.0,0.0,205.5505694859036,1.40864e-06
35.0,0.0,205.55013666515737,1.234919e-06
35.0,0.0,205.54972162494505,1.252338e-06
35.0,0.0,205.54931375664964,1.392938e-06
35.0,0.0,205.5488832423331,1.306864e-06
35.0,0.0,205.54845025220772,1.284629e-06
35.0,0.0,205.54804428145007,1.442764e-06
35.0,0.0,205.54762737279515,1.414926e-06
35.0,0.0,205.54720533987552,1.401815e-06
35.0,0.0,205.5468047816269,1.353299e-06
35.0,0.0,205.5463666484438,1.35375e-06
35.0,0.0,205.54595872853025,1.377761e-06
35.0,0.0,205.54553961437375,1.382476e-06
35.0,0.0,205.54513436264045,1.46676e-06
35.0,0.0,205.54473445365016,1.543027e-06
35.0,0.0,205.5443037363956,1.484703e-06
35.0,0.0,205.5438956257769,1.516397e-06
35.0,0.0,205.54346383953856,1.515524e-06
35.0,0.0,205.54305679790363,1.497712e-06
35.0,0.0,205.5426410599171,1.402906e-06
35.0,0.0,205.5422162754312,1.457491e-06
35.0,0.0,205.54180275091343,1.473774e-06
35.0,0.0,205.5413790057156,1.443404e-06
35.0,0.0,205.5409481483053,1.477078e-06
35.0,0.0,205.54054662499428,1.479217e-06
35.0,0.0,205.54013931580357,1.447319e-06
35.0,0.0,205.53972373381248,1.453504e-06
35.0,0.0,205.5392751217344,1.449065e-06
35.0,0.0,205.53883961782984,1.441018e-06
35.0,0.0,205.53843146544483,1.355613e-06
35.0,0.0,205.53800636024255,1.289722e-06
35.0,0.0,205.53759086909068,1.353881e-06
35.0,0.0,205.53716166646,1.409178e-06
35.0,0.0,205.53677628732112,1.40749e-06
35.0,0.0,205.5363327787287,1.356559e-06
35.0,0.0,205.53593351115228,1.253473e-06
35.0,0.0,205.53550948798167,1.220382e-06
35.0,0.0,205.53512558053944,1.326043e-06
35.0,0.0,205.5346819527144,1.326727e-06
35.0,0.0,205.53427713754184,1.335065e-06
35.0,0.0,205.5338636499832,1.309352e-06
35.0,0.0,205.53342025779605,1.320033e-06
35.0,0.0,205.533015686311,1.292778e-06
35.0,0.0,205.5326047429427,1.26641e-06
35.0,0.0,205.53218964669904,1.37827e-06
35.0,0.0,205.53178296671015,1.301407e-06
35.0,0.0,205.53134571542049,1.246968e-06
35.0,0.0,205.53092185344093,1.416571e-06
35.0,0.0,205.53047325905695,1.379434e-06
35.0,0.0,205.53007419259717,1.284294e-06
35.0,0.0,205.52966989569504,1.399021e-06
35.0,0.0,205.52924932545548,1.333363e-06
35.0,0.0,205.528803114068,1.315522e-06
35.0,0.0,205.52841079407045,1.349836e-06
35.0,0.0,205.52798098306187,1.302673e-06
35.0,0.0,205.52753787932735,1.281849e-06
35.0,0.0,205.52717790995203,1.262728e-06
35.0,0.0,205.52673375628436,1.268432e-06
35.0,0.0,205.5263167823764,1.292443e-06
35.0,0.0,205.52589420077865,1.353706e-06
35.0,0.0,205.5254643773092,1.382534e-06
35.0,0.0,205.52507306726173,1.337554e-06
35.0,0.0,205.52465793966823,1.374385e-06
35.0,0.0,205.52425902282235,1.39889e-06
35.0,0.0,205.5238311940552,1.376917e-06
35.0,0.0,205.52339317030328,1.28703e-06
35.0,0.0,205.5229926567665,1.447392e-06
35.0,0.0,205.52257081022793,1.45493e-06
35.0,0.0,205.52215424325664,1.281689e-06
35.0,0.0,205.52174838051565,1.39889e-06
35.0,0.0,205.52132413555,1.501685e-06
35.0,0.0,205.5208918865065,1.420922e-06
35.0,0.0,205.52047616207363,1.342923e-06
35.0,0.0,205.52006041994645,1.36286e-06
35.0,0.0,205.5196450735588,1.272056e-06
35.0,0.0,205.5192061268833,1.223845e-06
35.0,0.0,205.51880572290537,1.356952e-06
35.0,0.0,205.5183818590508,1.345325e-06
35.0,0.0,205.51793699496207,1.315449e-06
35.0,0.0,205.51751294601596,1.23569e-06
35.0,0.0,205.51712523519123,1.24317e-06
35.0,0.0,205.51671007408913,1.242312e-06
35.0,0.0,205.516262773219,1.168475e-06
35.0,0.0,205.515874144186,1.259978e-06
35.0,0.0,205.51544016896412,1.327324e-06
35.0,0.0,205.5150352926928,1.286287e-06
35.0,0.0,205.51461748030343,1.223758e-06
35.0,0.0,205.51419624153107,1.225038e-06
35.0,0.0,205.5137946733689,1.210035e-06
35.0,0.0,205.5133571862553,1.232052e-06
35.0,0.0,205.51297131272003,1.198743e-06
35.0,0.0,205.51252724340128,1.280248e-06
35.0,0.0,205.5121121405311,1.326393e-06
35.0,0.0,205.51172459383545,1.261447e-06
35.0,0.0,205.51129413405127,1.308596e-06
35.0,0.0,205.5108635016255,1.302877e-06
35.0,0.0,205.5104284813844,1.323802e-06
35.0,0.0,205.51002463068977,1.293229e-06
35.0,0.0,205.50959241732085,1.321765e-06
35.0,0.0,205.5091770643066,1.336361e-06
35.0,0.0,205.50875509981904,1.374196e-06
35.0,0.0,205.50834695220297,1.31088e-06
35.0,0.0,205.50791636767573,1.37274e-06
35.0,0.0,205.50748810236516,1.326043e-06
35.0,0.0,205.50710080615008,1.355162e-06
35.0,0.0,205.50666984644823,1.273787e-06
35.0,0.0,205.5062653338946,1.382999e-06
35.0,0.0,205.5058414191092,1.328022e-06
35.0,0.0,205.50540633641907,1.237175e-06
35.0,0.0,205.50499592903944,1.209919e-06
35.0,0.0,205.50458068617647,1.288572e-06
35.0,0.0,205.50419336284423,1.313892e-06
35.0,0.0,205.50376859887265,1.337219e-06
35.0,0.0,205.50334930747104,1.241831e-06
35.0,0.0,205.5029299118848,1.304361e-06
35.0,0.0,205.5025045335924,1.322071e-06
35.0,0.0,205.5020909460333,1.276741e-06
35.0,0.0,205.50167850063545,1.226799e-06
35.0,0.0,205.50125450762036,1.250213e-06
35.0,0.0,205.50083388730675,1.14346e-06
35.0,0.0,205.50041295169743,1.039734e-06
35.0,0.0,205.499983809806,1.225577e-06
35.0,0.0,205.49956851237937,1.272725e-06
35.0,0.0,205.49918074877633,1.285749e-06
35.0,0.0,205.4987360811267,1.161243e-06
35.0,0.0,205.49831200736904,1.291686e-06
35.0,0.0,205.49787306031507,1.246692e-06
35.0,0.0,205.4974650703228,1.138251e-06
35.0,0.0,205.49704723271736,1.330249e-06
35.0,0.0,205.4966410918976,1.314576e-06
35.0,0.0,205.4962405171217,1.253633e-06
35.0,0.0,205.49579338102512,1.245789e-06
35.0,0.0,205.4953948138501,1.305059e-06
35.0,0.0,205.49496033259436,1.281398e-06
35.0,0.0,205.4945602055733,1.306486e-06
35.0,0.0,205.4941541786361,1.189503e-06
35.0,0.0,205.4937360883012,1.269451e-06
35.0,0.0,205.4933193755041,1.218155e-06
35.0,0.0,205.492889230178,1.201741e-06
35.0,0.0,205.49246541822717,1.302484e-06
35.0,0.0,205.49205843255467,1.245979e-06
35.0,0.0,205.49163378649797,1.238048e-06
35.0,0.0,205.49121843348368,1.172739e-06
35.0,0.0,205.49078861082953,1.196837e-06
35.0,0.0,205.4903805266653,1.201144e-06
35.0,0.0,205.48994957884523,1.144639e-06
35.0,0.0,205.48952847131335,1.30749e-06
35.0,0.0,205.4891107276804,1.311389e-06
35.0,0.0,205.4886980088024,1.299748e-06
35.0,0.0,205.48827224530808,1.279535e-06
35.0,0.0,205.48785285692333,1.351626e-06
35.0,0.0,205.48743398607644,1.326509e-06
35.0,0.0,205.48700924085708,1.255219e-06
35.0,0.0,205.4866216950583,1.298919e-06
35.0,0.0,205.48620659218807,1.349632e-06
35.0,0.0,205.48579539129804,1.33588e-06
35.0,0.0,205.48536060030384,1.298758e-06
35.0,0.0,205.48494337871904,1.326509e-06
35.0,0.0,205.4845452913063,1.382869e-06
35.0,0.0,205.48410166611643,1.298191e-06
35.0,0.0,205.48369330106823,1.29058e-06
35.0,0.0,205.48329135860203,1.305161e-06
35.0,0.0,205.48285435737577,1.456996e-06
35.0,0.0,205.48242812781504,1.360502e-06
35.0,0.0,205.4820247620764,1.282286e-06
35.0,0.0,205.4816095788842,1.292225e-06
35.0,0.0,205.4811771408833,1.345456e-06
35.0,0.0,205.4807918255814,1.255976e-06
35.0,0.0,205.48034976483083,1.295659e-06
35.0,0.0,205.47991343973135,1.312088e-06
35.0,0.0,205.47952743573367,1.331486e-06
35.0,0.0,205.47909042965748,1.280147e-06
35.0,0.0,205.47867516665116,1.267064e-06
35.0,0.0,205.47825341552672,1.271881e-06
35.0,0.0,205.47780751367904,1.356253e-06
35.0,0.0,205.47740854785997,1.446693e-06
35.0,0.0,205.47698425905145,1.455264e-06
35.0,0.0,205.47657530497503,1.424269e-06
35.0,0.0,205.47615447065857,1.387161e-06
35.0,0.0,205.4757367781468,1.442575e-06
35.0,0.0,205.4753286939826,1.436289e-06
35.0,0.0,205.47489778941727,1.542838e-06
35.0,0.0,205.47449125231068,1.377455e-06
35.0,0.0,205.47407759441228,1.332533e-06
35.0,0.0,205.47366829363168,1.307053e-06
35.0,0.0,205.4732653688956,1.364766e-06
35.0,0.0,205.47282038356715,1.369641e-06
35.0,0.0,205.47242630819804,1.373468e-06
35.0,0.0,205.4719999677339,1.355496e-06
35.0,0.0,205.47155692621348,1.404493e-06
35.0,0.0,205.4711501662217,1.405162e-06
35.0,0.0,205.47074897133496,1.38102e-06
35.0,0.0,205.470318164307,1.375403e-06
35.0,0.0,205.46987831455456,1.357286e-06
35.0,0.0,205.469458078774,1.42098e-06
35.0,0.0,205.46906464136535,1.488268e-06
35.0,0.0,205.46862137086816,1.470602e-06
35.0,0.0,205.46820940100727,1.460154e-06
35.0,0.0,205.46780887762935,1.412758e-06
35.0,0.0,205.46737057855572,1.44371e-06
35.0,0.0,205.46696267604636,1.497479e-06
35.0,0.0,205.46654471697212,1.299311e-06
35.0,0.0,205.46613885480227,1.487831e-06
35.0,0.0,205.46573865122352,1.418535e-06
35.0,0.0,205.4652909977526,1.521475e-06
35.0,0.0,205.46489971343797,1.522014e-06
35.0,0.0,205.4644684875912,1.520748e-06
35.0,0.0,205.4640446196478,1.479013e-06
35.0,0.0,205.46366447513748,1.462293e-06
35.0,0.0,205.46322118347305,1.39483e-06
35.0,0.0,205.4627913798537,1.421242e-06
35.0,0.0,205.46239932597248,1.422566e-06
35.0,0.0,205.46195241952108,1.318112e-06
35.0,0.0,205.46153152040776,1.301698e-06
35.0,0.0,205.46114347341327,1.442939e-06
35.0,0.0,205.46072759315652,1.505119e-06
35.0,0.0,205.46027901485493,1.405919e-06
35.0,0.0,205.45988014750793,1.432578e-06
35.0,0.0,205.45945631054272,1.393491e-06
35.0,0.0,205.45901104676545,1.441615e-06
35.0,0.0,205.4585959438953,1.447814e-06
35.0,0.0,205.45818047970593,1.498585e-06
35.0,0.0,205.457776053638,1.4494e-06
35.0,0.0,205.4573376962414,1.517561e-06
35.0,0.0,205.456913978384,1.597393e-06
35.0,0.0,205.45651149187057,1.622044e-06
35.0,0.0,205.45607665875897,1.56906e-06
35.0,0.0,205.45569250081823,1.498265e-06
35.0,0.0,205.45526891294887,1.417531e-06
35.0,0.0,205.45484589257245,1.539869e-06
35.0,0.0,205.45442588812767,1.53447e-06
35.0,0.0,205.45399942119352,1.536449e-06
35.0,0.0,205.45361154396903,1.487933e-06
35.0,0.0,205.45319633354296,1.517255e-06
35.0,0.0,205.4527707792898,1.611348e-06
35.0,0.0,205.45236260416456,1.601875e-06
35.0,0.0,205.4519276214412,1.665278e-06
35.0,0.0,205.45147942004547,1.619177e-06
35.0,0.0,205.45110513915344,1.647059e-06
35.0,0.0,205.45067638798247,1.641398e-06
35.0,0.0,205.45025461467583,1.706576e-06
35.0,0.0,205.44982405921556,1.581386e-06
35.0,0.0,205.4494161326859,1.613793e-06
35.0,0.0,205.44898755873064,1.69492e-06
35.0,0.0,205.4485625388172,1.666878e-06
35.0,0.0,205.4481467012688,1.579756e-06
35.0,0.0,205.4477400998232,1.659675e-06
35.0,0.0,205.44730800729033,1.759952e-06
35.0,0.0,205.4468996052207,1.595239e-06
35.0,0.0,205.4464687742022,1.560111e-06
35.0,0.0,205.4460691033448,1.389155e-06
35.0,0.0,205.445664013595,1.16619e-06
35.0,0.0,205.4452441580005,9.142677000000001e-07
35.0,0.0,205.44483621027777,5.206093e-07
35.0,0.0,205.44440552995536,2.559973e-07
35.0,0.0,205.44399954506983,1.3093810000000002e-07
35.0,0.0,205.44358692000847,1.0800430000000001e-07
35.0,0.0,205.44315213669313,1.1583320000000001e-07
35.0,0.0,205.4427509760744,1.373555e-07
35.0,0.0,205.4423297273492,7.989438e-07
35.0,0.0,205.4418896157456,1.711567e-06
35.0,0.0,205.44148194672408,1.574954e-06
35.0,0.0,205.4410673357672,1.779204e-06
35.0,0.0,205.44065950978083,1.665641e-06
35.0,0.0,205.440257238238,1.683802e-06
35.0,0.0,205.43982631513217,1.684646e-06
35.0,0.0,205.43938748070687,1.743771e-06
35.0,0.0,205.43894169354337,1.718232e-06
35.0,0.0,205.43851905035805,1.68322e-06
35.0,0.0,205.4381160829552,1.651526e-06
35.0,0.0,205.43771612167603,1.494467e-06
35.0,0.0,205.43726837104808,1.569002e-06
35.0,0.0,205.43687932282484,1.5478e-06
35.0,0.0,205.4364461120647,1.594017e-06
35.0,0.0,205.4360409537481,1.530076e-06
35.0,0.0,205.4356235518746,1.591208e-06
35.0,0.0,205.43520196270163,1.618333e-06
35.0,0.0,205.43480094165585,1.492066e-06
35.0,0.0,205.4343630947696,1.480323e-06
35.0,0.0,205.4339553058016,1.414082e-06
35.0,0.0,205.43353573684095,1.422479e-06
35.0,0.0,205.43313062652848,1.419525e-06
35.0,0.0,205.43273107647633,1.475986e-06
35.0,0.0,205.43228249041223,1.448425e-06
35.0,0.0,205.43188326690063,1.405409e-06
35.0,0.0,205.4314591547777,1.262844e-06
35.0,0.0,205.43101434600388,1.408102e-06
35.0,0.0,205.4305987984332,1.425011e-06
35.0,0.0,205.43018750181332,1.341468e-06
35.0,0.0,205.42978294079373,1.290246e-06
35.0,0.0,205.42933974001767,1.251901e-06
35.0,0.0,205.42891602216025,1.384993e-06
35.0,0.0,205.428513508983,1.4369e-06
35.0,0.0,205.4280789640478,1.427572e-06
35.0,0.0,205.42767488118548,1.334993e-06
35.0,0.0,205.4272709316626,1.305641e-06
35.0,0.0,205.42683587681188,1.425156e-06
35.0,0.0,205.42642797558952,1.449327e-06
35.0,0.0,205.42600197734143,1.387671e-06
35.0,0.0,205.42560033650935,1.344815e-06
35.0,0.0,205.4251990213182,1.379594e-06
35.0,0.0,205.42475260592784,1.436507e-06
35.0,0.0,205.42436464948267,1.379492e-06
35.0,0.0,205.42392964508497,1.266919e-06
35.0,0.0,205.423481690914,1.222768e-06
35.0,0.0,205.42310713600557,1.346911e-06
35.0,0.0,205.4226787422324,1.241991e-06
35.0,0.0,205.42225665935172,1.340784e-06
35.0,0.0,205.4218486688305,1.254419e-06
35.0,0.0,205.4214177632577,1.27875e-06
35.0,0.0,205.42098960724888,1.320179e-06
35.0,0.0,205.42060206391048,1.32226e-06
35.0,0.0,205.4201867697424,1.263325e-06
35.0,0.0,205.41974179936255,1.213324e-06
35.0,0.0,205.41930946018485,1.291453e-06
35.0,0.0,205.41891916412948,1.193839e-06
35.0,0.0,205.41847085971415,1.070701e-06
35.0,0.0,205.4180546421996,1.308013e-06
35.0,0.0,205.41763899008032,1.320208e-06
35.0,0.0,205.41720097466887,1.297332e-06
35.0,0.0,205.4168153632268,1.209322e-06
35.0,0.0,205.41637538351563,1.191016e-06
35.0,0.0,205.41597633611292,1.323599e-06
35.0,0.0,205.4155528769417,1.276465e-06
35.0,0.0,205.41513789129144,1.313674e-06
35.0,0.0,205.41473036678033,1.289969e-06
35.0,0.0,205.41429895324947,1.287568e-06
35.0,0.0,205.41390748301447,1.338034e-06
35.0,0.0,205.4134601986977,1.315115e-06
35.0,0.0,205.413059745517,1.307257e-06
35.0,0.0,205.41265361436447,1.339373e-06
35.0,0.0,205.41223580985007,1.389795e-06
35.0,0.0,205.4118193528636,1.379711e-06
35.0,0.0,205.41139700326,1.289343e-06
35.0,0.0,205.41096555648235,1.335138e-06
35.0,0.0,205.41052110311324,1.324835e-06
35.0,0.0,205.41012729692767,1.263485e-06
35.0,0.0,205.40971784329545,1.056425e-06
35.0,0.0,205.4092881506908,1.2862e-06
35.0,0.0,205.40884539725604,1.382694e-06
35.0,0.0,205.4084489817137,1.275024e-06
35.0,0.0,205.40802774075829,1.314504e-06
35.0,0.0,205.40761004556083,1.380758e-06
35.0,0.0,205.407199952287,1.399603e-06
35.0,0.0,205.40677628982468,1.427994e-06
35.0,0.0,205.4063777226497,1.337263e-06
35.0,0.0,205.40593298106097,1.343084e-06
35.0,0.0,205.40553006180588,1.331384e-06
35.0,0.0,205.40512104928249,1.365552e-06
35.0,0.0,205.404705473918,1.35359e-06
35.0,0.0,205.40429486170845,1.405046e-06
35.0,0.0,205.40387072160584,1.444438e-06
35.0,0.0,205.40344275280285,1.287539e-06
35.0,0.0,205.40304447876775,1.332955e-06
35.0,0.0,205.40261369045152,1.278197e-06
35.0,0.0,205.402192932578,1.365173e-06
35.0,0.0,205.40179070832625,1.320295e-06
35.0,0.0,205.4013541248236,1.329594e-06
35.0,0.0,205.40092773089737,1.299137e-06
35.0,0.0,205.40052472776375,1.364097e-06
35.0,0.0,205.40010965574467,1.4783e-06
35.0,0.0,205.39969411256192,1.446519e-06
35.0,0.0,205.39924863283855,1.460488e-06
35.0,0.0,205.3988495868553,1.433917e-06
35.0,0.0,205.3984255920271,1.41791e-06
35.0,0.0,205.39797694810167,1.459586e-06
35.0,0.0,205.3975616228812,1.418681e-06
35.0,0.0,205.39717424821885,1.453052e-06
35.0,0.0,205.39675268250488,1.44518e-06
35.0,0.0,205.39633473584016,1.450811e-06
35.0,0.0,205.39590794166332,1.393739e-06
35.0,0.0,205.395506026032,1.344335e-06
35.0,0.0,205.3950971787613,1.387831e-06
35.0,0.0,205.3946611367151,1.444161e-06
35.0,0.0,205.394277082972,1.397682e-06
35.0,0.0,205.393838957704,1.397872e-06
35.0,0.0,205.39340432463223,1.270528e-06
35.0,0.0,205.39301616740303,1.264299e-06
35.0,0.0,205.39257783531167,1.305059e-06
35.0,0.0,205.39216881171308,1.277658e-06
35.0,0.0,205.39176611309887,1.183624e-06
35.0,0.0,205.3913351859698,1.191089e-06
35.0,0.0,205.39089761223,1.322856e-06
35.0,0.0,205.39047399033623,1.271022e-06
35.0,0.0,205.39006625350427,1.179942e-06
35.0,0.0,205.38965166121497,1.209904e-06
35.0,0.0,205.3892276681999,1.178734e-06
35.0,0.0,205.38879686770716,1.217326e-06
35.0,0.0,205.38838875693955,1.085064e-06
35.0,0.0,205.3879578995292,9.689247000000002e-07
35.0,0.0,205.3875388018972,1.192035e-06
35.0,0.0,205.38713340630724,1.185661e-06
35.0,0.0,205.3867336017426,1.270048e-06
35.0,0.0,205.38632551739184,1.280845e-06
35.0,0.0,205.38588678183797,1.28652e-06
35.0,0.0,205.3854870587844,1.185559e-06
35.0,0.0,205.38506454683423,1.115361e-06
35.0,0.0,205.38463170536983,1.121283e-06
35.0,0.0,205.38423946844608,1.188702e-06
35.0,0.0,205.3838098159448,1.132095e-06
35.0,0.0,205.38337900251457,1.198539e-06
35.0,0.0,205.382971080787,1.299341e-06
35.0,0.0,205.3825546557343,1.264387e-06
35.0,0.0,205.3821480727672,1.256703e-06
35.0,0.0,205.38174712352287,1.220556e-06
35.0,0.0,205.38130036785856,1.338529e-06
35.0,0.0,205.3808926951088,1.314183e-06
35.0,0.0,205.38047750811023,1.372769e-06
35.0,0.0,205.38003415429816,1.269786e-06
35.0,0.0,205.37961907922175,1.303386e-06
35.0,0.0,205.37920582908052,1.230932e-06
35.0,0.0,205.37879937906965,1.323249e-06
35.0,0.0,205.3783577457024,1.396344e-06
35.0,0.0,205.3779341247356,1.426393e-06
35.0,0.0,205.37748656888593,1.377863e-06
35.0,0.0,205.37709871675457,1.30698e-06
35.0,0.0,205.37668358718827,1.290682e-06
35.0,0.0,205.37627805094252,1.342691e-06
35.0,0.0,205.3758523336629,1.290726e-06
35.0,0.0,205.37542593665347,1.312699e-06
35.0,0.0,205.3750223407964,1.392676e-06
35.0,0.0,205.37461846664047,1.319524e-06
35.0,0.0,205.3742189963752,1.261287e-06
35.0,0.0,205.37377055311185,1.084642e-06
35.0,0.0,205.37336784707156,9.467767000000001e-07
35.0,0.0,205.3729473465876,1.320062e-06
35.0,0.0,205.3725009740558,1.300214e-06
35.0,0.0,205.37211116548556,1.30503e-06
35.0,0.0,205.37169950005895,1.182052e-06
35.0,0.0,205.37126484436803,1.260007e-06
35.0,0.0,205.37083071118943,1.253269e-06
35.0,0.0,205.3704423901992,1.229026e-06
35.0,0.0,205.36999594099527,1.255175e-06
35.0,0.0,205.36958062240137,1.264969e-06
35.0,0.0,205.369171086541,1.230568e-06
35.0,0.0,205.3687680628884,1.252745e-06
35.0,0.0,205.3683235043542,1.195192e-06
35.0,0.0,205.3679121575265,1.250184e-06
35.0,0.0,205.36750374615505,1.254622e-06
35.0,0.0,205.36706035785616,1.255292e-06
35.0,0.0,205.36665930501044,1.309469e-06
35.0,0.0,205.36625389302208,1.224587e-06
35.0,0.0,205.36582043165663,1.168897e-06
35.0,0.0,205.36541223785173,1.232955e-06
35.0,0.0,205.36498301574213,1.392022e-06
35.0,0.0,205.36458352190212,1.422508e-06
35.0,0.0,205.36418015044185,1.391527e-06
35.0,0.0,205.36375760685527,1.40621e-06
35.0,0.0,205.3633390178194,1.27485e-06
35.0,0.0,205.36291863834109,1.279273e-06
35.0,0.0,205.3624907375206,1.254113e-06
35.0,0.0,205.3620799511088,1.376029e-06
35.0,0.0,205.36166675362696,1.347551e-06
35.0,0.0,205.36124278562616,1.296488e-06
35.0,0.0,205.3608438182218,1.246663e-06
35.0,0.0,205.36040234084277,1.284759e-06
35.0,0.0,205.3599713470701,1.333799e-06
35.0,0.0,205.35957209528377,1.205786e-06
35.0,0.0,205.35913215868177,1.425127e-06
35.0,0.0,205.35872382815992,1.254273e-06
35.0,0.0,205.35829994113809,1.258406e-06
35.0,0.0,205.35786199786617,1.280408e-06
35.0,0.0,205.3574539591825,1.314795e-06
35.0,0.0,205.35703424109496,1.33198e-06
35.0,0.0,205.35661877184933,1.296794e-06
35.0,0.0,205.35622966882627,1.168592e-06
35.0,0.0,205.35579919580508,1.382243e-06
35.0,0.0,205.35537753777905,1.317647e-06
35.0,0.0,205.3549591488696,1.159424e-06
35.0,0.0,205.35455257396924,1.198903e-06
35.0,0.0,205.35415446669836,1.281122e-06
35.0,0.0,205.35371155752028,1.285356e-06
35.0,0.0,205.3532993791983,1.269073e-06
35.0,0.0,205.35289041665325,1.245236e-06
35.0,0.0,205.35244454377948,1.387831e-06
35.0,0.0,205.3520425306804,1.316293e-06
35.0,0.0,205.35163465587488,1.317414e-06
35.0,0.0,205.35121908474224,1.375796e-06
35.0,0.0,205.35077067779648,1.406195e-06
35.0,0.0,205.35037174028065,1.378838e-06
35.0,0.0,205.34994794738023,1.388253e-06
35.0,0.0,205.34950194889447,1.34758e-06
35.0,0.0,205.34910058967637,1.363718e-06
35.0,0.0,205.34869918814283,1.468434e-06
35.0,0.0,205.34827293293816,1.389315e-06
35.0,0.0,205.3478288828209,1.425549e-06
35.0,0.0,205.34743421965055,1.463559e-06
35.0,0.0,205.347009670673,1.505556e-06
35.0,0.0,205.3465952798001,1.434397e-06
35.0,0.0,205.3461791869948,1.385502e-06
35.0,0.0,205.34577495903991,1.411434e-06
35.0,0.0,205.3453611081572,1.488079e-06
35.0,0.0,205.3449182168821,1.455133e-06
35.0,0.0,205.34453284188757,1.532404e-06
35.0,0.0,205.34410208839824,1.550012e-06
35.0,0.0,205.3436904877172,1.585111e-06
35.0,0.0,205.3432851591901,1.612279e-06
35.0,0.0,205.34285434464368,1.625391e-06
35.0,0.0,205.34241833274817,1.603854e-06
35.0,0.0,205.34201526382247,1.651657e-06
35.0,0.0,205.34160911533212,1.724635e-06
35.0,0.0,205.34117655507225,1.721579e-06
35.0,0.0,205.34077289314556,1.666704e-06
35.0,0.0,205.34033793186128,1.661916e-06
35.0,0.0,205.33990718815224,1.648834e-06
35.0,0.0,205.33950151444432,1.668406e-06
35.0,0.0,205.33908911115944,1.720196e-06
35.0,0.0,205.33867350439928,1.832072e-06
35.0,0.0,205.33822961044203,1.730339e-06
35.0,0.0,205.33779849690112,1.825872e-06
35.0,0.0,205.3374071562732,1.768873e-06
35.0,0.0,205.33695971610229,1.80905e-06
35.0,0.0,205.33655917419887,1.820401e-06
35.0,0.0,205.33615291958185,1.813241e-06
35.0,0.0,205.33573523620703,1.745939e-06
35.0,0.0,205.3353272202636,1.814871e-06
35.0,0.0,205.33490312807217,1.711902e-06
35.0,0.0,205.33449159090625,1.797089e-06
35.0,0.0,205.33406586371797,1.662411e-06
35.0,0.0,205.33364954719852,1.737935e-06
35.0,0.0,205.3332435791288,1.797976e-06
35.0,0.0,205.3328109922084,1.851993e-06
35.0,0.0,205.33242084468705,1.788998e-06
35.0,0.0,205.3319723689974,1.795401e-06
35.0,0.0,205.331556236744,1.849839e-06
35.0,0.0,205.33114937240455,1.875902e-06
35.0,0.0,205.33074829401548,1.886467e-06
35.0,0.0,205.33030163654183,1.882421e-06
35.0,0.0,205.32986399228207,1.786422e-06
35.0,0.0,205.32947877766483,1.79396e-06
35.0,0.0,205.32903601324568,1.803361e-06
35.0,0.0,205.32862046567496,1.80291e-06
35.0,0.0,205.32820692080915,1.745415e-06
35.0,0.0,205.32780084911712,1.819266e-06
35.0,0.0,205.32735919045487,1.8266e-06
35.0,0.0,205.32696044852676,1.780674e-06
35.0,0.0,205.32653647012327,1.81247e-06
35.0,0.0,205.326122696288,1.823617e-06
35.0,0.0,205.32571247345209,1.868844e-06
35.0,0.0,205.3252843039844,1.79412e-06
35.0,0.0,205.32489099846745,1.82302e-06
35.0,0.0,205.32446724767573,1.695138e-06
35.0,0.0,205.324023054846,1.759021e-06
35.0,0.0,205.32363557570653,1.777968e-06
35.0,0.0,205.32322002150923,1.473527e-06
35.0,0.0,205.32279002381816,1.778448e-06
35.0,0.0,205.3223823069096,1.772816e-06
35.0,0.0,205.32194929075504,1.822715e-06
35.0,0.0,205.32154345288453,1.723674e-06
35.0,0.0,205.32112631128507,1.656328e-06
35.0,0.0,205.3206995200732,1.726628e-06
35.0,0.0,205.3202737048019,1.765802e-06
35.0,0.0,205.319879579292,1.723383e-06
35.0,0.0,205.3194346267858,1.653985e-06
35.0,0.0,205.31901038508968,1.735039e-06
35.0,0.0,205.31859539339465,1.70838e-06
35.0,0.0,205.31815961530037,1.74591e-06
35.0,0.0,205.31775760776648,1.625958e-06
35.0,0.0,205.31733737589252,1.71212e-06
35.0,0.0,205.3168967132929,1.603243e-06
35.0,0.0,205.31651104225455,1.567634e-06
35.0,0.0,205.31607628164764,1.515393e-06
35.0,0.0,205.31566740637595,1.52085e-06
35.0,0.0,205.31526469872352,1.518987e-06
35.0,0.0,205.31483402323525,1.543376e-06
35.0,0.0,205.31442584917596,1.502893e-06
35.0,0.0,205.31399910629628,1.452005e-06
35.0,0.0,205.31359769722653,1.480556e-06
35.0,0.0,205.3131960609802,1.460256e-06
35.0,0.0,205.3127502168454,1.388049e-06
35.0,0.0,205.31236270250963,1.486624e-06
35.0,0.0,205.311927726336,1.422377e-06
35.0,0.0,205.31147914748271,1.435546e-06
35.0,0.0,205.31106360653857,1.336244e-06
35.0,0.0,205.3106761154197,1.250912e-06
35.0,0.0,205.31025410082717,1.359062e-06
35.0,0.0,205.30982320006592,1.264736e-06
35.0,0.0,205.30938402652288,1.291017e-06
35.0,0.0,205.30898457493296,1.249427e-06
35.0,0.0,205.30856154310493,1.239794e-06
35.0,0.0,205.30814572953352,1.188499e-06
35.0,0.0,205.30773880424448,1.148073e-06
35.0,0.0,205.30730687349833,1.165332e-06
35.0,0.0,205.3068840197388,1.102118e-06
35.0,0.0,205.3064678061696,1.137101e-06
35.0,0.0,205.30606783841503,1.198568e-06
35.0,0.0,205.305662884435,1.133318e-06
35.0,0.0,205.30524373033333,1.187218e-06
35.0,0.0,205.30482655054288,1.051318e-06
35.0,0.0,205.30439836963927,1.201333e-06
35.0,0.0,205.3039746924146,1.205073e-06
35.0,0.0,205.3035868142084,1.171706e-06
35.0,0.0,205.30314376606145,1.17172e-06
35.0,0.0,205.3027276386624,1.066292e-06
35.0,0.0,205.3023196909969,1.222841e-06
35.0,0.0,205.30188901550864,1.212873e-06
35.0,0.0,205.30148117429232,1.185763e-06
35.0,0.0,205.30106687283927,1.16408e-06
35.0,0.0,205.30063419100193,1.194436e-06
35.0,0.0,205.30025433569767,1.230786e-06
35.0,0.0,205.29981120545824,1.118737e-06
35.0,0.0,205.29937246366808,1.12885e-06
35.0,0.0,205.2989413387964,1.120105e-06
35.0,0.0,205.29851858869776,1.029417e-06
35.0,0.0,205.29810248818288,1.057211e-06
35.0,0.0,205.29771527869693,1.03061e-06
35.0,0.0,205.2972675024324,1.120905e-06
35.0,0.0,205.2968447988096,1.040273e-06
35.0,0.0,205.29644501698664,1.095817e-06
35.0,0.0,205.29599892107507,1.045642e-06
35.0,0.0,205.29561115201844,1.100416e-06
35.0,0.0,205.29519587575905,1.140361e-06
35.0,0.0,205.2947875380657,1.177643e-06
35.0,0.0,205.29436278080368,1.155044e-06
35.0,0.0,205.29393547070572,1.059496e-06
35.0,0.0,205.29353452938693,1.175198e-06
35.0,0.0,205.2931189783455,1.094857e-06
35.0,0.0,205.2927058355505,1.010776e-06
35.0,0.0,205.2922994048145,1.104971e-06
35.0,0.0,205.2918581079692,1.201581e-06
35.0,0.0,205.2914409279092,1.117543e-06
35.0,0.0,205.291042350458,1.122826e-06
35.0,0.0,205.29059903278497,1.227338e-06
35.0,0.0,205.29018404108993,1.072665e-06
35.0,0.0,205.28976081283767,1.149019e-06
35.0,0.0,205.28935263771248,1.007429e-06
35.0,0.0,205.2889219622242,1.200911e-06
35.0,0.0,205.28849462816868,1.099936e-06
35.0,0.0,205.28808288729007,1.202396e-06
35.0,0.0,205.28766993597844,1.233304e-06
35.0,0.0,205.2872461931067,1.031221e-06
35.0,0.0,205.28684744486748,1.268403e-06
35.0,0.0,205.28640564320787,1.320936e-06
35.0,0.0,205.2859999650879,1.331166e-06
35.0,0.0,205.28558719148936,1.325228e-06
35.0,0.0,205.28517697965407,1.292035e-06
35.0,0.0,205.28477294270692,1.335604e-06
35.0,0.0,205.28434203981607,1.234468e-06
35.0,0.0,205.28391646011767,1.210035e-06
35.0,0.0,205.28350973820025,1.258595e-06
35.0,0.0,205.2830822678773,1.302309e-06
35.0,0.0,205.28266456599164,1.266919e-06
35.0,0.0,205.2822597853053,1.249253e-06
35.0,0.0,205.2818257207998,1.203647e-06
35.0,0.0,205.28143679979007,1.182489e-06
35.0,0.0,205.28098950769083,1.245338e-06
35.0,0.0,205.28057423844248,1.270266e-06
35.0,0.0,205.28014824697533,1.301363e-06
35.0,0.0,205.2797630316152,1.257344e-06
35.0,0.0,205.2793178421632,1.252614e-06
35.0,0.0,205.2788940933276,1.159468e-06
35.0,0.0,205.2784480453853,1.25826e-06
35.0,0.0,205.27804661183967,1.277484e-06
35.0,0.0,205.27763902324912,1.290027e-06
35.0,0.0,205.27722347571884,1.347609e-06
35.0,0.0,205.27680782261064,1.34627e-06
35.0,0.0,205.2763758922274,1.440596e-06
35.0,0.0,205.2759539997849,1.405962e-06
35.0,0.0,205.27555315880147,1.386376e-06
35.0,0.0,205.27513810742136,1.336695e-06
35.0,0.0,205.27473042164647,1.221357e-06
35.0,0.0,205.27430668279007,1.013221e-06
35.0,0.0,205.27390769232,1.18067e-06
35.0,0.0,205.2734601806762,1.217748e-06
35.0,0.0,205.27304133983515,1.126929e-06
35.0,0.0,205.2726532928407,1.126653e-06
35.0,0.0,205.27223565530048,1.100532e-06
35.0,0.0,205.2717879773878,1.156659e-06
35.0,0.0,205.27139726491376,1.197506e-06
35.0,0.0,205.27096549797795,1.168504e-06
35.0,0.0,205.27052138764807,1.32079e-06
35.0,0.0,205.27010612116624,1.254812e-06
35.0,0.0,205.2696940194461,1.306558e-06
35.0,0.0,205.26928888819847,1.353153e-06
35.0,0.0,205.26885821017737,1.279666e-06
35.0,0.0,205.26843149253205,1.001186e-06
35.0,0.0,205.26802922060168,1.344844e-06
35.0,0.0,205.2676142289066,1.397813e-06
35.0,0.0,205.26718096724323,1.429304e-06
35.0,0.0,205.26677757635727,1.427092e-06
35.0,0.0,205.2663418908072,1.426772e-06
35.0,0.0,205.26595458495956,1.349967e-06
35.0,0.0,205.26550899620227,1.355744e-06
35.0,0.0,205.26510685503663,1.33329e-06
35.0,0.0,205.26470623022263,1.398948e-06
35.0,0.0,205.2642791999124,1.431865e-06
35.0,0.0,205.2638712521897,1.44256e-06
35.0,0.0,205.26344057670144,1.382359e-06
35.0,0.0,205.2630173848092,1.440625e-06
35.0,0.0,205.26262961024943,1.41139e-06
35.0,0.0,205.2621899056972,1.426728e-06
35.0,0.0,205.26178515255205,1.397144e-06
35.0,0.0,205.26136767665733,1.376509e-06
35.0,0.0,205.26092403028255,1.390406e-06
35.0,0.0,205.2605199358786,1.398876e-06
35.0,0.0,205.26010993905004,1.433335e-06
35.0,0.0,205.25969467299387,1.395601e-06
35.0,0.0,205.25924896229873,1.377804e-06
35.0,0.0,205.25882497286256,1.307184e-06
35.0,0.0,205.25838498154843,1.235981e-06
35.0,0.0,205.2579772333968,1.459688e-06
35.0,0.0,205.25756193398783,1.314329e-06
35.0,0.0,205.25715449978813,1.46353e-06
35.0,0.0,205.25675296520745,1.416905e-06
35.0,0.0,205.25632228640728,1.23166e-06
35.0,0.0,205.2559143419965,1.342472e-06
35.0,0.0,205.25548531451213,1.329434e-06
35.0,0.0,205.2550752639804,1.343171e-06
35.0,0.0,205.25468200223196,1.354565e-06
35.0,0.0,205.25423730429387,1.38428e-06
35.0,0.0,205.25383856231207,1.395238e-06
35.0,0.0,205.25339756443267,1.352731e-06
35.0,0.0,205.2530121208154,1.41465e-06
35.0,0.0,205.25257732195723,1.393579e-06
35.0,0.0,205.25216176775996,1.389126e-06
35.0,0.0,205.25174236188937,1.410852e-06
35.0,0.0,205.2513344195884,1.453212e-06
35.0,0.0,205.2508968684835,1.501219e-06
35.0,0.0,205.2504503462679,1.446679e-06
35.0,0.0,205.2500648954361,1.471897e-06
35.0,0.0,205.2496418221995,1.455861e-06
35.0,0.0,205.24922604827205,1.437598e-06
35.0,0.0,205.24879514540396,1.364795e-06
35.0,0.0,205.24838335885715,1.421038e-06
35.0,0.0,205.24794542939517,1.429289e-06
35.0,0.0,205.24752331575064,1.42779e-06
35.0,0.0,205.2471355413481,1.451102e-06
35.0,0.0,205.24671999377736,1.478518e-06
35.0,0.0,205.24630562645964,1.482404e-06
35.0,0.0,205.2458820588276,1.518478e-06
35.0,0.0,205.245453142547,1.59131e-06
35.0,0.0,205.2450583637871,1.609078e-06
35.0,0.0,205.24464281397795,1.536144e-06
35.0,0.0,205.24420435760055,1.450884e-06
35.0,0.0,205.24380330089264,1.453678e-06
35.0,0.0,205.24337955574407,1.373788e-06
35.0,0.0,205.24298028691527,1.413617e-06
35.0,0.0,205.2425384138097,1.486565e-06
35.0,0.0,205.24212286894613,1.564345e-06
35.0,0.0,205.24173278625847,1.559907e-06
35.0,0.0,205.2413025874856,1.576118e-06
35.0,0.0,205.2408716829121,1.628592e-06
35.0,0.0,205.240463285806,1.575056e-06
35.0,0.0,205.24004513501205,1.513297e-06
35.0,0.0,205.23961387818508,1.555454e-06
35.0,0.0,205.23918598901128,1.624925e-06
35.0,0.0,205.2387621746056,1.655397e-06
35.0,0.0,205.23835422688296,1.69719e-06
35.0,0.0,205.2379235513947,1.760112e-06
35.0,0.0,205.2374971142125,1.65627e-06
35.0,0.0,205.23708493056776,1.457985e-06
35.0,0.0,205.23669436562145,1.419292e-06
35.0,0.0,205.23624843552088,1.412714e-06
35.0,0.0,205.23584974934215,1.5314e-06
35.0,0.0,205.23542570619432,1.564185e-06
35.0,0.0,205.23502223542656,1.610242e-06
35.0,0.0,205.2346029709039,1.60918e-06
35.0,0.0,205.23417442006092,1.595967e-06
35.0,0.0,205.2337714504453,1.63175e-06
35.0,0.0,205.23335674884896,1.614375e-06
35.0,0.0,205.23291875335056,1.640045e-06
35.0,0.0,205.232512507716,1.658147e-06
35.0,0.0,205.2320971194578,1.620865e-06
35.0,0.0,205.23168141920107,1.653461e-06
35.0,0.0,205.23123728406017,1.655149e-06
35.0,0.0,205.23085094192447,1.558161e-06
35.0,0.0,205.2304150490565,1.646171e-06
35.0,0.0,205.22996709600656,1.559936e-06
35.0,0.0,205.22958187915333,1.549328e-06
35.0,0.0,205.2291627396562,1.428052e-06
35.0,0.0,205.22874348064195,1.570937e-06
35.0,0.0,205.22832632129217,1.538909e-06
35.0,0.0,205.2279048624519,1.523935e-06
35.0,0.0,205.22747435580143,1.47456e-06
35.0,0.0,205.22706623924097,1.411492e-06
35.0,0.0,205.22665186469047,1.297434e-06
35.0,0.0,205.2262276274332,8.343777000000001e-07
35.0,0.0,205.2258283849338,4.537869e-07
35.0,0.0,205.2253953264187,6.182818e-07
35.0,0.0,205.22498044940417,4.892354e-07
35.0,0.0,205.2245651732892,6.686314e-07
35.0,0.0,205.22417768342447,1.123888e-06
35.0,0.0,205.2237558104264,1.334716e-06
35.0,0.0,205.22332448523863,1.355365e-06
35.0,0.0,205.2229007827156,1.383407e-06
35.0,0.0,205.2224885534542,1.401175e-06
35.0,0.0,205.2220637056714,1.674605e-06
35.0,0.0,205.2216857930617,1.75256e-06
35.0,0.0,205.22124097038096,1.428663e-06
35.0,0.0,205.22080884843007,1.433422e-06
35.0,0.0,205.2204011226883,1.40848e-06
35.0,0.0,205.2199702199011,1.496446e-06
35.0,0.0,205.21955333406987,1.510605e-06
35.0,0.0,205.2191383425954,1.542561e-06
35.0,0.0,205.21869529877807,1.540742e-06
35.0,0.0,205.21826956882393,1.536144e-06
35.0,0.0,205.21786139369868,1.506298e-06
35.0,0.0,205.21743094561296,1.493958e-06
35.0,0.0,205.2170272975071,1.514272e-06
35.0,0.0,205.21661811963315,1.514054e-06
35.0,0.0,205.2162050625034,1.477776e-06
35.0,0.0,205.21579915472233,1.422755e-06
35.0,0.0,205.2153578328672,1.316992e-06
35.0,0.0,205.21496030953048,1.539374e-06
35.0,0.0,205.2145414924604,1.303924e-06
35.0,0.0,205.21412168089785,1.537119e-06
35.0,0.0,205.21371236228632,1.539403e-06
35.0,0.0,205.2132883692712,1.58028e-06
35.0,0.0,205.21288912875764,1.544511e-06
35.0,0.0,205.21244353502664,1.59489e-06
35.0,0.0,205.2120413908223,1.609384e-06
35.0,0.0,205.21163322020516,1.737717e-06
35.0,0.0,205.211217679261,1.752516e-06
35.0,0.0,205.2107694177409,1.714725e-06
35.0,0.0,205.21034542163463,1.775799e-06
35.0,0.0,205.20994643230708,1.857814e-06
35.0,0.0,205.20952293957873,1.8336e-06
35.0,0.0,205.20908549613063,1.815759e-06
35.0,0.0,205.20867570515455,1.833134e-06
35.0,0.0,205.2082720114266,1.825261e-06
35.0,0.0,205.2078413349188,1.819033e-06
35.0,0.0,205.20741623087153,1.740365e-06
35.0,0.0,205.20700915459273,1.635475e-06
35.0,0.0,205.20659388495983,1.591499e-06
35.0,0.0,205.20620638721445,1.591994e-06
35.0,0.0,205.20575951020993,1.633205e-06
35.0,0.0,205.20533814018168,1.67801e-06
35.0,0.0,205.20493702588607,1.625231e-06
35.0,0.0,205.2044897582813,1.701017e-06
35.0,0.0,205.20408929272577,1.724402e-06
35.0,0.0,205.2036867195918,1.733308e-06
35.0,0.0,205.20326277692607,1.635402e-06
35.0,0.0,205.20285506202768,1.706328e-06
35.0,0.0,205.20242415803423,1.651948e-06
35.0,0.0,205.2020200765467,1.554159e-06
35.0,0.0,205.20160954424043,1.273045e-06
35.0,0.0,205.2011662181557,1.241453e-06
35.0,0.0,205.20076508655865,1.078428e-06
35.0,0.0,205.2003491140496,6.124901e-07
35.0,0.0,205.19990692508856,3.773894e-07
35.0,0.0,205.19947680523444,2.58573e-07
35.0,0.0,205.19906153993423,1.9435540000000002e-07
35.0,0.0,205.19863785921365,1.4767280000000002e-07
35.0,0.0,205.19823040265177,4.896428000000001e-07
35.0,0.0,205.19780615949327,1.269625e-06
35.0,0.0,205.19736810570927,1.559762e-06
35.0,0.0,205.1969603853892,1.729699e-06
35.0,0.0,205.19654131210328,1.877212e-06
35.0,0.0,205.19613594442328,1.619221e-06
35.0,0.0,205.19573563284143,1.725188e-06
35.0,0.0,205.1953051845252,1.746055e-06
35.0,0.0,205.1948972368025,1.696142e-06
35.0,0.0,205.194466566553,1.686567e-06
35.0,0.0,205.19406697515015,1.789711e-06
35.0,0.0,205.19366192692112,1.727982e-06
35.0,0.0,205.19321976839967,1.71439e-06
35.0,0.0,205.19283454844268,1.662993e-06
35.0,0.0,205.1923962597934,1.649882e-06
35.0,0.0,205.1919523099996,1.681386e-06
35.0,0.0,205.19157377464637,1.698296e-06
35.0,0.0,205.19114114587535,1.673121e-06
35.0,0.0,205.1907254949306,1.678447e-06
35.0,0.0,205.19029481793893,1.679116e-06
35.0,0.0,205.1898731716751,1.596782e-06
35.0,0.0,205.18945596341783,1.654829e-06
35.0,0.0,205.1890359124576,1.566019e-06
35.0,0.0,205.18861666342087,1.559631e-06
35.0,0.0,205.1882070872292,1.589025e-06
35.0,0.0,205.18778308963596,1.528606e-06
35.0,0.0,205.18734713996787,1.304565e-06
35.0,0.0,205.1869391895964,1.304245e-06
35.0,0.0,205.18651596742575,1.370674e-06
35.0,0.0,205.18612847739283,1.492372e-06
35.0,0.0,205.1857132011334,1.500564e-06
35.0,0.0,205.18530032703083,1.525186e-06
35.0,0.0,205.18487649795108,1.536144e-06
35.0,0.0,205.18444825698424,1.55266e-06
35.0,0.0,205.18405185129055,1.549764e-06
35.0,0.0,205.18362067672504,1.553301e-06
35.0,0.0,205.18319948221725,1.504231e-06
35.0,0.0,205.1827979379594,1.428751e-06
35.0,0.0,205.18236017679857,1.365974e-06
35.0,0.0,205.1819330886279,1.336084e-06
35.0,0.0,205.18153106529007,1.285531e-06
35.0,0.0,205.1811155206213,1.285414e-06
35.0,0.0,205.1807024791574,1.26817e-06
35.0,0.0,205.1802965788285,1.320688e-06
35.0,0.0,205.17985449312724,1.274922e-06
35.0,0.0,205.17943075025553,1.273584e-06
35.0,0.0,205.1789825074021,1.282184e-06
35.0,0.0,205.17858276422527,1.353706e-06
35.0,0.0,205.17817946991943,1.399065e-06
35.0,0.0,205.17775684983883,1.379289e-06
35.0,0.0,205.17731128958368,1.347231e-06
35.0,0.0,205.17691254468127,1.28815e-06
35.0,0.0,205.17648880628357,1.235065e-06
35.0,0.0,205.1760793760144,1.302164e-06
35.0,0.0,205.1756595231521,1.395631e-06
35.0,0.0,205.17524052540088,1.420107e-06
35.0,0.0,205.17484358584605,1.295717e-06
35.0,0.0,205.17440190218997,1.41091e-06
35.0,0.0,205.17401623195525,1.475404e-06
35.0,0.0,205.17358206986293,1.428009e-06
35.0,0.0,205.173172614382,1.410459e-06
35.0,0.0,205.17276920168896,1.364155e-06
35.0,0.0,205.17233875902497,1.383698e-06
35.0,0.0,205.17191365880004,1.374108e-06
35.0,0.0,205.17150543713413,1.368331e-06
35.0,0.0,205.17107890658363,1.379944e-06
35.0,0.0,205.17064740391868,1.543769e-06
35.0,0.0,205.17023106451737,1.376582e-06
35.0,0.0,205.16982289269083,1.433e-06
35.0,0.0,205.16939221753023,1.466367e-06
35.0,0.0,205.168960192225,1.531953e-06
35.0,0.0,205.16855359441007,1.500463e-06
35.0,0.0,205.16815551002543,1.559092e-06
35.0,0.0,205.16771190450805,1.473119e-06
35.0,0.0,205.16729956076972,1.530905e-06
35.0,0.0,205.16689073459287,1.508321e-06
35.0,0.0,205.1664470758094,1.570079e-06
35.0,0.0,205.16604999844247,1.595021e-06
35.0,0.0,205.1656511443276,1.732973e-06
35.0,0.0,205.1652450133912,1.785113e-06
35.0,0.0,205.16481251889832,1.797423e-06
35.0,0.0,205.16438162142916,1.798529e-06
35.0,0.0,205.16397390110907,1.776192e-06
35.0,0.0,205.16355838727168,1.752778e-06
35.0,0.0,205.16312614494365,1.487657e-06
35.0,0.0,205.16274777397263,1.465232e-06
35.0,0.0,205.16230357018344,1.726163e-06
35.0,0.0,205.16189548128975,1.75336e-06
35.0,0.0,205.16148121175567,1.82529e-06
35.0,0.0,205.16103816377344,1.850814e-06
35.0,0.0,205.1606414538232,1.913417e-06
35.0,0.0,205.16023436247136,1.890716e-06
35.0,0.0,205.1598026086313,1.960536e-06
35.0,0.0,205.1593611259248,1.842724e-06
35.0,0.0,205.15893688185693,1.819732e-06
35.0,0.0,205.15853217167935,1.77593e-06
35.0,0.0,205.15810210814007,1.879685e-06
35.0,0.0,205.1576868385072,1.819062e-06
35.0,0.0,205.1572631016226,1.870343e-06
35.0,0.0,205.15685515672263,1.872337e-06
35.0,0.0,205.15642447841165,1.863795e-06
35.0,0.0,205.15602068385692,1.853696e-06
35.0,0.0,205.15561021903147,1.821667e-06
35.0,0.0,205.15517791187852,1.853332e-06
35.0,0.0,205.15477446062212,1.888373e-06
35.0,0.0,205.1543507159313,1.885055e-06
35.0,0.0,205.15395197665495,2.088025e-06
35.0,0.0,205.1535063702908,1.894397e-06
35.0,0.0,205.15310424364887,2.003319e-06
35.0,0.0,205.15270305366343,1.876688e-06
35.0,0.0,205.1522763685047,1.878274e-06
35.0,0.0,205.1518681988012,2.004424e-06
35.0,0.0,205.15143730511875,2.011904e-06
35.0,0.0,205.15101336943087,2.117959e-06
35.0,0.0,205.15058603701908,2.213652e-06
35.0,0.0,205.15018704724923,2.156899e-06
35.0,0.0,205.14976305929008,2.216286e-06
35.0,0.0,205.14932846981156,2.403292e-06
35.0,0.0,205.1488977943233,2.289657e-06
35.0,0.0,205.14849157587096,2.238914e-06
35.0,0.0,205.14807787357293,2.168468e-06
35.0,0.0,205.147668846149,2.152039e-06
35.0,0.0,205.14726578056727,2.191402e-06
35.0,0.0,205.14683509989544,2.186687e-06
35.0,0.0,205.1464103100998,2.22736e-06
35.0,0.0,205.1460012501975,2.229761e-06
35.0,0.0,205.14557488582443,2.175584e-06
35.0,0.0,205.14515763609973,2.166387e-06
35.0,0.0,205.14475190277344,2.080778e-06
35.0,0.0,205.14432790624932,2.040237e-06
35.0,0.0,205.1439289124752,2.08251e-06
35.0,0.0,205.1434810266992,2.101515e-06
35.0,0.0,205.14306575706627,2.111861e-06
35.0,0.0,205.1426782593209,2.118584e-06
35.0,0.0,205.14225585967208,2.130721e-06
35.0,0.0,205.14182541549965,2.124449e-06
35.0,0.0,205.14141724380465,2.157278e-06
35.0,0.0,205.14098942215492,2.172863e-06
35.0,0.0,205.1405639847672,2.188142e-06
35.0,0.0,205.14018664916668,2.095752e-06
35.0,0.0,205.13974149577896,2.098634e-06
35.0,0.0,205.13930909323932,2.055327e-06
35.0,0.0,205.1388784198456,2.081113e-06
35.0,0.0,205.13844477296564,2.080225e-06
35.0,0.0,205.1380395699382,2.06563e-06
35.0,0.0,205.13763837482648,1.995271e-06
35.0,0.0,205.13719504874172,1.997396e-06
35.0,0.0,205.13678692154576,2.129789e-06
35.0,0.0,205.13636164638797,2.074914e-06
35.0,0.0,205.1359761912,2.028726e-06
35.0,0.0,205.13553341941264,2.012937e-06
35.0,0.0,205.13512833250567,2.00166e-06
35.0,0.0,205.13472895418633,2.014101e-06
35.0,0.0,205.1343130026241,2.041706e-06
35.0,0.0,205.1338816100859,1.978682e-06
35.0,0.0,205.13343989497727,2.007917e-06
35.0,0.0,205.1330588705668,2.008688e-06
35.0,0.0,205.13262486458584,1.950466e-06
35.0,0.0,205.13223407275572,1.964276e-06
35.0,0.0,205.13180422188455,1.979934e-06
35.0,0.0,205.13137377057248,1.974608e-06
35.0,0.0,205.13094575741889,2.100598e-06
35.0,0.0,205.1305479637979,2.103494e-06
35.0,0.0,205.13013269223103,2.089946e-06
35.0,0.0,205.12969292961665,2.088069e-06
35.0,0.0,205.1292689415172,2.127417e-06
35.0,0.0,205.12884579130863,2.065091e-06
35.0,0.0,205.12842586968404,2.055618e-06
35.0,0.0,205.12799940397596,1.982393e-06
35.0,0.0,205.12759796816795,1.914028e-06
35.0,0.0,205.12719608734855,1.921318e-06
35.0,0.0,205.12678749203243,2.005429e-06
35.0,0.0,205.12635124279583,1.925859e-06
35.0,0.0,205.12595431856957,1.890876e-06
35.0,0.0,205.12553389706576,1.810782e-06
35.0,0.0,205.1250983637871,1.831344e-06
35.0,0.0,205.1247176514716,1.862834e-06
35.0,0.0,205.12426963886443,1.726192e-06
35.0,0.0,205.12384565235425,1.83392e-06
35.0,0.0,205.1234471522519,1.774592e-06
35.0,0.0,205.12300147246307,1.705557e-06
35.0,0.0,205.12258628321257,1.620312e-06
35.0,0.0,205.12219851485793,1.695327e-06
35.0,0.0,205.12177220499663,1.701977e-06
35.0,0.0,205.1213522353665,1.703622e-06
35.0,0.0,205.12093267217537,1.705848e-06
35.0,0.0,205.1205080018617,1.727749e-06
35.0,0.0,205.12006494796296,1.791836e-06
35.0,0.0,205.11968221127316,1.858134e-06
35.0,0.0,205.11925846840143,1.761029e-06
35.0,0.0,205.1188247643668,1.774228e-06
35.0,0.0,205.11841073694544,1.765948e-06
35.0,0.0,205.11796295016651,1.81621e-06
35.0,0.0,205.11754500902907,1.805005e-06
35.0,0.0,205.11715778259497,1.724766e-06
35.0,0.0,205.11673956122655,1.806897e-06
35.0,0.0,205.11629202411984,1.819411e-06
35.0,0.0,205.1159004797207,1.88066e-06
35.0,0.0,205.11547024071007,1.759981e-06
35.0,0.0,205.11508116311924,1.775916e-06
35.0,0.0,205.1146463033956,1.74655e-06
35.0,0.0,205.1142644345262,1.755601e-06
35.0,0.0,205.11382307612195,1.755456e-06
35.0,0.0,205.11338302207545,1.737921e-06
35.0,0.0,205.11299781197232,1.659384e-06
35.0,0.0,205.11255983224768,1.765075e-06
35.0,0.0,205.11215260433207,1.990149e-06
35.0,0.0,205.11175123717544,1.842054e-06
35.0,0.0,205.11132055904577,1.768552e-06
35.0,0.0,205.11088087966695,1.544468e-06
35.0,0.0,205.11045713211007,1.654174e-06
35.0,0.0,205.1100510437364,1.62104e-06
35.0,0.0,205.1096248839876,1.627952e-06
35.0,0.0,205.10920933641688,1.596403e-06
35.0,0.0,205.1087812899139,1.603854e-06
35.0,0.0,205.1083731150206,1.564433e-06
35.0,0.0,205.107942435614,1.656226e-06
35.0,0.0,205.10751992893128,1.606386e-06
35.0,0.0,205.10713244735004,1.663997e-06
35.0,0.0,205.10671717578964,1.635213e-06
35.0,0.0,205.1062874587916,1.680382e-06
35.0,0.0,205.1058795117852,1.660315e-06
35.0,0.0,205.1054459734068,1.589215e-06
35.0,0.0,205.10504043712,1.543056e-06
35.0,0.0,205.1046234858381,1.511755e-06
35.0,0.0,205.10420181390904,1.616092e-06
35.0,0.0,205.10380025268256,1.633729e-06
35.0,0.0,205.1033627388801,1.586843e-06
35.0,0.0,205.10295501600623,1.601322e-06
35.0,0.0,205.102535311465,1.688109e-06
35.0,0.0,205.10211975726767,1.68226e-06
35.0,0.0,205.1017304495756,1.633394e-06
35.0,0.0,205.1013000437389,1.390988e-06
35.0,0.0,205.10085905914076,1.385342e-06
35.0,0.0,205.10046032212895,1.483582e-06
35.0,0.0,205.10001591406916,1.435226e-06
35.0,0.0,205.09960036758287,1.422537e-06
35.0,0.0,205.09918883896944,1.429187e-06
35.0,0.0,205.0987839559194,1.44371e-06
35.0,0.0,205.09834085804047,1.423192e-06
35.0,0.0,205.0979168590615,1.395165e-06
35.0,0.0,205.09746905468353,1.366046e-06
35.0,0.0,205.0970793102712,1.369874e-06
35.0,0.0,205.09666376270044,1.403547e-06
35.0,0.0,205.09624399410552,1.400258e-06
35.0,0.0,205.09583604879117,1.343695e-06
35.0,0.0,205.09541138188737,1.392604e-06
35.0,0.0,205.09500296210672,1.364024e-06
35.0,0.0,205.09460117636448,1.366294e-06
35.0,0.0,205.0941999234172,1.374705e-06
35.0,0.0,205.09375343752376,1.319873e-06
35.0,0.0,205.0933294479809,1.350258e-06
35.0,0.0,205.09293045805387,1.262393e-06
35.0,0.0,205.09248246067057,1.306296e-06
35.0,0.0,205.09209542658337,1.190929e-06
35.0,0.0,205.09167914404327,1.142573e-06
35.0,0.0,205.09125635137727,1.236447e-06
35.0,0.0,205.09082567588905,1.175227e-06
35.0,0.0,205.09041773358808,1.249369e-06
35.0,0.0,205.08998973151247,1.209803e-06
35.0,0.0,205.08954668297503,1.288179e-06
35.0,0.0,205.08913113789228,1.205626e-06
35.0,0.0,205.08873898809136,1.195556e-06
35.0,0.0,205.08830967057833,1.187262e-06
35.0,0.0,205.08787890878705,1.206034e-06
35.0,0.0,205.08747118846696,1.158725e-06
35.0,0.0,205.0870550718043,1.188673e-06
35.0,0.0,205.08663279265855,1.185545e-06
35.0,0.0,205.086224835393,1.192035e-06
35.0,0.0,205.08583007479623,1.245891e-06
35.0,0.0,205.0854091768932,1.192573e-06
35.0,0.0,205.0849787301675,1.201959e-06
35.0,0.0,205.0845696494936,1.214386e-06
35.0,0.0,205.08415511998663,1.184817e-06
35.0,0.0,205.08373137281805,1.184439e-06
35.0,0.0,205.0833001233918,1.197986e-06
35.0,0.0,205.08289233171135,1.152919e-06
35.0,0.0,205.08246172787128,1.079621e-06
35.0,0.0,205.08206141385529,1.111548e-06
35.0,0.0,205.0816557393898,1.173685e-06
35.0,0.0,205.0812141725496,1.13016e-06
35.0,0.0,205.08082098525068,1.115041e-06
35.0,0.0,205.08039153057788,9.577489000000003e-07
35.0,0.0,205.0799458627404,9.462819e-07
35.0,0.0,205.0795238341973,1.1144e-06
35.0,0.0,205.07913634970495,1.147811e-06
35.0,0.0,205.07872080213428,1.155713e-06
35.0,0.0,205.07829088991087,1.239576e-06
35.0,0.0,205.07784824126813,1.218184e-06
35.0,0.0,205.07741166358713,1.11619e-06
35.0,0.0,205.07702475436068,1.090957e-06
35.0,0.0,205.0766120541204,1.066801e-06
35.0,0.0,205.07619918894687,1.060631e-06
35.0,0.0,205.07577320647917,1.08016e-06
35.0,0.0,205.07535336184245,1.155451e-06
35.0,0.0,205.0749345832682,1.162131e-06
35.0,0.0,205.07453204936664,1.155189e-06
35.0,0.0,205.07412311872028,1.211592e-06
35.0,0.0,205.0736843194437,1.159642e-06
35.0,0.0,205.07329631096812,1.170658e-06
35.0,0.0,205.07286182833275,1.173757e-06
35.0,0.0,205.07246309202128,1.184584e-06
35.0,0.0,205.0720184427927,1.169596e-06
35.0,0.0,205.07160261728416,1.244654e-06
35.0,0.0,205.07118734202288,1.184817e-06
35.0,0.0,205.07078135047928,1.261797e-06
35.0,0.0,205.0703553430678,1.240027e-06
35.0,0.0,205.06991938407404,1.23473e-06
35.0,0.0,205.06947116362767,1.156077e-06
35.0,0.0,205.0690823871593,1.120396e-06
35.0,0.0,205.0686668462152,1.115055e-06
35.0,0.0,205.06824674437163,1.168519e-06
35.0,0.0,205.0678385692464,1.150271e-06
35.0,0.0,205.06740789230275,1.145643e-06
35.0,0.0,205.06697798909036,1.23684e-06
35.0,0.0,205.06659049805077,1.171167e-06
35.0,0.0,205.06616132282448,1.287306e-06
35.0,0.0,205.06575596776145,1.22856e-06
35.0,0.0,205.0653322222224,1.093678e-06
35.0,0.0,205.0649332272459,1.109147e-06
35.0,0.0,205.06448525962097,1.180713e-06
35.0,0.0,205.0640981769882,1.219159e-06
35.0,0.0,205.06368250549576,1.228953e-06
35.0,0.0,205.0632593243687,1.205495e-06
35.0,0.0,205.06282819875256,1.268432e-06
35.0,0.0,205.0624200236273,1.175446e-06
35.0,0.0,205.06199198082328,1.177119e-06
35.0,0.0,205.0615807150796,1.196691e-06
35.0,0.0,205.06116754603937,1.247361e-06
35.0,0.0,205.06074355395228,1.150183e-06
35.0,0.0,205.06034456508775,1.109744e-06
35.0,0.0,205.05990279114505,1.130349e-06
35.0,0.0,205.05947234703007,1.008317e-06
35.0,0.0,205.0590562095854,1.139808e-06
35.0,0.0,205.05863326889897,1.180349e-06
35.0,0.0,205.0582253532947,1.216977e-06
35.0,0.0,205.057794645688,1.090608e-06
35.0,0.0,205.0573642000052,1.147899e-06
35.0,0.0,205.05695602748727,1.146866e-06
35.0,0.0,205.05653625756727,1.121458e-06
35.0,0.0,205.05613139162213,1.101507e-06
35.0,0.0,205.0557321847308,1.103064e-06
35.0,0.0,205.05528390960947,1.104796e-06
35.0,0.0,205.05489332869553,1.165899e-06
35.0,0.0,205.05446142446243,1.124383e-06
35.0,0.0,205.05405448350373,1.216671e-06
35.0,0.0,205.0536293767636,1.283683e-06
35.0,0.0,205.05321495202443,1.114226e-06
35.0,0.0,205.05280768516752,1.077598e-06
35.0,0.0,205.05237700967925,1.120556e-06
35.0,0.0,205.0519692893592,1.13534e-06
35.0,0.0,205.05155247729644,1.161286e-06
35.0,0.0,205.05112073821516,1.226974e-06
35.0,0.0,205.05069930900936,1.205655e-06
35.0,0.0,205.0502982488516,1.20484e-06
35.0,0.0,205.04986091806555,1.13195e-06
35.0,0.0,205.04943046997985,1.158784e-06
35.0,0.0,205.04900530452463,1.13633e-06
35.0,0.0,205.048617535468,1.101667e-06
35.0,0.0,205.0481787931409,1.119683e-06
35.0,0.0,205.0477547952642,1.022083e-06
35.0,0.0,205.04735580596596,1.00772e-06
35.0,0.0,205.0469130126064,9.974174e-07
35.0,0.0,205.04650781681528,1.119857e-06
35.0,0.0,205.04609592228056,1.038061e-06
35.0,0.0,205.0457087090996,1.081673e-06
35.0,0.0,205.04528099565744,1.088236e-06
35.0,0.0,205.0448503201692,1.215332e-06
35.0,0.0,205.04444214504392,1.093096e-06
35.0,0.0,205.04401929617836,1.02495e-06
35.0,0.0,205.0436030696721,1.05612e-06
35.0,0.0,205.04319213194847,1.182882e-06
35.0,0.0,205.04276839918512,1.120949e-06
35.0,0.0,205.04234574632048,1.140623e-06
35.0,0.0,205.0419260534302,1.017441e-06
35.0,0.0,205.04150018443127,1.261898e-06
35.0,0.0,205.04109867350937,1.163222e-06
35.0,0.0,205.040696867804,1.18652e-06
35.0,0.0,205.0402708525662,1.157168e-06
35.0,0.0,205.0398509956408,1.241147e-06
35.0,0.0,205.03942745303624,1.176159e-06
35.0,0.0,205.03897884918172,1.170047e-06
35.0,0.0,205.03856357954888,1.147098e-06
35.0,0.0,205.03814830532227,1.143693e-06
35.0,0.0,205.03775165546787,1.166147e-06
35.0,0.0,205.0373231758539,1.230466e-06
35.0,0.0,205.03689916551227,1.214445e-06
35.0,0.0,205.03648640359296,1.249427e-06
35.0,0.0,205.0360430714862,1.304055e-06
35.0,0.0,205.0356627726396,1.201406e-06
35.0,0.0,205.0352390297679,1.113978e-06
35.0,0.0,205.03482128595033,1.172652e-06
35.0,0.0,205.03439913487227,1.20551e-06
35.0,0.0,205.03396900110369,1.213368e-06
35.0,0.0,205.03357951676728,1.230088e-06
35.0,0.0,205.0331639691966,1.166874e-06
35.0,0.0,205.03276360410004,1.233551e-06
35.0,0.0,205.03232233421372,1.245571e-06
35.0,0.0,205.031898593664,1.195353e-06
35.0,0.0,205.0314538334612,1.200038e-06
35.0,0.0,205.03105900870463,1.391629e-06
35.0,0.0,205.03064402363609,1.315711e-06
35.0,0.0,205.03022829349473,1.337277e-06
35.0,0.0,205.029779629162,1.312597e-06
35.0,0.0,205.02938064270717,1.440232e-06
35.0,0.0,205.028956649692,1.242894e-06
35.0,0.0,205.02851129029477,1.273031e-06
35.0,0.0,205.02812351163695,1.268199e-06
35.0,0.0,205.0277079680028,1.223307e-06
35.0,0.0,205.0272803893084,1.233391e-06
35.0,0.0,205.02687267120749,1.340304e-06
35.0,0.0,205.02644177079847,1.27322e-06
35.0,0.0,205.02603970035256,1.26558e-06
35.0,0.0,205.0256310664525,1.125271e-06
35.0,0.0,205.02521672088264,1.195993e-06
35.0,0.0,205.0248092984208,1.250824e-06
35.0,0.0,205.02436873231736,1.298555e-06
35.0,0.0,205.02397066988203,1.31756e-06
35.0,0.0,205.02355444448696,1.327819e-06
35.0,0.0,205.02311139634,1.32386e-06
35.0,0.0,205.0227239052502,1.327659e-06
35.0,0.0,205.0222932028645,1.325403e-06
35.0,0.0,205.02186229849448,1.446519e-06
35.0,0.0,205.02145435077185,1.438442e-06
35.0,0.0,205.02103421941896,1.34483e-06
35.0,0.0,205.02061573298255,1.314038e-06
35.0,0.0,205.02023028031573,1.332432e-06
35.0,0.0,205.01978182058636,1.3307e-06
35.0,0.0,205.0193462068808,1.263732e-06
35.0,0.0,205.01891530398993,1.262772e-06
35.0,0.0,205.01851059708588,1.188382e-06
35.0,0.0,205.0180990057953,1.282926e-06
35.0,0.0,205.0176837023732,1.280903e-06
35.0,0.0,205.01725221255327,1.359178e-06
35.0,0.0,205.01684336090068,1.315377e-06
35.0,0.0,205.0164014741515,1.42619e-06
35.0,0.0,205.01601625872135,1.379696e-06
35.0,0.0,205.015582102578,1.403445e-06
35.0,0.0,205.0151723936821,1.407199e-06
35.0,0.0,205.01476946031576,1.385488e-06
35.0,0.0,205.0143387857917,1.304972e-06
35.0,0.0,205.01393943205304,1.285531e-06
35.0,0.0,205.0134924607061,1.311331e-06
35.0,0.0,205.0131038363548,1.27744e-06
35.0,0.0,205.01268969379063,1.270964e-06
35.0,0.0,205.012265442297,1.270455e-06
35.0,0.0,205.0118572680488,1.29643e-06
35.0,0.0,205.01142411736623,1.243068e-06
35.0,0.0,205.01098682077176,1.251436e-06
35.0,0.0,205.01057127476767,1.235516e-06
35.0,0.0,205.01016265612975,1.166351e-06
35.0,0.0,205.00976037556967,1.065913e-06
35.0,0.0,205.00931541904245,9.763753e-07
35.0,0.0,205.00889142602733,1.045017e-06
35.0,0.0,205.00849123832867,1.16833e-06
35.0,0.0,205.0080655166592,1.133041e-06
35.0,0.0,205.0076327219056,1.13131e-06
35.0,0.0,205.00725331233593,1.143519e-06
35.0,0.0,205.0068102347252,1.222113e-06
35.0,0.0,205.0063804114514,1.167515e-06
35.0,0.0,205.00598775161143,1.14883e-06
35.0,0.0,205.00556008034127,1.13454e-06
35.0,0.0,205.0051728829464,1.212189e-06
35.0,0.0,205.00472960145137,1.244262e-06
35.0,0.0,205.00433405154467,1.165812e-06
35.0,0.0,205.0039068661609,1.19202e-06
35.0,0.0,205.0034831232892,1.155233e-06
35.0,0.0,205.0030671903532,1.241948e-06
35.0,0.0,205.00266770721973,1.203298e-06
35.0,0.0,205.00222444303623,1.216278e-06
35.0,0.0,205.0018236697316,1.10791e-06
35.0,0.0,205.00139763385815,1.09784e-06
35.0,0.0,205.0009676250872,1.13601e-06
35.0,0.0,205.0005776755989,1.168766e-06
35.0,0.0,205.00014861648475,1.160966e-06
35.0,0.0,204.99973160180693,1.080611e-06
35.0,0.0,204.99928377324045,1.097986e-06
35.0,0.0,204.99888477625993,1.113425e-06
35.0,0.0,204.99846078324484,1.092689e-06
35.0,0.0,204.9980164333544,1.079796e-06
35.0,0.0,204.9976008924102,1.07188e-06
35.0,0.0,204.99720236504973,1.031731e-06
35.0,0.0,204.996778622178,1.044478e-06
35.0,0.0,204.99635386259027,1.055858e-06
35.0,0.0,204.99593444191015,9.375071e-07
35.0,0.0,204.995531898479,1.080189e-06
35.0,0.0,204.9951229525751,1.074703e-06
35.0,0.0,204.99469992551647,1.015665e-06
35.0,0.0,204.9942987025616,9.687501e-07
35.0,0.0,204.99386086941487,1.082095e-06
35.0,0.0,204.99345315156992,1.081644e-06
35.0,0.0,204.99303330453944,1.071196e-06
35.0,0.0,204.9926287316711,1.081775e-06
35.0,0.0,204.99222954112767,1.140346e-06
35.0,0.0,204.9917875495984,1.09816e-06
35.0,0.0,204.99135688631432,9.348296e-07
35.0,0.0,204.99093006821937,1.00171e-06
35.0,0.0,204.99052759944337,1.049149e-06
35.0,0.0,204.99009859355343,1.043984e-06
35.0,0.0,204.98966928166357,9.086361000000001e-07
35.0,0.0,204.9892754753203,9.016949000000001e-07
35.0,0.0,204.98883916580547,1.059045e-06
35.0,0.0,204.98841542293377,1.01747e-06
35.0,0.0,204.98801266402288,1.028631e-06
35.0,0.0,204.98757798977732,1.047461e-06
35.0,0.0,204.98716271624775,1.084685e-06
35.0,0.0,204.98676287704907,1.042717e-06
35.0,0.0,204.98633432536673,1.039574e-06
35.0,0.0,204.98593560470337,1.063541e-06
35.0,0.0,204.98551186183164,1.142122e-06
35.0,0.0,204.98510056296067,1.124266e-06
35.0,0.0,204.98468570299784,1.062057e-06
35.0,0.0,204.98426194055085,1.164968e-06
35.0,0.0,204.98383787635456,1.101362e-06
35.0,0.0,204.9834309416489,1.007065e-06
35.0,0.0,204.98298300345851,1.078064e-06
35.0,0.0,204.98259523440188,1.066597e-06
35.0,0.0,204.9821794143116,1.039574e-06
35.0,0.0,204.98175680020643,1.08828e-06
35.0,0.0,204.981348165544,1.089182e-06
35.0,0.0,204.9809065778628,1.042135e-06
35.0,0.0,204.9804761269722,9.922223e-07
35.0,0.0,204.98008836092032,1.114677e-06
35.0,0.0,204.9796730844083,9.861105000000002e-07
35.0,0.0,204.97922953621833,9.099604000000002e-07
35.0,0.0,204.978805543095,1.007851e-06
35.0,0.0,204.97841036140713,1.056731e-06
35.0,0.0,204.97797084391607,9.753130000000002e-07
35.0,0.0,204.97754685090104,9.929499e-07
35.0,0.0,204.97713237655833,1.025997e-06
35.0,0.0,204.9767242952803,8.101633e-07
35.0,0.0,204.97629374792567,8.776114999999999e-07
35.0,0.0,204.97588602760555,9.283103000000001e-07
35.0,0.0,204.97546597866952,8.078932e-07
35.0,0.0,204.97505843124912,9.840005000000001e-07
35.0,0.0,204.97463364814485,1.009525e-06
35.0,0.0,204.97421935492,9.167270000000001e-07
35.0,0.0,204.97381979585305,9.404321000000001e-07
35.0,0.0,204.9733805044289,9.583600000000002e-07
35.0,0.0,204.97297244378277,9.522482000000001e-07
35.0,0.0,204.9725614216665,8.632778000000001e-07
35.0,0.0,204.9721453881293,9.663927000000002e-07
35.0,0.0,204.97173868604963,8.352072e-07
35.0,0.0,204.9713067666448,1.064982e-06
35.0,0.0,204.970875863754,9.610521000000003e-07
35.0,0.0,204.97044196284168,8.148636000000001e-07
35.0,0.0,204.97002850598457,8.761272e-07
35.0,0.0,204.96962169533012,8.751231e-07
35.0,0.0,204.96920642569725,9.629148e-07
35.0,0.0,204.96875929470608,9.036157000000001e-07
35.0,0.0,204.9683602971416,1.182474e-06
35.0,0.0,204.9679363041265,9.466894000000001e-07
35.0,0.0,204.96753187847503,7.348426000000001e-07
35.0,0.0,204.96711590073156,9.980577e-07
35.0,0.0,204.96668188238905,9.767973e-07
35.0,0.0,204.96629643502936,8.586212e-07
35.0,0.0,204.965854838332,1.193708e-06
35.0,0.0,204.96545609295927,1.326043e-06
35.0,0.0,204.96501066603653,1.041044e-06
35.0,0.0,204.96461397859707,9.751966000000002e-07
35.0,0.0,204.9642220404792,1.230816e-06
35.0,0.0,204.9637735977748,1.138324e-06
35.0,0.0,204.9633707117268,1.243883e-06
35.0,0.0,204.9629508576798,1.203589e-06
35.0,0.0,204.9625054049196,1.099572e-06
35.0,0.0,204.9621036280436,1.249675e-06
35.0,0.0,204.96169302326584,1.203109e-06
35.0,0.0,204.96126928039408,1.1706e-06
35.0,0.0,204.9608705381188,1.369393e-06
35.0,0.0,204.96042640525675,1.130582e-06
35.0,0.0,204.96000006390648,8.879724e-07
35.0,0.0,204.95961228822327,1.041743e-06
35.0,0.0,204.95919511938345,1.090651e-06
35.0,0.0,204.95876010511935,8.686911e-07
35.0,0.0,204.95832920539036,1.030756e-06
35.0,0.0,204.95790469615648,1.110719e-06
35.0,0.0,204.95749404773983,1.26024e-06
35.0,0.0,204.95705072165504,1.213266e-06
35.0,0.0,204.9566515064232,1.31088e-06
35.0,0.0,204.95625681871,1.233173e-06
35.0,0.0,204.95583725212333,1.204506e-06
35.0,0.0,204.95541096405168,1.193825e-06
35.0,0.0,204.95498671645697,1.167849e-06
35.0,0.0,204.95458822702608,1.126638e-06
35.0,0.0,204.9541580349299,1.203356e-06
40.0,0.0,205.577975,2.255572e-05
40.0,0.0,205.577975,-1.942404e-06
40.0,0.0,205.577975,-9.722862000000001e-07
40.0,0.0,205.5779315814432,-3.7295100000000004e-07
40.0,0.0,205.57778016439937,7.71106e-08
40.0,0.0,205.5775903395808,4.151079e-07
40.0,0.0,205.57735419399285,6.788323e-07
40.0,0.0,205.5770804207882,6.800401e-07
40.0,0.0,205.57679777321573,6.288174e-07
40.0,0.0,205.57644192648152,5.846232000000001e-07
40.0,0.0,205.57604359047363,8.674979e-07
40.0,0.0,205.57562303793165,9.914802000000001e-07
40.0,0.0,205.575237590572,1.028646e-06
40.0,0.0,205.57482097969793,1.054665e-06
40.0,0.0,205.57439863246145,1.114502e-06
40.0,0.0,205.57396752851173,1.185894e-06
40.0,0.0,205.573550366946,1.238572e-06
40.0,0.0,205.57312864167585,1.220251e-06
40.0,0.0,205.5727431884525,1.241089e-06
40.0,0.0,205.57229629533748,1.154564e-06
40.0,0.0,205.571888790262,1.125387e-06
40.0,0.0,205.57147357270532,1.303692e-06
40.0,0.0,205.57105780800725,1.250373e-06
40.0,0.0,205.5706255438708,1.162683e-06
40.0,0.0,205.5701993102488,1.247638e-06
40.0,0.0,205.5697733333305,1.318898e-06
40.0,0.0,205.5693792734565,1.262903e-06
40.0,0.0,205.5689324228996,1.189299e-06
40.0,0.0,205.5685192740885,1.263528e-06
40.0,0.0,205.56810707938052,1.153705e-06
40.0,0.0,205.5677213449381,1.151551e-06
40.0,0.0,205.5672729394691,1.288397e-06
40.0,0.0,205.56684906647828,1.101318e-06
40.0,0.0,205.5664502967317,1.249791e-06
40.0,0.0,205.56602622367072,1.234497e-06
40.0,0.0,205.5655887735262,1.252352e-06
40.0,0.0,205.56520363891772,1.197332e-06
40.0,0.0,205.5647798105458,1.202439e-06
40.0,0.0,205.56435504833692,1.274195e-06
40.0,0.0,205.56395726382397,1.259687e-06
40.0,0.0,205.56351238112805,1.271052e-06
40.0,0.0,205.5631100229796,1.285356e-06
40.0,0.0,205.56270987541225,1.324559e-06
40.0,0.0,205.56228196637244,1.35634e-06
40.0,0.0,205.56185142050364,1.21037e-06
40.0,0.0,205.5614434531884,1.29368e-06
40.0,0.0,205.5610213869792,1.390814e-06
40.0,0.0,205.56060589670764,1.316948e-06
40.0,0.0,205.5601743389103,1.2034e-06
40.0,0.0,205.5597888867776,1.331136e-06
40.0,0.0,205.55935801572303,1.299166e-06
40.0,0.0,205.55892265294167,1.217253e-06
40.0,0.0,205.55847391424064,1.352339e-06
40.0,0.0,205.5580582532351,1.400476e-06
40.0,0.0,205.55765805290568,1.26574e-06
40.0,0.0,205.55725266108817,1.313558e-06
40.0,0.0,205.55681940672784,1.329361e-06
40.0,0.0,205.5563884608572,1.289256e-06
40.0,0.0,205.55598118953276,1.345936e-06
40.0,0.0,205.55556674490128,1.292472e-06
40.0,0.0,205.5551588979571,1.301145e-06
40.0,0.0,205.55475665928287,1.307097e-06
40.0,0.0,205.55432605455897,1.327964e-06
40.0,0.0,205.55391822272915,1.390625e-06
40.0,0.0,205.55348983530243,1.316221e-06
40.0,0.0,205.5530742917265,1.339286e-06
40.0,0.0,205.55268629632485,1.351989e-06
40.0,0.0,205.55226218047565,1.307068e-06
40.0,0.0,205.5518312807016,1.309745e-06
40.0,0.0,205.55139294296356,1.321576e-06
40.0,0.0,205.55096989567332,1.301771e-06
40.0,0.0,205.55058055760705,1.307577e-06
40.0,0.0,205.5501653223945,1.259948e-06
40.0,0.0,205.54972229668587,1.348293e-06
40.0,0.0,205.54929862603348,1.370252e-06
40.0,0.0,205.54886112571927,1.361666e-06
40.0,0.0,205.5484756076825,1.40167e-06
40.0,0.0,205.54804288668137,1.403736e-06
40.0,0.0,205.54762576621684,1.345426e-06
40.0,0.0,205.5472404098182,1.23978e-06
40.0,0.0,205.54679293655417,1.328604e-06
40.0,0.0,205.5463694634904,1.296095e-06
40.0,0.0,205.54597064717865,1.293956e-06
40.0,0.0,205.54554685852787,1.282926e-06
40.0,0.0,205.5451323568882,1.310545e-06
40.0,0.0,205.54474660895212,1.301625e-06
40.0,0.0,205.5442996006716,1.316395e-06
40.0,0.0,205.5438920115847,1.300199e-06
40.0,0.0,205.54347660678349,1.346489e-06
40.0,0.0,205.5430610036252,1.314285e-06
40.0,0.0,205.54261785092967,1.252352e-06
40.0,0.0,205.5422066066108,1.36852e-06
40.0,0.0,205.54180612501003,1.335298e-06
40.0,0.0,205.54138215922404,1.298438e-06
40.0,0.0,205.54094032888008,1.227672e-06
40.0,0.0,205.540559348688,1.26056e-06
40.0,0.0,205.5401253371048,1.092892e-06
40.0,0.0,205.53971010189224,1.152846e-06
40.0,0.0,205.53928193054725,1.262655e-06
40.0,0.0,205.5388513915005,1.263936e-06
40.0,0.0,205.5384364099309,1.184817e-06
40.0,0.0,205.5380127918494,1.146007e-06
40.0,0.0,205.537605808451,1.081033e-06
40.0,0.0,205.5371903173872,1.036664e-06
40.0,0.0,205.53674502238528,1.135515e-06
40.0,0.0,205.53635800237484,1.267021e-06
40.0,0.0,205.5359226873242,1.265755e-06
40.0,0.0,205.5355193134804,1.089633e-06
40.0,0.0,205.53511397493,1.201086e-06
40.0,0.0,205.53468046383276,1.276741e-06
40.0,0.0,205.53429501702567,1.164313e-06
40.0,0.0,205.53385327375688,1.18844e-06
40.0,0.0,205.53343725513804,1.251508e-06
40.0,0.0,205.53303696469888,1.11814e-06
40.0,0.0,205.532607201788,1.106833e-06
40.0,0.0,205.5321787531101,1.150693e-06
40.0,0.0,205.5317746961641,1.004562e-06
40.0,0.0,205.53136107382653,1.098044e-06
40.0,0.0,205.5309178003196,1.166773e-06
40.0,0.0,205.53048981930968,1.100954e-06
40.0,0.0,205.53007405601528,9.965734e-07
40.0,0.0,205.5296477966724,1.198758e-06
40.0,0.0,205.52926225835168,1.14346e-06
40.0,0.0,205.52883161102537,9.921205e-07
40.0,0.0,205.52839332879944,1.1128e-06
40.0,0.0,205.52799280085677,1.159904e-06
40.0,0.0,205.5275814616309,1.083055e-06
40.0,0.0,205.52714709892228,1.14397e-06
40.0,0.0,205.52672352993343,1.215391e-06
40.0,0.0,205.52632481933088,1.05334e-06
40.0,0.0,205.52589270647763,1.105102e-06
40.0,0.0,205.52550220552956,1.185763e-06
40.0,0.0,205.52506187456768,1.05529e-06
40.0,0.0,205.5246741068601,1.059147e-06
40.0,0.0,205.52425246178603,1.16264e-06
40.0,0.0,205.52382191941948,1.089007e-06
40.0,0.0,205.52339780644624,9.035284000000001e-07
40.0,0.0,205.52298456024744,1.152584e-06
40.0,0.0,205.5225746468577,1.152672e-06
40.0,0.0,205.52218093672053,1.041073e-06
40.0,0.0,205.52173652541873,1.208609e-06
40.0,0.0,205.52131896496303,1.199049e-06
40.0,0.0,205.52091404200075,1.136781e-06
40.0,0.0,205.52046617937265,1.125911e-06
40.0,0.0,205.52006645692757,1.20778e-06
40.0,0.0,205.51966126363928,1.111388e-06
40.0,0.0,205.5192421768316,9.528885000000001e-07
40.0,0.0,205.51879485687945,1.196357e-06
40.0,0.0,205.51837088887865,1.164532e-06
40.0,0.0,205.51797201556772,1.020235e-06
40.0,0.0,205.5175284186688,1.169858e-06
40.0,0.0,205.51711290030775,1.214503e-06
40.0,0.0,205.5167002682053,1.159555e-06
40.0,0.0,205.51629471020328,9.711657000000002e-07
40.0,0.0,205.51586405504924,1.186796e-06
40.0,0.0,205.51545567266515,1.276858e-06
40.0,0.0,205.5150356137813,1.253662e-06
40.0,0.0,205.51461662239188,1.146283e-06
40.0,0.0,205.51423110681148,1.20241e-06
40.0,0.0,205.5137826942938,1.210763e-06
40.0,0.0,205.51338393159168,9.687064e-07
40.0,0.0,205.5129602137343,1.070672e-06
40.0,0.0,205.51255374668827,1.278284e-06
40.0,0.0,205.51212797849064,1.257402e-06
40.0,0.0,205.51171237276077,1.158915e-06
40.0,0.0,205.51128390222289,1.207794e-06
40.0,0.0,205.5108634315544,1.284847e-06
40.0,0.0,205.5104422127488,1.284687e-06
40.0,0.0,205.51001826976236,1.1628e-06
40.0,0.0,205.5095800294942,1.150955e-06
40.0,0.0,205.50917564463057,1.286389e-06
40.0,0.0,205.50877181661448,1.275534e-06
40.0,0.0,205.50833683243607,1.179375e-06
40.0,0.0,205.50791165528335,1.278793e-06
40.0,0.0,205.50750268738017,1.300563e-06
40.0,0.0,205.5070869144928,1.193024e-06
40.0,0.0,205.50669887046476,1.055392e-06
40.0,0.0,205.5062729686444,1.268869e-06
40.0,0.0,205.50585341239807,1.306616e-06
40.0,0.0,205.50543021576655,1.260574e-06
40.0,0.0,205.50500611176432,1.209366e-06
40.0,0.0,205.50460716937428,1.303808e-06
40.0,0.0,205.50417877930883,1.306194e-06
40.0,0.0,205.5037563533248,1.305641e-06
40.0,0.0,205.50336086631245,1.263848e-06
40.0,0.0,205.50291765421687,1.239576e-06
40.0,0.0,205.50248937301407,1.307228e-06
40.0,0.0,205.5021017429264,1.268447e-06
40.0,0.0,205.5016866122624,1.262073e-06
40.0,0.0,205.50128031950172,1.315959e-06
40.0,0.0,205.50084236504017,1.285662e-06
40.0,0.0,205.50041859715407,1.118722e-06
40.0,0.0,205.499970403714,1.200373e-06
40.0,0.0,205.499580768996,1.294597e-06
40.0,0.0,205.49916532597388,1.181586e-06
40.0,0.0,205.4987453008629,1.200911e-06
40.0,0.0,205.4983146011315,1.250897e-06
40.0,0.0,205.49787469505608,1.293374e-06
40.0,0.0,205.4974757979417,1.213208e-06
40.0,0.0,205.4970521116912,1.324006e-06
40.0,0.0,205.4966370382892,1.357679e-06
40.0,0.0,205.49622957467597,1.245862e-06
40.0,0.0,205.4957981876757,1.099965e-06
40.0,0.0,205.49539022079583,1.304448e-06
40.0,0.0,205.4949596099452,1.376204e-06
40.0,0.0,205.4945593826073,1.295863e-06
40.0,0.0,205.4941531855732,1.232256e-06
40.0,0.0,205.49373554479635,1.366934e-06
40.0,0.0,205.493319002356,1.390086e-06
40.0,0.0,205.49289696333656,1.244072e-06
40.0,0.0,205.49246492042784,1.367822e-06
40.0,0.0,205.49205757068623,1.361303e-06
40.0,0.0,205.49166040043704,1.288427e-06
40.0,0.0,205.4912171087726,1.173394e-06
40.0,0.0,205.4907876593589,1.305496e-06
40.0,0.0,205.4903571442495,1.267617e-06
40.0,0.0,205.4899489725545,1.100139e-06
40.0,0.0,205.48952805857687,1.321008e-06
40.0,0.0,205.4891125373936,1.359134e-06
40.0,0.0,205.48867940040768,1.314576e-06
40.0,0.0,205.48827597299268,1.270178e-06
40.0,0.0,205.48785218009223,1.359716e-06
40.0,0.0,205.48745321865175,1.27872e-06
40.0,0.0,205.48700775029087,1.065258e-06
40.0,0.0,205.4866165247041,1.0847e-06
40.0,0.0,205.48620464992663,1.287699e-06
40.0,0.0,205.48577745210972,1.296488e-06
40.0,0.0,205.48536945890652,1.1722e-06
40.0,0.0,205.48493835135335,1.259075e-06
40.0,0.0,205.4845354188249,1.367705e-06
40.0,0.0,205.48412672360377,1.315493e-06
40.0,0.0,205.48368763290935,1.060122e-06
40.0,0.0,205.48329890546853,1.164561e-06
40.0,0.0,205.48286482257592,1.307708e-06
40.0,0.0,205.48242141292843,1.250883e-06
40.0,0.0,205.48203624254543,1.185064e-06
40.0,0.0,205.4816070281873,1.15516e-06
40.0,0.0,205.48119513209448,1.170789e-06
40.0,0.0,205.4807900313624,1.303197e-06
40.0,0.0,205.48035904293224,1.199893e-06
40.0,0.0,205.4799236790628,1.136606e-06
40.0,0.0,205.479499711062,1.289431e-06
40.0,0.0,205.47911483042697,1.2987e-06
40.0,0.0,205.4786715840172,1.262873e-06
40.0,0.0,205.4782504615546,1.080727e-06
40.0,0.0,205.47781960414423,1.189561e-06
40.0,0.0,205.47741120703813,1.31964e-06
40.0,0.0,205.47698148287796,1.434761e-06
40.0,0.0,205.47657201200292,1.412947e-06
40.0,0.0,205.47617824191076,1.327688e-06
40.0,0.0,205.4757339311688,1.338311e-06
40.0,0.0,205.47533498877877,1.403794e-06
40.0,0.0,205.47489440680255,1.397711e-06
40.0,0.0,205.47450904939456,1.403911e-06
40.0,0.0,205.47407372983088,1.315813e-06
40.0,0.0,205.4736650943603,1.275854e-06
40.0,0.0,205.47326268780657,1.406544e-06
40.0,0.0,205.47283205469876,1.179709e-06
40.0,0.0,205.4724239693196,1.311142e-06
40.0,0.0,205.47199739230257,1.240347e-06
40.0,0.0,205.47157143516156,1.381355e-06
40.0,0.0,205.4711390189352,1.454318e-06
40.0,0.0,205.4707447960808,1.375563e-06
40.0,0.0,205.47031609918056,1.299763e-06
40.0,0.0,205.46988503513228,1.241482e-06
40.0,0.0,205.46945182083968,1.385881e-06
40.0,0.0,205.46904573513527,1.498891e-06
40.0,0.0,205.4686292410462,1.49438e-06
40.0,0.0,205.46820699822308,1.491077e-06
40.0,0.0,205.46780635566972,1.286287e-06
40.0,0.0,205.46738268784105,1.372682e-06
40.0,0.0,205.46693763130304,1.557841e-06
40.0,0.0,205.466535131584,1.656212e-06
40.0,0.0,205.4661262604448,1.517939e-06
40.0,0.0,205.46573511847404,1.237611e-06
40.0,0.0,205.46530552572412,1.319335e-06
40.0,0.0,205.46488330204224,1.517445e-06
40.0,0.0,205.4644670405285,1.501074e-06
40.0,0.0,205.46405005124925,1.51011e-06
40.0,0.0,205.46366245558184,1.439985e-06
40.0,0.0,205.46321984163305,1.475491e-06
40.0,0.0,205.46279559847457,1.551831e-06
40.0,0.0,205.46239680617057,1.451568e-06
40.0,0.0,205.46195014775668,1.487846e-06
40.0,0.0,205.46154874509736,1.304637e-06
40.0,0.0,205.4611418919316,1.417662e-06
40.0,0.0,205.4607265373796,1.58188e-06
40.0,0.0,205.4602781180934,1.521228e-06
40.0,0.0,205.45988820982527,1.503271e-06
40.0,0.0,205.4594559128008,1.265726e-06
40.0,0.0,205.4590322699864,1.376364e-06
40.0,0.0,205.45859544637105,1.573688e-06
40.0,0.0,205.45818000573416,1.607506e-06
40.0,0.0,205.45777555643116,1.545282e-06
40.0,0.0,205.45734961242687,1.406777e-06
40.0,0.0,205.4569133099766,1.490189e-06
40.0,0.0,205.45651081193887,1.63418e-06
40.0,0.0,205.45610352284208,1.567081e-06
40.0,0.0,205.4556721386024,1.531793e-06
40.0,0.0,205.45526791488663,1.449182e-06
40.0,0.0,205.45484512337296,1.646127e-06
40.0,0.0,205.4544451298787,1.694716e-06
40.0,0.0,205.45399890786123,1.629858e-06
40.0,1.0,205.4536114113833,1.308101e-06
40.0,1.0,205.45319580822496,1.232096e-06
40.0,1.0,205.45277053140833,1.349443e-06
40.0,1.0,205.45236267763244,1.574444e-06
40.0,1.0,205.45192762392864,1.486318e-06
40.0,1.0,205.45150406142784,1.415756e-06
40.0,1.0,205.45109324236327,1.298322e-06
40.0,1.0,205.45067655750904,1.474371e-06
40.0,1.0,205.45025487185947,1.469423e-06
40.0,1.0,205.44982392563347,1.66602e-06
40.0,1.0,205.44941608946672,1.569177e-06
40.0,1.0,205.4489874781132,1.275112e-06
40.0,1.0,205.44856208717096,1.31283e-06
40.0,1.0,205.44814572739713,1.581924e-06
40.0,1.0,205.44773900201383,1.642489e-06
40.0,1.0,205.44731478735764,1.591266e-06
40.0,1.0,205.44691622232455,1.363995e-06
40.0,1.0,205.4464682080921,1.17789e-06
40.0,1.0,205.44606898672447,1.328328e-06
40.0,1.0,205.4456638496005,1.407083e-06
40.0,1.0,205.44524409204104,1.298322e-06
40.0,1.0,205.44483600787683,1.184308e-06
40.0,1.0,205.44440513163272,7.717172000000001e-07
40.0,1.0,205.4439992479708,4.916365e-07
40.0,1.0,205.44358661704075,1.384469e-07
40.0,1.0,205.44314371001735,7.648487e-08
40.0,1.0,205.44274827145625,3.087916e-08
40.0,1.0,205.44232898287208,1.1835070000000001e-07
40.0,1.0,205.44189617750007,1.32015e-07
40.0,0.0,205.4414823856179,4.1881870000000004e-07
40.0,0.0,205.44106656030516,1.494598e-06
40.0,0.0,205.4406584866805,1.526161e-06
40.0,0.0,205.44025615843543,1.537643e-06
40.0,0.0,205.43981025254064,1.541805e-06
40.0,0.0,205.43938618456755,1.556997e-06
40.0,0.0,205.4389437415868,1.584966e-06
40.0,0.0,205.43854581224377,1.659282e-06
40.0,0.0,205.43813042791697,1.588589e-06
40.0,0.0,205.43771509659496,1.432971e-06
40.0,0.0,205.43726719990303,1.566543e-06
40.0,0.0,205.43686830653496,1.43786e-06
40.0,0.0,205.43644476902065,1.487293e-06
40.0,0.0,205.43603972806207,1.453227e-06
40.0,0.0,205.43561120791887,1.406224e-06
40.0,0.0,205.43522326254893,1.471562e-06
40.0,0.0,205.43479263403955,1.431996e-06
40.0,0.0,205.4343715261202,1.074732e-06
40.0,0.0,205.43395389813645,1.171298e-06
40.0,0.0,205.43353359948367,1.370252e-06
40.0,0.0,205.43314589961653,1.499211e-06
40.0,0.0,205.43272914869488,1.414388e-06
40.0,0.0,205.43228054178144,1.398861e-06
40.0,0.0,205.43188180547,1.420514e-06
40.0,0.0,205.43145775646232,1.276843e-06
40.0,0.0,205.4310128756973,1.522669e-06
40.0,0.0,205.43061004833203,1.496286e-06
40.0,0.0,205.43018603352428,1.566077e-06
40.0,0.0,205.42978162828527,1.379522e-06
40.0,0.0,205.4293386195704,1.372595e-06
40.0,0.0,205.4289249458245,1.370732e-06
40.0,0.0,205.4285206530633,1.357839e-06
40.0,0.0,205.42807763271017,1.304637e-06
40.0,0.0,205.42766835772517,1.276785e-06
40.0,0.0,205.42726564583268,1.285167e-06
40.0,0.0,205.4268348102811,1.325345e-06
40.0,0.0,205.42642661783728,1.241089e-06
40.0,0.0,205.4260001516272,1.243301e-06
40.0,0.0,205.4256123547768,1.263354e-06
40.0,0.0,205.42519682912,1.217049e-06
40.0,0.0,205.4247613266805,1.29806e-06
40.0,0.0,205.42435165151124,1.248744e-06
40.0,0.0,205.42392072431056,1.148248e-06
40.0,0.0,205.42349317593127,1.039603e-06
40.0,0.0,205.42310554584355,1.29512e-06
40.0,0.0,205.4226902206231,1.22757e-06
40.0,0.0,205.42224498019,1.156513e-06
40.0,0.0,205.42184623791465,1.090273e-06
40.0,0.0,205.42142231994256,1.25567e-06
40.0,0.0,205.42101923410303,1.197608e-06
40.0,0.0,205.42059969067333,1.155568e-06
40.0,0.0,205.42017035181743,1.134511e-06
40.0,0.0,205.4197494988765,1.139895e-06
40.0,0.0,205.4193187151087,1.182692e-06
40.0,0.0,205.4189109265678,1.214052e-06
40.0,0.0,205.4184813346357,1.134613e-06
40.0,0.0,205.4180657012795,1.088119e-06
40.0,0.0,205.4176222903134,1.120279e-06
40.0,0.0,205.41720997454925,1.204142e-06
40.0,0.0,205.41680985870417,1.194247e-06
40.0,0.0,205.41637151594176,1.16197e-06
40.0,0.0,205.4159634036156,1.214605e-06
40.0,0.0,205.41554564032148,1.138629e-06
40.0,0.0,205.4151398398093,1.04931e-06
40.0,0.0,205.414739452168,1.085937e-06
40.0,0.0,205.4143087275933,1.116772e-06
40.0,0.0,205.41390095312371,1.179927e-06
40.0,0.0,205.41346974384717,1.167093e-06
40.0,0.0,205.41306200108383,1.180233e-06
40.0,0.0,205.41266587254836,1.154011e-06
40.0,0.0,205.41222299622336,1.192486e-06
40.0,0.0,205.41180766650075,1.193039e-06
40.0,0.0,205.41140030704733,1.220105e-06
40.0,0.0,205.4109534706084,1.236564e-06
40.0,0.0,205.4105331941892,1.224209e-06
40.0,0.0,205.4101286096412,1.312234e-06
40.0,0.0,205.40972912724425,1.242792e-06
40.0,0.0,205.40928089646928,1.265638e-06
40.0,0.0,205.40885685342553,1.257067e-06
40.0,0.0,205.4084579614706,1.284337e-06
40.0,0.0,205.40801308186605,1.202803e-06
40.0,0.0,205.407610350249,1.239663e-06
40.0,0.0,205.40721001498557,1.268476e-06
40.0,0.0,205.40678219963047,1.281805e-06
40.0,0.0,205.40637425314827,1.290173e-06
40.0,0.0,205.40594046036537,1.256369e-06
40.0,0.0,205.40553567541784,1.360022e-06
40.0,0.0,205.40513402853745,1.272856e-06
40.0,0.0,205.40469696185392,1.212713e-06
40.0,0.0,205.40429537096344,1.330016e-06
40.0,0.0,205.40385847737116,1.344451e-06
40.0,0.0,205.4034725796804,1.312568e-06
40.0,0.0,205.40302890648047,1.348773e-06
40.0,0.0,205.40261338813244,1.402703e-06
40.0,0.0,205.40222546430377,1.42862e-06
40.0,0.0,205.40177688401545,1.440509e-06
40.0,0.0,205.40137343149937,1.432913e-06
40.0,0.0,205.40095405339383,1.391018e-06
40.0,0.0,205.4005087889596,1.447683e-06
40.0,0.0,205.4001068237576,1.435459e-06
40.0,0.0,205.3997061671768,1.40976e-06
40.0,0.0,205.39927891591248,1.363427e-06
40.0,0.0,205.39883554247672,1.341832e-06
40.0,0.0,205.39841190229936,1.412001e-06
40.0,0.0,205.3979651530481,1.418841e-06
40.0,0.0,205.3975894894641,1.342109e-06
40.0,0.0,205.3971587995496,1.319451e-06
40.0,0.0,205.3967403239357,1.217544e-06
40.0,0.0,205.39633233073252,1.271226e-06
40.0,0.0,205.39590150148416,1.243912e-06
40.0,0.0,205.39549520358528,1.036751e-06
40.0,0.0,205.39508206714407,1.2292e-06
40.0,0.0,205.3946944428729,1.25049e-06
40.0,0.0,205.3942690046912,1.264154e-06
40.0,0.0,205.3938496545098,1.216758e-06
40.0,0.0,205.39342599081985,1.149805e-06
40.0,0.0,205.39297771818732,1.192529e-06
40.0,0.0,205.39259178196383,1.219683e-06
40.0,0.0,205.3921745748772,1.218432e-06
40.0,0.0,205.39175301749728,1.248962e-06
40.0,0.0,205.39132232619357,1.154462e-06
40.0,0.0,205.3909141489576,1.234104e-06
40.0,0.0,205.39048539065732,1.222536e-06
40.0,0.0,205.3900603587996,1.141176e-06
40.0,0.0,205.38964423994167,1.199965e-06
40.0,0.0,205.38923729235887,1.236156e-06
40.0,0.0,205.38880504997573,1.264387e-06
40.0,0.0,205.38837394242256,1.276872e-06
40.0,0.0,205.38796592667592,1.219247e-06
40.0,0.0,205.38754842473116,1.164648e-06
40.0,0.0,205.38712698820075,1.171924e-06
40.0,0.0,205.3867416967268,1.297172e-06
40.0,0.0,205.38629462727403,1.234861e-06
40.0,0.0,205.38589596170272,1.227949e-06
40.0,0.0,205.3854720186452,1.202046e-06
40.0,0.0,205.38506429460827,1.202585e-06
40.0,0.0,205.38464083806065,1.226974e-06
40.0,0.0,205.38422528674943,1.112887e-06
40.0,0.0,205.38381745272807,1.25308e-06
40.0,0.0,205.38338698541503,1.22482e-06
40.0,0.0,205.38295759325607,1.198146e-06
40.0,0.0,205.38256399400387,1.153589e-06
40.0,0.0,205.38214884217263,1.181645e-06
40.0,0.0,205.38170910417472,1.202076e-06
40.0,0.0,205.38130861822376,1.28879e-06
40.0,0.0,205.380884800466,1.254972e-06
40.0,0.0,205.38044206704927,1.315988e-06
40.0,0.0,205.38004352036157,1.291817e-06
40.0,0.0,205.37962794499705,1.29109e-06
40.0,0.0,205.37921236963257,1.248263e-06
40.0,0.0,205.37876468911665,1.252105e-06
40.0,0.0,205.37834097125923,1.279637e-06
40.0,0.0,205.37794217973817,1.366876e-06
40.0,0.0,205.37749515703004,1.32143e-06
40.0,0.0,205.37709414573865,1.326989e-06
40.0,0.0,205.3766918902413,1.30909e-06
40.0,0.0,205.37626728502389,1.320746e-06
40.0,0.0,205.37585915537915,1.323497e-06
40.0,0.0,205.37542827624185,1.321707e-06
40.0,0.0,205.37502463641968,1.291221e-06
40.0,0.0,205.374614630631,1.321663e-06
40.0,0.0,205.37418134045083,1.293927e-06
40.0,0.0,205.3737777365355,1.328488e-06
40.0,0.0,205.3733538448358,1.299326e-06
40.0,0.0,205.3729547887676,1.247114e-06
40.0,0.0,205.3725089799252,1.203531e-06
40.0,0.0,205.3720933787628,1.21964e-06
40.0,0.0,205.37170563749993,1.205568e-06
40.0,0.0,205.37127815991013,1.208798e-06
40.0,0.0,205.37084735490265,1.066495e-06
40.0,0.0,205.37041051911143,1.157052e-06
40.0,0.0,205.37000816053177,1.099921e-06
40.0,0.0,205.36958793717676,1.17482e-06
40.0,0.0,205.3691575799,1.1925e-06
40.0,0.0,205.36873900369577,1.193228e-06
40.0,0.0,205.3683310332329,1.190157e-06
40.0,0.0,205.36790033500432,1.175824e-06
40.0,0.0,205.36746981869783,1.178385e-06
40.0,0.0,205.36707048692287,1.288267e-06
40.0,0.0,205.36666579534,1.220818e-06
40.0,0.0,205.36622317954345,1.135035e-06
40.0,0.0,205.3658375305028,1.091204e-06
40.0,0.0,205.36539976371108,1.05791e-06
40.0,0.0,205.3649986368492,1.203254e-06
40.0,0.0,205.36457705164017,1.148466e-06
40.0,0.0,205.36415958157332,1.176915e-06
40.0,0.0,205.3637540471559,1.19835e-06
40.0,0.0,205.36332061725847,1.093416e-06
40.0,0.0,205.3629314119228,1.127715e-06
40.0,0.0,205.3624836594967,1.151391e-06
40.0,0.0,205.36206864000783,1.230233e-06
40.0,0.0,205.36166051003244,1.190216e-06
40.0,0.0,205.3612583609636,1.1222e-06
40.0,0.0,205.3608131499251,1.055087e-06
40.0,0.0,205.36042007462595,1.039065e-06
40.0,0.0,205.35999229230177,1.078573e-06
40.0,0.0,205.3595494448795,1.008782e-06
40.0,0.0,205.35913378613364,1.105218e-06
40.0,0.0,205.35871900881625,1.104752e-06
40.0,0.0,205.35831147286328,1.02802e-06
40.0,0.0,205.35787105376423,1.118504e-06
40.0,0.0,205.35744748664925,1.188993e-06
40.0,0.0,205.35704193131824,1.138222e-06
40.0,0.0,205.3566247542749,1.138047e-06
40.0,0.0,205.35620296158172,1.110908e-06
40.0,0.0,205.3558017402543,1.134002e-06
40.0,0.0,205.35536425283144,1.114007e-06
40.0,0.0,205.3549564638886,1.126566e-06
40.0,0.0,205.3545372177992,1.19074e-06
40.0,0.0,205.35413205048536,1.218228e-06
40.0,0.0,205.35373264386283,1.249486e-06
40.0,0.0,205.3533019001538,1.275766e-06
40.0,0.0,205.3528937932493,1.270018e-06
40.0,0.0,205.35246180443713,1.320092e-06
40.0,0.0,205.3520381366084,1.335051e-06
40.0,0.0,205.3516570511921,1.337394e-06
40.0,0.0,205.35121381331416,1.309993e-06
40.0,0.0,205.35078489892976,1.352455e-06
40.0,0.0,205.35035383685715,1.373497e-06
40.0,0.0,205.34992752303108,1.393972e-06
40.0,0.0,205.34952381672352,1.419467e-06
40.0,0.0,205.34909506699128,1.466629e-06
40.0,0.0,205.3486763002336,1.476292e-06
40.0,0.0,205.3482726330092,1.536449e-06
40.0,0.0,205.34784881395817,1.527587e-06
40.0,0.0,205.34740706975515,1.564011e-06
40.0,0.0,205.3470014842646,1.506123e-06
40.0,0.0,205.3465891851996,1.41708e-06
40.0,0.0,205.3462013327616,1.462307e-06
40.0,0.0,205.34577468761776,1.532011e-06
40.0,0.0,205.3453550739188,1.547858e-06
40.0,0.0,205.34493615621028,1.520297e-06
40.0,0.0,205.34451223219847,1.60448e-06
40.0,0.0,205.34409705725852,1.610664e-06
40.0,0.0,205.3436852423344,1.584689e-06
40.0,0.0,205.34326132945955,1.470718e-06
40.0,0.0,205.3428624629792,1.668464e-06
40.0,0.0,205.34241938034023,1.66372e-06
40.0,0.0,205.34199146736523,1.667999e-06
40.0,0.0,205.3416039272854,1.66682e-06
40.0,0.0,205.34118840750847,1.714536e-06
40.0,0.0,205.34076427164348,1.755921e-06
40.0,0.0,205.34035621306512,1.775537e-06
40.0,0.0,205.339920563072,1.863271e-06
40.0,0.0,205.33949659507127,1.8235e-06
40.0,0.0,205.33905597871413,1.868844e-06
40.0,0.0,205.33864921534905,1.936831e-06
40.0,0.0,205.33824817511064,1.943859e-06
40.0,0.0,205.3378172563994,2.041052e-06
40.0,0.0,205.33737802230297,2.088957e-06
40.0,0.0,205.33697874789635,2.091649e-06
40.0,0.0,205.33656419630057,2.031578e-06
40.0,0.0,205.3361396022218,1.912587e-06
40.0,0.0,205.33573224099524,2.06384e-06
40.0,0.0,205.3353087022053,2.133631e-06
40.0,0.0,205.3349099869411,2.025932e-06
40.0,0.0,205.33446232246493,2.032262e-06
40.0,0.0,205.3340622299229,1.980996e-06
40.0,0.0,205.3336565650648,2.045243e-06
40.0,0.0,205.33325805955312,2.117362e-06
40.0,0.0,205.332830615373,2.122499e-06
40.0,0.0,205.33239193990931,2.08737e-06
40.0,0.0,205.3319693276813,2.066998e-06
40.0,0.0,205.3315802224785,2.042201e-06
40.0,0.0,205.3311457097996,2.085639e-06
40.0,0.0,205.330721356498,2.039393e-06
40.0,0.0,205.33029111607644,2.053814e-06
40.0,0.0,205.32988339376968,1.844048e-06
40.0,0.0,205.3294522600412,2.07375e-06
40.0,0.0,205.3290318316488,2.114204e-06
40.0,0.0,205.32862700289505,2.124754e-06
40.0,0.0,205.32822820024464,2.058165e-06
40.0,0.0,205.32777977092104,2.042449e-06
40.0,0.0,205.32737564368009,2.028377e-06
40.0,0.0,205.326957285774,2.09242e-06
40.0,0.0,205.3265119913897,2.097033e-06
40.0,0.0,205.3261345542898,2.117973e-06
40.0,0.0,205.325709230638,2.12442e-06
40.0,0.0,205.32528119916896,1.96074e-06
40.0,0.0,205.32487325266507,1.892055e-06
40.0,0.0,205.32444235048231,2.034416e-06
40.0,0.0,205.32404034395725,2.057408e-06
40.0,0.0,205.32363223478308,1.856955e-06
40.0,0.0,205.3232173511832,1.877284e-06
40.0,0.0,205.32281033148095,1.960158e-06
40.0,0.0,205.32237012136451,1.991866e-06
40.0,0.0,205.32197126948728,2.026602e-06
40.0,0.0,205.32155488232712,1.96723e-06
40.0,0.0,205.3211118317884,1.96218e-06
40.0,0.0,205.32070033884955,1.949666e-06
40.0,0.0,205.3202940085396,1.959823e-06
40.0,0.0,205.31986311200035,2.001965e-06
40.0,0.0,205.31942817254577,2.047294e-06
40.0,0.0,205.3190041843775,2.048779e-06
40.0,0.0,205.31859335606947,1.933979e-06
40.0,0.0,205.31817688918153,1.931578e-06
40.0,0.0,205.31775473828023,1.884429e-06
40.0,0.0,205.31732428692604,1.881752e-06
40.0,0.0,205.31691633959448,1.848952e-06
40.0,0.0,205.31648775359892,1.798544e-06
40.0,0.0,205.3160874851814,1.664215e-06
40.0,0.0,205.31568499879768,1.712164e-06
40.0,0.0,205.3152403803992,1.65237e-06
40.0,0.0,205.31485341586605,1.644119e-06
40.0,0.0,205.31441701996803,1.616296e-06
40.0,0.0,205.3140138930448,1.643231e-06
40.0,0.0,205.31359378126052,1.643537e-06
40.0,0.0,205.31317503351488,1.643915e-06
40.0,0.0,205.31277130410305,1.618217e-06
40.0,0.0,205.3123473092748,1.598994e-06
40.0,0.0,205.31190551958096,1.536551e-06
40.0,0.0,205.31150007599427,1.538792e-06
40.0,0.0,205.31108758669492,1.480017e-06
40.0,0.0,205.3106723236886,1.395543e-06
40.0,0.0,205.31025145332177,1.470864e-06
40.0,0.0,205.3098051051056,1.453809e-06
40.0,0.0,205.30940636283023,1.475797e-06
40.0,0.0,205.3089591994544,1.496126e-06
40.0,0.0,205.30854042828065,1.3752e-06
40.0,0.0,205.30813488788587,1.352179e-06
40.0,0.0,205.30773490668807,1.344903e-06
40.0,0.0,205.30730400401205,1.279492e-06
40.0,0.0,205.3068965489328,1.202949e-06
40.0,0.0,205.30646492577753,1.205408e-06
40.0,0.0,205.30606492400764,1.260763e-06
40.0,0.0,205.30565910421035,1.241089e-06
40.0,0.0,205.30521767285464,1.281034e-06
40.0,0.0,205.3048324528976,1.270513e-06
40.0,0.0,205.30439445901808,1.322187e-06
40.0,0.0,205.30395059798977,1.376538e-06
40.0,0.0,205.30357198309292,1.37958e-06
40.0,0.0,205.3031396963925,1.436856e-06
40.0,0.0,205.30272448409727,1.414606e-06
40.0,0.0,205.30231658868644,1.342254e-06
40.0,0.0,205.30188568231088,1.341075e-06
40.0,0.0,205.30149010969828,1.354245e-06
40.0,0.0,205.30106689112267,1.323191e-06
40.0,0.0,205.30063350168632,1.36414e-06
40.0,0.0,205.30021890290035,1.393521e-06
40.0,0.0,205.29981128206893,1.325476e-06
40.0,0.0,205.29937993315465,1.187494e-06
40.0,0.0,205.29894643021373,1.232547e-06
40.0,0.0,205.298500485418,1.176464e-06
40.0,0.0,205.2981106281541,1.20989e-06
40.0,0.0,205.2976971732782,1.258901e-06
40.0,0.0,205.2972715689724,1.202119e-06
40.0,0.0,205.29684066143687,1.139677e-06
40.0,0.0,205.2964324885625,1.15922e-06
40.0,0.0,205.29600776095208,1.154651e-06
40.0,0.0,205.29560549910545,1.123466e-06
40.0,0.0,205.29520472922013,1.015214e-06
40.0,0.0,205.29477797037447,1.13713e-06
40.0,0.0,205.29437002039603,1.158056e-06
40.0,0.0,205.2939393386177,1.203138e-06
40.0,0.0,205.29351642196093,1.269073e-06
40.0,0.0,205.29312865290433,1.273846e-06
40.0,0.0,205.29271366150977,1.319189e-06
40.0,0.0,205.29228482125876,1.258013e-06
40.0,0.0,205.29187687436675,1.255059e-06
40.0,0.0,205.29144619675043,1.276407e-06
40.0,0.0,205.29102424828795,1.255539e-06
40.0,0.0,205.2905809288297,1.303604e-06
40.0,0.0,205.29017621584353,1.276872e-06
40.0,0.0,205.2897723448928,1.228909e-06
40.0,0.0,205.28933714081717,1.276756e-06
40.0,0.0,205.28890624035827,1.289649e-06
40.0,0.0,205.2885006219547,1.24138e-06
40.0,0.0,205.28808819628077,1.279885e-06
40.0,0.0,205.28764515113417,1.270324e-06
40.0,0.0,205.2872494948492,1.249631e-06
40.0,0.0,205.2868304009208,1.315959e-06
40.0,0.0,205.28643191372487,1.326538e-06
40.0,0.0,205.28598407260264,1.349254e-06
40.0,0.0,205.2855690809076,1.312103e-06
40.0,0.0,205.28518131847747,1.306966e-06
40.0,0.0,205.2847583578539,1.309323e-06
40.0,0.0,205.28433953948232,1.273482e-06
40.0,0.0,205.2839195030222,1.28003e-06
40.0,0.0,205.28349190555625,1.277658e-06
40.0,0.0,205.28309097239816,1.315959e-06
40.0,0.0,205.28268831196357,1.339475e-06
40.0,0.0,205.28224299233187,1.376728e-06
40.0,0.0,205.281844494236,1.376335e-06
40.0,0.0,205.2814205012209,1.277469e-06
40.0,0.0,205.28097183052807,1.187669e-06
40.0,0.0,205.28058661057105,1.255845e-06
40.0,0.0,205.28016835880405,1.219101e-06
40.0,0.0,205.27974775946396,1.210559e-06
40.0,0.0,205.2793015426828,1.247812e-06
40.0,0.0,205.27887779981103,1.281354e-06
40.0,0.0,205.27847869400244,1.265245e-06
40.0,0.0,205.27803646686456,1.181499e-06
40.0,0.0,205.2776209126673,1.248802e-06
40.0,0.0,205.27720682878052,1.303473e-06
40.0,0.0,205.27680031064776,1.307548e-06
40.0,0.0,205.27636963829625,1.295703e-06
40.0,0.0,205.27596168743685,1.216729e-06
40.0,0.0,205.27554345456608,1.228225e-06
40.0,0.0,205.27512283682327,1.05369e-06
40.0,0.0,205.27473761686625,1.039763e-06
40.0,0.0,205.2742901395248,1.215754e-06
40.0,0.0,205.27389877002125,1.214357e-06
40.0,0.0,205.27346764996776,1.231805e-06
40.0,0.0,205.2730599192193,1.158856e-06
40.0,0.0,205.27263546682323,1.203414e-06
40.0,0.0,205.27222019719036,1.225737e-06
40.0,0.0,205.27180577565423,1.252934e-06
40.0,0.0,205.27138221983384,1.191147e-06
40.0,0.0,205.2709515443456,1.243257e-06
40.0,0.0,205.27053050633128,1.244814e-06
40.0,0.0,205.2701122389269,1.236083e-06
40.0,0.0,205.26970171998852,1.26251e-06
40.0,0.0,205.26927747683007,1.246415e-06
40.0,0.0,205.2688418061034,1.22968e-06
40.0,0.0,205.2684336289868,1.221299e-06
40.0,0.0,205.26800889314393,1.264561e-06
40.0,0.0,205.26759361688443,1.26884e-06
40.0,0.0,205.26720612626593,1.279666e-06
40.0,0.0,205.26677866004988,1.137436e-06
40.0,0.0,205.26633503257136,1.236011e-06
40.0,0.0,205.26593981409496,1.302993e-06
40.0,0.0,205.26551671947092,1.311506e-06
40.0,0.0,205.26512950628992,1.344131e-06
40.0,0.0,205.26468645916452,1.351087e-06
40.0,0.0,205.2642802714184,1.312728e-06
40.0,0.0,205.26386733038217,1.359062e-06
40.0,0.0,205.26342348611556,1.398483e-06
40.0,0.0,205.2630193420144,1.398337e-06
40.0,0.0,205.26260900485383,1.351931e-06
40.0,0.0,205.26219317934527,1.311477e-06
40.0,0.0,205.26178530354576,1.3307e-06
40.0,0.0,205.26134812531313,1.400287e-06
40.0,0.0,205.2609330281552,1.340697e-06
40.0,0.0,205.26053155156464,1.365799e-06
40.0,0.0,205.26008850040924,1.346911e-06
40.0,0.0,205.25967351172264,1.262233e-06
40.0,0.0,205.25925173829535,1.176944e-06
40.0,0.0,205.25883410188297,1.208697e-06
40.0,0.0,205.2584131212682,1.22175e-06
40.0,0.0,205.25798409904257,1.180801e-06
40.0,0.0,205.25754077759967,1.26251e-06
40.0,0.0,205.2571433700733,1.384702e-06
40.0,0.0,205.256736460594,1.3791e-06
40.0,0.0,205.2563045158084,1.323104e-06
40.0,0.0,205.2558965735074,1.28166e-06
40.0,0.0,205.25546567041425,1.318156e-06
40.0,0.0,205.25506598941672,1.193839e-06
40.0,0.0,205.25466028073797,1.185937e-06
40.0,0.0,205.2542184174752,1.166845e-06
40.0,0.0,205.2538329701156,1.232722e-06
40.0,0.0,205.25340814507683,1.243214e-06
40.0,0.0,205.25299836839287,1.145672e-06
40.0,0.0,205.2525720384828,1.164313e-06
40.0,0.0,205.2521554977984,1.317589e-06
40.0,0.0,205.25175005958636,1.256936e-06
40.0,0.0,205.25131687507263,1.227309e-06
40.0,0.0,205.2508861975919,1.261375e-06
40.0,0.0,205.2504533610605,1.251887e-06
40.0,0.0,205.25004744666825,1.269436e-06
40.0,0.0,205.24964815895143,1.236142e-06
40.0,0.0,205.24920511388464,1.272783e-06
40.0,0.0,205.2487782822589,1.231601e-06
40.0,0.0,205.2483698785756,1.144566e-06
40.0,0.0,205.24793898110647,1.312597e-06
40.0,0.0,205.24753663685584,1.256398e-06
40.0,0.0,205.24712793137965,1.234876e-06
40.0,0.0,205.24671365115128,1.277906e-06
40.0,0.0,205.24630673363808,1.29742e-06
40.0,0.0,205.24588430509277,1.361637e-06
40.0,0.0,205.24546717307317,1.362452e-06
40.0,0.0,205.2450434287557,1.342429e-06
40.0,0.0,205.24462948898875,1.329783e-06
40.0,0.0,205.24422048819335,1.311491e-06
40.0,0.0,205.24379041097265,1.328488e-06
40.0,0.0,205.2433984642321,1.313732e-06
40.0,0.0,205.24295178776168,1.306165e-06
40.0,0.0,205.24253136484944,1.36334e-06
40.0,0.0,205.24214415316243,1.227949e-06
40.0,0.0,205.24172795001536,1.282882e-06
40.0,0.0,205.24127975169924,1.406865e-06
40.0,0.0,205.24088050542744,1.355613e-06
40.0,0.0,205.24045676626545,1.341454e-06
40.0,0.0,205.24001141415644,1.378095e-06
40.0,0.0,205.23962392571667,1.31561e-06
40.0,0.0,205.23920838209344,1.39972e-06
40.0,0.0,205.23878095130252,1.171065e-06
40.0,0.0,205.23833780503625,1.274166e-06
40.0,0.0,205.23789687304128,1.31136e-06
40.0,0.0,205.2375116568116,1.32827e-06
40.0,0.0,205.2370770327765,1.469074e-06
40.0,0.0,205.23666808237405,1.459994e-06
40.0,0.0,205.23626531328057,1.283042e-06
40.0,0.0,205.2358346377923,1.431777e-06
40.0,0.0,205.23542646808875,1.194639e-06
40.0,0.0,205.235000135363,1.250155e-06
40.0,0.0,205.23461263761763,1.358174e-06
40.0,0.0,205.2341976518242,1.408611e-06
40.0,0.0,205.23375114298088,1.223059e-06
40.0,0.0,205.2333524013292,1.422202e-06
40.0,0.0,205.2329096888456,1.333872e-06
40.0,0.0,205.232524241486,1.413195e-06
40.0,0.0,205.23209158030588,1.403459e-06
40.0,0.0,205.23167631067295,1.454566e-06
40.0,0.0,205.23125426057905,1.498338e-06
40.0,0.0,205.23084631548727,1.445616e-06
40.0,0.0,205.23040945081993,1.472115e-06
40.0,0.0,205.22996200671165,1.461347e-06
40.0,0.0,205.2295770173664,1.392662e-06
40.0,0.0,205.22915664305037,1.349559e-06
40.0,0.0,205.22873862377048,1.367633e-06
40.0,0.0,205.2283220799173,1.365843e-06
40.0,0.0,205.22790000055952,1.432098e-06
40.0,0.0,205.2274687575648,1.374225e-06
40.0,0.0,205.2270613808969,1.424458e-06
40.0,1.0,205.22664627650363,1.392094e-06
40.0,1.0,205.22622298154016,1.237204e-06
40.0,1.0,205.22582404101527,9.318755000000001e-07
40.0,1.0,205.22538390549963,6.969931e-07
40.0,1.0,205.22499846158615,1.252716e-06
40.0,1.0,205.22456062063668,1.179593e-06
40.0,1.0,205.22415332205728,1.216336e-06
40.0,1.0,205.22375166325,1.209191e-06
40.0,1.0,205.22332076035917,1.339591e-06
40.0,1.0,205.2228969562387,1.314096e-06
40.0,1.0,205.22248316734752,1.388369e-06
40.0,1.0,205.22206789771465,1.423876e-06
40.0,1.0,205.22164305913208,1.345819e-06
40.0,1.0,205.2212576164868,1.365988e-06
40.0,1.0,205.22081238566665,1.431908e-06
40.0,1.0,205.22037354167335,1.443259e-06
40.0,1.0,205.2199655855118,1.477689e-06
40.0,1.0,205.21954795215413,1.467997e-06
40.0,1.0,205.21913240458343,1.476685e-06
40.0,1.0,205.21869292684173,1.456749e-06
40.0,0.0,205.21826893382664,1.446781e-06
40.0,0.0,205.2178457814576,1.533539e-06
40.0,0.0,205.21744594312207,1.573746e-06
40.0,0.0,205.21699939426617,1.535751e-06
40.0,0.0,205.2166119031473,1.479304e-06
40.0,0.0,205.21619662688792,1.415567e-06
40.0,0.0,205.2157881051241,1.288558e-06
40.0,0.0,205.2153631679582,1.345688e-06
40.0,0.0,205.21495544806208,1.440465e-06
40.0,0.0,205.21453583954727,1.21168e-06
40.0,0.0,205.21412028535,1.575347e-06
40.0,0.0,205.21373063718264,1.567969e-06
40.0,0.0,205.21328302575765,1.617227e-06
40.0,0.0,205.21287857060847,1.63792e-06
40.0,0.0,205.2124600413512,1.687382e-06
40.0,0.0,205.21201532485807,1.628738e-06
40.0,0.0,205.21161255596456,1.68696e-06
40.0,0.0,205.21121257073287,1.699766e-06
40.0,0.0,205.2107839277578,1.706125e-06
40.0,0.0,205.21034058012597,1.648019e-06
40.0,0.0,205.20990548995428,1.745779e-06
40.0,0.0,205.20951759148548,1.77497e-06
40.0,0.0,205.20907927971373,1.77043e-06
40.0,0.0,205.20866986156247,1.689885e-06
40.0,0.0,205.20826692202127,1.739827e-06
40.0,0.0,205.20783579081868,1.76944e-06
40.0,0.0,205.20741115259048,1.758192e-06
40.0,1.0,205.2070023784377,1.738241e-06
40.0,1.0,205.2065865565988,1.722961e-06
40.0,1.0,205.2061990618104,1.649183e-06
40.0,1.0,205.20575266207973,1.712557e-06
40.0,1.0,205.20535392269275,1.38281e-06
40.0,1.0,205.20492992786447,1.603548e-06
40.0,1.0,205.20448159906377,1.652137e-06
40.0,1.0,205.20408194331029,1.685519e-06
40.0,1.0,205.2036785549788,1.709763e-06
40.0,1.0,205.20325632863745,1.65691e-06
40.0,1.0,205.20284815351215,1.811728e-06
40.0,1.0,205.2024114755457,1.824345e-06
40.0,1.0,205.20200907549608,1.878827e-06
40.0,1.0,205.20160110045856,1.79834e-06
40.0,1.0,205.20115833024943,1.656372e-06
40.0,1.0,205.20075938340648,1.249704e-06
40.0,1.0,205.20034251820033,1.121691e-06
40.0,1.0,205.19990092999873,6.733753000000001e-07
40.0,1.0,205.1994698013116,5.070615000000001e-07
40.0,1.0,205.19907053915503,3.7421710000000004e-07
40.0,1.0,205.1986658852652,3.3833200000000004e-07
40.0,1.0,205.1982228032682,5.754991000000001e-07
40.0,1.0,205.1977990645935,7.096096e-07
40.0,1.0,205.19737089230168,1.591325e-06
40.0,0.0,205.1969534773404,1.543944e-06
40.0,0.0,205.1965334308236,1.70077e-06
40.0,0.0,205.1961462176425,1.697656e-06
40.0,0.0,205.1957294063986,1.70563e-06
40.0,0.0,205.1953130033016,1.710505e-06
40.0,0.0,205.19489010998808,1.709457e-06
40.0,0.0,205.19448287483456,1.747889e-06
40.0,0.0,205.1940682060072,1.767767e-06
40.0,0.0,205.19363170304152,1.756518e-06
40.0,0.0,205.1932470959676,1.677035e-06
40.0,0.0,205.19281533751183,1.775508e-06
40.0,0.0,205.19237622736352,1.734079e-06
40.0,0.0,205.19196850162172,1.749664e-06
40.0,0.0,205.19155178786647,1.690263e-06
40.0,0.0,205.19113624264844,1.623019e-06
40.0,0.0,205.19069897608432,1.640132e-06
40.0,0.0,205.19030602879968,1.554145e-06
40.0,0.0,205.18987152704997,1.553606e-06
40.0,0.0,205.1894376918536,1.583656e-06
40.0,0.0,205.189032903839,1.606502e-06
40.0,0.0,205.1886027235529,1.591849e-06
40.0,0.0,205.18818690467089,1.606968e-06
40.0,0.0,205.18778060134224,1.568667e-06
40.0,0.0,205.18735548215847,1.54697e-06
40.0,0.0,205.18693173617405,1.520704e-06
40.0,0.0,205.18652795328765,1.446067e-06
40.0,0.0,205.18610950713423,1.501423e-06
40.0,0.0,205.18568910304404,1.489476e-06
40.0,0.0,205.1852867658799,1.501074e-06
40.0,0.0,205.18485600568843,1.536449e-06
40.0,0.0,205.18443483685428,1.496708e-06
40.0,0.0,205.184033962729,1.468157e-06
40.0,0.0,205.18361506511624,1.393331e-06
40.0,0.0,205.18322984288008,1.380889e-06
40.0,0.0,205.182781583596,1.418957e-06
40.0,0.0,205.182345542052,1.44662e-06
40.0,0.0,205.1819494675431,1.455075e-06
40.0,0.0,205.18152824594273,1.400607e-06
40.0,0.0,205.1811101646149,1.439388e-06
40.0,0.0,205.18069969160808,1.400433e-06
40.0,0.0,205.18027544844963,1.376902e-06
40.0,0.0,205.179839956308,1.435183e-06
40.0,0.0,205.1794297775368,1.448061e-06
40.0,0.0,205.17901626291712,1.424865e-06
40.0,0.0,205.1785772426909,1.485532e-06
40.0,0.0,205.17816562373517,1.485139e-06
40.0,0.0,205.17773231303516,1.442881e-06
40.0,0.0,205.1773154802433,1.3729e-06
40.0,0.0,205.17689303041007,1.429435e-06
40.0,0.0,205.17647360894657,1.532288e-06
40.0,0.0,205.17606601703233,1.51743e-06
40.0,0.0,205.1756513739097,1.522247e-06
40.0,0.0,205.17526865156591,1.512832e-06
40.0,0.0,205.17482863861923,1.586523e-06
40.0,0.0,205.17439554121268,1.507186e-06
40.0,0.0,205.1740059033288,1.546068e-06
40.0,0.0,205.173580476428,1.590146e-06
40.0,0.0,205.17319270822728,1.584514e-06
40.0,0.0,205.17274694906368,1.552777e-06
40.0,0.0,205.17232295604856,1.557986e-06
40.0,0.0,205.17192420780933,1.49371e-06
40.0,0.0,205.1714755225488,1.556269e-06
40.0,0.0,205.171069111943,1.640641e-06
40.0,0.0,205.17063169005223,1.717402e-06
40.0,0.0,205.17021798052917,1.765075e-06
40.0,0.0,205.16981828820457,1.77855e-06
40.0,0.0,205.16937890569852,1.746754e-06
40.0,0.0,205.16894799947,1.768116e-06
40.0,0.0,205.16854655707724,1.718683e-06
40.0,0.0,205.1681263427901,1.740584e-06
40.0,0.0,205.1677122216952,1.757304e-06
40.0,0.0,205.1673052082592,1.689579e-06
40.0,0.0,205.16687430536837,1.587949e-06
40.0,0.0,205.16646636288007,1.779539e-06
40.0,0.0,205.16604861156307,1.658875e-06
40.0,0.0,205.1656314060477,1.762659e-06
40.0,0.0,205.16523106314503,1.77999e-06
40.0,0.0,205.16479983658127,1.727865e-06
40.0,0.0,205.16439189066097,1.719163e-06
40.0,0.0,205.16396099108567,1.735621e-06
40.0,0.0,205.16354232408517,1.769527e-06
40.0,0.0,205.1631548329663,1.822467e-06
40.0,0.0,205.16272583252112,1.789856e-06
40.0,0.0,205.16229511848195,1.815541e-06
40.0,0.0,205.16188694296767,1.82676e-06
40.0,0.0,205.16145626396735,1.859691e-06
40.0,0.0,205.16103683564884,1.909677e-06
40.0,0.0,205.16064906823124,1.961249e-06
40.0,0.0,205.16023219881848,2.04664e-06
40.0,0.0,205.1597904305324,2.060129e-06
40.0,0.0,205.15935975754337,2.020111e-06
40.0,0.0,205.15892449336576,2.008615e-06
40.0,0.0,205.15852090542612,2.052504e-06
40.0,0.0,205.15808778323793,2.086192e-06
40.0,0.0,205.15767507205777,2.090208e-06
40.0,0.0,205.15724154012167,2.130721e-06
40.0,0.0,205.15684279784637,2.16045e-06
40.0,0.0,205.1564075492124,2.155532e-06
40.0,0.0,205.15602006255588,2.132365e-06
40.0,0.0,205.15558174355448,2.11077e-06
40.0,0.0,205.1551959179428,2.020577e-06
40.0,0.0,205.15478083624373,2.03152e-06
40.0,0.0,205.15436057078765,2.059664e-06
40.0,0.0,205.1539386887464,2.148081e-06
40.0,0.0,205.15351469573127,2.110828e-06
40.0,0.0,205.15310291447256,2.082481e-06
40.0,0.0,205.152692215766,1.954759e-06
40.0,0.0,205.1522785126195,2.009809e-06
40.0,0.0,205.15185625450968,2.060304e-06
40.0,0.0,205.15143376256967,2.155808e-06
40.0,0.0,205.15100976955463,1.886408e-06
40.0,0.0,205.15059821151132,1.864741e-06
40.0,0.0,205.15018198741024,2.005574e-06
40.0,0.0,205.14975912807355,1.995533e-06
40.0,0.0,205.14932640306296,2.042943e-06
40.0,0.0,205.14888628371105,1.990877e-06
40.0,0.0,205.1484786695952,2.045723e-06
40.0,0.0,205.14806352976808,2.026965e-06
40.0,0.0,205.14765568416132,2.050088e-06
40.0,0.0,205.14725381061265,2.048109e-06
40.0,0.0,205.14681612348488,2.05265e-06
40.0,0.0,205.14642232149427,2.060027e-06
40.0,0.0,205.14597371157856,2.042289e-06
40.0,0.0,205.14557483687577,2.052184e-06
40.0,0.0,205.1451706578769,1.990818e-06
40.0,0.0,205.14475009526888,2.083252e-06
40.0,0.0,205.1443321771036,2.06499e-06
40.0,0.0,205.14389988867623,2.070155e-06
40.0,0.0,205.14346928189096,1.983935e-06
40.0,0.0,205.14307960027247,2.021989e-06
40.0,0.0,205.142663774764,2.08756e-06
40.0,0.0,205.14224400397563,2.009125e-06
40.0,0.0,205.14183583125396,2.101602e-06
40.0,0.0,205.1413937843664,2.101631e-06
40.0,0.0,205.14096311429984,2.001034e-06
40.0,0.0,205.14056268313936,1.953318e-06
40.0,0.0,205.1401574342736,1.904715e-06
40.0,0.0,205.13973881632668,1.918379e-06
40.0,0.0,205.13929145452417,1.970504e-06
40.0,0.0,205.13887315152692,1.92647e-06
40.0,0.0,205.138458370252,2.051878e-06
40.0,0.0,205.13803912089804,2.112793e-06
40.0,0.0,205.13760896578353,2.113127e-06
40.0,0.0,205.13718861710828,2.075045e-06
40.0,0.0,205.13678623645697,2.025903e-06
40.0,0.0,205.13636274372865,2.060289e-06
40.0,0.0,205.13595366441467,2.026354e-06
40.0,0.0,205.13553336941607,1.955996e-06
40.0,0.0,205.13511458686128,1.884531e-06
40.0,0.0,205.13472936690425,1.943816e-06
40.0,0.0,205.13428080999356,2.080284e-06
40.0,0.0,205.13388207146525,1.847657e-06
40.0,0.0,205.13345937380447,2.030923e-06
40.0,0.0,205.1330471780348,2.073532e-06
40.0,0.0,205.1326396504583,2.062457e-06
40.0,0.0,205.13222466538977,1.98542e-06
40.0,0.0,205.13180912684825,2.070621e-06
40.0,0.0,205.13137720714423,2.038767e-06
40.0,0.0,205.1309343567108,2.003333e-06
40.0,0.0,205.13052226277796,2.013971e-06
40.0,0.0,205.13010549755376,2.039291e-06
40.0,0.0,205.12969116942324,1.977314e-06
40.0,0.0,205.12926664977033,1.934517e-06
40.0,0.0,205.128829509217,1.961773e-06
40.0,0.0,205.12843586552447,1.953071e-06
40.0,0.0,205.12801206046143,1.959124e-06
40.0,0.0,205.1275865861256,1.902226e-06
40.0,0.0,205.12719910026027,1.831286e-06
40.0,0.0,205.1267529414332,1.845372e-06
40.0,0.0,205.1263532913878,1.86963e-06
40.0,0.0,205.12592995774045,1.880835e-06
40.0,0.0,205.12548190375443,1.798791e-06
40.0,0.0,205.12510860653117,1.920853e-06
40.0,0.0,205.12469333027167,1.80582e-06
40.0,0.0,205.12424750913553,1.660956e-06
40.0,0.0,205.12384851725372,1.668188e-06
40.0,0.0,205.12342452423863,1.819673e-06
40.0,0.0,205.12302093349297,1.619512e-06
40.0,0.0,205.1225955705029,1.508015e-06
40.0,0.0,205.1221870242981,1.451699e-06
40.0,0.0,205.12178048682503,1.514185e-06
40.0,0.0,205.12134309113,1.506793e-06
40.0,0.0,205.12091885393545,1.509252e-06
40.0,0.0,205.12051577857125,1.466542e-06
40.0,0.0,205.12008123561273,1.432112e-06
40.0,0.0,205.11966008191484,1.465785e-06
40.0,0.0,205.11923587095228,1.421271e-06
40.0,0.0,205.1188371229724,1.582477e-06
40.0,0.0,205.1183962542656,1.663808e-06
40.0,0.0,205.11796557877727,1.66551e-06
40.0,0.0,205.1175479422392,1.70547e-06
40.0,0.0,205.1171270395926,1.740278e-06
40.0,0.0,205.11673092099932,1.776105e-06
40.0,0.0,205.116299750764,1.726701e-06
40.0,0.0,205.11589157925133,1.657696e-06
40.0,0.0,205.11546067274793,1.649809e-06
40.0,0.0,205.1150602515,1.650362e-06
40.0,0.0,205.1146544567668,1.663284e-06
40.0,0.0,205.1142257370684,1.669381e-06
40.0,0.0,205.11381778363773,1.613866e-06
40.0,0.0,205.11338710814948,1.635141e-06
40.0,0.0,205.11297907619263,1.664492e-06
40.0,0.0,205.11256370360644,1.573353e-06
40.0,0.0,205.11213962760556,1.586319e-06
40.0,0.0,205.1117323536756,1.457724e-06
40.0,0.0,205.111312785169,1.540189e-06
40.0,0.0,205.1108725828488,1.572014e-06
40.0,0.0,205.11045098590907,1.455424e-06
40.0,0.0,205.1100498475584,1.552602e-06
40.0,0.0,205.10961483808944,1.512482e-06
40.0,0.0,205.10919956845652,1.456196e-06
40.0,0.0,205.10879765436755,1.478926e-06
40.0,0.0,205.1083671563854,1.473672e-06
40.0,0.0,205.1079235573091,1.425971e-06
40.0,0.0,205.1075191703552,1.414257e-06
40.0,0.0,205.1071088086697,1.443317e-06
40.0,0.0,205.10669644034732,1.475346e-06
40.0,0.0,205.1062913155968,1.494031e-06
40.0,0.0,205.10587189794953,1.405526e-06
40.0,0.0,205.10546236245807,1.448352e-06
40.0,0.0,205.10501763216476,1.399167e-06
40.0,0.0,205.10461462060732,1.331442e-06
40.0,0.0,205.10421486505513,1.440072e-06
40.0,0.0,205.1037858101234,1.475113e-06
40.0,0.0,205.1033604555812,1.445558e-06
40.0,0.0,205.10295718017412,1.377761e-06
40.0,0.0,205.1025121576357,1.317094e-06
40.0,0.0,205.1021094442873,1.342836e-06
40.0,0.0,205.1017091137256,1.283392e-06
40.0,0.0,205.10128132759053,1.296998e-06
40.0,0.0,205.10087360927167,1.278167e-06
40.0,0.0,205.1004525160686,1.335473e-06
40.0,0.0,205.10000724757865,1.17466e-06
40.0,0.0,205.09959169691476,1.177206e-06
40.0,0.0,205.09918103731005,1.169974e-06
40.0,0.0,205.09877708628224,1.190507e-06
40.0,0.0,205.0983333014232,1.077293e-06
40.0,0.0,205.09791249345497,1.078384e-06
40.0,0.0,205.097473621262,1.029737e-06
40.0,0.0,205.0970856676548,1.100925e-06
40.0,0.0,205.0966508603936,1.139051e-06
40.0,0.0,205.09626843208957,1.065215e-06
40.0,0.0,205.0958286253899,1.055072e-06
40.0,0.0,205.09539573864416,1.229477e-06
40.0,0.0,205.0949946122628,1.209337e-06
40.0,0.0,205.09459494261753,1.122346e-06
40.0,0.0,205.09419327589484,9.407231000000002e-07
40.0,0.0,205.09374771012,1.185457e-06
40.0,0.0,205.09333769779616,1.127599e-06
40.0,0.0,205.09292522497293,1.131441e-06
40.0,0.0,205.09247637477313,1.135966e-06
40.0,0.0,205.0920797790355,1.080829e-06
40.0,0.0,205.09168753119167,1.148874e-06
40.0,0.0,205.09124203947707,1.153894e-06
40.0,0.0,205.09080936010673,1.157779e-06
40.0,0.0,205.09040141238404,1.029912e-06
40.0,0.0,205.08997054442503,9.888317000000002e-07
40.0,0.0,205.0895412332632,8.921197000000001e-07
40.0,0.0,205.08912596363027,9.923097e-07
40.0,0.0,205.08873489586463,9.953801e-07
40.0,0.0,205.08830534742253,1.042557e-06
40.0,0.0,205.08788303277257,1.034554e-06
40.0,0.0,205.08746672439105,9.568321e-07
40.0,0.0,205.08703933943855,1.080494e-06
40.0,0.0,205.08663079256948,1.051652e-06
40.0,0.0,205.08623118194183,1.101842e-06
40.0,0.0,205.08581483941953,1.100329e-06
40.0,0.0,205.0853925587309,1.063891e-06
40.0,0.0,205.08496188352703,1.028267e-06
40.0,0.0,205.0845618352241,1.038585e-06
40.0,0.0,205.08414264520567,1.111825e-06
40.0,0.0,205.08372671987425,9.869837e-07
40.0,0.0,205.08331831192467,1.053573e-06
40.0,0.0,205.0828876364364,1.111126e-06
40.0,0.0,205.08245846920224,1.019042e-06
40.0,0.0,205.0820651897336,9.715877e-07
40.0,0.0,205.08164533089132,1.059539e-06
40.0,0.0,205.0812214772461,1.04963e-06
40.0,0.0,205.08081384443537,1.079636e-06
40.0,0.0,205.0803831689471,1.065375e-06
40.0,0.0,205.07995049885824,1.056775e-06
40.0,0.0,205.07954477856043,1.072767e-06
40.0,0.0,205.0791172371713,1.118649e-06
40.0,0.0,205.07871617487,1.106397e-06
40.0,0.0,205.07826806379256,1.112727e-06
40.0,0.0,205.07783324592657,1.044784e-06
40.0,0.0,205.0774255256065,1.07479e-06
40.0,0.0,205.0769987054969,1.086155e-06
40.0,0.0,205.07659759565456,9.496580000000002e-07
40.0,0.0,205.07619368916957,1.021879e-06
40.0,0.0,205.07575899369868,1.117238e-06
40.0,0.0,205.07536365087427,1.136694e-06
40.0,0.0,205.07492059789027,1.099586e-06
40.0,0.0,205.07451617011256,1.082342e-06
40.0,0.0,205.07410519821133,1.105742e-06
40.0,0.0,205.07369343505127,1.097098e-06
40.0,0.0,205.07327945235056,9.539654000000002e-07
40.0,0.0,205.07284635913769,1.036635e-06
40.0,0.0,205.0724597561345,1.020569e-06
40.0,0.0,205.0720152921176,1.142238e-06
40.0,0.0,205.0716000224847,1.044085e-06
40.0,0.0,205.0711844815405,1.073786e-06
40.0,0.0,205.07077045636473,1.039414e-06
40.0,0.0,205.07035358416087,1.072709e-06
40.0,0.0,205.06991145048704,1.040884e-06
40.0,0.0,205.06948149795355,1.041612e-06
40.0,0.0,205.0690723683364,1.051289e-06
40.0,0.0,205.06867873668517,1.040273e-06
40.0,0.0,205.06824647158237,1.060384e-06
40.0,0.0,205.06782799352484,1.109016e-06
40.0,0.0,205.06740668522747,1.043823e-06
40.0,0.0,205.06697622931588,1.105975e-06
40.0,0.0,205.06658873819703,1.06392e-06
40.0,0.0,205.0661737531285,1.069435e-06
40.0,0.0,205.0657301344698,1.015156e-06
40.0,0.0,205.06533319259265,1.110748e-06
40.0,0.0,205.06490274293992,1.029955e-06
40.0,0.0,205.06449677599045,1.022971e-06
40.0,0.0,205.0640836486156,1.103574e-06
40.0,0.0,205.063673786334,1.07869e-06
40.0,0.0,205.063270503246,1.114124e-06
40.0,0.0,205.0628335268684,1.088512e-06
40.0,0.0,205.06239757144397,1.06245e-06
40.0,0.0,205.06199058172476,1.123131e-06
40.0,0.0,205.06157676550268,1.040011e-06
40.0,0.0,205.06115031998175,1.088978e-06
40.0,0.0,205.06076532288003,1.058652e-06
40.0,0.0,205.06032036069087,9.718351e-07
40.0,0.0,205.05988446342607,1.126085e-06
40.0,0.0,205.0594847464796,1.090331e-06
40.0,0.0,205.05907136740495,1.071414e-06
40.0,0.0,205.0586280453924,9.719079e-07
40.0,0.0,205.0582130470708,1.090462e-06
40.0,0.0,205.05778431748692,1.169959e-06
40.0,0.0,205.0573715358264,1.128763e-06
40.0,0.0,205.05693433612367,1.143751e-06
40.0,0.0,205.05653152274823,1.140535e-06
40.0,0.0,205.05612253871547,1.111577e-06
40.0,0.0,205.05570929236004,1.056833e-06
40.0,0.0,205.05530231783047,1.141714e-06
40.0,0.0,205.05487623868123,1.142325e-06
40.0,0.0,205.05446376571925,1.032618e-06
40.0,0.0,205.0540462774512,1.068925e-06
40.0,0.0,205.05362536775013,1.108245e-06
40.0,0.0,205.0532164142456,1.105756e-06
40.0,0.0,205.0527924212305,1.085951e-06
40.0,0.0,205.05239393103244,1.042557e-06
40.0,0.0,205.05194641392427,1.053937e-06
40.0,0.0,205.0515343679088,1.09055e-06
40.0,0.0,205.05112102712064,1.106979e-06
40.0,0.0,205.0507107082429,1.120949e-06
40.0,0.0,205.05028263131223,1.154462e-06
40.0,0.0,205.04985218322656,1.110457e-06
40.0,0.0,205.04944424025848,1.04052e-06
40.0,0.0,205.04902212913507,9.955256000000002e-07
40.0,0.0,205.04859367323743,9.941432000000002e-07
40.0,0.0,205.0481749378904,1.044318e-06
40.0,0.0,205.04777094391088,1.17431e-06
40.0,0.0,205.0473358611928,1.163004e-06
40.0,0.0,205.04692768908504,1.204055e-06
40.0,0.0,205.046501627699,1.19675e-06
40.0,0.0,205.04610022259024,1.137945e-06
40.0,0.0,205.04569887288127,1.143519e-06
40.0,0.0,205.04527294302616,1.179738e-06
40.0,0.0,205.04486476790092,1.146953e-06
40.0,0.0,205.0444302527672,1.058346e-06
40.0,0.0,205.04402637751423,9.813521000000001e-07
40.0,0.0,205.0436225226931,1.15468e-06
40.0,0.0,205.0431791926981,1.176915e-06
40.0,0.0,205.04277502982825,1.106746e-06
40.0,0.0,205.04234890368977,1.137974e-06
40.0,0.0,205.0419229572096,1.102846e-06
40.0,0.0,205.04151784607475,1.167995e-06
40.0,0.0,205.04110229528453,1.176275e-06
40.0,0.0,205.0406905730337,1.175998e-06
40.0,0.0,205.04028530441184,1.17514e-06
40.0,0.0,205.0398425901622,1.183449e-06
40.0,0.0,205.0394012253776,1.204564e-06
40.0,0.0,205.03897077347008,1.238965e-06
40.0,0.0,205.03857160853167,1.135035e-06
40.0,0.0,205.03816680215337,1.170338e-06
40.0,0.0,205.03774670832124,1.181295e-06
40.0,0.0,205.037300135737,1.239503e-06
40.0,0.0,205.03690139346168,1.233391e-06
40.0,0.0,205.03645445445383,1.189997e-06
40.0,0.0,205.03606900709417,1.239299e-06
40.0,0.0,205.03564712996817,1.176086e-06
40.0,0.0,205.03523038930487,1.218214e-06
40.0,0.0,205.03482243616057,9.741198000000002e-07
40.0,0.0,205.0343915350798,1.204273e-06
40.0,0.0,205.03398445008608,1.18668e-06
40.0,0.0,205.0335699525528,1.172317e-06
40.0,0.0,205.03314451120713,1.136301e-06
40.0,0.0,205.0327588327688,1.211039e-06
40.0,0.0,205.03231372876547,1.281864e-06
40.0,0.0,205.03191523805916,1.272856e-06
40.0,0.0,205.0314914941553,1.276421e-06
40.0,0.0,205.03105000699236,1.332053e-06
40.0,0.0,205.0306435077316,1.309018e-06
40.0,0.0,205.0302429685576,1.30439e-06
40.0,0.0,205.02981207108843,1.325374e-06
40.0,0.0,205.02937203493687,1.30829e-06
40.0,0.0,205.02893170041588,1.301625e-06
40.0,0.0,205.0285297754156,1.265696e-06
40.0,0.0,205.0281147851724,1.205131e-06
40.0,0.0,205.0277018144561,1.276625e-06
40.0,0.0,205.02729575207215,1.30196e-06
40.0,0.0,205.0268649530244,1.262655e-06
40.0,0.0,205.0264568964296,1.226159e-06
40.0,0.0,205.02603733188323,1.237961e-06
40.0,0.0,205.02561782344253,1.276188e-06
40.0,0.0,205.02523237608287,1.256034e-06
40.0,0.0,205.0247841200973,1.078733e-06
40.0,0.0,205.024379686778,1.253211e-06
40.0,0.0,205.02396163495024,1.285778e-06
40.0,0.0,205.0235168238206,1.275825e-06
40.0,0.0,205.0231391498032,1.274529e-06
40.0,0.0,205.0227146189445,1.312234e-06
40.0,0.0,205.0222856035592,1.311069e-06
40.0,0.0,205.02187766125823,1.358203e-06
40.0,0.0,205.0214471206484,1.284643e-06
40.0,0.0,205.02104518757193,1.282795e-06
40.0,0.0,205.02063799514843,1.276043e-06
40.0,0.0,205.02019745597465,1.265944e-06
40.0,0.0,205.01977370830093,1.252294e-06
40.0,0.0,205.01934997767813,1.251014e-06
40.0,0.0,205.0189509832034,1.267195e-06
40.0,0.0,205.01850498252497,1.229215e-06
40.0,0.0,205.0180894385475,1.26849e-06
40.0,0.0,205.01767417194796,1.279812e-06
40.0,0.0,205.01727126031528,1.315246e-06
40.0,0.0,205.0168315189876,1.380889e-06
40.0,0.0,205.01640802189317,1.364038e-06
40.0,0.0,205.01600593978793,1.316104e-06
40.0,0.0,205.01559799206524,1.280161e-06
40.0,0.0,205.0151822762128,1.279128e-06
40.0,0.0,205.0147591461329,1.301625e-06
40.0,0.0,205.01435096632648,1.282649e-06
40.0,0.0,205.0139200634356,1.224937e-06
40.0,0.0,205.01349231358355,1.244684e-06
40.0,0.0,205.01310454498585,1.311229e-06
40.0,0.0,205.0126889926974,1.330656e-06
40.0,0.0,205.01224359907147,1.323249e-06
40.0,0.0,205.0118446117293,1.289183e-06
40.0,0.0,205.01142086885756,1.263528e-06
40.0,0.0,205.0109721593824,1.243374e-06
40.0,0.0,205.01057238850447,1.257111e-06
40.0,0.0,205.0101673776012,1.216074e-06
40.0,0.0,205.00974695173727,1.033899e-06
40.0,0.0,205.0093295063836,1.109889e-06
40.0,0.0,205.00890166718384,1.184613e-06
40.0,0.0,205.00847792431213,1.265129e-06
40.0,0.0,205.0080351960664,1.1909e-06
40.0,0.0,205.00764770997847,1.085995e-06
40.0,0.0,205.00723108752615,1.258639e-06
40.0,0.0,205.006814752872,1.239518e-06
40.0,0.0,205.0063922405396,1.280758e-06
40.0,0.0,205.005962473125,1.260909e-06
40.0,0.0,205.0055705346272,1.298671e-06
40.0,0.0,205.00515498705647,1.291381e-06
40.0,0.0,205.00475666329007,1.274806e-06
40.0,0.0,205.0043144989456,1.170905e-06
40.0,0.0,205.00390479662371,1.272492e-06
40.0,0.0,205.0034933526493,1.260749e-06
40.0,0.0,205.00305002656447,1.24592e-06
40.0,0.0,205.00265094153113,1.311404e-06
40.0,0.0,205.0022445388917,1.20567e-06
40.0,0.0,205.0018118615832,1.267676e-06
40.0,0.0,205.00138095680856,1.298467e-06
40.0,0.0,205.00097278710504,1.262932e-06
40.0,0.0,205.00055702570464,1.302004e-06
40.0,0.0,205.0001249419988,1.210909e-06
40.0,0.0,204.9997465312373,1.173481e-06
40.0,0.0,204.99930209463295,1.163862e-06
40.0,0.0,204.99886463779228,1.335138e-06
40.0,0.0,204.99843374032312,1.250039e-06
40.0,0.0,204.99800902369233,1.205583e-06
40.0,0.0,204.99759455395687,1.228604e-06
40.0,0.0,204.99720570095,1.316803e-06
40.0,0.0,204.9967588929364,1.315188e-06
40.0,0.0,204.9963599005177,1.226828e-06
40.0,0.0,204.99593615168203,1.242122e-06
40.0,0.0,204.9955315124948,1.260327e-06
40.0,0.0,204.99510102451083,1.327731e-06
40.0,0.0,204.9946926103173,1.251843e-06
40.0,0.0,204.9942906826681,1.106586e-06
40.0,0.0,204.99385381528688,1.075532e-06
40.0,0.0,204.99344586477068,1.183085e-06
40.0,0.0,204.99302439840855,1.181848e-06
40.0,0.0,204.9926094133401,1.190783e-06
40.0,0.0,204.99222164086223,1.280801e-06
40.0,0.0,204.99179139795288,1.294975e-06
40.0,0.0,204.99134924337983,1.095759e-06
40.0,0.0,204.99091291684,1.261054e-06
40.0,0.0,204.9905265080894,1.30765e-06
40.0,0.0,204.99008890888464,1.336026e-06
40.0,0.0,204.9896736356445,1.139837e-06
40.0,0.0,204.98923027887784,1.055218e-06
40.0,0.0,204.98884458184077,1.204753e-06
40.0,0.0,204.98840754955128,1.202789e-06
40.0,0.0,204.98796129639857,1.193301e-06
40.0,0.0,204.9875843080102,1.164241e-06
40.0,0.0,204.98715285627057,1.36059e-06
40.0,0.0,204.9867550652112,1.294757e-06
40.0,0.0,204.98632689558067,1.371431e-06
40.0,0.0,204.9859027852152,1.300898e-06
40.0,0.0,204.9854909439256,1.321619e-06
40.0,0.0,204.9850759522305,1.174398e-06
40.0,0.0,204.98468846208013,1.249253e-06
40.0,0.0,204.98426420722083,1.306194e-06
40.0,0.0,204.98384552686727,1.210559e-06
40.0,0.0,204.98342113661585,1.212175e-06
40.0,0.0,204.98299714360076,1.339897e-06
40.0,0.0,204.9825871882015,1.25634e-06
40.0,0.0,204.9821690714268,1.200984e-06
40.0,0.0,204.98174879239315,1.171109e-06
40.0,0.0,204.981330982304,1.31705e-06
40.0,0.0,204.98090971437705,1.234861e-06
40.0,0.0,204.9804796585056,1.227032e-06
40.0,0.0,204.98008020367936,1.340362e-06
40.0,0.0,204.97967661981605,1.136956e-06
40.0,0.0,204.9792324643384,9.016658000000001e-07
40.0,0.0,204.97880847728717,1.123801e-06
40.0,0.0,204.97837044019255,1.10516e-06
40.0,0.0,204.97794249193913,8.696661e-07
40.0,0.0,204.97754416833416,9.273790000000001e-07
40.0,0.0,204.97712889574152,8.619973000000001e-07
40.0,0.0,204.9766929663681,9.779469e-07
40.0,0.0,204.97629077050976,1.089487e-06
40.0,0.0,204.97586703360196,1.10468e-06
40.0,0.0,204.97546853550608,1.023014e-06
40.0,0.0,204.97504454249096,1.205291e-06
40.0,0.0,204.97466505804704,1.15142e-06
40.0,0.0,204.974221737,1.092863e-06
40.0,0.0,204.9738067220707,1.062144e-06
40.0,0.0,204.9733988277306,1.374836e-06
40.0,0.0,204.9729523493787,1.40151e-06
40.0,0.0,204.97255159213051,1.314067e-06
40.0,0.0,204.9721445571544,1.400011e-06
40.0,0.0,204.97172828422975,1.146778e-06
40.0,0.0,204.97127986453745,1.20484e-06
40.0,0.0,204.9708808708099,1.407418e-06
40.0,0.0,204.97045738404543,1.278298e-06
40.0,0.0,204.97001210058048,1.045046e-06
40.0,0.0,204.96959655300975,1.235734e-06
40.0,0.0,204.96918565011836,1.097345e-06
40.0,0.0,204.96878151170608,9.891082e-07
40.0,0.0,204.96835060881523,8.376664e-07
40.0,0.0,204.96794266179387,1.072272e-06
40.0,0.0,204.96751993353408,1.036169e-06
40.0,0.0,204.96709144387236,1.17223e-06
40.0,0.0,204.96669295416197,1.165681e-06
40.0,0.0,204.9662687107252,1.080509e-06
40.0,0.0,204.96586946920584,1.155218e-06
40.0,0.0,204.96542543139105,1.175751e-06
40.0,0.0,204.96499914689355,8.852512e-07
40.0,0.0,204.96461137847692,1.332606e-06
40.0,0.0,204.96419610884408,1.298977e-06
40.0,0.0,204.9637875081536,1.264125e-06
40.0,0.0,204.96336228685664,1.345339e-06
40.0,0.0,204.96292751927,1.381806e-06
40.0,0.0,204.96252411547357,1.498003e-06
40.0,0.0,204.96211948936835,1.608903e-06
40.0,0.0,204.9616854968276,1.553402e-06
40.0,0.0,204.96128254897587,1.329157e-06
40.0,0.0,204.96084664443268,1.277585e-06
40.0,0.0,204.96041597158248,1.186403e-06
40.0,0.0,204.9600110761812,9.721989e-07
40.0,0.0,204.95960009636767,8.332863000000001e-07
40.0,0.0,204.95918426754844,1.213193e-06
40.0,0.0,204.95873934727928,1.079097e-06
40.0,0.0,204.95830691630465,1.194931e-06
40.0,0.0,204.95791636780936,1.215172e-06
40.0,0.0,204.9574685222728,1.110267e-06
40.0,0.0,204.9570518131068,1.187262e-06
40.0,0.0,204.95664514109924,1.292748e-06
40.0,0.0,204.95624445212405,1.202483e-06
40.0,0.0,204.9558135488113,1.160894e-06
40.0,0.0,204.95540537519605,1.278444e-06
40.0,0.0,204.9549747036131,1.231543e-06
40.0,0.0,204.95457617588488,1.390901e-06
40.0,0.0,204.95417243287935,1.333567e-06
45.0,0.0,205.577975,2.245481e-05
45.0,0.0,205.577975,-2.093293e-06
45.0,0.0,205.577975,-1.128661e-06
45.0,0.0,205.5779271234906,-5.193724e-07
45.0,0.0,205.5777756090694,-6.238406e-08
45.0,0.0,205.57758391628528,2.9240620000000004e-07
45.0,0.0,205.5773536842593,5.649053e-07
45.0,0.0,205.577096952054,5.691836e-07
45.0,0.0,205.57679896375407,5.502516e-07
45.0,0.0,205.57643128659907,5.906768e-07
45.0,0.0,205.5760294129581,8.123025000000001e-07
45.0,0.0,205.57564991288163,9.356299e-07
45.0,0.0,205.57522628933776,9.459472e-07
45.0,0.0,205.5748102137669,9.159994e-07
45.0,0.0,205.57440369665983,9.943906000000002e-07
45.0,0.0,205.57395690568023,1.101478e-06
45.0,0.0,205.57353729594047,9.232754e-07
45.0,0.0,205.57314975928384,1.000852e-06
45.0,0.0,205.57273254819,1.20014e-06
45.0,0.0,205.5723346017356,1.165419e-06
45.0,0.0,205.57189366030167,1.094508e-06
45.0,0.0,205.57146289045727,1.197754e-06
45.0,0.0,205.57104466922888,1.247332e-06
45.0,0.0,205.57063866263567,1.111432e-06
45.0,0.0,205.57023874345845,1.14087e-06
45.0,0.0,205.56980789621656,1.164648e-06
45.0,0.0,205.56936732440937,1.127424e-06
45.0,0.0,205.56894489259713,1.126929e-06
45.0,0.0,205.5685110472781,1.238353e-06
45.0,0.0,205.5681213942602,1.123844e-06
45.0,0.0,205.5676944502352,1.091481e-06
45.0,0.0,205.5672691201597,1.257373e-06
45.0,0.0,205.56687480751563,1.201013e-06
45.0,0.0,205.56643058205097,1.069173e-06
45.0,0.0,205.5660051856888,1.134104e-06
45.0,0.0,205.565617865884,1.139051e-06
45.0,0.0,205.5652026356948,1.077875e-06
45.0,0.0,205.56479244991675,1.11635e-06
45.0,0.0,205.5643820372584,1.150373e-06
45.0,0.0,205.56393662148625,1.103574e-06
45.0,0.0,205.56351227826,1.300024e-06
45.0,0.0,205.56310950539623,1.348832e-06
45.0,0.0,205.56270916730665,1.297391e-06
45.0,0.0,205.56228134746368,1.31868e-06
45.0,0.0,205.56187313175437,1.224966e-06
45.0,0.0,205.56144257678943,1.262175e-06
45.0,0.0,205.56101999619128,1.323817e-06
45.0,0.0,205.56063258396284,1.188717e-06
45.0,0.0,205.5602173716291,1.224296e-06
45.0,0.0,205.55978793306167,1.023582e-06
45.0,0.0,205.55934546650087,1.233013e-06
45.0,0.0,205.55890358685815,1.244742e-06
45.0,0.0,205.5584978706944,1.226581e-06
45.0,0.0,205.5580852794307,1.138978e-06
45.0,0.0,205.55766963643703,1.214139e-06
45.0,0.0,205.55722643446015,1.379507e-06
45.0,0.0,205.55684107359835,1.425942e-06
45.0,0.0,205.55640351502464,1.137741e-06
45.0,0.0,205.5560020342407,1.146196e-06
45.0,0.0,205.5555804895528,1.173277e-06
45.0,0.0,205.55516286526355,1.197172e-06
45.0,0.0,205.55475775928036,1.209366e-06
45.0,0.0,205.55432422258224,1.188993e-06
45.0,0.0,205.55391627573783,1.268781e-06
45.0,0.0,205.5534876729152,1.255452e-06
45.0,0.0,205.5530875632608,1.293505e-06
45.0,0.0,205.55268494101907,1.331646e-06
45.0,0.0,205.55224018353852,1.327717e-06
45.0,0.0,205.55185373978193,1.303328e-06
45.0,0.0,205.55141777206927,1.289925e-06
45.0,0.0,205.55096968640973,1.215725e-06
45.0,0.0,205.55058446645273,1.34026e-06
45.0,0.0,205.550165440676,1.323235e-06
45.0,0.0,205.5497457122219,1.258435e-06
45.0,0.0,205.5492989607829,1.253167e-06
45.0,0.0,205.54889151525603,1.262946e-06
45.0,0.0,205.5484755881021,1.248132e-06
45.0,0.0,205.54805158630407,1.325316e-06
45.0,0.0,205.54763642397535,1.233915e-06
45.0,0.0,205.5472288008943,1.181208e-06
45.0,0.0,205.54679768898407,1.157794e-06
45.0,0.0,205.54638971852117,1.266919e-06
45.0,0.0,205.54595908885844,1.279725e-06
45.0,0.0,205.5455588571092,1.215638e-06
45.0,0.0,205.54515304383327,1.321037e-06
45.0,0.0,205.54473533653052,1.350534e-06
45.0,0.0,205.54432716660284,1.255408e-06
45.0,0.0,205.54388838989533,1.209002e-06
45.0,0.0,205.54346466607407,1.295673e-06
45.0,0.0,205.54305741131125,1.357053e-06
45.0,0.0,205.54264168660413,1.293025e-06
45.0,0.0,205.54221847680415,1.277411e-06
45.0,0.0,205.5418189050088,1.350971e-06
45.0,0.0,205.54137937411548,1.366541e-06
45.0,0.0,205.54095049132417,1.366279e-06
45.0,0.0,205.54055499719288,1.329929e-06
45.0,0.0,205.54013945624877,1.362612e-06
45.0,0.0,205.53969902256767,1.273205e-06
45.0,0.0,205.53927513760476,1.302149e-06
45.0,0.0,205.53887622828967,1.343447e-06
45.0,0.0,205.5384317395358,1.295382e-06
45.0,0.0,205.53800705076807,1.278269e-06
45.0,0.0,205.5375914754036,1.251799e-06
45.0,0.0,205.5372039286972,1.324006e-06
45.0,0.0,205.53677734852633,1.340435e-06
45.0,0.0,205.5363572501548,1.335196e-06
45.0,0.0,205.53593878501235,1.31948e-06
45.0,0.0,205.53551563415377,1.35148e-06
45.0,0.0,205.53512827537733,1.283566e-06
45.0,0.0,205.53468868526505,1.310545e-06
45.0,0.0,205.53426479230723,1.206557e-06
45.0,0.0,205.53386595752093,1.215391e-06
45.0,0.0,205.53342221157635,1.229637e-06
45.0,0.0,205.53303710552265,1.171007e-06
45.0,0.0,205.5326077739412,1.174078e-06
45.0,0.0,205.5321923931332,1.245193e-06
45.0,0.0,205.53178470059956,1.153516e-06
45.0,0.0,205.53135965010404,1.13534e-06
45.0,0.0,205.5309240750817,1.128923e-06
45.0,0.0,205.53050021250075,1.148757e-06
45.0,0.0,205.53008992774912,1.029417e-06
45.0,0.0,205.5296774027688,1.151842e-06
45.0,0.0,205.5292534097537,1.171502e-06
45.0,0.0,205.52882010808656,1.031163e-06
45.0,0.0,205.5284120900805,1.107837e-06
45.0,0.0,205.5279828187205,1.125911e-06
45.0,0.0,205.52756766047,1.111999e-06
45.0,0.0,205.52717964126927,1.144857e-06
45.0,0.0,205.52675673072287,1.191118e-06
45.0,0.0,205.52631113854045,1.147971e-06
45.0,0.0,205.52591229826265,1.119217e-06
45.0,0.0,205.5254882802332,1.05548e-06
45.0,0.0,205.52510231694785,1.088643e-06
45.0,0.0,205.5246590498253,1.009204e-06
45.0,0.0,205.52424027457687,1.138207e-06
45.0,0.0,205.52384318486736,1.096036e-06
45.0,0.0,205.52340181596944,1.051187e-06
45.0,0.0,205.52297121189648,1.166001e-06
45.0,0.0,205.5225825071044,1.106469e-06
45.0,0.0,205.52216696616023,1.005435e-06
45.0,0.0,205.52176591854592,1.120847e-06
45.0,0.0,205.52133912513463,1.101551e-06
45.0,0.0,205.52090188704847,1.076376e-06
45.0,0.0,205.520500408016,1.046603e-06
45.0,0.0,205.52009084034603,1.147433e-06
45.0,0.0,205.5196472105916,1.174936e-06
45.0,0.0,205.51923068267357,1.124805e-06
45.0,0.0,205.5187997077604,1.136272e-06
45.0,0.0,205.5183918948591,1.138949e-06
45.0,0.0,205.5179596665405,1.098626e-06
45.0,0.0,205.51751492085077,1.12594e-06
45.0,0.0,205.5171226015816,1.158754e-06
45.0,0.0,205.51671241620247,1.115463e-06
45.0,0.0,205.5162839770916,1.136505e-06
45.0,0.0,205.51587578050513,1.232183e-06
45.0,0.0,205.5154451511447,1.301072e-06
45.0,0.0,205.51504340415008,1.288296e-06
45.0,0.0,205.5146356451719,1.182751e-06
45.0,0.0,205.51422056294427,1.162553e-06
45.0,0.0,205.5138130466648,1.217035e-06
45.0,0.0,205.51337320813053,1.20663e-06
45.0,0.0,205.51297466596196,1.242632e-06
45.0,0.0,205.51255056693356,1.261302e-06
45.0,0.0,205.51213548187928,1.261345e-06
45.0,0.0,205.51172721224856,1.182038e-06
45.0,0.0,205.51129640773627,1.192209e-06
45.0,0.0,205.51086582170367,1.367414e-06
45.0,0.0,205.51043489825688,1.321401e-06
45.0,0.0,205.51003204064696,1.272041e-06
45.0,0.0,205.50962308393932,1.277542e-06
45.0,0.0,205.5091845108387,1.349108e-06
45.0,0.0,205.5087607929813,1.33134e-06
45.0,0.0,205.50836204801143,1.233202e-06
45.0,0.0,205.50791877935083,1.24854e-06
45.0,0.0,205.50749065459007,1.281951e-06
45.0,0.0,205.50709012490688,1.309163e-06
45.0,0.0,205.5066873558468,1.282227e-06
45.0,0.0,205.50624237785073,1.304521e-06
45.0,0.0,205.50585540595523,1.325287e-06
45.0,0.0,205.50542883980725,1.295222e-06
45.0,0.0,205.5050258557776,1.253124e-06
45.0,0.0,205.50459694605416,1.292559e-06
45.0,0.0,205.50417752666377,1.31625e-06
45.0,0.0,205.50377378682953,1.310837e-06
45.0,0.0,205.50333854153848,1.200518e-06
45.0,0.0,205.50295100631047,1.312859e-06
45.0,0.0,205.50250502002035,1.296619e-06
45.0,0.0,205.50208985268745,1.201275e-06
45.0,0.0,205.50170247578805,1.281718e-06
45.0,0.0,205.50127601371648,1.315653e-06
45.0,0.0,205.5008452910411,1.313281e-06
45.0,0.0,205.5004371314469,1.271546e-06
45.0,0.0,205.5000136187424,1.32827e-06
45.0,0.0,205.49958579141827,1.398381e-06
45.0,0.0,205.49915498360517,1.329186e-06
45.0,0.0,205.49873680860304,1.33588e-06
45.0,0.0,205.4983059831233,1.421809e-06
45.0,0.0,205.4978978482929,1.402033e-06
45.0,0.0,205.49746596069923,1.277076e-06
45.0,0.0,205.49705853912567,1.330904e-06
45.0,0.0,205.49664272315928,1.387802e-06
45.0,0.0,205.49621937002647,1.299413e-06
45.0,0.0,205.4958202089968,1.181834e-06
45.0,0.0,205.4953808799986,1.311608e-06
45.0,0.0,205.4949956634221,1.345557e-06
45.0,0.0,205.49455729064977,1.319e-06
45.0,0.0,205.49415708569165,1.366949e-06
45.0,0.0,205.4937512516514,1.414286e-06
45.0,0.0,205.4933180531561,1.362991e-06
45.0,0.0,205.4928945546028,1.295091e-06
45.0,0.0,205.4924799419092,1.373162e-06
45.0,0.0,205.49206483903896,1.280016e-06
45.0,0.0,205.49165711264544,1.274122e-06
45.0,0.0,205.49125529115375,1.284629e-06
45.0,0.0,205.49080977901045,1.17837e-06
45.0,0.0,205.49038569371288,1.399836e-06
45.0,0.0,205.48994008678275,1.277294e-06
45.0,0.0,205.4895374272023,1.423483e-06
45.0,0.0,205.4891288219032,1.267035e-06
45.0,0.0,205.48871335363657,1.212858e-06
45.0,0.0,205.48826577982368,1.343724e-06
45.0,0.0,205.48787705595208,1.251596e-06
45.0,0.0,205.4874434397716,1.313165e-06
45.0,0.0,205.48701987200016,1.294422e-06
45.0,0.0,205.48663712327385,1.262626e-06
45.0,0.0,205.48619421990648,1.379987e-06
45.0,0.0,205.48578626722943,1.393855e-06
45.0,0.0,205.485374955312,1.351422e-06
45.0,0.0,205.4849343245085,1.299093e-06
45.0,0.0,205.48455232246556,1.400578e-06
45.0,0.0,205.48411764642665,1.384222e-06
45.0,0.0,205.48370478669335,1.330089e-06
45.0,0.0,205.48329863110337,1.291846e-06
45.0,0.0,205.48286779277788,1.357825e-06
45.0,0.0,205.48247093431365,1.394059e-06
45.0,0.0,205.48202690506193,1.337597e-06
45.0,0.0,205.48161163680484,1.26168e-06
45.0,0.0,205.48122391673792,1.20209e-06
45.0,0.0,205.48079319346604,1.369554e-06
45.0,0.0,205.48035104733512,1.305496e-06
45.0,0.0,205.47995240269924,1.251203e-06
45.0,0.0,205.47952841510892,1.300039e-06
45.0,0.0,205.4790914446404,1.372857e-06
45.0,0.0,205.47867613834225,1.36513e-06
45.0,0.0,205.478254487788,1.360386e-06
45.0,0.0,205.47783618443833,1.37501e-06
45.0,0.0,205.4774098802611,1.480177e-06
45.0,0.0,205.47698606363588,1.457913e-06
45.0,0.0,205.47657699122323,1.473731e-06
45.0,0.0,205.47615628513728,1.499968e-06
45.0,0.0,205.47575798547783,1.558539e-06
45.0,0.0,205.47533005644553,1.484645e-06
45.0,0.0,205.4749055403421,1.367152e-06
45.0,0.0,205.47449466825455,1.536668e-06
45.0,0.0,205.474079430274,1.468958e-06
45.0,0.0,205.4736919419232,1.45979e-06
45.0,0.0,205.47326729986492,1.468798e-06
45.0,0.0,205.4728480884024,1.418535e-06
45.0,0.0,205.47242869497677,1.442342e-06
45.0,0.0,205.47200283473356,1.453504e-06
45.0,0.0,205.4715762082647,1.466731e-06
45.0,0.0,205.4711592000274,1.526409e-06
45.0,0.0,205.47075394824668,1.540466e-06
45.0,0.0,205.47032073534908,1.483466e-06
45.0,0.0,205.46989022654049,1.273031e-06
45.0,0.0,205.46945939220888,1.518099e-06
45.0,0.0,205.4690587405418,1.567634e-06
45.0,0.0,205.4686526113857,1.553941e-06
45.0,0.0,205.46823478074324,1.552384e-06
45.0,0.0,205.46781799386545,1.51631e-06
45.0,0.0,205.4673873689412,1.384033e-06
45.0,0.0,205.46694460665336,1.723791e-06
45.0,0.0,205.4665468057459,1.655702e-06
45.0,0.0,205.4661313759769,1.582594e-06
45.0,0.0,205.46573898532665,1.505599e-06
45.0,0.0,205.4653182306652,1.521126e-06
45.0,0.0,205.46487880582256,1.59457e-06
45.0,0.0,205.46449358421305,1.563341e-06
45.0,0.0,205.4640545574269,1.545326e-06
45.0,0.0,205.46363937342352,1.547611e-06
45.0,0.0,205.46324528339844,1.449691e-06
45.0,0.0,205.46281640297553,1.429376e-06
45.0,0.0,205.46238563996565,1.518536e-06
45.0,0.0,205.4619781365741,1.535474e-06
45.0,0.0,205.46156315987108,1.415814e-06
45.0,0.0,205.4611302778752,1.490902e-06
45.0,0.0,205.4607308485531,1.571098e-06
45.0,0.0,205.4603073402104,1.607652e-06
45.0,0.0,205.45986872658568,1.63923e-06
45.0,0.0,205.4594606227982,1.584311e-06
45.0,0.0,205.45904190800283,1.546636e-06
45.0,0.0,205.45862663435076,1.670618e-06
45.0,0.0,205.4581879314142,1.628272e-06
45.0,0.0,205.4577638633561,1.592693e-06
45.0,0.0,205.45736532381184,1.540859e-06
45.0,0.0,205.45694144740568,1.58418e-06
45.0,0.0,205.45649430773992,1.657056e-06
45.0,0.0,205.4560933171358,1.608903e-06
45.0,0.0,205.45569106185744,1.573615e-06
45.0,0.0,205.45528401104428,1.515436e-06
45.0,0.0,205.454858814014,1.590655e-06
45.0,0.0,205.45442791010197,1.553577e-06
45.0,0.0,205.45402438362672,1.616776e-06
45.0,0.0,205.4536146858992,1.665438e-06
45.0,0.0,205.45322631749488,1.600245e-06
45.0,0.0,205.45279553051537,1.668639e-06
45.0,0.0,205.45235328826908,1.680208e-06
45.0,0.0,205.4519543768573,1.730572e-06
45.0,0.0,205.4515302791397,1.667664e-06
45.0,0.0,205.45109318388697,1.657449e-06
45.0,0.0,205.45067783087276,1.654247e-06
45.0,0.0,205.45025548163255,1.667795e-06
45.0,0.0,205.44984759947187,1.717184e-06
45.0,0.0,205.44941099409644,1.709399e-06
45.0,0.0,205.4489872512247,1.668726e-06
45.0,0.0,205.44857828611288,1.694149e-06
45.0,0.0,205.44815826779868,1.672539e-06
45.0,0.0,205.44773983940232,1.497756e-06
45.0,0.0,205.4473316415368,1.735621e-06
45.0,0.0,205.44690094873,1.566819e-06
45.0,0.0,205.4464948261653,1.577879e-06
45.0,0.0,205.44608192342665,1.590612e-06
45.0,0.0,205.4456721158892,1.632521e-06
45.0,0.0,205.44526849837183,1.585577e-06
45.0,0.0,205.44482380467264,1.504304e-06
45.0,0.0,205.4444296294558,1.145701e-06
45.0,0.0,205.4440039382632,8.554052000000001e-07
45.0,0.0,205.44356061217843,5.501934e-07
45.0,0.0,205.44317314662325,2.832094e-07
45.0,0.0,205.44275176702735,7.198832e-08
45.0,0.0,205.4423207955751,1.429289e-07
45.0,0.0,205.44191270933337,4.398316e-07
45.0,0.0,205.44148343660348,5.594047e-07
45.0,0.0,205.44108352566252,9.767100000000002e-07
45.0,0.0,205.4406799824241,1.33201e-06
45.0,0.0,205.44023572069656,1.333145e-06
45.0,0.0,205.439812046904,1.711785e-06
45.0,0.0,205.43941317955696,1.70058e-06
45.0,0.0,205.43896549284796,1.731649e-06
45.0,0.0,205.43854830501508,1.796187e-06
45.0,0.0,205.43813261847544,1.712964e-06
45.0,0.0,205.43769584134884,1.606226e-06
45.0,0.0,205.4373104505065,1.747219e-06
45.0,0.0,205.43687000036988,1.679073e-06
45.0,0.0,205.43643007540368,1.721754e-06
45.0,0.0,205.4360474694277,1.708366e-06
45.0,0.0,205.4356328181595,1.68971e-06
45.0,0.0,205.4352245915002,1.714419e-06
45.0,0.0,205.43479417380968,1.645603e-06
45.0,0.0,205.43440229902444,1.656605e-06
45.0,0.0,205.4339555539973,1.574372e-06
45.0,0.0,205.43353610078077,1.54406e-06
45.0,0.0,205.43314836113743,1.591208e-06
45.0,0.0,205.43276904854696,1.547247e-06
45.0,0.0,205.43230838937703,1.514694e-06
45.0,0.0,205.4318700450564,1.466717e-06
45.0,0.0,205.4314420441136,1.561231e-06
45.0,0.0,205.43104318311447,1.59262e-06
45.0,0.0,205.43062766514487,1.550899e-06
45.0,0.0,205.43018813009337,1.546272e-06
45.0,0.0,205.42976388189857,1.505396e-06
45.0,0.0,205.42936526638513,1.474604e-06
45.0,0.0,205.4289219331337,1.529785e-06
45.0,0.0,205.42849500952016,1.515669e-06
45.0,0.0,205.42810760529755,1.34937e-06
45.0,0.0,205.4276923599436,1.318927e-06
45.0,0.0,205.4272675736592,1.432927e-06
45.0,0.0,205.4268596486768,1.401102e-06
45.0,0.0,205.4264244764188,1.401248e-06
45.0,0.0,205.42602093992653,1.289605e-06
45.0,0.0,205.42560183522184,1.293985e-06
45.0,0.0,205.42518228947984,1.361434e-06
45.0,0.0,205.42477936537256,1.397639e-06
45.0,0.0,205.4243437844657,1.363587e-06
45.0,0.0,205.42393575035243,1.306034e-06
45.0,0.0,205.42351144702667,1.309774e-06
45.0,0.0,205.4231086847467,1.382592e-06
45.0,0.0,205.4227080258508,1.268883e-06
45.0,0.0,205.42228041389808,1.238514e-06
45.0,0.0,205.42186021649172,1.258231e-06
45.0,0.0,205.42143851461185,1.250912e-06
45.0,0.0,205.4209914118933,1.281369e-06
45.0,0.0,205.42060330391777,1.304914e-06
45.0,0.0,205.4201886017456,1.305656e-06
45.0,0.0,205.41976433503433,1.236069e-06
45.0,0.0,205.4193336209898,1.345339e-06
45.0,0.0,205.41889546213088,1.289212e-06
45.0,0.0,205.41849488172193,1.269305e-06
45.0,0.0,205.41805628411836,1.274166e-06
45.0,0.0,205.41764079428967,1.253866e-06
45.0,0.0,205.41722531014636,1.268345e-06
45.0,0.0,205.41681752702044,1.260472e-06
45.0,0.0,205.4163866241296,1.256209e-06
45.0,0.0,205.415978568784,1.262728e-06
45.0,0.0,205.41556339658808,1.256107e-06
45.0,0.0,205.41513930276747,1.137232e-06
45.0,0.0,205.41473204059315,1.285109e-06
45.0,0.0,205.4143080765744,1.310967e-06
45.0,0.0,205.4139092362236,1.329085e-06
45.0,0.0,205.41346266028992,1.258813e-06
45.0,0.0,205.4130863448832,1.291686e-06
45.0,0.0,205.41265561496948,1.325694e-06
45.0,0.0,205.41223755913185,1.308072e-06
45.0,0.0,205.41182931578584,1.267879e-06
45.0,0.0,205.4113983446742,1.233828e-06
45.0,0.0,205.41096706115871,1.269145e-06
45.0,0.0,205.41054299310056,1.285589e-06
45.0,0.0,205.41012905139664,1.267676e-06
45.0,0.0,205.40972034897595,1.215623e-06
45.0,0.0,205.40929051514584,1.243869e-06
45.0,0.0,205.4088597245355,1.292283e-06
45.0,0.0,205.40845169127348,1.197855e-06
45.0,0.0,205.40803074149824,1.305481e-06
45.0,0.0,205.40761238585483,1.360793e-06
45.0,0.0,205.40722716589775,1.386637e-06
45.0,0.0,205.40677861273127,1.363311e-06
45.0,0.0,205.40637964660587,1.362729e-06
45.0,0.0,205.4059560292584,1.376335e-06
45.0,0.0,205.40554999311837,1.417604e-06
45.0,0.0,205.4051232981924,1.412525e-06
45.0,0.0,205.4047112107256,1.408538e-06
45.0,0.0,205.40431091438955,1.452063e-06
45.0,0.0,205.40387226915104,1.536057e-06
45.0,0.0,205.4034442102059,1.468186e-06
45.0,0.0,205.40304662123071,1.265696e-06
45.0,0.0,205.40263104776463,1.451728e-06
45.0,0.0,205.4021948683156,1.587119e-06
45.0,0.0,205.40179308688016,1.577631e-06
45.0,0.0,205.40136907047497,1.465087e-06
45.0,0.0,205.40096979693467,1.471388e-06
45.0,0.0,205.40052580933485,1.486333e-06
45.0,0.0,205.40011051853477,1.44013e-06
45.0,0.0,205.3996951663113,1.466746e-06
45.0,0.0,205.39928691950155,1.430948e-06
45.0,0.0,205.39886202967708,1.424793e-06
45.0,0.0,205.3984267453241,1.49828e-06
45.0,0.0,205.3980027022803,1.442677e-06
45.0,0.0,205.39756295459637,1.340901e-06
45.0,0.0,205.39715509742905,1.373104e-06
45.0,0.0,205.39675363626424,1.421038e-06
45.0,0.0,205.3963229146744,1.3846e-06
45.0,0.0,205.39591485867217,1.325476e-06
45.0,0.0,205.39548602938905,1.194989e-06
45.0,0.0,205.39509818031252,1.34272e-06
45.0,0.0,205.39468262938033,1.376844e-06
45.0,0.0,205.3942774782764,1.339751e-06
45.0,0.0,205.39385120979983,1.287815e-06
45.0,0.0,205.39342496798852,1.324486e-06
45.0,0.0,205.39302018775567,1.271314e-06
45.0,0.0,205.39260486373303,1.320368e-06
45.0,0.0,205.3921732411114,1.331064e-06
45.0,0.0,205.39176932282373,1.354463e-06
45.0,0.0,205.39134537983728,1.296678e-06
45.0,0.0,205.39090389538964,1.335327e-06
45.0,0.0,205.3904733124044,1.310109e-06
45.0,0.0,205.39005777891543,1.313732e-06
45.0,0.0,205.38967014882772,1.286244e-06
45.0,0.0,205.3892269406364,1.324253e-06
45.0,0.0,205.38880322874283,1.418768e-06
45.0,0.0,205.3884041803316,1.40164e-06
45.0,0.0,205.38798011811528,1.348104e-06
45.0,0.0,205.38753741644828,1.421678e-06
45.0,0.0,205.3871321572215,1.442939e-06
45.0,0.0,205.38673280386377,1.428285e-06
45.0,0.0,205.3863018624118,1.389883e-06
45.0,0.0,205.3858935036976,1.444801e-06
45.0,0.0,205.38546378000976,1.415785e-06
45.0,0.0,205.38507246945676,1.441702e-06
45.0,0.0,205.38465691784305,1.362612e-06
45.0,0.0,205.3842385757167,1.34189e-06
45.0,0.0,205.38383055977323,1.316701e-06
45.0,0.0,205.38339215336913,1.289402e-06
45.0,0.0,205.38296946696923,1.332999e-06
45.0,0.0,205.38258032336935,1.253196e-06
45.0,0.0,205.38213696798937,1.200009e-06
45.0,0.0,205.38172207477837,1.235749e-06
45.0,0.0,205.3813229899452,1.245295e-06
45.0,0.0,205.38088316136572,1.155378e-06
45.0,0.0,205.3804543408357,1.24186e-06
45.0,0.0,205.38005998486116,1.259948e-06
45.0,0.0,205.3796446085488,1.138076e-06
45.0,0.0,205.379203656192,1.057226e-06
45.0,0.0,205.3787795381052,1.323686e-06
45.0,0.0,205.37834385617523,1.192646e-06
45.0,0.0,205.37793583850348,1.215769e-06
45.0,0.0,205.37751209402387,1.280117e-06
45.0,0.0,205.3770965464532,1.355438e-06
45.0,0.0,205.37670913913607,1.349355e-06
45.0,0.0,205.3762815075671,1.321241e-06
45.0,0.0,205.3758609491908,1.332199e-06
45.0,0.0,205.3754390960374,1.26072e-06
45.0,0.0,205.37501523810195,1.400505e-06
45.0,0.0,205.37463190777683,1.36075e-06
45.0,0.0,205.37419544806727,1.352761e-06
45.0,0.0,205.3737934797008,1.266162e-06
45.0,0.0,205.373356648356,1.169057e-06
45.0,0.0,205.37297107132403,1.270615e-06
45.0,0.0,205.3725275879357,1.290231e-06
45.0,0.0,205.37211184441463,1.228473e-06
45.0,0.0,205.37169926728535,1.193315e-06
45.0,0.0,205.37129363621088,1.205146e-06
45.0,0.0,205.37086282970276,1.033346e-06
45.0,0.0,205.37042796846913,1.110253e-06
45.0,0.0,205.36997938334648,1.241002e-06
45.0,0.0,205.3695931898997,1.173597e-06
45.0,0.0,205.36917610113943,1.212597e-06
45.0,0.0,205.3687544302472,1.153254e-06
45.0,0.0,205.3683365366145,1.170862e-06
45.0,0.0,205.3679157615557,1.214867e-06
45.0,0.0,205.36748752203164,1.05334e-06
45.0,0.0,205.36707732346943,9.902724000000001e-07
45.0,0.0,205.3666847679065,1.27223e-06
45.0,0.0,205.366239997715,1.188266e-06
45.0,0.0,205.36584140274883,1.188921e-06
45.0,0.0,205.3654000565264,1.259526e-06
45.0,0.0,205.3650147456083,1.283523e-06
45.0,0.0,205.3645805050556,1.254419e-06
45.0,0.0,205.36417589935164,1.229506e-06
45.0,0.0,205.36377211703007,1.319058e-06
45.0,0.0,205.36333708986177,1.233668e-06
45.0,0.0,205.3629119866061,1.235661e-06
45.0,0.0,205.36250349367043,1.337248e-06
45.0,0.0,205.36208835637987,1.310327e-06
45.0,0.0,205.36165954923595,1.196458e-06
45.0,0.0,205.36127428780063,1.207998e-06
45.0,0.0,205.36083032314417,1.19867e-06
45.0,0.0,205.3603971068007,1.270484e-06
45.0,0.0,205.3600077069615,1.277484e-06
45.0,0.0,205.35956816067537,1.268389e-06
45.0,0.0,205.35913915199848,1.294597e-06
45.0,0.0,205.35872375002327,1.268359e-06
45.0,0.0,205.35829339276944,1.242384e-06
45.0,0.0,205.35788519295636,1.235676e-06
45.0,0.0,205.35745424156107,1.208944e-06
45.0,0.0,205.35703411475177,1.124121e-06
45.0,0.0,205.35664620672625,6.772461000000001e-07
45.0,0.0,205.35620516767307,7.511553e-07
45.0,0.0,205.35581358374984,1.370805e-06
45.0,0.0,205.355382682526,1.258581e-06
45.0,0.0,205.354960546816,1.233595e-06
45.0,0.0,205.3545603706067,1.322245e-06
45.0,0.0,205.35412673366,1.311622e-06
45.0,0.0,205.35373578130557,1.358552e-06
45.0,0.0,205.35330610846367,1.399167e-06
45.0,0.0,205.3528835269103,1.426946e-06
45.0,0.0,205.35246742245363,1.412191e-06
45.0,0.0,205.3520505800521,1.38527e-06
45.0,0.0,205.35164407947647,1.428911e-06
45.0,0.0,205.3512432154415,1.440945e-06
45.0,0.0,205.350796068432,1.498367e-06
45.0,0.0,205.35037203135207,1.544511e-06
45.0,0.0,205.34992789812637,1.534499e-06
45.0,0.0,205.34952429067724,1.527907e-06
45.0,0.0,205.34911396854304,1.510693e-06
45.0,0.0,205.3486986499492,1.553271e-06
45.0,0.0,205.3482726745221,1.55771e-06
45.0,0.0,205.34786445933804,1.580251e-06
45.0,0.0,205.34742960614383,1.631081e-06
45.0,0.0,205.34702578522487,1.675988e-06
45.0,0.0,205.34660722105411,1.631561e-06
45.0,0.0,205.34618732201284,1.618944e-06
45.0,0.0,205.34578446671324,1.578388e-06
45.0,0.0,205.34534824585245,1.627093e-06
45.0,0.0,205.34496157569316,1.675056e-06
45.0,0.0,205.3445169032188,1.629014e-06
45.0,0.0,205.34411392049293,1.686465e-06
45.0,0.0,205.3437143026032,1.656925e-06
45.0,0.0,205.34328543980777,1.407549e-06
45.0,0.0,205.34286466028905,1.503999e-06
45.0,0.0,205.34244664079216,1.66503e-06
45.0,0.0,205.34202476264716,1.729335e-06
45.0,0.0,205.3416075381035,1.815133e-06
45.0,0.0,205.34119669599576,1.837936e-06
45.0,0.0,205.34077262793767,1.751599e-06
45.0,0.0,205.3403374005621,1.846405e-06
45.0,0.0,205.33992963574528,1.890759e-06
45.0,0.0,205.3395040679736,1.850203e-06
45.0,0.0,205.33908848598253,1.812426e-06
45.0,0.0,205.3386533442132,1.627544e-06
45.0,0.0,205.33822940122676,1.819877e-06
45.0,0.0,205.3378303156537,1.771245e-06
45.0,0.0,205.33739015407468,1.956534e-06
45.0,0.0,205.33696068568383,1.930894e-06
45.0,0.0,205.3365680957216,1.983732e-06
45.0,0.0,205.3361597935086,1.944587e-06
45.0,0.0,205.3357578647384,2.031462e-06
45.0,0.0,205.33531223660495,2.043205e-06
45.0,0.0,205.3349191505664,1.936889e-06
45.0,0.0,205.33449135844415,2.019078e-06
45.0,0.0,205.3340802317321,1.943772e-06
45.0,0.0,205.33366653840687,1.898385e-06
45.0,0.0,205.33324289462476,1.870518e-06
45.0,0.0,205.33284415192247,1.829758e-06
45.0,0.0,205.33240242222547,1.833774e-06
45.0,0.0,205.33197201784785,1.8336e-06
45.0,0.0,205.331583532652,1.872351e-06
45.0,0.0,205.3311682578965,1.856053e-06
45.0,0.0,205.33074813097176,1.815744e-06
45.0,0.0,205.33030145051265,1.886103e-06
45.0,0.0,205.3298777076409,1.945707e-06
45.0,0.0,205.32947861021336,1.92938e-06
45.0,0.0,205.32903636445303,1.935899e-06
45.0,0.0,205.3286210881936,1.944019e-06
45.0,0.0,205.32820749257087,1.885579e-06
45.0,0.0,205.3278011364672,1.890789e-06
45.0,0.0,205.32737046097893,1.936729e-06
45.0,0.0,205.32696182591255,1.889086e-06
45.0,0.0,205.32654335696665,1.979366e-06
45.0,0.0,205.32612298043503,1.888373e-06
45.0,0.0,205.325737760478,1.909983e-06
45.0,0.0,205.325290299052,1.929744e-06
45.0,0.0,205.32489130066935,1.837485e-06
45.0,0.0,205.32446755779765,1.870401e-06
45.0,0.0,205.32406028665352,1.917419e-06
45.0,0.0,205.32364507861448,1.939727e-06
45.0,0.0,205.32322092859224,1.840541e-06
45.0,0.0,205.32279122077853,1.726352e-06
45.0,0.0,205.32238304565328,1.925189e-06
45.0,0.0,205.32195237016504,1.943641e-06
45.0,0.0,205.3215516149956,1.885463e-06
45.0,0.0,205.321144575933,1.834182e-06
45.0,0.0,205.32072852699704,1.809633e-06
45.0,0.0,205.32027988609363,1.891211e-06
45.0,0.0,205.31988064949545,1.780325e-06
45.0,0.0,205.31945665648036,1.667053e-06
45.0,0.0,205.31901129217272,1.769105e-06
45.0,0.0,205.31859601591327,1.732697e-06
45.0,0.0,205.31818047496913,1.689114e-06
45.0,0.0,205.31777577909787,1.52376e-06
45.0,0.0,205.317337194979,1.477601e-06
45.0,0.0,205.3169132046404,1.57833e-06
45.0,0.0,205.3165110975632,1.562177e-06
45.0,0.0,205.31607579241495,1.577428e-06
45.0,0.0,205.31568858586047,1.612178e-06
45.0,0.0,205.31526453126847,1.5634e-06
45.0,0.0,205.31484540700407,1.575143e-06
45.0,0.0,205.31442567630287,1.516732e-06
45.0,0.0,205.31399945087713,1.5314e-06
45.0,0.0,205.31361195975828,1.532768e-06
45.0,0.0,205.3131966908757,1.443957e-06
45.0,0.0,205.3127877331796,1.471708e-06
45.0,0.0,205.31235153515016,1.442415e-06
45.0,0.0,205.31192754213504,1.477645e-06
45.0,0.0,205.31152345842295,1.434033e-06
45.0,0.0,205.31109118038435,1.431821e-06
45.0,0.0,205.31067562618708,1.410546e-06
45.0,0.0,205.31025415535296,1.365624e-06
45.0,0.0,205.3098083334536,1.347638e-06
45.0,0.0,205.3094093410349,1.337641e-06
45.0,0.0,205.30898560387405,1.245193e-06
45.0,0.0,205.30857623434048,1.385546e-06
45.0,0.0,205.3081554026888,1.337394e-06
45.0,0.0,205.30773715412892,1.36267e-06
45.0,0.0,205.30730671146492,1.378212e-06
45.0,0.0,205.30689853633967,1.357534e-06
45.0,0.0,205.30646763344885,1.420078e-06
45.0,0.0,205.3060684046442,1.376204e-06
45.0,0.0,205.3056632356424,1.272245e-06
45.0,0.0,205.30522083511264,1.119668e-06
45.0,0.0,205.30483515731768,1.423847e-06
45.0,0.0,205.3043971830368,1.40036e-06
45.0,0.0,205.3039960823344,1.399167e-06
45.0,0.0,205.30357445133777,1.388224e-06
45.0,0.0,205.3031576919477,1.369481e-06
45.0,0.0,205.30275196324249,1.391294e-06
45.0,0.0,205.30231883591247,1.32955e-06
45.0,0.0,205.30188816584587,1.351465e-06
45.0,0.0,205.30148099009136,1.338529e-06
45.0,0.0,205.301066108104,1.339955e-06
45.0,0.0,205.3006580138174,1.264329e-06
45.0,0.0,205.30025592216188,1.253924e-06
45.0,0.0,205.29981001862737,1.294451e-06
45.0,0.0,205.29938602773473,1.244669e-06
45.0,0.0,205.29894048520893,1.248816e-06
45.0,0.0,205.2985175513439,1.187771e-06
45.0,0.0,205.29811429671037,1.202672e-06
45.0,0.0,205.29771478310855,1.246211e-06
45.0,0.0,205.29726681693077,1.265129e-06
45.0,0.0,205.29686757436863,1.214445e-06
45.0,0.0,205.29644383224047,1.228385e-06
45.0,0.0,205.29603871871785,1.2542e-06
45.0,0.0,205.29560955103452,1.295019e-06
45.0,0.0,205.29519710385688,1.272027e-06
45.0,0.0,205.2947914696164,1.294713e-06
45.0,0.0,205.2943610190588,1.34774e-06
45.0,0.0,205.29395306886187,1.301145e-06
45.0,0.0,205.29353264852247,1.341163e-06
45.0,0.0,205.29312789570264,1.318025e-06
45.0,0.0,205.29272854843225,1.187902e-06
45.0,0.0,205.29229786910255,1.174034e-06
45.0,0.0,205.29185616680073,1.283857e-06
45.0,0.0,205.29145879492793,1.320077e-06
45.0,0.0,205.2910399240724,1.302993e-06
45.0,0.0,205.29059687932144,1.330947e-06
45.0,0.0,205.29018133498127,1.318083e-06
45.0,0.0,205.28977642015508,1.254724e-06
45.0,0.0,205.28934996882913,1.291017e-06
45.0,0.0,205.28891322225527,1.324879e-06
45.0,0.0,205.28851089081303,1.303037e-06
45.0,0.0,205.28810387848168,1.26021e-06
45.0,0.0,205.28766082691865,1.291774e-06
45.0,0.0,205.2872415921138,1.260836e-06
45.0,0.0,205.28684426206488,1.234032e-06
45.0,0.0,205.286402746922,1.260443e-06
45.0,0.0,205.2860175224654,1.280787e-06
45.0,0.0,205.2855833670029,1.35522e-06
45.0,0.0,205.28517404387603,1.317632e-06
45.0,0.0,205.28477072862876,1.313456e-06
45.0,0.0,205.28434005314045,1.211272e-06
45.0,0.0,205.28393210092645,1.188979e-06
45.0,0.0,205.28350758134073,1.149761e-06
45.0,0.0,205.2830923152248,1.20826e-06
45.0,0.0,205.28270454319335,1.326e-06
45.0,0.0,205.28225760078723,1.343491e-06
45.0,0.0,205.28183360180824,1.349181e-06
45.0,0.0,205.28143461035305,1.295106e-06
45.0,0.0,205.28098707990455,1.332839e-06
45.0,0.0,205.28057153233388,1.3713e-06
45.0,0.0,205.28016313511904,1.361492e-06
45.0,0.0,205.27976081216343,1.237015e-06
45.0,0.0,205.2793303648544,1.308465e-06
45.0,0.0,205.27889190797967,1.212989e-06
45.0,0.0,205.27844606413132,1.409979e-06
45.0,0.0,205.27806061677168,1.377004e-06
45.0,0.0,205.27763658845177,1.359338e-06
45.0,0.0,205.27722104088107,1.330962e-06
45.0,0.0,205.2768062033302,1.290973e-06
45.0,0.0,205.2763826881421,1.314256e-06
45.0,0.0,205.27595371942903,1.329128e-06
45.0,0.0,205.2755588550021,1.303808e-06
45.0,0.0,205.27514358312345,1.297347e-06
45.0,0.0,205.27474811374827,1.295601e-06
45.0,0.0,205.27430399721948,1.172753e-06
45.0,0.0,205.2738958371484,1.233726e-06
45.0,0.0,205.27348223112247,1.281485e-06
45.0,0.0,205.27303863203983,1.266017e-06
45.0,0.0,205.27265852852307,1.318302e-06
45.0,0.0,205.27223503579475,1.337132e-06
45.0,0.0,205.2718034442212,1.362103e-06
45.0,0.0,205.27137254185115,1.292676e-06
45.0,0.0,205.2709645973282,1.226377e-06
45.0,0.0,205.2705470159292,1.325781e-06
45.0,0.0,205.2701163274,1.273002e-06
45.0,0.0,205.26969530340665,1.282111e-06
45.0,0.0,205.2692933360023,1.287888e-06
45.0,0.0,205.26886984327396,1.190376e-06
45.0,0.0,205.2684257779489,1.20209e-06
45.0,0.0,205.2680218632076,1.189663e-06
45.0,0.0,205.2676118007358,1.228109e-06
45.0,0.0,205.26717852039383,1.300112e-06
45.0,0.0,205.2667930774479,1.324253e-06
45.0,0.0,205.26635114188696,1.300563e-06
45.0,0.0,205.26595240015075,1.356151e-06
45.0,0.0,205.26552865801995,1.412132e-06
45.0,0.0,205.265115831026,1.373934e-06
45.0,0.0,205.26470408556435,1.432854e-06
45.0,0.0,205.2642769847068,1.434542e-06
45.0,0.0,205.26388318834924,1.373075e-06
45.0,0.0,205.26343835720155,1.358596e-06
45.0,0.0,205.26301467214589,1.337641e-06
45.0,0.0,205.26262718207863,1.274166e-06
45.0,0.0,205.2622116345079,1.3307e-06
45.0,0.0,205.26176397747753,1.401713e-06
45.0,0.0,205.26136523520216,1.420776e-06
45.0,0.0,205.26094124218707,1.407781e-06
45.0,0.0,205.2605365908256,1.374385e-06
45.0,0.0,205.26010668064248,1.325097e-06
45.0,0.0,205.259690855134,1.328779e-06
45.0,0.0,205.2592663834136,1.346038e-06
45.0,0.0,205.2588217833622,1.399749e-06
45.0,0.0,205.25839804049048,1.41708e-06
45.0,0.0,205.25799708923856,1.434877e-06
45.0,0.0,205.25755895434267,1.427616e-06
45.0,0.0,205.257158242599,1.441382e-06
45.0,0.0,205.25675282005292,1.444889e-06
45.0,0.0,205.25631939138617,1.387467e-06
45.0,0.0,205.25591099090545,1.282024e-06
45.0,0.0,205.25548149665224,1.353706e-06
45.0,0.0,205.2550816018664,1.371474e-06
45.0,0.0,205.25467817463957,1.32517e-06
45.0,0.0,205.254234118666,1.356559e-06
45.0,0.0,205.2538482971239,1.37648e-06
45.0,0.0,205.2534116394828,1.372435e-06
45.0,0.0,205.25300944725743,1.399239e-06
45.0,0.0,205.2525740533464,1.403096e-06
45.0,0.0,205.2521703684943,1.335618e-06
45.0,0.0,205.25176591778245,1.329608e-06
45.0,0.0,205.25133152019083,1.409557e-06
45.0,0.0,205.25090085544167,1.410066e-06
45.0,0.0,205.25046968383677,1.376407e-06
45.0,0.0,205.2500456982184,1.400054e-06
45.0,0.0,205.24966606079144,1.420151e-06
45.0,0.0,205.24922301927108,1.420369e-06
45.0,0.0,205.24879247256212,1.40589e-06
45.0,0.0,205.248400225951,1.451903e-06
45.0,0.0,205.2479538478879,1.428227e-06
45.0,0.0,205.24753388272688,1.503198e-06
45.0,0.0,205.24712950358645,1.469409e-06
45.0,0.0,205.246730232236,1.411347e-06
45.0,0.0,205.24629933465332,1.414781e-06
45.0,0.0,205.24589138693068,1.48869e-06
45.0,0.0,205.24545928255253,1.492401e-06
45.0,0.0,205.2450527599844,1.490625e-06
45.0,0.0,205.24463654726208,1.542023e-06
45.0,0.0,205.24421391310617,1.479959e-06
45.0,0.0,205.2438140659542,1.484776e-06
45.0,0.0,205.24337551945524,1.481574e-06
45.0,0.0,205.2429902976725,1.461784e-06
45.0,0.0,205.2425503707552,1.423352e-06
45.0,0.0,205.24213482557465,1.421417e-06
45.0,0.0,205.2417417539081,1.433524e-06
45.0,0.0,205.241312828938,1.498003e-06
45.0,0.0,205.24087286966437,1.504231e-06
45.0,0.0,205.24047412629784,1.461842e-06
45.0,0.0,205.24005013328275,1.52523e-06
45.0,0.0,205.2396154364037,1.529115e-06
45.0,0.0,205.23919989255543,1.548658e-06
45.0,0.0,205.23879054697628,1.475244e-06
45.0,0.0,205.23836514918636,1.517736e-06
45.0,0.0,205.23792992402775,1.546607e-06
45.0,0.0,205.23750617593583,1.494045e-06
45.0,0.0,205.23709562612396,1.549764e-06
45.0,0.0,205.23667911318157,1.560868e-06
45.0,0.0,205.23625632138453,1.615903e-06
45.0,0.0,205.2358599916853,1.69313e-06
45.0,0.0,205.2354247524729,1.544016e-06
45.0,0.0,205.2350211454927,1.294698e-06
45.0,0.0,205.2346020183812,1.540131e-06
45.0,0.0,205.23418252328247,1.618449e-06
45.0,0.0,205.2337792830907,1.580513e-06
45.0,0.0,205.23334321786385,1.506982e-06
45.0,0.0,205.23295604751357,1.610621e-06
45.0,0.0,205.23251089347892,1.60397e-06
45.0,0.0,205.23209534590825,1.630688e-06
45.0,0.0,205.2317081327272,1.622961e-06
45.0,0.0,205.2312805282998,1.665088e-06
45.0,0.0,205.23083708897545,1.548979e-06
45.0,0.0,205.23041284581691,1.587978e-06
45.0,0.0,205.23001009379195,1.539302e-06
45.0,0.0,205.22957484182567,1.508524e-06
45.0,0.0,205.2291595748392,1.47961e-06
45.0,0.0,205.22874102249529,1.521053e-06
45.0,0.0,205.22833308019432,1.485139e-06
45.0,0.0,205.22789539324776,1.442429e-06
45.0,0.0,205.22749445156168,1.448498e-06
45.0,0.0,205.22707240374916,1.445223e-06
45.0,0.0,205.22665560636983,1.418521e-06
45.0,0.0,205.226249935304,1.251421e-06
45.0,0.0,205.2258169831589,1.027598e-06
45.0,0.0,205.2254274394189,5.136244e-07
45.0,0.0,205.22497938456064,4.5492200000000006e-07
45.0,0.0,205.22456383698997,1.128908e-06
45.0,0.0,205.22417606390096,1.328852e-06
45.0,0.0,205.22375406260508,1.503955e-06
45.0,0.0,205.22330797463013,1.45768e-06
45.0,0.0,205.2229149893804,1.507884e-06
45.0,0.0,205.22248611209497,1.524561e-06
45.0,0.0,205.22207636074776,1.517677e-06
45.0,0.0,205.221663004336,1.463792e-06
45.0,0.0,205.2212390169504,1.475069e-06
45.0,0.0,205.22084002486605,1.516019e-06
45.0,0.0,205.2203984392002,1.487409e-06
45.0,0.0,205.21996753990888,1.496606e-06
45.0,0.0,205.21955088394307,1.524226e-06
45.0,0.0,205.21916339282424,1.645865e-06
45.0,0.0,205.2187205660412,1.762543e-06
45.0,0.0,205.21829682316945,1.647189e-06
45.0,0.0,205.21785961816053,1.529217e-06
45.0,0.0,205.2174512107269,1.587454e-06
45.0,0.0,205.2170309383826,1.674358e-06
45.0,0.0,205.21661539081188,1.630629e-06
45.0,0.0,205.21620210937976,1.70368e-06
45.0,0.0,205.2157960163088,1.691762e-06
45.0,0.0,205.21535437294688,1.738794e-06
45.0,0.0,205.21495739155776,1.70499e-06
45.0,0.0,205.21453849171544,1.544453e-06
45.0,0.0,205.2141187737685,1.394728e-06
45.0,0.0,205.2137330937601,1.655411e-06
45.0,0.0,205.2132854141603,1.710156e-06
45.0,0.0,205.2128864231828,1.724955e-06
45.0,0.0,205.21244107254148,1.74185e-06
45.0,0.0,205.2120558525844,1.774199e-06
45.0,0.0,205.21163049421688,1.814813e-06
45.0,0.0,205.2112155025218,1.831853e-06
45.0,0.0,205.2107865538852,1.838402e-06
45.0,0.0,205.21034371894083,1.852241e-06
45.0,0.0,205.209947935509,1.897468e-06
45.0,0.0,205.20952664547616,1.830107e-06
45.0,0.0,205.20908387526703,1.810316e-06
45.0,0.0,205.20867863739676,1.793465e-06
45.0,0.0,205.2082747584637,1.639928e-06
45.0,0.0,205.20783933197805,1.53255e-06
45.0,0.0,205.2074141889865,1.807872e-06
45.0,0.0,205.20700613823888,1.717766e-06
45.0,0.0,205.2065908744072,1.767345e-06
45.0,0.0,205.2062033899149,1.814682e-06
45.0,0.0,205.20577641621563,1.775421e-06
45.0,0.0,205.20535651019205,1.68127e-06
45.0,0.0,205.204934067229,1.749257e-06
45.0,0.0,205.20451032934469,1.791996e-06
45.0,0.0,205.20409939719636,1.699693e-06
45.0,0.0,205.203687845084,1.678563e-06
45.0,0.0,205.20326385210933,1.623572e-06
45.0,0.0,205.20284175695843,1.656575e-06
45.0,0.0,205.20242192337187,1.815773e-06
45.0,0.0,205.20199458678965,1.814129e-06
45.0,0.0,205.20160681825217,1.854365e-06
45.0,0.0,205.20119098611707,1.782188e-06
45.0,0.0,205.2007456441184,1.688779e-06
45.0,0.0,205.2003583254017,1.441076e-06
45.0,0.0,205.19992291479184,1.202701e-06
45.0,0.0,205.1994742466596,6.635673000000001e-07
45.0,0.0,205.1990588096133,2.3910250000000003e-07
45.0,0.0,205.1986514360333,6.098708e-08
45.0,0.0,205.1982504034916,1.712615e-07
45.0,0.0,205.1978199587682,1.479493e-07
45.0,0.0,205.19738071366876,7.123163000000001e-07
45.0,0.0,205.19698133233223,1.655615e-06
45.0,0.0,205.1965579783783,1.769979e-06
45.0,0.0,205.19614248700313,1.734588e-06
45.0,0.0,205.19573524308785,1.812572e-06
45.0,0.0,205.1953036363896,1.783337e-06
45.0,0.0,205.19491250779743,1.714885e-06
45.0,0.0,205.1944647857761,1.672233e-06
45.0,0.0,205.1940645217672,1.746303e-06
45.0,0.0,205.1936589279497,1.700653e-06
45.0,0.0,205.1932400333238,1.659762e-06
45.0,0.0,205.19283208527509,1.610038e-06
45.0,0.0,205.1923943026584,1.444438e-06
45.0,0.0,205.1919710947506,1.37712e-06
45.0,0.0,205.1915823018475,1.238601e-06
45.0,0.0,205.191139247074,1.429216e-06
45.0,0.0,205.19072426200543,1.615626e-06
45.0,0.0,205.19029349329836,1.59684e-06
45.0,0.0,205.18988577297824,1.585358e-06
45.0,0.0,205.18945312597688,1.60106e-06
45.0,0.0,205.18902941571767,1.552515e-06
45.0,0.0,205.188647913841,1.564025e-06
45.0,0.0,205.18820514415816,1.490727e-06
45.0,0.0,205.18777785648976,1.54895e-06
45.0,0.0,205.18738439998947,1.494293e-06
45.0,0.0,205.18693900509564,1.540015e-06
45.0,0.0,205.1865365877824,1.455875e-06
45.0,0.0,205.18612796828052,1.54259e-06
45.0,0.0,205.1857136786689,1.504261e-06
45.0,0.0,205.18530699122655,1.474458e-06
45.0,0.0,205.18486619629368,1.428954e-06
45.0,0.0,205.1844476667006,1.433917e-06
45.0,0.0,205.18405078630263,1.500244e-06
45.0,0.0,205.1836294022779,1.533655e-06
45.0,0.0,205.18322025366345,1.505323e-06
45.0,0.0,205.18279020975407,1.421737e-06
45.0,0.0,205.1823595382733,1.457796e-06
45.0,0.0,205.18195136314804,1.455963e-06
45.0,0.0,205.18153084074217,1.450942e-06
45.0,0.0,205.1811265870379,1.457796e-06
45.0,0.0,205.18072752167532,1.451175e-06
45.0,0.0,205.18027902851597,1.457694e-06
45.0,0.0,205.17985529160808,1.467663e-06
45.0,0.0,205.17945629918935,1.526467e-06
45.0,0.0,205.17901089518168,1.485969e-06
45.0,0.0,205.1785950664907,1.501656e-06
45.0,0.0,205.17818007797808,1.526627e-06
45.0,0.0,205.17775757030728,1.542227e-06
45.0,0.0,205.17734985270124,1.559994e-06
45.0,0.0,205.17691334763612,1.546738e-06
45.0,0.0,205.17648934899944,1.534048e-06
45.0,0.0,205.1760906063818,1.465392e-06
45.0,0.0,205.17567215418188,1.506312e-06
45.0,0.0,205.1752678770553,1.551627e-06
45.0,0.0,205.17484388091225,1.574896e-06
45.0,0.0,205.1744084470945,1.587032e-06
45.0,0.0,205.17399877594823,1.620618e-06
45.0,0.0,205.1735832283776,1.610751e-06
45.0,0.0,205.17319546010387,1.575376e-06
45.0,0.0,205.1727700707728,1.64134e-06
45.0,0.0,205.17232567697607,1.722627e-06
45.0,0.0,205.17193085052048,1.757129e-06
45.0,0.0,205.1715052192128,1.80924e-06
45.0,0.0,205.1710621710658,1.822133e-06
45.0,0.0,205.17066087268705,1.843291e-06
45.0,0.0,205.17025596846184,1.831431e-06
45.0,0.0,205.1698222508668,1.834691e-06
45.0,0.0,205.169391347976,1.775086e-06
45.0,0.0,205.16898399015528,1.837339e-06
45.0,0.0,205.16856944814376,1.808774e-06
45.0,0.0,205.1681362542685,1.827997e-06
45.0,0.0,205.1677136467489,1.812718e-06
45.0,0.0,205.1673135228301,1.865046e-06
45.0,0.0,205.16689003221356,1.944005e-06
45.0,0.0,205.166489803902,1.987224e-06
45.0,0.0,205.16605004984308,1.857683e-06
45.0,0.0,205.16564380419476,1.844222e-06
45.0,0.0,205.1652434654716,1.897846e-06
45.0,0.0,205.16481256258072,1.938271e-06
45.0,0.0,205.16440461875345,1.928289e-06
45.0,0.0,205.16397348456465,1.841297e-06
45.0,0.0,205.1635581560972,1.915541e-06
45.0,0.0,205.16317039366717,1.88977e-06
45.0,0.0,205.16272736110596,1.870925e-06
45.0,0.0,205.16230361414569,1.913533e-06
45.0,0.0,205.1619046215305,1.933848e-06
45.0,0.0,205.1614573929509,1.952169e-06
45.0,0.0,205.16103848847453,1.976383e-06
45.0,0.0,205.16065071941796,1.978726e-06
45.0,0.0,205.16023354978293,2.02372e-06
45.0,0.0,205.15980264689208,2.038039e-06
45.0,0.0,205.1593946991694,2.045432e-06
45.0,0.0,205.15896425650536,1.988912e-06
45.0,0.0,205.15854632616407,2.021741e-06
45.0,0.0,205.15810299534337,2.109417e-06
45.0,0.0,205.15769119792748,1.968016e-06
45.0,0.0,205.15728587307063,2.021392e-06
45.0,0.0,205.15685497017975,2.041692e-06
45.0,0.0,205.1564283158077,2.135173e-06
45.0,0.0,205.15602497955203,2.158718e-06
45.0,0.0,205.15562123920228,2.149216e-06
45.0,0.0,205.15522221880036,2.138258e-06
45.0,0.0,205.15477375825955,2.186425e-06
45.0,0.0,205.15437501476217,2.145433e-06
45.0,0.0,205.15395126887788,2.101355e-06
45.0,0.0,205.15350586780505,2.102985e-06
45.0,0.0,205.15311837668617,2.134766e-06
45.0,0.0,205.15270310705327,2.121102e-06
45.0,0.0,205.15227663528776,2.115659e-06
45.0,0.0,205.15186846446443,2.164146e-06
45.0,0.0,205.15143778897615,2.214874e-06
45.0,0.0,205.15101397206988,2.152548e-06
45.0,0.0,205.1505987136988,2.192639e-06
45.0,0.0,205.1501868442464,2.180808e-06
45.0,0.0,205.1497628461776,2.16323e-06
45.0,0.0,205.14932850807227,2.173343e-06
45.0,0.0,205.14890426332985,2.049448e-06
45.0,0.0,205.14849319269595,1.789886e-06
45.0,0.0,205.14807764903097,2.118148e-06
45.0,0.0,205.1476901540064,2.125671e-06
45.0,0.0,205.1472448952208,2.036933e-06
45.0,0.0,205.14684679413395,2.068395e-06
45.0,0.0,205.1464224160376,2.068962e-06
45.0,0.0,205.1459738937903,2.034416e-06
45.0,0.0,205.14559992791027,2.015615e-06
45.0,0.0,205.1451710370632,2.069035e-06
45.0,0.0,205.14475040488475,2.063927e-06
45.0,0.0,205.14434222975953,2.055414e-06
45.0,0.0,205.1439113309096,2.048284e-06
45.0,0.0,205.14350621712828,2.063825e-06
45.0,0.0,205.1430938602815,2.055429e-06
45.0,0.0,205.1426785918787,1.992565e-06
45.0,0.0,205.1422339939035,2.019689e-06
45.0,0.0,205.14183549844364,2.072775e-06
45.0,0.0,205.1414117529359,2.0031e-06
45.0,0.0,205.1410095597432,2.028872e-06
45.0,0.0,205.1405736367832,2.008775e-06
45.0,0.0,205.14015836715032,2.134693e-06
45.0,0.0,205.13975940250964,2.045563e-06
45.0,0.0,205.13933185926567,2.037938e-06
45.0,0.0,205.13890118377745,2.013578e-06
45.0,0.0,205.13846980908775,1.933848e-06
45.0,0.0,205.13802619064649,2.016983e-06
45.0,0.0,205.13763166107313,2.034983e-06
45.0,0.0,205.1372234232682,2.102606e-06
45.0,0.0,205.13679303446463,2.063636e-06
45.0,0.0,205.13638531956627,2.033135e-06
45.0,0.0,205.13595418927284,2.100467e-06
45.0,0.0,205.1355528655884,2.169807e-06
45.0,0.0,205.13514596997905,1.987806e-06
45.0,0.0,205.1347496920748,2.111119e-06
45.0,0.0,205.13430564103624,2.082248e-06
45.0,0.0,205.13389080863365,2.076427e-06
45.0,0.0,205.13348387944276,2.078377e-06
45.0,0.0,205.133041822782,2.086148e-06
45.0,0.0,205.13265405075063,2.08625e-06
45.0,0.0,205.132236046704,2.085755e-06
45.0,0.0,205.13180537639784,2.065353e-06
45.0,0.0,205.13138305933325,2.068846e-06
45.0,0.0,205.1309659282695,1.993365e-06
45.0,0.0,205.13054192950688,2.041357e-06
45.0,0.0,205.13010632479552,2.077737e-06
45.0,0.0,205.12969469987067,2.03526e-06
45.0,0.0,205.12928951078763,2.052329e-06
45.0,0.0,205.12885837647156,2.042812e-06
45.0,0.0,205.12843185109836,1.990833e-06
45.0,0.0,205.12802942075544,2.046159e-06
45.0,0.0,205.12759973836728,2.017987e-06
45.0,0.0,205.12718022586108,1.835942e-06
45.0,0.0,205.12677675592167,1.842869e-06
45.0,0.0,205.12634114242329,1.936351e-06
45.0,0.0,205.12595426530532,1.901266e-06
45.0,0.0,205.1255089135917,1.854612e-06
45.0,0.0,205.12510678785117,1.834575e-06
45.0,0.0,205.1247061585676,1.735098e-06
45.0,0.0,205.124278681466,1.634398e-06
45.0,0.0,205.1238709634021,1.613895e-06
45.0,0.0,205.12344028641047,1.619221e-06
45.0,0.0,205.12301758608635,1.558379e-06
45.0,0.0,205.12263008834097,1.404551e-06
45.0,0.0,205.12219084222903,1.566863e-06
45.0,0.0,205.121766849214,1.600289e-06
45.0,0.0,205.12136810693863,1.599386e-06
45.0,0.0,205.12092419294208,1.631372e-06
45.0,0.0,205.12049736140264,1.654407e-06
45.0,0.0,205.12010930896705,1.739187e-06
45.0,0.0,205.119694317272,1.826149e-06
45.0,0.0,205.11926899764748,1.823719e-06
45.0,0.0,205.1188244049553,1.826629e-06
45.0,0.0,205.11838446309088,1.798035e-06
45.0,0.0,205.11799901717384,1.848748e-06
45.0,0.0,205.1175617277076,1.843859e-06
45.0,0.0,205.1171463152596,1.885273e-06
45.0,0.0,205.11675036793747,1.904598e-06
45.0,0.0,205.11632222818648,1.826396e-06
45.0,0.0,205.11589850484543,1.815511e-06
45.0,0.0,205.1154857926037,1.793989e-06
45.0,0.0,205.1150705255028,1.79249e-06
45.0,0.0,205.11468303847852,1.714783e-06
45.0,0.0,205.11425998786035,1.788314e-06
45.0,0.0,205.11384124410156,1.670924e-06
45.0,0.0,205.11341525568548,1.680237e-06
45.0,0.0,205.1129912626704,1.706445e-06
45.0,0.0,205.1125824968167,1.731489e-06
45.0,0.0,205.1121630754347,1.667941e-06
45.0,0.0,205.1117436632812,1.649503e-06
45.0,0.0,205.11131298779287,1.668333e-06
45.0,0.0,205.11090503616583,1.601307e-06
45.0,0.0,205.11047459198457,1.590844e-06
45.0,0.0,205.11005895374132,1.612774e-06
45.0,0.0,205.1096268176374,1.627515e-06
45.0,0.0,205.10920540108413,1.608118e-06
45.0,0.0,205.10880433204065,1.609835e-06
45.0,0.0,205.10836621526923,1.621564e-06
45.0,0.0,205.10795804051176,1.59991e-06
45.0,0.0,205.10753900818088,1.500972e-06
45.0,0.0,205.10712346061015,1.609689e-06
45.0,0.0,205.1067334307137,1.560256e-06
45.0,0.0,205.1063033589843,1.55624e-06
45.0,0.0,205.10588094706796,1.57037e-06
45.0,0.0,205.10546289347073,1.550507e-06
45.0,0.0,205.10503890489505,1.532288e-06
45.0,0.0,205.10465850957564,1.543449e-06
45.0,0.0,205.10421518349088,1.534354e-06
45.0,0.0,205.10380202220736,1.515102e-06
45.0,0.0,205.103393685982,1.477936e-06
45.0,0.0,205.10294767447928,1.525768e-06
45.0,0.0,205.1025459441313,1.437758e-06
45.0,0.0,205.1021385640152,1.425389e-06
45.0,0.0,205.10172296466135,1.390974e-06
45.0,0.0,205.1013152019735,1.398847e-06
45.0,0.0,205.1008752347384,1.42846e-06
45.0,0.0,205.1004514805,1.445864e-06
45.0,0.0,205.10004590327424,1.387118e-06
45.0,0.0,205.09961833389036,1.41155e-06
45.0,0.0,205.09920279294613,1.430875e-06
45.0,0.0,205.09877592778903,1.407345e-06
45.0,0.0,205.09833202707796,1.376204e-06
45.0,0.0,205.0979368497729,1.354187e-06
45.0,0.0,205.0975131020871,1.324443e-06
45.0,0.0,205.0970697842307,1.29806e-06
45.0,0.0,205.09666732367117,1.381282e-06
45.0,0.0,205.09626256348196,1.39873e-06
45.0,0.0,205.0958287004602,1.35132e-06
45.0,0.0,205.09542053075663,1.289678e-06
45.0,0.0,205.09499315652664,1.306544e-06
45.0,0.0,205.09460538084343,1.308828e-06
45.0,0.0,205.09418983896728,1.339358e-06
45.0,0.0,205.0937655564157,1.295397e-06
45.0,0.0,205.09335761244847,1.262059e-06
45.0,0.0,205.0929267610814,1.278589e-06
45.0,0.0,205.09252319474433,1.224602e-06
45.0,0.0,205.0921129358592,1.210952e-06
45.0,0.0,205.09167539907247,1.233158e-06
45.0,0.0,205.0912516562008,1.226406e-06
45.0,0.0,205.09083118258,1.246473e-06
45.0,0.0,205.0904284206236,1.209788e-06
45.0,0.0,205.0899802033418,1.238543e-06
45.0,0.0,205.08956465353265,1.314183e-06
45.0,0.0,205.08915719797224,1.265871e-06
45.0,0.0,205.08875518680145,1.243345e-06
45.0,0.0,205.08830971819273,1.251494e-06
45.0,0.0,205.08788018588209,1.153428e-06
45.0,0.0,205.08748747722512,1.174238e-06
45.0,0.0,205.08704582209984,1.188528e-06
45.0,0.0,205.08666499804195,1.201392e-06
45.0,0.0,205.086241249594,1.234701e-06
45.0,0.0,205.0858227136012,1.248147e-06
45.0,0.0,205.0854009267819,1.170469e-06
45.0,0.0,205.08496979648848,1.196386e-06
45.0,0.0,205.08457078767177,1.324617e-06
45.0,0.0,205.0841656014324,1.385706e-06
45.0,0.0,205.0837457259179,1.322944e-06
45.0,0.0,205.08333709598753,1.348031e-06
45.0,0.0,205.08289956834943,1.305787e-06
45.0,0.0,205.08247557533437,1.264489e-06
45.0,0.0,205.08206757189328,1.195745e-06
45.0,0.0,205.08164537793408,1.239081e-06
45.0,0.0,205.08122895209647,1.209031e-06
45.0,0.0,205.0808306050402,1.271052e-06
45.0,0.0,205.08039055811935,1.240725e-06
45.0,0.0,205.07995965339725,1.223889e-06
45.0,0.0,205.079559376425,1.230786e-06
45.0,0.0,205.07915348219896,1.294204e-06
45.0,0.0,205.0787107186164,1.233406e-06
45.0,0.0,205.07828241239704,1.194654e-06
45.0,0.0,205.07785173423557,1.258188e-06
45.0,0.0,205.0774435570437,1.223496e-06
45.0,0.0,205.07702074981947,1.232693e-06
45.0,0.0,205.07661743245308,1.174543e-06
45.0,0.0,205.0762179892536,1.258639e-06
45.0,0.0,205.07576994778185,1.228385e-06
45.0,0.0,205.07538064059943,1.271692e-06
45.0,0.0,205.07494746156252,1.239052e-06
45.0,0.0,205.07454179395907,1.169858e-06
45.0,0.0,205.074124729844,1.243374e-06
45.0,0.0,205.07370339417753,1.278328e-06
45.0,0.0,205.073302745521,1.228414e-06
45.0,0.0,205.07286500379087,1.292399e-06
45.0,0.0,205.07245705567905,1.288819e-06
45.0,0.0,205.0720380701005,1.25129e-06
45.0,0.0,205.0716228070941,1.225882e-06
45.0,0.0,205.07118453330372,1.297944e-06
45.0,0.0,205.07077980964627,1.292676e-06
45.0,0.0,205.07036155057637,1.255947e-06
45.0,0.0,205.06991823545783,1.352644e-06
45.0,0.0,205.0695133116964,1.334032e-06
45.0,0.0,205.06910202435327,1.345543e-06
45.0,0.0,205.06868648014947,1.382155e-06
45.0,0.0,205.06824158875833,1.363151e-06
45.0,0.0,205.0678548606996,1.265798e-06
45.0,0.0,205.06741910361123,1.274035e-06
45.0,0.0,205.06697134192,1.292472e-06
45.0,0.0,205.06658263518236,1.23019e-06
45.0,0.0,205.066177847102,1.318171e-06
45.0,0.0,205.06577438463856,1.313674e-06
45.0,0.0,205.0653389910668,1.319859e-06
45.0,0.0,205.06493081689973,1.248132e-06
45.0,0.0,205.06450545605747,1.280903e-06
45.0,0.0,205.06410366810368,1.294742e-06
45.0,0.0,205.06370241134013,1.266308e-06
45.0,0.0,205.06325568207356,1.227017e-06
45.0,0.0,205.06285578314217,1.249602e-06
45.0,0.0,205.0624331969265,1.269436e-06
45.0,0.0,205.06198523228795,1.241453e-06
45.0,0.0,205.0615976945305,1.27322e-06
45.0,0.0,205.0611819104474,1.287146e-06
45.0,0.0,205.0607590740804,1.225664e-06
45.0,0.0,205.06035135376024,1.208537e-06
45.0,0.0,205.0599152459696,1.281398e-06
45.0,0.0,205.05949125295447,1.243621e-06
45.0,0.0,205.05904973280144,1.189474e-06
45.0,0.0,205.05864351706768,1.218519e-06
45.0,0.0,205.05824297704493,1.250766e-06
45.0,0.0,205.05781207957577,1.266177e-06
45.0,0.0,205.05737204181688,1.225679e-06
45.0,0.0,205.056973045937,1.280729e-06
45.0,0.0,205.0565490588392,1.232343e-06
45.0,0.0,205.05613437834876,1.236767e-06
45.0,0.0,205.05572632354875,1.212436e-06
45.0,0.0,205.05529552773524,1.188222e-06
45.0,0.0,205.05488735261,1.162014e-06
45.0,0.0,205.05445799560664,1.111635e-06
45.0,0.0,205.0540645582686,1.193999e-06
45.0,0.0,205.0536495732001,1.245775e-06
45.0,0.0,205.05325259850343,1.234686e-06
45.0,0.0,205.05282420402327,1.225038e-06
45.0,0.0,205.05238563730143,1.183726e-06
45.0,0.0,205.05198558623408,1.239387e-06
45.0,0.0,205.051562898144,1.188164e-06
45.0,0.0,205.05112934307525,1.166365e-06
45.0,0.0,205.05071379550452,1.189357e-06
45.0,0.0,205.05028492983888,1.250519e-06
45.0,0.0,205.04987721163948,1.267268e-06
45.0,0.0,205.0494434431861,1.23994e-06
45.0,0.0,205.0490196954168,1.225737e-06
45.0,0.0,205.0486207019318,1.251625e-06
45.0,0.0,205.04819384994408,1.253284e-06
45.0,0.0,205.04776861082257,1.269844e-06
45.0,0.0,205.04736043321276,1.093984e-06
45.0,0.0,205.046933325956,1.204244e-06
45.0,0.0,205.04653138172344,1.284439e-06
45.0,0.0,205.0461163900284,1.260109e-06
45.0,0.0,205.0457279290744,1.260196e-06
45.0,0.0,205.04529751608587,1.297245e-06
45.0,0.0,205.0448557725261,1.325141e-06
45.0,0.0,205.044456780542,1.264823e-06
45.0,0.0,205.04403304319953,1.281354e-06
45.0,0.0,205.04362004611048,1.294276e-06
45.0,0.0,205.04320894672247,1.341105e-06
45.0,0.0,205.04278096688063,1.290056e-06
45.0,0.0,205.0423732477743,1.31398e-06
45.0,0.0,205.041942572286,1.352513e-06
45.0,0.0,205.0415198183656,1.257431e-06
45.0,0.0,205.0411034970566,1.323089e-06
45.0,0.0,205.04069260113167,1.335327e-06
45.0,0.0,205.0402686081166,1.306253e-06
45.0,0.0,205.0398693715184,1.321358e-06
45.0,0.0,205.0394251162569,1.278546e-06
45.0,0.0,205.03899820517825,1.282155e-06
45.0,0.0,205.03858265475404,1.304055e-06
45.0,0.0,205.03814814871825,1.298496e-06
45.0,0.0,205.03774696022464,1.269844e-06
45.0,0.0,205.03732541699617,1.290275e-06
45.0,0.0,205.0368930619665,1.311782e-06
45.0,0.0,205.03647825299123,1.336608e-06
45.0,0.0,205.03606242748273,1.289125e-06
45.0,0.0,205.0356749429904,1.334847e-06
45.0,0.0,205.035253368974,1.352091e-06
45.0,0.0,205.03483496625975,1.344582e-06
45.0,0.0,205.03441405945523,1.423279e-06
45.0,0.0,205.03398525213137,1.448745e-06
45.0,0.0,205.03359748307471,1.371256e-06
45.0,0.0,205.03316124298087,1.377324e-06
45.0,0.0,205.03277687552304,1.41091e-06
45.0,0.0,205.03233825602612,1.465029e-06
45.0,0.0,205.03189723246263,1.444889e-06
45.0,0.0,205.031490025458,1.366803e-06
45.0,0.0,205.0310761478252,1.187989e-06
45.0,0.0,205.0306608715657,1.404202e-06
45.0,0.0,205.03021854124808,1.454871e-06
45.0,0.0,205.02979505432955,1.433582e-06
45.0,0.0,205.0293963758253,1.503111e-06
45.0,0.0,205.0289500678268,1.507564e-06
45.0,0.0,205.0285292575641,1.501525e-06
45.0,0.0,205.02814148188088,1.483975e-06
45.0,0.0,205.02772621923705,1.501539e-06
45.0,0.0,205.0272773522672,1.492939e-06
45.0,0.0,205.02688737214487,1.472479e-06
45.0,0.0,205.0264548628855,1.466906e-06
45.0,0.0,205.02604852343168,1.393419e-06
45.0,0.0,205.02563238322196,1.470704e-06
45.0,0.0,205.02521012762332,1.486653e-06
45.0,0.0,205.02480939383753,1.432243e-06
45.0,0.0,205.02437082536716,1.466877e-06
45.0,0.0,205.02398537484504,1.404434e-06
45.0,0.0,205.02354414718033,1.369524e-06
45.0,0.0,205.02313868243132,1.40669e-06
45.0,0.0,205.0227383493958,1.399967e-06
45.0,0.0,205.022307673618,1.444074e-06
45.0,0.0,205.0218851669005,1.48137e-06
45.0,0.0,205.0214687115408,1.469467e-06
45.0,0.0,205.02102468671984,1.406937e-06
45.0,0.0,205.0206302085812,1.428838e-06
45.0,0.0,205.02022164803032,1.359906e-06
45.0,0.0,205.01979158200433,1.427936e-06
45.0,0.0,205.019360906516,1.439708e-06
45.0,0.0,205.01895273681248,1.489621e-06
45.0,0.0,205.0185322366262,1.296372e-06
45.0,0.0,205.01810252136832,1.418011e-06
45.0,0.0,205.0176733614536,1.360677e-06
45.0,0.0,205.01725185243237,1.422406e-06
45.0,0.0,205.01684345048687,1.465974e-06
45.0,0.0,205.01641232425592,1.451743e-06
45.0,0.0,205.01600705964452,1.410619e-06
45.0,0.0,205.01559507435095,1.480657e-06
45.0,0.0,205.01516529445468,1.464912e-06
45.0,0.0,205.0147798513272,1.429013e-06
45.0,0.0,205.01435966019164,1.48984e-06
45.0,0.0,205.01394099648152,1.481996e-06
45.0,0.0,205.01351789786256,1.489854e-06
45.0,0.0,205.01310215128967,1.511362e-06
45.0,0.0,205.0126873597339,1.47098e-06
45.0,0.0,205.0122635234925,1.450971e-06
45.0,0.0,205.0118686387032,1.479042e-06
45.0,0.0,205.01142490486785,1.438471e-06
45.0,0.0,205.01099823076123,1.427077e-06
45.0,0.0,205.0105829617441,1.443725e-06
45.0,0.0,205.01015515527044,1.450389e-06
45.0,0.0,205.0097697040038,1.397246e-06
45.0,0.0,205.00932518686324,1.312699e-06
45.0,0.0,205.0088851758782,1.17271e-06
45.0,0.0,205.0085001833237,1.522727e-06
45.0,0.0,205.0080630161836,1.417662e-06
45.0,0.0,205.00764718404852,1.396533e-06
45.0,0.0,205.0072510195249,1.44892e-06
45.0,0.0,205.00682271280183,1.465305e-06
45.0,0.0,205.0063987395289,1.457214e-06
45.0,0.0,205.0059858275792,1.422275e-06
45.0,0.0,205.0055761417939,1.453096e-06
45.0,0.0,205.00516201546887,1.414184e-06
45.0,0.0,205.00473852274047,1.527907e-06
45.0,0.0,205.00432064693888,1.454784e-06
45.0,0.0,205.00391578745007,1.380206e-06
45.0,0.0,205.00346795310736,1.308901e-06
45.0,0.0,205.00307783892492,1.481967e-06
45.0,0.0,205.00266228911576,1.367967e-06
45.0,0.0,205.00224279251285,1.23668e-06
45.0,0.0,205.00183438456332,1.39451e-06
45.0,0.0,205.0013960814084,1.303808e-06
45.0,0.0,205.0009950845664,1.316439e-06
45.0,0.0,205.0005731000558,1.309469e-06
45.0,0.0,205.00014067426616,1.374938e-06
45.0,0.0,204.999725331062,1.311637e-06
45.0,0.0,204.99931738333933,1.309716e-06
45.0,0.0,204.99888648044848,1.33393e-06
45.0,0.0,204.9984536357767,1.296779e-06
45.0,0.0,204.99803014850255,1.235472e-06
45.0,0.0,204.99761695434668,1.234599e-06
45.0,0.0,204.99720573038408,1.376611e-06
45.0,0.0,204.9967787901961,1.27079e-06
45.0,0.0,204.9963708436399,1.269291e-06
45.0,0.0,204.99594016739624,1.24154e-06
45.0,0.0,204.99553769096943,1.248351e-06
45.0,0.0,204.99512938884615,1.331573e-06
45.0,0.0,204.9947147070312,1.255772e-06
45.0,0.0,204.99430769868144,1.287262e-06
45.0,0.0,204.99386697453124,1.225737e-06
45.0,0.0,204.993468228869,1.33086e-06
45.0,0.0,204.99304448599727,1.298045e-06
45.0,0.0,204.99263022665048,1.31446e-06
45.0,0.0,204.99222139629123,1.31446e-06
45.0,0.0,204.99179114464715,1.34141e-06
45.0,0.0,204.99136024281052,1.201741e-06
45.0,0.0,204.9909520706183,1.361055e-06
45.0,0.0,204.9905314274944,1.369699e-06
45.0,0.0,204.99010204467172,1.327906e-06
45.0,0.0,204.9896728384033,1.204011e-06
45.0,0.0,204.9892786447732,1.300563e-06
45.0,0.0,204.9888431323664,1.388034e-06
45.0,0.0,204.98841939098625,1.282708e-06
45.0,0.0,204.98797157753373,1.244203e-06
45.0,0.0,204.98758238968696,1.192835e-06
45.0,0.0,204.9871668487428,1.423905e-06
45.0,0.0,204.98676576794784,1.362045e-06
45.0,0.0,204.98633834391185,1.270062e-06
45.0,0.0,204.98591307104783,1.42763e-06
45.0,0.0,204.9855049363978,1.261345e-06
45.0,0.0,204.9850893888271,1.255321e-06
45.0,0.0,204.98470162639703,1.361128e-06
45.0,0.0,204.98425521510185,1.445413e-06
45.0,0.0,204.9838553934,1.388282e-06
45.0,0.0,204.98343273519788,1.280088e-06
45.0,0.0,204.9829849908373,1.39483e-06
45.0,0.0,204.9825979515697,1.335051e-06
45.0,0.0,204.98218166758343,1.296241e-06
45.0,0.0,204.98175864817665,1.305467e-06
45.0,0.0,204.9813504737811,1.332111e-06
45.0,0.0,204.9809195720923,1.267676e-06
45.0,0.0,204.9804917058559,1.229346e-06
45.0,0.0,204.9800807225695,1.268039e-06
45.0,0.0,204.97966754968488,1.13844e-06
45.0,0.0,204.97924331205343,1.126798e-06
45.0,0.0,204.9788105173889,1.320193e-06
45.0,0.0,204.97837984190065,1.237262e-06
45.0,0.0,204.9779716667754,1.250228e-06
45.0,0.0,204.97755537846848,1.17856e-06
45.0,0.0,204.97713304356444,1.203283e-06
45.0,0.0,204.97672510542617,1.08697e-06
45.0,0.0,204.9762941983726,1.184235e-06
45.0,0.0,204.97590262027913,1.174296e-06
45.0,0.0,204.97545579755896,1.088978e-06
45.0,0.0,204.9750553865967,1.089124e-06
45.0,0.0,204.97464905354045,1.199063e-06
45.0,0.0,204.9742321867988,1.095948e-06
45.0,0.0,204.97382423365443,1.209526e-06
45.0,0.0,204.97339356358788,1.229593e-06
45.0,0.0,204.97298667747705,1.229186e-06
45.0,0.0,204.97257242743817,1.171677e-06
45.0,0.0,204.9721288259648,1.224907e-06
45.0,0.0,204.9717370409288,1.163469e-06
45.0,0.0,204.97131545586964,1.173918e-06
45.0,0.0,204.97087610428173,1.414141e-06
45.0,0.0,204.9704449772653,1.415858e-06
45.0,0.0,204.9700432283086,1.240551e-06
45.0,0.0,204.96963554461792,1.227585e-06
45.0,0.0,204.9691957469014,1.288543e-06
45.0,0.0,204.9687720040297,1.216642e-06
45.0,0.0,204.96837326175435,1.315217e-06
45.0,0.0,204.96792911205895,1.268665e-06
45.0,0.0,204.96752552586753,1.22175e-06
45.0,0.0,204.96711559243087,1.328692e-06
45.0,0.0,204.96670279654091,1.186636e-06
45.0,0.0,204.96629686735832,1.218737e-06
45.0,0.0,204.9658551607132,1.375345e-06
45.0,0.0,204.9654582390892,1.267574e-06
45.0,0.0,204.96503925089297,1.303022e-06
45.0,0.0,204.9646196178001,1.317036e-06
45.0,0.0,204.96420843412847,1.278269e-06
45.0,0.0,204.9637805441249,1.311593e-06
45.0,0.0,204.96336029535337,1.315071e-06
45.0,0.0,204.96294186161603,1.155218e-06
45.0,0.0,204.96251874829727,1.153734e-06
45.0,0.0,204.96211537863928,1.326727e-06
45.0,0.0,204.9617157041408,1.248845e-06
45.0,0.0,204.9612678902808,1.238775e-06
45.0,0.0,204.96086915396927,1.242035e-06
45.0,0.0,204.9604454371913,1.189081e-06
45.0,0.0,204.9599993770528,1.087144e-06
45.0,0.0,204.95959792828663,1.257227e-06
45.0,0.0,204.959196314456,1.195614e-06
45.0,0.0,204.95877062723167,9.754003e-07
45.0,0.0,204.95832645368287,1.265478e-06
45.0,0.0,204.95790270968772,1.454595e-06
45.0,0.0,204.95750152781,1.37584e-06
45.0,0.0,204.95706385338772,1.335051e-06
45.0,0.0,204.95665597706488,1.279361e-06
45.0,0.0,204.9562540808128,1.26443e-06
45.0,0.0,204.9558229505194,1.34272e-06
45.0,0.0,204.95541477539416,1.289241e-06
45.0,0.0,204.9549861221608,1.270295e-06
45.0,0.0,204.9545761521832,1.37453e-06
45.0,0.0,204.95418364597344,1.271037e-06
50.0,0.0,205.577975,2.263302e-05
50.0,0.0,205.577975,-1.896347e-06
50.0,0.0,205.577975,-9.566575e-07
50.0,0.0,205.5779404915517,-3.6576240000000004e-07
50.0,0.0,205.57778907561928,8.425559e-08
50.0,0.0,205.57759625269048,4.28583e-07
50.0,0.0,205.5773611005787,6.98521e-07
50.0,0.0,205.57709655862743,6.268092000000001e-07
50.0,0.0,205.5768022958333,7.147173000000001e-07
50.0,0.0,205.5764201324646,8.256466e-07
50.0,0.0,205.57605258853448,9.300420000000001e-07
50.0,0.0,205.57565423687583,1.033957e-06
50.0,0.0,205.57521358186744,1.150416e-06
50.0,0.0,205.57482811292593,1.173074e-06
50.0,0.0,205.5743894286392,1.248714e-06
50.0,0.0,205.57394625016843,1.339708e-06
50.0,0.0,205.5735667959075,1.27079e-06
50.0,0.0,205.57313402961404,1.263717e-06
50.0,0.0,205.57274125322212,1.328124e-06
50.0,0.0,205.57232093762076,1.292108e-06
50.0,0.0,205.5718811337273,1.291002e-06
50.0,0.0,205.5714506433088,1.285458e-06
50.0,0.0,205.57102972468724,1.294931e-06
50.0,0.0,205.57064216130456,1.218534e-06
50.0,0.0,205.57022641583043,1.248554e-06
50.0,0.0,205.5697956562032,1.23815e-06
50.0,0.0,205.569353926568,1.162247e-06
50.0,0.0,205.56895570014413,7.948693e-07
50.0,0.0,205.5685234968638,1.165696e-06
50.0,0.0,205.56810882212892,1.138556e-06
50.0,0.0,205.56769675957,1.219014e-06
50.0,0.0,205.567291288515,1.214881e-06
50.0,0.0,205.5668607452309,1.210123e-06
50.0,0.0,205.56642519104716,1.214299e-06
50.0,0.0,205.56602168978327,1.270382e-06
50.0,0.0,205.56561690971756,1.201319e-06
50.0,0.0,205.56522818468684,1.114677e-06
50.0,0.0,205.56479770093873,1.277323e-06
50.0,0.0,205.56435595604265,1.317807e-06
50.0,0.0,205.56395883714885,1.294931e-06
50.0,0.0,205.56353954045264,1.278779e-06
50.0,0.0,205.56312390885768,1.305219e-06
50.0,0.0,205.56268863379324,1.139269e-06
50.0,0.0,205.56230336008528,1.274035e-06
50.0,0.0,205.56186194084648,1.291017e-06
50.0,0.0,205.56143786855088,1.13633e-06
50.0,0.0,205.56103302587863,1.279215e-06
50.0,0.0,205.56061491063284,1.382476e-06
50.0,0.0,205.5601875346636,1.2745e-06
50.0,0.0,205.55976340282655,1.265973e-06
50.0,0.0,205.55935638286684,1.326931e-06
50.0,0.0,205.5589246022824,1.37082e-06
50.0,0.0,205.5584982190206,1.401175e-06
50.0,0.0,205.55808280763944,1.389781e-06
50.0,0.0,205.55766761350304,1.429798e-06
50.0,0.0,205.5572247008637,1.460037e-06
50.0,0.0,205.5568396332664,1.42293e-06
50.0,0.0,205.55640205072487,1.421373e-06
50.0,0.0,205.55600051236416,1.421475e-06
50.0,0.0,205.555590645084,1.407272e-06
50.0,0.0,205.55517505026384,1.408946e-06
50.0,0.0,205.554771818861,1.396926e-06
50.0,0.0,205.55434508498112,1.384527e-06
50.0,0.0,205.55390824578313,1.428169e-06
50.0,0.0,205.55350609464747,1.393637e-06
50.0,0.0,205.5530973746244,1.401553e-06
50.0,0.0,205.55266139399836,1.409862e-06
50.0,0.0,205.55223735095453,1.371402e-06
50.0,0.0,205.55183868643428,1.374341e-06
50.0,0.0,205.5514148658075,1.397202e-06
50.0,0.0,205.5509670658585,1.408538e-06
50.0,0.0,205.5505502044321,1.406806e-06
50.0,0.0,205.55014386828523,1.361375e-06
50.0,0.0,205.54974310938192,1.328823e-06
50.0,0.0,205.54931244081888,1.297361e-06
50.0,0.0,205.54888160425247,1.332577e-06
50.0,0.0,205.54847354282856,1.366599e-06
50.0,0.0,205.54805786598988,1.39176e-06
50.0,0.0,205.54762564217063,1.35391e-06
50.0,0.0,205.54720397124623,1.366876e-06
50.0,0.0,205.5468114451376,1.358654e-06
50.0,0.0,205.5463767956593,1.320877e-06
50.0,0.0,205.5459685804753,1.338252e-06
50.0,0.0,205.54555196762487,1.379653e-06
50.0,0.0,205.54513672578577,1.386739e-06
50.0,0.0,205.54474319211673,1.333159e-06
50.0,0.0,205.54431419632613,1.374268e-06
50.0,0.0,205.5438836364736,1.379958e-06
50.0,0.0,205.54347580765628,1.429624e-06
50.0,0.0,205.54306037762132,1.400127e-06
50.0,0.0,205.54264519136976,1.390523e-06
50.0,0.0,205.542229004116,1.434848e-06
50.0,0.0,205.54182098817253,1.404347e-06
50.0,0.0,205.54139006796316,1.407243e-06
50.0,0.0,205.54096054721143,1.43965e-06
50.0,0.0,205.54056823421345,1.51158e-06
50.0,0.0,205.54015260741664,1.455235e-06
50.0,0.0,205.53971087825053,1.386565e-06
50.0,0.0,205.53928688523544,1.574081e-06
50.0,0.0,205.53885019440364,1.516266e-06
50.0,0.0,205.5384192756924,1.417793e-06
50.0,0.0,205.53801513131916,1.447901e-06
50.0,0.0,205.53760437642748,1.433189e-06
50.0,0.0,205.5371891690087,1.390319e-06
50.0,0.0,205.53676505386792,1.392211e-06
50.0,0.0,205.53635698958155,1.423745e-06
50.0,0.0,205.53592647176825,1.389053e-06
50.0,0.0,205.53550025637557,1.421897e-06
50.0,0.0,205.5351127096692,1.427528e-06
50.0,0.0,205.5346971013633,1.382112e-06
50.0,0.0,205.53428839984824,1.323933e-06
50.0,0.0,205.53386341851183,1.302542e-06
50.0,0.0,205.53343265206252,1.33815e-06
50.0,0.0,205.53302972957937,1.327819e-06
50.0,0.0,205.5326199523268,1.317821e-06
50.0,0.0,205.5322043219228,1.368491e-06
50.0,0.0,205.531757551725,1.412103e-06
50.0,0.0,205.5313457878712,1.403037e-06
50.0,0.0,205.5309350415636,1.377935e-06
50.0,0.0,205.5305110184295,1.333916e-06
50.0,0.0,205.53007206148956,1.361899e-06
50.0,0.0,205.5296569586193,1.312204e-06
50.0,0.0,205.52923849537768,1.296808e-06
50.0,0.0,205.52883053033645,1.24902e-06
50.0,0.0,205.52840008480035,1.293782e-06
50.0,0.0,205.52796984705975,1.306893e-06
50.0,0.0,205.527580614282,1.222274e-06
50.0,0.0,205.52716534744857,1.258159e-06
50.0,0.0,205.526745700036,1.242603e-06
50.0,0.0,205.52632841863604,1.217282e-06
50.0,0.0,205.5259072132666,1.233377e-06
50.0,0.0,205.5254766571656,1.265362e-06
50.0,0.0,205.5250887805445,1.213048e-06
50.0,0.0,205.52467337495864,1.263776e-06
50.0,0.0,205.52422956313367,1.230612e-06
50.0,0.0,205.5238308957925,1.220906e-06
50.0,0.0,205.52339075780876,1.230132e-06
50.0,0.0,205.523005560592,1.290246e-06
50.0,0.0,205.5225694150428,1.23166e-06
50.0,0.0,205.52218197402544,1.21721e-06
50.0,0.0,205.52175883047653,1.26232e-06
50.0,0.0,205.5213280867675,1.206106e-06
50.0,0.0,205.5209038368588,1.190012e-06
50.0,0.0,205.52049235086656,1.271517e-06
50.0,0.0,205.5200769912258,1.281063e-06
50.0,0.0,205.5196341376353,1.244334e-06
50.0,0.0,205.5192199656167,1.202701e-06
50.0,0.0,205.51882034467596,1.260531e-06
50.0,0.0,205.51838109022637,1.228065e-06
50.0,0.0,205.51795028521883,1.227934e-06
50.0,0.0,205.51752940612016,1.249573e-06
50.0,0.0,205.5171421373516,1.312277e-06
50.0,0.0,205.51670150580608,1.293141e-06
50.0,0.0,205.51631055428507,1.256063e-06
50.0,0.0,205.5158787199265,1.387743e-06
50.0,0.0,205.51543393404543,1.377179e-06
50.0,0.0,205.51504855943767,1.32891e-06
50.0,0.0,205.5146217748844,1.263325e-06
50.0,0.0,205.5142319579465,1.347347e-06
50.0,0.0,205.5138016002585,1.339111e-06
50.0,0.0,205.51337088095093,1.400782e-06
50.0,0.0,205.51296300144904,1.322638e-06
50.0,0.0,205.5125448478257,1.321678e-06
50.0,0.0,205.5121238811812,1.235618e-06
50.0,0.0,205.51173872621607,1.242239e-06
50.0,0.0,205.51129145545968,1.313761e-06
50.0,0.0,205.51086761849447,1.28703e-06
50.0,0.0,205.51042370452427,1.216773e-06
50.0,0.0,205.51001965747864,1.370747e-06
50.0,0.0,205.50960912756912,1.403823e-06
50.0,0.0,205.50919369117355,1.446897e-06
50.0,0.0,205.50874815370577,1.386972e-06
50.0,0.0,205.5083492643439,1.330831e-06
50.0,0.0,205.50790734002751,1.356428e-06
50.0,0.0,205.50752213841128,1.356399e-06
50.0,0.0,205.50708937656512,1.259352e-06
50.0,0.0,205.50667882114533,1.24982e-06
50.0,0.0,205.50627507159143,1.277775e-06
50.0,0.0,205.50584427956693,1.241686e-06
50.0,0.0,205.50543624371812,1.232707e-06
50.0,0.0,205.50501222238097,1.209468e-06
50.0,0.0,205.5046096327071,1.28441e-06
50.0,0.0,205.5042092674898,1.325781e-06
50.0,0.0,205.50378131695857,1.298715e-06
50.0,0.0,205.50333780374777,1.264634e-06
50.0,0.0,205.50293898728853,1.317458e-06
50.0,0.0,205.50251499937823,1.331282e-06
50.0,0.0,205.5020760344053,1.28556e-06
50.0,0.0,205.501688315282,1.275257e-06
50.0,0.0,205.5012644282145,1.283581e-06
50.0,0.0,205.5008455235664,1.315188e-06
50.0,0.0,205.50042587322437,1.322609e-06
50.0,0.0,205.49999985300352,1.331733e-06
50.0,0.0,205.49958424984527,1.365988e-06
50.0,0.0,205.4991413406672,1.317356e-06
50.0,0.0,205.4987259044389,1.315362e-06
50.0,0.0,205.49832700248783,1.373337e-06
50.0,0.0,205.49788714480604,1.417298e-06
50.0,0.0,205.49745626465543,1.378794e-06
50.0,0.0,205.49705582390132,1.555003e-06
50.0,0.0,205.49664889568297,1.721215e-06
50.0,0.0,205.49623171653948,1.606953e-06
50.0,0.0,205.49582331943333,1.439243e-06
50.0,0.0,205.49538430592224,1.354856e-06
50.0,0.0,205.49498424121683,1.37357e-06
50.0,0.0,205.49457108107464,1.26184e-06
50.0,0.0,205.49414570916733,1.368971e-06
50.0,0.0,205.49373873744756,1.385604e-06
50.0,0.0,205.49331506365496,1.363616e-06
50.0,0.0,205.492884438819,1.245702e-06
50.0,0.0,205.49246809890133,1.169974e-06
50.0,0.0,205.49205146241303,1.34256e-06
50.0,0.0,205.4916451797352,1.297696e-06
50.0,0.0,205.4912445517807,1.333319e-06
50.0,0.0,205.49081367120607,1.364431e-06
50.0,0.0,205.4903734723057,1.374909e-06
50.0,0.0,205.4899330687924,1.234774e-06
50.0,0.0,205.4895507405572,1.368142e-06
50.0,0.0,205.48911585148016,1.391454e-06
50.0,0.0,205.48870287959863,1.402252e-06
50.0,0.0,205.48829651080027,1.366207e-06
50.0,0.0,205.48786576709125,1.36219e-06
50.0,0.0,205.48743073141688,1.400447e-06
50.0,0.0,205.48702655375163,1.389199e-06
50.0,0.0,205.48662276723897,1.511842e-06
50.0,0.0,205.48618813408495,1.517677e-06
50.0,0.0,205.48578570964577,1.422406e-06
50.0,0.0,205.48536181543625,1.386157e-06
50.0,0.0,205.48496282004427,1.437656e-06
50.0,0.0,205.4845184526305,1.426088e-06
50.0,0.0,205.48412540240457,1.383451e-06
50.0,0.0,205.4837157474664,1.333028e-06
50.0,0.0,205.4832866178519,1.46286e-06
50.0,0.0,205.48286565557856,1.498251e-06
50.0,0.0,205.48244785819935,1.467284e-06
50.0,0.0,205.48202639539693,1.446882e-06
50.0,0.0,205.48162248967105,1.440058e-06
50.0,0.0,205.48122321247425,1.422028e-06
50.0,0.0,205.48079277498852,1.379842e-06
50.0,0.0,205.48035048561135,1.313078e-06
50.0,0.0,205.4799538348838,1.367662e-06
50.0,0.0,205.47953347265417,1.439097e-06
50.0,0.0,205.47909020878356,1.435954e-06
50.0,0.0,205.47867465458623,1.459004e-06
50.0,0.0,205.4782531784886,1.324326e-06
50.0,0.0,205.4778351515808,1.359658e-06
50.0,0.0,205.47741462892012,1.490713e-06
50.0,0.0,205.47698599872368,1.49569e-06
50.0,0.0,205.4765758898199,1.486042e-06
50.0,0.0,205.47616223857764,1.388486e-06
50.0,0.0,205.47573834561993,1.537905e-06
50.0,0.0,205.4753396783876,1.526161e-06
50.0,0.0,205.47490505385008,1.517488e-06
50.0,0.0,205.47449421416363,1.481167e-06
50.0,0.0,205.4740786426785,1.425055e-06
50.0,0.0,205.47366903344505,1.441178e-06
50.0,0.0,205.47326597324695,1.518754e-06
50.0,0.0,205.47283506732143,1.461522e-06
50.0,0.0,205.47242707277064,1.279419e-06
50.0,0.0,205.47200082419084,1.412438e-06
50.0,0.0,205.47158533220767,1.477107e-06
50.0,0.0,205.47114248080447,1.437191e-06
50.0,0.0,205.4707471990833,1.467677e-06
50.0,0.0,205.47032802067625,1.483451e-06
50.0,0.0,205.46988802494937,1.458306e-06
50.0,0.0,205.469457145186,1.455526e-06
50.0,0.0,205.46905647283853,1.51826e-06
50.0,0.0,205.4686502771505,1.545675e-06
50.0,0.0,205.46821048832584,1.495602e-06
50.0,0.0,205.4678100697194,1.546592e-06
50.0,0.0,205.46738630183333,1.581255e-06
50.0,0.0,205.46698641775524,1.681357e-06
50.0,0.0,205.46654579577933,1.613094e-06
50.0,0.0,205.4661395735278,1.477078e-06
50.0,0.0,205.46573909639315,1.536289e-06
50.0,0.0,205.46530822166423,1.593842e-06
50.0,0.0,205.46488562402223,1.607812e-06
50.0,0.0,205.46446961577183,1.583292e-06
50.0,0.0,205.4640530940245,1.572218e-06
50.0,0.0,205.4636655539447,1.556153e-06
50.0,0.0,205.46322255510924,1.589535e-06
50.0,0.0,205.46279896652288,1.599663e-06
50.0,0.0,205.4623999949192,1.523338e-06
50.0,0.0,205.46195318305428,1.616136e-06
50.0,0.0,205.46155220900363,1.595399e-06
50.0,0.0,205.46114565944828,1.654829e-06
50.0,0.0,205.4607293399804,1.693465e-06
50.0,0.0,205.46028105543144,1.572393e-06
50.0,0.0,205.45989092675933,1.596185e-06
50.0,0.0,205.45945860126264,1.468288e-06
50.0,0.0,205.4590132029036,1.564404e-06
50.0,0.0,205.45859760312212,1.486347e-06
50.0,0.0,205.4581862720166,1.543463e-06
50.0,0.0,205.45778175413503,1.492401e-06
50.0,0.0,205.45735091946491,1.457491e-06
50.0,0.0,205.45692456189684,1.467735e-06
50.0,0.0,205.45651989631213,1.589186e-06
50.0,0.0,205.45609153266653,1.554145e-06
50.0,0.0,205.455716795626,1.562876e-06
50.0,0.0,205.45526900345467,1.487002e-06
50.0,0.0,205.45484611303704,1.485154e-06
50.0,0.0,205.45442642427,1.556095e-06
50.0,0.0,205.45400055491092,1.646171e-06
50.0,0.0,205.45361328681972,1.672961e-06
50.0,0.0,205.4532006910981,1.759763e-06
50.0,0.0,205.452794776296,1.675158e-06
50.0,0.0,205.45236416662485,1.690467e-06
50.0,0.0,205.45192911170227,1.685781e-06
50.0,0.0,205.4515251083309,1.740074e-06
50.0,0.0,205.45109286876493,1.766661e-06
50.0,0.0,205.4506774601632,1.742315e-06
50.0,0.0,205.45025538298853,1.698994e-06
50.0,0.0,205.44984738978533,1.715089e-06
50.0,0.0,205.4494110857024,1.678316e-06
50.0,0.0,205.44898711770168,1.701861e-06
50.0,0.0,205.44857786910524,1.705412e-06
50.0,0.0,205.44815784634807,1.724693e-06
50.0,0.0,205.44773933143364,1.70077e-06
50.0,0.0,205.44733149741225,1.667329e-06
50.0,0.0,205.44690082734567,1.724184e-06
50.0,0.0,205.44649471765663,1.659952e-06
50.0,0.0,205.44608152493385,1.700595e-06
50.0,0.0,205.44567180726585,1.755121e-06
50.0,0.0,205.4452686043901,1.684559e-06
50.0,0.0,205.44482397132165,1.681081e-06
50.0,0.0,205.44442957185447,1.650304e-06
50.0,0.0,205.4440039288728,1.252629e-06
50.0,0.0,205.44356074175693,7.512571999999999e-07
50.0,0.0,205.44315959636927,4.451576e-07
50.0,0.0,205.44275406343144,1.305598e-07
50.0,0.0,205.4423208333734,8.530333e-08
50.0,0.0,205.44191258794908,6.961636e-08
50.0,0.0,205.44148342721329,1.687877e-07
50.0,0.0,205.44106779648465,1.212378e-06
50.0,0.0,205.44068036213656,1.592227e-06
50.0,0.0,205.44023581230255,1.549954e-06
50.0,0.0,205.43981183833796,1.398264e-06
50.0,0.0,205.4393817252504,1.499007e-06
50.0,0.0,205.4389651213208,1.601977e-06
50.0,0.0,205.4385478603148,1.608656e-06
50.0,0.0,205.43813264105728,1.470675e-06
50.0,0.0,205.437717444201,1.502936e-06
50.0,0.0,205.43730388587127,1.617591e-06
50.0,0.0,205.4368707948821,1.59585e-06
50.0,0.0,205.43644660771625,1.516208e-06
50.0,0.0,205.43604094554289,1.389926e-06
50.0,0.0,205.43561212881616,1.514665e-06
50.0,0.0,205.43520208950767,1.583467e-06
50.0,0.0,205.43480121036032,1.55493e-06
50.0,0.0,205.4344021989725,1.517838e-06
50.0,0.0,205.43395556905483,1.430133e-06
50.0,0.0,205.43353586403308,1.448701e-06
50.0,0.0,205.43314826836567,1.447086e-06
50.0,0.0,205.43273129424335,1.467793e-06
50.0,0.0,205.43228340534364,1.449822e-06
50.0,0.0,205.43188446675777,1.371794e-06
50.0,0.0,205.43146079512488,1.408334e-06
50.0,0.0,205.43101622420417,1.563574e-06
50.0,0.0,205.43062351537736,1.479508e-06
50.0,0.0,205.4302134422853,1.377543e-06
50.0,0.0,205.42978475041804,1.300476e-06
50.0,0.0,205.4293539426141,1.240551e-06
50.0,0.0,205.42892726560643,1.296823e-06
50.0,0.0,205.42852383480755,1.274748e-06
50.0,0.0,205.42809498320952,1.173423e-06
50.0,0.0,205.42767606382543,1.213266e-06
50.0,0.0,205.4272722479191,1.300432e-06
50.0,0.0,205.4268374164976,1.385415e-06
50.0,0.0,205.42644994383625,1.354478e-06
50.0,0.0,205.4260038336595,1.378736e-06
50.0,0.0,205.42560197685648,1.262728e-06
50.0,0.0,205.42520085055756,1.402703e-06
50.0,0.0,205.42477429308911,1.410648e-06
50.0,0.0,205.42436652728847,1.360531e-06
50.0,0.0,205.4239319178364,1.31868e-06
50.0,0.0,205.42349690038787,1.184482e-06
50.0,0.0,205.42311076084945,1.365566e-06
50.0,0.0,205.4226954114337,1.406093e-06
50.0,0.0,205.4222697746976,1.37712e-06
50.0,0.0,205.4218617157304,1.329798e-06
50.0,0.0,205.421426217379,1.401946e-06
50.0,0.0,205.42100232390936,1.395805e-06
50.0,0.0,205.4206178959305,1.345732e-06
50.0,0.0,205.4201796178627,1.237655e-06
50.0,0.0,205.41975582530955,1.265158e-06
50.0,0.0,205.41932225716707,1.332781e-06
50.0,0.0,205.4189142171652,1.343476e-06
50.0,0.0,205.41848510769552,1.317807e-06
50.0,0.0,205.4180694492176,1.29093e-06
50.0,0.0,205.41763616114144,1.311317e-06
50.0,0.0,205.4172132718865,1.196298e-06
50.0,0.0,205.41681335291568,1.188469e-06
50.0,0.0,205.4163895579076,1.198976e-06
50.0,0.0,205.41598926922728,1.257751e-06
50.0,0.0,205.4155490867504,1.082313e-06
50.0,0.0,205.41514306069493,1.18342e-06
50.0,0.0,205.4147424206761,1.03988e-06
50.0,0.0,205.41431143186813,1.177221e-06
50.0,0.0,205.41392087805497,1.2128e-06
50.0,0.0,205.41347221747083,1.129563e-06
50.0,0.0,205.4130731528048,1.084685e-06
50.0,0.0,205.41266869932028,1.191816e-06
50.0,0.0,205.41224805587888,1.22872e-06
50.0,0.0,205.4118304530836,1.211403e-06
50.0,0.0,205.41140952905067,1.199776e-06
50.0,0.0,205.4109794319945,1.253691e-06
50.0,0.0,205.41053657177747,1.303371e-06
50.0,0.0,205.410131578084,1.241802e-06
50.0,0.0,205.40973200974568,1.182547e-06
50.0,0.0,205.4093014723574,1.180015e-06
50.0,0.0,205.40886017710764,1.062814e-06
50.0,0.0,205.40846271104647,1.240434e-06
50.0,0.0,205.40804451590617,1.261113e-06
50.0,0.0,205.4076139740126,1.337161e-06
50.0,0.0,205.40719314488584,1.302571e-06
50.0,0.0,205.4067910169084,1.295601e-06
50.0,0.0,205.40635397590876,1.327164e-06
50.0,0.0,205.40594614188737,1.481691e-06
50.0,0.0,205.40552459813944,1.492415e-06
50.0,0.0,205.4051206958172,1.478926e-06
50.0,0.0,205.4047216772516,1.436769e-06
50.0,0.0,205.4042730361193,1.521563e-06
50.0,0.0,205.40388322070325,1.51791e-06
50.0,0.0,205.40345017520343,1.532593e-06
50.0,0.0,205.4030443527712,1.464607e-06
50.0,0.0,205.4026272678529,1.464272e-06
50.0,0.0,205.40220132995248,1.523047e-06
50.0,0.0,205.40179175825423,1.488923e-06
50.0,0.0,205.40136719731032,1.467182e-06
50.0,0.0,205.40093983262656,1.353124e-06
50.0,0.0,205.4005408132957,1.408669e-06
50.0,0.0,205.40012515454987,1.386274e-06
50.0,0.0,205.39968587056387,1.396314e-06
50.0,0.0,205.39926198268776,1.374399e-06
50.0,0.0,205.3988397601832,1.353546e-06
50.0,0.0,205.39841924650585,1.378488e-06
50.0,0.0,205.39799138717396,1.353852e-06
50.0,0.0,205.39757592961115,1.325359e-06
50.0,0.0,205.3971881605545,1.308959e-06
50.0,0.0,205.39674303160956,1.289955e-06
50.0,0.0,205.39631937954903,1.226348e-06
50.0,0.0,205.39592064098608,1.234905e-06
50.0,0.0,205.39549659794233,1.191002e-06
50.0,0.0,205.39508678068637,1.163731e-06
50.0,0.0,205.39466871528208,1.244203e-06
50.0,0.0,205.3942480185355,1.171502e-06
50.0,0.0,205.39385168061867,1.20129e-06
50.0,0.0,205.39341472108543,1.253502e-06
50.0,0.0,205.39300719205005,1.251145e-06
50.0,0.0,205.39259164447932,1.255568e-06
50.0,0.0,205.39217590235216,1.252076e-06
50.0,0.0,205.39177249557423,1.194305e-06
50.0,0.0,205.39134581959553,1.220033e-06
50.0,0.0,205.39090918495955,1.265464e-06
50.0,0.0,205.39046190545685,1.294175e-06
50.0,0.0,205.39007659132025,1.332752e-06
50.0,0.0,205.3896562003092,1.288776e-06
50.0,0.0,205.38923794830677,1.352353e-06
50.0,0.0,205.388807159398,1.338063e-06
50.0,0.0,205.3883992327724,1.308101e-06
50.0,0.0,205.38796772048016,1.353823e-06
50.0,0.0,205.38754414691857,1.376538e-06
50.0,0.0,205.38716419662225,1.46126e-06
50.0,0.0,205.3867220107988,1.412249e-06
50.0,0.0,205.38632297548872,1.393681e-06
50.0,0.0,205.3858991474557,1.386434e-06
50.0,0.0,205.385454261694,1.36072e-06
50.0,0.0,205.3850595796854,1.440058e-06
50.0,0.0,205.38464400432093,1.454406e-06
50.0,0.0,205.38424829671504,1.389722e-06
50.0,0.0,205.38381958283932,1.400418e-06
50.0,0.0,205.3833886365192,1.417895e-06
50.0,0.0,205.38298125768972,1.413442e-06
50.0,0.0,205.38256665977732,1.350752e-06
50.0,0.0,205.38214181906048,1.294873e-06
50.0,0.0,205.38175664096616,1.334934e-06
50.0,0.0,205.38131091363363,1.396911e-06
50.0,0.0,205.38088734977663,1.365901e-06
50.0,0.0,205.38048727946793,1.389824e-06
50.0,0.0,205.38004679812468,1.443288e-06
50.0,0.0,205.37963155156208,1.402848e-06
50.0,0.0,205.37921644869192,1.412191e-06
50.0,0.0,205.378768635418,1.390508e-06
50.0,0.0,205.37837002417825,1.415712e-06
50.0,0.0,205.3779463556662,1.452951e-06
50.0,0.0,205.377499840926,1.415174e-06
50.0,0.0,205.37709844241755,1.367211e-06
50.0,0.0,205.37669647533767,1.386143e-06
50.0,0.0,205.37627069064075,1.407054e-06
50.0,0.0,205.37586265195705,1.338092e-06
50.0,0.0,205.37543179454673,1.305729e-06
50.0,0.0,205.3750287566373,1.222477e-06
50.0,0.0,205.37461918218463,1.091204e-06
50.0,0.0,205.37420612185457,1.192457e-06
50.0,0.0,205.37379961868993,1.335604e-06
50.0,0.0,205.37335803531667,1.337481e-06
50.0,0.0,205.3729605899578,1.288034e-06
50.0,0.0,205.3725422569773,1.315653e-06
50.0,0.0,205.37209909765525,1.161316e-06
50.0,0.0,205.3717128705824,1.347071e-06
50.0,0.0,205.3712890764428,1.32939e-06
50.0,0.0,205.3708525316061,1.306849e-06
50.0,0.0,205.37042172944868,1.32859e-06
50.0,0.0,205.3699939214396,1.33751e-06
50.0,0.0,205.36960628472528,1.331704e-06
50.0,0.0,205.36916901746687,1.329026e-06
50.0,0.0,205.368745075337,1.309294e-06
50.0,0.0,205.3683461334259,1.310909e-06
50.0,0.0,205.3679043581515,1.314795e-06
50.0,0.0,205.36747374750496,1.37421e-06
50.0,0.0,205.3670859500519,1.340537e-06
50.0,0.0,205.3666760374637,1.348861e-06
50.0,0.0,205.36627256371747,1.322405e-06
50.0,0.0,205.3658287077701,1.360284e-06
50.0,0.0,205.36542990950224,1.32389e-06
50.0,0.0,205.36500649810523,1.339067e-06
50.0,0.0,205.36459536277607,1.294946e-06
50.0,0.0,205.3641838625477,1.280176e-06
50.0,0.0,205.3637599445756,1.328939e-06
50.0,0.0,205.363325842096,1.273162e-06
50.0,0.0,205.3629175305292,1.264707e-06
50.0,0.0,205.36248921706084,1.378736e-06
50.0,0.0,205.36208842279612,1.330642e-06
50.0,0.0,205.3616852501692,1.307228e-06
50.0,0.0,205.36124038673728,1.288179e-06
50.0,0.0,205.36085363151403,1.2612e-06
50.0,0.0,205.36041788253976,1.356719e-06
50.0,0.0,205.3599694899728,1.305787e-06
50.0,0.0,205.35955294026945,1.309716e-06
50.0,0.0,205.3591462996374,1.343418e-06
50.0,0.0,205.35874535118143,1.307533e-06
50.0,0.0,205.35831438006983,1.287306e-06
50.0,0.0,205.35787432467856,1.344801e-06
50.0,0.0,205.35743394706407,1.178225e-06
50.0,0.0,205.35703284911344,1.097767e-06
50.0,0.0,205.35661771844948,1.344277e-06
50.0,0.0,205.35620445980925,1.348351e-06
50.0,0.0,205.3557984021574,1.201042e-06
50.0,0.0,205.35537660179935,1.418623e-06
50.0,0.0,205.35495941001875,1.388049e-06
50.0,0.0,205.35455861401329,1.412613e-06
50.0,0.0,205.35415241272236,1.43495e-06
50.0,0.0,205.3537347987656,1.432578e-06
50.0,0.0,205.3533181775328,1.426932e-06
50.0,0.0,205.35289599363256,1.467153e-06
50.0,0.0,205.35246442497865,1.479784e-06
50.0,0.0,205.3520572376183,1.523396e-06
50.0,0.0,205.35163243936807,1.525943e-06
50.0,0.0,205.35121724649,1.486886e-06
50.0,0.0,205.35078804898217,1.377994e-06
50.0,0.0,205.35036701410587,1.610926e-06
50.0,0.0,205.34994936297207,1.545966e-06
50.0,0.0,205.3495284568681,1.577951e-06
50.0,0.0,205.3490854657257,1.619002e-06
50.0,0.0,205.34870054617505,1.637949e-06
50.0,0.0,205.34827675327463,1.657929e-06
50.0,0.0,205.347840946198,1.639375e-06
50.0,0.0,205.34743283929356,1.69751e-06
50.0,0.0,205.3470079224286,1.691849e-06
50.0,0.0,205.34660576276016,1.711102e-06
50.0,0.0,205.3462046613888,1.655295e-06
50.0,0.0,205.3457774337672,1.651759e-06
50.0,0.0,205.34536937463395,1.686218e-06
50.0,0.0,205.34493502143536,1.779335e-06
50.0,0.0,205.34453079461284,1.808439e-06
50.0,0.0,205.34412789889143,1.829365e-06
50.0,0.0,205.34368502155996,1.833454e-06
50.0,0.0,205.3432791264828,1.905137e-06
50.0,0.0,205.34286605311596,1.916385e-06
50.0,0.0,205.34242271894252,1.919252e-06
50.0,0.0,205.34201854832205,1.937806e-06
50.0,0.0,205.3416079507572,1.875393e-06
50.0,0.0,205.3411959183591,1.891953e-06
50.0,0.0,205.34079031406492,2.039058e-06
50.0,0.0,205.3403477019297,2.028784e-06
50.0,0.0,205.33992391024807,1.922963e-06
50.0,0.0,205.33947505161504,1.979788e-06
50.0,0.0,205.33908977386008,1.995388e-06
50.0,0.0,205.3386718951238,2.032044e-06
50.0,0.0,205.338250966238,1.951223e-06
50.0,0.0,205.3378044752188,1.958673e-06
50.0,0.0,205.33739625632808,2.035813e-06
50.0,0.0,205.3369822451196,2.03753e-06
50.0,0.0,205.33653891583853,2.053668e-06
50.0,0.0,205.33615857939415,1.734108e-06
50.0,0.0,205.3357346864364,1.568245e-06
50.0,0.0,205.3353172913083,1.984037e-06
50.0,0.0,205.33489516357128,1.967564e-06
50.0,0.0,205.3345097352616,2.027053e-06
50.0,0.0,205.3340742143396,1.989523e-06
50.0,0.0,205.33365897649725,1.988403e-06
50.0,0.0,205.3332597178864,2.009561e-06
50.0,0.0,205.33283242294857,1.987064e-06
50.0,0.0,205.3323941752895,1.961671e-06
50.0,0.0,205.331993120622,1.995097e-06
50.0,0.0,205.33158132583327,1.987471e-06
50.0,0.0,205.33113827617683,1.988228e-06
50.0,0.0,205.33072359991152,2.065528e-06
50.0,0.0,205.33032446155013,2.123299e-06
50.0,0.0,205.32988474932836,1.960012e-06
50.0,0.0,205.32945384643753,1.971173e-06
50.0,0.0,205.3290338758884,1.839013e-06
50.0,0.0,205.3286466693339,2.0835e-06
50.0,0.0,205.32820600329876,2.056579e-06
50.0,0.0,205.32778226042703,1.979701e-06
50.0,0.0,205.32738327019655,1.993452e-06
50.0,0.0,205.3269382096289,2.034794e-06
50.0,0.0,205.32653578822877,2.000088e-06
50.0,0.0,205.32612671052033,2.003304e-06
50.0,0.0,205.32573566448045,1.952067e-06
50.0,0.0,205.3253057365305,1.933542e-06
50.0,0.0,205.32487483363968,1.837645e-06
50.0,0.0,205.32446665851447,1.906374e-06
50.0,0.0,205.3240492572312,1.951819e-06
50.0,0.0,205.32362780790092,1.835375e-06
50.0,0.0,205.32321909618128,1.819528e-06
50.0,0.0,205.3227953591326,1.798704e-06
50.0,0.0,205.32236780289608,1.812878e-06
50.0,0.0,205.3219728680725,1.840745e-06
50.0,0.0,205.32152986754636,1.897934e-06
50.0,0.0,205.32112538824208,1.759108e-06
50.0,0.0,205.3207262689276,1.703549e-06
50.0,0.0,205.32029536603676,1.732624e-06
50.0,0.0,205.3198534091968,1.708861e-06
50.0,0.0,205.3194565154232,1.727865e-06
50.0,0.0,205.31903741593553,1.726294e-06
50.0,0.0,205.31859409647728,1.687658e-06
50.0,0.0,205.31817854228007,1.675537e-06
50.0,0.0,205.31775631857565,1.665234e-06
50.0,0.0,205.31734768666377,1.660679e-06
50.0,0.0,205.31691701383616,1.678345e-06
50.0,0.0,205.3165127229495,1.670647e-06
50.0,0.0,205.31610164150976,1.612061e-06
50.0,0.0,205.31567067030517,1.597553e-06
50.0,0.0,205.31528567775064,1.57961e-06
50.0,0.0,205.31484300501745,1.575987e-06
50.0,0.0,205.31444401500835,1.536158e-06
50.0,0.0,205.3140202669119,1.504261e-06
50.0,0.0,205.31358225233885,1.558103e-06
50.0,0.0,205.31319504200073,1.503198e-06
50.0,0.0,205.3127695861369,1.404012e-06
50.0,0.0,205.3123386778244,1.509252e-06
50.0,0.0,205.3119305036641,1.467823e-06
50.0,0.0,205.3115050732038,1.435561e-06
50.0,0.0,205.3110895256331,1.441178e-06
50.0,0.0,205.310653835602,1.434179e-06
50.0,0.0,205.31027070702928,1.371794e-06
50.0,0.0,205.3098310943477,1.29448e-06
50.0,0.0,205.30939054630693,1.385532e-06
50.0,0.0,205.3089598813342,1.430657e-06
50.0,0.0,205.3085593714096,1.409062e-06
50.0,0.0,205.30815347662633,1.431516e-06
50.0,0.0,205.3077358056698,1.441789e-06
50.0,0.0,205.30731928628117,1.451044e-06
50.0,0.0,205.3068969550563,1.410604e-06
50.0,0.0,205.30646701125497,1.411623e-06
50.0,0.0,205.3060765792128,1.399952e-06
50.0,0.0,205.30564224497087,1.401611e-06
50.0,0.0,205.30526121836948,1.4486e-06
50.0,0.0,205.30481944260023,1.402426e-06
50.0,0.0,205.30439569972853,1.379012e-06
50.0,0.0,205.30399472888135,1.397202e-06
50.0,0.0,205.30355579555567,1.399836e-06
50.0,0.0,205.30315588326167,1.384629e-06
50.0,0.0,205.30274997900423,1.399545e-06
50.0,0.0,205.30231680867624,1.338325e-06
50.0,0.0,205.3018933306525,1.347013e-06
50.0,0.0,205.3014786112344,1.358145e-06
50.0,0.0,205.30106334588635,1.234745e-06
50.0,0.0,205.30063933684283,1.324559e-06
50.0,0.0,205.30024408321185,1.358509e-06
50.0,0.0,205.2998123377563,1.336361e-06
50.0,0.0,205.2993818876513,1.297987e-06
50.0,0.0,205.2989485794365,1.257373e-06
50.0,0.0,205.29850260148856,1.172069e-06
50.0,0.0,205.29811213616617,1.196808e-06
50.0,0.0,205.2976992855928,1.294538e-06
50.0,0.0,205.29727319382252,1.26801e-06
50.0,0.0,205.29685343687964,1.277964e-06
50.0,0.0,205.29643443493916,1.272259e-06
50.0,0.0,205.2960098726716,1.289591e-06
50.0,0.0,205.2956223842727,1.3315e-06
50.0,0.0,205.2952084004838,1.282693e-06
50.0,0.0,205.2948015070356,1.3268e-06
50.0,0.0,205.29436026708012,1.320368e-06
50.0,0.0,205.29396243444123,1.294553e-06
50.0,0.0,205.2935440944501,1.321707e-06
50.0,0.0,205.29311344196853,1.293651e-06
50.0,0.0,205.2927146996932,1.305816e-06
50.0,0.0,205.29229070667813,1.304026e-06
50.0,0.0,205.29185460106763,1.329798e-06
50.0,0.0,205.2914278962888,1.140288e-06
50.0,0.0,205.29102469813873,1.021152e-06
50.0,0.0,205.29060915056803,1.344655e-06
50.0,0.0,205.29019388756168,1.325767e-06
50.0,0.0,205.28974825541164,1.300534e-06
50.0,0.0,205.28934963575213,1.313674e-06
50.0,0.0,205.28892601561256,1.315857e-06
50.0,0.0,205.28847697406417,1.35343e-06
50.0,0.0,205.2880780343777,1.358494e-06
50.0,0.0,205.28767421331247,1.306951e-06
50.0,0.0,205.28725254938928,1.258071e-06
50.0,0.0,205.28684437202864,1.301771e-06
50.0,0.0,205.28641369395157,1.313194e-06
50.0,0.0,205.28600857594463,1.321663e-06
50.0,0.0,205.2855967600233,1.318273e-06
50.0,0.0,205.28516689977704,1.280103e-06
50.0,0.0,205.28476234783588,1.29758e-06
50.0,0.0,205.28433885328243,1.231994e-06
50.0,0.0,205.2839403638665,1.06942e-06
50.0,0.0,205.28349318922045,1.352484e-06
50.0,0.0,205.28307820415196,1.333741e-06
50.0,0.0,205.28269070640653,1.325447e-06
50.0,0.0,205.2822660388497,1.241686e-06
50.0,0.0,205.28184700252385,8.986971999999999e-07
50.0,0.0,205.28142742106047,1.192122e-06
50.0,0.0,205.28100130011185,1.385284e-06
50.0,0.0,205.28058856798404,1.331675e-06
50.0,0.0,205.28017618372633,1.30308e-06
50.0,0.0,205.2797521912271,1.251989e-06
50.0,0.0,205.2793188169426,1.280263e-06
50.0,0.0,205.27887921121305,1.231034e-06
50.0,0.0,205.27848019384427,1.26737e-06
50.0,0.0,205.2780655224163,1.390901e-06
50.0,0.0,205.27762248089593,1.312859e-06
50.0,0.0,205.27721044564896,1.318971e-06
50.0,0.0,205.27680999776044,1.337947e-06
50.0,0.0,205.27637182562225,1.32632e-06
50.0,0.0,205.27596341991023,1.269684e-06
50.0,0.0,205.27554557209987,1.295179e-06
50.0,0.0,205.27513952862213,1.293403e-06
50.0,0.0,205.27473934965084,1.17773e-06
50.0,0.0,205.27430867385132,1.177279e-06
50.0,0.0,205.2739007261287,1.265449e-06
50.0,0.0,205.27346982865953,1.248831e-06
50.0,0.0,205.27305285393376,1.292734e-06
50.0,0.0,205.2726648019084,1.322071e-06
50.0,0.0,205.27222233306424,1.360284e-06
50.0,0.0,205.27179834004917,1.323468e-06
50.0,0.0,205.2713995977738,1.264983e-06
50.0,0.0,205.27095282743556,1.295324e-06
50.0,0.0,205.27053263043547,1.291497e-06
50.0,0.0,205.27011735417605,1.322522e-06
50.0,0.0,205.26970437663553,1.325738e-06
50.0,0.0,205.26929830877924,1.320659e-06
50.0,0.0,205.26885664622057,1.353998e-06
50.0,0.0,205.26843290234456,1.329172e-06
50.0,0.0,205.26802855411347,1.370179e-06
50.0,0.0,205.26761041820177,1.401204e-06
50.0,0.0,205.26718993206393,1.405802e-06
50.0,0.0,205.26678768737975,1.449225e-06
50.0,0.0,205.26635153899977,1.403096e-06
50.0,0.0,205.26592495555573,1.397231e-06
50.0,0.0,205.26552022663768,1.401859e-06
50.0,0.0,205.26510496018656,1.335022e-06
50.0,0.0,205.26471691706536,1.371271e-06
50.0,0.0,205.2642877095411,1.336026e-06
50.0,0.0,205.263856807992,1.344888e-06
50.0,0.0,205.2634484054642,1.360546e-06
50.0,0.0,205.26302694784,1.40717e-06
50.0,0.0,205.26259801308967,1.320135e-06
50.0,0.0,205.2622241870883,1.327498e-06
50.0,0.0,205.26177527476992,1.3057e-06
50.0,0.0,205.26135127903623,1.324006e-06
50.0,0.0,205.26095279558672,1.280001e-06
50.0,0.0,205.26050728021733,1.308028e-06
50.0,0.0,205.2600920039579,1.320237e-06
50.0,0.0,205.25970451338208,1.370558e-06
50.0,0.0,205.2592775677916,1.394161e-06
50.0,0.0,205.25883433137145,1.385401e-06
50.0,0.0,205.25841034432025,1.388224e-06
50.0,0.0,205.25796320849747,1.330161e-06
50.0,0.0,205.2575717804596,1.30861e-06
50.0,0.0,205.25715651264207,1.38834e-06
50.0,0.0,205.25673829360716,1.340377e-06
50.0,0.0,205.25633057328707,1.34627e-06
50.0,0.0,205.25589213129223,1.3557e-06
50.0,0.0,205.2554917223109,1.393302e-06
50.0,0.0,205.25508016928885,1.422406e-06
50.0,0.0,205.25469240023216,1.397042e-06
50.0,0.0,205.25424717239693,1.322769e-06
50.0,0.0,205.25382317394687,1.314955e-06
50.0,0.0,205.2534246818149,1.388675e-06
50.0,0.0,205.25297604261033,1.376509e-06
50.0,0.0,205.25259063850532,1.313092e-06
50.0,0.0,205.2521730039208,1.282257e-06
50.0,0.0,205.25175155506756,1.307097e-06
50.0,0.0,205.2513204281263,1.312903e-06
50.0,0.0,205.250912027668,1.3557e-06
50.0,0.0,205.25048248587484,1.552384e-06
50.0,0.0,205.2500672179798,1.441615e-06
50.0,0.0,205.2496238901572,1.398192e-06
50.0,0.0,205.2492102585109,1.402979e-06
50.0,0.0,205.24880342727096,1.373803e-06
50.0,0.0,205.2483727502793,1.345077e-06
50.0,0.0,205.24796481074063,1.390043e-06
50.0,0.0,205.24754726405487,1.478023e-06
50.0,0.0,205.2471317231108,1.457389e-06
50.0,0.0,205.2467394238984,1.473876e-06
50.0,0.0,205.246293064992,1.449822e-06
50.0,0.0,205.2458869354504,1.470384e-06
50.0,0.0,205.2454708299883,1.490436e-06
50.0,0.0,205.24502704055664,1.459237e-06
50.0,0.0,205.24463955170273,1.465145e-06
50.0,0.0,205.2442240084937,1.362627e-06
50.0,0.0,205.24380821725737,1.316192e-06
50.0,0.0,205.24338465052847,1.31593e-06
50.0,0.0,205.24295398046192,1.447799e-06
50.0,0.0,205.24255288603928,1.384906e-06
50.0,0.0,205.2421462706401,1.499677e-06
50.0,0.0,205.24172990989132,1.4627e-06
50.0,0.0,205.24128165742408,1.451277e-06
50.0,0.0,205.24088266500533,1.37194e-06
50.0,0.0,205.24045867237973,1.335633e-06
50.0,0.0,205.24001353826063,1.442808e-06
50.0,0.0,205.23962576257748,1.339184e-06
50.0,0.0,205.23921021500675,1.384178e-06
50.0,0.0,205.23878245933557,1.435401e-06
50.0,0.0,205.2383392131654,1.387409e-06
50.0,0.0,205.2379208779545,1.444379e-06
50.0,0.0,205.23751672801836,1.402528e-06
50.0,0.0,205.23707831644077,1.395427e-06
50.0,0.0,205.23666924227487,1.342269e-06
50.0,0.0,205.23626613614363,1.549372e-06
50.0,0.0,205.23583546607708,1.487264e-06
50.0,0.0,205.2354272855301,1.42795e-06
50.0,0.0,205.235001938664,1.611887e-06
50.0,0.0,205.2346142058462,1.55138e-06
50.0,0.0,205.23419921415115,1.533466e-06
50.0,0.0,205.23375304932944,1.549139e-06
50.0,0.0,205.2333652763359,1.603199e-06
50.0,0.0,205.2329305641824,1.591485e-06
50.0,0.0,205.2325264287645,1.607506e-06
50.0,0.0,205.23210808182444,1.578213e-06
50.0,0.0,205.23167954652848,1.575274e-06
50.0,0.0,205.23125690335456,1.586057e-06
50.0,0.0,205.2308491823426,1.545734e-06
50.0,0.0,205.23041805747087,1.521301e-06
50.0,0.0,205.2299904177629,1.554945e-06
50.0,0.0,205.22956487733867,1.499851e-06
50.0,0.0,205.229148307725,1.502267e-06
50.0,0.0,205.22874164176153,1.434324e-06
50.0,0.0,205.2283092259504,1.449385e-06
50.0,0.0,205.22788638139312,1.561231e-06
50.0,0.0,205.2274703806584,1.43364e-06
50.0,0.0,205.22705407797383,1.473687e-06
50.0,0.0,205.22666665081968,1.610577e-06
50.0,0.0,205.22624608278545,1.46839e-06
50.0,0.0,205.22582849850147,1.316279e-06
50.0,0.0,205.22540700476932,1.096269e-06
50.0,0.0,205.22497661810104,1.12041e-06
50.0,0.0,205.2245683815584,1.140186e-06
50.0,0.0,205.2241735859952,1.232998e-06
50.0,0.0,205.22373024003244,1.449735e-06
50.0,0.0,205.2233317446081,1.606575e-06
50.0,0.0,205.2229074989031,1.530236e-06
50.0,0.0,205.22246000484313,1.562512e-06
50.0,0.0,205.222074560746,1.588138e-06
50.0,0.0,205.22165391837248,1.54259e-06
50.0,0.0,205.2212556533304,1.508757e-06
50.0,0.0,205.2208273097638,1.562817e-06
50.0,0.0,205.22039640687296,1.609413e-06
50.0,0.0,205.21996629550569,1.607172e-06
50.0,0.0,205.2195756273106,1.541281e-06
50.0,0.0,205.21916035501047,1.62411e-06
50.0,0.0,205.2187173068635,1.636989e-06
50.0,0.0,205.21828826161,1.624619e-06
50.0,0.0,205.21785758749365,1.656575e-06
50.0,0.0,205.2174498671736,1.729873e-06
50.0,0.0,205.21702845644447,1.710621e-06
50.0,0.0,205.21661346474937,1.733293e-06
50.0,0.0,205.21622573021807,1.733206e-06
50.0,0.0,205.21577713279703,1.702749e-06
50.0,0.0,205.21537345022205,1.705601e-06
50.0,0.0,205.21495414736324,1.778782e-06
50.0,0.0,205.21453065463487,1.587221e-06
50.0,0.0,205.21414935415484,1.448032e-06
50.0,0.0,205.21370603419396,1.272187e-06
50.0,0.0,205.21329494021708,1.722481e-06
50.0,0.0,205.21288518619653,1.820576e-06
50.0,0.0,205.21244017888748,1.789056e-06
50.0,0.0,205.2120549589304,1.824446e-06
50.0,0.0,205.2116296799056,1.770546e-06
50.0,0.0,205.21121441689928,1.820095e-06
50.0,0.0,205.21078543413924,1.807683e-06
50.0,0.0,205.21034273278752,1.787761e-06
50.0,0.0,205.20994399125192,1.743843e-06
50.0,0.0,205.20952025360432,1.739973e-06
50.0,0.0,205.20908167789327,1.739041e-06
50.0,0.0,205.2086725224295,1.795968e-06
50.0,0.0,205.20826911381232,1.76832e-06
50.0,0.0,205.20783843832405,1.779452e-06
50.0,0.0,205.207430718004,1.824752e-06
50.0,0.0,205.20700505762088,1.769484e-06
50.0,0.0,205.2066033042649,1.735447e-06
50.0,0.0,205.20620173578033,1.786e-06
50.0,0.0,205.20575531895796,1.799082e-06
50.0,0.0,205.20535548491424,1.71992e-06
50.0,0.0,205.2049328380457,1.763794e-06
50.0,0.0,205.20450934035927,1.949636e-06
50.0,0.0,205.20409827613972,1.902736e-06
50.0,0.0,205.20368262341665,1.80662e-06
50.0,0.0,205.20325943020123,1.560911e-06
50.0,0.0,205.2028514778036,1.047316e-06
50.0,0.0,205.20242102971784,1.685417e-06
50.0,0.0,205.20199348843323,1.800247e-06
50.0,0.0,205.20160572253815,1.778506e-06
50.0,0.0,205.20119073430803,1.776527e-06
50.0,0.0,205.20074541749088,1.6923e-06
50.0,0.0,205.2003581110687,1.534005e-06
50.0,0.0,205.19992218191368,1.348293e-06
50.0,0.0,205.19947358040812,1.006731e-06
50.0,0.0,205.1990574394264,7.812049999999999e-07
50.0,0.0,205.1986504613832,4.0282610000000006e-07
50.0,0.0,205.19824882762984,1.213775e-07
50.0,0.0,205.197817924739,1.2695090000000002e-07
50.0,0.0,205.19737847993036,1.438457e-07
50.0,0.0,205.1969790795472,8.896313e-07
50.0,0.0,205.19655599075148,1.513385e-06
50.0,0.0,205.19614045274807,1.721492e-06
50.0,0.0,205.19573300934945,1.778695e-06
50.0,0.0,205.19530137832012,1.657667e-06
50.0,0.0,205.1949105242024,1.622931e-06
50.0,0.0,205.19446276026545,1.69086e-06
50.0,0.0,205.1940625381722,1.700522e-06
50.0,0.0,205.19365699526068,1.648616e-06
50.0,0.0,205.19323823486812,1.596214e-06
50.0,0.0,205.19283005688655,1.721608e-06
50.0,0.0,205.19239960652249,1.685286e-06
50.0,0.0,205.19196923330932,1.686058e-06
50.0,0.0,205.19157954197152,1.640074e-06
50.0,0.0,205.19113635217045,1.606619e-06
50.0,0.0,205.19072094636127,1.634879e-06
50.0,0.0,205.19029100925783,1.559878e-06
50.0,0.0,205.18988328750623,1.46919e-06
50.0,0.0,205.18945261250343,1.492503e-06
50.0,0.0,205.18903265171045,1.47635e-06
50.0,0.0,205.18861399422872,1.537715e-06
50.0,0.0,205.18820154994248,1.52376e-06
50.0,0.0,205.18777514252773,1.575623e-06
50.0,0.0,205.18738141582097,1.510023e-06
50.0,0.0,205.18693629300168,1.534063e-06
50.0,0.0,205.1865339346355,1.527689e-06
50.0,0.0,205.1861249304668,1.515247e-06
50.0,0.0,205.18570993877168,1.529639e-06
50.0,0.0,205.18529808525537,1.542008e-06
50.0,0.0,205.18487360464184,1.525259e-06
50.0,0.0,205.18444539273668,1.43623e-06
50.0,0.0,205.18404747055104,1.427121e-06
50.0,0.0,205.18361673397584,1.335298e-06
50.0,0.0,205.1831959034148,1.431326e-06
50.0,0.0,205.18279425141156,1.414082e-06
50.0,0.0,205.18235728275675,1.407359e-06
50.0,0.0,205.18197176626447,1.368942e-06
50.0,0.0,205.18152835880403,1.385371e-06
50.0,0.0,205.18111281123333,1.410735e-06
50.0,0.0,205.18072524008429,1.431079e-06
50.0,0.0,205.18029458793143,1.458218e-06
50.0,0.0,205.17985255161904,1.485634e-06
50.0,0.0,205.17942856456787,1.44144e-06
50.0,0.0,205.1790246109371,1.446329e-06
50.0,0.0,205.17859258773504,1.595909e-06
50.0,0.0,205.178177319366,1.623572e-06
50.0,0.0,205.17775508548772,1.61663e-06
50.0,0.0,205.1773365419136,1.585649e-06
50.0,0.0,205.1769130283152,1.561755e-06
50.0,0.0,205.17647388011608,1.532855e-06
50.0,0.0,205.17608629363056,1.548033e-06
50.0,0.0,205.17567102542833,1.545632e-06
50.0,0.0,205.17526890024092,1.59537e-06
50.0,0.0,205.17482868583983,1.578417e-06
50.0,0.0,205.17443404511465,1.62037e-06
50.0,0.0,205.17400967415483,1.67996e-06
50.0,0.0,205.17356662600787,1.700348e-06
50.0,0.0,205.17318347235687,1.713241e-06
50.0,0.0,205.17275997947232,1.708613e-06
50.0,0.0,205.17233852985072,1.734777e-06
50.0,0.0,205.1719181767141,1.679538e-06
50.0,0.0,205.1714902782484,1.773995e-06
50.0,0.0,205.17107473027275,1.765875e-06
50.0,0.0,205.1706484219774,1.798166e-06
50.0,0.0,205.17026297461777,1.831722e-06
50.0,0.0,205.16981753437915,1.839493e-06
50.0,0.0,205.16937844649215,1.809778e-06
50.0,0.0,205.16899322150857,1.869033e-06
50.0,0.0,205.16855394880616,1.912354e-06
50.0,0.0,205.16813840332807,1.846609e-06
50.0,0.0,205.16770051786253,1.846827e-06
50.0,0.0,205.1673155287665,1.838736e-06
50.0,0.0,205.16687583818504,1.816879e-06
50.0,0.0,205.16647690209712,1.919223e-06
50.0,0.0,205.1660620594826,1.859691e-06
50.0,0.0,205.16563828430787,1.869092e-06
50.0,0.0,205.16525305953763,1.898778e-06
50.0,0.0,205.16480712142084,1.905879e-06
50.0,0.0,205.1644081305973,1.918161e-06
50.0,0.0,205.16398413620496,1.939363e-06
50.0,0.0,205.1635421096032,1.948792e-06
50.0,0.0,205.16315461558904,1.990498e-06
50.0,0.0,205.16273651275992,1.972308e-06
50.0,0.0,205.1623056096194,1.939698e-06
50.0,0.0,205.16189720877864,1.969805e-06
50.0,0.0,205.1614663096224,1.939086e-06
50.0,0.0,205.16106669451213,1.980763e-06
50.0,0.0,205.16066133474763,2.032262e-06
50.0,0.0,205.16021896240176,2.04565e-06
50.0,0.0,205.15979496938664,2.04111e-06
50.0,0.0,205.159357478102,2.031913e-06
50.0,0.0,205.15894976265625,2.001252e-06
50.0,0.0,205.15852887861848,2.011686e-06
50.0,0.0,205.15811333104776,1.978537e-06
50.0,0.0,205.15767028435116,1.919034e-06
50.0,0.0,205.1572685569712,1.831373e-06
50.0,0.0,205.1568535228036,1.913359e-06
50.0,0.0,205.1564164816205,2.07113e-06
50.0,0.0,205.15603129069777,2.040688e-06
50.0,0.0,205.15559449723855,2.042318e-06
50.0,0.0,205.15520672818195,2.100845e-06
50.0,0.0,205.15477914751187,2.117333e-06
50.0,0.0,205.15437097238663,2.080444e-06
50.0,0.0,205.15394006949575,2.112429e-06
50.0,0.0,205.15351704283503,2.08446e-06
50.0,0.0,205.15312955283056,2.132845e-06
50.0,0.0,205.15271399863332,2.028872e-06
50.0,0.0,205.1522661051848,2.076966e-06
50.0,0.0,205.15186761901668,2.109911e-06
50.0,0.0,205.1514436260016,2.154309e-06
50.0,0.0,205.1509970917624,2.025859e-06
50.0,0.0,205.15059614314805,1.998909e-06
50.0,0.0,205.15019460894848,2.099419e-06
50.0,0.0,205.1497692318232,2.030851e-06
50.0,0.0,205.1493251653607,2.058412e-06
50.0,0.0,205.14892642547483,2.058412e-06
50.0,0.0,205.1485026772995,2.007582e-06
50.0,0.0,205.14806215019033,2.025074e-06
50.0,0.0,205.14767919688256,2.023764e-06
50.0,0.0,205.14725545924807,2.004614e-06
50.0,0.0,205.14682155511093,1.989043e-06
50.0,0.0,205.14641361147864,2.0562e-06
50.0,0.0,205.1459844166533,2.019573e-06
50.0,0.0,205.14559664759668,1.883702e-06
50.0,0.0,205.14518110665247,1.966109e-06
50.0,0.0,205.14473650248047,1.928987e-06
50.0,0.0,205.144350231399,1.922424e-06
50.0,0.0,205.14391426296183,1.953202e-06
50.0,0.0,205.14351161360975,1.945038e-06
50.0,0.0,205.1430915321864,1.94514e-06
50.0,0.0,205.14266143734508,1.963184e-06
50.0,0.0,205.14224231491053,1.993772e-06
50.0,0.0,205.1418341397853,2.042681e-06
50.0,0.0,205.141403464297,2.056462e-06
50.0,0.0,205.14099782384352,2.05508e-06
50.0,0.0,205.14058480921167,2.142464e-06
50.0,0.0,205.1401457302382,2.064218e-06
50.0,0.0,205.13973718332807,2.125453e-06
50.0,0.0,205.13932923059463,2.061555e-06
50.0,0.0,205.13889832710615,2.091052e-06
50.0,0.0,205.1384666707536,2.005734e-06
50.0,0.0,205.13802241917247,2.060871e-06
50.0,0.0,205.13762857736072,2.054483e-06
50.0,0.0,205.1372196584208,2.070374e-06
50.0,0.0,205.13678995414975,2.113811e-06
50.0,0.0,205.1363689222981,2.06675e-06
50.0,0.0,205.1359513363605,2.055851e-06
50.0,0.0,205.13553080800168,2.063258e-06
50.0,0.0,205.13514331025632,2.013883e-06
50.0,0.0,205.1347274877708,2.097004e-06
50.0,0.0,205.13431931806727,2.043205e-06
50.0,0.0,205.1338884151764,2.078974e-06
50.0,0.0,205.13345938652805,2.017434e-06
50.0,0.0,205.1330664128428,1.986191e-06
50.0,0.0,205.13265058733424,2.027169e-06
50.0,0.0,205.1322104865468,1.893917e-06
50.0,0.0,205.1318102968206,1.984896e-06
50.0,0.0,205.13138680402307,2.074346e-06
50.0,0.0,205.13094400558296,2.089175e-06
50.0,0.0,205.13054563159673,2.048066e-06
50.0,0.0,205.13011482445347,2.00943e-06
50.0,0.0,205.1297150942031,1.992477e-06
50.0,0.0,205.12928621571373,1.834414e-06
50.0,0.0,205.12884360129584,1.881315e-06
50.0,0.0,205.12844460604785,1.921682e-06
50.0,0.0,205.12802111331953,1.95131e-06
50.0,0.0,205.1275831927693,1.854409e-06
50.0,0.0,205.127198383358,1.909008e-06
50.0,0.0,205.12677438501396,1.868291e-06
50.0,0.0,205.12635053759064,1.801105e-06
50.0,0.0,205.12593105017805,1.754568e-06
50.0,0.0,205.1255054577836,1.728404e-06
50.0,0.0,205.12511768210035,1.702007e-06
50.0,0.0,205.1247018632184,1.694978e-06
50.0,0.0,205.12427539450889,1.658613e-06
50.0,0.0,205.12386744987552,1.572247e-06
50.0,0.0,205.1234332044438,1.597626e-06
50.0,0.0,205.1230290521501,1.63127e-06
50.0,0.0,205.1226104631895,1.643217e-06
50.0,0.0,205.1221824680344,1.650376e-06
50.0,0.0,205.12177727801125,1.732275e-06
50.0,0.0,205.1213639909912,1.763823e-06
50.0,0.0,205.1209209070868,1.908513e-06
50.0,0.0,205.12051675539112,1.908455e-06
50.0,0.0,205.1201061253691,1.891443e-06
50.0,0.0,205.1196908566412,1.92631e-06
50.0,0.0,205.1192663893281,1.813532e-06
50.0,0.0,205.1188215360637,1.930355e-06
50.0,0.0,205.1183818548832,1.81167e-06
50.0,0.0,205.11799663492613,1.945955e-06
50.0,0.0,205.11755812335676,1.934677e-06
50.0,0.0,205.11714257578603,1.853972e-06
50.0,0.0,205.11674756335088,1.845881e-06
50.0,0.0,205.11631893708363,1.852342e-06
50.0,0.0,205.11589535302204,1.835739e-06
50.0,0.0,205.1154809483162,1.792898e-06
50.0,0.0,205.11506567596905,1.838867e-06
50.0,0.0,205.11467818062715,1.829103e-06
50.0,0.0,205.11425579053412,1.841094e-06
50.0,0.0,205.1138378191289,1.853099e-06
50.0,0.0,205.1134116400248,1.792476e-06
50.0,0.0,205.1129878971531,1.758322e-06
50.0,0.0,205.1126021137698,1.774344e-06
50.0,0.0,205.1121590688801,1.826076e-06
50.0,0.0,205.11174038112813,1.813372e-06
50.0,0.0,205.1113092544292,1.798137e-06
50.0,0.0,205.11090084830687,1.734254e-06
50.0,0.0,205.11046918980225,1.685985e-06
50.0,0.0,205.11004519678713,1.761204e-06
50.0,0.0,205.1096306454191,1.806911e-06
50.0,0.0,205.10922190812204,1.852182e-06
50.0,0.0,205.1087917948056,1.734617e-06
50.0,0.0,205.10836134671987,1.713881e-06
50.0,0.0,205.1079533989972,1.655149e-06
50.0,0.0,205.10753360695205,1.649329e-06
50.0,0.0,205.1071290061317,1.568958e-06
50.0,0.0,205.1067295612509,1.520195e-06
50.0,0.0,205.1062812692972,1.452805e-06
50.0,0.0,205.10588252567956,1.482331e-06
50.0,0.0,205.1054585386283,1.595399e-06
50.0,0.0,205.105052314829,1.551321e-06
50.0,0.0,205.10462617027275,1.523455e-06
50.0,0.0,205.1042134642155,1.564986e-06
50.0,0.0,205.10381306804743,1.603767e-06
50.0,0.0,205.10337438619936,1.594395e-06
50.0,0.0,205.10296621126477,1.559645e-06
50.0,0.0,205.1025487169836,1.55218e-06
50.0,0.0,205.10213316278637,1.596272e-06
50.0,0.0,205.10174029519592,1.580804e-06
50.0,0.0,205.10131101563184,1.58645e-06
50.0,0.0,205.10087062378875,1.544598e-06
50.0,0.0,205.10044713039557,1.501481e-06
50.0,0.0,205.10004171548576,1.397231e-06
50.0,0.0,205.09961349516368,1.49617e-06
50.0,0.0,205.0991985034686,1.474749e-06
50.0,0.0,205.098772645636,1.46708e-06
50.0,0.0,205.0983284226656,1.400185e-06
50.0,0.0,205.09792942428305,1.366177e-06
50.0,0.0,205.09750543126796,1.326844e-06
50.0,0.0,205.0970657686832,1.302687e-06
50.0,0.0,205.0966785579081,1.312234e-06
50.0,0.0,205.0962560944697,1.352717e-06
50.0,0.0,205.095837682454,1.261767e-06
50.0,0.0,205.09541747600616,1.212262e-06
50.0,0.0,205.0950129811942,1.279608e-06
50.0,0.0,205.09460193180584,1.306762e-06
50.0,0.0,205.09419049604716,1.157823e-06
50.0,0.0,205.09378545771287,1.185588e-06
50.0,0.0,205.09334251001692,1.24122e-06
50.0,0.0,205.09292793599187,1.250039e-06
50.0,0.0,205.0925244785167,1.226857e-06
50.0,0.0,205.0920808678676,1.232111e-06
50.0,0.0,205.0916761713873,1.24838e-06
50.0,0.0,205.09127230082635,1.191409e-06
50.0,0.0,205.09083755359805,1.242341e-06
50.0,0.0,205.09039982157876,1.127308e-06
50.0,0.0,205.08997582856367,1.167704e-06
50.0,0.0,205.08958814494557,1.152119e-06
50.0,0.0,205.089144820986,1.187553e-06
50.0,0.0,205.08872872749927,1.160384e-06
50.0,0.0,205.08833010783937,1.164983e-06
50.0,0.0,205.0878896494832,1.165594e-06
50.0,0.0,205.08746030484411,1.145861e-06
50.0,0.0,205.0870676435094,1.292923e-06
50.0,0.0,205.08665237387652,1.177221e-06
50.0,0.0,205.0862546990386,1.170367e-06
50.0,0.0,205.0858120427993,1.161621e-06
50.0,0.0,205.08541855317384,1.196429e-06
50.0,0.0,205.08499046774807,1.17514e-06
50.0,0.0,205.0845474180916,1.186985e-06
50.0,0.0,205.0841664347612,1.181048e-06
50.0,0.0,205.08374268732268,1.125693e-06
50.0,0.0,205.0833104074306,1.13147e-06
50.0,0.0,205.08290258094615,1.172783e-06
50.0,0.0,205.08247201347444,1.147768e-06
50.0,0.0,205.082055524276,1.130218e-06
50.0,0.0,205.0816674772815,1.153428e-06
50.0,0.0,205.08122423607907,1.188208e-06
50.0,0.0,205.0808002472328,1.163382e-06
50.0,0.0,205.0804013146167,1.172506e-06
50.0,0.0,205.07995432959444,1.137974e-06
50.0,0.0,205.07953473827547,1.145978e-06
50.0,0.0,205.0791300242958,1.138542e-06
50.0,0.0,205.07873048687472,1.196662e-06
50.0,0.0,205.0782822921072,1.214969e-06
50.0,0.0,205.07785829909207,1.22335e-06
50.0,0.0,205.07745955681676,1.216904e-06
50.0,0.0,205.07701479271503,1.208056e-06
50.0,0.0,205.07659924847752,1.205815e-06
50.0,0.0,205.07621176065203,1.204709e-06
50.0,0.0,205.07578348821687,1.17383e-06
50.0,0.0,205.07536320471533,1.174834e-06
50.0,0.0,205.0749450917887,1.201523e-06
50.0,0.0,205.07452345948207,1.162072e-06
50.0,0.0,205.0741354124876,1.105916e-06
50.0,0.0,205.07369563324775,1.163891e-06
50.0,0.0,205.0733055298149,1.198918e-06
50.0,0.0,205.07287264255064,1.218199e-06
50.0,0.0,205.0724491498223,1.24058e-06
50.0,0.0,205.07204355610168,1.221022e-06
50.0,0.0,205.07161546030056,1.221357e-06
50.0,0.0,205.0711999133948,1.255175e-06
50.0,0.0,205.0707735766815,1.26104e-06
50.0,0.0,205.07032969099737,1.283377e-06
50.0,0.0,205.0699309487221,1.207518e-06
50.0,0.0,205.0695072110458,1.250926e-06
50.0,0.0,205.06906745828823,1.225562e-06
50.0,0.0,205.06866519996615,1.21622e-06
50.0,0.0,205.0682604775448,1.199063e-06
50.0,0.0,205.06782680737163,1.165899e-06
50.0,0.0,205.06741863323185,1.179244e-06
50.0,0.0,205.066990832186,1.196924e-06
50.0,0.0,205.0665902624748,1.18665e-06
50.0,0.0,205.06618724424732,1.167835e-06
50.0,0.0,205.06576297878513,1.203822e-06
50.0,0.0,205.0653548008449,1.214357e-06
50.0,0.0,205.06491904086735,1.158172e-06
50.0,0.0,205.06449529799565,1.136577e-06
50.0,0.0,205.0641103432464,1.160573e-06
50.0,0.0,205.06366729868688,1.143941e-06
50.0,0.0,205.06324710963176,1.165216e-06
50.0,0.0,205.06285058081295,1.193956e-06
50.0,0.0,205.06240826396044,1.212524e-06
50.0,0.0,205.06197816370343,1.152861e-06
50.0,0.0,205.0615903946468,1.148175e-06
50.0,0.0,205.06117512369187,1.135297e-06
50.0,0.0,205.06075328988547,1.141088e-06
50.0,0.0,205.06034511537376,1.117776e-06
50.0,0.0,205.0599083853187,1.134846e-06
50.0,0.0,205.05948464682172,1.158085e-06
50.0,0.0,205.0590423860079,1.126275e-06
50.0,0.0,205.05863665482764,1.127759e-06
50.0,0.0,205.05823673865845,1.158449e-06
50.0,0.0,205.05780607035004,1.14071e-06
50.0,0.0,205.0573753909434,1.191569e-06
50.0,0.0,205.0569470283317,1.153734e-06
50.0,0.0,205.0565499410237,1.171982e-06
50.0,0.0,205.05612836736483,1.18243e-06
50.0,0.0,205.05571996171565,1.140535e-06
50.0,0.0,205.0552962246876,1.197623e-06
50.0,0.0,205.0548974764484,1.227716e-06
50.0,0.0,205.05445089896207,1.198481e-06
50.0,0.0,205.05406567900505,1.13422e-06
50.0,0.0,205.0536472482619,1.138324e-06
50.0,0.0,205.05321607143023,1.147651e-06
50.0,0.0,205.05281618992177,1.171473e-06
50.0,0.0,205.0523772229372,1.195556e-06
50.0,0.0,205.0519917788788,1.199573e-06
50.0,0.0,205.0515519035948,1.178603e-06
50.0,0.0,205.05113634939752,1.261651e-06
50.0,0.0,205.05072080845335,1.210676e-06
50.0,0.0,205.0502727342933,1.237015e-06
50.0,0.0,205.04987374187456,1.239998e-06
50.0,0.0,205.04945000437044,1.132619e-06
50.0,0.0,205.04900389495583,1.187931e-06
50.0,0.0,205.04860201297265,1.214241e-06
50.0,0.0,205.04820085690628,1.201231e-06
50.0,0.0,205.0477745760647,1.26184e-06
50.0,0.0,205.04736685339927,1.204811e-06
50.0,0.0,205.04693617567665,1.186738e-06
50.0,0.0,205.04653355591404,1.259716e-06
50.0,0.0,205.04612479266623,1.206543e-06
50.0,0.0,205.0456860710992,1.236869e-06
50.0,0.0,205.04529756644428,1.215201e-06
50.0,0.0,205.0448635850235,1.30503e-06
50.0,0.0,205.04442465971013,1.219043e-06
50.0,0.0,205.0440201101121,1.243374e-06
50.0,0.0,205.04360429123017,1.227017e-06
50.0,0.0,205.04319236341607,1.26622e-06
50.0,0.0,205.04278715531737,1.219552e-06
50.0,0.0,205.04235625784824,1.264663e-06
50.0,0.0,205.0419483101256,1.286302e-06
50.0,0.0,205.041526836567,1.246604e-06
50.0,0.0,205.04109815239312,1.26232e-06
50.0,0.0,205.04072434850053,1.251101e-06
50.0,0.0,205.04027542004053,1.253851e-06
50.0,0.0,205.03984016373695,1.038643e-06
50.0,0.0,205.0394097181488,1.276174e-06
50.0,0.0,205.039004186854,1.310807e-06
50.0,0.0,205.0385916130301,1.269596e-06
50.0,0.0,205.0381564615024,1.246022e-06
50.0,0.0,205.0377327128508,1.20989e-06
50.0,0.0,205.03730089040425,1.250242e-06
50.0,0.0,205.03690922851527,1.274835e-06
50.0,0.0,205.03646269946444,1.269073e-06
50.0,0.0,205.03607055627648,1.312452e-06
50.0,0.0,205.03565501123865,1.294509e-06
50.0,0.0,205.03523706125563,1.404129e-06
50.0,0.0,205.03482911036912,1.364082e-06
50.0,0.0,205.03440481475985,1.250548e-06
50.0,0.0,205.0339939327071,1.34205e-06
50.0,0.0,205.0335783851364,1.339809e-06
50.0,0.0,205.03315186869708,1.352964e-06
50.0,0.0,205.03274556171957,1.314591e-06
50.0,0.0,205.03232156821397,1.355584e-06
50.0,0.0,205.0319225770458,1.373555e-06
50.0,0.0,205.0314737165006,1.400011e-06
50.0,0.0,205.03105816163807,1.381399e-06
50.0,0.0,205.03064316331643,1.42293e-06
50.0,0.0,205.03022714552048,1.373715e-06
50.0,0.0,205.02981919784435,1.341235e-06
50.0,0.0,205.02937937409865,1.337627e-06
50.0,0.0,205.02895538155153,1.363442e-06
50.0,0.0,205.0285492185469,1.328328e-06
50.0,0.0,205.02812238394253,1.321911e-06
50.0,0.0,205.02770711430964,1.363485e-06
50.0,0.0,205.0272961753748,1.367429e-06
50.0,0.0,205.02687197370287,1.373963e-06
50.0,0.0,205.02644389599715,1.407112e-06
50.0,0.0,205.0260457644668,1.36999e-06
50.0,0.0,205.02563021689613,1.346401e-06
50.0,0.0,205.02523829424487,1.297914e-06
50.0,0.0,205.02480882735048,1.229622e-06
50.0,0.0,205.02436846681744,1.27939e-06
50.0,0.0,205.0239694743987,1.325112e-06
50.0,0.0,205.0235459816704,1.287292e-06
50.0,0.0,205.02313158635036,1.317239e-06
50.0,0.0,205.0227236074037,1.279695e-06
50.0,0.0,205.02229273031512,1.202032e-06
50.0,0.0,205.02186182987856,1.21897e-06
50.0,0.0,205.0214538851233,1.214168e-06
50.0,0.0,205.0210339231712,1.234745e-06
50.0,0.0,205.02062903462024,1.125562e-06
50.0,0.0,205.02022981455272,1.227818e-06
50.0,0.0,205.01978155255136,1.288397e-06
50.0,0.0,205.01935755953625,1.276829e-06
50.0,0.0,205.0189146109388,1.299864e-06
50.0,0.0,205.01851007975668,1.28182e-06
50.0,0.0,205.01809842341348,1.231019e-06
50.0,0.0,205.01768343282015,1.26932e-06
50.0,0.0,205.01723860099807,1.353794e-06
50.0,0.0,205.01685191715728,1.329085e-06
50.0,0.0,205.01641612181487,1.322755e-06
50.0,0.0,205.0160132947768,1.260822e-06
50.0,0.0,205.0155933805606,1.268505e-06
50.0,0.0,205.01517421593024,1.257096e-06
50.0,0.0,205.01477014987023,1.268098e-06
50.0,0.0,205.0143351403028,1.258406e-06
50.0,0.0,205.0139471595496,1.29726e-06
50.0,0.0,205.01350102387403,1.30129e-06
50.0,0.0,205.01311107276527,1.291977e-06
50.0,0.0,205.01269854174996,1.371183e-06
50.0,0.0,205.01227267256908,1.384818e-06
50.0,0.0,205.01185287644796,1.384324e-06
50.0,0.0,205.011434053746,1.3729e-06
50.0,0.0,205.0110094124809,1.383873e-06
50.0,0.0,205.01058197895657,1.373715e-06
50.0,0.0,205.01015081104885,1.333145e-06
50.0,0.0,205.00973362475327,1.210923e-06
50.0,0.0,205.00933574829577,1.269087e-06
50.0,0.0,205.00889500696405,1.342225e-06
50.0,0.0,205.0084641040732,1.40717e-06
50.0,0.0,205.00806426834487,1.38348e-06
50.0,0.0,205.00765864400245,1.314751e-06
50.0,0.0,205.00721685093188,1.350476e-06
50.0,0.0,205.0068316309748,1.304565e-06
50.0,0.0,205.0063933066791,1.3299e-06
50.0,0.0,205.0059925533394,1.289198e-06
50.0,0.0,205.00557031528135,1.242777e-06
50.0,0.0,205.00515347649372,1.411128e-06
50.0,0.0,205.0047475859548,1.395456e-06
50.0,0.0,205.00432383947708,1.399632e-06
50.0,0.0,205.00389175332512,1.316468e-06
50.0,0.0,205.0034762302213,1.226828e-06
50.0,0.0,205.0030606826506,1.26817e-06
50.0,0.0,205.0026533719058,1.270746e-06
50.0,0.0,205.00225193596927,1.254433e-06
50.0,0.0,205.00182103307844,1.244756e-06
50.0,0.0,205.00139741126452,1.223845e-06
50.0,0.0,205.0009840629347,1.223802e-06
50.0,0.0,205.00055941396408,1.226203e-06
50.0,0.0,205.00014356290956,1.224354e-06
50.0,0.0,204.999736172423,1.16606e-06
50.0,0.0,204.99931243551515,1.189124e-06
50.0,0.0,204.99887335636615,1.200358e-06
50.0,0.0,204.99844270189115,1.145294e-06
50.0,0.0,204.99801999230087,1.08582e-06
50.0,0.0,204.99763273790867,1.096269e-06
50.0,0.0,204.99719296996227,1.047316e-06
50.0,0.0,204.99676897666225,1.25698e-06
50.0,0.0,204.99636999125647,1.160937e-06
50.0,0.0,204.99592613339925,1.040069e-06
50.0,0.0,204.99554079353345,1.287844e-06
50.0,0.0,204.9951125144104,1.311637e-06
50.0,0.0,204.99472446080364,1.246328e-06
50.0,0.0,204.9942936652932,1.262422e-06
50.0,0.0,204.99386275846976,1.284134e-06
50.0,0.0,204.99345458334452,1.282067e-06
50.0,0.0,204.99303449861904,1.182241e-06
50.0,0.0,204.9926296654699,1.252236e-06
50.0,0.0,204.99222983598796,1.30375e-06
50.0,0.0,204.9917813213665,1.27191e-06
50.0,0.0,204.99135758031397,1.105189e-06
50.0,0.0,204.99095884083968,1.308348e-06
50.0,0.0,204.9905139971829,1.27613e-06
50.0,0.0,204.99009873089696,1.250461e-06
50.0,0.0,204.98968345791715,1.059831e-06
50.0,0.0,204.98923836846967,1.176697e-06
50.0,0.0,204.98885193583968,1.338587e-06
50.0,0.0,204.98841613942983,1.308348e-06
50.0,0.0,204.98796866320063,1.326058e-06
50.0,0.0,204.987578775363,1.389621e-06
50.0,0.0,204.98716351235663,1.460154e-06
50.0,0.0,204.98676305722284,1.42309e-06
50.0,0.0,204.9863356141545,1.292894e-06
50.0,0.0,204.98592789281284,1.385401e-06
50.0,0.0,204.9855015993066,1.344641e-06
50.0,0.0,204.98508660831655,1.242588e-06
50.0,0.0,204.98469856202288,1.296241e-06
50.0,0.0,204.98425221760536,1.382781e-06
50.0,0.0,204.9838526852133,1.263688e-06
50.0,0.0,204.9834297264944,1.274617e-06
50.0,0.0,204.98300548857253,1.348133e-06
50.0,0.0,204.98259476976247,1.31836e-06
50.0,0.0,204.982178059886,1.118417e-06
50.0,0.0,204.98175569650243,1.323351e-06
50.0,0.0,204.98133730893244,1.262481e-06
50.0,0.0,204.98091661373036,1.207445e-06
50.0,0.0,204.98048809108917,1.173175e-06
50.0,0.0,204.98007754113596,1.341381e-06
50.0,0.0,204.97968477446176,1.31072e-06
50.0,0.0,204.97924005924807,1.288252e-06
50.0,0.0,204.97880778583624,1.399909e-06
50.0,0.0,204.9783768880347,1.398628e-06
50.0,0.0,204.9779689370181,1.390086e-06
50.0,0.0,204.97755232459713,1.326349e-06
50.0,0.0,204.97713705038723,1.295572e-06
50.0,0.0,204.97674341932927,1.353343e-06
50.0,0.0,204.97629810967152,1.383552e-06
50.0,0.0,204.97587437276363,1.359382e-06
50.0,0.0,204.97547534576736,1.328721e-06
50.0,0.0,204.97503208989528,1.460736e-06
50.0,0.0,204.97465264505448,1.411521e-06
50.0,0.0,204.9742286520394,1.310778e-06
50.0,0.0,204.9738122160038,1.348686e-06
50.0,0.0,204.97338924201253,1.275228e-06
50.0,0.0,204.97295833912167,1.287786e-06
50.0,0.0,204.9725579307188,1.29902e-06
50.0,0.0,204.97215215379225,1.447595e-06
50.0,0.0,204.97173472856693,1.32079e-06
50.0,0.0,204.97128670806745,1.091496e-06
50.0,0.0,204.97088770968483,1.296692e-06
50.0,0.0,204.97046397277705,1.138222e-06
50.0,0.0,204.9700194214128,1.28067e-06
50.0,0.0,204.9696041517799,1.103326e-06
50.0,0.0,204.96921637632528,8.809146999999999e-07
50.0,0.0,204.968787046644,9.993382e-07
50.0,0.0,204.96834400770152,1.230423e-06
50.0,0.0,204.9679450212467,1.321358e-06
50.0,0.0,204.96752127837496,1.27955e-06
50.0,0.0,204.96710912092297,1.322056e-06
50.0,0.0,204.96669559750208,1.220251e-06
50.0,0.0,204.96627027282247,1.238688e-06
50.0,0.0,204.96587605793744,1.250708e-06
50.0,0.0,204.96543187794933,1.272594e-06
50.0,0.0,204.96502856878593,1.068198e-06
50.0,0.0,204.96461925518489,1.10273e-06
50.0,0.0,204.96420583690357,8.199567999999999e-07
50.0,0.0,204.96379940391577,8.285133e-07
50.0,0.0,204.96335810698065,1.033375e-06
50.0,0.0,204.96294092347017,8.94579e-07
50.0,0.0,204.962542355986,9.461655e-07
50.0,0.0,204.9620987537488,1.100198e-06
50.0,0.0,204.96171070675433,1.00024e-06
50.0,0.0,204.9612821711073,1.014239e-06
50.0,0.0,204.9608510477293,1.016495e-06
50.0,0.0,204.96044332467568,9.351934e-07
50.0,0.0,204.96002073795745,9.024225000000001e-07
50.0,0.0,204.95959267132423,9.387149000000001e-07
50.0,0.0,204.9591624268041,7.754570000000001e-07
50.0,0.0,204.95874335088612,8.283678e-07
50.0,0.0,204.95833540579287,1.047461e-06
50.0,0.0,204.95790450529637,9.145006e-07
50.0,0.0,204.95747346264272,9.322684000000001e-07
50.0,0.0,204.95706542728024,1.020118e-06
50.0,0.0,204.95667024795588,9.342039e-07
50.0,0.0,204.95622648419376,9.891519000000002e-07
50.0,0.0,204.95582749177507,1.037872e-06
50.0,0.0,204.95540375060304,9.453361000000001e-07
50.0,0.0,204.95500228411527,1.106411e-06
50.0,0.0,204.9545652926392,1.064764e-06
50.0,0.0,204.95416342808008,9.548676000000002e-07
