Y_dimension(mm),Button,True_depth(m),meas
0.626,0.0,203.72416875,2.208195e-05
0.626,0.0,203.72416875,-2.37285e-06
0.626,0.0,203.7241145638583,-1.420878e-06
0.626,0.0,203.72399848888267,-9.439391e-07
0.626,0.0,203.7238570685328,-4.1762540000000006e-07
0.626,0.0,203.72365866767956,-2.520537e-07
0.626,0.0,203.7234231771864,1.887383e-08
0.626,0.0,203.72315763409307,2.9859070000000003e-07
0.626,0.0,203.7228544240648,4.2618190000000003e-07
0.626,0.0,203.72250801577053,5.34259e-07
0.626,0.0,203.72210656382785,6.641203000000001e-07
0.626,0.0,203.72169839624368,6.885675e-07
0.626,0.0,203.7212713284161,8.068455e-07
0.626,0.0,203.7208630299293,6.876653e-07
0.626,0.0,203.72044892841484,8.535426000000001e-07
0.626,0.0,203.72002688927296,9.872456e-07
0.626,0.0,203.71961890643013,9.828364e-07
0.626,0.0,203.7192047516805,1.017062e-06
0.626,0.0,203.71877182598257,1.180335e-06
0.626,0.0,203.7183499508682,1.153981e-06
0.626,0.0,203.71796512302024,1.104563e-06
0.626,0.0,203.71752103299576,1.086504e-06
0.626,0.0,203.71710067110843,1.016131e-06
0.626,0.0,203.71669724022547,9.719515e-07
0.626,0.0,203.71627497194373,9.893120000000001e-07
0.626,0.0,203.71584339024824,9.927899e-07
0.626,0.0,203.71542627356652,1.033157e-06
0.626,0.0,203.71499942022433,1.020249e-06
0.626,0.0,203.71455503932484,1.064356e-06
0.626,0.0,203.7141575281387,1.01031e-06
0.626,0.0,203.71373373082457,1.111315e-06
0.626,0.0,203.71329821336144,1.059889e-06
0.626,0.0,203.71291107435496,1.100911e-06
0.626,0.0,203.71248234692575,1.181223e-06
0.626,0.0,203.71206325918564,1.210137e-06
0.626,0.0,203.7116538690869,1.20046e-06
0.626,0.0,203.71120953538377,1.198758e-06
0.626,0.0,203.71082241137285,1.127875e-06
0.626,0.0,203.710408917694,1.166467e-06
0.626,0.0,203.71000179209597,1.20941e-06
0.626,0.0,203.70957114162195,1.008113e-06
0.626,0.0,203.70917501754056,1.17367e-06
0.626,0.0,203.70874268936683,1.095163e-06
0.626,0.0,203.7083157036273,1.021021e-06
0.626,0.0,203.70793794938157,1.068824e-06
0.626,0.0,203.7074929576,1.018401e-06
0.626,0.0,203.7070556593844,1.06942e-06
0.626,0.0,203.7066255172033,1.041946e-06
0.626,0.0,203.7062229355872,1.040331e-06
0.626,0.0,203.7058136387926,1.122142e-06
0.626,0.0,203.70539685154944,1.146254e-06
0.626,0.0,203.70496020744676,1.263092e-06
0.626,0.0,203.70455316478316,1.246342e-06
0.626,0.0,203.70411021262296,1.171153e-06
0.626,0.0,203.70368167585707,1.155393e-06
0.626,0.0,203.70329427410823,1.166292e-06
0.626,0.0,203.7028850997662,1.112116e-06
0.626,0.0,203.702472243922,1.056207e-06
0.626,0.0,203.7020482121601,8.105271e-07
0.626,0.0,203.70161110221,1.097666e-06
0.626,0.0,203.70120385591267,1.096327e-06
0.626,0.0,203.700801205537,1.093125e-06
0.626,0.0,203.7004001567989,1.03924e-06
0.626,0.0,203.69997302114777,1.088934e-06
0.626,0.0,203.6995526919572,1.096472e-06
0.626,0.0,203.6991338976512,1.094304e-06
0.626,0.0,203.6987110218155,1.176188e-06
0.626,0.0,203.6982950697779,1.121181e-06
0.626,0.0,203.69788004447577,1.098902e-06
0.626,0.0,203.6974564974692,1.124441e-06
0.626,0.0,203.69703756612435,1.14119e-06
0.626,0.0,203.69661761980257,1.134496e-06
0.626,0.0,203.69619099287368,1.045453e-06
0.626,0.0,203.6957790691252,1.151042e-06
0.626,0.0,203.6953482398769,1.162785e-06
0.626,0.0,203.69494251606707,1.124339e-06
0.626,0.0,203.69450942932212,1.090943e-06
0.626,0.0,203.6940785966072,1.068111e-06
0.626,0.0,203.69364924316724,1.165885e-06
0.626,0.0,203.69325486048552,1.148554e-06
0.626,0.0,203.69283939508065,1.150795e-06
0.626,0.0,203.69244367178075,1.145818e-06
0.626,0.0,203.6919995709547,1.131877e-06
0.626,0.0,203.69158443489496,1.16929e-06
0.626,0.0,203.69117719162747,1.171968e-06
0.626,0.0,203.69076835752756,1.162785e-06
0.626,0.0,203.6903472523121,1.169872e-06
0.626,0.0,203.68992935315396,1.110646e-06
0.626,0.0,203.68952140320505,1.090099e-06
0.626,0.0,203.68909054632496,1.12869e-06
0.626,0.0,203.68868395438287,1.143679e-06
0.626,0.0,203.68826998900084,1.072884e-06
0.626,0.0,203.68785466646383,1.097098e-06
0.626,0.0,203.68741139596665,1.135835e-06
0.626,0.0,203.68699759476803,1.138294e-06
0.626,0.0,203.6865895211688,1.139852e-06
0.626,0.0,203.6861429341077,1.121545e-06
0.626,0.0,203.68572187708864,1.154913e-06
0.626,0.0,203.68531726938664,1.108696e-06
0.626,0.0,203.68491841627403,1.138847e-06
0.626,0.0,203.68446953107892,1.164517e-06
0.626,0.0,203.68406614130024,1.096691e-06
0.626,0.0,203.68364652659463,1.108579e-06
0.626,0.0,203.68320100608432,1.130495e-06
0.626,0.0,203.68282394509248,1.095861e-06
0.626,0.0,203.68239777586896,1.072956e-06
0.626,0.0,203.68198744229807,1.099295e-06
0.626,0.0,203.68156274111553,1.12658e-06
0.626,0.0,203.6811352291412,1.170789e-06
0.626,0.0,203.68073628043072,1.175009e-06
0.626,0.0,203.68032087182888,1.159249e-06
0.626,0.0,203.67990682291432,1.225402e-06
0.626,0.0,203.6795000049762,1.225984e-06
0.626,0.0,203.67905923711356,1.161141e-06
0.626,0.0,203.67866026970916,1.185632e-06
0.626,0.0,203.6782362516797,1.221997e-06
0.626,0.0,203.67780017583635,1.210661e-06
0.626,0.0,203.6774131971668,1.153021e-06
0.626,0.0,203.67698950432367,1.117034e-06
0.626,0.0,203.67655255314656,1.197768e-06
0.626,0.0,203.67612160729513,1.167573e-06
0.626,0.0,203.6757179505221,1.178749e-06
0.626,0.0,203.6753079809961,1.216278e-06
0.626,0.0,203.6748702491703,1.180582e-06
0.626,0.0,203.67444642173487,1.167078e-06
0.626,0.0,203.6740133897616,1.095992e-06
0.626,0.0,203.67360557985043,1.08355e-06
0.626,0.0,203.673176409532,1.081586e-06
0.626,0.0,203.67277678199463,1.137931e-06
0.626,0.0,203.67237337063943,1.145017e-06
0.626,0.0,203.6719292459721,1.108187e-06
0.626,0.0,203.67154284464013,1.146444e-06
0.626,0.0,203.67110611070268,1.155597e-06
0.626,0.0,203.6707034301898,1.082095e-06
0.626,0.0,203.6702678860645,1.104534e-06
0.626,0.0,203.66988378264944,1.133943e-06
0.626,0.0,203.66946034879567,9.977084000000002e-07
0.626,0.0,203.6690255932733,9.914220000000001e-07
0.626,0.0,203.6686178036276,1.024629e-06
0.626,0.0,203.66819129038367,1.038643e-06
0.626,0.0,203.66777591241612,9.773357e-07
0.626,0.0,203.66738825832073,1.045017e-06
0.626,0.0,203.66694248905023,1.048757e-06
0.626,0.0,203.66651869972935,9.881041000000002e-07
0.626,0.0,203.66607881727828,1.007531e-06
0.626,0.0,203.665670960263,1.061213e-06
0.626,0.0,203.66525590842764,8.900242e-07
0.626,0.0,203.66484061307207,1.093547e-06
0.626,0.0,203.66440123826575,1.059059e-06
0.626,0.0,203.6640006294569,1.03029e-06
0.626,0.0,203.66357657111368,1.049149e-06
0.626,0.0,203.66317669035735,1.070075e-06
0.626,0.0,203.6627532914717,9.87653e-07
0.626,0.0,203.66233726964256,9.964715e-07
0.626,0.0,203.66193030699557,1.053457e-06
0.626,0.0,203.66149839805584,1.009612e-06
0.626,0.0,203.66110767226183,1.051056e-06
0.626,0.0,203.6606600024372,1.074644e-06
0.626,0.0,203.6602603123173,1.073859e-06
0.626,0.0,203.65985515853032,1.013221e-06
0.626,0.0,203.65943602263795,1.091787e-06
0.626,0.0,203.6590190943656,1.117398e-06
0.626,0.0,203.6585904952924,1.09215e-06
0.626,0.0,203.65816692155715,1.117398e-06
0.626,0.0,203.6577591662613,1.084831e-06
0.626,0.0,203.6573442672736,9.538198000000001e-07
0.626,0.0,203.65692072451657,7.175258000000001e-07
0.626,0.0,203.6564898067238,9.906798000000003e-07
0.626,0.0,203.65608140230168,9.839277000000001e-07
0.626,0.0,203.65565065506524,1.010281e-06
0.626,0.0,203.65523123023067,9.743817e-07
0.626,0.0,203.65478793359583,1.018008e-06
0.626,0.0,203.6543771976336,9.845098e-07
0.626,0.0,203.6539728682989,6.484479e-07
0.626,0.0,203.6535420336288,1.043125e-06
0.626,0.0,203.65311599497417,9.841169000000001e-07
0.626,0.0,203.6527106404428,9.749347e-07
0.626,0.0,203.6522954886116,9.672949000000002e-07
0.626,0.0,203.65190807424756,9.510986000000002e-07
0.626,0.0,203.65147927162647,9.523937000000002e-07
0.626,0.0,203.65105842374555,1.005465e-06
0.626,0.0,203.6506373438672,1.030203e-06
0.626,0.0,203.65023218308863,1.066612e-06
0.626,0.0,203.6498146551248,1.062916e-06
0.626,0.0,203.64938748943007,1.09979e-06
0.626,0.0,203.64897956075848,1.060951e-06
0.626,0.0,203.64855416891973,1.059641e-06
0.626,0.0,203.64812301489417,1.115855e-06
0.626,0.0,203.647719519026,1.197361e-06
0.626,0.0,203.64730961260767,1.164401e-06
0.626,0.0,203.64689409945728,1.139357e-06
0.626,0.0,203.64644774605927,1.186301e-06
0.626,0.0,203.64602745834117,1.176406e-06
0.626,0.0,203.64562523097212,1.128632e-06
0.626,0.0,203.64517740191283,1.125911e-06
0.626,0.0,203.6447622498523,1.06357e-06
0.626,0.0,203.64437478769247,1.090171e-06
0.626,0.0,203.64395208725244,1.093518e-06
0.626,0.0,203.6435063985584,9.464275000000001e-07
0.626,0.0,203.64311314025616,9.595096000000002e-07
0.626,0.0,203.64268537979177,9.522337000000001e-07
0.626,0.0,203.64227443150597,1.03841e-06
0.626,0.0,203.6418614557848,1.062101e-06
0.626,0.0,203.64143755823,1.07786e-06
0.626,0.0,203.64103844670345,1.066335e-06
0.626,0.0,203.6406028362676,1.015622e-06
0.626,0.0,203.6401935122912,1.045948e-06
0.626,0.0,203.63977836046,1.085064e-06
0.626,0.0,203.63936845079857,1.098306e-06
0.626,0.0,203.63896487116745,1.116146e-06
0.626,0.0,203.63852081849808,1.086708e-06
0.626,0.0,203.63812643438257,1.119042e-06
0.626,0.0,203.63770172773116,1.089968e-06
0.626,0.0,203.63725867958425,1.01862e-06
0.626,0.0,203.6368709727417,1.135893e-06
0.626,0.0,203.63644871133292,1.053442e-06
0.626,0.0,203.63601789940313,1.05206e-06
0.626,0.0,203.63557874974236,1.121167e-06
0.626,0.0,203.6351570441146,1.155146e-06
0.626,0.0,203.63476537705807,1.090943e-06
0.626,0.0,203.6343224663668,1.151231e-06
0.626,0.0,203.6339066727265,1.11782e-06
0.626,0.0,203.63347773834863,1.092674e-06
0.626,0.0,203.6330698643888,1.105e-06
0.626,0.0,203.63263600149477,1.114589e-06
0.626,0.0,203.63223109919423,1.086839e-06
0.626,0.0,203.63182991192716,1.131819e-06
0.626,0.0,203.6313923443908,1.087174e-06
0.626,0.0,203.63099065598553,1.012319e-06
0.626,0.0,203.63056304268673,9.093492000000001e-07
0.626,0.0,203.63016817680236,8.975912e-07
0.626,0.0,203.62972506496513,6.257615e-07
0.626,0.0,203.62933745604457,1.161156e-06
0.626,0.0,203.628921561596,1.120425e-06
0.626,0.0,203.6284906413866,1.119624e-06
0.626,0.0,203.62808237530032,1.146138e-06
0.626,0.0,203.6276499748064,1.197099e-06
0.626,0.0,203.62722610042672,1.055698e-06
0.626,0.0,203.62681300838037,1.197361e-06
0.626,0.0,203.62640193556527,1.147782e-06
0.626,0.0,203.62597402674697,1.146851e-06
0.626,0.0,203.62554323755745,1.174456e-06
0.626,0.0,203.62513498952185,1.235559e-06
0.626,0.0,203.624712328797,1.199311e-06
0.626,0.0,203.62428405776555,1.284076e-06
0.626,0.0,203.62390935116647,1.236447e-06
0.626,0.0,203.62346172764316,1.285356e-06
0.626,0.0,203.62303900647265,1.27776e-06
0.626,0.0,203.62261939746165,1.281616e-06
0.626,0.0,203.6221930213384,1.241409e-06
0.626,0.0,203.62180528670208,1.255394e-06
0.626,0.0,203.62139303990352,1.254855e-06
0.626,0.0,203.6209871290256,1.240769e-06
0.626,0.0,203.62055662057247,1.26024e-06
0.626,0.0,203.6201293223956,1.089415e-06
0.626,0.0,203.61972879956875,1.20647e-06
0.626,0.0,203.6192988736368,1.222405e-06
0.626,0.0,203.6188996089201,1.20695e-06
0.626,0.0,203.6184756659337,1.254404e-06
0.626,0.0,203.61803965977515,1.316293e-06
0.626,0.0,203.61763182837592,1.24592e-06
0.626,0.0,203.6172082147513,1.205772e-06
0.626,0.0,203.61679307746076,1.233318e-06
0.626,0.0,203.61636250693644,1.26152e-06
0.626,0.0,203.61595784004848,1.278342e-06
0.626,0.0,203.6155342472628,1.260225e-06
0.626,0.0,203.61509309453592,1.347318e-06
0.626,0.0,203.61466241904765,1.395529e-06
0.626,0.0,203.61426306889305,1.414868e-06
0.626,0.0,203.6138578916743,1.426757e-06
0.626,0.0,203.61341536376767,1.479726e-06
0.626,0.0,203.61302109837453,1.804176e-06
0.626,0.0,203.6125926475277,1.545079e-06
0.626,0.0,203.61214812696963,1.403663e-06
0.626,0.0,203.61176939290007,1.387321e-06
0.626,0.0,203.61133697171837,1.428372e-06
0.626,0.0,203.61094133920253,1.42293e-06
0.626,0.0,203.61051260362137,1.441338e-06
0.626,0.0,203.61010436027536,1.462249e-06
0.626,0.0,203.609674975992,1.499633e-06
0.626,0.0,203.60927579216684,1.47814e-06
0.626,0.0,203.60887259280997,1.447537e-06
0.626,0.0,203.60845011625037,1.503722e-06
0.626,0.0,203.60803184287468,1.552558e-06
0.626,0.0,203.60760577124765,1.597436e-06
0.626,0.0,203.6071582524132,1.483466e-06
0.626,0.0,203.6067405974298,1.450593e-06
0.626,0.0,203.6063346927185,1.450826e-06
0.626,0.0,203.60593451396628,1.506007e-06
0.626,0.0,203.60550364302352,1.525739e-06
0.626,0.0,203.60506339502416,1.432942e-06
0.626,0.0,203.60466414649815,1.631954e-06
0.626,0.0,203.60422033669343,1.532928e-06
0.626,0.0,203.60380513739827,1.565626e-06
0.626,0.0,203.60341744359937,1.495238e-06
0.626,0.0,203.60298711934493,1.503024e-06
0.626,0.0,203.60257905444448,1.466367e-06
0.626,0.0,203.60214847339367,1.390421e-06
0.626,0.0,203.60174782848105,1.535183e-06
0.626,0.0,203.60134112528624,1.598281e-06
0.626,0.0,203.60090183929427,1.511435e-06
0.626,0.0,203.60051654606147,1.452296e-06
0.626,0.0,203.6000775073898,1.511216e-06
0.626,0.0,203.59963543337045,1.474051e-06
0.626,0.0,203.5992368364141,1.484674e-06
0.626,0.0,203.59882131663716,1.491193e-06
0.626,0.0,203.5984072105746,1.528359e-06
0.626,0.0,203.59799988594136,1.46417e-06
0.626,0.0,203.59756896031024,1.47667e-06
0.626,0.0,203.5971403656072,1.462191e-06
0.626,0.0,203.59674322409103,1.449109e-06
0.626,0.0,203.5962996968232,1.484033e-06
0.626,0.0,203.5958905589456,1.517255e-06
0.626,0.0,203.5954891465767,1.487075e-06
0.626,0.0,203.59505198202916,1.548353e-06
0.626,0.0,203.59461626293887,1.548222e-06
0.626,0.0,203.59419231386076,1.587629e-06
0.626,0.0,203.59378231928315,1.579756e-06
0.626,0.0,203.59336417589827,1.535562e-06
0.626,0.0,203.59294324615752,1.500011e-06
0.626,0.0,203.59252554182183,1.491746e-06
0.626,0.0,203.5921045498353,1.473963e-06
0.626,0.0,203.59169914248588,1.46417e-06
0.626,0.0,203.59128727848477,1.418768e-06
0.626,0.0,203.59087635789177,1.424749e-06
0.626,0.0,203.59047194144893,1.406836e-06
0.626,0.0,203.59002819676124,1.399691e-06
0.626,0.0,203.58963300414257,1.320426e-06
0.626,0.0,203.5892095406312,1.354318e-06
0.626,0.0,203.58879379510665,1.339402e-06
0.626,0.0,203.58837800078928,1.298176e-06
0.626,0.0,203.5879547116688,1.345397e-06
0.626,0.0,203.58752415301768,1.326203e-06
0.626,0.0,203.5871160938796,1.394976e-06
0.626,0.0,203.58668881684483,1.437395e-06
0.626,0.0,203.58627331823516,1.35717e-06
0.626,0.0,203.58582997098316,1.308872e-06
0.626,0.0,203.58541539200385,1.386361e-06
0.626,0.0,203.58501601374883,1.430133e-06
0.626,0.0,203.5845766550916,1.378125e-06
0.626,0.0,203.58416866966488,1.257111e-06
0.626,0.0,203.5837529001804,1.348264e-06
0.626,0.0,203.5833457944553,1.416993e-06
0.626,0.0,203.58294450577847,1.425913e-06
0.626,0.0,203.58249818786368,1.414621e-06
0.626,0.0,203.58210578755032,1.422421e-06
0.626,0.0,203.58167591938556,1.417662e-06
0.626,0.0,203.5812665089281,1.408058e-06
0.626,0.0,203.58084460189383,1.385459e-06
0.626,0.0,203.58042725422723,1.305511e-06
0.626,0.0,203.58002935663393,1.279419e-06
0.626,0.0,203.57958833015567,1.342603e-06
0.626,0.0,203.57915830851687,1.369335e-06
0.626,0.0,203.57876755879025,1.304492e-06
0.626,0.0,203.57835212911584,1.348963e-06
0.626,0.0,203.57795303641024,1.314605e-06
0.626,0.0,203.577510880376,1.383785e-06
0.626,0.0,203.5770874235278,1.397668e-06
0.626,0.0,203.57668658652003,1.371678e-06
0.626,0.0,203.57624734201315,1.402092e-06
0.626,0.0,203.5758320935475,1.390203e-06
0.626,0.0,203.57541657567245,1.362554e-06
0.626,0.0,203.57496813683815,1.333159e-06
0.626,0.0,203.57454406087936,1.274719e-06
0.626,0.0,203.57414514350367,1.345572e-06
0.626,0.0,203.573699105202,1.284454e-06
0.626,0.0,203.5732834244844,1.29125e-06
0.626,0.0,203.57289554425256,1.270178e-06
0.626,0.0,203.57246920178392,1.117252e-06
0.626,0.0,203.572061322282,1.242195e-06
0.626,0.0,203.5716268613965,1.265129e-06
0.626,0.0,203.57122285825287,1.304885e-06
0.626,0.0,203.5708196434156,1.331267e-06
0.626,0.0,203.5703841949831,1.266613e-06
0.626,0.0,203.56998186759375,1.246852e-06
0.626,0.0,203.56954520250636,1.230248e-06
0.626,0.0,203.56915901168983,1.218345e-06
0.626,0.0,203.5687147425108,1.248671e-06
0.626,0.0,203.56831130958673,1.260807e-06
0.626,0.0,203.56791170382127,1.286491e-06
0.626,0.0,203.56748224126343,1.284512e-06
0.626,0.0,203.56703992211607,1.259963e-06
0.626,0.0,203.56661598322853,1.264954e-06
0.626,0.0,203.56621251029935,1.259323e-06
0.626,0.0,203.565778693504,1.243156e-06
0.626,0.0,203.56536350062592,1.260007e-06
0.626,0.0,203.56494267093683,1.212509e-06
0.626,0.0,203.564534814694,1.217224e-06
0.626,0.0,203.5640976029291,1.200577e-06
0.626,0.0,203.56369585521304,1.180204e-06
0.626,0.0,203.56328632527456,1.149951e-06
0.626,0.0,203.56285695428517,1.147186e-06
0.626,0.0,203.5624522073913,1.183551e-06
0.626,0.0,203.5620185411582,1.182998e-06
0.626,0.0,203.56162969722985,1.197055e-06
0.626,0.0,203.56118214300847,1.21101e-06
0.626,0.0,203.5607822067097,1.179782e-06
0.626,0.0,203.5603795834398,1.179578e-06
0.626,0.0,203.5599558928572,1.13147e-06
0.626,0.0,203.55954810773267,1.16002e-06
0.626,0.0,203.55911688306188,1.135588e-06
0.626,0.0,203.55868997596207,1.061897e-06
0.626,0.0,203.5583022933736,9.903451e-07
0.626,0.0,203.55785938773528,1.101187e-06
0.626,0.0,203.55743954812215,1.141467e-06
0.626,0.0,203.5570425858588,1.08793e-06
0.626,0.0,203.556600427604,1.117718e-06
0.626,0.0,203.55616980805132,1.100241e-06
0.626,0.0,203.55577080988235,1.071807e-06
0.626,0.0,203.5553665470116,1.030232e-06
0.626,0.0,203.55492284886648,1.05561e-06
0.626,0.0,203.55449898092303,1.055712e-06
0.626,0.0,203.55406085779623,1.087668e-06
0.626,0.0,203.55365295521156,1.079563e-06
0.626,0.0,203.55323422491227,1.084976e-06
0.626,0.0,203.55281862838055,1.03729e-06
0.626,0.0,203.55242799869436,1.063221e-06
0.626,0.0,203.55199814127445,1.097273e-06
0.626,0.0,203.55157569600323,1.122142e-06
0.626,0.0,203.5511579194607,1.094901e-06
0.626,0.0,203.55075092182267,1.061824e-06
0.626,0.0,203.55033538627367,1.09931e-06
0.626,0.0,203.5499122195833,1.125562e-06
0.626,0.0,203.54951257618976,1.189313e-06
0.626,0.0,203.54908855592208,1.181979e-06
0.626,0.0,203.54864244315928,1.228836e-06
0.626,0.0,203.5482408009848,1.204098e-06
0.626,0.0,203.54783342605396,1.212975e-06
0.626,0.0,203.54741823320327,1.211636e-06
0.626,0.0,203.54700272928036,1.136534e-06
0.626,0.0,203.54657080507997,1.161592e-06
0.626,0.0,203.5461471377668,1.142238e-06
0.626,0.0,203.54570130513767,1.096138e-06
0.626,0.0,203.54529938231397,1.072505e-06
0.626,0.0,203.54489864893452,1.027787e-06
0.626,0.0,203.5444712687033,1.030668e-06
0.626,0.0,203.54405114650032,1.060005e-06
0.626,0.0,203.54363219182616,1.064749e-06
0.626,0.0,203.54320821426992,1.080232e-06
0.626,0.0,203.5428209480937,1.05142e-06
0.626,0.0,203.54237784176684,1.066699e-06
0.626,0.0,203.5419726697725,9.883515000000002e-07
0.626,0.0,203.54155950353325,1.025954e-06
0.626,0.0,203.54112072278275,9.585638000000002e-07
0.626,0.0,203.54071685731944,9.753858000000002e-07
0.626,0.0,203.54031317293848,9.844953000000002e-07
0.626,0.0,203.5399140091101,1.004504e-06
0.626,0.0,203.5394841046595,1.037886e-06
0.626,0.0,203.53906314155788,1.129927e-06
0.626,0.0,203.5386435047386,1.176479e-06
0.626,0.0,203.5381976236945,1.172142e-06
0.626,0.0,203.537820721758,1.134234e-06
0.626,0.0,203.53739422433588,1.205277e-06
0.626,0.0,203.53696757661808,1.183929e-06
0.626,0.0,203.53654768173823,1.197084e-06
0.626,0.0,203.53612861666608,1.167311e-06
0.626,0.0,203.53570412254652,1.12303e-06
0.626,0.0,203.5352765921924,1.108972e-06
0.626,0.0,203.5348453322724,1.064618e-06
0.626,0.0,203.53442802849165,1.050881e-06
0.626,0.0,203.53402014898967,1.061926e-06
0.626,0.0,203.53358940528068,1.025517e-06
0.626,0.0,203.53315963722304,1.074295e-06
0.626,0.0,203.5327691976265,1.138382e-06
0.626,0.0,203.53233509451033,1.128588e-06
0.626,0.0,203.53195413045395,1.191336e-06
0.626,0.0,203.53151253828847,1.177774e-06
0.626,0.0,203.53108139018732,1.163731e-06
0.626,0.0,203.53069004717753,1.193272e-06
0.626,0.0,203.5302785688758,1.060907e-06
0.626,0.0,203.52987567391116,1.160166e-06
0.626,0.0,203.529430888692,1.261171e-06
0.626,0.0,203.52904403972633,1.264052e-06
0.626,0.0,203.52860757385687,1.288194e-06
0.626,0.0,203.52815987272768,1.222725e-06
0.626,0.0,203.5277746300304,1.241773e-06
0.626,0.0,203.52735486125863,1.185806e-06
0.626,0.0,203.52693554695685,1.158769e-06
0.626,0.0,203.5264885404812,1.213542e-06
0.626,0.0,203.5260822053457,1.19234e-06
0.626,0.0,203.5256659595758,1.214503e-06
0.626,0.0,203.52524216667535,1.184468e-06
0.626,0.0,203.5248069982152,1.21785e-06
0.626,0.0,203.52441927116865,1.241613e-06
0.626,0.0,203.52398864847072,1.247143e-06
0.626,0.0,203.5235673296553,1.235196e-06
0.626,0.0,203.5231501844416,1.231252e-06
0.626,0.0,203.522730988553,1.228182e-06
0.626,0.0,203.52234304775683,1.26267e-06
0.626,0.0,203.52190169959323,1.306238e-06
0.626,0.0,203.52150933932944,1.287539e-06
0.626,0.0,203.52107892023804,1.20679e-06
0.626,0.0,203.52063656343915,1.247085e-06
0.626,0.0,203.52025647915576,1.270688e-06
0.626,0.0,203.51982293543367,1.241016e-06
0.626,0.0,203.5194086992041,1.250562e-06
0.626,0.0,203.51900152876843,1.287801e-06
0.626,0.0,203.5185709442412,1.209963e-06
0.626,0.0,203.51816299651847,1.250766e-06
0.626,0.0,203.5177465918325,1.286899e-06
0.626,0.0,203.5173150879721,1.3026e-06
0.626,0.0,203.51693766645937,1.336826e-06
0.626,0.0,203.51649255208403,1.353794e-06
0.626,0.0,203.5160550063876,1.325257e-06
0.626,0.0,203.51562431358076,1.302484e-06
0.626,0.0,203.51522072732809,1.300243e-06
0.626,0.0,203.51481078840644,1.319786e-06
0.626,0.0,203.51437232091044,1.321256e-06
0.626,0.0,203.51394817295304,1.334236e-06
0.626,0.0,203.51352746252496,1.33572e-06
0.626,0.0,203.5131066033348,1.339809e-06
0.626,0.0,203.51267733338864,1.269786e-06
0.626,0.0,203.51229005799357,1.226406e-06
0.626,0.0,203.5118745382166,1.173248e-06
0.626,0.0,203.51146983052195,1.202017e-06
0.626,0.0,203.51104379992597,1.238339e-06
0.626,0.0,203.51063587423056,1.254433e-06
0.626,0.0,203.51021302043765,1.216074e-06
0.626,0.0,203.50978487648695,1.215216e-06
0.626,0.0,203.50941017747803,1.237946e-06
0.626,0.0,203.50896224125387,1.173787e-06
0.626,0.0,203.5085274126889,1.171487e-06
0.626,0.0,203.50813920579137,1.131819e-06
0.626,0.0,203.50769273589873,1.166423e-06
0.626,0.0,203.50727719495447,1.227469e-06
0.626,0.0,203.5068670576096,1.190798e-06
0.626,0.0,203.50646341825967,1.210748e-06
0.626,0.0,203.50601906918624,1.109467e-06
0.626,0.0,203.50559518005363,1.253327e-06
0.626,0.0,203.50515015436852,1.27629e-06
0.626,0.0,203.5047564923354,1.324079e-06
0.626,0.0,203.5043412550688,1.299035e-06
0.626,0.0,203.50392455243116,1.314591e-06
0.626,0.0,203.50351674115004,1.315595e-06
0.626,0.0,203.50308602560293,1.279186e-06
0.626,0.0,203.50267881057587,1.293054e-06
0.626,0.0,203.50226486124623,1.234934e-06
0.626,0.0,203.50183924630952,1.197055e-06
0.626,0.0,203.50145416649147,1.138789e-06
0.626,0.0,203.50100908982867,1.127992e-06
0.626,0.0,203.50061022387783,1.112901e-06
0.626,0.0,203.50018603531575,1.141103e-06
0.626,0.0,203.4997760331996,1.097971e-06
0.626,0.0,203.4993562149324,1.165827e-06
0.626,0.0,203.4989364826752,1.216074e-06
0.626,0.0,203.49851955313872,1.1175e-06
0.626,0.0,203.4980981084597,1.051056e-06
0.626,0.0,203.49766740300797,1.067223e-06
0.626,0.0,203.49725973692355,1.113935e-06
0.626,0.0,203.49686440920516,1.119566e-06
0.626,0.0,203.4964209998888,1.162989e-06
0.626,0.0,203.4959902351123,1.208347e-06
0.626,0.0,203.4955985647704,1.184628e-06
0.626,0.0,203.49515157029225,1.25973e-06
0.626,0.0,203.4947323438764,1.204025e-06
0.626,0.0,203.4943023165084,1.152803e-06
0.626,0.0,203.49388231707357,1.077948e-06
0.626,0.0,203.4934796312466,1.140826e-06
0.626,0.0,203.4930436029016,1.147913e-06
0.626,0.0,203.4926570213076,1.202265e-06
0.626,0.0,203.49221206479055,1.28003e-06
0.626,0.0,203.49180873816508,1.293534e-06
0.626,0.0,203.49140907506205,1.272434e-06
0.626,0.0,203.49098029922,1.237015e-06
0.626,0.0,203.4905723073516,1.222026e-06
0.626,0.0,203.4901438495676,1.188149e-06
0.626,0.0,203.48974805664247,1.197244e-06
0.626,0.0,203.4893109523656,1.28441e-06
0.626,0.0,203.4889282093413,1.184657e-06
0.626,0.0,203.48849857388416,1.250941e-06
0.626,0.0,203.48805767090744,1.270542e-06
0.626,0.0,203.48765882261088,1.29691e-06
0.626,0.0,203.4872351091344,1.299049e-06
0.626,0.0,203.48679910265352,1.339111e-06
0.626,0.0,203.48638400933532,1.287757e-06
0.626,0.0,203.48595930154943,1.231034e-06
0.626,0.0,203.48555128848037,1.270091e-06
0.626,0.0,203.4851155208569,1.273918e-06
0.626,0.0,203.48469125811107,1.30148e-06
0.626,0.0,203.48428110465207,1.309571e-06
0.626,0.0,203.48386305364673,1.249369e-06
0.626,0.0,203.4834425000811,1.147331e-06
0.626,0.0,203.4830463103252,1.247812e-06
0.626,0.0,203.48260422428,1.326436e-06
0.626,0.0,203.4821987783124,1.248103e-06
0.626,0.0,203.4817870143486,1.294087e-06
0.626,0.0,203.4813763424777,1.329012e-06
0.626,0.0,203.4809722500679,1.32405e-06
0.626,0.0,203.4805415063589,1.275592e-06
0.626,0.0,203.48013347309683,1.321881e-06
0.626,0.0,203.4797105029133,1.285181e-06
0.626,0.0,203.4792828288301,1.217311e-06
0.626,0.0,203.47888384237527,1.255801e-06
0.626,0.0,203.4784600995036,1.255758e-06
0.626,0.0,203.4780369661482,1.280161e-06
0.626,0.0,203.4776171941915,1.231674e-06
0.626,0.0,203.4771899948506,1.215172e-06
0.626,0.0,203.47678937818287,1.263747e-06
0.626,0.0,203.47638723989024,1.142907e-06
0.626,0.0,203.47594139757632,1.053791e-06
0.626,0.0,203.4755176552449,1.212815e-06
0.626,0.0,203.47508555512744,1.218461e-06
0.626,0.0,203.474670327228,1.120468e-06
0.626,0.0,203.4742550575951,1.204899e-06
0.626,0.0,203.4738229339013,1.133245e-06
0.626,0.0,203.47340074678507,1.174936e-06
0.626,0.0,203.4730001986109,1.131601e-06
0.626,0.0,203.47256189345765,1.14982e-06
0.626,0.0,203.47217667660493,1.122142e-06
0.626,0.0,203.4717353899724,1.122171e-06
0.626,0.0,203.47132973127387,1.149921e-06
0.626,0.0,203.4709294180419,1.107299e-06
0.626,0.0,203.47051291509237,1.05481e-06
0.626,0.0,203.47009057285007,1.142005e-06
0.626,0.0,203.46966084354827,1.138687e-06
0.626,0.0,203.46927071687568,1.13358e-06
0.626,0.0,203.468855169305,1.180408e-06
0.626,0.0,203.46841332642816,1.155902e-06
0.626,0.0,203.46801404547327,1.184992e-06
0.626,0.0,203.46759055501823,1.177861e-06
0.626,0.0,203.4671440326146,1.155116e-06
0.626,0.0,203.46674271839927,9.042997e-07
0.626,0.0,203.46633550168235,9.092328000000001e-07
0.626,0.0,203.4659197351775,1.125096e-06
0.626,0.0,203.46547109494463,7.243216000000001e-07
0.626,0.0,203.4650467477862,1.148524e-06
0.626,0.0,203.4646295053648,1.077758e-06
0.626,0.0,203.4642170292695,1.044129e-06
0.626,0.0,203.46382953815063,1.064443e-06
0.626,0.0,203.46338593988492,9.861833000000002e-07
0.626,0.0,203.46297831090888,7.808703e-07
0.626,0.0,203.46256623035967,8.007918999999999e-07
0.626,0.0,203.4621674880844,3.7941210000000003e-07
0.626,0.0,203.46172430487488,5.383918e-07
0.626,0.0,203.46130903962256,4.970643000000001e-07
0.626,0.0,203.46092063333592,5.238107e-07
0.626,0.0,203.46049013440367,6.523187000000001e-07
0.626,0.0,203.46005945891545,5.758338000000001e-07
0.626,0.0,203.4596512837902,5.980983e-07
0.626,0.0,203.45923185473663,7.020572000000001e-07
0.626,0.0,203.45881220577408,6.319897000000001e-07
0.626,0.0,203.458402808822,4.974572000000001e-07
0.626,0.0,203.4579790704752,6.135524000000001e-07
0.626,0.0,203.45755339648693,4.847097e-07
0.626,0.0,203.4571349640412,5.576294000000001e-07
0.626,0.0,203.4567119025496,7.134367000000001e-07
0.626,0.0,203.45630884753817,6.898335e-07
0.626,0.0,203.45590859254884,7.033959000000001e-07
0.626,0.0,203.4554603645633,6.410846e-07
0.626,0.0,203.45503637154823,6.046175000000001e-07
0.626,0.0,203.45459500678248,5.242327e-07
0.626,0.0,203.4541888858048,6.098708e-07
0.626,0.0,203.45377613148065,5.688635e-07
0.626,0.0,203.4533605854517,5.807233e-07
0.626,0.0,203.45295950763347,5.190377000000001e-07
0.626,0.0,203.45251904348203,6.003538e-07
0.626,0.0,203.452094927863,4.2656030000000006e-07
0.626,0.0,203.45169369138924,4.5305930000000006e-07
0.626,0.0,203.451256463858,4.942121e-07
0.626,0.0,203.4508739544106,4.174217e-07
0.626,0.0,203.4504502069618,3.5989800000000004e-07
0.626,0.0,203.45002913730573,3.8904550000000004e-07
0.626,0.0,203.44960849724467,5.169131000000001e-07
0.626,0.0,203.4491798440882,3.526657e-07
0.626,0.0,203.448779989332,5.048787000000001e-07
0.626,0.0,203.44837679906615,5.308248e-07
0.626,0.0,203.44795330105308,5.1799e-07
0.626,0.0,203.44750751331017,3.497407e-07
0.626,0.0,203.44710852089148,2.446905e-07
0.626,0.0,203.44668478360117,4.645262e-07
0.626,0.0,203.44624323287323,5.340116e-07
0.626,0.0,203.4458370421329,5.151669000000001e-07
0.626,0.0,203.44543652255925,4.7578940000000005e-07
0.626,0.0,203.4450056250901,4.448229e-07
0.626,0.0,203.44456531919488,4.6580680000000005e-07
0.626,0.0,203.44416698981763,5.385518000000001e-07
0.626,0.0,203.44375078788903,4.5909840000000005e-07
0.626,0.0,203.44332792731512,4.4218900000000004e-07
0.626,0.0,203.44292009282552,3.5550330000000003e-07
0.626,0.0,203.4424893749972,4.4920310000000005e-07
0.626,0.0,203.44208135292945,4.937465e-07
0.626,0.0,203.44165045003857,5.232578000000001e-07
0.626,0.0,203.44124987772344,5.710608e-07
0.626,0.0,203.44084307327196,5.518814e-07
0.626,0.0,203.44042592481847,4.473259e-07
0.626,0.0,203.4400182043428,4.0140000000000003e-07
0.626,0.0,203.43957941251008,4.886097e-07
0.626,0.0,203.43917935915093,4.1269230000000006e-07
0.626,0.0,203.4387664419908,4.5650810000000005e-07
0.626,0.0,203.43832367285407,4.1168820000000004e-07
0.626,0.0,203.43793182679465,4.2792820000000003e-07
0.626,0.0,203.4375023401316,2.579764e-07
0.626,0.0,203.43707156196655,3.4447290000000005e-07
0.626,0.0,203.43666326741837,5.610636e-07
0.626,0.0,203.43624677292044,3.967289e-07
0.626,0.0,203.43583122534972,4.1825110000000005e-07
0.626,0.0,203.43539351403288,6.021874000000001e-07
0.626,0.0,203.43499224810063,4.893373e-07
0.626,0.0,203.43455488835264,4.925532e-07
0.626,0.0,203.4341239834802,5.961192000000001e-07
0.626,0.0,203.43369877090808,5.834154000000001e-07
0.626,0.0,203.43328490991496,5.004113e-07
0.626,0.0,203.4328954548982,5.582406e-07
0.626,0.0,203.432449046404,6.204355000000002e-07
0.626,0.0,203.4320500480214,5.502807e-07
0.626,0.0,203.43162605500632,5.979236000000001e-07
0.626,0.0,203.43122176560027,4.3780890000000006e-07
0.626,0.0,203.43079022247753,5.287875e-07
0.626,0.0,203.43040300267,5.300972e-07
0.626,0.0,203.42997496719465,6.374903e-07
0.626,0.0,203.4295670206912,6.094633e-07
0.626,0.0,203.429136371184,5.887705e-07
0.626,0.0,203.42871364040064,5.945622000000001e-07
0.626,0.0,203.42829749738144,6.486953e-07
0.626,0.0,203.42791083562355,6.901682e-07
0.626,0.0,203.42746288361195,7.601193e-07
0.626,0.0,203.42702797154055,7.419148e-07
0.626,0.0,203.4266034612896,7.797643999999999e-07
0.626,0.0,203.4261939287526,7.044437000000001e-07
0.626,0.0,203.42577810034564,7.534544999999999e-07
0.626,0.0,203.42534317464367,7.905473e-07
0.626,0.0,203.42496120233992,6.852788000000001e-07
0.626,0.0,203.4245209456039,6.468181e-07
0.626,0.0,203.4240969525888,5.573529000000001e-07
0.626,0.0,203.42369530464248,5.255570000000001e-07
0.626,0.0,203.42325843324423,7.49249e-07
0.626,0.0,203.4228709445026,7.725756999999999e-07
0.626,0.0,203.4224489897068,7.544730999999999e-07
0.626,0.0,203.4220306205664,6.142509000000001e-07
0.626,0.0,203.421610106348,6.115151e-07
0.626,0.0,203.42118209372984,5.479524e-07
0.626,0.0,203.42078201466603,4.92204e-07
0.626,0.0,203.42037906202057,6.338523000000001e-07
0.626,0.0,203.41995559806244,6.931659000000001e-07
0.626,0.0,203.41953648816548,5.444599000000001e-07
0.626,0.0,203.4191107957606,5.925394e-07
0.626,0.0,203.41868680274553,7.380731e-07
0.626,0.0,203.418276986426,7.183698e-07
0.626,0.0,203.4178579914557,7.655763e-07
0.626,0.0,203.41743836321504,7.343479e-07
0.626,0.0,203.4170304154924,5.886104000000001e-07
0.626,0.0,203.4165995219436,6.944319000000001e-07
0.626,0.0,203.41616886309885,7.153430000000001e-07
0.626,0.0,203.41576089681064,6.601185e-07
0.626,0.0,203.41534662102816,6.705814000000001e-07
0.626,0.0,203.41492262376988,6.648770000000001e-07
0.626,0.0,203.41449159995489,5.736802000000001e-07
0.626,0.0,203.4140606955656,6.377813000000001e-07
0.626,0.0,203.41365274042505,5.617767e-07
0.626,0.0,203.41323420204623,5.156762000000001e-07
0.626,0.0,203.41281865223704,5.093316e-07
0.626,0.0,203.41242826492825,6.638584000000001e-07
0.626,0.0,203.4119811890334,6.293994e-07
0.626,0.0,203.41155474446848,5.305919e-07
0.626,0.0,203.41115794424968,6.964692000000001e-07
0.626,0.0,203.41075074994276,5.154579e-07
0.626,0.0,203.4103259266618,6.935588000000001e-07
0.626,0.0,203.40991213364484,5.649781000000001e-07
0.626,0.0,203.40951246796277,6.967748e-07
0.626,0.0,203.40907327789657,4.3967160000000005e-07
0.626,0.0,203.40864237557767,6.397895e-07
0.626,0.0,203.40824100537213,5.488546e-07
0.626,0.0,203.40783375961536,6.026239e-07
0.626,0.0,203.407418483363,6.612681e-07
0.626,0.0,203.40696952237337,6.058835000000001e-07
0.626,0.0,203.40653423152756,5.377224e-07
0.626,0.0,203.4061474737324,2.7095670000000003e-07
0.626,0.0,203.40570158224128,2.972956e-07
0.626,0.0,203.40528658791337,4.2267490000000005e-07
0.626,0.0,203.40487580861117,5.03991e-07
0.626,0.0,203.40447176900764,4.6213970000000006e-07
0.626,0.0,203.40404063722067,6.052433000000001e-07
0.626,0.0,203.4036324647388,6.148330000000001e-07
5.626,0.0,203.72416875,2.241871e-05
5.626,0.0,203.72416875,-2.199857e-06
5.626,0.0,203.72409640977503,-1.226115e-06
5.626,0.0,203.72398911259853,-6.115297e-07
5.626,0.0,203.72385241290823,-1.4985560000000002e-07
5.626,0.0,203.72365846188936,2.084416e-07
5.626,0.0,203.72343533881948,4.806061e-07
5.626,0.0,203.72317351960965,4.0396120000000004e-07
5.626,0.0,203.722884337676,5.250913000000001e-07
5.626,0.0,203.72251195335204,6.423943000000001e-07
5.626,0.0,203.72211756605213,7.658673e-07
5.626,0.0,203.72171413507496,8.235947000000001e-07
5.626,0.0,203.72129498431016,9.152573000000001e-07
5.626,0.0,203.7208659208788,9.203650000000002e-07
5.626,0.0,203.72044489379337,1.0027e-06
5.626,0.0,203.720054389521,1.023029e-06
5.626,0.0,203.71961794768592,1.033448e-06
5.626,0.0,203.7191912157504,1.07527e-06
5.626,0.0,203.71880367353495,9.935029e-07
5.626,0.0,203.7183881434518,1.111432e-06
5.626,0.0,203.7179421632718,1.170178e-06
5.626,0.0,203.71754321902452,1.277323e-06
5.626,0.0,203.71711269805053,1.20046e-06
5.626,0.0,203.71668496931937,1.193723e-06
5.626,0.0,203.71626959962887,1.107721e-06
5.626,0.0,203.71586040597967,1.078253e-06
5.626,0.0,203.71545788974416,1.063832e-06
5.626,0.0,203.71502046867045,1.041131e-06
5.626,0.0,203.71458179369887,1.040666e-06
5.626,0.0,203.7141559891186,1.017237e-06
5.626,0.0,203.7137376585295,1.094799e-06
5.626,0.0,203.71331706566744,1.089633e-06
5.626,0.0,203.71293198991648,1.108434e-06
5.626,0.0,203.71248462954495,1.127919e-06
5.626,0.0,203.712078584634,1.097927e-06
5.626,0.0,203.71165134616967,9.89894e-07
5.626,0.0,203.71123217834327,1.063934e-06
5.626,0.0,203.71084430099043,1.184322e-06
5.626,0.0,203.71042693922087,1.175707e-06
5.626,0.0,203.71001870479336,1.187247e-06
5.626,0.0,203.7095880133869,1.182852e-06
5.626,0.0,203.70915784437236,1.172273e-06
5.626,0.0,203.70875379058876,1.127468e-06
5.626,0.0,203.70833851155868,1.072083e-06
5.626,0.0,203.70792210542317,1.158609e-06
5.626,0.0,203.7075141599745,1.086475e-06
5.626,0.0,203.70707462600177,1.076434e-06
5.626,0.0,203.7066506304852,1.083798e-06
5.626,0.0,203.70623645541,1.051885e-06
5.626,0.0,203.70583286171296,1.079767e-06
5.626,0.0,203.7053894811084,1.064021e-06
5.626,0.0,203.70496398408855,1.10385e-06
5.626,0.0,203.70456969278845,1.055902e-06
5.626,0.0,203.70412528677736,1.100809e-06
5.626,0.0,203.70370027492896,1.083477e-06
5.626,0.0,203.7033111283374,1.108187e-06
5.626,0.0,203.70289011859947,1.099324e-06
5.626,0.0,203.7024885963683,1.108259e-06
5.626,0.0,203.7020516529045,1.084991e-06
5.626,0.0,203.70162498716977,1.088498e-06
5.626,0.0,203.7012226214181,1.082066e-06
5.626,0.0,203.700800812373,1.077133e-06
5.626,0.0,203.70040628866707,1.120832e-06
5.626,0.0,203.69997770215423,9.751093e-07
5.626,0.0,203.69955725385955,1.129782e-06
5.626,0.0,203.69913912920313,1.084554e-06
5.626,0.0,203.69871733208143,1.126056e-06
5.626,0.0,203.69831395527007,1.081789e-06
5.626,0.0,203.6979011656225,1.107575e-06
5.626,0.0,203.6974738465449,1.099645e-06
5.626,0.0,203.69706592379248,1.088425e-06
5.626,0.0,203.69663486417673,1.084103e-06
5.626,0.0,203.6962115859386,1.046661e-06
5.626,0.0,203.69578303730725,1.094435e-06
5.626,0.0,203.69535215817257,1.049935e-06
5.626,0.0,203.6949529827562,1.037464e-06
5.626,0.0,203.69452523436968,1.123452e-06
5.626,0.0,203.69409461128825,1.106382e-06
5.626,0.0,203.69366406250765,1.06408e-06
5.626,0.0,203.69327498105616,1.093562e-06
5.626,0.0,203.69285962960896,1.107692e-06
5.626,0.0,203.69241709355515,1.097695e-06
5.626,0.0,203.69201792956363,1.108943e-06
5.626,0.0,203.69159436775612,1.060369e-06
5.626,0.0,203.6911929093192,1.10158e-06
5.626,0.0,203.69075525784595,1.143708e-06
5.626,0.0,203.6903676767192,1.105887e-06
5.626,0.0,203.6899461283016,1.08243e-06
5.626,0.0,203.68952800350553,1.094566e-06
5.626,0.0,203.6891073513305,1.102919e-06
5.626,0.0,203.68867822121243,1.03662e-06
5.626,0.0,203.68827805339043,1.078457e-06
5.626,0.0,203.68787450909667,1.105684e-06
5.626,0.0,203.68742998970967,1.134031e-06
5.626,0.0,203.68699841153048,1.094086e-06
5.626,0.0,203.68660751052647,1.089662e-06
5.626,0.0,203.68615940173515,1.013977e-06
5.626,0.0,203.6857417489234,1.151653e-06
5.626,0.0,203.6853263959092,1.154054e-06
5.626,0.0,203.68493403275417,1.192559e-06
5.626,0.0,203.68448847528205,1.169072e-06
5.626,0.0,203.6840645374368,1.105451e-06
5.626,0.0,203.68366563563373,1.084263e-06
5.626,0.0,203.68322218584933,1.147098e-06
5.626,0.0,203.68282711905275,1.053777e-06
5.626,0.0,203.6824190883924,1.064705e-06
5.626,0.0,203.68198826452507,1.171778e-06
5.626,0.0,203.6815803434568,1.122375e-06
5.626,0.0,203.6811496452283,1.147855e-06
5.626,0.0,203.6807484171005,1.131833e-06
5.626,0.0,203.68034172829095,1.116859e-06
5.626,0.0,203.67992500628696,1.136417e-06
5.626,0.0,203.67950871998033,1.135835e-06
5.626,0.0,203.6790781231855,1.11555e-06
5.626,0.0,203.67865672067248,1.123772e-06
5.626,0.0,203.6782651299825,1.159497e-06
5.626,0.0,203.67782176947736,1.112276e-06
5.626,0.0,203.67740785592483,1.158405e-06
5.626,0.0,203.67700098955515,1.181514e-06
5.626,0.0,203.67657010940457,1.164357e-06
5.626,0.0,203.6761419186622,1.110006e-06
5.626,0.0,203.67574517779548,1.20874e-06
5.626,0.0,203.6753297413999,1.191365e-06
5.626,0.0,203.67488680442807,1.176188e-06
5.626,0.0,203.67446210101488,1.16392e-06
5.626,0.0,203.67403097166164,1.230248e-06
5.626,0.0,203.6736228365952,1.100881e-06
5.626,0.0,203.6731970916505,9.989890000000002e-07
5.626,0.0,203.67277779936296,1.210079e-06
5.626,0.0,203.6723805437312,1.201654e-06
5.626,0.0,203.6719566785524,1.193228e-06
5.626,0.0,203.67154873165228,1.211622e-06
5.626,0.0,203.67112221819872,1.193315e-06
5.626,0.0,203.67071916048076,1.161417e-06
5.626,0.0,203.6703038908479,1.113352e-06
5.626,0.0,203.66987105419983,1.099674e-06
5.626,0.0,203.66946764711412,1.090521e-06
5.626,0.0,203.6690438552068,1.125678e-06
5.626,0.0,203.66864488084548,1.016117e-06
5.626,0.0,203.66819918631973,1.11683e-06
5.626,0.0,203.6677839174936,1.11683e-06
5.626,0.0,203.66739650975612,1.088571e-06
5.626,0.0,203.66696987803624,1.113352e-06
5.626,0.0,203.666539177196,1.112145e-06
5.626,0.0,203.6661021294069,1.084365e-06
5.626,0.0,203.6656997379475,1.083623e-06
5.626,0.0,203.6652688404784,1.074877e-06
5.626,0.0,203.66484812523296,9.413197000000001e-07
5.626,0.0,203.6644298027608,1.010616e-06
5.626,0.0,203.6640215623671,1.015811e-06
5.626,0.0,203.66359104829033,1.019158e-06
5.626,0.0,203.66316117499116,9.620126e-07
5.626,0.0,203.6627707949792,1.058666e-06
5.626,0.0,203.66236178783285,1.002161e-06
5.626,0.0,203.6619587287757,1.114182e-06
5.626,0.0,203.66151366651624,1.040942e-06
5.626,0.0,203.66109702497477,1.054141e-06
5.626,0.0,203.66069122966985,1.088687e-06
5.626,0.0,203.66028125810928,1.090273e-06
5.626,0.0,203.65986308306688,1.07188e-06
5.626,0.0,203.65944274021936,1.080989e-06
5.626,0.0,203.65901151246655,1.116641e-06
5.626,0.0,203.6586034001404,1.11344e-06
5.626,0.0,203.6581731419474,1.155509e-06
5.626,0.0,203.65777403561464,1.179695e-06
5.626,0.0,203.6573704103872,1.16491e-06
5.626,0.0,203.65692623064868,1.164299e-06
5.626,0.0,203.6565024317844,1.093445e-06
5.626,0.0,203.65610373953768,1.031323e-06
5.626,0.0,203.6556559562524,1.067587e-06
5.626,0.0,203.65523748216995,1.076522e-06
5.626,0.0,203.65482226812463,1.052773e-06
5.626,0.0,203.65438626625155,1.034219e-06
5.626,0.0,203.65398425569848,1.050852e-06
5.626,0.0,203.6535601626261,1.051463e-06
5.626,0.0,203.65311633667903,1.005188e-06
5.626,0.0,203.65273120383344,9.512441000000001e-07
5.626,0.0,203.6523019824122,1.070279e-06
5.626,0.0,203.6518898415348,1.014836e-06
5.626,0.0,203.6514844349476,1.003107e-06
5.626,0.0,203.6510630099775,1.030683e-06
5.626,0.0,203.65064533510795,1.038628e-06
5.626,0.0,203.6502250001264,1.008448e-06
5.626,0.0,203.6498375660861,1.002816e-06
5.626,0.0,203.64942146970748,9.840587000000001e-07
5.626,0.0,203.64900558571563,1.014894e-06
5.626,0.0,203.64857433469584,9.638316e-07
5.626,0.0,203.64815023791184,1.038963e-06
5.626,0.0,203.6477049104614,1.043038e-06
5.626,0.0,203.64731723141267,1.112814e-06
5.626,0.0,203.6469021007487,1.106731e-06
5.626,0.0,203.64647451647116,1.136708e-06
5.626,0.0,203.64605400399344,1.071268e-06
5.626,0.0,203.64563238701237,1.076129e-06
5.626,0.0,203.6452087942266,1.113818e-06
5.626,0.0,203.6447699215632,1.17012e-06
5.626,0.0,203.64438240533224,1.173874e-06
5.626,0.0,203.6439581516194,1.111563e-06
5.626,0.0,203.64352715998368,1.136112e-06
5.626,0.0,203.64311898720953,1.054272e-06
5.626,0.0,203.64269232536023,1.105131e-06
5.626,0.0,203.642290997316,1.085806e-06
5.626,0.0,203.64188898093911,1.105145e-06
5.626,0.0,203.64144301433336,1.112596e-06
5.626,0.0,203.64104432208677,1.117034e-06
5.626,0.0,203.6406206101932,1.134846e-06
5.626,0.0,203.6402171709815,1.076216e-06
5.626,0.0,203.6397980190249,1.10353e-06
5.626,0.0,203.63937829745487,1.098888e-06
5.626,0.0,203.63897551482737,1.147229e-06
5.626,0.0,203.6385396787884,1.13291e-06
5.626,0.0,203.6381139564756,1.0722e-06
5.626,0.0,203.63770826153137,1.131324e-06
5.626,0.0,203.63729324308983,1.181819e-06
5.626,0.0,203.63686240962616,1.245251e-06
5.626,0.0,203.63647668938347,1.203312e-06
5.626,0.0,203.63603333976252,1.218054e-06
5.626,0.0,203.63559183747256,1.246459e-06
5.626,0.0,203.63516109376351,1.213004e-06
5.626,0.0,203.63476158959543,1.125678e-06
5.626,0.0,203.6343222485717,1.157037e-06
5.626,0.0,203.63391400004545,1.231587e-06
5.626,0.0,203.6334904615416,1.203225e-06
5.626,0.0,203.63309159590528,1.130669e-06
5.626,0.0,203.63264495666928,1.155204e-06
5.626,0.0,203.63224366408053,1.15564e-06
5.626,0.0,203.63183682498925,1.104694e-06
5.626,0.0,203.6314208406182,1.119566e-06
5.626,0.0,203.631012850796,1.063134e-06
5.626,0.0,203.63058221928384,8.670613e-07
5.626,0.0,203.6301746525297,1.118038e-06
5.626,0.0,203.6297601155057,1.12236e-06
5.626,0.0,203.62933508338887,1.056906e-06
5.626,0.0,203.6289276740808,1.116612e-06
5.626,0.0,203.62850348095105,1.157066e-06
5.626,0.0,203.628104618038,1.142151e-06
5.626,0.0,203.62765674543468,1.181877e-06
5.626,0.0,203.62723875246232,1.129156e-06
5.626,0.0,203.62683308686033,1.268869e-06
5.626,0.0,203.62643311235064,1.292457e-06
5.626,0.0,203.62598555500847,1.328459e-06
5.626,0.0,203.62556150600085,1.226537e-06
5.626,0.0,203.62512199066637,1.20388e-06
5.626,0.0,203.6247187791081,1.309323e-06
5.626,0.0,203.6243032037436,1.264154e-06
5.626,0.0,203.62389117116513,1.335211e-06
5.626,0.0,203.6234858622816,1.419248e-06
5.626,0.0,203.62304378017305,1.393419e-06
5.626,0.0,203.62264703440832,1.318156e-06
5.626,0.0,203.6222267494932,1.344728e-06
5.626,0.0,203.6218388641722,1.353925e-06
5.626,0.0,203.62139564926255,1.336753e-06
5.626,0.0,203.620985350715,1.337248e-06
5.626,0.0,203.620572257202,1.357694e-06
5.626,0.0,203.62013884051947,1.291832e-06
5.626,0.0,203.61973354845173,1.255859e-06
5.626,0.0,203.6193160830159,1.284076e-06
5.626,0.0,203.6188895407016,1.303124e-06
5.626,0.0,203.61848120715615,1.297085e-06
5.626,0.0,203.6180563475104,1.33703e-06
5.626,0.0,203.61762899014693,1.255059e-06
5.626,0.0,203.61722843942067,1.278138e-06
5.626,0.0,203.61681286563837,1.274879e-06
5.626,0.0,203.61639756821168,1.314926e-06
5.626,0.0,203.61595064280087,1.339169e-06
5.626,0.0,203.61555190648943,1.247157e-06
5.626,0.0,203.6151282627092,1.329681e-06
5.626,0.0,203.61468068250795,1.329274e-06
5.626,0.0,203.6142651415638,1.377426e-06
5.626,0.0,203.6138563096441,1.389359e-06
5.626,0.0,203.61345378829768,1.429129e-06
5.626,0.0,203.61302297636783,1.417007e-06
5.626,0.0,203.6126148922036,1.368273e-06
5.626,0.0,203.61218770944188,1.383029e-06
5.626,0.0,203.61177629482236,1.415028e-06
5.626,0.0,203.61135692167088,1.357257e-06
5.626,0.0,203.61093732782103,1.330569e-06
5.626,0.0,203.61054051797197,1.427732e-06
5.626,0.0,203.6100985959276,1.469802e-06
5.626,0.0,203.60969301317803,1.520966e-06
5.626,0.0,203.60928013379367,1.503504e-06
5.626,0.0,203.6088701266416,1.544962e-06
5.626,0.0,203.60846650837783,1.495224e-06
5.626,0.0,203.6080224419434,1.489752e-06
5.626,0.0,203.60760522803537,1.540669e-06
5.626,0.0,203.60719998777452,1.614491e-06
5.626,0.0,203.6067602094004,1.549226e-06
5.626,0.0,203.60634456194123,1.505818e-06
5.626,0.0,203.60592725796937,1.502893e-06
5.626,0.0,203.605519423948,1.476219e-06
5.626,0.0,203.60508087318647,1.34595e-06
5.626,0.0,203.60465702457327,1.353983e-06
5.626,0.0,203.60424985236568,1.390756e-06
5.626,0.0,203.6038245217128,1.365988e-06
5.626,0.0,203.60341025788713,1.316992e-06
5.626,0.0,203.60300308219144,1.286608e-06
5.626,0.0,203.6025724046137,1.213368e-06
5.626,0.0,203.6021642261562,1.303575e-06
5.626,0.0,203.6017479557252,1.200795e-06
5.626,0.0,203.60132535822413,1.219625e-06
5.626,0.0,203.60094004234608,1.102264e-06
5.626,0.0,203.60052260693672,1.180975e-06
5.626,0.0,203.60009471635837,1.156688e-06
5.626,0.0,203.59964811180225,1.233188e-06
5.626,0.0,203.5992625086492,1.096589e-06
5.626,0.0,203.59883990060905,1.145163e-06
5.626,0.0,203.59842326816087,1.178967e-06
5.626,0.0,203.59801511567795,1.116074e-06
5.626,0.0,203.5975842182088,1.18748e-06
5.626,0.0,203.59715483058747,1.218781e-06
5.626,0.0,203.5967625821088,1.177308e-06
5.626,0.0,203.59632960588837,1.306704e-06
5.626,0.0,203.5959044099244,1.182794e-06
5.626,0.0,203.59547609163633,1.285604e-06
5.626,0.0,203.5950681006159,1.139968e-06
5.626,0.0,203.59463756413177,1.240609e-06
5.626,0.0,203.59421538611608,1.134889e-06
5.626,0.0,203.59377250198176,1.197652e-06
5.626,0.0,203.593384726395,1.481938e-06
5.626,0.0,203.59296022151756,1.477412e-06
5.626,0.0,203.5925408576309,1.485605e-06
5.626,0.0,203.59212119049928,1.361957e-06
5.626,0.0,203.5916949680613,1.334294e-06
5.626,0.0,203.59129315365925,1.448294e-06
5.626,0.0,203.59089416182707,1.413166e-06
5.626,0.0,203.59048829123444,1.378823e-06
5.626,0.0,203.59005750053677,1.318243e-06
5.626,0.0,203.58963034047264,1.3026e-06
5.626,0.0,203.5892297735093,1.307126e-06
5.626,0.0,203.58878691991885,1.18e-06
5.626,0.0,203.58838025411484,1.249195e-06
5.626,0.0,203.58797769173128,1.184744e-06
5.626,0.0,203.5875417955074,1.217384e-06
5.626,0.0,203.58711118823993,1.283246e-06
5.626,0.0,203.5867065395652,1.191394e-06
5.626,0.0,203.58629538550284,1.330933e-06
5.626,0.0,203.58585885370704,1.384309e-06
5.626,0.0,203.5854348356776,1.415945e-06
5.626,0.0,203.58503584325888,1.310749e-06
5.626,0.0,203.5845940733146,1.244596e-06
5.626,0.0,203.58416351022237,1.493099e-06
5.626,0.0,203.58377421422048,1.48172e-06
5.626,0.0,203.5833588917955,1.415727e-06
5.626,0.0,203.58295827943624,1.441964e-06
5.626,0.0,203.5825171168576,1.397872e-06
5.626,0.0,203.5821060861248,1.390043e-06
5.626,0.0,203.58169747897713,1.361434e-06
5.626,0.0,203.5812541536538,1.355438e-06
5.626,0.0,203.58087182734093,1.371984e-06
5.626,0.0,203.5804479343832,1.394859e-06
5.626,0.0,203.58002726090484,1.378648e-06
5.626,0.0,203.57960640377652,1.25957e-06
5.626,0.0,203.57917703389003,1.460823e-06
5.626,0.0,203.5787775632633,1.342138e-06
5.626,0.0,203.57837432445444,1.184497e-06
5.626,0.0,203.57795188990855,1.345979e-06
5.626,0.0,203.57753348779232,1.354259e-06
5.626,0.0,203.57710769243008,1.313951e-06
5.626,0.0,203.57668378474824,1.326902e-06
5.626,0.0,203.57624167972776,1.346576e-06
5.626,0.0,203.57585395963213,1.150183e-06
5.626,0.0,203.5754348193966,1.198103e-06
5.626,0.0,203.5750043034386,1.11571e-06
5.626,0.0,203.57456384036072,1.198132e-06
5.626,0.0,203.5741447732697,1.209381e-06
5.626,0.0,203.57374922811695,1.157779e-06
5.626,0.0,203.57330612438247,1.102511e-06
5.626,0.0,203.57289576754147,1.155538e-06
5.626,0.0,203.572494806158,1.122549e-06
5.626,0.0,203.57205732925797,1.138629e-06
5.626,0.0,203.57164924251143,1.011096e-06
5.626,0.0,203.57122933312337,8.427451000000001e-07
5.626,0.0,203.5708242117234,1.080087e-06
5.626,0.0,203.5704247221344,1.121807e-06
5.626,0.0,203.56999415656097,1.019012e-06
5.626,0.0,203.56958607618316,1.022563e-06
5.626,0.0,203.56915391564647,1.068925e-06
5.626,0.0,203.568747070111,1.048873e-06
5.626,0.0,203.56834944507477,1.111766e-06
5.626,0.0,203.56790609712348,1.01472e-06
5.626,0.0,203.56747751754577,1.093023e-06
5.626,0.0,203.5670570687601,9.974756e-07
5.626,0.0,203.566638672354,9.712239000000002e-07
5.626,0.0,203.56621652406608,1.075256e-06
5.626,0.0,203.56578783169653,1.021588e-06
5.626,0.0,203.56536896433008,9.718351e-07
5.626,0.0,203.56496496821129,1.02137e-06
5.626,0.0,203.5645297983664,1.069347e-06
5.626,0.0,203.56414233894208,1.00855e-06
5.626,0.0,203.5636964117429,9.330688000000001e-07
5.626,0.0,203.56328121886483,8.940406e-07
5.626,0.0,203.5628934504788,8.820933999999999e-07
5.626,0.0,203.56246737987624,9.579817e-07
5.626,0.0,203.56205933881975,1.01031e-06
5.626,0.0,203.561628374627,1.029039e-06
5.626,0.0,203.56120376557567,9.736541e-07
5.626,0.0,203.5608160243128,9.874930000000003e-07
5.626,0.0,203.56037725447632,9.551877e-07
5.626,0.0,203.55997312915807,9.134965e-07
5.626,0.0,203.55955461825332,8.984498e-07
5.626,0.0,203.55911165905857,8.474599e-07
5.626,0.0,203.55872612073793,8.800562000000001e-07
5.626,0.0,203.55829552287673,7.480558e-07
5.626,0.0,203.5578800308936,8.019852000000001e-07
5.626,0.0,203.55747417147697,8.689530999999999e-07
5.626,0.0,203.55704831123128,7.964554e-07
5.626,0.0,203.55661257422403,7.598573999999999e-07
5.626,0.0,203.55618863123763,7.609196e-07
5.626,0.0,203.5557897419538,7.771014e-07
5.626,0.0,203.5553599953252,7.593044e-07
5.626,0.0,203.55493968437312,7.497874e-07
5.626,0.0,203.55450875874203,7.470517e-07
5.626,0.0,203.5540854771744,6.938208000000001e-07
5.626,0.0,203.55366989418596,7.308699e-07
5.626,0.0,203.55324558663483,7.714552e-07
5.626,0.0,203.55283049443025,7.966300000000001e-07
5.626,0.0,203.5524228513444,7.667113e-07
5.626,0.0,203.55199196218035,8.282368e-07
5.626,0.0,203.55160051628332,6.489863e-07
5.626,0.0,203.55115338444992,7.725174999999999e-07
5.626,0.0,203.55075325566887,7.816707000000001e-07
5.626,0.0,203.55034716008,7.858034000000001e-07
5.626,0.0,203.54992959218407,8.814677000000001e-07
5.626,0.0,203.54951490840767,8.328789000000001e-07
5.626,0.0,203.549080020637,8.793431e-07
5.626,0.0,203.54869463800068,8.200149999999999e-07
5.626,0.0,203.54825751628448,9.280047000000001e-07
5.626,0.0,203.5478421375072,9.398500000000001e-07
5.626,0.0,203.54742553206688,1.006687e-06
5.626,0.0,203.54701742188064,9.68852e-07
5.626,0.0,203.54657824331005,9.523937000000002e-07
5.626,0.0,203.5461325505113,9.711221e-07
5.626,0.0,203.54574703493088,9.962241e-07
5.626,0.0,203.5453210225772,9.193755000000002e-07
5.626,0.0,203.54490578736463,8.705974e-07
5.626,0.0,203.54447762380715,8.586212e-07
5.626,0.0,203.544069697548,8.276256e-07
5.626,0.0,203.54363602496107,9.186188000000002e-07
5.626,0.0,203.54323105701843,1.00254e-06
5.626,0.0,203.5428297727256,9.245268000000001e-07
5.626,0.0,203.54239226977828,9.372889000000001e-07
5.626,0.0,203.54200700918807,9.024661000000002e-07
5.626,0.0,203.5415669417633,8.218193999999999e-07
5.626,0.0,203.54116793027464,7.249473000000001e-07
5.626,0.0,203.5407441355954,8.202333000000001e-07
5.626,0.0,203.54030920907536,8.723000000000001e-07
5.626,0.0,203.53992103848825,8.492788999999999e-07
5.626,0.0,203.53949043847436,8.742791e-07
5.626,0.0,203.53906876346207,8.834468e-07
5.626,0.0,203.53865179371007,8.56453e-07
5.626,0.0,203.53823266635445,9.290816000000001e-07
5.626,0.0,203.5378128525033,9.05231e-07
5.626,0.0,203.53742765528645,9.098585000000001e-07
5.626,0.0,203.53697995245423,8.905771999999999e-07
5.626,0.0,203.53654359928453,9.021751000000001e-07
5.626,0.0,203.53615719214943,8.395290999999999e-07
5.626,0.0,203.53571285976287,9.365176000000001e-07
5.626,0.0,203.53529733998596,9.197684000000001e-07
5.626,0.0,203.5348822437423,8.960051e-07
5.626,0.0,203.5344372510444,8.850184e-07
5.626,0.0,203.5340383277048,8.983479e-07
5.626,0.0,203.53359660092295,8.948700000000001e-07
5.626,0.0,203.53316620604576,9.367213e-07
5.626,0.0,203.53277795030107,9.636424e-07
5.626,0.0,203.53236229305173,9.03965e-07
5.626,0.0,203.53196043400905,9.787327e-07
5.626,0.0,203.53153302412844,1.017557e-06
5.626,0.0,203.5311079250964,1.066946e-06
5.626,0.0,203.5307000801052,1.098801e-06
5.626,0.0,203.53028627382147,1.08598e-06
5.626,0.0,203.52987423078,9.845826e-07
5.626,0.0,203.52945019295,8.908391e-07
5.626,0.0,203.52905132635303,1.189823e-06
5.626,0.0,203.52860834675488,1.114182e-06
5.626,0.0,203.52817980043355,1.019012e-06
5.626,0.0,203.52779216430508,1.050328e-06
5.626,0.0,203.52737664452812,1.094711e-06
5.626,0.0,203.52693221176503,1.0941e-06
5.626,0.0,203.52650832477116,1.118169e-06
5.626,0.0,203.52610960154624,1.163426e-06
5.626,0.0,203.52566148458007,1.098728e-06
5.626,0.0,203.52524438263825,1.137683e-06
5.626,0.0,203.52483767849353,1.173423e-06
5.626,0.0,203.52443701010657,1.194116e-06
5.626,0.0,203.52398977177597,1.180902e-06
5.626,0.0,203.52359806853207,1.195469e-06
5.626,0.0,203.52316728235925,1.231325e-06
5.626,0.0,203.52275958176264,1.195876e-06
5.626,0.0,203.5223448281904,1.213004e-06
5.626,0.0,203.5219208792909,1.155466e-06
5.626,0.0,203.52152188682135,1.125009e-06
5.626,0.0,203.5210816130742,1.158915e-06
5.626,0.0,203.52065248451888,1.209992e-06
5.626,0.0,203.52025921011017,1.208624e-06
5.626,0.0,203.5198439080407,1.239881e-06
5.626,0.0,203.51944694095067,1.252425e-06
5.626,0.0,203.5190039858932,1.265595e-06
5.626,0.0,203.5185950167888,1.297347e-06
5.626,0.0,203.5181827018096,1.291861e-06
5.626,0.0,203.51773967482984,1.30976e-06
5.626,0.0,203.5173333396156,1.33198e-06
5.626,0.0,203.51693297983277,1.350898e-06
5.626,0.0,203.51650221369204,1.315537e-06
5.626,0.0,203.51606184435687,1.3026e-06
5.626,0.0,203.515663317598,1.31756e-06
5.626,0.0,203.51524700749536,1.34416e-06
5.626,0.0,203.5148153636444,1.36481e-06
5.626,0.0,203.51438861216187,1.327702e-06
5.626,0.0,203.51396312046737,1.346139e-06
5.626,0.0,203.51355494088267,1.355351e-06
5.626,0.0,203.51312418808047,1.319364e-06
5.626,0.0,203.51269850440627,1.328648e-06
5.626,0.0,203.51231081951963,1.30196e-06
5.626,0.0,203.51187717685656,1.310327e-06
5.626,0.0,203.51147395198132,1.247943e-06
5.626,0.0,203.5110502091096,1.298919e-06
5.626,0.0,203.51065114206793,1.347973e-06
5.626,0.0,203.5102063103548,1.394132e-06
5.626,0.0,203.5098138494946,1.341206e-06
5.626,0.0,203.50940251460656,1.333901e-06
5.626,0.0,203.50897452240113,1.314795e-06
5.626,0.0,203.5085663484854,1.32143e-06
5.626,0.0,203.5081355130945,1.375112e-06
5.626,0.0,203.50771307452473,1.377586e-06
5.626,0.0,203.5072697504839,1.616747e-06
5.626,0.0,203.50688561189804,1.601482e-06
5.626,0.0,203.506462069141,1.538909e-06
5.626,0.0,203.50602759190517,1.436943e-06
5.626,0.0,203.50559694302157,1.418666e-06
5.626,0.0,203.5051909405832,1.429071e-06
5.626,0.0,203.50477792549032,1.397959e-06
5.626,0.0,203.50435005134972,1.458015e-06
5.626,0.0,203.5039445184136,1.436681e-06
5.626,0.0,203.50352057189224,1.457389e-06
5.626,0.0,203.50312165321105,1.39662e-06
5.626,0.0,203.50267304380168,1.41043e-06
5.626,0.0,203.50228675403977,1.285749e-06
5.626,0.0,203.50186920440572,1.244436e-06
5.626,0.0,203.50144728291264,1.236389e-06
5.626,0.0,203.5010293696052,1.208246e-06
5.626,0.0,203.5006086142212,1.162844e-06
5.626,0.0,203.50017982029811,1.205597e-06
5.626,0.0,203.49979202374112,1.23732e-06
5.626,0.0,203.49937671895051,1.282155e-06
5.626,0.0,203.4989320045671,1.295455e-06
5.626,0.0,203.49853341802543,1.237117e-06
5.626,0.0,203.4981095500821,1.177017e-06
5.626,0.0,203.49770686599047,1.180815e-06
5.626,0.0,203.4972722383168,1.207693e-06
5.626,0.0,203.4968568019212,1.016451e-06
5.626,0.0,203.49643737224184,1.043649e-06
5.626,0.0,203.49602944526265,1.225897e-06
5.626,0.0,203.49559872517588,1.23991e-06
5.626,0.0,203.49516777526983,1.260909e-06
5.626,0.0,203.49472454203604,1.254783e-06
5.626,0.0,203.4943091890218,1.1995e-06
5.626,0.0,203.49392056485385,1.208944e-06
5.626,0.0,203.49348978535392,1.2034e-06
5.626,0.0,203.4930589271024,1.230481e-06
5.626,0.0,203.49265072619687,1.221284e-06
5.626,0.0,203.49223136778687,1.223874e-06
5.626,0.0,203.49181190374532,1.137727e-06
5.626,0.0,203.49140232611185,1.127119e-06
5.626,0.0,203.49101041960316,1.160224e-06
5.626,0.0,203.49057981634223,1.151959e-06
5.626,0.0,203.49013741505553,9.547075e-07
5.626,0.0,203.4897394000509,1.266555e-06
5.626,0.0,203.4893242712596,1.1995e-06
5.626,0.0,203.4889322678148,1.204331e-06
5.626,0.0,203.4885029119133,1.192224e-06
5.626,0.0,203.48807203386016,1.22402e-06
5.626,0.0,203.4876639983977,1.173685e-06
5.626,0.0,203.48724730500535,1.159351e-06
5.626,0.0,203.48681555986192,1.167165e-06
5.626,0.0,203.48638868812048,1.129665e-06
5.626,0.0,203.4859631601834,1.101478e-06
5.626,0.0,203.48555493957767,1.069522e-06
5.626,0.0,203.4851241049076,1.221604e-06
5.626,0.0,203.4846988582925,1.152439e-06
5.626,0.0,203.4842855499174,1.20129e-06
5.626,0.0,203.48389623710645,1.147258e-06
5.626,0.0,203.48344945023612,1.117704e-06
5.626,0.0,203.4830506551149,1.129156e-06
5.626,0.0,203.48262689004608,1.148976e-06
5.626,0.0,203.48222288429784,1.236898e-06
5.626,0.0,203.4817916161697,1.319699e-06
5.626,0.0,203.48138416937593,1.215449e-06
5.626,0.0,203.48098174314885,1.210836e-06
5.626,0.0,203.48054504662923,1.169843e-06
5.626,0.0,203.4801371898676,1.156601e-06
5.626,0.0,203.479714406398,1.100008e-06
5.626,0.0,203.4792986431036,1.128617e-06
5.626,0.0,203.47891058948255,1.107037e-06
5.626,0.0,203.4784811703544,1.107459e-06
5.626,0.0,203.47803867503447,1.10257e-06
5.626,0.0,203.47763993275916,1.121953e-06
5.626,0.0,203.47721594458207,1.085398e-06
5.626,0.0,203.47677785710317,1.059729e-06
5.626,0.0,203.47639036598432,1.057531e-06
5.626,0.0,203.4759648513381,1.011547e-06
5.626,0.0,203.47553418127148,1.052249e-06
5.626,0.0,203.4750969812059,1.001419e-06
5.626,0.0,203.4746732324772,5.953334000000001e-07
5.626,0.0,203.47426487715057,1.042034e-06
5.626,0.0,203.4738429198476,9.694195000000002e-07
5.626,0.0,203.47342603195875,9.953656000000002e-07
5.626,0.0,203.47300960093037,8.945062000000001e-07
5.626,0.0,203.47258695394265,8.392090000000001e-07
5.626,0.0,203.4721571093185,9.279320000000001e-07
5.626,0.0,203.47176545993187,9.501091000000002e-07
5.626,0.0,203.4713499141857,9.744545e-07
5.626,0.0,203.4709512954097,9.516079000000001e-07
5.626,0.0,203.47052335055085,1.001885e-06
5.626,0.0,203.4700988112846,1.008899e-06
5.626,0.0,203.46968772870488,9.912474000000001e-07
5.626,0.0,203.46926183777404,9.517826000000001e-07
5.626,0.0,203.46888441116732,9.412324000000001e-07
5.626,0.0,203.4684391019981,9.953656000000002e-07
5.626,0.0,203.468006804132,9.744981e-07
5.626,0.0,203.46758364048344,9.603827e-07
5.626,0.0,203.4671677261381,9.572832000000002e-07
5.626,0.0,203.4667516796981,1.010398e-06
5.626,0.0,203.46633668137648,1.019012e-06
5.626,0.0,203.46589774566448,1.010441e-06
5.626,0.0,203.46549715851165,1.043823e-06
5.626,0.0,203.46507341563992,1.027642e-06
5.626,0.0,203.46463160098008,1.011125e-06
5.626,0.0,203.46423144791137,1.019725e-06
5.626,0.0,203.46381590200252,9.958603e-07
5.626,0.0,203.4634021944275,1.087887e-06
5.626,0.0,203.4629955294496,1.187451e-06
5.626,0.0,203.46255421396623,1.102089e-06
5.626,0.0,203.4621566734144,1.091728e-06
5.626,0.0,203.461738446866,1.016015e-06
5.626,0.0,203.46131760082,9.913929e-07
5.626,0.0,203.46090899352873,1.004824e-06
5.626,0.0,203.46048500489692,1.000109e-06
5.626,0.0,203.4600860080949,1.014239e-06
5.626,0.0,203.4596401269955,9.845098e-07
5.626,0.0,203.45925467963588,1.014385e-06
5.626,0.0,203.45881428515685,1.025415e-06
5.626,0.0,203.4584149019612,1.005043e-06
5.626,0.0,203.4579846987289,9.804353000000001e-07
5.626,0.0,203.457576980399,8.851057e-07
5.626,0.0,203.45714608586988,8.945935000000001e-07
5.626,0.0,203.4567252177287,9.571377e-07
5.626,0.0,203.45630654811845,9.467185000000001e-07
5.626,0.0,203.45589633524392,9.576761e-07
5.626,0.0,203.45547259237216,1.001186e-06
5.626,0.0,203.45503679461407,9.323267e-07
5.626,0.0,203.45460612454747,9.260839000000001e-07
5.626,0.0,203.45417693777847,8.420757000000001e-07
5.626,0.0,203.45378944003312,8.725619000000001e-07
5.626,0.0,203.4533741770268,9.092910000000001e-07
5.626,0.0,203.45292989096237,9.312498000000002e-07
5.626,0.0,203.45253139883036,8.299975999999999e-07
5.626,0.0,203.4521074013149,8.450879000000001e-07
5.626,0.0,203.4517050349576,9.149808e-07
5.626,0.0,203.45128517081156,9.405630000000001e-07
5.626,0.0,203.4508666402793,8.866045e-07
5.626,0.0,203.450462441485,9.433570000000001e-07
5.626,0.0,203.4500275634929,8.964853e-07
5.626,0.0,203.44963970023068,8.914940000000001e-07
5.626,0.0,203.449193152288,9.221840000000001e-07
5.626,0.0,203.44879172309797,8.684437e-07
5.626,0.0,203.44838955174305,8.461502e-07
5.626,0.0,203.44796395774128,8.826755000000001e-07
5.626,0.0,203.44751974111904,7.973867e-07
5.626,0.0,203.44710812378048,7.845083000000001e-07
5.626,0.0,203.446700701324,7.621419999999999e-07
5.626,0.0,203.44625738186576,8.233910000000001e-07
5.626,0.0,203.44584210560632,7.583149e-07
5.626,0.0,203.44542559316713,7.655617000000001e-07
5.626,0.0,203.4450174213237,7.501366999999999e-07
5.626,0.0,203.44457854757724,7.759081000000001e-07
5.626,0.0,203.4441785728501,7.696799e-07
5.626,0.0,203.4437654795041,9.381329000000001e-07
5.626,0.0,203.44332215597964,8.16377e-07
5.626,0.0,203.4429306891161,7.099152000000002e-07
5.626,0.0,203.4425010990256,6.99205e-07
5.626,0.0,203.44211059642583,4.994654e-07
5.626,0.0,203.4416620210095,5.964248000000001e-07
5.626,0.0,203.4412447001301,4.860776000000002e-07
5.626,0.0,203.44085721563783,3.8470900000000003e-07
5.626,0.0,203.44043750105547,4.6854260000000005e-07
5.626,0.0,203.44002052504356,5.010661e-07
5.626,0.0,203.43959887784453,3.8933650000000003e-07
5.626,0.0,203.4391678974472,4.091562e-07
5.626,0.0,203.4387597998285,4.4991610000000004e-07
5.626,0.0,203.43834516636528,4.808971000000001e-07
5.626,0.0,203.43792142518512,4.778412000000001e-07
5.626,0.0,203.43752242686637,4.3254110000000005e-07
5.626,0.0,203.43708209860145,4.087051e-07
5.626,0.0,203.43665165088652,4.727044e-07
5.626,0.0,203.43625095407165,4.164904e-07
5.626,0.0,203.43584453390224,5.569455e-07
5.626,0.0,203.43542712514,3.7869900000000005e-07
5.626,0.0,203.43497897502635,4.3262840000000005e-07
5.626,0.0,203.43454282441692,4.810281e-07
5.626,0.0,203.4341168668098,5.995098e-07
5.626,0.0,203.43371153021153,4.4095210000000004e-07
5.626,0.0,203.43329569807645,3.7337300000000004e-07
5.626,0.0,203.43288426151332,4.561007e-07
5.626,0.0,203.43247922644684,4.1253220000000004e-07
5.626,0.0,203.43205856555403,4.185713e-07
5.626,0.0,203.43163753238508,3.9103910000000006e-07
5.626,0.0,203.4311904656976,4.5893830000000003e-07
5.626,0.0,203.43081430277175,6.176269000000001e-07
5.626,0.0,203.4303928952894,4.534813e-07
5.626,0.0,203.4299913131051,4.573376e-07
5.626,0.0,203.42955404761005,2.628803e-07
5.626,0.0,203.4291456421481,3.571186e-07
5.626,0.0,203.42872523730088,4.6801870000000003e-07
5.626,0.0,203.4283094146904,4.2656030000000006e-07
5.626,0.0,203.42792112803664,3.5896660000000005e-07
5.626,0.0,203.42747236240163,6.782793e-07
5.626,0.0,203.42704887307923,5.853944000000001e-07
5.626,0.0,203.42660659536617,5.192414000000001e-07
5.626,0.0,203.42620138733585,4.6755300000000006e-07
5.626,0.0,203.42579019877687,6.859336000000001e-07
5.626,0.0,203.42536008942056,5.338661e-07
5.626,0.0,203.4249400457556,6.219489000000001e-07
5.626,0.0,203.42453167964476,5.856273000000001e-07
5.626,0.0,203.42410122911,5.567708000000001e-07
5.626,0.0,203.4236954897672,6.073824e-07
5.626,0.0,203.42328319200703,5.703769e-07
5.626,0.0,203.4228957008882,3.84578e-07
5.626,0.0,203.4224492571501,5.476759e-07
5.626,0.0,203.4220256214936,5.321926e-07
5.626,0.0,203.4216267772392,5.210895e-07
5.626,0.0,203.42117878739072,5.231559e-07
5.626,0.0,203.4207917478357,6.347254000000001e-07
5.626,0.0,203.4203757487012,5.19387e-07
5.626,0.0,203.41995266439784,6.023765e-07
5.626,0.0,203.41953443036573,5.567417000000001e-07
5.626,0.0,203.41911381920605,5.088077000000001e-07
5.626,0.0,203.4186860644687,4.1846940000000006e-07
5.626,0.0,203.41827451378737,4.908361e-07
5.626,0.0,203.41786084725996,5.410402e-07
5.626,0.0,203.41743710438823,5.781476e-07
5.626,0.0,203.41703811508583,6.586633e-07
5.626,0.0,203.4165965890145,3.832829e-07
5.626,0.0,203.41616590966953,4.896719000000001e-07
5.626,0.0,203.41576713349767,4.889735e-07
5.626,0.0,203.41536252434304,4.0912710000000003e-07
5.626,0.0,203.41491940357477,4.7459620000000006e-07
5.626,0.0,203.4144959108464,3.902969e-07
5.626,0.0,203.414057993181,5.588954e-07
5.626,0.0,203.41364981805577,5.214824e-07
5.626,0.0,203.41323034121265,5.20944e-07
5.626,0.0,203.41282518952573,4.107424e-07
5.626,0.0,203.41242552535735,4.858448000000001e-07
5.626,0.0,203.4119777051887,3.9611770000000005e-07
5.626,0.0,203.4115784612202,4.246976e-07
5.626,0.0,203.41115397388225,4.979229000000001e-07
5.626,0.0,203.4107471420696,4.0903980000000003e-07
5.626,0.0,203.41032095896864,5.070324000000001e-07
5.626,0.0,203.40990673961255,4.439498e-07
5.626,0.0,203.40949966152567,4.874455000000001e-07
5.626,0.0,203.4090770914142,5.019974e-07
5.626,0.0,203.40866081108433,4.618487e-07
5.626,0.0,203.40824378361728,3.9876610000000006e-07
5.626,0.0,203.40781253124092,4.3130420000000005e-07
5.626,0.0,203.40739151221288,2.989982e-07
5.626,0.0,203.40698980021943,3.893947e-07
5.626,0.0,203.40656580889927,3.784371e-07
5.626,0.0,203.40612176311123,4.2749160000000006e-07
5.626,0.0,203.40571806704855,4.3933690000000005e-07
5.626,0.0,203.4053082838596,5.334005000000001e-07
5.626,0.0,203.40489329216447,3.5644920000000005e-07
5.626,0.0,203.4044468496908,3.751629e-07
5.626,0.0,203.4040481080858,4.6123750000000006e-07
5.626,0.0,203.40362410910683,3.9761650000000005e-07
10.626,0.0,203.72416875,2.221185e-05
10.626,0.0,203.72416875,-2.298053e-06
10.626,0.0,203.7240988713708,-1.347347e-06
10.626,0.0,203.72399008641324,-7.393246e-07
10.626,0.0,203.72385239643123,-2.8386420000000004e-07
10.626,0.0,203.7236582579613,6.868504e-08
10.626,0.0,203.72343524301647,3.1696980000000003e-07
10.626,0.0,203.72318793981697,2.652378e-07
10.626,0.0,203.72288120081907,4.4131590000000004e-07
10.626,0.0,203.72251013992692,4.4089390000000004e-07
10.626,0.0,203.72212937121935,6.766786000000001e-07
10.626,0.0,203.7217054832645,7.360795000000001e-07
10.626,0.0,203.72132227788933,8.746574000000001e-07
10.626,0.0,203.72088322990345,9.670766e-07
10.626,0.0,203.7204595169237,1.006236e-06
10.626,0.0,203.72006051046887,1.06424e-06
10.626,0.0,203.71963693365285,1.006658e-06
10.626,0.0,203.719190008399,1.060456e-06
10.626,0.0,203.71881399978807,1.046719e-06
10.626,0.0,203.71838672512416,1.053326e-06
10.626,0.0,203.71796202710064,1.097738e-06
10.626,0.0,203.71753099231628,1.160923e-06
10.626,0.0,203.71712262389883,1.125038e-06
10.626,0.0,203.71669706205887,1.179971e-06
10.626,0.0,203.7162819480712,1.112072e-06
10.626,0.0,203.7158668309957,1.119115e-06
10.626,0.0,203.71542348079228,1.138949e-06
10.626,0.0,203.7150314517,1.023014e-06
10.626,0.0,203.7145959392474,1.012144e-06
10.626,0.0,203.71417830510305,1.029766e-06
10.626,0.0,203.71373551565503,1.005246e-06
10.626,0.0,203.71333807523345,9.718642000000001e-07
10.626,0.0,203.71293121025744,9.470386e-07
10.626,0.0,203.71249932922512,9.881187e-07
10.626,0.0,203.7120768516837,1.052074e-06
10.626,0.0,203.71166031488173,1.110631e-06
10.626,0.0,203.71124335972613,1.06392e-06
10.626,0.0,203.71085557844708,1.112363e-06
10.626,0.0,203.71043614285367,1.082721e-06
10.626,0.0,203.7100279760456,1.023931e-06
10.626,0.0,203.7095898826821,1.172186e-06
10.626,0.0,203.70916631091748,1.185472e-06
10.626,0.0,203.7087781179247,1.177948e-06
10.626,0.0,203.70833492802947,1.175358e-06
10.626,0.0,203.70794004616585,1.149863e-06
10.626,0.0,203.7075205176031,1.172055e-06
10.626,0.0,203.70708051981907,1.127395e-06
10.626,0.0,203.70665002211092,1.083565e-06
10.626,0.0,203.70624954759657,1.017368e-06
10.626,0.0,203.7058432018364,1.048815e-06
10.626,0.0,203.7053997923703,1.030043e-06
10.626,0.0,203.7049723270116,9.088981000000001e-07
10.626,0.0,203.70457896885765,1.116947e-06
10.626,0.0,203.70413384822615,1.079869e-06
10.626,0.0,203.70371076680448,1.073859e-06
10.626,0.0,203.7033234008036,9.387441000000002e-07
10.626,0.0,203.70290886539115,9.575597e-07
10.626,0.0,203.7025016016072,1.15794e-06
10.626,0.0,203.70206105792371,1.088745e-06
10.626,0.0,203.70164019495752,1.12415e-06
10.626,0.0,203.70123845424828,1.159278e-06
10.626,0.0,203.70082394765748,1.092732e-06
10.626,0.0,203.7004150552676,1.083725e-06
10.626,0.0,203.69998477868037,1.090841e-06
10.626,0.0,203.69956367603905,1.075838e-06
10.626,0.0,203.69914613272917,1.057721e-06
10.626,0.0,203.69872567014016,1.05561e-06
10.626,0.0,203.69832133809615,1.008273e-06
10.626,0.0,203.6979223632036,1.0816e-06
10.626,0.0,203.69747385134335,1.095061e-06
10.626,0.0,203.69706969571976,1.087596e-06
10.626,0.0,203.69665117073103,1.04912e-06
10.626,0.0,203.69620639163043,1.053195e-06
10.626,0.0,203.69581398421627,1.096807e-06
10.626,0.0,203.6953752076353,1.054374e-06
10.626,0.0,203.69497033273248,1.115244e-06
10.626,0.0,203.69454443764624,1.126158e-06
10.626,0.0,203.694108214658,1.093547e-06
10.626,0.0,203.69366081284568,1.037552e-06
10.626,0.0,203.6932852778088,9.965588000000002e-07
10.626,0.0,203.6928550385704,8.398201e-07
10.626,0.0,203.69243608871685,1.101405e-06
10.626,0.0,203.6920279821884,1.059088e-06
10.626,0.0,203.69159714596543,1.068038e-06
10.626,0.0,203.6911912388601,9.776413e-07
10.626,0.0,203.69077841909467,1.138163e-06
10.626,0.0,203.69039090018208,1.114982e-06
10.626,0.0,203.68996512922507,1.119843e-06
10.626,0.0,203.68952097972533,1.131019e-06
10.626,0.0,203.68912238267825,1.137058e-06
10.626,0.0,203.68869851433877,1.103952e-06
10.626,0.0,203.68828772646287,1.147608e-06
10.626,0.0,203.68787089903407,1.07236e-06
10.626,0.0,203.6874487144759,1.120497e-06
10.626,0.0,203.68701774598924,1.106877e-06
10.626,0.0,203.6866097776732,1.022112e-06
10.626,0.0,203.68618115258744,1.014283e-06
10.626,0.0,203.6857382481938,1.04768e-06
10.626,0.0,203.68534032351303,1.064909e-06
10.626,0.0,203.684933809352,1.111766e-06
10.626,0.0,203.6845014919189,1.144435e-06
10.626,0.0,203.6840787710604,1.094711e-06
10.626,0.0,203.68366280590888,1.128225e-06
10.626,0.0,203.68324638209455,1.133434e-06
10.626,0.0,203.68285908048728,1.035223e-06
10.626,0.0,203.68241621223504,9.746582000000002e-07
10.626,0.0,203.68201711611977,1.175402e-06
10.626,0.0,203.68159289978513,1.135675e-06
10.626,0.0,203.68114807078976,1.126828e-06
10.626,0.0,203.68075337460812,1.118431e-06
10.626,0.0,203.6803379403545,1.090302e-06
10.626,0.0,203.6799421941095,1.103719e-06
10.626,0.0,203.67951344528777,1.107284e-06
10.626,0.0,203.67908985000935,1.114691e-06
10.626,0.0,203.6786757265776,1.042674e-06
10.626,0.0,203.67826054051096,1.045642e-06
10.626,0.0,203.67783592598283,1.079476e-06
10.626,0.0,203.67742855090745,1.140768e-06
10.626,0.0,203.6770045349245,1.151639e-06
10.626,0.0,203.67656601329665,1.123757e-06
10.626,0.0,203.67615790639215,1.127031e-06
10.626,0.0,203.67573998159924,1.085704e-06
10.626,0.0,203.67532468606063,1.111446e-06
10.626,0.0,203.67488509906747,1.167835e-06
10.626,0.0,203.6744612511884,1.104054e-06
10.626,0.0,203.67406785928725,1.120905e-06
10.626,0.0,203.67362660700456,1.205408e-06
10.626,0.0,203.67320241367247,1.217981e-06
10.626,0.0,203.67281805070536,1.163993e-06
10.626,0.0,203.67237459110777,1.221793e-06
10.626,0.0,203.6719697618734,1.182649e-06
10.626,0.0,203.67154379325575,1.179578e-06
10.626,0.0,203.67115739386145,1.196779e-06
10.626,0.0,203.6707129065692,1.116219e-06
10.626,0.0,203.67030954455976,1.168024e-06
10.626,0.0,203.66990969683127,1.159016e-06
10.626,0.0,203.669480785187,1.176129e-06
10.626,0.0,203.6690726320629,1.173248e-06
10.626,0.0,203.6686394485976,1.151493e-06
10.626,0.0,203.66821553062547,1.175285e-06
10.626,0.0,203.66780317626635,1.059161e-06
10.626,0.0,203.66739016817755,1.072767e-06
10.626,0.0,203.66696473497743,1.124179e-06
10.626,0.0,203.6665337411256,1.081833e-06
10.626,0.0,203.6661254068185,1.076827e-06
10.626,0.0,203.6657005884936,1.16005e-06
10.626,0.0,203.66528476298504,1.148088e-06
10.626,0.0,203.6648552480341,1.112319e-06
10.626,0.0,203.66444965067487,1.089269e-06
10.626,0.0,203.6640261079179,9.693031000000002e-07
10.626,0.0,203.66358556412763,1.019973e-06
10.626,0.0,203.66317822790887,1.096254e-06
10.626,0.0,203.66276384464223,1.069915e-06
10.626,0.0,203.66237599220423,1.062217e-06
10.626,0.0,203.6619532274708,1.067427e-06
10.626,0.0,203.66150770670296,1.041219e-06
10.626,0.0,203.66110881577137,1.032502e-06
10.626,0.0,203.66068522751976,1.012057e-06
10.626,0.0,203.6602994772771,1.004169e-06
10.626,0.0,203.65985660087208,9.530195e-07
10.626,0.0,203.65943722641745,1.072229e-06
10.626,0.0,203.65904023221128,1.077307e-06
10.626,0.0,203.65859864756737,1.090608e-06
10.626,0.0,203.65819247074424,1.110806e-06
10.626,0.0,203.65777933716015,1.089327e-06
10.626,0.0,203.65736381738324,1.079417e-06
10.626,0.0,203.6569618526444,1.090477e-06
10.626,0.0,203.656535230144,1.103181e-06
10.626,0.0,203.65609818221813,1.086621e-06
10.626,0.0,203.65565128569605,1.056571e-06
10.626,0.0,203.65523180764208,1.074732e-06
10.626,0.0,203.65484417904509,1.067951e-06
10.626,0.0,203.6544270660251,1.013599e-06
10.626,0.0,203.65397920010767,6.117334e-07
10.626,0.0,203.65356575549055,1.006192e-06
10.626,0.0,203.65315688861892,9.79926e-07
10.626,0.0,203.65271236121373,9.325013000000001e-07
10.626,0.0,203.65230895858127,9.319920000000001e-07
10.626,0.0,203.65190989900688,9.332871e-07
10.626,0.0,203.6514802698102,9.127543000000002e-07
10.626,0.0,203.65107248260347,8.567586e-07
10.626,0.0,203.65064361415136,9.230716000000001e-07
10.626,0.0,203.65024755275311,9.778159e-07
10.626,0.0,203.64983219728984,9.405339000000001e-07
10.626,0.0,203.64943792516647,9.335927e-07
10.626,0.0,203.64899309308336,9.419018000000001e-07
10.626,0.0,203.64856902977195,9.677897e-07
10.626,0.0,203.64816982395917,9.907526000000001e-07
10.626,0.0,203.6477460133599,1.023509e-06
10.626,0.0,203.6473116124724,9.991054000000002e-07
10.626,0.0,203.64689843352295,9.806972000000002e-07
10.626,0.0,203.64649244025605,1.034525e-06
10.626,0.0,203.64606147538248,1.044886e-06
10.626,0.0,203.64562710485043,1.004795e-06
10.626,0.0,203.64517915140416,1.044522e-06
10.626,0.0,203.64481938321185,1.075547e-06
10.626,0.0,203.64437636948523,1.056236e-06
10.626,0.0,203.64395334956035,1.063105e-06
10.626,0.0,203.64354540108727,1.04183e-06
10.626,0.0,203.64311454485247,1.022287e-06
10.626,0.0,203.64270993634585,8.571951e-07
10.626,0.0,203.64229868721927,1.05158e-06
10.626,0.0,203.6418870957893,1.021006e-06
10.626,0.0,203.6414821897016,1.044216e-06
10.626,0.0,203.64103956522592,9.858195000000002e-07
10.626,0.0,203.64064352155725,9.906507000000002e-07
10.626,0.0,203.6402224846503,1.012741e-06
10.626,0.0,203.63980487505887,1.033477e-06
10.626,0.0,203.63939221669577,9.958458000000002e-07
10.626,0.0,203.63896609706103,1.017688e-06
10.626,0.0,203.63854637174967,8.929346000000001e-07
10.626,0.0,203.63812726931505,9.080104000000001e-07
10.626,0.0,203.63770263701184,1.089516e-06
10.626,0.0,203.63730023676064,1.001652e-06
10.626,0.0,203.636899716124,1.035281e-06
10.626,0.0,203.6364529761462,1.035107e-06
10.626,0.0,203.63602913918103,1.036955e-06
10.626,0.0,203.63563014079844,1.038192e-06
10.626,0.0,203.6351823023384,1.062654e-06
10.626,0.0,203.63476703672688,1.027482e-06
10.626,0.0,203.63435157514277,1.119799e-06
10.626,0.0,203.6339100675888,1.096079e-06
10.626,0.0,203.63351033017835,1.096778e-06
10.626,0.0,203.63308643881507,1.123422e-06
10.626,0.0,203.63268583764813,1.066393e-06
10.626,0.0,203.6322466747994,1.211782e-06
10.626,0.0,203.63184735475207,1.209934e-06
10.626,0.0,203.63144134344927,1.255685e-06
10.626,0.0,203.63100875040803,1.228109e-06
10.626,0.0,203.63060066772036,9.789364000000002e-07
10.626,0.0,203.63016999517504,1.021413e-06
10.626,0.0,203.62977122491728,1.135035e-06
10.626,0.0,203.6293672291624,1.120046e-06
10.626,0.0,203.6289460620482,1.060194e-06
10.626,0.0,203.62853800062427,1.085064e-06
10.626,0.0,203.6281009823884,1.131251e-06
10.626,0.0,203.62767698937327,1.155975e-06
10.626,0.0,203.62726799697708,1.040942e-06
10.626,0.0,203.62684714516536,1.097593e-06
10.626,0.0,203.62642962933063,1.188761e-06
10.626,0.0,203.62599913576443,1.197885e-06
10.626,0.0,203.62555817828337,1.185806e-06
10.626,0.0,203.6251593636028,1.206019e-06
10.626,0.0,203.6247356957741,1.168912e-06
10.626,0.0,203.62432136631665,1.149674e-06
10.626,0.0,203.62391243498868,1.228109e-06
10.626,0.0,203.6234827217528,1.250126e-06
10.626,0.0,203.62307481812323,1.216977e-06
10.626,0.0,203.62264396125047,1.310909e-06
10.626,0.0,203.6222429455283,1.292457e-06
10.626,0.0,203.62183583668016,1.277265e-06
10.626,0.0,203.62142018579684,1.271066e-06
10.626,0.0,203.6210040544332,1.249951e-06
10.626,0.0,203.62057207412167,1.305787e-06
10.626,0.0,203.62015175528776,1.25631e-06
10.626,0.0,203.61975865894567,1.225941e-06
10.626,0.0,203.61931580111184,1.172826e-06
10.626,0.0,203.61890247844616,1.186883e-06
10.626,0.0,203.61849594176695,1.168475e-06
10.626,0.0,203.61806518073936,1.2362e-06
10.626,0.0,203.61765702810015,1.187567e-06
10.626,0.0,203.61723892486552,1.219785e-06
10.626,0.0,203.61682343950892,1.232343e-06
10.626,0.0,203.6163874567721,1.256485e-06
10.626,0.0,203.6159852849273,1.274777e-06
10.626,0.0,203.61556141954424,1.270077e-06
10.626,0.0,203.61511793499,1.262088e-06
10.626,0.0,203.6146910340283,1.330831e-06
10.626,0.0,203.6142900132683,1.355991e-06
10.626,0.0,203.61388802394697,1.311593e-06
10.626,0.0,203.61344228334536,1.233464e-06
10.626,0.0,203.61302269755103,1.32386e-06
10.626,0.0,203.61260115289312,1.362176e-06
10.626,0.0,203.6121710884678,1.351393e-06
10.626,0.0,203.61178373631793,1.34221e-06
10.626,0.0,203.6113736713122,1.369233e-06
10.626,0.0,203.61096998105617,1.321023e-06
10.626,0.0,203.6105391225348,1.33767e-06
10.626,0.0,203.6101313120656,1.404827e-06
10.626,0.0,203.60970747816137,1.462467e-06
10.626,0.0,203.60930498533523,1.447683e-06
10.626,0.0,203.60890479416443,1.452441e-06
10.626,0.0,203.60845732628513,1.416498e-06
10.626,0.0,203.60803519526425,1.453984e-06
10.626,0.0,203.60763441681456,1.443303e-06
10.626,0.0,203.60718761548216,1.486755e-06
10.626,0.0,203.60677175605335,1.499822e-06
10.626,0.0,203.60636243911256,1.518405e-06
10.626,0.0,203.6059594056707,1.509703e-06
10.626,0.0,203.6055147828893,1.511769e-06
10.626,0.0,203.60509096311893,1.477267e-06
10.626,0.0,203.60469012883004,1.442007e-06
10.626,0.0,203.60425164153304,1.514534e-06
10.626,0.0,203.60383612395327,1.610664e-06
10.626,0.0,203.60342038074737,1.614724e-06
10.626,0.0,203.60301225110263,1.59652e-06
10.626,0.0,203.60258877775527,1.582666e-06
10.626,0.0,203.6021745451337,1.575492e-06
10.626,0.0,203.60175930329453,1.525827e-06
10.626,0.0,203.60137184659607,1.286608e-06
10.626,0.0,203.600949398804,1.42293e-06
10.626,0.0,203.60053120433344,1.550565e-06
10.626,0.0,203.60010510831847,1.483582e-06
10.626,0.0,203.5996809902317,1.477048e-06
10.626,0.0,203.5992718355894,1.458451e-06
10.626,0.0,203.5988510835564,1.437191e-06
10.626,0.0,203.59843264705813,1.470951e-06
10.626,0.0,203.59802458563416,1.439636e-06
10.626,0.0,203.59759382080983,1.493288e-06
10.626,0.0,203.59716253898807,1.525608e-06
10.626,0.0,203.59675524333016,1.385051e-06
10.626,0.0,203.59635933162312,1.529726e-06
10.626,0.0,203.59591603995867,1.516164e-06
10.626,0.0,203.59548592543663,1.50819e-06
10.626,0.0,203.5950778847824,1.51826e-06
10.626,0.0,203.5946469561728,1.549852e-06
10.626,0.0,203.59422676600636,1.51663e-06
10.626,0.0,203.5937970212809,1.509106e-06
10.626,0.0,203.59337739496124,1.547087e-06
10.626,0.0,203.592974417026,1.443303e-06
10.626,0.0,203.5925384960424,1.378678e-06
10.626,0.0,203.59215167577167,1.429973e-06
10.626,0.0,203.59170626357593,1.42683e-06
10.626,0.0,203.5913036234088,1.504624e-06
10.626,0.0,203.59090303174088,1.437409e-06
10.626,0.0,203.5904912393881,1.443215e-06
10.626,0.0,203.59006699323325,1.448396e-06
10.626,0.0,203.58963885372503,1.412685e-06
10.626,0.0,203.5892414525046,1.431181e-06
10.626,0.0,203.58882616170447,1.356122e-06
10.626,0.0,203.5883896379004,1.275868e-06
10.626,0.0,203.58798785400455,1.291468e-06
10.626,0.0,203.58755083053435,1.288034e-06
10.626,0.0,203.5871200442092,1.293272e-06
10.626,0.0,203.58671633118124,1.345048e-06
10.626,0.0,203.58630609470185,1.321401e-06
10.626,0.0,203.58586847022272,1.393099e-06
10.626,0.0,203.58544440216457,1.413966e-06
10.626,0.0,203.58504548478888,1.423454e-06
10.626,0.0,203.5846030643009,1.361346e-06
10.626,0.0,203.58417274787317,1.467983e-06
10.626,0.0,203.58378464529113,1.488996e-06
10.626,0.0,203.58336921552208,1.506371e-06
10.626,0.0,203.58296602217987,1.456414e-06
10.626,0.0,203.582539527752,1.421839e-06
10.626,0.0,203.58211392979064,1.422581e-06
10.626,0.0,203.58170824816565,1.429682e-06
10.626,0.0,203.58126494987468,1.374996e-06
10.626,0.0,203.58088149388527,1.364664e-06
10.626,0.0,203.58045754586047,1.410925e-06
10.626,0.0,203.5800352516337,1.43917e-06
10.626,0.0,203.57961514585492,1.364984e-06
10.626,0.0,203.57918810804873,1.345834e-06
10.626,0.0,203.57878745493664,1.34905e-06
10.626,0.0,203.57838550831423,1.360182e-06
10.626,0.0,203.57794013883992,1.377819e-06
10.626,0.0,203.57755291113773,1.354143e-06
10.626,0.0,203.57711728393144,1.35407e-06
10.626,0.0,203.57666845123293,1.363573e-06
10.626,0.0,203.57625267050508,1.400345e-06
10.626,0.0,203.5758650337908,1.36465e-06
10.626,0.0,203.57544419331856,1.388529e-06
10.626,0.0,203.5750136824338,1.317414e-06
10.626,0.0,203.57457467383944,1.376116e-06
10.626,0.0,203.57413307440083,1.340537e-06
10.626,0.0,203.5737519433092,1.337583e-06
10.626,0.0,203.5733177544168,1.310385e-06
10.626,0.0,203.57292730153543,1.264722e-06
10.626,0.0,203.57249711157527,1.256907e-06
10.626,0.0,203.57206639235707,1.243097e-06
10.626,0.0,203.57165816627847,1.223278e-06
10.626,0.0,203.57124023891353,1.210632e-06
10.626,0.0,203.57085244868964,1.183857e-06
10.626,0.0,203.57043382824648,1.190056e-06
10.626,0.0,203.57001674132883,1.228604e-06
10.626,0.0,203.56958745013424,1.20826e-06
10.626,0.0,203.5691646745759,1.188659e-06
10.626,0.0,203.56877515553663,1.17367e-06
10.626,0.0,203.5683322251913,1.095745e-06
10.626,0.0,203.56791712904297,1.170454e-06
10.626,0.0,203.56750937416376,1.181485e-06
10.626,0.0,203.56707863240908,1.186199e-06
10.626,0.0,203.56664598143473,1.179767e-06
10.626,0.0,203.56622213850565,1.168402e-06
10.626,0.0,203.56580935449577,1.181252e-06
10.626,0.0,203.56539775380352,1.178196e-06
10.626,0.0,203.56497060026493,1.146152e-06
10.626,0.0,203.5645506419281,1.134787e-06
10.626,0.0,203.5641321134956,1.110282e-06
10.626,0.0,203.5637085910263,1.11667e-06
10.626,0.0,203.56329321740157,1.125241e-06
10.626,0.0,203.56290558047965,1.127526e-06
10.626,0.0,203.56249321704456,1.133521e-06
10.626,0.0,203.56205913959684,1.141918e-06
10.626,0.0,203.56162009929835,1.140739e-06
10.626,0.0,203.5612365820216,1.132852e-06
10.626,0.0,203.56080109875944,1.113411e-06
10.626,0.0,203.56041346867167,1.036096e-06
10.626,0.0,203.55998361700424,1.127017e-06
10.626,0.0,203.5595528505549,1.105858e-06
10.626,0.0,203.55914467542968,1.114211e-06
10.626,0.0,203.5587238663596,1.105669e-06
10.626,0.0,203.5583058529781,1.072069e-06
10.626,0.0,203.55789573972436,1.034568e-06
10.626,0.0,203.55747199685263,1.034816e-06
10.626,0.0,203.5570476333436,9.727955e-07
10.626,0.0,203.5566286065562,1.013061e-06
10.626,0.0,203.55620405460243,9.979267e-07
10.626,0.0,203.5557886740635,1.016655e-06
10.626,0.0,203.5553588303116,9.897194000000003e-07
10.626,0.0,203.5549733147312,9.415671000000002e-07
10.626,0.0,203.55452958025217,9.874639e-07
10.626,0.0,203.55408835454068,9.872747000000002e-07
10.626,0.0,203.55365779251608,1.004839e-06
10.626,0.0,203.5532578775584,9.809009000000003e-07
10.626,0.0,203.55285259699383,9.778014e-07
10.626,0.0,203.5524338535305,9.915093e-07
10.626,0.0,203.55202602769847,1.011969e-06
10.626,0.0,203.55158821088736,9.710930000000001e-07
10.626,0.0,203.5511876064636,9.366922e-07
10.626,0.0,203.5507578938628,9.436335e-07
10.626,0.0,203.55037538771117,9.969517e-07
10.626,0.0,203.5499526419269,9.564392000000002e-07
10.626,0.0,203.5495340576987,1.005523e-06
10.626,0.0,203.54911370458024,1.028922e-06
10.626,0.0,203.54868616934635,1.095294e-06
10.626,0.0,203.54827483011968,1.125038e-06
10.626,0.0,203.54786157297193,1.117121e-06
10.626,0.0,203.54743735482776,1.105276e-06
10.626,0.0,203.5470048095881,1.131324e-06
10.626,0.0,203.5465965626868,1.080087e-06
10.626,0.0,203.54616600089977,1.14055e-06
10.626,0.0,203.54575020372087,1.127875e-06
10.626,0.0,203.54532724666896,1.051827e-06
10.626,0.0,203.5449420672764,9.705836e-07
10.626,0.0,203.54449545492065,1.041204e-06
10.626,0.0,203.54405787432728,1.00641e-06
10.626,0.0,203.54367263696736,1.065026e-06
10.626,0.0,203.5432303971293,1.038105e-06
10.626,0.0,203.5428251670401,1.012289e-06
10.626,0.0,203.5424254750172,9.784417000000003e-07
10.626,0.0,203.5419945265,9.267096e-07
10.626,0.0,203.54158651234005,9.559008000000002e-07
10.626,0.0,203.5411556079507,9.321375000000001e-07
10.626,0.0,203.540755678271,9.762298000000002e-07
10.626,0.0,203.54034981514272,9.794312e-07
10.626,0.0,203.5399087692707,9.491923000000001e-07
10.626,0.0,203.5395089038269,9.135692000000001e-07
10.626,0.0,203.5390848607832,9.480282000000001e-07
10.626,0.0,203.53863892415848,9.823561000000001e-07
10.626,0.0,203.5382537221668,1.045599e-06
10.626,0.0,203.5378297306133,1.085253e-06
10.626,0.0,203.53741496502596,1.072534e-06
10.626,0.0,203.53700745769993,1.051158e-06
10.626,0.0,203.53657653006888,1.015971e-06
10.626,0.0,203.53614333609107,7.715134e-07
10.626,0.0,203.53571954794276,1.025663e-06
10.626,0.0,203.53530680130473,8.983188e-07
10.626,0.0,203.53489407071947,1.01226e-06
10.626,0.0,203.5344679506912,1.006469e-06
10.626,0.0,203.53403711602112,1.055596e-06
10.626,0.0,203.53362887723208,1.024717e-06
10.626,0.0,203.53320451882928,1.057299e-06
10.626,0.0,203.53277667965213,1.0355e-06
10.626,0.0,203.53240061853256,1.0535e-06
10.626,0.0,203.53195333805368,1.080771e-06
10.626,0.0,203.53153160496677,1.151871e-06
10.626,0.0,203.531130609637,1.126318e-06
10.626,0.0,203.53072578860125,1.096108e-06
10.626,0.0,203.5302954111658,1.01162e-06
10.626,0.0,203.52987989474616,9.500072000000001e-07
10.626,0.0,203.52947386478328,1.034234e-06
10.626,0.0,203.5290479750552,1.076784e-06
10.626,0.0,203.52861705110533,1.12479e-06
10.626,0.0,203.52821315910097,1.152745e-06
10.626,0.0,203.52780251821184,1.190987e-06
10.626,0.0,203.52735964345413,1.16392e-06
10.626,0.0,203.52693982854487,1.154694e-06
10.626,0.0,203.52654326622385,1.152832e-06
10.626,0.0,203.52610133781576,1.167136e-06
10.626,0.0,203.5256710087588,1.163906e-06
10.626,0.0,203.52527209063084,1.163484e-06
10.626,0.0,203.5248680256568,1.150736e-06
10.626,0.0,203.5244238102717,1.176508e-06
10.626,0.0,203.52402780381064,1.180451e-06
10.626,0.0,203.52360059386567,1.160646e-06
10.626,0.0,203.52315323299837,1.171778e-06
10.626,0.0,203.52276819496333,1.206819e-06
10.626,0.0,203.52234746863311,1.206776e-06
10.626,0.0,203.5219496330964,1.202439e-06
10.626,0.0,203.52152176047124,1.20257e-06
10.626,0.0,203.5210972862088,1.151551e-06
10.626,0.0,203.52068566746323,1.151595e-06
10.626,0.0,203.5202700987253,1.176712e-06
10.626,0.0,203.5198434452573,1.169421e-06
10.626,0.0,203.5194580433781,1.091248e-06
10.626,0.0,203.5190131079828,1.234293e-06
10.626,0.0,203.5185819310788,1.251421e-06
10.626,0.0,203.5181906196445,1.252003e-06
10.626,0.0,203.5177499519818,1.245266e-06
10.626,0.0,203.5173621273376,1.200562e-06
10.626,0.0,203.51694172436183,1.179971e-06
10.626,0.0,203.51651059406845,1.20519e-06
10.626,0.0,203.51608717877752,1.184133e-06
10.626,0.0,203.51567226971585,1.207343e-06
10.626,0.0,203.5152478997064,1.214212e-06
10.626,0.0,203.51481337489315,1.246401e-06
10.626,0.0,203.51439791070376,1.252018e-06
10.626,0.0,203.51397084233855,1.282257e-06
10.626,0.0,203.5135629400964,1.293869e-06
10.626,0.0,203.51312879108224,1.28895e-06
10.626,0.0,203.51272458976857,1.16734e-06
10.626,0.0,203.51230653106424,1.20113e-06
10.626,0.0,203.5118858120832,1.274908e-06
10.626,0.0,203.51148394585985,1.249515e-06
10.626,0.0,203.51104723228073,1.17367e-06
10.626,0.0,203.51066134160493,1.258231e-06
10.626,0.0,203.51021719234336,1.26785e-06
10.626,0.0,203.5098296390104,1.26558e-06
10.626,0.0,203.50941376454088,1.247885e-06
10.626,0.0,203.50899937118697,1.251363e-06
10.626,0.0,203.50857618423825,1.256703e-06
10.626,0.0,203.5081432655764,1.247434e-06
10.626,0.0,203.50773778992712,1.237102e-06
10.626,0.0,203.50732099959447,1.259978e-06
10.626,0.0,203.50689486915053,1.238324e-06
10.626,0.0,203.50646849515235,1.254273e-06
10.626,0.0,203.50603754678096,1.273133e-06
10.626,0.0,203.50562973092437,1.153123e-06
10.626,0.0,203.505205817898,1.138382e-06
10.626,0.0,203.50477832319896,1.143533e-06
10.626,0.0,203.50436032309932,1.230816e-06
10.626,0.0,203.50395564302096,1.289765e-06
10.626,0.0,203.5035214497456,1.264547e-06
10.626,0.0,203.5031134350017,1.288063e-06
10.626,0.0,203.50268559386365,1.270368e-06
10.626,0.0,203.50228511991904,1.285327e-06
10.626,0.0,203.50188264473556,1.238644e-06
10.626,0.0,203.50145839297963,1.261025e-06
10.626,0.0,203.50105035885792,1.214794e-06
10.626,0.0,203.5006239390984,1.185326e-06
10.626,0.0,203.50022123267857,1.191016e-06
10.626,0.0,203.49979216629524,1.19688e-06
10.626,0.0,203.49937277133216,1.210603e-06
10.626,0.0,203.49896943108035,1.234832e-06
10.626,0.0,203.49853415104025,1.272158e-06
10.626,0.0,203.49812627404103,1.213659e-06
10.626,0.0,203.49770145388084,1.184424e-06
10.626,0.0,203.4972861498276,1.157852e-06
10.626,0.0,203.49685670245873,1.153807e-06
10.626,0.0,203.49647139154064,1.205757e-06
10.626,0.0,203.4960278122948,1.229084e-06
10.626,0.0,203.49558717812596,1.254899e-06
10.626,0.0,203.49515634168685,1.284905e-06
10.626,0.0,203.49475645386065,1.286884e-06
10.626,0.0,203.49435068629433,1.193403e-06
10.626,0.0,203.49393211735617,1.085471e-06
10.626,0.0,203.4934844855265,1.080421e-06
10.626,0.0,203.49308541210087,1.25503e-06
10.626,0.0,203.49263929498233,1.278211e-06
10.626,0.0,203.49225387036293,1.266075e-06
10.626,0.0,203.49182956680872,1.346169e-06
10.626,0.0,203.4914361435121,1.324108e-06
10.626,0.0,203.491007003806,1.329216e-06
10.626,0.0,203.49058413450365,1.308377e-06
10.626,0.0,203.49016858525732,1.347464e-06
10.626,0.0,203.48975342236517,1.347653e-06
10.626,0.0,203.48936585099204,1.391367e-06
10.626,0.0,203.48894469919253,1.366716e-06
10.626,0.0,203.48849827866968,1.383902e-06
10.626,0.0,203.4880991611793,1.364606e-06
10.626,0.0,203.48765172047487,1.366308e-06
10.626,0.0,203.48723235573055,1.422071e-06
10.626,0.0,203.48682723216265,1.436449e-06
10.626,0.0,203.48642776798843,1.413107e-06
10.626,0.0,203.4859969798377,1.370732e-06
10.626,0.0,203.48555590676204,1.316308e-06
10.626,0.0,203.485117324944,1.38965e-06
10.626,0.0,203.4847129420212,1.378226e-06
10.626,0.0,203.48429786811613,1.379929e-06
10.626,0.0,203.48388596357776,1.387467e-06
10.626,0.0,203.48348111020488,1.331529e-06
10.626,0.0,203.4830604382828,1.292385e-06
10.626,0.0,203.48264239603287,1.332068e-06
10.626,0.0,203.4822212142201,1.332752e-06
10.626,0.0,203.481833753148,1.35618e-06
10.626,0.0,203.48139368860444,1.383567e-06
10.626,0.0,203.4810030355644,1.374137e-06
10.626,0.0,203.4805705221064,1.271474e-06
10.626,0.0,203.48012944556248,1.300825e-06
10.626,0.0,203.47974761767944,1.358989e-06
10.626,0.0,203.4793128909457,1.355103e-06
10.626,0.0,203.47889948156325,1.358785e-06
10.626,0.0,203.47849305815205,1.298191e-06
10.626,0.0,203.47806261006636,1.392036e-06
10.626,0.0,203.47763479481392,1.389388e-06
10.626,0.0,203.47723599072623,1.34205e-06
10.626,0.0,203.47682099240464,1.278153e-06
10.626,0.0,203.4763851416636,1.030319e-06
10.626,0.0,203.4759830384744,1.279855e-06
10.626,0.0,203.4755592956027,1.241962e-06
10.626,0.0,203.47511584181692,1.292967e-06
10.626,0.0,203.4746885313364,1.292836e-06
10.626,0.0,203.47426281624777,1.278037e-06
10.626,0.0,203.47384654426517,1.254855e-06
10.626,0.0,203.47344033110068,1.254695e-06
10.626,0.0,203.47301634404948,1.273336e-06
10.626,0.0,203.47261684538012,1.251625e-06
10.626,0.0,203.47216839365464,1.184962e-06
10.626,0.0,203.47176936560052,1.160617e-06
10.626,0.0,203.47136499783733,1.166438e-06
10.626,0.0,203.4709438682789,1.166307e-06
10.626,0.0,203.4705356906176,1.13729e-06
10.626,0.0,203.47011012034687,1.091146e-06
10.626,0.0,203.4697028075545,1.098306e-06
10.626,0.0,203.46928754139947,1.132881e-06
10.626,0.0,203.46890032474064,1.142369e-06
10.626,0.0,203.4684534238424,1.133187e-06
10.626,0.0,203.4680296809707,1.104447e-06
10.626,0.0,203.46759536972763,1.12853e-06
10.626,0.0,203.4671836958075,1.095934e-06
10.626,0.0,203.4667684195481,1.047578e-06
10.626,0.0,203.46635315165395,1.011154e-06
10.626,0.0,203.46591122498785,1.005057e-06
10.626,0.0,203.46551148208263,1.041917e-06
10.626,0.0,203.46508749281924,1.050721e-06
10.626,0.0,203.46464124874296,1.056964e-06
10.626,0.0,203.4642397509685,1.011955e-06
10.626,0.0,203.46383209490037,1.032022e-06
10.626,0.0,203.46341702164196,1.065171e-06
10.626,0.0,203.46300945844877,1.058346e-06
10.626,0.0,203.46257901036304,1.040695e-06
10.626,0.0,203.46217104376652,1.000386e-06
10.626,0.0,203.46175575106557,8.700298999999999e-07
10.626,0.0,203.46133221202683,9.920914000000001e-07
10.626,0.0,203.46094675985293,1.057109e-06
10.626,0.0,203.46050082469057,9.865762e-07
10.626,0.0,203.46010233060068,1.028122e-06
10.626,0.0,203.459678593458,1.08892e-06
10.626,0.0,203.4592697510696,1.150518e-06
10.626,0.0,203.45884887026187,1.116787e-06
10.626,0.0,203.45843044048277,1.037857e-06
10.626,0.0,203.45801364364368,1.075678e-06
10.626,0.0,203.4575913676348,1.030203e-06
10.626,0.0,203.45715988655343,9.830692e-07
10.626,0.0,203.4567525152328,9.768846000000002e-07
10.626,0.0,203.45633715105157,1.043372e-06
10.626,0.0,203.45591281462848,1.038672e-06
10.626,0.0,203.4554832223456,7.007038e-07
10.626,0.0,203.4550525482555,7.952331e-07
10.626,0.0,203.45462556997057,8.357893e-07
10.626,0.0,203.45422340170725,8.697534e-07
10.626,0.0,203.45378063812464,8.582283e-07
10.626,0.0,203.45337507632527,8.97242e-07
10.626,0.0,203.45297196703365,8.66683e-07
10.626,0.0,203.4525364540892,7.830095000000001e-07
10.626,0.0,203.4521285034974,8.832285000000001e-07
10.626,0.0,203.45170456789805,9.388168000000001e-07
10.626,0.0,203.45130199638928,8.899515000000001e-07
10.626,0.0,203.45090125789724,8.957577e-07
10.626,0.0,203.45045451382447,9.135547e-07
10.626,0.0,203.45006603934593,8.548523e-07
10.626,0.0,203.44963794056756,9.268988000000001e-07
10.626,0.0,203.44924045730352,8.121133000000001e-07
10.626,0.0,203.44879713121875,7.251656000000001e-07
10.626,0.0,203.44838530553795,9.356881e-07
10.626,0.0,203.44798039359043,9.620999000000001e-07
10.626,0.0,203.44754971810215,9.217620000000001e-07
10.626,0.0,203.4471229774364,8.01534e-07
10.626,0.0,203.44671995586745,8.970965e-07
10.626,0.0,203.44629108924136,9.487558000000002e-07
10.626,0.0,203.4458613535232,9.157666000000001e-07
10.626,0.0,203.44544089152325,4.6081550000000005e-07
10.626,0.0,203.44503294428077,2.5967890000000004e-07
10.626,0.0,203.4446020413899,9.85965e-07
10.626,0.0,203.44417167583967,1.041612e-06
10.626,0.0,203.44378390023405,1.024033e-06
10.626,0.0,203.44334839192084,9.600481000000001e-07
10.626,0.0,203.44296554584128,9.404321000000001e-07
10.626,0.0,203.44252616288105,1.031309e-06
10.626,0.0,203.4421274146418,9.128125000000002e-07
10.626,0.0,203.4417031714833,9.444630000000001e-07
10.626,0.0,203.44126395467356,8.592323999999999e-07
10.626,0.0,203.44087618561687,8.929637000000001e-07
10.626,0.0,203.44045302187263,8.663774e-07
10.626,0.0,203.44004530429712,7.869676e-07
10.626,0.0,203.43961462606424,8.77626e-07
10.626,0.0,203.43918732857128,8.436473000000001e-07
10.626,0.0,203.43879984407903,7.958879e-07
10.626,0.0,203.43836299148668,7.504568e-07
10.626,0.0,203.4379389929906,9.070936e-07
10.626,0.0,203.43754025023236,8.954521e-07
10.626,0.0,203.437098307048,8.878851e-07
10.626,0.0,203.43666717675453,8.465722e-07
10.626,0.0,203.4362680270076,8.215575000000001e-07
10.626,0.0,203.43586323257,7.217458999999999e-07
10.626,0.0,203.43542004097736,8.116040000000001e-07
10.626,0.0,203.43499604796224,8.695642e-07
10.626,0.0,203.4345583506558,8.435891000000001e-07
10.626,0.0,203.43415017553056,8.195929999999999e-07
10.626,0.0,203.4337307781284,8.639763000000001e-07
10.626,0.0,203.4333157798068,8.330679999999999e-07
10.626,0.0,203.43292590879608,8.670468e-07
10.626,0.0,203.4324783471488,8.950592e-07
10.626,0.0,203.432054607,9.148935e-07
10.626,0.0,203.4316558620017,8.881907e-07
10.626,0.0,203.4312323681193,8.701318000000001e-07
10.626,0.0,203.43085111512931,8.874922e-07
10.626,0.0,203.4304102355118,9.512733e-07
10.626,0.0,203.43001039360703,9.717623000000002e-07
10.626,0.0,203.42958664854913,8.739298000000001e-07
10.626,0.0,203.4291428425209,8.736388e-07
10.626,0.0,203.4287467153468,8.354109e-07
10.626,0.0,203.4283311677761,8.026982000000001e-07
10.626,0.0,203.4279161891774,8.242787000000001e-07
10.626,0.0,203.42750101739648,8.789065999999999e-07
10.626,0.0,203.4270664624192,9.163632e-07
10.626,0.0,203.4266357869309,9.366195000000001e-07
10.626,0.0,203.4262134699152,9.406358000000002e-07
10.626,0.0,203.42579734275944,9.148062000000001e-07
10.626,0.0,203.42541070937656,9.369396000000001e-07
10.626,0.0,203.42496252069895,8.701171999999999e-07
10.626,0.0,203.42453960566905,8.687202e-07
10.626,0.0,203.42412015012232,8.532370000000001e-07
10.626,0.0,203.42369408023035,8.022033999999999e-07
10.626,0.0,203.4232923045848,6.944902000000001e-07
10.626,0.0,203.42289159086087,6.870978e-07
10.626,0.0,203.42244506898473,6.219198000000001e-07
10.626,0.0,203.42205700153565,6.505579e-07
10.626,0.0,203.42162986641688,5.711336e-07
10.626,0.0,203.42122913582236,6.825721000000002e-07
10.626,0.0,203.42079909811707,6.113260000000001e-07
10.626,0.0,203.42042404689124,4.81974e-07
10.626,0.0,203.41997642795587,4.6521020000000006e-07
10.626,0.0,203.4195404551168,3.3309330000000003e-07
10.626,0.0,203.4191325066081,4.4336780000000005e-07
10.626,0.0,203.4187091825636,5.370384000000001e-07
10.626,0.0,203.41829391400245,5.148031000000002e-07
10.626,0.0,203.4179064228836,4.6871720000000004e-07
10.626,0.0,203.41747798873783,4.6895000000000003e-07
10.626,0.0,203.4170572274808,4.518079e-07
10.626,0.0,203.4166361768661,4.2567260000000003e-07
10.626,0.0,203.41618950938607,4.793983e-07
10.626,0.0,203.41577424637975,4.5409250000000003e-07
10.626,0.0,203.4153649542148,4.7415960000000004e-07
10.626,0.0,203.41496143782305,3.538735e-07
10.626,0.0,203.41451672037837,4.883041e-07
10.626,0.0,203.41409272502608,5.545153000000001e-07
10.626,0.0,203.41364790167617,5.230977e-07
10.626,0.0,203.41325346700583,5.168113000000001e-07
10.626,0.0,203.41283819737296,4.6829520000000004e-07
10.626,0.0,203.4124223901943,3.086025e-07
10.626,0.0,203.41201399094376,3.872265e-07
10.626,0.0,203.41159022517493,4.6766950000000004e-07
10.626,0.0,203.41117656296575,4.7085630000000005e-07
10.626,0.0,203.4107615712707,2.3700700000000003e-07
10.626,0.0,203.41037407470947,5.314942e-07
10.626,0.0,203.40992980377513,3.5930130000000005e-07
10.626,0.0,203.40953296783988,5.052425000000001e-07
10.626,0.0,203.4091068243052,4.3462210000000006e-07
10.626,0.0,203.4086592779792,3.190653e-07
10.626,0.0,203.40827382540323,3.5206900000000003e-07
10.626,0.0,203.40785385174723,2.8905920000000003e-07
10.626,0.0,203.40743452540633,4.146568e-07
10.626,0.0,203.40700339511287,4.6577770000000005e-07
10.626,0.0,203.40658051386296,4.4003540000000006e-07
10.626,0.0,203.4061638679485,2.592424e-07
10.626,0.0,203.4057398807808,3.0771480000000004e-07
10.626,0.0,203.4053047362634,3.8272990000000005e-07
10.626,0.0,203.4049174015976,4.6893550000000005e-07
10.626,0.0,203.40449365454887,3.490859e-07
10.626,0.0,203.40405617022557,3.257446e-07
10.626,0.0,203.40364822006137,4.6534110000000003e-07
15.626,0.0,203.72416875,2.23799e-05
15.626,0.0,203.72416875,-2.120039e-06
15.626,0.0,203.72409569496935,-1.158129e-06
15.626,0.0,203.72398689461843,-5.484471000000001e-07
15.626,0.0,203.72384841753248,-8.704955999999998e-08
15.626,0.0,203.72365846224025,2.68541e-07
15.626,0.0,203.72343549416445,5.226757e-07
15.626,0.0,203.7231738429436,3.850582e-07
15.626,0.0,203.72288175198227,4.4872290000000005e-07
15.626,0.0,203.72251059515048,5.676266e-07
15.626,0.0,203.7221108314464,7.074559e-07
15.626,0.0,203.7216691860286,7.09726e-07
15.626,0.0,203.7212952979504,7.987255e-07
15.626,0.0,203.72086600703952,8.249481e-07
15.626,0.0,203.72044491229224,8.007918999999999e-07
15.626,0.0,203.72004858965633,8.625939000000001e-07
15.626,0.0,203.71960585243207,9.158684e-07
15.626,0.0,203.71917679914844,9.61998e-07
15.626,0.0,203.71880398843723,1.065549e-06
15.626,0.0,203.71836651502625,1.028762e-06
15.626,0.0,203.7179428043881,9.151991000000001e-07
15.626,0.0,203.71754384901277,1.088294e-06
15.626,0.0,203.71711955033985,1.006818e-06
15.626,0.0,203.71667076127517,1.07396e-06
15.626,0.0,203.71626391900404,9.586074000000002e-07
15.626,0.0,203.7158817015362,1.118169e-06
15.626,0.0,203.71543661305137,1.134584e-06
15.626,0.0,203.71502065365428,1.103006e-06
15.626,0.0,203.71457696008207,1.075052e-06
15.626,0.0,203.7141431855576,1.056891e-06
15.626,0.0,203.7137418400324,1.048931e-06
15.626,0.0,203.71332119428115,1.061489e-06
15.626,0.0,203.7129059361054,1.0152e-06
15.626,0.0,203.7124934420788,1.018256e-06
15.626,0.0,203.71206934999043,9.303767000000002e-07
15.626,0.0,203.71164123657857,9.582582e-07
15.626,0.0,203.7112444041956,9.128562000000001e-07
15.626,0.0,203.7108423319571,9.389041000000001e-07
15.626,0.0,203.71042732550077,9.598007000000001e-07
15.626,0.0,203.70999564675603,1.041888e-06
15.626,0.0,203.70960433409928,1.089909e-06
15.626,0.0,203.70915638366927,1.078675e-06
15.626,0.0,203.708738151138,1.073451e-06
15.626,0.0,203.70833684452728,1.068955e-06
15.626,0.0,203.7079221174668,1.096021e-06
15.626,0.0,203.7074911667127,1.141918e-06
15.626,0.0,203.707069475558,1.193548e-06
15.626,0.0,203.70665224839416,1.140943e-06
15.626,0.0,203.70623303585177,1.164371e-06
15.626,0.0,203.70580266912967,1.155568e-06
15.626,0.0,203.70538071513647,1.102133e-06
15.626,0.0,203.70498600599245,1.091481e-06
15.626,0.0,203.704555347296,1.08112e-06
15.626,0.0,203.70412001374,1.085762e-06
15.626,0.0,203.70371641254357,1.102235e-06
15.626,0.0,203.70329755360723,1.015549e-06
15.626,0.0,203.7028778595728,1.05222e-06
15.626,0.0,203.70248433984108,1.050721e-06
15.626,0.0,203.70206042454873,1.058244e-06
15.626,0.0,203.70163959900955,1.048364e-06
15.626,0.0,203.70121598120951,9.333744e-07
15.626,0.0,203.700833738142,1.031105e-06
15.626,0.0,203.70039030163613,1.078224e-06
15.626,0.0,203.69997376439807,1.061155e-06
15.626,0.0,203.69956855143184,1.176202e-06
15.626,0.0,203.6991349643706,1.096079e-06
15.626,0.0,203.6987300928244,1.10257e-06
15.626,0.0,203.6983282051476,1.051827e-06
15.626,0.0,203.69788517816784,9.68721e-07
15.626,0.0,203.69746033841807,9.943906000000002e-07
15.626,0.0,203.69705257590837,1.036868e-06
15.626,0.0,203.69662189803117,1.038745e-06
15.626,0.0,203.69619610539849,1.084394e-06
15.626,0.0,203.69578302715567,1.069915e-06
15.626,0.0,203.69539265049403,1.058972e-06
15.626,0.0,203.69494636698897,1.067121e-06
15.626,0.0,203.6945129354908,1.050634e-06
15.626,0.0,203.69408244192465,1.040753e-06
15.626,0.0,203.69367514367883,1.02965e-06
15.626,0.0,203.69326074879768,9.780633e-07
15.626,0.0,203.69283589373123,1.032284e-06
15.626,0.0,203.6924505828132,9.450741e-07
15.626,0.0,203.69200470142937,9.105715000000001e-07
15.626,0.0,203.69160600526925,9.205978000000001e-07
15.626,0.0,203.69118193721113,1.01226e-06
15.626,0.0,203.69077281336533,9.741052000000001e-07
15.626,0.0,203.69035256412485,9.390787000000001e-07
15.626,0.0,203.68993371803072,9.268406000000001e-07
15.626,0.0,203.68952574446644,9.774812000000002e-07
15.626,0.0,203.68910106278224,1.080349e-06
15.626,0.0,203.68869076083183,1.082313e-06
15.626,0.0,203.6882755767034,1.083245e-06
15.626,0.0,203.6878406024553,1.069304e-06
15.626,0.0,203.68741650134973,1.006876e-06
15.626,0.0,203.68701706484185,9.750511e-07
15.626,0.0,203.68657740794723,9.031646000000001e-07
15.626,0.0,203.6861468041205,9.492360000000002e-07
15.626,0.0,203.6857457171189,1.044915e-06
15.626,0.0,203.68533885613695,9.700016000000001e-07
15.626,0.0,203.6849228017707,9.565556000000002e-07
15.626,0.0,203.68447463858968,9.656796e-07
15.626,0.0,203.68407567118527,1.035791e-06
15.626,0.0,203.68365160353625,1.072913e-06
15.626,0.0,203.6832451931625,1.006105e-06
15.626,0.0,203.68281882507748,9.891373000000002e-07
15.626,0.0,203.68240488144724,1.016262e-06
15.626,0.0,203.6819979472201,1.005275e-06
15.626,0.0,203.68156712965143,1.009277e-06
15.626,0.0,203.68115895130833,1.021341e-06
15.626,0.0,203.68074156441477,1.029621e-06
15.626,0.0,203.6803352420892,9.926298000000001e-07
15.626,0.0,203.6799344768348,1.023232e-06
15.626,0.0,203.67948691182215,1.048465e-06
15.626,0.0,203.67907258009208,1.011562e-06
15.626,0.0,203.67866417056783,1.052438e-06
15.626,0.0,203.67822039648897,1.057269e-06
15.626,0.0,203.6778326010075,1.080218e-06
15.626,0.0,203.67741718577915,1.03793e-06
15.626,0.0,203.6769865939889,9.839423000000001e-07
15.626,0.0,203.6765786249973,1.039996e-06
15.626,0.0,203.67614586941028,1.049062e-06
15.626,0.0,203.67571227704136,1.038614e-06
15.626,0.0,203.67529959670688,1.088498e-06
15.626,0.0,203.6748625450641,1.144741e-06
15.626,0.0,203.67443880132993,1.081207e-06
15.626,0.0,203.67403970837552,9.622163000000001e-07
15.626,0.0,203.6735978105687,1.092849e-06
15.626,0.0,203.67321266271563,1.120701e-06
15.626,0.0,203.6727793732086,1.168766e-06
15.626,0.0,203.67236936226996,1.111606e-06
15.626,0.0,203.67196584061796,1.170964e-06
15.626,0.0,203.67153468860556,1.1355e-06
15.626,0.0,203.67112685367556,1.077977e-06
15.626,0.0,203.67070226798552,1.061504e-06
15.626,0.0,203.6702879130096,1.169377e-06
15.626,0.0,203.66987598666572,1.098728e-06
15.626,0.0,203.6694524188944,1.081717e-06
15.626,0.0,203.66905360753992,1.057793e-06
15.626,0.0,203.66861046608307,9.750802000000002e-07
15.626,0.0,203.66822499182547,1.107124e-06
15.626,0.0,203.6677944766136,1.095425e-06
15.626,0.0,203.6673793459496,1.095876e-06
15.626,0.0,203.66693421779416,1.165856e-06
15.626,0.0,203.66654770254823,1.002976e-06
15.626,0.0,203.66611180769007,1.043518e-06
15.626,0.0,203.66566339920004,1.050663e-06
15.626,0.0,203.6652466069436,1.071137e-06
15.626,0.0,203.66485856817087,1.060558e-06
15.626,0.0,203.66443832890735,1.153297e-06
15.626,0.0,203.66399104215583,1.146356e-06
15.626,0.0,203.66359880065863,1.107095e-06
15.626,0.0,203.6631679125799,1.089516e-06
15.626,0.0,203.66275985710823,1.00024e-06
15.626,0.0,203.66234509805955,1.071865e-06
15.626,0.0,203.6619436907557,1.098495e-06
15.626,0.0,203.66152236697596,1.059336e-06
15.626,0.0,203.66108211425535,9.930955e-07
15.626,0.0,203.66067458702437,9.414362000000001e-07
15.626,0.0,203.66025968140252,9.857322e-07
15.626,0.0,203.65985199585603,9.620417000000001e-07
15.626,0.0,203.65945023526368,8.565548e-07
15.626,0.0,203.65901944675693,9.610812e-07
15.626,0.0,203.658595163845,1.00513e-06
15.626,0.0,203.65818280515623,1.033754e-06
15.626,0.0,203.6577577627566,1.070759e-06
15.626,0.0,203.65734149538707,1.032138e-06
15.626,0.0,203.65693467726544,1.068285e-06
15.626,0.0,203.65650230548172,1.07396e-06
15.626,0.0,203.65607145288263,1.061562e-06
15.626,0.0,203.65566358960965,1.140463e-06
15.626,0.0,203.65524723527028,1.113483e-06
15.626,0.0,203.6548319378436,1.077438e-06
15.626,0.0,203.6543891128325,1.072811e-06
15.626,0.0,203.6539638901512,1.049324e-06
15.626,0.0,203.6535695407372,1.025328e-06
15.626,0.0,203.6531248383392,1.030072e-06
15.626,0.0,203.65269987169,1.004504e-06
15.626,0.0,203.65229776777045,1.003456e-06
15.626,0.0,203.65189696616767,9.673386e-07
15.626,0.0,203.6514866474194,8.842180000000001e-07
15.626,0.0,203.65106196495145,9.68008e-07
15.626,0.0,203.6506539517929,9.130017000000001e-07
15.626,0.0,203.6502355541108,8.531933000000001e-07
15.626,0.0,203.64981523476513,9.561045e-07
15.626,0.0,203.6494060941851,9.495416000000002e-07
15.626,0.0,203.64898197609833,9.485229000000001e-07
15.626,0.0,203.64855592850336,9.834184e-07
15.626,0.0,203.64813781434873,8.976203e-07
15.626,0.0,203.64771533061247,9.676878e-07
15.626,0.0,203.64730025867684,9.352807e-07
15.626,0.0,203.64691274325,9.311480000000001e-07
15.626,0.0,203.64646437534216,9.000942000000001e-07
15.626,0.0,203.64604072947384,9.814394e-07
15.626,0.0,203.6455986945953,8.980132e-07
15.626,0.0,203.6452135883395,9.780342000000002e-07
15.626,0.0,203.64478033776936,1.061009e-06
15.626,0.0,203.6443651581444,1.063658e-06
15.626,0.0,203.6439628500024,1.036096e-06
15.626,0.0,203.6435362736968,1.101216e-06
15.626,0.0,203.64311063166525,1.065971e-06
15.626,0.0,203.6427035784016,1.14557e-06
15.626,0.0,203.64228797616647,1.120075e-06
15.626,0.0,203.6419001453889,1.11491e-06
15.626,0.0,203.6414528625668,1.137712e-06
15.626,0.0,203.64102922490252,1.033361e-06
15.626,0.0,203.64063058268457,9.761861e-07
15.626,0.0,203.64018321647407,9.792129e-07
15.626,0.0,203.6397950882009,9.587238000000002e-07
15.626,0.0,203.6393800603664,9.203941000000002e-07
15.626,0.0,203.6389563331551,1.043431e-06
15.626,0.0,203.63853739540528,1.014283e-06
15.626,0.0,203.63811720935576,1.031935e-06
15.626,0.0,203.63769061965127,1.0566e-06
15.626,0.0,203.63727854178208,1.021705e-06
15.626,0.0,203.6368873374443,1.101434e-06
15.626,0.0,203.63644143513463,1.015826e-06
15.626,0.0,203.63600888270577,1.058623e-06
15.626,0.0,203.63561900001628,1.132794e-06
15.626,0.0,203.63517025718411,1.137872e-06
15.626,0.0,203.6347549041699,1.038774e-06
15.626,0.0,203.63433919646303,1.023451e-06
15.626,0.0,203.6338998203157,1.05887e-06
15.626,0.0,203.63349931009847,1.151129e-06
15.626,0.0,203.63307527301856,1.13908e-06
15.626,0.0,203.63263364981276,1.12789e-06
15.626,0.0,203.6322344305276,1.136475e-06
15.626,0.0,203.6318193302926,1.081571e-06
15.626,0.0,203.63142873179888,1.106819e-06
15.626,0.0,203.63099894080983,1.066786e-06
15.626,0.0,203.630591131212,9.441865e-07
15.626,0.0,203.6301601638388,1.121109e-06
15.626,0.0,203.62974315288216,1.142456e-06
15.626,0.0,203.62935573851811,1.106368e-06
15.626,0.0,203.62893622933063,1.058754e-06
15.626,0.0,203.62851909160443,1.095163e-06
15.626,0.0,203.62809049197892,1.111664e-06
15.626,0.0,203.6276438394008,1.107357e-06
15.626,0.0,203.6272227004071,7.791386e-07
15.626,0.0,203.6268349591442,4.973263e-07
15.626,0.0,203.62641933676528,5.858456000000001e-07
15.626,0.0,203.6259887121793,1.079447e-06
15.626,0.0,203.6255467678912,1.155509e-06
15.626,0.0,203.6251478916704,1.089677e-06
15.626,0.0,203.62472397834463,1.039589e-06
15.626,0.0,203.62431094273143,9.612995e-07
15.626,0.0,203.62389941042548,1.034554e-06
15.626,0.0,203.62347222855948,1.077584e-06
15.626,0.0,203.6230519237288,1.190914e-06
15.626,0.0,203.62263317328365,1.162553e-06
15.626,0.0,203.62220996971044,1.195411e-06
15.626,0.0,203.62182262418708,1.260167e-06
15.626,0.0,203.62140745910276,1.288689e-06
15.626,0.0,203.6209944962233,1.344786e-06
15.626,0.0,203.62056095835385,1.315348e-06
15.626,0.0,203.6201424713396,1.328212e-06
15.626,0.0,203.61974597029104,1.3026e-06
15.626,0.0,203.61930314449432,1.222827e-06
15.626,0.0,203.618891037492,1.193839e-06
15.626,0.0,203.61848544996104,1.20209e-06
15.626,0.0,203.6180545495468,1.226683e-06
15.626,0.0,203.61764669525195,1.01015e-06
15.626,0.0,203.61722665736096,1.00836e-06
15.626,0.0,203.61679682344297,1.165929e-06
15.626,0.0,203.6163770331869,1.226843e-06
15.626,0.0,203.6159742692168,9.602372e-07
15.626,0.0,203.61553831618625,1.264256e-06
15.626,0.0,203.61510775312908,1.304812e-06
15.626,0.0,203.61467893328643,1.2456e-06
15.626,0.0,203.61426931593903,1.288907e-06
15.626,0.0,203.61385578595105,1.342298e-06
15.626,0.0,203.6134314927639,1.369321e-06
15.626,0.0,203.61301343426385,1.373453e-06
15.626,0.0,203.6125912298088,1.424254e-06
15.626,0.0,203.61216084467745,1.344612e-06
15.626,0.0,203.61177094073153,1.387132e-06
15.626,0.0,203.61136165531488,1.303299e-06
15.626,0.0,203.61095867035567,1.340959e-06
15.626,0.0,203.61052794852117,8.775096e-07
15.626,0.0,203.61011979613613,1.278546e-06
15.626,0.0,203.60969328625927,1.326509e-06
15.626,0.0,203.60928090247435,1.356166e-06
15.626,0.0,203.60886814731313,1.30359e-06
15.626,0.0,203.60844443480687,1.281209e-06
15.626,0.0,203.60802470018828,1.338951e-06
15.626,0.0,203.60760354534065,1.352149e-06
15.626,0.0,203.60717347966775,1.267676e-06
15.626,0.0,203.60675798531932,1.369757e-06
15.626,0.0,203.60633390553755,1.320703e-06
15.626,0.0,203.60592637844152,1.424734e-06
15.626,0.0,203.60550228536903,1.450215e-06
15.626,0.0,203.60506354346796,1.437234e-06
15.626,0.0,203.60465547662224,1.311826e-06
15.626,0.0,203.60423720649615,1.370252e-06
15.626,0.0,203.60382213323427,1.481705e-06
15.626,0.0,203.6034306690076,1.545501e-06
15.626,0.0,203.6029841843262,1.559354e-06
15.626,0.0,203.60259301188583,1.525681e-06
15.626,0.0,203.60216184926517,1.504843e-06
15.626,0.0,203.6017545288956,1.463297e-06
15.626,0.0,203.601339520168,1.446024e-06
15.626,0.0,203.6009155829392,1.347566e-06
15.626,0.0,203.600500552053,1.503358e-06
15.626,0.0,203.60007703431992,1.467881e-06
15.626,0.0,203.59964822794603,1.441833e-06
15.626,0.0,203.59925406272393,1.435314e-06
15.626,0.0,203.59883848286043,1.382024e-06
15.626,0.0,203.59839962714193,1.399603e-06
15.626,0.0,203.59799892801416,1.419277e-06
15.626,0.0,203.59757485995604,1.437962e-06
15.626,0.0,203.59717553883803,1.431545e-06
15.626,0.0,203.5967340549493,1.399152e-06
15.626,0.0,203.59631847958485,1.523062e-06
15.626,0.0,203.59590441941515,1.519322e-06
15.626,0.0,203.5954976366596,1.496766e-06
15.626,0.0,203.5950670592548,1.395005e-06
15.626,0.0,203.59463303594393,1.39224e-06
15.626,0.0,203.59418610852453,1.4135e-06
15.626,0.0,203.59379759596212,1.368142e-06
15.626,0.0,203.5933831532164,1.348904e-06
15.626,0.0,203.59295874990283,1.391105e-06
15.626,0.0,203.59253973330783,1.432636e-06
15.626,0.0,203.59211973555327,1.451466e-06
15.626,0.0,203.591716071537,1.425768e-06
15.626,0.0,203.5913060056588,1.41855e-06
15.626,0.0,203.59087303260836,1.417342e-06
15.626,0.0,203.5904696385685,1.431661e-06
15.626,0.0,203.5900454514026,1.419699e-06
15.626,0.0,203.58964650901257,1.42699e-06
15.626,0.0,203.5892009339917,1.407825e-06
15.626,0.0,203.58879887914696,1.287946e-06
15.626,0.0,203.5883982288276,1.233348e-06
15.626,0.0,203.58797130728271,1.204506e-06
15.626,0.0,203.58752802314007,1.308596e-06
15.626,0.0,203.5871291583998,1.264663e-06
15.626,0.0,203.58670524042773,1.234162e-06
15.626,0.0,203.5862661568723,1.234497e-06
15.626,0.0,203.58585762961255,1.214925e-06
15.626,0.0,203.58545530663005,1.270731e-06
15.626,0.0,203.5850246993625,1.360007e-06
15.626,0.0,203.58458675315416,1.260356e-06
15.626,0.0,203.5841864927492,1.181237e-06
15.626,0.0,203.58377429555753,1.47472e-06
15.626,0.0,203.58334704517105,1.433291e-06
15.626,0.0,203.58294071125133,1.509106e-06
15.626,0.0,203.5825170934513,1.479842e-06
15.626,0.0,203.58211802123589,1.412162e-06
15.626,0.0,203.5816692027232,1.436158e-06
15.626,0.0,203.58128408896405,1.418957e-06
15.626,0.0,203.58086630300255,1.421504e-06
15.626,0.0,203.58044520901933,1.433087e-06
15.626,0.0,203.58002726008772,1.310967e-06
15.626,0.0,203.57960649484733,1.229535e-06
15.626,0.0,203.57917761271963,1.328241e-06
15.626,0.0,203.57876838190617,1.30797e-06
15.626,0.0,203.5783541912508,1.338107e-06
15.626,0.0,203.577930148207,1.355147e-06
15.626,0.0,203.57753151195288,1.351073e-06
15.626,0.0,203.57709017583105,1.319611e-06
15.626,0.0,203.5766592731457,1.342778e-06
15.626,0.0,203.5762590848045,1.374821e-06
15.626,0.0,203.57585399105773,1.388951e-06
15.626,0.0,203.57543444685984,1.314125e-06
15.626,0.0,203.57498713458244,1.303823e-06
15.626,0.0,203.57454994655575,1.290842e-06
15.626,0.0,203.57416429337707,1.302513e-06
15.626,0.0,203.57372097889535,1.301392e-06
15.626,0.0,203.5733058760252,1.265493e-06
15.626,0.0,203.57291830152496,1.277425e-06
15.626,0.0,203.57248773424527,1.25631e-06
15.626,0.0,203.572045887979,1.198991e-06
15.626,0.0,203.57164906162816,1.245324e-06
15.626,0.0,203.5712291665416,1.146516e-06
15.626,0.0,203.57084181643083,1.178036e-06
15.626,0.0,203.5703988562526,1.193926e-06
15.626,0.0,203.56998824899216,1.167136e-06
15.626,0.0,203.5695782332967,1.15922e-06
15.626,0.0,203.5691358683584,1.168708e-06
15.626,0.0,203.5687372496392,1.184977e-06
15.626,0.0,203.56832151008948,1.184133e-06
15.626,0.0,203.5679074140781,1.204171e-06
15.626,0.0,203.56750067883812,1.203167e-06
15.626,0.0,203.56705982827725,1.151609e-06
15.626,0.0,203.5666358110336,1.149878e-06
15.626,0.0,203.5661891642455,1.165361e-06
15.626,0.0,203.56580166650008,1.200839e-06
15.626,0.0,203.565386597198,1.203167e-06
15.626,0.0,203.56496165386605,1.191409e-06
15.626,0.0,203.56455354789205,1.212757e-06
15.626,0.0,203.5641181106424,1.237757e-06
15.626,0.0,203.56371476649724,1.14557e-06
15.626,0.0,203.5632958494163,1.158609e-06
15.626,0.0,203.56287643882928,1.151144e-06
15.626,0.0,203.56247339524745,1.148845e-06
15.626,0.0,203.56203766094063,1.147622e-06
15.626,0.0,203.56162934395212,1.178691e-06
15.626,0.0,203.5612051560865,1.142194e-06
15.626,0.0,203.5607895538932,1.148815e-06
15.626,0.0,203.56040189601168,1.184206e-06
15.626,0.0,203.55997421673064,1.118344e-06
15.626,0.0,203.55953076725228,1.121458e-06
15.626,0.0,203.55913534337685,1.145381e-06
15.626,0.0,203.55871273323447,1.092092e-06
15.626,0.0,203.55829668010708,1.068373e-06
15.626,0.0,203.55788180485575,1.023247e-06
15.626,0.0,203.5574577331108,1.102249e-06
15.626,0.0,203.55704962878968,1.105713e-06
15.626,0.0,203.5566187514775,1.075066e-06
15.626,0.0,203.5561922040046,1.103923e-06
15.626,0.0,203.5557658441664,1.083768e-06
15.626,0.0,203.5553891097275,1.081105e-06
15.626,0.0,203.55494300517097,1.053369e-06
15.626,0.0,203.55450996543752,1.044769e-06
15.626,0.0,203.55407879508527,1.023014e-06
15.626,0.0,203.55364956784385,1.036125e-06
15.626,0.0,203.55325562691596,1.051405e-06
15.626,0.0,203.55284057963328,9.586074000000002e-07
15.626,0.0,203.55241241493857,1.027583e-06
15.626,0.0,203.55200497492228,1.01664e-06
15.626,0.0,203.55158219131616,9.866344e-07
15.626,0.0,203.55116626611812,9.022042000000001e-07
15.626,0.0,203.55076739461572,9.851501000000002e-07
15.626,0.0,203.55036275374513,1.072971e-06
15.626,0.0,203.5499192585117,1.085369e-06
15.626,0.0,203.5495244144122,1.095468e-06
15.626,0.0,203.54909652745008,1.085689e-06
15.626,0.0,203.5486726361225,1.096778e-06
15.626,0.0,203.5482642669718,1.10417e-06
15.626,0.0,203.5478425565564,1.027889e-06
15.626,0.0,203.54742553533407,9.732903e-07
15.626,0.0,203.5469947008112,1.219858e-06
15.626,0.0,203.5465862928617,1.181979e-06
15.626,0.0,203.546155253822,1.164546e-06
15.626,0.0,203.5457369356402,1.174674e-06
15.626,0.0,203.54530637404176,1.066903e-06
15.626,0.0,203.5448860505037,1.145992e-06
15.626,0.0,203.5444837622721,1.13745e-06
15.626,0.0,203.54404706415772,9.396463000000002e-07
15.626,0.0,203.54366087844653,7.999333e-07
15.626,0.0,203.5432165441124,9.585929e-07
15.626,0.0,203.5428130484663,1.01162e-06
15.626,0.0,203.54241391696985,1.02981e-06
15.626,0.0,203.54198391557108,1.042907e-06
15.626,0.0,203.54157599802184,1.025968e-06
15.626,0.0,203.54114280241805,1.032357e-06
15.626,0.0,203.54073720968057,9.276409e-07
15.626,0.0,203.54033693617495,1.017994e-06
15.626,0.0,203.5398935822964,9.803334e-07
15.626,0.0,203.53948431798472,9.404466000000001e-07
15.626,0.0,203.53907326605687,9.358191e-07
15.626,0.0,203.53862810921407,1.003558e-06
15.626,0.0,203.53822485250512,1.039472e-06
15.626,0.0,203.53781540248173,1.011009e-06
15.626,0.0,203.5374019175015,1.054141e-06
15.626,0.0,203.53699550133865,9.918149e-07
15.626,0.0,203.53656471048453,1.046894e-06
15.626,0.0,203.53613039427665,1.069944e-06
15.626,0.0,203.5356828897132,1.096618e-06
15.626,0.0,203.5352829335475,1.078224e-06
15.626,0.0,203.5348804691134,1.047592e-06
15.626,0.0,203.53445674933965,1.02575e-06
15.626,0.0,203.53401152983196,1.085646e-06
15.626,0.0,203.53361780804576,1.041597e-06
15.626,0.0,203.53319094501703,1.017761e-06
15.626,0.0,203.53274809142653,1.006832e-06
15.626,0.0,203.532348171029,9.230716000000001e-07
15.626,0.0,203.5319421967122,1.055494e-06
15.626,0.0,203.53152219097743,1.044362e-06
15.626,0.0,203.53110055557417,1.109103e-06
15.626,0.0,203.53069452377025,1.14819e-06
15.626,0.0,203.5302818655064,1.165186e-06
15.626,0.0,203.52987190820244,1.151231e-06
15.626,0.0,203.52946796877447,1.074965e-06
15.626,0.0,203.5290241282508,1.07396e-06
15.626,0.0,203.5286290772418,1.073073e-06
15.626,0.0,203.5282049300442,1.098844e-06
15.626,0.0,203.52776199969887,1.101187e-06
15.626,0.0,203.5273468412412,1.129665e-06
15.626,0.0,203.5269493249612,1.131673e-06
15.626,0.0,203.52652150048925,1.124339e-06
15.626,0.0,203.526082832602,1.134016e-06
15.626,0.0,203.52565871060096,1.069275e-06
15.626,0.0,203.52525163009025,1.129272e-06
15.626,0.0,203.52483635648943,1.138935e-06
15.626,0.0,203.52441184839807,1.18812e-06
15.626,0.0,203.52399751718545,1.158696e-06
15.626,0.0,203.52357379448088,1.116918e-06
15.626,0.0,203.5231449036662,1.15548e-06
15.626,0.0,203.5227492967961,1.158231e-06
15.626,0.0,203.5223340294088,1.1597e-06
15.626,0.0,203.5219393188165,1.164022e-06
15.626,0.0,203.5215106037761,1.168955e-06
15.626,0.0,203.52108735270767,1.120541e-06
15.626,0.0,203.5206727884955,1.127657e-06
15.626,0.0,203.52025735209992,1.023538e-06
15.626,0.0,203.5198330844712,1.103559e-06
15.626,0.0,203.51942578123476,1.154462e-06
15.626,0.0,203.5189942620196,1.155306e-06
15.626,0.0,203.51860319776185,1.192282e-06
15.626,0.0,203.51815559332812,1.162727e-06
15.626,0.0,203.51773723315017,1.187873e-06
15.626,0.0,203.51734943629975,1.208828e-06
15.626,0.0,203.516931386316,1.172273e-06
15.626,0.0,203.51648336215808,1.201537e-06
15.626,0.0,203.5160694928424,1.205059e-06
15.626,0.0,203.51566074597548,1.226232e-06
15.626,0.0,203.51521653589097,1.244582e-06
15.626,0.0,203.5148009062056,1.256878e-06
15.626,0.0,203.51438580333536,1.256616e-06
15.626,0.0,203.513978525493,1.251261e-06
15.626,0.0,203.51354151227963,1.219683e-06
15.626,0.0,203.5131176443362,1.216555e-06
15.626,0.0,203.51271418793823,1.114517e-06
15.626,0.0,203.51228107182024,7.128110000000001e-07
15.626,0.0,203.51187104592825,2.1859890000000002e-07
15.626,0.0,203.51146729420472,1.663429e-07
15.626,0.0,203.51103655591737,2.451416e-07
15.626,0.0,203.5106284717532,1.171793e-06
15.626,0.0,203.51020430674907,1.302702e-06
15.626,0.0,203.5098165337752,1.212538e-06
15.626,0.0,203.50940118467815,1.177381e-06
15.626,0.0,203.50897322540865,9.3368e-07
15.626,0.0,203.50856507844532,8.347124000000001e-07
15.626,0.0,203.5081306679988,1.337903e-06
15.626,0.0,203.50770669493932,1.273947e-06
15.626,0.0,203.5072952767165,1.290042e-06
15.626,0.0,203.50688057206696,1.231761e-06
15.626,0.0,203.50645672447027,1.270018e-06
15.626,0.0,203.5060260035015,1.186389e-06
15.626,0.0,203.50558798967668,1.232998e-06
15.626,0.0,203.50518722110877,1.271605e-06
15.626,0.0,203.50476532539196,1.265114e-06
15.626,0.0,203.50434853119984,1.323788e-06
15.626,0.0,203.5039425960654,1.339562e-06
15.626,0.0,203.5035098402208,1.334964e-06
15.626,0.0,203.5031199310187,1.339227e-06
15.626,0.0,203.50267138034792,1.347013e-06
15.626,0.0,203.5022725001032,1.363747e-06
15.626,0.0,203.50186881415263,1.263368e-06
15.626,0.0,203.501447195366,1.049644e-06
15.626,0.0,203.50103885845417,1.34838e-06
15.626,0.0,203.50060800364864,1.333014e-06
15.626,0.0,203.50020304165304,1.280583e-06
15.626,0.0,203.4997912708556,1.255234e-06
15.626,0.0,203.4993612053124,1.22466e-06
15.626,0.0,203.49895693356007,1.215754e-06
15.626,0.0,203.49853314389463,1.216657e-06
15.626,0.0,203.49809223039847,1.21574e-06
15.626,0.0,203.49768550522992,1.244276e-06
15.626,0.0,203.4972718772777,1.282315e-06
15.626,0.0,203.49686275048927,1.298758e-06
15.626,0.0,203.4964596663391,1.294582e-06
15.626,0.0,203.49601491821488,1.232664e-06
15.626,0.0,203.4955755455168,1.195687e-06
15.626,0.0,203.4951446624882,1.189284e-06
15.626,0.0,203.49472379060944,1.207212e-06
15.626,0.0,203.49431974530532,1.235356e-06
15.626,0.0,203.4939203011936,1.260443e-06
15.626,0.0,203.49347161749387,1.235108e-06
15.626,0.0,203.4930676030552,1.239314e-06
15.626,0.0,203.49264865237168,1.218708e-06
15.626,0.0,203.49220317653928,1.232343e-06
15.626,0.0,203.4918152990496,1.23716e-06
15.626,0.0,203.49140341333828,1.275679e-06
15.626,0.0,203.4910030317048,1.27728e-06
15.626,0.0,203.49056460853788,1.271866e-06
15.626,0.0,203.4901567745165,1.360109e-06
15.626,0.0,203.48973903815096,1.267414e-06
15.626,0.0,203.4893329607569,1.260472e-06
15.626,0.0,203.4889328855614,1.333145e-06
15.626,0.0,203.4884853308913,1.375069e-06
15.626,0.0,203.48808638850127,1.303648e-06
15.626,0.0,203.48766277084388,1.274442e-06
15.626,0.0,203.4872192315594,1.104898e-06
15.626,0.0,203.4868034272181,1.351669e-06
15.626,0.0,203.48639099243283,1.340115e-06
15.626,0.0,203.48598543655825,1.336724e-06
15.626,0.0,203.48554318680468,1.356282e-06
15.626,0.0,203.48510695808645,1.37258e-06
15.626,0.0,203.48472092405433,1.370645e-06
15.626,0.0,203.4842833982763,1.359003e-06
15.626,0.0,203.4838732920416,1.335124e-06
15.626,0.0,203.4834694359056,1.343491e-06
15.626,0.0,203.48303875759817,1.295426e-06
15.626,0.0,203.48263055795837,1.305176e-06
15.626,0.0,203.48220674538737,1.316599e-06
15.626,0.0,203.48179171193829,1.346591e-06
15.626,0.0,203.48140383882355,1.376058e-06
15.626,0.0,203.48095629755292,1.376597e-06
15.626,0.0,203.4805574051916,1.402004e-06
15.626,0.0,203.48013356226247,1.398643e-06
15.626,0.0,203.47972874939413,1.398832e-06
15.626,0.0,203.47929863224456,1.376684e-06
15.626,0.0,203.47888295411056,1.359847e-06
15.626,0.0,203.47845878710697,1.338747e-06
15.626,0.0,203.478050844806,1.352877e-06
15.626,0.0,203.47761506099025,1.348089e-06
15.626,0.0,203.47721198970848,1.33102e-06
15.626,0.0,203.47680633165507,1.1417e-06
15.626,0.0,203.47636300855007,1.282009e-06
15.626,0.0,203.4759424680907,1.316963e-06
15.626,0.0,203.4755461006069,1.304201e-06
15.626,0.0,203.4751036174772,1.337467e-06
15.626,0.0,203.47467387356667,1.278153e-06
15.626,0.0,203.47424936818268,1.258755e-06
15.626,0.0,203.47383386223296,1.134002e-06
15.626,0.0,203.47342688899948,1.149674e-06
15.626,0.0,203.4729954735861,1.217108e-06
15.626,0.0,203.47258752044172,1.20679e-06
15.626,0.0,203.47215707777772,1.236942e-06
15.626,0.0,203.47175691810895,1.15794e-06
15.626,0.0,203.47135088931665,1.110529e-06
15.626,0.0,203.47093210272897,1.22303e-06
15.626,0.0,203.4705243772768,1.160297e-06
15.626,0.0,203.47008619678832,1.172695e-06
15.626,0.0,203.46968575406584,1.13128e-06
15.626,0.0,203.46927426984092,1.113236e-06
15.626,0.0,203.4688471347235,1.106397e-06
15.626,0.0,203.46844123192173,1.012697e-06
15.626,0.0,203.46800851306563,1.09784e-06
15.626,0.0,203.46757783757732,1.082968e-06
15.626,0.0,203.46717000384288,1.100532e-06
15.626,0.0,203.4667545976673,1.170192e-06
15.626,0.0,203.46633960389667,1.120934e-06
15.626,0.0,203.4658965557497,1.132517e-06
15.626,0.0,203.4654862806997,1.246677e-06
15.626,0.0,203.46507604590113,1.242224e-06
15.626,0.0,203.46463400135545,1.209468e-06
15.626,0.0,203.46423492621497,1.23182e-06
15.626,0.0,203.4638196583362,1.281689e-06
15.626,0.0,203.46340582486724,1.279303e-06
15.626,0.0,203.46299905218208,1.265158e-06
15.626,0.0,203.46255834245383,1.274078e-06
15.626,0.0,203.46215959684844,1.268563e-06
15.626,0.0,203.46173585397673,1.252934e-06
15.626,0.0,203.46132158377932,1.24675e-06
15.626,0.0,203.4609127775325,1.251057e-06
15.626,0.0,203.46048295653915,1.204055e-06
15.626,0.0,203.46007500945697,1.229273e-06
15.626,0.0,203.45964433735745,1.261826e-06
15.626,0.0,203.4592431537596,1.256063e-06
15.626,0.0,203.45883643155,1.306456e-06
15.626,0.0,203.45842049422728,1.283843e-06
15.626,0.0,203.4580047299392,1.27047e-06
15.626,0.0,203.4575726825824,1.137872e-06
15.626,0.0,203.4571312042616,1.12236e-06
15.626,0.0,203.45674994922896,1.199369e-06
15.626,0.0,203.4563156433676,1.190798e-06
15.626,0.0,203.45590037422176,1.134715e-06
15.626,0.0,203.45547281747716,1.128501e-06
15.626,0.0,203.45503130103012,1.115157e-06
15.626,0.0,203.45462289606144,1.132008e-06
15.626,0.0,203.4541974363944,1.07009e-06
15.626,0.0,203.45378189545016,1.078603e-06
15.626,0.0,203.45335337538137,1.065171e-06
15.626,0.0,203.45294809022425,1.071923e-06
15.626,0.0,203.4525241024731,1.046472e-06
15.626,0.0,203.45212536019773,9.899813e-07
15.626,0.0,203.45170137236832,1.057168e-06
15.626,0.0,203.45129022958187,1.100008e-06
15.626,0.0,203.4508741742065,1.072127e-06
15.626,0.0,203.45045114877857,1.024688e-06
15.626,0.0,203.4500432037786,1.085165e-06
15.626,0.0,203.4496123035868,1.077278e-06
15.626,0.0,203.44920766639208,1.036969e-06
15.626,0.0,203.448796436353,1.019434e-06
15.626,0.0,203.4483814512845,9.958749e-07
15.626,0.0,203.44797515725045,1.015302e-06
15.626,0.0,203.44753744535817,1.039254e-06
15.626,0.0,203.44711370713728,1.015549e-06
15.626,0.0,203.44666530366047,1.008331e-06
15.626,0.0,203.44626596659964,9.340147e-07
15.626,0.0,203.44586177854535,9.617943000000001e-07
15.626,0.0,203.4454414659142,9.884388e-07
15.626,0.0,203.4450107870002,1.011314e-06
15.626,0.0,203.44460238789807,9.979121e-07
15.626,0.0,203.4441726486784,9.942451e-07
15.626,0.0,203.44374876607287,9.744399e-07
15.626,0.0,203.443350025437,9.560172000000002e-07
15.626,0.0,203.44292578660293,8.036295000000001e-07
15.626,0.0,203.4425267882204,9.388605000000002e-07
15.626,0.0,203.44208606525328,9.181094000000001e-07
15.626,0.0,203.4416565064662,8.973438999999999e-07
15.626,0.0,203.44126465612345,9.344076e-07
15.626,0.0,203.4408491019262,9.104697000000002e-07
15.626,0.0,203.44045089539253,8.044153000000001e-07
15.626,0.0,203.4400233751003,8.085480999999999e-07
15.626,0.0,203.4395848442484,7.966883e-07
15.626,0.0,203.43918475696387,7.764611e-07
15.626,0.0,203.43876235686832,8.056668e-07
15.626,0.0,203.4383461286784,7.725174999999999e-07
15.626,0.0,203.4379398739543,8.200440999999999e-07
15.626,0.0,203.43750728348655,8.394126999999999e-07
15.626,0.0,203.43708407651584,7.754279000000001e-07
15.626,0.0,203.4366682000488,7.537310000000001e-07
15.626,0.0,203.4362528125997,8.164352e-07
15.626,0.0,203.43582041512937,8.017813999999999e-07
15.626,0.0,203.43539822456356,7.038325000000001e-07
15.626,0.0,203.4349974337824,7.586059e-07
15.626,0.0,203.43455914959227,7.610797e-07
15.626,0.0,203.4341284710592,7.754279000000001e-07
15.626,0.0,203.43370397237544,8.288771e-07
15.626,0.0,203.43331648517253,8.19884e-07
15.626,0.0,203.432877470584,7.766503e-07
15.626,0.0,203.43245397785563,8.264324e-07
15.626,0.0,203.4320552323244,8.154602000000001e-07
15.626,0.0,203.43161707708504,7.777853e-07
15.626,0.0,203.43123300057655,7.708441000000001e-07
15.626,0.0,203.4308192117657,7.989147e-07
15.626,0.0,203.4304093225152,8.072675e-07
15.626,0.0,203.42998013374964,8.803909000000001e-07
15.626,0.0,203.42957196072345,8.821953000000001e-07
15.626,0.0,203.4291514780097,7.808703e-07
15.626,0.0,203.4287065107019,8.189818e-07
15.626,0.0,203.42832924300603,8.298520999999999e-07
15.626,0.0,203.427904027888,7.853814000000001e-07
15.626,0.0,203.42747557440023,6.517948e-07
15.626,0.0,203.42703226932824,6.899209000000001e-07
15.626,0.0,203.4266365011065,8.678326e-07
15.626,0.0,203.4262137865861,7.897033e-07
15.626,0.0,203.42577101486003,8.227071000000001e-07
15.626,0.0,203.42535547,8.644274000000001e-07
15.626,0.0,203.42495567141617,9.296346000000001e-07
15.626,0.0,203.4245283579148,9.222567000000002e-07
15.626,0.0,203.42410339509084,8.536299000000001e-07
15.626,0.0,203.42369439146844,8.654606e-07
15.626,0.0,203.42327912846207,8.955685e-07
15.626,0.0,203.42289135940544,9.035139e-07
15.626,0.0,203.42246566413328,8.902862000000001e-07
15.626,0.0,203.42204592475247,8.963252e-07
15.626,0.0,203.42162261977168,9.225187e-07
15.626,0.0,203.421174445908,9.099313000000001e-07
15.626,0.0,203.42079963717936,8.97955e-07
15.626,0.0,203.42037113054283,8.977222e-07
15.626,0.0,203.41994888554368,8.878269e-07
15.626,0.0,203.41954093716748,8.939387000000001e-07
15.626,0.0,203.41911026710088,9.585347e-07
15.626,0.0,203.41868200092367,8.893549000000001e-07
15.626,0.0,203.41829422524052,9.76841e-07
15.626,0.0,203.41787896223417,9.475043000000001e-07
15.626,0.0,203.41747329047513,9.868527000000002e-07
15.626,0.0,203.4170357055056,9.709620000000001e-07
15.626,0.0,203.41659439908048,9.493815000000001e-07
15.626,0.0,203.41616414586812,8.793576999999999e-07
15.626,0.0,203.4157753914313,9.099313000000001e-07
15.626,0.0,203.41536012179844,9.671057000000002e-07
15.626,0.0,203.41491724725424,8.742645000000001e-07
15.626,0.0,203.41449350438248,8.739880000000001e-07
15.626,0.0,203.41406521566256,9.429496e-07
15.626,0.0,203.41364739800483,9.60601e-07
15.626,0.0,203.4132273195192,9.698706e-07
15.626,0.0,203.4128220326317,9.390787000000001e-07
15.626,0.0,203.4124226501852,9.669893000000002e-07
15.626,0.0,203.4119743027088,9.650103000000002e-07
15.626,0.0,203.41158402697425,9.724317e-07
15.626,0.0,203.411154426269,9.140349e-07
15.626,0.0,203.41076188666665,8.345378e-07
15.626,0.0,203.41031911892625,9.386131000000001e-07
15.626,0.0,203.40992798660133,9.425712000000001e-07
15.626,0.0,203.4095058446164,9.552896000000002e-07
15.626,0.0,203.40907571139155,1.011213e-06
15.626,0.0,203.4086590780276,9.645009000000001e-07
15.626,0.0,203.40824165901049,8.648494000000001e-07
15.626,0.0,203.4078356296412,9.619835000000001e-07
15.626,0.0,203.40743546226213,9.224605e-07
15.626,0.0,203.40700479032964,9.042851000000001e-07
15.626,0.0,203.40656439953435,9.217474000000002e-07
15.626,0.0,203.40612003124568,9.282667000000001e-07
15.626,0.0,203.40573435248447,9.041833e-07
15.626,0.0,203.40530560637615,8.6824e-07
15.626,0.0,203.4048897844952,8.285133e-07
15.626,0.0,203.40446414817396,8.283387e-07
15.626,0.0,203.4040559730487,6.719201e-07
15.626,0.0,203.40362095703657,6.734481000000001e-07
20.626,0.0,203.72416875,2.227083e-05
20.626,0.0,203.72416875,-2.367975e-06
20.626,0.0,203.72409550499987,-1.410692e-06
20.626,0.0,203.72398683023303,-8.007773e-07
20.626,0.0,203.7238467536509,-3.406894e-07
20.626,0.0,203.7236515456932,1.3998940000000001e-08
20.626,0.0,203.72342836687585,2.862216e-07
20.626,0.0,203.7231801824344,3.370806e-07
20.626,0.0,203.72288934735127,3.9873700000000006e-07
20.626,0.0,203.7224992003062,4.962494000000001e-07
20.626,0.0,203.72211643341,6.307673e-07
20.626,0.0,203.7216676435781,6.642949000000001e-07
20.626,0.0,203.72129337793604,7.444614000000001e-07
20.626,0.0,203.72086418882208,8.634233000000001e-07
20.626,0.0,203.7204432336489,8.483475999999999e-07
20.626,0.0,203.7200354118713,8.637289000000001e-07
20.626,0.0,203.71960455761683,8.697534e-07
20.626,0.0,203.719199296463,8.844363e-07
20.626,0.0,203.7187871465221,9.161449e-07
20.626,0.0,203.7183765921508,1.0152e-06
20.626,0.0,203.717972479317,1.034816e-06
20.626,0.0,203.7175292631716,1.056789e-06
20.626,0.0,203.71710529849835,1.021501e-06
20.626,0.0,203.7167029509412,1.070526e-06
20.626,0.0,203.71626737535345,1.060092e-06
20.626,0.0,203.71585164263223,1.046545e-06
20.626,0.0,203.71543321422865,1.063498e-06
20.626,0.0,203.71499515253296,1.029955e-06
20.626,0.0,203.71458387505,1.113323e-06
20.626,0.0,203.71416461451597,1.142369e-06
20.626,0.0,203.71372116768327,1.067092e-06
20.626,0.0,203.71331699715753,1.127017e-06
20.626,0.0,203.71291835444495,1.095977e-06
20.626,0.0,203.71248765536828,1.009306e-06
20.626,0.0,203.7120798914947,1.015695e-06
20.626,0.0,203.71164729141887,1.045497e-06
20.626,0.0,203.71124113148488,1.012799e-06
20.626,0.0,203.7108416116088,9.819341000000001e-07
20.626,0.0,203.71040218011817,7.720372999999999e-07
20.626,0.0,203.710001768308,8.954376e-07
20.626,0.0,203.70957776028425,8.810457000000001e-07
20.626,0.0,203.70917773660736,1.009263e-06
20.626,0.0,203.70873627696864,9.717623000000002e-07
20.626,0.0,203.70833076932817,1.043649e-06
20.626,0.0,203.70793078879805,1.111315e-06
20.626,0.0,203.7074999930475,1.075343e-06
20.626,0.0,203.70705943900896,1.029592e-06
20.626,0.0,203.70666116219112,1.089138e-06
20.626,0.0,203.7062441960829,1.050736e-06
20.626,0.0,203.7058012201998,1.090331e-06
20.626,0.0,203.7053856088928,1.174732e-06
20.626,0.0,203.7049782356881,1.182852e-06
20.626,0.0,203.704552886242,1.116641e-06
20.626,0.0,203.70412194696675,1.110529e-06
20.626,0.0,203.70371829642505,1.110704e-06
20.626,0.0,203.70330861679105,1.127788e-06
20.626,0.0,203.70289565390857,1.100052e-06
20.626,0.0,203.702489974154,1.030043e-06
20.626,0.0,203.7020481090917,9.935175e-07
20.626,0.0,203.70164926175613,1.0441e-06
20.626,0.0,203.70120372300417,1.105931e-06
20.626,0.0,203.70081189714273,1.123e-06
20.626,0.0,203.70040028906445,1.062203e-06
20.626,0.0,203.69997281602224,1.062668e-06
20.626,0.0,203.69955261046053,1.075503e-06
20.626,0.0,203.69913392459463,1.055596e-06
20.626,0.0,203.6987106043426,1.02655e-06
20.626,0.0,203.69829488739265,1.061009e-06
20.626,0.0,203.69790740551693,1.00724e-06
20.626,0.0,203.69745964643815,9.770883e-07
20.626,0.0,203.69706102666473,1.0691e-06
20.626,0.0,203.6966175326912,1.040549e-06
20.626,0.0,203.69619101406488,1.047694e-06
20.626,0.0,203.69579000073404,1.063148e-06
20.626,0.0,203.6953880933995,1.032691e-06
20.626,0.0,203.69494217075373,1.033914e-06
20.626,0.0,203.69451801421008,1.003282e-06
20.626,0.0,203.6940780939032,1.029795e-06
20.626,0.0,203.69366979145417,1.105291e-06
20.626,0.0,203.69325485991936,1.128195e-06
20.626,0.0,203.69284728302247,1.092907e-06
20.626,0.0,203.6924455358464,1.119421e-06
20.626,0.0,203.69201463237465,1.096443e-06
20.626,0.0,203.69160660561653,1.126653e-06
20.626,0.0,203.69117723324092,1.116685e-06
20.626,0.0,203.69076756329827,1.076885e-06
20.626,0.0,203.69037430572652,1.061708e-06
20.626,0.0,203.68992988741832,1.048684e-06
20.626,0.0,203.689531320509,1.02284e-06
20.626,0.0,203.68910734192184,1.09979e-06
20.626,0.0,203.6886599657105,1.058725e-06
20.626,0.0,203.6882692962736,1.069769e-06
20.626,0.0,203.68785394325937,1.143329e-06
20.626,0.0,203.68743486914832,1.166176e-06
20.626,0.0,203.68701805784724,1.146094e-06
20.626,0.0,203.6865962043053,1.132823e-06
20.626,0.0,203.68616472718531,1.173248e-06
20.626,0.0,203.685740813458,1.043882e-06
20.626,0.0,203.6853260657898,1.157037e-06
20.626,0.0,203.68491804583675,1.129563e-06
20.626,0.0,203.6844821748724,1.161097e-06
20.626,0.0,203.6840583936828,1.125605e-06
20.626,0.0,203.68365948006195,1.080538e-06
20.626,0.0,203.68321531993715,1.112654e-06
20.626,0.0,203.68282144364133,1.127584e-06
20.626,0.0,203.68241252949713,1.028238e-06
20.626,0.0,203.68198298100515,1.056193e-06
20.626,0.0,203.68157503188957,1.147186e-06
20.626,0.0,203.68114429360213,1.139881e-06
20.626,0.0,203.68074305653263,1.098364e-06
20.626,0.0,203.68033556986947,1.098175e-06
20.626,0.0,203.6799201548108,1.113789e-06
20.626,0.0,203.67950414785508,1.073728e-06
20.626,0.0,203.6790809403532,1.109409e-06
20.626,0.0,203.67864791651755,1.082095e-06
20.626,0.0,203.67824161761595,1.059685e-06
20.626,0.0,203.67784217327008,1.146138e-06
20.626,0.0,203.67739898615423,1.082488e-06
20.626,0.0,203.67698843338684,1.115535e-06
20.626,0.0,203.67657850841712,1.146851e-06
20.626,0.0,203.67613344479727,1.181703e-06
20.626,0.0,203.6757100179335,1.128472e-06
20.626,0.0,203.67529443576765,1.10743e-06
20.626,0.0,203.6749068746954,1.175111e-06
20.626,0.0,203.67445916870005,1.119901e-06
20.626,0.0,203.6740246626478,1.13422e-06
20.626,0.0,203.6736003433369,1.128137e-06
20.626,0.0,203.6731898500228,1.145003e-06
20.626,0.0,203.672774445246,1.095017e-06
20.626,0.0,203.6723472138605,1.135253e-06
20.626,0.0,203.67196169378968,1.130087e-06
20.626,0.0,203.67151689826056,1.116481e-06
20.626,0.0,203.67111785709437,1.143431e-06
20.626,0.0,203.67071426321672,1.159497e-06
20.626,0.0,203.6703092190752,1.065433e-06
20.626,0.0,203.66986595520453,1.096661e-06
20.626,0.0,203.66946340611415,1.164604e-06
20.626,0.0,203.66904856859873,1.147186e-06
20.626,0.0,203.66860604704303,1.155931e-06
20.626,0.0,203.66820081366143,1.146473e-06
20.626,0.0,203.6677887388063,1.108667e-06
20.626,0.0,203.66737313685704,1.097986e-06
20.626,0.0,203.66692860948712,1.131848e-06
20.626,0.0,203.6665425386741,1.067034e-06
20.626,0.0,203.66610615382496,1.075736e-06
20.626,0.0,203.66565839690836,1.129214e-06
20.626,0.0,203.66524093135044,1.161869e-06
20.626,0.0,203.66485341416964,1.122215e-06
20.626,0.0,203.66443457670516,1.134642e-06
20.626,0.0,203.66400362833372,1.118431e-06
20.626,0.0,203.6635954971004,9.490614000000002e-07
20.626,0.0,203.6631640744584,9.576324000000002e-07
20.626,0.0,203.66275630697163,1.146356e-06
20.626,0.0,203.662341320006,1.081222e-06
20.626,0.0,203.6619593317216,1.118286e-06
20.626,0.0,203.6615185120524,1.103675e-06
20.626,0.0,203.6610785602641,1.053675e-06
20.626,0.0,203.66067087384303,1.013628e-06
20.626,0.0,203.66025570555172,1.041451e-06
20.626,0.0,203.65984836964552,9.780779000000003e-07
20.626,0.0,203.65944681546256,1.024062e-06
20.626,0.0,203.65901603108608,9.879586e-07
20.626,0.0,203.65859218019824,1.034176e-06
20.626,0.0,203.65817936603727,1.010281e-06
20.626,0.0,203.6577546808976,9.940995e-07
20.626,0.0,203.6573386254824,9.789946000000002e-07
20.626,0.0,203.6569320456645,1.060398e-06
20.626,0.0,203.65650009689,1.124557e-06
20.626,0.0,203.6560693744188,1.11034e-06
20.626,0.0,203.65566154350768,1.069056e-06
20.626,0.0,203.6552444713976,1.069871e-06
20.626,0.0,203.65481293451603,1.128617e-06
20.626,0.0,203.65438613245053,1.0925e-06
20.626,0.0,203.6539611146713,1.142704e-06
20.626,0.0,203.6535532579097,1.002816e-06
20.626,0.0,203.65312260958277,9.294599000000001e-07
20.626,0.0,203.65271902316337,9.875366e-07
20.626,0.0,203.65230939517315,1.031396e-06
20.626,0.0,203.65189651353245,9.736832000000001e-07
20.626,0.0,203.65149033827808,9.713112000000003e-07
20.626,0.0,203.65104880212948,9.580544000000002e-07
20.626,0.0,203.6506518048432,9.563955e-07
20.626,0.0,203.6502325255534,9.450159e-07
20.626,0.0,203.64981297889625,9.561045e-07
20.626,0.0,203.6494013805302,9.873038e-07
20.626,0.0,203.64897381185287,9.602663e-07
20.626,0.0,203.6485800268923,9.872019000000002e-07
20.626,0.0,203.6481346668101,9.686046000000003e-07
20.626,0.0,203.64771174503983,9.558571e-07
20.626,0.0,203.64729565976708,8.407659999999999e-07
20.626,0.0,203.64690878424477,9.727955e-07
20.626,0.0,203.6464610123616,8.988864000000001e-07
20.626,0.0,203.64602622729572,9.712239000000002e-07
20.626,0.0,203.64561807491077,9.392825000000002e-07
20.626,0.0,203.6451914604671,9.684154e-07
20.626,0.0,203.64477596848397,1.035733e-06
20.626,0.0,203.6443665291188,1.004461e-06
20.626,0.0,203.6439630104883,1.001477e-06
20.626,0.0,203.64351877418153,1.070628e-06
20.626,0.0,203.64312013080365,1.088658e-06
20.626,0.0,203.6426960579415,1.083725e-06
20.626,0.0,203.64228560777204,1.075663e-06
20.626,0.0,203.64186833724816,1.063439e-06
20.626,0.0,203.64144660051096,1.086417e-06
20.626,0.0,203.64105061237493,1.001477e-06
20.626,0.0,203.64060795455975,1.08112e-06
20.626,0.0,203.64020285743769,1.023116e-06
20.626,0.0,203.63979132541047,1.007837e-06
20.626,0.0,203.6393762257893,9.869254e-07
20.626,0.0,203.63897119253727,1.063177e-06
20.626,0.0,203.6385454427003,1.012071e-06
20.626,0.0,203.63810949984,9.298528000000001e-07
20.626,0.0,203.6377068476513,1.025473e-06
20.626,0.0,203.63728673953523,1.023407e-06
20.626,0.0,203.6368566021484,1.025197e-06
20.626,0.0,203.63645652425632,1.006134e-06
20.626,0.0,203.63602928286585,9.937212000000002e-07
20.626,0.0,203.63559869985767,1.033171e-06
20.626,0.0,203.63516770595407,1.064356e-06
20.626,0.0,203.63472429165492,1.066903e-06
20.626,0.0,203.63431981401737,1.079447e-06
20.626,0.0,203.63392066138792,1.093591e-06
20.626,0.0,203.63348973579824,1.078428e-06
20.626,0.0,203.6330683660652,1.08713e-06
20.626,0.0,203.63265126672655,1.093649e-06
20.626,0.0,203.6322504564426,1.088993e-06
20.626,0.0,203.6318444045129,1.085093e-06
20.626,0.0,203.63140431456415,1.105422e-06
20.626,0.0,203.63100433444504,1.058608e-06
20.626,0.0,203.63058055849123,9.758369e-07
20.626,0.0,203.6301807437061,1.160224e-06
20.626,0.0,203.62975798135457,1.13745e-06
20.626,0.0,203.62934173959255,1.098495e-06
20.626,0.0,203.62893506538913,1.092922e-06
20.626,0.0,203.62850265975675,1.155175e-06
20.626,0.0,203.62807988314623,1.176959e-06
20.626,0.0,203.62766372000195,1.123481e-06
20.626,0.0,203.6272467766865,8.178031e-07
20.626,0.0,203.6268310689796,8.038769000000001e-07
20.626,0.0,203.62639339799117,1.043678e-06
20.626,0.0,203.62599207042575,1.222055e-06
20.626,0.0,203.62555479999168,1.29579e-06
20.626,0.0,203.62512403649285,1.261185e-06
20.626,0.0,203.62472059763107,1.232154e-06
20.626,0.0,203.62431083508864,1.20714e-06
20.626,0.0,203.6238954858405,1.200591e-06
20.626,0.0,203.62348576647847,1.292341e-06
20.626,0.0,203.62305047665453,1.263543e-06
20.626,0.0,203.6226338659725,1.306529e-06
20.626,0.0,203.62223465745305,1.35765e-06
20.626,0.0,203.62179180722728,1.371038e-06
20.626,0.0,203.62140418040133,1.310997e-06
20.626,0.0,203.62097610850796,1.397042e-06
20.626,0.0,203.62055581161985,1.381588e-06
20.626,0.0,203.6201373668546,1.359542e-06
20.626,0.0,203.61971498983036,1.327906e-06
20.626,0.0,203.61931129571187,1.230859e-06
20.626,0.0,203.61891189573493,1.186592e-06
20.626,0.0,203.6184635134276,1.206921e-06
20.626,0.0,203.6180743821908,1.213804e-06
20.626,0.0,203.6176408771267,1.022927e-06
20.626,0.0,203.6171950435932,1.098597e-06
20.626,0.0,203.61681809777147,1.257358e-06
20.626,0.0,203.6163916383533,1.320397e-06
20.626,0.0,203.61596573801407,1.28946e-06
20.626,0.0,203.6155348806038,1.298249e-06
20.626,0.0,203.6150975003297,1.285691e-06
20.626,0.0,203.61469614851907,1.322624e-06
20.626,0.0,203.61425904498412,1.37859e-06
20.626,0.0,203.6138438579725,1.406705e-06
20.626,0.0,203.61342661758977,1.430526e-06
20.626,0.0,203.6130184024057,1.389039e-06
20.626,0.0,203.61258756773563,1.225912e-06
20.626,0.0,203.61218052625688,1.483058e-06
20.626,0.0,203.6117660433642,1.453518e-06
20.626,0.0,203.61134056473716,1.424618e-06
20.626,0.0,203.61095509463723,1.398133e-06
20.626,0.0,203.6105361968166,9.640644e-07
20.626,0.0,203.61011096828648,1.161679e-06
20.626,0.0,203.60968742552947,1.444278e-06
20.626,0.0,203.60930190144657,1.420136e-06
20.626,0.0,203.6088592203841,1.404536e-06
20.626,0.0,203.60843904850404,1.363034e-06
20.626,0.0,203.60803112108465,1.375782e-06
20.626,0.0,203.60760031159177,1.414563e-06
20.626,0.0,203.6071698608144,1.441964e-06
20.626,0.0,203.60676162016009,1.420121e-06
20.626,0.0,203.6063668518557,1.366279e-06
20.626,0.0,203.60592307537445,1.341235e-06
20.626,0.0,203.6054916847337,1.446155e-06
20.626,0.0,203.6050697604908,1.447013e-06
20.626,0.0,203.60465256158807,1.304186e-06
20.626,0.0,203.60423342269468,1.375578e-06
20.626,0.0,203.60382818201737,1.484732e-06
20.626,0.0,203.60342866142332,1.493187e-06
20.626,0.0,203.6029804520944,1.43786e-06
20.626,0.0,203.60258944081235,1.430511e-06
20.626,0.0,203.60215784783955,1.549313e-06
20.626,0.0,203.60175097856643,1.547509e-06
20.626,0.0,203.60133526064345,1.557244e-06
20.626,0.0,203.600912158202,1.398905e-06
20.626,0.0,203.60051262063337,1.537293e-06
20.626,0.0,203.6000732334259,1.497028e-06
20.626,0.0,203.5996448214383,1.470689e-06
20.626,0.0,203.599249248738,1.47376e-06
20.626,0.0,203.59883420145533,1.417386e-06
20.626,0.0,203.59841905794488,1.42814e-06
20.626,0.0,203.5980109253444,1.443244e-06
20.626,0.0,203.5975707525092,1.44454e-06
20.626,0.0,203.59717150918024,1.414912e-06
20.626,0.0,203.59674782118168,1.40976e-06
20.626,0.0,203.5963137556068,1.487075e-06
20.626,0.0,203.59589847934737,1.472203e-06
20.626,0.0,203.5954712848499,1.469612e-06
20.626,0.0,203.5950631606269,1.485809e-06
20.626,0.0,203.5946287835229,1.49876e-06
20.626,0.0,203.5942048905652,1.52881e-06
20.626,0.0,203.59376552867897,1.514112e-06
20.626,0.0,203.59337781114857,1.417997e-06
20.626,0.0,203.59295426088565,1.451423e-06
20.626,0.0,203.59252331566827,1.474851e-06
20.626,0.0,203.59211527925228,1.420049e-06
20.626,0.0,203.59168779339063,1.48546e-06
20.626,0.0,203.59128694065225,1.443026e-06
20.626,0.0,203.59088478249487,1.434702e-06
20.626,0.0,203.59047780155808,1.505017e-06
20.626,0.0,203.59005212813645,1.44128e-06
20.626,0.0,203.58962512960605,1.404042e-06
20.626,0.0,203.58922295353125,1.451088e-06
20.626,0.0,203.58879396527743,1.424574e-06
20.626,0.0,203.58837468053713,1.40279e-06
20.626,0.0,203.58797138603688,1.378794e-06
20.626,0.0,203.58753605891448,1.372799e-06
20.626,0.0,203.58710508663944,1.367662e-06
20.626,0.0,203.58670015742172,1.354885e-06
20.626,0.0,203.58628829421352,1.316628e-06
20.626,0.0,203.58587283002413,1.373352e-06
20.626,0.0,203.58542858433512,1.357534e-06
20.626,0.0,203.5850114276424,1.322653e-06
20.626,0.0,203.58458892542433,1.203545e-06
20.626,0.0,203.58415929669025,1.101434e-06
20.626,0.0,203.58376840424063,1.357286e-06
20.626,0.0,203.58335332253765,1.338922e-06
20.626,0.0,203.5829341566252,1.282329e-06
20.626,0.0,203.5825257140386,1.396111e-06
20.626,0.0,203.58210099368645,1.447319e-06
20.626,0.0,203.58169041624305,1.416003e-06
20.626,0.0,203.58127497984748,1.373555e-06
20.626,0.0,203.58084742156487,1.36398e-06
20.626,0.0,203.58044152126152,1.404289e-06
20.626,0.0,203.58001777838976,1.35084e-06
20.626,0.0,203.5796186906834,1.297856e-06
20.626,0.0,203.57916993597416,1.373541e-06
20.626,0.0,203.57875450393212,1.344975e-06
20.626,0.0,203.57834708804737,1.33978e-06
20.626,0.0,203.57794576889023,1.32258e-06
20.626,0.0,203.57751479443985,1.317603e-06
20.626,0.0,203.57710659991312,1.278459e-06
20.626,0.0,203.57667718525835,1.246139e-06
20.626,0.0,203.5762343038741,1.154942e-06
20.626,0.0,203.57585373304465,1.312364e-06
20.626,0.0,203.57542986381532,1.170047e-06
20.626,0.0,203.5749977911329,1.144799e-06
20.626,0.0,203.57455662945492,1.312917e-06
20.626,0.0,203.57413849086404,1.292909e-06
20.626,0.0,203.57374041171371,1.285705e-06
20.626,0.0,203.5732971987036,1.244975e-06
20.626,0.0,203.57288843724396,1.221488e-06
20.626,0.0,203.57248649376103,1.255597e-06
20.626,0.0,203.57204972783623,1.267137e-06
20.626,0.0,203.57164164909372,1.225286e-06
20.626,0.0,203.5712205236403,1.190609e-06
20.626,0.0,203.5708166944416,1.129752e-06
20.626,0.0,203.57041751271177,1.144319e-06
20.626,0.0,203.56996901687748,1.113687e-06
20.626,0.0,203.56957911255003,1.120017e-06
20.626,0.0,203.5691461022622,1.16232e-06
20.626,0.0,203.56873994551688,1.185559e-06
20.626,0.0,203.568323122252,1.20906e-06
20.626,0.0,203.56789686571295,1.217617e-06
20.626,0.0,203.56747010105147,1.214808e-06
20.626,0.0,203.56706186080913,1.000386e-06
20.626,0.0,203.5666307501523,9.981450000000002e-07
20.626,0.0,203.566206652394,1.166467e-06
20.626,0.0,203.56579146714708,1.136839e-06
20.626,0.0,203.56536102480993,1.132212e-06
20.626,0.0,203.5649562796802,1.119653e-06
20.626,0.0,203.56453244181972,1.105916e-06
20.626,0.0,203.56409784950253,1.115026e-06
20.626,0.0,203.563686645624,1.034525e-06
20.626,0.0,203.5632714937928,1.108216e-06
20.626,0.0,203.56288382928477,1.02348e-06
20.626,0.0,203.5624594576746,1.079286e-06
20.626,0.0,203.56204048809303,1.142093e-06
20.626,0.0,203.56162088536584,1.077671e-06
20.626,0.0,203.56118181760317,1.116117e-06
20.626,0.0,203.5607935560189,1.136286e-06
20.626,0.0,203.56037793754632,1.073146e-06
20.626,0.0,203.55995454157804,1.096691e-06
20.626,0.0,203.5595461436957,1.076653e-06
20.626,0.0,203.55911503614257,1.107066e-06
20.626,0.0,203.55871052212396,1.11814e-06
20.626,0.0,203.55829969908933,1.100954e-06
20.626,0.0,203.5578625861224,1.110559e-06
20.626,0.0,203.5574772868752,1.12089e-06
20.626,0.0,203.55704002593237,1.0769e-06
20.626,0.0,203.55659814861983,1.062625e-06
20.626,0.0,203.55616766289853,1.06536e-06
20.626,0.0,203.55577946927988,9.838113000000001e-07
20.626,0.0,203.55536401171707,1.055596e-06
20.626,0.0,203.55494312967787,1.009248e-06
20.626,0.0,203.55449662412104,1.005494e-06
20.626,0.0,203.55405866977307,9.787618000000002e-07
20.626,0.0,203.55367344449607,9.989890000000002e-07
20.626,0.0,203.55323116153596,1.02137e-06
20.626,0.0,203.55282617795808,9.758369e-07
20.626,0.0,203.55242667404823,9.276991e-07
20.626,0.0,203.55199608969284,9.975920000000002e-07
20.626,0.0,203.55158774996409,9.537616000000001e-07
20.626,0.0,203.55115571274476,9.847427000000002e-07
20.626,0.0,203.55074849544764,9.481446000000001e-07
20.626,0.0,203.5503507825339,1.050372e-06
20.626,0.0,203.5499098038219,1.001114e-06
20.626,0.0,203.54951018995385,1.084918e-06
20.626,0.0,203.54908617410567,1.108856e-06
20.626,0.0,203.54868586988687,1.085282e-06
20.626,0.0,203.54824632715503,1.083798e-06
20.626,0.0,203.54783072166347,1.106906e-06
20.626,0.0,203.54741595307183,1.117412e-06
20.626,0.0,203.54700801296391,1.108812e-06
20.626,0.0,203.54656817312016,1.136446e-06
20.626,0.0,203.54614435578736,1.150605e-06
20.626,0.0,203.54569856945056,1.18828e-06
20.626,0.0,203.5453108273973,1.155393e-06
20.626,0.0,203.5448952520328,1.117864e-06
20.626,0.0,203.54446871255328,1.105727e-06
20.626,0.0,203.5440604291485,1.055625e-06
20.626,0.0,203.5436295936292,1.036839e-06
20.626,0.0,203.54322666001832,1.05791e-06
20.626,0.0,203.5428179099188,1.022621e-06
20.626,0.0,203.5423827051812,9.967480000000002e-07
20.626,0.0,203.5419971858801,9.962096000000002e-07
20.626,0.0,203.541555986834,9.819341000000001e-07
20.626,0.0,203.54115737290417,9.350915e-07
20.626,0.0,203.5407334932046,9.433134e-07
20.626,0.0,203.54029740526627,8.984207e-07
20.626,0.0,203.53990983398248,9.274227000000001e-07
20.626,0.0,203.53948059362088,8.143834e-07
20.626,0.0,203.5390499850122,7.458002000000001e-07
20.626,0.0,203.53864176982816,7.498602e-07
20.626,0.0,203.5382206434115,7.351337e-07
20.626,0.0,203.53780298994587,8.445204000000001e-07
20.626,0.0,203.53741732678412,8.341885000000001e-07
20.626,0.0,203.53696875065532,9.009382000000001e-07
20.626,0.0,203.53653337037255,9.384530000000001e-07
20.626,0.0,203.5361458658248,8.418720000000001e-07
20.626,0.0,203.5357001141816,8.279603e-07
20.626,0.0,203.535284476603,9.086798000000001e-07
20.626,0.0,203.53486929166243,9.081850000000001e-07
20.626,0.0,203.53442522377236,9.551877e-07
20.626,0.0,203.53400113069992,9.622017e-07
20.626,0.0,203.5336024400351,9.134528000000001e-07
20.626,0.0,203.5331549778145,9.701034e-07
20.626,0.0,203.5327697754747,1.000852e-06
20.626,0.0,203.53234892788427,9.661744e-07
20.626,0.0,203.53193102097777,1.008215e-06
20.626,0.0,203.53153330600756,9.644718e-07
20.626,0.0,203.5310923508956,1.012086e-06
20.626,0.0,203.53068603942924,9.884679000000002e-07
20.626,0.0,203.53027261414013,9.809883000000001e-07
20.626,0.0,203.52986341016,1.026187e-06
20.626,0.0,203.52946026151696,1.012464e-06
20.626,0.0,203.52902913574496,1.0355e-06
20.626,0.0,203.52862096061972,1.0597e-06
20.626,0.0,203.5281944871737,1.040898e-06
20.626,0.0,203.52776799542283,9.895593000000002e-07
20.626,0.0,203.52733564793851,1.099848e-06
20.626,0.0,203.52691984944323,1.094566e-06
20.626,0.0,203.52651210975603,1.128254e-06
20.626,0.0,203.52608174393657,1.085325e-06
20.626,0.0,203.52564918697072,1.102671e-06
20.626,0.0,203.5252429684512,1.123815e-06
20.626,0.0,203.52481624891024,1.137785e-06
20.626,0.0,203.52440432631207,1.165405e-06
20.626,0.0,203.5240040916049,9.667565000000002e-07
20.626,0.0,203.52356553765864,1.132124e-06
20.626,0.0,203.52315737396907,1.136024e-06
20.626,0.0,203.52273959773112,1.122418e-06
20.626,0.0,203.5223336974996,1.106411e-06
20.626,0.0,203.5219336447491,1.135253e-06
20.626,0.0,203.521485969908,1.123277e-06
20.626,0.0,203.5210943127828,1.145017e-06
20.626,0.0,203.52066282615635,1.133667e-06
20.626,0.0,203.5202550111715,1.121385e-06
20.626,0.0,203.51983996966567,1.11181e-06
20.626,0.0,203.51941603643823,1.10449e-06
20.626,0.0,203.51900096753727,1.111082e-06
20.626,0.0,203.5185778102301,1.11165e-06
20.626,0.0,203.5181471993843,1.116961e-06
20.626,0.0,203.51774615651263,1.16798e-06
20.626,0.0,203.5173393825422,1.097113e-06
20.626,0.0,203.51689867058167,1.14768e-06
20.626,0.0,203.51647507866073,1.21558e-06
20.626,0.0,203.51607604083344,1.226625e-06
20.626,0.0,203.5156309294269,1.25746e-06
20.626,0.0,203.51520717722605,1.252207e-06
20.626,0.0,203.51479185302412,1.243418e-06
20.626,0.0,203.514361130442,1.237582e-06
20.626,0.0,203.5139757782283,1.242108e-06
20.626,0.0,203.51353231383575,1.201901e-06
20.626,0.0,203.5130973711965,1.214139e-06
20.626,0.0,203.5127092483612,1.187989e-06
20.626,0.0,203.51227067791072,1.152424e-06
20.626,0.0,203.51188324237944,1.184962e-06
20.626,0.0,203.51145881829987,1.151842e-06
20.626,0.0,203.511039690983,1.112698e-06
20.626,0.0,203.51061978576433,1.235661e-06
20.626,0.0,203.51021617196287,1.216977e-06
20.626,0.0,203.50980623014672,1.200955e-06
20.626,0.0,203.50939079739524,1.216278e-06
20.626,0.0,203.50898210054095,1.21315e-06
20.626,0.0,203.50855727632236,1.254608e-06
20.626,0.0,203.5081225141932,1.218999e-06
20.626,0.0,203.50771870159608,1.20778e-06
20.626,0.0,203.50728667421757,1.214765e-06
20.626,0.0,203.5068713521228,1.231834e-06
20.626,0.0,203.50644899422812,1.264707e-06
20.626,0.0,203.506030625029,1.259541e-06
20.626,0.0,203.50561012148992,1.247157e-06
20.626,0.0,203.50518166126372,1.202076e-06
20.626,0.0,203.50473833517896,1.116088e-06
20.626,0.0,203.50435760383792,1.193592e-06
20.626,0.0,203.50393404166564,1.213964e-06
20.626,0.0,203.50350202180795,1.240274e-06
20.626,0.0,203.50309402860475,1.2542e-06
20.626,0.0,203.5026636827644,1.259104e-06
20.626,0.0,203.5022744986987,1.304419e-06
20.626,0.0,203.50185930964415,1.324181e-06
20.626,0.0,203.50143945870937,1.312699e-06
20.626,0.0,203.50103118404647,1.268258e-06
20.626,0.0,203.50059342902932,1.273133e-06
20.626,0.0,203.50019241598892,1.276392e-06
20.626,0.0,203.4997821898804,1.280496e-06
20.626,0.0,203.49935327517375,1.230699e-06
20.626,0.0,203.4989475600159,1.132299e-06
20.626,0.0,203.49852359450372,1.211214e-06
20.626,0.0,203.49809035318387,1.054097e-06
20.626,0.0,203.4976764233688,1.164241e-06
20.626,0.0,203.4972611259421,1.186418e-06
20.626,0.0,203.4968533019021,1.190638e-06
20.626,0.0,203.49645120845676,1.180772e-06
20.626,0.0,203.49600581019476,1.174427e-06
20.626,0.0,203.4955819982439,1.24333e-06
20.626,0.0,203.4951363452428,1.241438e-06
20.626,0.0,203.49471356863023,1.260574e-06
20.626,0.0,203.49431044702595,1.206427e-06
20.626,0.0,203.4939107244972,9.877986e-07
20.626,0.0,203.49346295869887,1.226377e-06
20.626,0.0,203.493060706029,1.307562e-06
20.626,0.0,203.49264000424327,1.32648e-06
20.626,0.0,203.4922159611995,1.314038e-06
20.626,0.0,203.49183343570937,1.286389e-06
20.626,0.0,203.4913951824872,1.32175e-06
20.626,0.0,203.49099360813196,1.30538e-06
20.626,0.0,203.49056959246792,1.239154e-06
20.626,0.0,203.4901705889305,1.12204e-06
20.626,0.0,203.48972803277823,1.359993e-06
20.626,0.0,203.4893124852076,1.376669e-06
20.626,0.0,203.48892324542877,1.344786e-06
20.626,0.0,203.48849273390357,1.349865e-06
20.626,0.0,203.4880622349156,1.347857e-06
20.626,0.0,203.48765445179643,1.363791e-06
20.626,0.0,203.48723606028832,1.415188e-06
20.626,0.0,203.4867930677289,1.4385e-06
20.626,0.0,203.48638510688707,1.436012e-06
20.626,0.0,203.48598287442135,1.362918e-06
20.626,0.0,203.48554618601872,1.319757e-06
20.626,0.0,203.48511549055388,1.277469e-06
20.626,0.0,203.4847113221495,1.123728e-06
20.626,0.0,203.48430028921933,1.407214e-06
20.626,0.0,203.483856956508,1.404289e-06
20.626,0.0,203.4834565612109,1.380904e-06
20.626,0.0,203.4830401315204,1.348206e-06
20.626,0.0,203.48260741788675,1.379405e-06
20.626,0.0,203.4822123444303,1.382927e-06
20.626,0.0,203.4817969566084,1.391119e-06
20.626,0.0,203.48139585254873,1.373715e-06
20.626,0.0,203.48096949518427,1.33166e-06
20.626,0.0,203.48056163964503,1.213732e-06
20.626,0.0,203.48012728397367,1.376218e-06
20.626,0.0,203.47967952272063,1.357621e-06
20.626,0.0,203.4792985101784,1.399632e-06
20.626,0.0,203.47889101992655,1.42619e-06
20.626,0.0,203.47844479938857,1.410517e-06
20.626,0.0,203.47804580696987,1.407214e-06
20.626,0.0,203.47762181991865,1.434732e-06
20.626,0.0,203.47717355718,1.422159e-06
20.626,0.0,203.47678605943463,1.426029e-06
20.626,0.0,203.47636294914784,1.358916e-06
20.626,0.0,203.4759392062761,1.317429e-06
20.626,0.0,203.4755259383118,1.332082e-06
20.626,0.0,203.47509827245156,1.320193e-06
20.626,0.0,203.47466782047252,1.319e-06
20.626,0.0,203.47425234427251,1.333145e-06
20.626,0.0,203.4738149396717,1.296488e-06
20.626,0.0,203.47343152797504,1.286156e-06
20.626,0.0,203.47300178854437,1.237684e-06
20.626,0.0,203.47257088385263,1.198307e-06
20.626,0.0,203.47216270885843,1.192893e-06
20.626,0.0,203.4717461031805,1.20957e-06
20.626,0.0,203.47132408888527,1.200868e-06
20.626,0.0,203.47092797559625,1.116219e-06
20.626,0.0,203.47051121337913,1.209599e-06
20.626,0.0,203.47008894210407,1.200591e-06
20.626,0.0,203.46965826834656,1.103079e-06
20.626,0.0,203.46925822773753,1.09736e-06
20.626,0.0,203.468852900339,1.029795e-06
20.626,0.0,203.46843397546496,1.185588e-06
20.626,0.0,203.46802414320308,1.149674e-06
20.626,0.0,203.46758366074948,1.108958e-06
20.626,0.0,203.4671529888376,1.127366e-06
20.626,0.0,203.46673449456912,1.120876e-06
20.626,0.0,203.4663143624688,1.175373e-06
20.626,0.0,203.46590518466493,1.129723e-06
20.626,0.0,203.4654905840658,1.064574e-06
20.626,0.0,203.4650455236972,1.125678e-06
20.626,0.0,203.46464652878436,1.203909e-06
20.626,0.0,203.46422304148973,1.185283e-06
20.626,0.0,203.46380970020817,1.048014e-06
20.626,0.0,203.463397978896,1.034306e-06
20.626,0.0,203.4629708483596,1.171749e-06
20.626,0.0,203.46257478898596,1.247681e-06
20.626,0.0,203.4621411495019,1.17124e-06
20.626,0.0,203.46173548356725,1.142165e-06
20.626,0.0,203.4613184106412,1.104781e-06
20.626,0.0,203.46089199586208,9.973883000000003e-07
20.626,0.0,203.46048306563128,1.000939e-06
20.626,0.0,203.46005288369332,1.259017e-06
20.626,0.0,203.45963578267728,1.205059e-06
20.626,0.0,203.4592306046464,1.284148e-06
20.626,0.0,203.45881330349408,1.222885e-06
20.626,0.0,203.45839198685715,1.271314e-06
20.626,0.0,203.4579903138036,1.253953e-06
20.626,0.0,203.45755347072625,1.238775e-06
20.626,0.0,203.4571370190569,1.189663e-06
20.626,0.0,203.4567389564622,1.216613e-06
20.626,0.0,203.45629618625304,1.249427e-06
20.626,0.0,203.45588063407644,1.1394e-06
20.626,0.0,203.45547434045605,1.18243e-06
20.626,0.0,203.45504871473108,1.093926e-06
20.626,0.0,203.45461524448243,1.12853e-06
20.626,0.0,203.45417756881093,1.093766e-06
20.626,0.0,203.45376174746397,1.083885e-06
20.626,0.0,203.45337370293447,1.099819e-06
20.626,0.0,203.4529512132817,1.021865e-06
20.626,0.0,203.45253309955947,1.049673e-06
20.626,0.0,203.4521072292767,1.079257e-06
20.626,0.0,203.45167095053253,1.097971e-06
20.626,0.0,203.45128358516843,1.09183e-06
20.626,0.0,203.45085475244971,1.104447e-06
20.626,0.0,203.4504695324927,1.104228e-06
20.626,0.0,203.45002587080344,1.102046e-06
20.626,0.0,203.44962713108353,1.104665e-06
20.626,0.0,203.44920334874735,1.000109e-06
20.626,0.0,203.44877788669888,9.553187e-07
20.626,0.0,203.44839011764228,1.048174e-06
20.626,0.0,203.44796442074755,1.042674e-06
20.626,0.0,203.4475205005704,1.063978e-06
20.626,0.0,203.4470877128436,1.03841e-06
20.626,0.0,203.44669776458775,1.097811e-06
20.626,0.0,203.44627259619085,1.09768e-06
20.626,0.0,203.4458298467672,1.142194e-06
20.626,0.0,203.4454151102212,1.03777e-06
20.626,0.0,203.4450159958492,1.304463e-06
20.626,0.0,203.4445764817464,1.284265e-06
20.626,0.0,203.44416831204288,1.11472e-06
20.626,0.0,203.4437526671458,9.746873e-07
20.626,0.0,203.4433238395836,1.035005e-06
20.626,0.0,203.44293195346847,1.04506e-06
20.626,0.0,203.4425024786079,1.038439e-06
20.626,0.0,203.44209452546357,1.06862e-06
20.626,0.0,203.44166385008157,1.02428e-06
20.626,0.0,203.44124749804567,1.009583e-06
20.626,0.0,203.44084616657136,1.105684e-06
20.626,0.0,203.4404287087256,1.107735e-06
20.626,0.0,203.43999758342196,1.014079e-06
20.626,0.0,203.4395891771981,1.041306e-06
20.626,0.0,203.439158273036,9.705836e-07
20.626,0.0,203.43874012247977,9.908108000000001e-07
20.626,0.0,203.4383565725473,1.049455e-06
20.626,0.0,203.4379361238817,1.050925e-06
20.626,0.0,203.43748828171047,1.048815e-06
20.626,0.0,203.43708953966603,1.007866e-06
20.626,0.0,203.4366655507252,9.721261000000002e-07
20.626,0.0,203.43622214709384,9.768992000000002e-07
20.626,0.0,203.4358068811223,9.598152e-07
20.626,0.0,203.43539554587656,9.835931000000002e-07
20.626,0.0,203.4349837013297,1.018663e-06
20.626,0.0,203.4345471279908,1.007356e-06
20.626,0.0,203.43411644843763,9.811047000000001e-07
20.626,0.0,203.43371247608587,8.438219000000001e-07
20.626,0.0,203.43330206972857,8.407515000000001e-07
20.626,0.0,203.43287010604087,9.884679000000002e-07
20.626,0.0,203.43247617901187,9.809592e-07
20.626,0.0,203.43204303981608,9.871292e-07
20.626,0.0,203.43161706569808,9.404321000000001e-07
20.626,0.0,203.43121207356236,9.643554e-07
20.626,0.0,203.43080899651525,1.020831e-06
20.626,0.0,203.4304093075827,1.00043e-06
20.626,0.0,203.42998229508467,9.332143000000001e-07
20.626,0.0,203.42955188793127,8.584611e-07
20.626,0.0,203.42913309339968,8.882198e-07
20.626,0.0,203.42870961624857,9.980577e-07
20.626,0.0,203.4283067932148,9.239593e-07
20.626,0.0,203.4279071530069,8.79736e-07
20.626,0.0,203.42745930843884,8.454808000000001e-07
20.626,0.0,203.42704270501116,9.457290000000001e-07
20.626,0.0,203.42662927155712,1.05107e-06
20.626,0.0,203.42620494509936,1.048538e-06
20.626,0.0,203.42577732903436,1.026667e-06
20.626,0.0,203.4253460704845,1.020584e-06
20.626,0.0,203.4249482049224,1.042572e-06
20.626,0.0,203.4245199798098,1.020366e-06
20.626,0.0,203.42409461550693,1.006309e-06
20.626,0.0,203.4236936310184,8.959032e-07
20.626,0.0,203.423272384744,9.759533e-07
20.626,0.0,203.42285501184688,9.668438e-07
20.626,0.0,203.4224498963817,8.634961000000001e-07
20.626,0.0,203.42201616261565,9.731302000000001e-07
20.626,0.0,203.42162991230708,9.457290000000001e-07
20.626,0.0,203.42119468696825,9.369687000000001e-07
20.626,0.0,203.4207817959283,9.572832000000002e-07
20.626,0.0,203.42036936388297,9.668875e-07
20.626,0.0,203.41994537086785,9.267824000000001e-07
20.626,0.0,203.4195251058768,9.659852e-07
20.626,0.0,203.41910179345768,9.777577e-07
20.626,0.0,203.41866460365807,1.000168e-06
20.626,0.0,203.41827937606,1.008419e-06
20.626,0.0,203.4178606437546,1.0207e-06
20.626,0.0,203.41744030586477,1.013279e-06
20.626,0.0,203.4170323527204,9.897194000000003e-07
20.626,0.0,203.41660145128904,9.703799000000002e-07
20.626,0.0,203.41617330617933,9.769137e-07
20.626,0.0,203.41574407090653,9.843498e-07
20.626,0.0,203.41535629785693,9.090872000000001e-07
20.626,0.0,203.41493676020968,8.841453e-07
20.626,0.0,203.41449006454556,9.585929e-07
20.626,0.0,203.41406631997256,9.973883000000003e-07
20.626,0.0,203.4136277014451,1.046516e-06
20.626,0.0,203.41323846159327,1.037595e-06
20.626,0.0,203.4128075005625,9.965588000000002e-07
20.626,0.0,203.41243125459496,1.010922e-06
20.626,0.0,203.41198476353688,1.021763e-06
20.626,0.0,203.41155814085144,9.933137e-07
20.626,0.0,203.4111620327958,1.03224e-06
20.626,0.0,203.41074732518888,8.974311999999999e-07
20.626,0.0,203.4103451156743,9.684445000000002e-07
20.626,0.0,203.40990323936492,1.021384e-06
20.626,0.0,203.40951083253648,9.795622e-07
20.626,0.0,203.40908074652464,9.780342000000002e-07
20.626,0.0,203.4086348901293,9.872456e-07
20.626,0.0,203.40824989654928,9.870855000000002e-07
20.626,0.0,203.4078401748456,9.370706000000001e-07
20.626,0.0,203.40739657328407,9.729702000000002e-07
20.626,0.0,203.4069697026109,8.819770000000001e-07
20.626,0.0,203.40657580932157,6.073533e-07
20.626,0.0,203.40613085199732,9.539508000000001e-07
20.626,0.0,203.40570688242505,9.233481000000001e-07
20.626,0.0,203.4052919566048,9.907526000000001e-07
20.626,0.0,203.4048910416108,9.82167e-07
20.626,0.0,203.40446517671813,9.128853000000001e-07
20.626,0.0,203.40404548529864,8.788338e-07
20.626,0.0,203.40362656526543,8.940551000000001e-07
25.626,0.0,203.72416875,2.240909e-05
25.626,0.0,203.72416875,-2.134664e-06
25.626,0.0,203.724095575681,-1.172099e-06
25.626,0.0,203.72398689783552,-5.612528e-07
25.626,0.0,203.7238501209602,-9.872019e-08
25.626,0.0,203.72366509736847,2.5866030000000004e-07
25.626,0.0,203.72342336986753,5.346374000000001e-07
25.626,0.0,203.7231584328494,4.066824e-07
25.626,0.0,203.72286507343756,5.037291e-07
25.626,0.0,203.72251187787023,5.70144e-07
25.626,0.0,203.7221317213105,6.560440000000001e-07
25.626,0.0,203.721684664372,7.619236999999999e-07
25.626,0.0,203.7212841272953,8.019852000000001e-07
25.626,0.0,203.72087336160936,8.388306e-07
25.626,0.0,203.72044968127352,8.671341e-07
25.626,0.0,203.72005106841763,9.138166000000001e-07
25.626,0.0,203.71960816192868,8.96558e-07
25.626,0.0,203.7191793445417,9.780633e-07
25.626,0.0,203.7187916199551,9.561627e-07
25.626,0.0,203.71837332665973,9.373616000000001e-07
25.626,0.0,203.71796072766304,9.710348000000001e-07
25.626,0.0,203.71753394117752,8.600618e-07
25.626,0.0,203.71710329297755,9.598007000000001e-07
25.626,0.0,203.71669774496405,9.802607000000001e-07
25.626,0.0,203.71628537821928,1.033724e-06
25.626,0.0,203.7158500597976,1.029679e-06
25.626,0.0,203.71543812025163,1.03614e-06
25.626,0.0,203.71499931665133,1.044304e-06
25.626,0.0,203.71458759935845,1.032051e-06
25.626,0.0,203.71414595368995,1.054737e-06
25.626,0.0,203.71372573481,1.058303e-06
25.626,0.0,203.71332125156889,1.107837e-06
25.626,0.0,203.71292206644176,1.141583e-06
25.626,0.0,203.7124734791808,1.192995e-06
25.626,0.0,203.71208335314344,1.126027e-06
25.626,0.0,203.71165059761137,1.051711e-06
25.626,0.0,203.7112440841092,1.043663e-06
25.626,0.0,203.71082754463887,1.025517e-06
25.626,0.0,203.71042760196525,1.03371e-06
25.626,0.0,203.71000492941727,9.460346000000001e-07
25.626,0.0,203.70957470829327,8.838106e-07
25.626,0.0,203.70915795761408,8.587376e-07
25.626,0.0,203.7087403618735,8.938368000000001e-07
25.626,0.0,203.70833435914363,8.665229e-07
25.626,0.0,203.70793396296,9.040232e-07
25.626,0.0,203.70750302009063,8.962816e-07
25.626,0.0,203.70708034527505,9.042269000000001e-07
25.626,0.0,203.70666358029004,9.461655e-07
25.626,0.0,203.7062200883464,1.042281e-06
25.626,0.0,203.705804704759,9.862415000000002e-07
25.626,0.0,203.7053920674724,1.108725e-06
25.626,0.0,203.7049862527276,1.097957e-06
25.626,0.0,203.7045438808439,1.103283e-06
25.626,0.0,203.70412839687984,1.11929e-06
25.626,0.0,203.7037271819854,1.079316e-06
25.626,0.0,203.7032839365026,1.13486e-06
25.626,0.0,203.70289654496213,1.111766e-06
25.626,0.0,203.7024696730085,1.116001e-06
25.626,0.0,203.70204985421677,1.147375e-06
25.626,0.0,203.70163091877768,1.0519e-06
25.626,0.0,203.7012285733931,1.029926e-06
25.626,0.0,203.70082005552865,1.042266e-06
25.626,0.0,203.70040492486467,1.058477e-06
25.626,0.0,203.69999268243828,1.046952e-06
25.626,0.0,203.6995687753104,1.008171e-06
25.626,0.0,203.69913470954484,9.533105000000001e-07
25.626,0.0,203.6987298109956,1.039967e-06
25.626,0.0,203.6983005546687,1.14429e-06
25.626,0.0,203.69789132422616,1.136446e-06
25.626,0.0,203.69748976426504,1.111359e-06
25.626,0.0,203.6970522263645,1.105422e-06
25.626,0.0,203.6966164774664,1.075401e-06
25.626,0.0,203.69621325915503,1.026332e-06
25.626,0.0,203.69580741483992,1.057444e-06
25.626,0.0,203.69536414434276,9.786745e-07
25.626,0.0,203.69494346559185,1.026099e-06
25.626,0.0,203.69451271849897,1.045162e-06
25.626,0.0,203.69410486512115,9.744690000000001e-07
25.626,0.0,203.69367523170956,1.023538e-06
25.626,0.0,203.69326626795728,1.054912e-06
25.626,0.0,203.69284472686408,1.050357e-06
25.626,0.0,203.69242741422485,1.032589e-06
25.626,0.0,203.6920309375604,1.035733e-06
25.626,0.0,203.69159313467063,9.856158e-07
25.626,0.0,203.6911917477772,1.022985e-06
25.626,0.0,203.69077019926547,1.037944e-06
25.626,0.0,203.6903530741628,1.040258e-06
25.626,0.0,203.68994786947363,1.065506e-06
25.626,0.0,203.68951420623077,1.007473e-06
25.626,0.0,203.6891059401445,1.041379e-06
25.626,0.0,203.6886760667064,1.07479e-06
25.626,0.0,203.68827617328847,1.098277e-06
25.626,0.0,203.68787267313027,1.105669e-06
25.626,0.0,203.68742849316183,1.089924e-06
25.626,0.0,203.687011370666,1.094231e-06
25.626,0.0,203.68660635248403,1.122869e-06
25.626,0.0,203.68615839445204,1.094522e-06
25.626,0.0,203.6857406892761,1.120046e-06
25.626,0.0,203.68532517388633,1.089327e-06
25.626,0.0,203.68493281813957,1.107372e-06
25.626,0.0,203.684487016024,1.136941e-06
25.626,0.0,203.68406320081607,9.131327e-07
25.626,0.0,203.6836645836124,1.106499e-06
25.626,0.0,203.68322116113995,1.106353e-06
25.626,0.0,203.68282656999736,9.818032e-07
25.626,0.0,203.68241847853224,1.111242e-06
25.626,0.0,203.68200288910907,1.120978e-06
25.626,0.0,203.68157979290805,1.158493e-06
25.626,0.0,203.6811488480292,1.121996e-06
25.626,0.0,203.6807483115581,1.121094e-06
25.626,0.0,203.68034179888207,1.104025e-06
25.626,0.0,203.67992502760143,1.120061e-06
25.626,0.0,203.67951719358004,1.154782e-06
25.626,0.0,203.67907834473343,1.115332e-06
25.626,0.0,203.67865447679,1.086111e-06
25.626,0.0,203.67824769021848,1.105727e-06
25.626,0.0,203.67782207619464,1.046952e-06
25.626,0.0,203.677408958728,1.070352e-06
25.626,0.0,203.67700896214436,1.14819e-06
25.626,0.0,203.67657024241967,1.138862e-06
25.626,0.0,203.67613682600523,1.099615e-06
25.626,0.0,203.6757318942281,1.129883e-06
25.626,0.0,203.67533060143032,1.107779e-06
25.626,0.0,203.6748874429381,1.120876e-06
25.626,0.0,203.67446227810927,1.100838e-06
25.626,0.0,203.674031510716,1.142427e-06
25.626,0.0,203.67362345027445,1.073568e-06
25.626,0.0,203.6731980577576,1.125678e-06
25.626,0.0,203.67278462684047,1.14835e-06
25.626,0.0,203.67239479594096,1.148219e-06
25.626,0.0,203.6719485032187,1.142034e-06
25.626,0.0,203.67154982614127,1.091539e-06
25.626,0.0,203.6711120777481,1.073451e-06
25.626,0.0,203.67072678079884,1.07153e-06
25.626,0.0,203.67029025898233,1.102773e-06
25.626,0.0,203.66987906534683,1.112247e-06
25.626,0.0,203.6694745889566,1.143169e-06
25.626,0.0,203.66904387340952,1.082808e-06
25.626,0.0,203.66863626680325,1.151115e-06
25.626,0.0,203.668213382736,1.076274e-06
25.626,0.0,203.66778535436623,9.960786000000002e-07
25.626,0.0,203.6674102950855,1.049993e-06
25.626,0.0,203.6669619968996,1.103792e-06
25.626,0.0,203.66652718819745,1.100823e-06
25.626,0.0,203.6661025665414,1.081076e-06
25.626,0.0,203.66569271278513,1.064443e-06
25.626,0.0,203.66527744490435,1.127803e-06
25.626,0.0,203.6648343477964,1.093416e-06
25.626,0.0,203.6644396631069,1.101915e-06
25.626,0.0,203.66401984684907,1.135631e-06
25.626,0.0,203.66358725306975,1.119915e-06
25.626,0.0,203.66317249093976,1.109467e-06
25.626,0.0,203.6627572491998,1.065142e-06
25.626,0.0,203.66236990367645,1.056615e-06
25.626,0.0,203.66194826393067,1.092398e-06
25.626,0.0,203.66153020574777,1.134773e-06
25.626,0.0,203.66110355540152,1.09119e-06
25.626,0.0,203.6606798169384,1.086533e-06
25.626,0.0,203.660293477268,1.098873e-06
25.626,0.0,203.65985682554071,1.054228e-06
25.626,0.0,203.6594328631672,1.02396e-06
25.626,0.0,203.6590339211138,9.912910000000001e-07
25.626,0.0,203.65859286625823,9.742362000000002e-07
25.626,0.0,203.6581865854564,9.866781e-07
25.626,0.0,203.657772964068,1.02655e-06
25.626,0.0,203.65735775002267,9.919895e-07
25.626,0.0,203.65695742731327,1.036795e-06
25.626,0.0,203.65651657050103,1.006658e-06
25.626,0.0,203.65607713650184,1.045948e-06
25.626,0.0,203.65564806558615,1.047985e-06
25.626,0.0,203.65525374114583,9.795622e-07
25.626,0.0,203.65483855489433,1.020671e-06
25.626,0.0,203.65442221050773,1.105145e-06
25.626,0.0,203.65397388480827,1.093897e-06
25.626,0.0,203.65357504580896,9.879732000000003e-07
25.626,0.0,203.6531508026505,1.060616e-06
25.626,0.0,203.65270568256696,1.049484e-06
25.626,0.0,203.65230299768447,1.050605e-06
25.626,0.0,203.6519024714672,1.04394e-06
25.626,0.0,203.65149090143777,1.034758e-06
25.626,0.0,203.65106658286675,1.000066e-06
25.626,0.0,203.65063854303088,9.753712000000001e-07
25.626,0.0,203.65024109383057,9.761716000000002e-07
25.626,0.0,203.6498257366552,9.772921e-07
25.626,0.0,203.6494333121406,8.791976e-07
25.626,0.0,203.6489876812848,8.692878000000001e-07
25.626,0.0,203.64856371328403,9.268697000000001e-07
25.626,0.0,203.64816480177805,8.359202e-07
25.626,0.0,203.64772091929328,9.193027000000001e-07
25.626,0.0,203.6473055970721,9.257783e-07
25.626,0.0,203.64691827634323,9.316573000000001e-07
25.626,0.0,203.646487664236,9.417708000000001e-07
25.626,0.0,203.64604578734156,9.239302e-07
25.626,0.0,203.64560347579865,9.350624e-07
25.626,0.0,203.6452180244329,9.096839000000001e-07
25.626,0.0,203.64478550954345,1.007546e-06
25.626,0.0,203.64437497297172,9.842188e-07
25.626,0.0,203.64397098250836,9.86387e-07
25.626,0.0,203.64354021213873,9.611831000000001e-07
25.626,0.0,203.6431144479345,9.864452e-07
25.626,0.0,203.64270872224557,1.066568e-06
25.626,0.0,203.64229353029137,1.052627e-06
25.626,0.0,203.64188241583247,1.062042e-06
25.626,0.0,203.64145869797508,1.122302e-06
25.626,0.0,203.64106008077144,1.072622e-06
25.626,0.0,203.64061667045385,1.122578e-06
25.626,0.0,203.64023117761369,1.114022e-06
25.626,0.0,203.63980192588272,1.096923e-06
25.626,0.0,203.6393863438917,9.873038e-07
25.626,0.0,203.63897886837196,9.509677000000001e-07
25.626,0.0,203.63855331970817,1.080683e-06
25.626,0.0,203.63811796169912,1.017339e-06
25.626,0.0,203.6377143311383,9.790238e-07
25.626,0.0,203.63728083117985,9.657961000000002e-07
25.626,0.0,203.63687514385407,9.987416e-07
25.626,0.0,203.6364717907168,9.071082000000001e-07
25.626,0.0,203.6360364581604,7.246417000000001e-07
25.626,0.0,203.63560562180496,1.035893e-06
25.626,0.0,203.6351760682152,1.046457e-06
25.626,0.0,203.634732969405,1.0238e-06
25.626,0.0,203.63433586604543,1.066204e-06
25.626,0.0,203.63392891420656,1.04215e-06
25.626,0.0,203.63349712903556,8.946081e-07
25.626,0.0,203.63308902585297,1.134249e-06
25.626,0.0,203.63265823666336,9.968353e-07
25.626,0.0,203.6322584430293,1.184715e-06
25.626,0.0,203.63185308885127,1.152439e-06
25.626,0.0,203.63141153455345,1.125474e-06
25.626,0.0,203.63101181478112,1.148146e-06
25.626,0.0,203.63058035125448,1.184104e-06
25.626,0.0,203.630163872244,1.160413e-06
25.626,0.0,203.62974724069875,1.223831e-06
25.626,0.0,203.6293476545552,1.152293e-06
25.626,0.0,203.6289417263748,1.113061e-06
25.626,0.0,203.62850894426305,1.075707e-06
25.626,0.0,203.6280943461045,1.099339e-06
25.626,0.0,203.62767068419353,1.147506e-06
25.626,0.0,203.62725573407653,9.976357e-07
25.626,0.0,203.6268402142996,8.410716000000001e-07
25.626,0.0,203.62642377285877,1.045293e-06
25.626,0.0,203.62597558768104,1.129563e-06
25.626,0.0,203.6255852442196,1.154505e-06
25.626,0.0,203.62515329705343,1.065535e-06
25.626,0.0,203.6247083435274,1.162756e-06
25.626,0.0,203.62431574266895,1.212611e-06
25.626,0.0,203.6239053882192,1.234686e-06
25.626,0.0,203.62347707813427,1.245935e-06
25.626,0.0,203.62305628470733,1.219843e-06
25.626,0.0,203.62263772307836,1.228691e-06
25.626,0.0,203.6222151692783,1.237175e-06
25.626,0.0,203.62182760140468,1.280874e-06
25.626,0.0,203.62141249853445,1.25129e-06
25.626,0.0,203.6209829784124,1.263368e-06
25.626,0.0,203.6205749664977,1.282649e-06
25.626,0.0,203.62014429100944,1.300781e-06
25.626,0.0,203.6197236414889,1.299195e-06
25.626,0.0,203.619319509991,1.224325e-06
25.626,0.0,203.61892035688044,1.24643e-06
25.626,0.0,203.61848940850908,1.176624e-06
25.626,0.0,203.61806790128463,1.209657e-06
25.626,0.0,203.61765081346007,1.020526e-06
25.626,0.0,203.61723139106107,9.539217e-07
25.626,0.0,203.61681600362647,1.109394e-06
25.626,0.0,203.61638140105956,1.20484e-06
25.626,0.0,203.61599602192072,1.2206e-06
25.626,0.0,203.6155547807,1.256136e-06
25.626,0.0,203.61513091781796,1.204695e-06
25.626,0.0,203.6146837159476,1.199194e-06
25.626,0.0,203.61426808499553,1.260472e-06
25.626,0.0,203.6138595854954,1.17642e-06
25.626,0.0,203.61345674773625,1.206878e-06
25.626,0.0,203.61302588722768,1.289503e-06
25.626,0.0,203.61258785518208,1.304346e-06
25.626,0.0,203.61218719849407,1.304186e-06
25.626,0.0,203.611776056918,1.193708e-06
25.626,0.0,203.61136663372355,1.26705e-06
25.626,0.0,203.61096340120673,1.306005e-06
25.626,0.0,203.61051922302312,1.00644e-06
25.626,0.0,203.61012500539832,1.1925e-06
25.626,0.0,203.6096997087536,1.315842e-06
25.626,0.0,203.6092861829468,1.295659e-06
25.626,0.0,203.6088967812392,1.302629e-06
25.626,0.0,203.6084500595992,1.240231e-06
25.626,0.0,203.60802587243325,1.285836e-06
25.626,0.0,203.60762690502887,1.287553e-06
25.626,0.0,203.60720314228624,1.256092e-06
25.626,0.0,203.6067638280957,1.186316e-06
25.626,0.0,203.60634839011388,1.262844e-06
25.626,0.0,203.6059305758304,1.27063e-06
25.626,0.0,203.6055227244904,1.281514e-06
25.626,0.0,203.60509230180585,1.340406e-06
25.626,0.0,203.6046607607288,1.340071e-06
25.626,0.0,203.6042533294085,1.341119e-06
25.626,0.0,203.60385694570576,1.361826e-06
25.626,0.0,203.60341413267116,1.432112e-06
25.626,0.0,203.60302019751808,1.42795e-06
25.626,0.0,203.602591838188,1.407971e-06
25.626,0.0,203.602167879638,1.46628e-06
25.626,0.0,203.60175992007984,1.470777e-06
25.626,0.0,203.60136443994696,1.455483e-06
25.626,0.0,203.60092090715295,1.347318e-06
25.626,0.0,203.60050484208284,1.472668e-06
25.626,0.0,203.60009804938153,1.458815e-06
25.626,0.0,203.59965079835771,1.431981e-06
25.626,0.0,203.59926551017992,1.420194e-06
25.626,0.0,203.5988440780195,1.440334e-06
25.626,0.0,203.59842702358992,1.426059e-06
25.626,0.0,203.59801065251204,1.382621e-06
25.626,0.0,203.59758835471905,1.315217e-06
25.626,0.0,203.5971575808823,1.3182e-06
25.626,0.0,203.59674008910395,1.335269e-06
25.626,0.0,203.5963190332796,1.409368e-06
25.626,0.0,203.595933767842,1.361332e-06
25.626,0.0,203.59548640708607,1.327178e-06
25.626,0.0,203.59506261418568,1.352397e-06
25.626,0.0,203.59461879271407,1.400665e-06
25.626,0.0,203.59419220412,1.397289e-06
25.626,0.0,203.59379073519767,1.393244e-06
25.626,0.0,203.59338879748472,1.361666e-06
25.626,0.0,203.59296339055797,1.425098e-06
25.626,0.0,203.5925553049016,1.469802e-06
25.626,0.0,203.5921243535688,1.485489e-06
25.626,0.0,203.5916993625848,1.374341e-06
25.626,0.0,203.59129730956488,1.357213e-06
25.626,0.0,203.59089607456264,1.439199e-06
25.626,0.0,203.59048606210084,1.357606e-06
25.626,0.0,203.59006146364163,1.379187e-06
25.626,0.0,203.58963073957784,1.325607e-06
25.626,0.0,203.58922832124128,1.294029e-06
25.626,0.0,203.58881951067448,1.345004e-06
25.626,0.0,203.58840546087916,1.330336e-06
25.626,0.0,203.58799853936253,1.333989e-06
25.626,0.0,203.5875676851821,1.305481e-06
25.626,0.0,203.5871335378264,1.162291e-06
25.626,0.0,203.58668627138044,1.289867e-06
25.626,0.0,203.58627036249055,1.260356e-06
25.626,0.0,203.58586618958915,1.308654e-06
25.626,0.0,203.5854618159323,1.325316e-06
25.626,0.0,203.58502738445617,1.347813e-06
25.626,0.0,203.58459669164927,1.159715e-06
25.626,0.0,203.58419076838132,1.163367e-06
25.626,0.0,203.583777883086,1.300665e-06
25.626,0.0,203.58336262007967,1.370412e-06
25.626,0.0,203.582961096476,1.345674e-06
25.626,0.0,203.58253438445217,1.36545e-06
25.626,0.0,203.5821091708484,1.442066e-06
25.626,0.0,203.58170143037296,1.440698e-06
25.626,0.0,203.58125827105087,1.421955e-06
25.626,0.0,203.5808754519816,1.464781e-06
25.626,0.0,203.58045168927367,1.466789e-06
25.626,0.0,203.58003043237605,1.389519e-06
25.626,0.0,203.57960970296688,1.105363e-06
25.626,0.0,203.579180873028,1.396606e-06
25.626,0.0,203.57878069358108,1.291919e-06
25.626,0.0,203.5783775289282,1.302338e-06
25.626,0.0,203.57795391161872,1.31964e-06
25.626,0.0,203.57753530426257,1.316715e-06
25.626,0.0,203.57710982217444,1.25957e-06
25.626,0.0,203.5766618444823,1.222405e-06
25.626,0.0,203.576276535752,1.205932e-06
25.626,0.0,203.57585729880333,1.252251e-06
25.626,0.0,203.57543784198276,1.179578e-06
25.626,0.0,203.57499076186107,1.178443e-06
25.626,0.0,203.57456707073587,1.224194e-06
25.626,0.0,203.5741680282713,1.253415e-06
25.626,0.0,203.57372497670403,1.186781e-06
25.626,0.0,203.57330968590395,1.215041e-06
25.626,0.0,203.5729212501909,1.243287e-06
25.626,0.0,203.5724909384392,1.254914e-06
25.626,0.0,203.57206944963443,1.224529e-06
25.626,0.0,203.57165206508543,1.267937e-06
25.626,0.0,203.57123275407008,1.207751e-06
25.626,0.0,203.57084510281513,1.197433e-06
25.626,0.0,203.57040511298916,1.170542e-06
25.626,0.0,203.57000497805896,1.147244e-06
25.626,0.0,203.5695813102592,1.163688e-06
25.626,0.0,203.56913971320412,1.127002e-06
25.626,0.0,203.56875493766623,1.160981e-06
25.626,0.0,203.56832247782097,1.204055e-06
25.626,0.0,203.56794365497157,1.186258e-06
25.626,0.0,203.5674997925592,1.209381e-06
25.626,0.0,203.56706147961805,1.187233e-06
25.626,0.0,203.5666308692552,1.10465e-06
25.626,0.0,203.56622804319235,1.183653e-06
25.626,0.0,203.56581916888172,1.176988e-06
25.626,0.0,203.56538055886335,1.172783e-06
25.626,0.0,203.5649565908626,1.144654e-06
25.626,0.0,203.5645554674913,1.150562e-06
25.626,0.0,203.56413385557215,1.166976e-06
25.626,0.0,203.56370991258572,1.161563e-06
25.626,0.0,203.56329781340403,1.134104e-06
25.626,0.0,203.5628836356344,1.003209e-06
25.626,0.0,203.56245928115413,1.09864e-06
25.626,0.0,203.56205108328865,1.126624e-06
25.626,0.0,203.56162018581944,1.116001e-06
25.626,0.0,203.56121641673664,1.107401e-06
25.626,0.0,203.5608064037648,1.098946e-06
25.626,0.0,203.56039369626757,1.143009e-06
25.626,0.0,203.55998796286391,1.141641e-06
25.626,0.0,203.5595461687859,1.106207e-06
25.626,0.0,203.5591471038474,1.156848e-06
25.626,0.0,203.55872315541347,1.135821e-06
25.626,0.0,203.5582861246789,1.113222e-06
25.626,0.0,203.55789856236163,1.077409e-06
25.626,0.0,203.55747125612453,1.040826e-06
25.626,0.0,203.55704071543985,1.10855e-06
25.626,0.0,203.55663251956528,1.118562e-06
25.626,0.0,203.55620863696944,1.096341e-06
25.626,0.0,203.55579312381903,1.12936e-06
25.626,0.0,203.55534988111563,1.130597e-06
25.626,0.0,203.55493180087367,1.150984e-06
25.626,0.0,203.5545149248209,1.146545e-06
25.626,0.0,203.5540927404592,1.103501e-06
25.626,0.0,203.55366112147632,1.053428e-06
25.626,0.0,203.55325391800764,1.086693e-06
25.626,0.0,203.55283844199647,1.055319e-06
25.626,0.0,203.5524151757512,1.037042e-06
25.626,0.0,203.55201583177768,1.051885e-06
25.626,0.0,203.55159181374827,9.730720000000001e-07
25.626,0.0,203.55119076942097,9.558134000000001e-07
25.626,0.0,203.5507527579771,9.618816e-07
25.626,0.0,203.5503456357581,9.776704000000002e-07
25.626,0.0,203.5499442212276,9.754731e-07
25.626,0.0,203.5495133899268,1.01632e-06
25.626,0.0,203.54910526233448,1.034903e-06
25.626,0.0,203.54867585616373,9.835348e-07
25.626,0.0,203.54827587199009,9.855139000000002e-07
25.626,0.0,203.54787231179048,9.967480000000002e-07
25.626,0.0,203.54742791693812,1.003296e-06
25.626,0.0,203.5470039739517,1.021559e-06
25.626,0.0,203.54656566660023,1.065491e-06
25.626,0.0,203.54615744375897,1.094435e-06
25.626,0.0,203.54573966156144,1.131091e-06
25.626,0.0,203.54532456118784,1.124557e-06
25.626,0.0,203.5448884233645,1.147855e-06
25.626,0.0,203.5444866733676,1.131237e-06
25.626,0.0,203.54406284948905,1.146967e-06
25.626,0.0,203.54366418822056,1.117063e-06
25.626,0.0,203.54322077216472,1.129752e-06
25.626,0.0,203.54282625260888,1.120992e-06
25.626,0.0,203.54241809479433,1.064778e-06
25.626,0.0,203.54198712911233,1.046472e-06
25.626,0.0,203.5415789994676,1.020613e-06
25.626,0.0,203.54114588164464,9.412615000000001e-07
25.626,0.0,203.54073999509396,9.246578e-07
25.626,0.0,203.5403404125284,9.914511e-07
25.626,0.0,203.5399011621804,9.058567e-07
25.626,0.0,203.5395006666255,9.383075000000001e-07
25.626,0.0,203.5390768236964,9.166833e-07
25.626,0.0,203.53863492119396,8.992064999999999e-07
25.626,0.0,203.53823632027016,7.317722000000001e-07
25.626,0.0,203.5378208838746,7.235793999999999e-07
25.626,0.0,203.53740667770552,8.320931000000001e-07
25.626,0.0,203.53699971745243,8.307833999999999e-07
25.626,0.0,203.53655919792595,8.173229e-07
25.626,0.0,203.5361352489756,9.036594e-07
25.626,0.0,203.53573005124332,9.051582000000001e-07
25.626,0.0,203.53530046581983,9.484065000000001e-07
25.626,0.0,203.5348849460429,7.501512e-07
25.626,0.0,203.5344600302776,8.697243e-07
25.626,0.0,203.53401504338737,7.663912e-07
25.626,0.0,203.53362102048223,5.978363000000001e-07
25.626,0.0,203.5331946833928,6.197079e-07
25.626,0.0,203.53278219557043,8.067436e-07
25.626,0.0,203.53236399990632,7.19403e-07
25.626,0.0,203.5319433652696,7.9046e-07
25.626,0.0,203.53154723407872,8.530915000000001e-07
25.626,0.0,203.531104883388,8.990464e-07
25.626,0.0,203.530699884592,8.441421e-07
25.626,0.0,203.5302880721124,8.882489e-07
25.626,0.0,203.52987709405167,8.587521999999999e-07
25.626,0.0,203.52947266043248,9.301584000000001e-07
25.626,0.0,203.52902948323657,9.906944000000001e-07
25.626,0.0,203.5286305667717,9.055075e-07
25.626,0.0,203.52820697903903,9.656214e-07
25.626,0.0,203.52776778293617,9.550131e-07
25.626,0.0,203.52738015284845,8.897622999999999e-07
25.626,0.0,203.52695613594307,8.323987000000001e-07
25.626,0.0,203.5265250292007,9.748910000000001e-07
25.626,0.0,203.52608666572095,1.02575e-06
25.626,0.0,203.52568595155765,9.703945e-07
25.626,0.0,203.52526422969112,1.045948e-06
25.626,0.0,203.52483176402885,1.020744e-06
25.626,0.0,203.5244165987788,1.073568e-06
25.626,0.0,203.52400862269604,1.024964e-06
25.626,0.0,203.52357775639132,1.043067e-06
25.626,0.0,203.5231699895811,1.110049e-06
25.626,0.0,203.52275503107236,1.101347e-06
25.626,0.0,203.5223479492716,1.108099e-06
25.626,0.0,203.52194603431315,1.107226e-06
25.626,0.0,203.52150009969745,1.106368e-06
25.626,0.0,203.5211014824938,1.131542e-06
25.626,0.0,203.5206779397368,1.09784e-06
25.626,0.0,203.5202691847273,1.03662e-06
25.626,0.0,203.51985526956375,1.039894e-06
25.626,0.0,203.5194313494273,1.067237e-06
25.626,0.0,203.51901347389605,1.065389e-06
25.626,0.0,203.5185911423964,1.053413e-06
25.626,0.0,203.51816030754327,1.089444e-06
25.626,0.0,203.51776069399577,1.081062e-06
25.626,0.0,203.51735539292628,1.085675e-06
25.626,0.0,203.51691306035968,1.133216e-06
25.626,0.0,203.5164892174306,1.136155e-06
25.626,0.0,203.5160904561048,1.115011e-06
25.626,0.0,203.5156442838028,1.163789e-06
25.626,0.0,203.51522326538344,1.187364e-06
25.626,0.0,203.51480777634177,1.22335e-06
25.626,0.0,203.51439508438847,1.218417e-06
25.626,0.0,203.51398919717073,1.232562e-06
25.626,0.0,203.51354752071003,1.249107e-06
25.626,0.0,203.51312777797332,1.234395e-06
25.626,0.0,203.51272506346928,1.149368e-06
25.626,0.0,203.51228816136523,9.511423000000001e-07
25.626,0.0,203.51188082669947,6.107875e-07
25.626,0.0,203.51147811286697,3.8489820000000005e-07
25.626,0.0,203.51105253506503,7.647905e-07
25.626,0.0,203.5106341185019,1.008302e-06
25.626,0.0,203.51023203806585,1.110166e-06
25.626,0.0,203.50982377283287,1.173888e-06
25.626,0.0,203.5094085032,1.232984e-06
25.626,0.0,203.50899538351703,1.113163e-06
25.626,0.0,203.5085714019801,1.296183e-06
25.626,0.0,203.5081381241889,1.196051e-06
25.626,0.0,203.50773289650104,1.195207e-06
25.626,0.0,203.50731561402748,1.167034e-06
25.626,0.0,203.5068889401259,1.172331e-06
25.626,0.0,203.506463439042,1.198001e-06
25.626,0.0,203.50604393010963,1.173365e-06
25.626,0.0,203.5056199981317,1.16443e-06
25.626,0.0,203.5051960748476,1.199092e-06
25.626,0.0,203.5047556518708,1.198525e-06
25.626,0.0,203.5043727195107,1.180175e-06
25.626,0.0,203.50394892661032,1.199558e-06
25.626,0.0,203.5035153973588,1.205859e-06
25.626,0.0,203.50310717342728,1.176595e-06
25.626,0.0,203.50267797598684,1.173277e-06
25.626,0.0,203.50229017616243,1.217821e-06
25.626,0.0,203.50187491521277,1.213266e-06
25.626,0.0,203.50147018464767,1.184482e-06
25.626,0.0,203.50103145196977,1.208769e-06
25.626,0.0,203.50061772099224,1.216089e-06
25.626,0.0,203.5002133309285,1.269058e-06
25.626,0.0,203.49978497977153,1.264561e-06
25.626,0.0,203.49936646976477,1.265173e-06
25.626,0.0,203.49896249462444,1.293723e-06
25.626,0.0,203.49852802418792,1.242501e-06
25.626,0.0,203.49811991728347,1.213455e-06
25.626,0.0,203.4976938294037,1.229389e-06
25.626,0.0,203.4972782555254,1.204113e-06
25.626,0.0,203.49689022963273,1.151799e-06
25.626,0.0,203.49644409340956,1.039924e-06
25.626,0.0,203.4960201254088,1.125183e-06
25.626,0.0,203.49558007459257,1.177017e-06
25.626,0.0,203.49517242041256,1.197084e-06
25.626,0.0,203.49475719076568,1.212276e-06
25.626,0.0,203.49434214348304,1.235356e-06
25.626,0.0,203.49389870675444,1.167558e-06
25.626,0.0,203.49348801995785,1.243301e-06
25.626,0.0,203.4930783293658,1.23182e-06
25.626,0.0,203.49263619423343,1.193985e-06
25.626,0.0,203.49223749534923,1.172913e-06
25.626,0.0,203.4918221979226,1.211476e-06
25.626,0.0,203.49143063414272,1.252236e-06
25.626,0.0,203.4910007889117,1.246284e-06
25.626,0.0,203.4905926137864,1.292879e-06
25.626,0.0,203.4901620065189,1.268942e-06
25.626,0.0,203.4897448537913,1.262873e-06
25.626,0.0,203.48935730910216,1.247783e-06
25.626,0.0,203.48891420361977,1.282053e-06
25.626,0.0,203.4885065100316,1.312743e-06
25.626,0.0,203.4880916493936,1.288587e-06
25.626,0.0,203.48764498255463,1.296241e-06
25.626,0.0,203.48722404201433,1.256791e-06
25.626,0.0,203.4868363285452,1.234032e-06
25.626,0.0,203.4864207755425,1.304856e-06
25.626,0.0,203.48597208454748,1.362714e-06
25.626,0.0,203.4855363156377,1.344451e-06
25.626,0.0,203.48514928017792,1.109613e-06
25.626,0.0,203.48470404086623,1.159584e-06
25.626,0.0,203.48430178847056,1.3955e-06
25.626,0.0,203.48390147467103,1.338762e-06
25.626,0.0,203.48347405392104,1.320921e-06
25.626,0.0,203.48306585382403,1.325141e-06
25.626,0.0,203.48263187357256,1.317079e-06
25.626,0.0,203.4822271191433,1.29026e-06
25.626,0.0,203.4818088881388,1.248613e-06
25.626,0.0,203.48138785987507,1.280583e-06
25.626,0.0,203.48098602938165,1.279404e-06
25.626,0.0,203.4805491450332,1.311186e-06
25.626,0.0,203.48016339267133,1.314955e-06
25.626,0.0,203.479719561178,1.29854e-06
25.626,0.0,203.47930395801967,1.281835e-06
25.626,0.0,203.4789161823365,1.264154e-06
25.626,0.0,203.47848597767,1.2495e-06
25.626,0.0,203.47804395873305,1.332955e-06
25.626,0.0,203.4776475833196,1.37779e-06
25.626,0.0,203.47722761492156,1.340464e-06
25.626,0.0,203.47678429039703,1.266046e-06
25.626,0.0,203.47639651471383,1.225533e-06
25.626,0.0,203.47597010949517,1.192282e-06
25.626,0.0,203.475539212026,1.198336e-06
25.626,0.0,203.4751020147611,1.246241e-06
25.626,0.0,203.47465422398852,1.260807e-06
25.626,0.0,203.47426900589073,1.28684e-06
25.626,0.0,203.47384795682584,1.318913e-06
25.626,0.0,203.47343015310292,1.256165e-06
25.626,0.0,203.47301337856396,1.310967e-06
25.626,0.0,203.4725913062316,1.341687e-06
25.626,0.0,203.47218456513488,1.310371e-06
25.626,0.0,203.47177078147453,1.224776e-06
25.626,0.0,203.47134405476976,1.224776e-06
25.626,0.0,203.47093784279323,1.245993e-06
25.626,0.0,203.4705143537481,1.169072e-06
25.626,0.0,203.47011535764616,1.151682e-06
25.626,0.0,203.46966658094527,1.153647e-06
25.626,0.0,203.46928136396767,1.191642e-06
25.626,0.0,203.4688630617069,1.104199e-06
25.626,0.0,203.46844251089004,1.066248e-06
25.626,0.0,203.4680343352495,1.147011e-06
25.626,0.0,203.4676036651829,1.113178e-06
25.626,0.0,203.46717365393613,1.030683e-06
25.626,0.0,203.46673032785137,1.08176e-06
25.626,0.0,203.46634992363167,1.094289e-06
25.626,0.0,203.46592593493853,1.092791e-06
25.626,0.0,203.46549437885727,1.041393e-06
25.626,0.0,203.46507225089536,1.006934e-06
25.626,0.0,203.46465553337887,1.075561e-06
25.626,0.0,203.46423676448933,9.979558e-07
25.626,0.0,203.46381645022768,1.052278e-06
25.626,0.0,203.46340748369497,1.075605e-06
25.626,0.0,203.46298349067987,1.075474e-06
25.626,0.0,203.4625847484045,1.110981e-06
25.626,0.0,203.46213897704888,1.129811e-06
25.626,0.0,203.46173726266107,1.111315e-06
25.626,0.0,203.46132960574784,1.088352e-06
25.626,0.0,203.4609147776088,1.114662e-06
25.626,0.0,203.46050719285233,1.124252e-06
25.626,0.0,203.4600762880434,1.155146e-06
25.626,0.0,203.45966788553437,1.266453e-06
25.626,0.0,203.45925187452087,1.216016e-06
25.626,0.0,203.4588198189988,1.263703e-06
25.626,0.0,203.4583981369859,1.23636e-06
25.626,0.0,203.45799733197708,1.279521e-06
25.626,0.0,203.45756840893247,1.252207e-06
25.626,0.0,203.45715133909675,1.229579e-06
25.626,0.0,203.4567324782095,1.243694e-06
25.626,0.0,203.4563169372653,1.248307e-06
25.626,0.0,203.4558820403975,1.261986e-06
25.626,0.0,203.45549659303788,1.214241e-06
25.626,0.0,203.45505588689505,1.16376e-06
25.626,0.0,203.4546125197174,1.151857e-06
25.626,0.0,203.45418447619716,1.050401e-06
25.626,0.0,203.4537844109624,1.084947e-06
25.626,0.0,203.45338171544543,1.031993e-06
25.626,0.0,203.45293667552113,9.316864000000001e-07
25.626,0.0,203.45254959853327,1.165914e-06
25.626,0.0,203.45211344590783,1.144843e-06
25.626,0.0,203.4517105214231,1.140506e-06
25.626,0.0,203.45127619907785,1.10369e-06
25.626,0.0,203.4508714479228,1.074281e-06
25.626,0.0,203.45046797532692,1.043765e-06
25.626,0.0,203.4500439435924,1.032153e-06
25.626,0.0,203.44962464512145,1.0449e-06
25.626,0.0,203.44919958541132,1.049164e-06
25.626,0.0,203.4488120884833,1.09055e-06
25.626,0.0,203.44839681943168,1.09653e-06
25.626,0.0,203.44795002437007,1.082182e-06
25.626,0.0,203.4475498132988,1.071588e-06
25.626,0.0,203.4471270329724,1.055567e-06
25.626,0.0,203.44670304510305,1.060616e-06
25.626,0.0,203.44626325104068,1.049702e-06
25.626,0.0,203.4458550583716,1.045133e-06
25.626,0.0,203.44544263655663,1.05027e-06
25.626,0.0,203.44501090119343,1.103981e-06
25.626,0.0,203.44458022220329,1.053108e-06
25.626,0.0,203.4441721305024,1.092951e-06
25.626,0.0,203.44375695855305,1.031265e-06
25.626,0.0,203.4433496513192,1.010179e-06
25.626,0.0,203.4429479806432,1.040709e-06
25.626,0.0,203.44250215961188,1.009321e-06
25.626,0.0,203.4421029230137,1.017674e-06
25.626,0.0,203.44167918014196,1.005494e-06
25.626,0.0,203.44127028098413,1.038454e-06
25.626,0.0,203.44084953145736,1.034059e-06
25.626,0.0,203.44043120618787,1.035558e-06
25.626,0.0,203.4400334594177,1.02137e-06
25.626,0.0,203.43959212983344,1.072025e-06
25.626,0.0,203.43918597963807,1.038774e-06
25.626,0.0,203.43877289577145,9.371724e-07
25.626,0.0,203.43835734820075,9.643409000000002e-07
25.626,0.0,203.43795687160548,1.003747e-06
25.626,0.0,203.4375157586042,1.002947e-06
25.626,0.0,203.43709176375256,1.014574e-06
25.626,0.0,203.4366903613272,9.787327e-07
25.626,0.0,203.43625183845967,9.830255000000001e-07
25.626,0.0,203.435836290889,9.6437e-07
25.626,0.0,203.4354206082915,9.272626000000001e-07
25.626,0.0,203.43497180647748,9.019568000000002e-07
25.626,0.0,203.43455903295464,9.078212e-07
25.626,0.0,203.43414906522315,9.483047000000002e-07
25.626,0.0,203.43370383551735,9.900104e-07
25.626,0.0,203.43330133530023,9.46311e-07
25.626,0.0,203.43290051982,9.805517000000001e-07
25.626,0.0,203.43247338214744,9.815994000000002e-07
25.626,0.0,203.43206543866168,1.006498e-06
25.626,0.0,203.43163759546528,1.011402e-06
25.626,0.0,203.43123971922628,9.439973e-07
25.626,0.0,203.4308088826056,9.725045e-07
25.626,0.0,203.4303881922398,1.002438e-06
25.626,0.0,203.42998639411556,9.861251000000002e-07
25.626,0.0,203.42955908625,1.003849e-06
25.626,0.0,203.42916316450223,1.018299e-06
25.626,0.0,203.42871893985236,1.03077e-06
25.626,0.0,203.4283154251164,1.026419e-06
25.626,0.0,203.42791617910063,1.021152e-06
25.626,0.0,203.42748597105876,9.809009000000003e-07
25.626,0.0,203.4270436997135,9.719079e-07
25.626,0.0,203.42664520758152,9.760552000000002e-07
25.626,0.0,203.42622096442304,9.964424000000002e-07
25.626,0.0,203.42578399597025,1.013614e-06
25.626,0.0,203.42536873296396,1.039924e-06
25.626,0.0,203.42496541012127,1.034496e-06
25.626,0.0,203.42453874633225,1.041029e-06
25.626,0.0,203.42411312626112,1.020366e-06
25.626,0.0,203.42370709855672,1.025881e-06
25.626,0.0,203.42327952073785,9.951909e-07
25.626,0.0,203.422881027706,1.029985e-06
25.626,0.0,203.4224567845401,1.023596e-06
25.626,0.0,203.42203482718188,1.060398e-06
25.626,0.0,203.4216142495884,1.094711e-06
25.626,0.0,203.4211865966476,1.064807e-06
25.626,0.0,203.420798828064,1.094435e-06
25.626,0.0,203.42038299687655,1.074732e-06
25.626,0.0,203.41995859934093,1.103486e-06
25.626,0.0,203.41955087902085,1.094129e-06
25.626,0.0,203.41911534877,1.134613e-06
25.626,0.0,203.4187122513316,1.104592e-06
25.626,0.0,203.41829286362287,1.126071e-06
25.626,0.0,203.41786388418188,1.133245e-06
25.626,0.0,203.41746177355884,1.141278e-06
25.626,0.0,203.4170347848907,1.15353e-06
25.626,0.0,203.41660411051703,1.073873e-06
25.626,0.0,203.41619889971727,1.013948e-06
25.626,0.0,203.41578698363443,9.952782000000001e-07
25.626,0.0,203.4153439386214,9.813812e-07
25.626,0.0,203.4149268654969,1.008215e-06
25.626,0.0,203.41449596260608,1.029475e-06
25.626,0.0,203.41407370074407,1.005712e-06
25.626,0.0,203.4136554478773,1.080029e-06
25.626,0.0,203.41323145486223,1.110413e-06
25.626,0.0,203.41285121569936,1.051332e-06
25.626,0.0,203.41240791460143,1.064502e-06
25.626,0.0,203.4119951144887,1.09183e-06
25.626,0.0,203.411571241062,1.093897e-06
25.626,0.0,203.4111857937024,1.116117e-06
25.626,0.0,203.41074681108304,1.068955e-06
25.626,0.0,203.41034001457717,1.098058e-06
25.626,0.0,203.40993899492716,1.096167e-06
25.626,0.0,203.4095083198779,1.166831e-06
25.626,0.0,203.4090999173501,1.160559e-06
25.626,0.0,203.40866935777777,1.125401e-06
25.626,0.0,203.40824555000953,1.101071e-06
25.626,0.0,203.40783061865085,1.104258e-06
25.626,0.0,203.40742281288695,1.140332e-06
25.626,0.0,203.40699154605647,1.145236e-06
25.626,0.0,203.4065609908734,1.147797e-06
25.626,0.0,203.40615270051657,1.1089e-06
25.626,0.0,203.40573385803611,1.102846e-06
25.626,0.0,203.40530360420547,1.006294e-06
25.626,0.0,203.4048833975104,8.520583000000001e-07
25.626,0.0,203.40448112502233,1.043823e-06
25.626,0.0,203.4040448998206,1.007793e-06
25.626,0.0,203.4036365991048,9.935175e-07
30.626,0.0,203.72416875,2.232053e-05
30.626,0.0,203.72416875,-2.297311e-06
30.626,0.0,203.72409893299985,-1.354463e-06
30.626,0.0,203.72399022588343,-7.498311e-07
30.626,0.0,203.72385292540247,-2.913439e-07
30.626,0.0,203.72365904148603,6.203481e-08
30.626,0.0,203.72343586118313,3.3385000000000004e-07
30.626,0.0,203.7231884714998,4.5540220000000005e-07
30.626,0.0,203.7228820190009,4.270842e-07
30.626,0.0,203.72251110356083,6.061309000000001e-07
30.626,0.0,203.72213080492247,6.846822000000001e-07
30.626,0.0,203.7217068969052,7.307244e-07
30.626,0.0,203.72129560859864,7.619819e-07
30.626,0.0,203.72088091042315,8.334318000000001e-07
30.626,0.0,203.72045699220976,8.021598000000001e-07
30.626,0.0,203.72006166247104,8.395436e-07
30.626,0.0,203.71961764334992,8.843053000000001e-07
30.626,0.0,203.7191909805376,8.300266999999999e-07
30.626,0.0,203.7187896905464,9.658979000000002e-07
30.626,0.0,203.71838773168307,1.000415e-06
30.626,0.0,203.71796243449816,1.024862e-06
30.626,0.0,203.71753172280145,1.040025e-06
30.626,0.0,203.71712375898457,9.668147000000002e-07
30.626,0.0,203.71669812420535,9.462237e-07
30.626,0.0,203.71628294351257,9.940122000000001e-07
30.626,0.0,203.7158673303046,9.426585000000001e-07
30.626,0.0,203.7154236580446,9.166542e-07
30.626,0.0,203.71499996758592,1.018809e-06
30.626,0.0,203.71459361226107,9.541254000000001e-07
30.626,0.0,203.71416554136889,1.013541e-06
30.626,0.0,203.7137493936349,1.08419e-06
30.626,0.0,203.71332686473636,1.070715e-06
30.626,0.0,203.71294132980876,1.115754e-06
30.626,0.0,203.71249467427788,1.154593e-06
30.626,0.0,203.7120707672725,1.092019e-06
30.626,0.0,203.71167124971836,1.153341e-06
30.626,0.0,203.71124748074956,1.165972e-06
30.626,0.0,203.7108323991048,1.109744e-06
30.626,0.0,203.71042517662283,1.088847e-06
30.626,0.0,203.71000157633284,1.049455e-06
30.626,0.0,203.70960256236225,1.055319e-06
30.626,0.0,203.70917888130705,9.974756e-07
30.626,0.0,203.7087370030922,9.688229e-07
30.626,0.0,203.70835647744968,9.241921000000001e-07
30.626,0.0,203.70793282910793,8.779025e-07
30.626,0.0,203.7075008009041,9.363284e-07
30.626,0.0,203.7070701687585,9.027281e-07
30.626,0.0,203.70666195029065,6.426708000000001e-07
30.626,0.0,203.706245241835,9.331707e-07
30.626,0.0,203.7058301524307,9.530922000000001e-07
30.626,0.0,203.70541483704716,1.065608e-06
30.626,0.0,203.70496639250612,1.104811e-06
30.626,0.0,203.70456559106492,1.11894e-06
30.626,0.0,203.7041350256448,1.108303e-06
30.626,0.0,203.703712217042,1.17399e-06
30.626,0.0,203.70330896286413,1.198525e-06
30.626,0.0,203.70290928144044,1.072302e-06
30.626,0.0,203.7024804764908,9.138021e-07
30.626,0.0,203.70207233413723,1.019769e-06
30.626,0.0,203.7016417209213,9.510695000000002e-07
30.626,0.0,203.70124014810048,1.073597e-06
30.626,0.0,203.7008327840064,1.057997e-06
30.626,0.0,203.70041731981703,1.064502e-06
30.626,0.0,203.69996869435633,1.031134e-06
30.626,0.0,203.69957875198267,1.069711e-06
30.626,0.0,203.69914573448588,1.046297e-06
30.626,0.0,203.6987219470003,1.031105e-06
30.626,0.0,203.6983399432827,8.87856e-07
30.626,0.0,203.69789900563129,9.851792e-07
30.626,0.0,203.697475092279,1.034903e-06
30.626,0.0,203.69705000055347,1.044245e-06
30.626,0.0,203.69665225788185,1.055319e-06
30.626,0.0,203.6962075933896,1.055058e-06
30.626,0.0,203.69579255273356,1.037188e-06
30.626,0.0,203.69537708854415,1.034103e-06
30.626,0.0,203.694953783368,9.429350000000001e-07
30.626,0.0,203.69450849925548,9.703363e-07
30.626,0.0,203.69411498249065,9.395881000000001e-07
30.626,0.0,203.69368748106643,9.928335e-07
30.626,0.0,203.69326176873088,1.03435e-06
30.626,0.0,203.69284543481464,1.042121e-06
30.626,0.0,203.69243941087447,9.938376000000001e-07
30.626,0.0,203.69201549886637,9.734358000000001e-07
30.626,0.0,203.69162131876357,1.00382e-06
30.626,0.0,203.69119525843243,9.732321e-07
30.626,0.0,203.69078219526693,9.790092e-07
30.626,0.0,203.69036955301303,1.032939e-06
30.626,0.0,203.6899454295988,1.077133e-06
30.626,0.0,203.689546536601,1.068183e-06
30.626,0.0,203.68912257456407,1.06974e-06
30.626,0.0,203.68867417332692,1.084045e-06
30.626,0.0,203.68828796445277,1.065026e-06
30.626,0.0,203.68787599140077,1.027191e-06
30.626,0.0,203.68745207837253,1.046588e-06
30.626,0.0,203.6870185548885,1.046064e-06
30.626,0.0,203.6865878356745,1.014967e-06
30.626,0.0,203.68618078067817,1.073204e-06
30.626,0.0,203.68576678158053,1.007807e-06
30.626,0.0,203.6853514899648,8.542556000000001e-07
30.626,0.0,203.68493288862024,1.009234e-06
30.626,0.0,203.6844855590479,1.079286e-06
30.626,0.0,203.684093973586,1.06408e-06
30.626,0.0,203.68366331173425,1.034801e-06
30.626,0.0,203.6832467844606,1.042485e-06
30.626,0.0,203.6828242845024,1.062799e-06
30.626,0.0,203.68243874618173,1.053893e-06
30.626,0.0,203.681991908286,1.046923e-06
30.626,0.0,203.68159996378895,1.089851e-06
30.626,0.0,203.68116935233869,1.039865e-06
30.626,0.0,203.6807455283496,1.047083e-06
30.626,0.0,203.68036632027568,1.091146e-06
30.626,0.0,203.6799224638291,1.105116e-06
30.626,0.0,203.67949855173228,1.103675e-06
30.626,0.0,203.67909978444257,1.068707e-06
30.626,0.0,203.6786762416856,1.047883e-06
30.626,0.0,203.6782336695568,1.067558e-06
30.626,0.0,203.6778536064525,9.853684e-07
30.626,0.0,203.6774300136668,1.120876e-06
30.626,0.0,203.67699831788272,1.024076e-06
30.626,0.0,203.6765675954115,1.096996e-06
30.626,0.0,203.6761593550897,1.085427e-06
30.626,0.0,203.67574182450343,1.06715e-06
30.626,0.0,203.675326418349,1.079752e-06
30.626,0.0,203.67491065260725,1.094581e-06
30.626,0.0,203.67446266886904,1.039996e-06
30.626,0.0,203.67403897912172,1.074208e-06
30.626,0.0,203.6736402390344,1.011445e-06
30.626,0.0,203.67321636580724,9.647774e-07
30.626,0.0,203.67277883079603,1.096036e-06
30.626,0.0,203.67237373313253,1.046021e-06
30.626,0.0,203.6719703188527,1.042965e-06
30.626,0.0,203.6715346566538,1.072898e-06
30.626,0.0,203.6711476781584,1.067281e-06
30.626,0.0,203.6707024058768,9.922660000000001e-07
30.626,0.0,203.6703109755757,1.061155e-06
30.626,0.0,203.66989973462893,1.038949e-06
30.626,0.0,203.6694724205855,1.037901e-06
30.626,0.0,203.66905237305343,9.760552000000002e-07
30.626,0.0,203.66863359271224,1.063105e-06
30.626,0.0,203.6682102933168,1.099121e-06
30.626,0.0,203.6678069249969,1.074994e-06
30.626,0.0,203.6674067766076,1.035805e-06
30.626,0.0,203.66695915546424,1.052322e-06
30.626,0.0,203.6665353685277,1.089938e-06
30.626,0.0,203.66613655120935,1.052336e-06
30.626,0.0,203.66568984801015,1.054112e-06
30.626,0.0,203.6652746556913,1.043882e-06
30.626,0.0,203.66486517250817,8.253992e-07
30.626,0.0,203.6644619818709,1.050386e-06
30.626,0.0,203.6640174675996,1.066583e-06
30.626,0.0,203.6636060611806,1.01616e-06
30.626,0.0,203.66319727915692,1.00334e-06
30.626,0.0,203.66275387631737,1.030072e-06
30.626,0.0,203.66237142168893,1.039327e-06
30.626,0.0,203.6619478038889,1.103006e-06
30.626,0.0,203.66151439946705,1.077206e-06
30.626,0.0,203.66110601633207,1.067921e-06
30.626,0.0,203.6606767777208,1.044245e-06
30.626,0.0,203.66027681079652,1.060907e-06
30.626,0.0,203.65987327316356,1.033812e-06
30.626,0.0,203.6594292275736,9.728101e-07
30.626,0.0,203.65903060440607,1.024411e-06
30.626,0.0,203.6586067424265,1.023567e-06
30.626,0.0,203.65820445461847,1.013381e-06
30.626,0.0,203.6577693688353,1.065186e-06
30.626,0.0,203.65735388347872,1.071647e-06
30.626,0.0,203.65695443132165,9.969517e-07
30.626,0.0,203.65652677613167,9.981741000000003e-07
30.626,0.0,203.6560887373859,1.07722e-06
30.626,0.0,203.65566517366963,1.017455e-06
30.626,0.0,203.65522172814207,1.040098e-06
30.626,0.0,203.65482684742477,1.022272e-06
30.626,0.0,203.65441889561873,9.638898e-07
30.626,0.0,203.6539880704537,1.078981e-06
30.626,0.0,203.6535461341246,1.013555e-06
30.626,0.0,203.6531489469571,1.110922e-06
30.626,0.0,203.65272883183084,1.139502e-06
30.626,0.0,203.6523099144215,1.03467e-06
30.626,0.0,203.65190047297617,1.007327e-06
30.626,0.0,203.65150822440344,9.677897e-07
30.626,0.0,203.6510770815429,9.391370000000001e-07
30.626,0.0,203.6506349876724,8.308562000000001e-07
30.626,0.0,203.6502544484966,9.237992000000001e-07
30.626,0.0,203.6498210616261,9.226205000000002e-07
30.626,0.0,203.64943001596916,8.639763000000001e-07
30.626,0.0,203.64900028519827,7.644703000000001e-07
30.626,0.0,203.64856936565283,7.251509999999999e-07
30.626,0.0,203.64816132696916,9.309442000000001e-07
30.626,0.0,203.64774418537985,8.876377e-07
30.626,0.0,203.6473127296537,9.020150000000002e-07
30.626,0.0,203.6468914418527,8.731295e-07
30.626,0.0,203.6464902763052,8.856005e-07
30.626,0.0,203.6460520460652,7.354975e-07
30.626,0.0,203.64562098399256,8.769566e-07
30.626,0.0,203.6452173649452,9.333016000000001e-07
30.626,0.0,203.64480732668025,9.271316e-07
30.626,0.0,203.6443643392362,9.225478e-07
30.626,0.0,203.64396226054697,9.416108000000001e-07
30.626,0.0,203.64354729399727,9.011419000000002e-07
30.626,0.0,203.64311021278937,1.006003e-06
30.626,0.0,203.64270331485,8.957868e-07
30.626,0.0,203.6423012160645,9.940559e-07
30.626,0.0,203.64190067189995,1.05075e-06
30.626,0.0,203.64147310148817,1.075125e-06
30.626,0.0,203.64106496168063,9.300420000000001e-07
30.626,0.0,203.64063089587637,1.021006e-06
30.626,0.0,203.64022621219095,1.005523e-06
30.626,0.0,203.6398079905464,1.01082e-06
30.626,0.0,203.63938033161833,9.576179e-07
30.626,0.0,203.63897440122977,1.013614e-06
30.626,0.0,203.63854855644445,1.04896e-06
30.626,0.0,203.6381174034108,1.032007e-06
30.626,0.0,203.63771310601604,1.009146e-06
30.626,0.0,203.63730246040407,9.820797000000001e-07
30.626,0.0,203.63686552254316,9.549694000000001e-07
30.626,0.0,203.63644145375685,9.371870000000001e-07
30.626,0.0,203.63604261088253,9.807991000000001e-07
30.626,0.0,203.6356004476673,9.839714e-07
30.626,0.0,203.6351701448944,9.672367000000002e-07
30.626,0.0,203.6347548219924,9.452779000000001e-07
30.626,0.0,203.63433128893453,9.920914000000001e-07
30.626,0.0,203.63394579740455,9.747746000000002e-07
30.626,0.0,203.63349980748168,1.052729e-06
30.626,0.0,203.63307070119117,1.04736e-06
30.626,0.0,203.63265402198851,1.031804e-06
30.626,0.0,203.6322354529613,1.034612e-06
30.626,0.0,203.631848015662,1.120658e-06
30.626,0.0,203.63142990561803,1.118271e-06
30.626,0.0,203.6310131517077,1.031047e-06
30.626,0.0,203.63059087681532,1.088381e-06
30.626,0.0,203.63018404275755,1.013177e-06
30.626,0.0,203.6297704762952,1.18294e-06
30.626,0.0,203.62935545950268,1.144304e-06
30.626,0.0,203.6289554759365,1.130451e-06
30.626,0.0,203.62851414918583,1.143926e-06
30.626,0.0,203.62809723248057,1.137174e-06
30.626,0.0,203.6276910423684,1.089109e-06
30.626,0.0,203.6272503878356,8.700880999999999e-07
30.626,0.0,203.6268347635101,6.819464000000001e-07
30.626,0.0,203.62641903484476,1.06926e-06
30.626,0.0,203.62601115533664,1.158143e-06
30.626,0.0,203.6255717049664,1.108143e-06
30.626,0.0,203.62514774061447,1.089327e-06
30.626,0.0,203.62474145273447,1.055261e-06
30.626,0.0,203.62431455455248,1.086853e-06
30.626,0.0,203.623901387524,1.172783e-06
30.626,0.0,203.6234949500217,1.226232e-06
30.626,0.0,203.62306391068927,1.193097e-06
30.626,0.0,203.62265569522208,1.181979e-06
30.626,0.0,203.6222376293452,1.222434e-06
30.626,0.0,203.62183189891363,1.232649e-06
30.626,0.0,203.62143178383377,1.191715e-06
30.626,0.0,203.62098434409108,1.249035e-06
30.626,0.0,203.6205854247276,1.228778e-06
30.626,0.0,203.62016155297977,1.236054e-06
30.626,0.0,203.6197178505474,1.244101e-06
30.626,0.0,203.61933016487208,1.248554e-06
30.626,0.0,203.61891475627027,1.27712e-06
30.626,0.0,203.6184848791388,1.195716e-06
30.626,0.0,203.618076790987,1.195061e-06
30.626,0.0,203.61764400208065,1.012013e-06
30.626,0.0,203.617238194432,1.148612e-06
30.626,0.0,203.61681035828053,1.191234e-06
30.626,0.0,203.61639506685268,1.237146e-06
30.626,0.0,203.61596868823776,1.221124e-06
30.626,0.0,203.61556024149965,1.163993e-06
30.626,0.0,203.61512956907984,1.02575e-06
30.626,0.0,203.6147052644784,1.24806e-06
30.626,0.0,203.6142618813053,1.244422e-06
30.626,0.0,203.61385357620085,1.248161e-06
30.626,0.0,203.61345164045025,1.327964e-06
30.626,0.0,203.6130211068252,1.358392e-06
30.626,0.0,203.61261288621944,1.342574e-06
30.626,0.0,203.61218492414625,1.332141e-06
30.626,0.0,203.6117842832961,1.374807e-06
30.626,0.0,203.6113820800132,1.331806e-06
30.626,0.0,203.61097554541308,1.320179e-06
30.626,0.0,203.6105381612985,9.757496000000002e-07
30.626,0.0,203.610114224276,1.225199e-06
30.626,0.0,203.6097110471184,1.326989e-06
30.626,0.0,203.60927703613993,1.297885e-06
30.626,0.0,203.60889191591332,1.278284e-06
30.626,0.0,203.608467778136,1.296576e-06
30.626,0.0,203.60803246057,1.340188e-06
30.626,0.0,203.60760160214988,1.268694e-06
30.626,0.0,203.60719604923403,1.354099e-06
30.626,0.0,203.60678367396088,1.330656e-06
30.626,0.0,203.60634021098895,1.280001e-06
30.626,0.0,203.60592356920617,1.296226e-06
30.626,0.0,203.6055254529851,1.397741e-06
30.626,0.0,203.60508494057356,1.371794e-06
30.626,0.0,203.6046542250264,1.355947e-06
30.626,0.0,203.6042539051474,1.371896e-06
30.626,0.0,203.60384814640932,1.37584e-06
30.626,0.0,203.60340756313175,1.397202e-06
30.626,0.0,203.60300757707125,1.423687e-06
30.626,0.0,203.60258383419952,1.450797e-06
30.626,0.0,203.6021833333794,1.456938e-06
30.626,0.0,203.6017436121086,1.479493e-06
30.626,0.0,203.60134448276588,1.520079e-06
30.626,0.0,203.6009382635613,1.410255e-06
30.626,0.0,203.60050563757403,1.525914e-06
30.626,0.0,203.60009748364357,1.467793e-06
30.626,0.0,203.59966673605837,1.452252e-06
30.626,0.0,203.59925119007505,1.454813e-06
30.626,0.0,203.59886331202847,1.442531e-06
30.626,0.0,203.59844248898736,1.480264e-06
30.626,0.0,203.59799594849656,1.469831e-06
30.626,0.0,203.5975973021563,1.406428e-06
30.626,0.0,203.59717360931324,1.354492e-06
30.626,0.0,203.5967308003545,1.364228e-06
30.626,0.0,203.59632575431857,1.375418e-06
30.626,0.0,203.5959262836724,1.361666e-06
30.626,0.0,203.59549544524387,1.37699e-06
30.626,0.0,203.59505409723087,1.366017e-06
30.626,0.0,203.59461098367575,1.486012e-06
30.626,0.0,203.5942065396732,1.465334e-06
30.626,0.0,203.5937954166857,1.4424e-06
30.626,0.0,203.59338348431896,1.410459e-06
30.626,0.0,203.59297846509688,1.44339e-06
30.626,0.0,203.592547562206,1.47571e-06
30.626,0.0,203.5921211303329,1.441527e-06
30.626,0.0,203.59171790453996,1.431676e-06
30.626,0.0,203.5913009966941,1.391789e-06
30.626,0.0,203.59091522707615,1.331486e-06
30.626,0.0,203.59046693490075,1.426059e-06
30.626,0.0,203.59006786858848,1.438995e-06
30.626,0.0,203.58964405067377,1.445165e-06
30.626,0.0,203.5892384393541,1.486813e-06
30.626,0.0,203.58881090593457,1.411609e-06
30.626,0.0,203.58839775357583,1.385793e-06
30.626,0.0,203.58799185110195,1.388878e-06
30.626,0.0,203.58756105957687,1.364606e-06
30.626,0.0,203.5871266190541,1.327979e-06
30.626,0.0,203.58670275626332,1.391454e-06
30.626,0.0,203.5862916722521,1.347857e-06
30.626,0.0,203.5858753985828,1.353343e-06
30.626,0.0,203.5854524841316,1.315464e-06
30.626,0.0,203.5850071623384,1.276145e-06
30.626,0.0,203.5846138573238,1.279142e-06
30.626,0.0,203.58418647237644,1.149281e-06
30.626,0.0,203.58377544188303,1.302964e-06
30.626,0.0,203.58335621767503,1.31542e-06
30.626,0.0,203.58293686798405,1.348162e-06
30.626,0.0,203.5825286662172,1.30586e-06
30.626,0.0,203.5821037020304,1.373322e-06
30.626,0.0,203.58169424974247,1.42667e-06
30.626,0.0,203.58127087862192,1.47734e-06
30.626,0.0,203.58086260776335,1.445718e-06
30.626,0.0,203.580457955987,1.49988e-06
30.626,0.0,203.5800358498624,1.414868e-06
30.626,0.0,203.5796155592844,1.414592e-06
30.626,0.0,203.5791882468289,1.445442e-06
30.626,0.0,203.57878718274767,1.384178e-06
30.626,0.0,203.5783845132948,1.398046e-06
30.626,0.0,203.5779390685072,1.351233e-06
30.626,0.0,203.5775291401936,1.357417e-06
30.626,0.0,203.57711638920927,1.352397e-06
30.626,0.0,203.5766679280526,1.340741e-06
30.626,0.0,203.57626913216407,1.26884e-06
30.626,0.0,203.57586504022865,1.299108e-06
30.626,0.0,203.57544426680667,1.290609e-06
30.626,0.0,203.5749979500084,1.320033e-06
30.626,0.0,203.5745743882009,1.322886e-06
30.626,0.0,203.5741325156885,1.344335e-06
30.626,0.0,203.57373285709824,1.363107e-06
30.626,0.0,203.57331759409192,1.288281e-06
30.626,0.0,203.5729271396022,1.232533e-06
30.626,0.0,203.572496999419,1.239241e-06
30.626,0.0,203.57207481483263,1.273482e-06
30.626,0.0,203.5716569135604,1.281034e-06
30.626,0.0,203.57123309564565,1.272827e-06
30.626,0.0,203.57085270039568,1.201406e-06
30.626,0.0,203.5704104105828,1.173612e-06
30.626,0.0,203.570003086212,1.161068e-06
30.626,0.0,203.56958790022247,1.156484e-06
30.626,0.0,203.56914423994624,1.117485e-06
30.626,0.0,203.5687484118303,1.075285e-06
30.626,0.0,203.5683331444665,1.172215e-06
30.626,0.0,203.5679178102017,1.159249e-06
30.626,0.0,203.5675097185621,1.198176e-06
30.626,0.0,203.56707019940896,1.178065e-06
30.626,0.0,203.56664655712405,1.110166e-06
30.626,0.0,203.5662010768687,1.172419e-06
30.626,0.0,203.5658138014736,1.178254e-06
30.626,0.0,203.56539850404687,1.227527e-06
30.626,0.0,203.5649713093404,1.119653e-06
30.626,0.0,203.5645633400173,1.140725e-06
30.626,0.0,203.56412885578115,1.145483e-06
30.626,0.0,203.56372446666353,1.124514e-06
30.626,0.0,203.56330627057676,1.099004e-06
30.626,0.0,203.5628858661928,1.001026e-06
30.626,0.0,203.56248386047264,9.652285000000001e-07
30.626,0.0,203.56204731662436,1.056353e-06
30.626,0.0,203.56166112518224,1.138993e-06
30.626,0.0,203.56121736877972,1.10839e-06
30.626,0.0,203.560801772248,1.108769e-06
30.626,0.0,203.5604139476038,1.073102e-06
30.626,0.0,203.55998405033085,1.071894e-06
30.626,0.0,203.55954186353512,1.084802e-06
30.626,0.0,203.55914552208648,1.081411e-06
30.626,0.0,203.55872472923903,1.099645e-06
30.626,0.0,203.55830669664329,1.108347e-06
30.626,0.0,203.55789451815673,1.065695e-06
30.626,0.0,203.5574680265904,1.056091e-06
30.626,0.0,203.55707406083013,1.001143e-06
30.626,0.0,203.5566292485507,1.003253e-06
30.626,0.0,203.55620533955425,1.067194e-06
30.626,0.0,203.5557898197773,1.012537e-06
30.626,0.0,203.55535990022557,1.0207e-06
30.626,0.0,203.55495530240668,9.794312e-07
30.626,0.0,203.5545315345206,1.007807e-06
30.626,0.0,203.554090628412,9.849464e-07
30.626,0.0,203.55366071168328,9.134965e-07
30.626,0.0,203.5532704512597,9.219075000000001e-07
30.626,0.0,203.55285515551864,9.811192000000002e-07
30.626,0.0,203.55241334193127,9.134092e-07
30.626,0.0,203.55201403382185,9.329233000000001e-07
30.626,0.0,203.55159749196648,8.741918e-07
30.626,0.0,203.55119164873207,8.527131000000001e-07
30.626,0.0,203.5507815510406,8.506468000000001e-07
30.626,0.0,203.55036312575547,8.591305e-07
30.626,0.0,203.54994231384276,8.346251000000001e-07
30.626,0.0,203.549524504057,8.899806000000001e-07
30.626,0.0,203.54910323582664,9.536016e-07
30.626,0.0,203.54867321254616,9.3579e-07
30.626,0.0,203.54827387988345,9.573851000000003e-07
30.626,0.0,203.54787015268943,9.628275000000001e-07
30.626,0.0,203.54742611898223,9.735377e-07
30.626,0.0,203.5470021259672,9.606738e-07
30.626,0.0,203.54660335711753,9.649229000000001e-07
30.626,0.0,203.54615576377665,9.717332e-07
30.626,0.0,203.5457373351107,1.044653e-06
30.626,0.0,203.54533170870604,1.054257e-06
30.626,0.0,203.54493162498528,1.050619e-06
30.626,0.0,203.5444843441468,1.106775e-06
30.626,0.0,203.54407837807503,1.035529e-06
30.626,0.0,203.5436612396052,1.096196e-06
30.626,0.0,203.54321710680375,9.840005000000001e-07
30.626,0.0,203.54283845023775,1.028122e-06
30.626,0.0,203.5424139847329,9.864889000000002e-07
30.626,0.0,203.5419993070327,1.018328e-06
30.626,0.0,203.54157568420507,1.019434e-06
30.626,0.0,203.54114684396427,9.71675e-07
30.626,0.0,203.5407520445941,1.006149e-06
30.626,0.0,203.54033644361743,1.028311e-06
30.626,0.0,203.53994144674795,9.920186000000001e-07
30.626,0.0,203.53949689253696,9.63948e-07
30.626,0.0,203.539072893558,9.607465e-07
30.626,0.0,203.53867379668785,9.513751000000002e-07
30.626,0.0,203.53825061448947,9.313517000000001e-07
30.626,0.0,203.5378165792567,9.130163e-07
30.626,0.0,203.5374262694345,9.266078000000001e-07
30.626,0.0,203.53699610256004,8.519419000000001e-07
30.626,0.0,203.53656558457604,8.799251999999999e-07
30.626,0.0,203.53613783344585,8.244824000000001e-07
30.626,0.0,203.5357398745144,8.591305e-07
30.626,0.0,203.53530884561792,9.117357000000001e-07
30.626,0.0,203.5348811628803,9.028445000000001e-07
30.626,0.0,203.5344570760097,8.756761e-07
30.626,0.0,203.53402626491103,8.967909e-07
30.626,0.0,203.5336183854092,7.868075e-07
30.626,0.0,203.53319195715352,7.847266e-07
30.626,0.0,203.53277978734647,8.400384e-07
30.626,0.0,203.53238938494684,7.014751000000001e-07
30.626,0.0,203.53194352802544,8.363422e-07
30.626,0.0,203.53154449154192,8.998322e-07
30.626,0.0,203.53112042348377,8.997448999999999e-07
30.626,0.0,203.53071672835327,8.859934e-07
30.626,0.0,203.53028404196849,8.320640000000001e-07
30.626,0.0,203.52987362013525,8.735515e-07
30.626,0.0,203.52946963877497,9.539217e-07
30.626,0.0,203.52904965399,9.627984e-07
30.626,0.0,203.52863055616547,9.872456e-07
30.626,0.0,203.528206943372,9.386422000000001e-07
30.626,0.0,203.5277793343691,1.001375e-06
30.626,0.0,203.52736106281904,1.000488e-06
30.626,0.0,203.526956251516,1.022039e-06
30.626,0.0,203.52652227500465,1.045861e-06
30.626,0.0,203.526091423016,9.643845000000001e-07
30.626,0.0,203.52568474774307,1.014414e-06
30.626,0.0,203.5252709221589,1.089138e-06
30.626,0.0,203.52485552018368,1.034277e-06
30.626,0.0,203.5244135171266,1.120134e-06
30.626,0.0,203.5240143015801,1.086708e-06
30.626,0.0,203.52359053555992,9.596260000000002e-07
30.626,0.0,203.52318938375697,1.108609e-06
30.626,0.0,203.5227508932171,1.048902e-06
30.626,0.0,203.5223439072313,1.066845e-06
30.626,0.0,203.5219426309013,1.087814e-06
30.626,0.0,203.52151177349097,1.017965e-06
30.626,0.0,203.5211037362172,1.000459e-06
30.626,0.0,203.5206739958036,1.05612e-06
30.626,0.0,203.5202647477522,1.073538e-06
30.626,0.0,203.51987072813725,1.112043e-06
30.626,0.0,203.5194263983034,1.044915e-06
30.626,0.0,203.51902747532876,1.062697e-06
30.626,0.0,203.5186036514501,1.086228e-06
30.626,0.0,203.51815696512276,1.02476e-06
30.626,0.0,203.51776532957132,1.025182e-06
30.626,0.0,203.5173499765571,1.089735e-06
30.626,0.0,203.51693180560235,1.052525e-06
30.626,0.0,203.51652395112217,1.054679e-06
30.626,0.0,203.51608540032123,1.062203e-06
30.626,0.0,203.51566170747816,1.070686e-06
30.626,0.0,203.51521801577695,1.111912e-06
30.626,0.0,203.51480258600796,1.098495e-06
30.626,0.0,203.51441525502523,1.119188e-06
30.626,0.0,203.5139851883324,1.135864e-06
30.626,0.0,203.51354267094084,1.051769e-06
30.626,0.0,203.5131462333673,1.167136e-06
30.626,0.0,203.5127256541741,1.141801e-06
30.626,0.0,203.51230699616943,1.130597e-06
30.626,0.0,203.51189444785757,1.147302e-06
30.626,0.0,203.51146798637407,1.121472e-06
30.626,0.0,203.51107448637933,1.144217e-06
30.626,0.0,203.51062959141495,1.161679e-06
30.626,0.0,203.51022683358184,1.200591e-06
30.626,0.0,203.509817988518,1.198991e-06
30.626,0.0,203.509403977798,1.240769e-06
30.626,0.0,203.50899728207088,1.255728e-06
30.626,0.0,203.5085564920545,1.169057e-06
30.626,0.0,203.5081588180417,1.1456e-06
30.626,0.0,203.507741146692,1.143067e-06
30.626,0.0,203.507298237514,1.008404e-06
30.626,0.0,203.50688260656196,1.187334e-06
30.626,0.0,203.5064761904644,1.169319e-06
30.626,0.0,203.50605087339127,1.122695e-06
30.626,0.0,203.50561519249143,1.151086e-06
30.626,0.0,203.50519143002825,1.155029e-06
30.626,0.0,203.50480620943648,1.131179e-06
30.626,0.0,203.50436316128952,1.045468e-06
30.626,0.0,203.50394226978344,1.113964e-06
30.626,0.0,203.503545634802,1.158885e-06
30.626,0.0,203.50310358326337,1.1675e-06
30.626,0.0,203.50269829914455,1.163193e-06
30.626,0.0,203.502286263876,1.131062e-06
30.626,0.0,203.50189763758468,1.103719e-06
30.626,0.0,203.5014625385135,1.127555e-06
30.626,0.0,203.50104317309984,1.143315e-06
30.626,0.0,203.50062360168707,1.119755e-06
30.626,0.0,203.5001980486858,1.144683e-06
30.626,0.0,203.49979640335997,1.172244e-06
30.626,0.0,203.49938164563991,1.191525e-06
30.626,0.0,203.4989574891072,1.223132e-06
30.626,0.0,203.498538434204,1.191045e-06
30.626,0.0,203.49811827439504,1.191278e-06
30.626,0.0,203.49769164942575,1.172622e-06
30.626,0.0,203.4972976020944,1.204142e-06
30.626,0.0,203.49687525626192,1.165216e-06
30.626,0.0,203.49645237519624,1.130669e-06
30.626,0.0,203.49603380822617,1.128821e-06
30.626,0.0,203.49560812698087,1.159991e-06
30.626,0.0,203.49516023503008,1.1222e-06
30.626,0.0,203.49474291102968,1.03956e-06
30.626,0.0,203.49433307360135,1.064749e-06
30.626,0.0,203.49392564420953,1.071821e-06
30.626,0.0,203.49349438759137,1.058113e-06
30.626,0.0,203.49307239792967,1.054083e-06
30.626,0.0,203.49265569102116,1.084743e-06
30.626,0.0,203.49223749780268,1.164881e-06
30.626,0.0,203.4918456766613,1.15516e-06
30.626,0.0,203.49142047104564,1.191991e-06
30.626,0.0,203.49101243236197,1.150431e-06
30.626,0.0,203.49058134754904,1.192922e-06
30.626,0.0,203.49017381479143,1.163848e-06
30.626,0.0,203.48975888557777,1.211607e-06
30.626,0.0,203.48934370131553,1.233348e-06
30.626,0.0,203.48893729774775,1.216176e-06
30.626,0.0,203.488507327092,1.191263e-06
30.626,0.0,203.48808410061247,1.183857e-06
30.626,0.0,203.48766852195897,1.202905e-06
30.626,0.0,203.48725334061783,1.247667e-06
30.626,0.0,203.48682131358288,1.219232e-06
30.626,0.0,203.4863984691981,1.223554e-06
30.626,0.0,203.48600321486467,1.265551e-06
30.626,0.0,203.48556299909143,1.268956e-06
30.626,0.0,203.48513897509807,1.283857e-06
30.626,0.0,203.48473371150317,1.150707e-06
30.626,0.0,203.484305241606,1.267312e-06
30.626,0.0,203.48389250289983,1.256791e-06
30.626,0.0,203.4834783243684,1.309541e-06
30.626,0.0,203.4830571594819,1.341017e-06
30.626,0.0,203.48265806700584,1.314678e-06
30.626,0.0,203.48221338712756,1.276931e-06
30.626,0.0,203.48182021361967,1.269174e-06
30.626,0.0,203.4814107097572,1.250417e-06
30.626,0.0,203.48098142794217,1.282737e-06
30.626,0.0,203.48057670847865,1.286317e-06
30.626,0.0,203.48015313851155,1.278124e-06
30.626,0.0,203.47970846688392,1.322522e-06
30.626,0.0,203.4793207004262,1.292501e-06
30.626,0.0,203.47890515688312,1.295281e-06
30.626,0.0,203.47847672552163,1.205175e-06
30.626,0.0,203.47806393512985,1.278575e-06
30.626,0.0,203.4776271016818,1.294058e-06
30.626,0.0,203.47720257662175,1.254826e-06
30.626,0.0,203.47681508162424,1.178836e-06
30.626,0.0,203.47639981587005,1.320586e-06
30.626,0.0,203.47597235562293,1.285996e-06
30.626,0.0,203.47552847517585,1.248161e-06
30.626,0.0,203.4751219577153,1.239401e-06
30.626,0.0,203.4746960115835,1.26689e-06
30.626,0.0,203.47428046471703,1.246168e-06
30.626,0.0,203.47383741586583,1.263121e-06
30.626,0.0,203.47344192245333,1.254099e-06
30.626,0.0,203.47302306432616,1.276145e-06
30.626,0.0,203.47259329677647,1.291643e-06
30.626,0.0,203.47219063023113,1.292341e-06
30.626,0.0,203.47176469245576,1.279594e-06
30.626,0.0,203.47136570142345,1.262379e-06
30.626,0.0,203.4709417084084,1.265769e-06
30.626,0.0,203.47054272195356,1.262481e-06
30.626,0.0,203.4701005471616,1.278459e-06
30.626,0.0,203.46970568826248,1.224747e-06
30.626,0.0,203.4692835982996,1.184409e-06
30.626,0.0,203.4688652120867,1.109394e-06
30.626,0.0,203.4684608657489,9.018986000000002e-07
30.626,0.0,203.4680263668949,1.085165e-06
30.626,0.0,203.46759523500717,9.856594e-07
30.626,0.0,203.46716452483588,9.585347e-07
30.626,0.0,203.46676228998567,9.774230000000002e-07
30.626,0.0,203.4663472982906,9.815267000000001e-07
30.626,0.0,203.46592961430397,1.03323e-06
30.626,0.0,203.46548171311264,9.018841e-07
30.626,0.0,203.46509076572968,8.240022000000001e-07
30.626,0.0,203.46465922200167,8.221105000000001e-07
30.626,0.0,203.46424445598484,9.848154e-07
30.626,0.0,203.4638422107379,9.548821e-07
30.626,0.0,203.46342545554273,9.495270000000001e-07
30.626,0.0,203.46300927783807,8.919014000000001e-07
30.626,0.0,203.4625786463334,9.761134000000002e-07
30.626,0.0,203.4621572110345,9.879150000000003e-07
30.626,0.0,203.46176558923344,9.283394000000001e-07
30.626,0.0,203.4613447403757,1.012377e-06
30.626,0.0,203.460943061247,9.462674000000001e-07
30.626,0.0,203.46051193042635,8.430943000000001e-07
30.626,0.0,203.46008834285607,9.985961e-07
30.626,0.0,203.45967377070767,9.824726e-07
30.626,0.0,203.45924927560984,1.071632e-06
30.626,0.0,203.45885726838227,1.150169e-06
30.626,0.0,203.4584375646516,1.130524e-06
30.626,0.0,203.4579908557076,1.098262e-06
30.626,0.0,203.45759900018436,1.000313e-06
30.626,0.0,203.45716853398224,1.06536e-06
30.626,0.0,203.45672519200605,1.130757e-06
30.626,0.0,203.45632978752124,1.163091e-06
30.626,0.0,203.4558879726636,1.052947e-06
30.626,0.0,203.45548615258116,1.073684e-06
30.626,0.0,203.455049352042,1.036969e-06
30.626,0.0,203.45461867938604,1.159584e-06
30.626,0.0,203.45419200471727,1.062508e-06
30.626,0.0,203.45380423206956,1.048087e-06
30.626,0.0,203.4533640267158,1.127628e-06
30.626,0.0,203.45297042740603,1.054999e-06
30.626,0.0,203.45254444884492,1.011926e-06
30.626,0.0,203.4521183558365,1.081324e-06
30.626,0.0,203.4517137881381,1.11587e-06
30.626,0.0,203.4513102941004,1.077002e-06
30.626,0.0,203.4509107482548,1.074455e-06
30.626,0.0,203.45047285689176,1.050736e-06
30.626,0.0,203.4500503228504,1.010703e-06
30.626,0.0,203.44963160593636,1.054621e-06
30.626,0.0,203.44920780950167,1.026827e-06
30.626,0.0,203.44882031941816,1.00075e-06
30.626,0.0,203.4484047718475,1.055378e-06
30.626,0.0,203.44795718113167,1.064211e-06
30.626,0.0,203.44755754346792,9.791838e-07
30.626,0.0,203.4471224354982,1.048349e-06
30.626,0.0,203.44669869262648,1.039967e-06
30.626,0.0,203.4462589715262,1.050634e-06
30.626,0.0,203.4458711971035,1.066845e-06
30.626,0.0,203.4454491721743,1.054956e-06
30.626,0.0,203.44501130726263,1.065608e-06
30.626,0.0,203.44458401321972,1.057124e-06
30.626,0.0,203.44419356998137,1.065491e-06
30.626,0.0,203.44375327968325,1.046079e-06
30.626,0.0,203.4433463361088,1.058477e-06
30.626,0.0,203.4429452028637,1.019129e-06
30.626,0.0,203.4425145240308,1.026201e-06
30.626,0.0,203.44211317885373,1.017135e-06
30.626,0.0,203.4416653630216,1.022505e-06
30.626,0.0,203.44127674941683,1.06341e-06
30.626,0.0,203.4408614731574,9.685755e-07
30.626,0.0,203.4404599694529,1.056935e-06
30.626,0.0,203.44003281476023,1.034219e-06
30.626,0.0,203.43959904802384,1.051245e-06
30.626,0.0,203.4391845396248,1.007706e-06
30.626,0.0,203.43877075312983,9.652576e-07
30.626,0.0,203.43836131001143,9.624491000000001e-07
30.626,0.0,203.43795835225373,1.055814e-06
30.626,0.0,203.43752768369075,1.047694e-06
30.626,0.0,203.43710021478225,9.84699e-07
30.626,0.0,203.43667986575343,9.747455e-07
30.626,0.0,203.43626431361864,9.712821000000002e-07
30.626,0.0,203.4358490439857,9.119103000000002e-07
30.626,0.0,203.43540854765172,9.868236e-07
30.626,0.0,203.43499101077023,9.760261e-07
30.626,0.0,203.43458504224552,9.15039e-07
30.626,0.0,203.4341378896824,9.207579000000002e-07
30.626,0.0,203.4337039648265,9.183423000000001e-07
30.626,0.0,203.4333118872297,8.515490000000001e-07
30.626,0.0,203.43290092613697,9.170326000000001e-07
30.626,0.0,203.43247349142132,9.490905000000002e-07
30.626,0.0,203.43206554369868,9.401992000000001e-07
30.626,0.0,203.43163856744704,9.433279000000001e-07
30.626,0.0,203.4312532673212,8.341885000000001e-07
30.626,0.0,203.4308099546778,9.494979000000001e-07
30.626,0.0,203.4304215351508,9.951036000000002e-07
30.626,0.0,203.4299911182852,9.792129e-07
30.626,0.0,203.4295692581468,8.981006000000001e-07
30.626,0.0,203.4291522626076,9.208597000000001e-07
30.626,0.0,203.42873333520208,9.82749e-07
30.626,0.0,203.4283250716812,9.819632e-07
30.626,0.0,203.4279164870917,9.980722000000002e-07
30.626,0.0,203.427486221636,9.815267000000001e-07
30.626,0.0,203.42706498133091,8.86459e-07
30.626,0.0,203.42664759988827,9.581272000000002e-07
30.626,0.0,203.42622763517173,1.045075e-06
30.626,0.0,203.42579185710247,9.703654000000001e-07
30.626,0.0,203.4254114240764,1.097214e-06
30.626,0.0,203.42498207655476,1.056498e-06
30.626,0.0,203.42453966438248,1.011314e-06
30.626,0.0,203.4241038976564,9.799405000000003e-07
30.626,0.0,203.42371668491256,1.028966e-06
30.626,0.0,203.42327896300816,9.263604000000001e-07
30.626,0.0,203.4229057392048,8.592905999999999e-07
30.626,0.0,203.42245830250076,9.102368000000001e-07
30.626,0.0,203.42203609372072,1.105698e-06
30.626,0.0,203.4216358173537,1.129418e-06
30.626,0.0,203.42123086764744,1.104985e-06
30.626,0.0,203.4208018967458,1.049266e-06
30.626,0.0,203.4203883469495,1.064327e-06
30.626,0.0,203.41997302005723,1.062785e-06
30.626,0.0,203.41955470561533,1.063294e-06
30.626,0.0,203.41911621750108,1.064021e-06
30.626,0.0,203.41871120985104,1.039749e-06
30.626,0.0,203.41829539096904,9.961368000000002e-07
30.626,0.0,203.417885687916,1.043183e-06
30.626,0.0,203.41747289662723,9.965152e-07
30.626,0.0,203.41703685253816,1.074703e-06
30.626,0.0,203.416605724806,1.069944e-06
30.626,0.0,203.41620067986088,1.127861e-06
30.626,0.0,203.41578840566368,1.121167e-06
30.626,0.0,203.4153731392024,1.092281e-06
30.626,0.0,203.4149405265534,1.012304e-06
30.626,0.0,203.4144929449141,1.038235e-06
30.626,0.0,203.4140942008519,1.06181e-06
30.626,0.0,203.41367070566983,1.137087e-06
30.626,0.0,203.41322815438957,1.137014e-06
30.626,0.0,203.4128319136695,1.130626e-06
30.626,0.0,203.4124242335182,1.155538e-06
30.626,0.0,203.4120143284408,1.177104e-06
30.626,0.0,203.4115891235108,1.162232e-06
30.626,0.0,203.41118840972152,1.177381e-06
30.626,0.0,203.4107772343236,1.137567e-06
30.626,0.0,203.41034956018217,1.100547e-06
30.626,0.0,203.40994390307327,1.09915e-06
30.626,0.0,203.40951781022244,1.045759e-06
30.626,0.0,203.4091140652072,9.550276000000001e-07
30.626,0.0,203.40868664307604,1.131397e-06
30.626,0.0,203.40824303905345,1.118067e-06
30.626,0.0,203.40784431712453,1.093897e-06
30.626,0.0,203.40743787573308,1.112508e-06
30.626,0.0,203.40700546108928,1.091685e-06
30.626,0.0,203.40657046531388,9.091164000000002e-07
30.626,0.0,203.40613592148537,9.795185e-07
30.626,0.0,203.4057377709325,1.153108e-06
30.626,0.0,203.4053225012996,1.143533e-06
30.626,0.0,203.40488659888615,1.102715e-06
30.626,0.0,203.40450114898155,1.103559e-06
30.626,0.0,203.40406614794296,1.103137e-06
30.626,0.0,203.4036514727724,1.073699e-06
35.626,0.0,203.72416875,2.23847e-05
35.626,0.0,203.72416875,-2.217887e-06
35.626,0.0,203.72409559716672,-1.274559e-06
35.626,0.0,203.7239868836128,-6.731134000000001e-07
35.626,0.0,203.7238469867524,-2.183515e-07
35.626,0.0,203.72365207086952,1.345907e-07
35.626,0.0,203.72342914350924,4.0675510000000004e-07
35.626,0.0,203.72318114167905,4.4221820000000003e-07
35.626,0.0,203.7228954102796,5.050824e-07
35.626,0.0,203.72251699165832,5.383190000000001e-07
35.626,0.0,203.72212254140476,6.683404e-07
35.626,0.0,203.72172842741332,6.854243000000001e-07
35.626,0.0,203.7212950740212,7.915513999999999e-07
35.626,0.0,203.72088682853015,8.381903e-07
35.626,0.0,203.7204846941165,9.126379000000001e-07
35.626,0.0,203.72004809634737,8.725765000000001e-07
35.626,0.0,203.719617145702,9.533396000000001e-07
35.626,0.0,203.71919015294105,9.46442e-07
35.626,0.0,203.71880252235283,9.879004e-07
35.626,0.0,203.7183870748397,9.770301e-07
35.626,0.0,203.7179620721834,1.020089e-06
35.626,0.0,203.71755410238185,9.722280000000001e-07
35.626,0.0,203.71711852353516,1.005028e-06
35.626,0.0,203.7166948381964,9.813812e-07
35.626,0.0,203.71627074608492,1.019333e-06
35.626,0.0,203.7158943074476,9.66058e-07
35.626,0.0,203.71544786320993,9.593059e-07
35.626,0.0,203.71502434944344,9.885698e-07
35.626,0.0,203.714584067718,9.052746000000001e-07
35.626,0.0,203.7141535692444,9.89472e-07
35.626,0.0,203.71373469533248,1.065142e-06
35.626,0.0,203.71331429111405,1.05708e-06
35.626,0.0,203.71292890808047,1.107299e-06
35.626,0.0,203.71248108615856,1.057677e-06
35.626,0.0,203.7120900659097,1.141496e-06
35.626,0.0,203.71165918824053,1.123248e-06
35.626,0.0,203.711241822324,1.106251e-06
35.626,0.0,203.7108543474484,1.147317e-06
35.626,0.0,203.71043528190944,1.18796e-06
35.626,0.0,203.71002731160317,1.120425e-06
35.626,0.0,203.70959638824607,1.074994e-06
35.626,0.0,203.70916522642167,1.141205e-06
35.626,0.0,203.7087576058533,1.099063e-06
35.626,0.0,203.7083622325754,1.074513e-06
35.626,0.0,203.70791924104196,1.051114e-06
35.626,0.0,203.70749522965332,9.857322e-07
35.626,0.0,203.70706685499053,9.757641e-07
35.626,0.0,203.70667246529777,8.542556000000001e-07
35.626,0.0,203.7062294213056,9.164069000000001e-07
35.626,0.0,203.705814083256,9.674404e-07
35.626,0.0,203.70539901651773,9.835931000000002e-07
35.626,0.0,203.70498819976336,1.027031e-06
35.626,0.0,203.7045639085217,1.093955e-06
35.626,0.0,203.7041333603788,1.149514e-06
35.626,0.0,203.70371027342665,1.199136e-06
35.626,0.0,203.7033229321546,1.203094e-06
35.626,0.0,203.7029077555486,1.192107e-06
35.626,0.0,203.7024598964491,1.187524e-06
35.626,0.0,203.7020706916116,1.157081e-06
35.626,0.0,203.70163726619836,1.181616e-06
35.626,0.0,203.70123217160543,1.086446e-06
35.626,0.0,203.70083077368596,1.164459e-06
35.626,0.0,203.70039087808777,1.165245e-06
35.626,0.0,203.70000046736047,1.092645e-06
35.626,0.0,203.69957710718296,1.127919e-06
35.626,0.0,203.6991441003416,1.086955e-06
35.626,0.0,203.69871998763065,1.071763e-06
35.626,0.0,203.69833823869385,1.031411e-06
35.626,0.0,203.6978976220954,1.084947e-06
35.626,0.0,203.6974739096979,1.063352e-06
35.626,0.0,203.6970488055011,1.056935e-06
35.626,0.0,203.69665111841488,1.147419e-06
35.626,0.0,203.6962062279593,1.143839e-06
35.626,0.0,203.69579087593843,1.145178e-06
35.626,0.0,203.695375800862,1.112101e-06
35.626,0.0,203.69495272981493,1.103661e-06
35.626,0.0,203.6945218096056,1.091117e-06
35.626,0.0,203.6941137882404,1.013192e-06
35.626,0.0,203.69368650527184,1.008506e-06
35.626,0.0,203.69326083497137,9.646174e-07
35.626,0.0,203.69284431304084,1.04653e-06
35.626,0.0,203.6924590748907,1.035369e-06
35.626,0.0,203.692013911018,1.028558e-06
35.626,0.0,203.69161985588588,9.937212000000002e-07
35.626,0.0,203.69119369281248,1.03112e-06
35.626,0.0,203.69078119261607,1.04183e-06
35.626,0.0,203.69039070971053,1.018081e-06
35.626,0.0,203.6899447203096,1.006047e-06
35.626,0.0,203.68952083088047,9.557261e-07
35.626,0.0,203.689126514778,1.05142e-06
35.626,0.0,203.68870163694123,1.039385e-06
35.626,0.0,203.68825887794873,1.054679e-06
35.626,0.0,203.68787611316492,1.058521e-06
35.626,0.0,203.6874522952502,1.075576e-06
35.626,0.0,203.6870285023498,1.075576e-06
35.626,0.0,203.68658785458047,9.668729000000002e-07
35.626,0.0,203.6861569969153,1.130451e-06
35.626,0.0,203.68575674843356,1.096138e-06
35.626,0.0,203.6853513744652,1.067237e-06
35.626,0.0,203.68493279015803,1.061679e-06
35.626,0.0,203.68448537569623,1.079898e-06
35.626,0.0,203.6840866334209,1.061446e-06
35.626,0.0,203.6836625403484,1.078224e-06
35.626,0.0,203.68325520263227,1.074222e-06
35.626,0.0,203.68283108875283,1.117791e-06
35.626,0.0,203.68241631829352,1.069289e-06
35.626,0.0,203.68200836075897,1.057022e-06
35.626,0.0,203.6815774331845,1.078588e-06
35.626,0.0,203.68116956495416,1.093766e-06
35.626,0.0,203.68075424692685,1.070002e-06
35.626,0.0,203.68034697805703,1.054563e-06
35.626,0.0,203.6799456243924,1.10807e-06
35.626,0.0,203.67949959408307,1.132939e-06
35.626,0.0,203.67909133465065,1.075823e-06
35.626,0.0,203.67867778758728,1.046501e-06
35.626,0.0,203.6782347460669,1.115113e-06
35.626,0.0,203.6778373619612,1.093926e-06
35.626,0.0,203.6774299553868,1.055072e-06
35.626,0.0,203.676998082984,1.031236e-06
35.626,0.0,203.6765673182552,1.048757e-06
35.626,0.0,203.6761594612921,1.083332e-06
35.626,0.0,203.6757422878296,1.120861e-06
35.626,0.0,203.67532685806052,1.11101e-06
35.626,0.0,203.674883504182,1.119522e-06
35.626,0.0,203.67445900976065,1.062479e-06
35.626,0.0,203.67404005921915,1.043692e-06
35.626,0.0,203.67362059558937,1.146109e-06
35.626,0.0,203.67319439699233,1.112654e-06
35.626,0.0,203.67279294287172,1.061038e-06
35.626,0.0,203.6723913093418,1.055741e-06
35.626,0.0,203.67196562317227,1.032939e-06
35.626,0.0,203.67155746777897,8.036004000000001e-07
35.626,0.0,203.67112249967147,1.04151e-06
35.626,0.0,203.6707188703166,1.142253e-06
35.626,0.0,203.67031429412657,1.096676e-06
35.626,0.0,203.66987945576616,1.096385e-06
35.626,0.0,203.6694764037322,1.103865e-06
35.626,0.0,203.66904032770003,1.044828e-06
35.626,0.0,203.66865347429092,1.008841e-06
35.626,0.0,203.6682083674788,1.037188e-06
35.626,0.0,203.66780563834675,1.122215e-06
35.626,0.0,203.66740543369085,1.062857e-06
35.626,0.0,203.66697727549607,1.0816e-06
35.626,0.0,203.66653438471724,1.002598e-06
35.626,0.0,203.66609326497476,9.474898000000001e-07
35.626,0.0,203.66570820419943,1.022825e-06
35.626,0.0,203.6652741184413,9.763899e-07
35.626,0.0,203.66485845969544,1.081789e-06
35.626,0.0,203.6644576677268,1.08371e-06
35.626,0.0,203.66403044017332,1.091641e-06
35.626,0.0,203.6635929142086,1.072505e-06
35.626,0.0,203.6631916068784,1.069493e-06
35.626,0.0,203.66275320009845,1.062639e-06
35.626,0.0,203.66235242058272,1.075809e-06
35.626,0.0,203.66194687010707,1.025997e-06
35.626,0.0,203.66151352448867,1.077249e-06
35.626,0.0,203.6611056222465,1.015229e-06
35.626,0.0,203.6606765462024,1.013948e-06
35.626,0.0,203.6602771777515,1.006716e-06
35.626,0.0,203.6598738476648,1.021952e-06
35.626,0.0,203.6594512407364,1.036227e-06
35.626,0.0,203.65904315859123,1.039472e-06
35.626,0.0,203.65860663411783,9.839423000000001e-07
35.626,0.0,203.65815945522013,9.731302000000001e-07
35.626,0.0,203.65778402068503,1.003165e-06
35.626,0.0,203.65735361753997,1.043096e-06
35.626,0.0,203.65693473909343,1.039938e-06
35.626,0.0,203.6565267913708,1.032982e-06
35.626,0.0,203.65609591279977,1.016146e-06
35.626,0.0,203.6556643400504,1.05158e-06
35.626,0.0,203.6552207197753,1.069158e-06
35.626,0.0,203.65482561737127,1.092805e-06
35.626,0.0,203.65441704045128,1.070075e-06
35.626,0.0,203.65398638017345,1.080087e-06
35.626,0.0,203.65354445287784,1.070497e-06
35.626,0.0,203.65314771644756,1.050488e-06
35.626,0.0,203.65272748856117,1.101711e-06
35.626,0.0,203.65230893147083,1.049266e-06
35.626,0.0,203.65189897980343,9.822543000000001e-07
35.626,0.0,203.65147496726624,1.005261e-06
35.626,0.0,203.651076143984,9.63104e-07
35.626,0.0,203.65063410959664,1.025182e-06
35.626,0.0,203.65025328958575,9.915093e-07
35.626,0.0,203.64981963497513,9.097857000000001e-07
35.626,0.0,203.64942850826876,9.300711000000001e-07
35.626,0.0,203.64900671136624,9.133801e-07
35.626,0.0,203.64856785729464,9.16174e-07
35.626,0.0,203.64815993231224,9.2767e-07
35.626,0.0,203.64774215194657,9.213691000000001e-07
35.626,0.0,203.64732666190903,8.937495000000001e-07
35.626,0.0,203.646883162435,9.592331e-07
35.626,0.0,203.64647633637887,9.665964e-07
35.626,0.0,203.64606401696415,9.272044000000001e-07
35.626,0.0,203.645619884959,8.498610000000001e-07
35.626,0.0,203.64519372834647,8.435891000000001e-07
35.626,0.0,203.6447925102389,9.491632000000001e-07
35.626,0.0,203.64439105097617,8.795178000000001e-07
35.626,0.0,203.64394482733317,9.018113000000001e-07
35.626,0.0,203.64354621609337,9.869109000000002e-07
35.626,0.0,203.64312220666076,9.839132e-07
35.626,0.0,203.64271840878476,9.986979e-07
35.626,0.0,203.64228623607968,9.735086000000001e-07
35.626,0.0,203.6418757449161,9.740324000000001e-07
35.626,0.0,203.6414717523118,9.830255000000001e-07
35.626,0.0,203.64104096312224,9.558571e-07
35.626,0.0,203.64063276525675,1.062435e-06
35.626,0.0,203.64020916527687,1.046938e-06
35.626,0.0,203.6397934398154,1.046428e-06
35.626,0.0,203.63940563292584,1.018707e-06
35.626,0.0,203.63895792100928,1.041728e-06
35.626,0.0,203.6385593028712,1.056687e-06
35.626,0.0,203.63811599143528,1.053078e-06
35.626,0.0,203.63768902516,1.0402e-06
35.626,0.0,203.63730167301,1.061839e-06
35.626,0.0,203.63688609764557,1.014094e-06
35.626,0.0,203.63644031931872,9.676005000000002e-07
35.626,0.0,203.63605329765377,9.870710000000003e-07
35.626,0.0,203.63561811053737,9.619398e-07
35.626,0.0,203.6351695243,9.974465000000003e-07
35.626,0.0,203.63475406011065,9.6453e-07
35.626,0.0,203.6343385358333,8.929928000000001e-07
35.626,0.0,203.63394276579865,9.052601e-07
35.626,0.0,203.63349880059047,9.794021000000003e-07
35.626,0.0,203.63307523281915,9.495707000000002e-07
35.626,0.0,203.63267559964757,9.526120000000001e-07
35.626,0.0,203.63223388557333,1.009917e-06
35.626,0.0,203.63183641320327,1.042805e-06
35.626,0.0,203.63142961215223,1.085224e-06
35.626,0.0,203.63101233374556,1.056746e-06
35.626,0.0,203.63058986872096,1.047927e-06
35.626,0.0,203.6301600281078,9.456999000000001e-07
35.626,0.0,203.62976941365963,1.14477e-06
35.626,0.0,203.62935389388272,1.116117e-06
35.626,0.0,203.62895436000292,1.125343e-06
35.626,0.0,203.62852703786012,1.094159e-06
35.626,0.0,203.62808920106264,1.027787e-06
35.626,0.0,203.62766587115408,9.477226000000001e-07
35.626,0.0,203.62726664087256,1.187655e-06
35.626,0.0,203.62683428184764,7.555063000000001e-07
35.626,0.0,203.6264186164753,1.146167e-06
35.626,0.0,203.62598776452737,1.2214e-06
35.626,0.0,203.62557949993783,1.143242e-06
35.626,0.0,203.62514628153156,1.063992e-06
35.626,0.0,203.62470115884145,1.084438e-06
35.626,0.0,203.62432334243852,9.868527000000002e-07
35.626,0.0,203.62389725343192,1.123335e-06
35.626,0.0,203.62347057745637,1.197521e-06
35.626,0.0,203.62306231367836,1.194348e-06
35.626,0.0,203.622631799684,1.217501e-06
35.626,0.0,203.6222291070631,1.23748e-06
35.626,0.0,203.62182015744864,1.247856e-06
35.626,0.0,203.62140625266483,1.200679e-06
35.626,0.0,203.62099941834796,1.256092e-06
35.626,0.0,203.62055881432747,1.149267e-06
35.626,0.0,203.6201602190004,1.233479e-06
35.626,0.0,203.61973618171697,1.16587e-06
35.626,0.0,203.61932212644552,1.179447e-06
35.626,0.0,203.61891310741856,1.18633e-06
35.626,0.0,203.6184831862684,1.025168e-06
35.626,0.0,203.61807530536908,1.172593e-06
35.626,0.0,203.6176441978159,9.99964e-07
35.626,0.0,203.61722325482907,1.043794e-06
35.626,0.0,203.61680501152023,1.103777e-06
35.626,0.0,203.6164198089047,1.118824e-06
35.626,0.0,203.61597135236855,1.176348e-06
35.626,0.0,203.61553575830152,1.169959e-06
35.626,0.0,203.6151051055535,1.179505e-06
35.626,0.0,203.6147001289687,1.201304e-06
35.626,0.0,203.61428848578092,1.20484e-06
35.626,0.0,203.6138524629096,1.203385e-06
35.626,0.0,203.61342836983712,1.276509e-06
35.626,0.0,203.61302970592172,1.263557e-06
35.626,0.0,203.61258915038127,1.294276e-06
35.626,0.0,203.6122036528764,1.278459e-06
35.626,0.0,203.6117680293108,1.299748e-06
35.626,0.0,203.61138023645543,1.292778e-06
35.626,0.0,203.61095673085904,1.355525e-06
35.626,0.0,203.61053740004132,1.036242e-06
35.626,0.0,203.61011737617184,1.304623e-06
35.626,0.0,203.60969051780256,1.343811e-06
35.626,0.0,203.60930252947625,1.307184e-06
35.626,0.0,203.60886536150045,1.284599e-06
35.626,0.0,203.60844156860003,1.318505e-06
35.626,0.0,203.60804296390273,1.297318e-06
35.626,0.0,203.60760091640643,1.363398e-06
35.626,0.0,203.60717037768563,1.357359e-06
35.626,0.0,203.60677162272384,1.31916e-06
35.626,0.0,203.60636787370447,1.288499e-06
35.626,0.0,203.60594633012752,1.314766e-06
35.626,0.0,203.605500043908,1.287321e-06
35.626,0.0,203.60507094326115,1.352848e-06
35.626,0.0,203.60467736461007,1.333727e-06
35.626,0.0,203.60423544043007,1.328008e-06
35.626,0.0,203.60384788709715,1.286331e-06
35.626,0.0,203.6034298459096,1.17498e-06
35.626,0.0,203.6029989711807,1.381108e-06
35.626,0.0,203.60259081879573,1.375724e-06
35.626,0.0,203.60216055267503,1.396736e-06
35.626,0.0,203.60177015587013,1.420034e-06
35.626,0.0,203.6013547472684,1.452165e-06
35.626,0.0,203.60095498770417,1.421649e-06
35.626,0.0,203.60051344052673,1.493521e-06
35.626,0.0,203.6000825293337,1.454668e-06
35.626,0.0,203.59969110306787,1.48805e-06
35.626,0.0,203.59925009913457,1.435546e-06
35.626,0.0,203.598843021637,1.369874e-06
35.626,0.0,203.5984314704172,1.409862e-06
35.626,0.0,203.59800037032616,1.411987e-06
35.626,0.0,203.59757768023383,1.36577e-06
35.626,0.0,203.5971614985852,1.365217e-06
35.626,0.0,203.59674444428703,1.319888e-06
35.626,0.0,203.59633821340927,1.292239e-06
35.626,0.0,203.5959373144706,1.267617e-06
35.626,0.0,203.5954903274365,1.317298e-06
35.626,0.0,203.59505264738556,1.290711e-06
35.626,0.0,203.5946216278896,1.287757e-06
35.626,0.0,203.59419555287369,1.35522e-06
35.626,0.0,203.59380804058765,1.343506e-06
35.626,0.0,203.5933929099237,1.324355e-06
35.626,0.0,203.59298372664952,1.316846e-06
35.626,0.0,203.5925481583355,1.317327e-06
35.626,0.0,203.5921283777428,1.386274e-06
35.626,0.0,203.59172574823145,1.39777e-06
35.626,0.0,203.59128864772475,1.410343e-06
35.626,0.0,203.59090120874495,1.402732e-06
35.626,0.0,203.590473813606,1.399269e-06
35.626,0.0,203.59006579766256,1.425637e-06
35.626,0.0,203.5896350593752,1.413136e-06
35.626,0.0,203.5892328228853,1.411114e-06
35.626,0.0,203.58882438808624,1.377513e-06
35.626,0.0,203.58840903532953,1.343331e-06
35.626,0.0,203.5879957040075,1.34026e-06
35.626,0.0,203.58756192646436,1.328764e-06
35.626,0.0,203.5871378893844,1.32728e-06
35.626,0.0,203.58669135660173,1.255961e-06
35.626,0.0,203.58629004747635,1.331922e-06
35.626,0.0,203.58588786740367,1.32111e-06
35.626,0.0,203.5854629027677,1.31008e-06
35.626,0.0,203.58501869975336,1.294029e-06
35.626,0.0,203.5846198264425,1.311128e-06
35.626,0.0,203.58419591378623,1.235938e-06
35.626,0.0,203.5837556344937,1.280467e-06
35.626,0.0,203.58336789323087,1.285793e-06
35.626,0.0,203.58294656040803,1.283348e-06
35.626,0.0,203.58253858772545,1.288223e-06
35.626,0.0,203.58210770497595,1.29838e-06
35.626,0.0,203.58170290808124,1.199078e-06
35.626,0.0,203.58129115933545,1.287481e-06
35.626,0.0,203.5808610472516,1.338616e-06
35.626,0.0,203.58047550476064,1.384353e-06
35.626,0.0,203.5800322427532,1.340115e-06
35.626,0.0,203.579597499568,1.323933e-06
35.626,0.0,203.57920965754877,1.369219e-06
35.626,0.0,203.57877104754533,1.407534e-06
35.626,0.0,203.57836212177665,1.38671e-06
35.626,0.0,203.57795923122487,1.363034e-06
35.626,0.0,203.5775145359758,1.31868e-06
35.626,0.0,203.57712063617583,1.311608e-06
35.626,0.0,203.57669478547376,1.249355e-06
35.626,0.0,203.5762518418754,1.245862e-06
35.626,0.0,203.57585158761944,1.247405e-06
35.626,0.0,203.57544625401755,1.24771e-06
35.626,0.0,203.57501303262927,1.209555e-06
35.626,0.0,203.57458240262156,1.236665e-06
35.626,0.0,203.57414994976293,1.129098e-06
35.626,0.0,203.573743461047,1.197142e-06
35.626,0.0,203.5733266663538,1.296256e-06
35.626,0.0,203.57290418379029,1.24381e-06
35.626,0.0,203.57250338057017,1.292501e-06
35.626,0.0,203.57206496391092,1.250621e-06
35.626,0.0,203.57165697612947,1.161388e-06
35.626,0.0,203.57123911780533,1.226028e-06
35.626,0.0,203.57083326353856,1.193286e-06
35.626,0.0,203.5704329510394,1.193242e-06
35.626,0.0,203.56998555266608,1.229084e-06
35.626,0.0,203.56958693546244,1.211971e-06
35.626,0.0,203.56916316770955,1.155975e-06
35.626,0.0,203.56875550537688,1.12674e-06
35.626,0.0,203.56833142435545,1.151653e-06
35.626,0.0,203.56791584899096,1.144464e-06
35.626,0.0,203.56748590959785,1.17108e-06
35.626,0.0,203.56707782689008,1.171778e-06
35.626,0.0,203.5666470827112,1.129563e-06
35.626,0.0,203.56622689094112,1.191453e-06
35.626,0.0,203.56580811886624,1.18633e-06
35.626,0.0,203.5653957644616,1.21136e-06
35.626,0.0,203.56496899536964,1.172055e-06
35.626,0.0,203.56453816612128,1.116336e-06
35.626,0.0,203.56413005837769,1.084161e-06
35.626,0.0,203.56370624599788,1.109889e-06
35.626,0.0,203.56329111632775,1.113731e-06
35.626,0.0,203.562903736782,1.092194e-06
35.626,0.0,203.56247586016264,1.084976e-06
35.626,0.0,203.5620678624872,1.11133e-06
35.626,0.0,203.5616339091089,1.055741e-06
35.626,0.0,203.56122908332816,1.11488e-06
35.626,0.0,203.56081110134352,1.117733e-06
35.626,0.0,203.56038353974628,1.110471e-06
35.626,0.0,203.55997682354248,1.069071e-06
35.626,0.0,203.5595515441628,1.063716e-06
35.626,0.0,203.5591208029956,1.052395e-06
35.626,0.0,203.55871701576203,1.066903e-06
35.626,0.0,203.5583067756084,1.021835e-06
35.626,0.0,203.55787343615293,1.02722e-06
35.626,0.0,203.5574880115336,1.017994e-06
35.626,0.0,203.55704617229387,1.00967e-06
35.626,0.0,203.55660409337543,1.03889e-06
35.626,0.0,203.55621862729504,1.055276e-06
35.626,0.0,203.55578637872085,1.037479e-06
35.626,0.0,203.55537077683417,1.060456e-06
35.626,0.0,203.55494894201144,1.06197e-06
35.626,0.0,203.55450319280217,1.050794e-06
35.626,0.0,203.55409424870936,1.02543e-06
35.626,0.0,203.55368161278537,1.023116e-06
35.626,0.0,203.55323862685253,1.034889e-06
35.626,0.0,203.55284072447796,9.865762e-07
35.626,0.0,203.55243400996372,9.270734000000001e-07
35.626,0.0,203.55200203846792,9.762152000000002e-07
35.626,0.0,203.5515938351807,9.819487000000001e-07
35.626,0.0,203.55116356312817,9.495125000000002e-07
35.626,0.0,203.5507742383202,9.172509000000001e-07
35.626,0.0,203.55035844060544,9.231007000000002e-07
35.626,0.0,203.5499577283989,8.805218e-07
35.626,0.0,203.54953053283393,9.237119000000001e-07
35.626,0.0,203.5491057235855,9.334617000000001e-07
35.626,0.0,203.54869722310497,9.776122000000002e-07
35.626,0.0,203.5482538458036,8.962379e-07
35.626,0.0,203.5478465190088,9.398063000000001e-07
35.626,0.0,203.5474449066245,1.023232e-06
35.626,0.0,203.5470142344872,9.900104e-07
35.626,0.0,203.5465747130664,9.532814000000001e-07
35.626,0.0,203.54617518128208,9.164360000000001e-07
35.626,0.0,203.54575212760767,1.009787e-06
35.626,0.0,203.54531854285796,1.047782e-06
35.626,0.0,203.5449048709681,1.084889e-06
35.626,0.0,203.544498094042,1.098699e-06
35.626,0.0,203.5440672171112,1.130378e-06
35.626,0.0,203.54363903952867,1.1097e-06
35.626,0.0,203.5432412497049,1.100401e-06
35.626,0.0,203.54281980371408,1.123539e-06
35.626,0.0,203.5424108449912,1.074819e-06
35.626,0.0,203.54198677693307,1.026478e-06
35.626,0.0,203.54158793056448,1.066495e-06
35.626,0.0,203.54114165095777,1.034059e-06
35.626,0.0,203.54075636277997,9.736832000000001e-07
35.626,0.0,203.5403328124495,1.032982e-06
35.626,0.0,203.5399173270929,1.035878e-06
35.626,0.0,203.53950189384983,9.394716000000001e-07
35.626,0.0,203.53907868429317,8.915957999999999e-07
35.626,0.0,203.5386457350702,9.500509000000002e-07
35.626,0.0,203.538239634439,9.998475e-07
35.626,0.0,203.53782275505125,9.392825000000002e-07
35.626,0.0,203.53740091523207,9.887444e-07
35.626,0.0,203.53700009480383,9.640789000000001e-07
35.626,0.0,203.53656209239375,8.564239e-07
35.626,0.0,203.53613112128212,9.040668000000001e-07
35.626,0.0,203.53570746729685,9.138603e-07
35.626,0.0,203.53529227334744,8.883362e-07
35.626,0.0,203.53490450638836,8.724164000000001e-07
35.626,0.0,203.53445716230104,8.935749000000001e-07
35.626,0.0,203.5340229319106,8.380884999999999e-07
35.626,0.0,203.53361534091047,8.264033e-07
35.626,0.0,203.53318774460945,7.803464999999999e-07
35.626,0.0,203.53277210753427,8.19331e-07
35.626,0.0,203.53238461641544,9.044888000000001e-07
35.626,0.0,203.53193918632988,9.594805e-07
35.626,0.0,203.53154012193664,9.532378e-07
35.626,0.0,203.53111636967924,9.755749e-07
35.626,0.0,203.5307129012086,9.532814000000001e-07
35.626,0.0,203.53027940577945,9.466457e-07
35.626,0.0,203.5298742070507,9.084470000000001e-07
35.626,0.0,203.5294708804012,9.629148e-07
35.626,0.0,203.529035488423,9.848154e-07
35.626,0.0,203.52862734145967,9.84699e-07
35.626,0.0,203.52820307214395,1.069042e-06
35.626,0.0,203.5277869642884,1.073058e-06
35.626,0.0,203.52735733781253,1.041219e-06
35.626,0.0,203.52695255422927,1.044013e-06
35.626,0.0,203.52651866912103,9.861251000000002e-07
35.626,0.0,203.5260882037168,1.038949e-06
35.626,0.0,203.52568153169267,1.065448e-06
35.626,0.0,203.525267879936,1.075037e-06
35.626,0.0,203.52483363975597,1.032473e-06
35.626,0.0,203.52445308590552,1.072462e-06
35.626,0.0,203.52401098170876,1.091117e-06
35.626,0.0,203.5235798686186,1.068096e-06
35.626,0.0,203.5231638686512,1.13131e-06
35.626,0.0,203.52274750774825,1.090113e-06
35.626,0.0,203.52235982207287,1.094886e-06
35.626,0.0,203.5219400251277,1.11034e-06
35.626,0.0,203.52152219594063,1.117616e-06
35.626,0.0,203.521100536769,1.116117e-06
35.626,0.0,203.52066991545928,1.109904e-06
35.626,0.0,203.52026134653096,1.094682e-06
35.626,0.0,203.5198467134472,1.09864e-06
35.626,0.0,203.5194230956472,1.097695e-06
35.626,0.0,203.5190244008801,1.07431e-06
35.626,0.0,203.51858423655065,1.069013e-06
35.626,0.0,203.518176842614,9.930372000000001e-07
35.626,0.0,203.51776253191264,1.08486e-06
35.626,0.0,203.5173473759407,1.085093e-06
35.626,0.0,203.51694972162892,1.106659e-06
35.626,0.0,203.51650687382576,1.09442e-06
35.626,0.0,203.51608313481563,1.102642e-06
35.626,0.0,203.5156374921889,1.129214e-06
35.626,0.0,203.5152353739145,1.112479e-06
35.626,0.0,203.51482764610387,1.154811e-06
35.626,0.0,203.51441234867724,1.154331e-06
35.626,0.0,203.51396374506993,1.164182e-06
35.626,0.0,203.5135404858977,1.209904e-06
35.626,0.0,203.51314071557127,1.221691e-06
35.626,0.0,203.5126945524053,1.204331e-06
35.626,0.0,203.51230711320653,1.188528e-06
35.626,0.0,203.5118915693033,1.194581e-06
35.626,0.0,203.51148276655948,1.184773e-06
35.626,0.0,203.51105800424736,1.215521e-06
35.626,0.0,203.51064994042167,1.17172e-06
35.626,0.0,203.51023037959663,1.220062e-06
35.626,0.0,203.50981122858153,1.191991e-06
35.626,0.0,203.50942603445463,1.13307e-06
35.626,0.0,203.50897804446367,1.129534e-06
35.626,0.0,203.5085789960524,1.164124e-06
35.626,0.0,203.50813371236643,1.175707e-06
35.626,0.0,203.5077103506548,1.124921e-06
35.626,0.0,203.5073074232004,1.115055e-06
35.626,0.0,203.50690738932232,1.057488e-06
35.626,0.0,203.50645923802136,1.046137e-06
35.626,0.0,203.50603531908345,1.024207e-06
35.626,0.0,203.5056362273832,1.044973e-06
35.626,0.0,203.50518929334308,1.076769e-06
35.626,0.0,203.504773662391,1.071137e-06
35.626,0.0,203.50436422254768,1.055581e-06
35.626,0.0,203.5039610318161,1.132168e-06
35.626,0.0,203.5035163175244,1.139459e-06
35.626,0.0,203.50312220485975,1.118475e-06
35.626,0.0,203.50269645261932,1.073669e-06
35.626,0.0,203.50228360688,1.115623e-06
35.626,0.0,203.50186619129136,1.065418e-06
35.626,0.0,203.50144511761968,1.104563e-06
35.626,0.0,203.5010487930041,1.107095e-06
35.626,0.0,203.50060364709427,1.085122e-06
35.626,0.0,203.50021065258744,1.099092e-06
35.626,0.0,203.49979090095928,1.134133e-06
35.626,0.0,203.49937171090147,1.136039e-06
35.626,0.0,203.49896806443513,1.192035e-06
35.626,0.0,203.498532588425,1.202206e-06
35.626,0.0,203.49810712843436,1.255525e-06
35.626,0.0,203.49769901286783,1.239736e-06
35.626,0.0,203.49728355530505,1.225315e-06
35.626,0.0,203.49685462237684,1.203909e-06
35.626,0.0,203.4964693033968,1.066481e-06
35.626,0.0,203.49602569384464,1.111839e-06
35.626,0.0,203.49560182845244,1.148612e-06
35.626,0.0,203.49515428170497,1.135704e-06
35.626,0.0,203.49473560225368,1.16101e-06
35.626,0.0,203.49431559345783,1.101187e-06
35.626,0.0,203.49393018839413,1.062595e-06
35.626,0.0,203.49348258879272,1.072316e-06
35.626,0.0,203.49305624650333,1.059365e-06
35.626,0.0,203.4926597977233,1.02332e-06
35.626,0.0,203.4922159557983,1.058608e-06
35.626,0.0,203.49182846707248,1.015098e-06
35.626,0.0,203.49141358141867,9.188516000000001e-07
35.626,0.0,203.4910058534344,1.186243e-06
35.626,0.0,203.49057483684223,1.193112e-06
35.626,0.0,203.4901668891196,1.17757e-06
35.626,0.0,203.48975092800893,1.18748e-06
35.626,0.0,203.48932822042812,1.14963e-06
35.626,0.0,203.48894316454513,1.187131e-06
35.626,0.0,203.48849673585735,1.187756e-06
35.626,0.0,203.4880981149329,9.727373e-07
35.626,0.0,203.4876743528771,1.189997e-06
35.626,0.0,203.4872317606744,1.198467e-06
35.626,0.0,203.4868166300104,1.149456e-06
35.626,0.0,203.4864031938458,1.190376e-06
35.626,0.0,203.48599673365476,1.163571e-06
35.626,0.0,203.48555566366645,1.207562e-06
35.626,0.0,203.48513200092492,1.168912e-06
35.626,0.0,203.4847270752682,1.224747e-06
35.626,0.0,203.48429667782332,1.248773e-06
35.626,0.0,203.483884968166,1.170542e-06
35.626,0.0,203.48347977791124,1.050386e-06
35.626,0.0,203.48304915073143,1.038366e-06
35.626,0.0,203.4826412678056,1.201013e-06
35.626,0.0,203.48221969040196,1.218155e-06
35.626,0.0,203.48181578488573,1.227236e-06
35.626,0.0,203.4814170474519,1.203211e-06
35.626,0.0,203.4809683539515,1.237902e-06
35.626,0.0,203.48056956046463,1.202468e-06
35.626,0.0,203.48014568892353,1.150402e-06
35.626,0.0,203.47969971704768,1.188993e-06
35.626,0.0,203.4793117284775,1.22303e-06
35.626,0.0,203.47889618469665,1.185486e-06
35.626,0.0,203.478469607761,1.205801e-06
35.626,0.0,203.47806143076596,1.194552e-06
35.626,0.0,203.47762671237888,1.248278e-06
35.626,0.0,203.47722258634096,1.231572e-06
35.626,0.0,203.47681900271877,1.21686e-06
35.626,0.0,203.47637568326047,1.17028e-06
35.626,0.0,203.4759528335758,1.181848e-06
35.626,0.0,203.47555749892624,1.215027e-06
35.626,0.0,203.47511167723928,1.194974e-06
35.626,0.0,203.4746729837212,1.18422e-06
35.626,0.0,203.4742577140883,1.190216e-06
35.626,0.0,203.47385007683016,1.173525e-06
35.626,0.0,203.47344837141137,1.254448e-06
35.626,0.0,203.47300233930508,1.209264e-06
35.626,0.0,203.4726097488376,1.258464e-06
35.626,0.0,203.4721808166748,1.239168e-06
35.626,0.0,203.47177044756108,1.231951e-06
35.626,0.0,203.471356873212,1.195789e-06
35.626,0.0,203.47093288133584,1.21069e-06
35.626,0.0,203.470534389541,1.226421e-06
35.626,0.0,203.47009342854176,1.246008e-06
35.626,0.0,203.4696869037976,1.140434e-06
35.626,0.0,203.46927309266536,1.17482e-06
35.626,0.0,203.4688636682204,1.228822e-06
35.626,0.0,203.46846027323568,1.126959e-06
35.626,0.0,203.46801543801067,1.205452e-06
35.626,0.0,203.46760432813844,1.198161e-06
35.626,0.0,203.46719563551537,1.195993e-06
35.626,0.0,203.4667525917727,1.184657e-06
35.626,0.0,203.4663373243621,1.145629e-06
35.626,0.0,203.4659216812589,1.169261e-06
35.626,0.0,203.465513736898,1.120803e-06
35.626,0.0,203.46507423479576,1.057488e-06
35.626,0.0,203.46465215515713,1.018212e-06
35.626,0.0,203.4642515032145,1.062552e-06
35.626,0.0,203.4638173761146,1.025022e-06
35.626,0.0,203.4634037732916,9.112700000000001e-07
35.626,0.0,203.46299718339665,8.673232999999999e-07
35.626,0.0,203.46256650620737,9.037904e-07
35.626,0.0,203.46215810910127,9.66189e-07
35.626,0.0,203.46173991888597,1.024688e-06
35.626,0.0,203.4613335612977,1.026798e-06
35.626,0.0,203.4609329018248,1.057124e-06
35.626,0.0,203.46048557323527,1.004955e-06
35.626,0.0,203.46008683095997,1.01146e-06
35.626,0.0,203.45966333836068,9.549112000000001e-07
35.626,0.0,203.45925565698073,1.035398e-06
35.626,0.0,203.45883191970444,1.02444e-06
35.626,0.0,203.45841637869745,9.750511e-07
35.626,0.0,203.45800135104167,1.080683e-06
35.626,0.0,203.45757795929063,1.050823e-06
35.626,0.0,203.45714705592928,1.15174e-06
35.626,0.0,203.456745892729,1.133856e-06
35.626,0.0,203.45633891884455,1.169479e-06
35.626,0.0,203.45589587069765,1.189677e-06
35.626,0.0,203.45546912777013,1.184075e-06
35.626,0.0,203.4550384577036,1.134584e-06
35.626,0.0,203.45461265339787,1.200009e-06
35.626,0.0,203.4542059075424,1.103661e-06
35.626,0.0,203.4537903609566,1.190536e-06
35.626,0.0,203.45335984686625,1.126522e-06
35.626,0.0,203.4529547138503,1.096167e-06
35.626,0.0,203.4525307208352,1.112407e-06
35.626,0.0,203.45213197855983,1.134729e-06
35.626,0.0,203.451684844589,1.161345e-06
35.626,0.0,203.45129670370127,1.020497e-06
35.626,0.0,203.45088180589948,1.087959e-06
35.626,0.0,203.45045807506864,1.124456e-06
35.626,0.0,203.45004989994337,1.094682e-06
35.626,0.0,203.4496231481838,1.018139e-06
35.626,0.0,203.44922017811885,1.060791e-06
35.626,0.0,203.44880490487705,1.068678e-06
35.626,0.0,203.44837219972584,1.10094e-06
35.626,0.0,203.447986984181,1.084016e-06
35.626,0.0,203.44754506429376,1.086766e-06
35.626,0.0,203.44710268345796,1.072593e-06
35.626,0.0,203.44667300991995,1.03339e-06
35.626,0.0,203.4462735855352,1.059481e-06
35.626,0.0,203.44586969329256,1.059816e-06
35.626,0.0,203.4454263370712,1.074557e-06
35.626,0.0,203.44500211274047,1.034379e-06
35.626,0.0,203.44460336606107,1.073393e-06
35.626,0.0,203.44415591093423,1.061926e-06
35.626,0.0,203.4437706909772,1.061126e-06
35.626,0.0,203.4433502969812,1.045773e-06
35.626,0.0,203.44293207289903,1.03256e-06
35.626,0.0,203.44252399763528,1.048349e-06
35.626,0.0,203.44209298975017,9.327778e-07
35.626,0.0,203.44168667680532,1.025823e-06
35.626,0.0,203.4412736775055,1.063367e-06
35.626,0.0,203.4408464226697,1.038265e-06
35.626,0.0,203.44046120336048,1.061446e-06
35.626,0.0,203.4400168766244,1.019915e-06
35.626,0.0,203.43958455261057,1.044842e-06
35.626,0.0,203.4391687284329,1.0113e-06
35.626,0.0,203.43875317606935,1.049368e-06
35.626,0.0,203.43834573487845,1.024207e-06
35.626,0.0,203.43794442503807,1.048786e-06
35.626,0.0,203.4375137529112,1.05206e-06
35.626,0.0,203.4371057826532,1.036344e-06
35.626,0.0,203.43667627202927,1.031323e-06
35.626,0.0,203.43625202310272,9.710930000000001e-07
35.626,0.0,203.435836281147,1.014385e-06
35.626,0.0,203.43542929178963,1.022228e-06
35.626,0.0,203.4349976579361,9.810901e-07
35.626,0.0,203.43456676046688,8.320640000000001e-07
35.626,0.0,203.43413281243468,9.592623000000001e-07
35.626,0.0,203.43372813183427,9.995856000000002e-07
35.626,0.0,203.4333263389016,9.638607000000002e-07
35.626,0.0,203.4328830169939,9.639916e-07
35.626,0.0,203.4324761230728,9.202049000000001e-07
35.626,0.0,203.43206385258696,9.190553000000001e-07
35.626,0.0,203.43166486267063,9.471696000000001e-07
35.626,0.0,203.43122082671107,9.216456e-07
35.626,0.0,203.4308168766404,9.188661000000001e-07
35.626,0.0,203.4304183438972,9.351206e-07
35.626,0.0,203.42998751484484,9.445357e-07
35.626,0.0,203.42957956712212,9.543146000000001e-07
35.626,0.0,203.4291488970556,9.923242000000001e-07
35.626,0.0,203.42874816943845,1.002743e-06
35.626,0.0,203.42834199573275,9.707728e-07
35.626,0.0,203.42789894811068,9.939686000000002e-07
35.626,0.0,203.42747187803624,9.775540000000002e-07
35.626,0.0,203.42707844869128,1.006309e-06
35.626,0.0,203.4266334829927,1.009976e-06
35.626,0.0,203.42621010379327,1.029126e-06
35.626,0.0,203.42578196933633,9.85543e-07
35.626,0.0,203.4254067934756,9.568030000000002e-07
35.626,0.0,203.424958734713,1.015826e-06
35.626,0.0,203.42453603883445,1.025182e-06
35.626,0.0,203.4241157976478,9.860669000000002e-07
35.626,0.0,203.42368848345632,1.008229e-06
35.626,0.0,203.42328776825903,1.02575e-06
35.626,0.0,203.4228857232277,9.968353e-07
35.626,0.0,203.42247835740167,1.042514e-06
35.626,0.0,203.42204129302016,1.092805e-06
35.626,0.0,203.42162608119057,1.059147e-06
35.626,0.0,203.42122408882048,1.046385e-06
35.626,0.0,203.42078076639316,1.06472e-06
35.626,0.0,203.42037495345437,1.069799e-06
35.626,0.0,203.41997182650087,1.079257e-06
35.626,0.0,203.41953632577153,1.074266e-06
35.626,0.0,203.41912861087312,1.056804e-06
35.626,0.0,203.4187044211978,1.084918e-06
35.626,0.0,203.41830210893505,1.08422e-06
35.626,0.0,203.4179016604461,1.065331e-06
35.626,0.0,203.4174543758308,1.109482e-06
35.626,0.0,203.41703038281565,1.09215e-06
35.626,0.0,203.4166313963608,1.09509e-06
35.626,0.0,203.4161839197617,1.144537e-06
35.626,0.0,203.41576864350228,1.090419e-06
35.626,0.0,203.4153533787632,1.029126e-06
35.626,0.0,203.41491186301351,1.054068e-06
35.626,0.0,203.4145121839444,1.053413e-06
35.626,0.0,203.41408844075957,1.104709e-06
35.626,0.0,203.41364234161136,1.113207e-06
35.626,0.0,203.41324095310023,1.13112e-06
35.626,0.0,203.41283370624672,1.134846e-06
35.626,0.0,203.41241846795992,1.11472e-06
35.626,0.0,203.4120105512934,1.126391e-06
35.626,0.0,203.41158727716535,1.145047e-06
35.626,0.0,203.4111726342388,1.156033e-06
35.626,0.0,203.4107637529572,1.128079e-06
35.626,0.0,203.41036987359,1.07626e-06
35.626,0.0,203.40992551759277,1.053471e-06
35.626,0.0,203.40950835561728,1.132503e-06
35.626,0.0,203.4090858243276,1.140375e-06
35.626,0.0,203.40870060437047,1.129913e-06
35.626,0.0,203.40826463924512,1.155786e-06
35.626,0.0,203.40784964346517,1.119013e-06
35.626,0.0,203.407407560672,1.100241e-06
35.626,0.0,203.40701464350985,1.102584e-06
35.626,0.0,203.40658483134544,1.141423e-06
35.626,0.0,203.40613928462815,1.136883e-06
35.626,0.0,203.4057174669613,1.152643e-06
35.626,0.0,203.40531360273027,1.11651e-06
35.626,0.0,203.4049147062096,1.053035e-06
35.626,0.0,203.40446636713017,1.086562e-06
35.626,0.0,203.40406763081876,1.106033e-06
35.626,0.0,203.40364388735384,1.105829e-06
40.626,0.0,203.72416875,2.235454e-05
40.626,0.0,203.72416875,-2.260698e-06
40.626,0.0,203.7240911140792,-1.31948e-06
40.626,0.0,203.7239851527216,-7.191411e-07
40.626,0.0,203.72384685924612,-2.670276e-07
40.626,0.0,203.72365206278417,8.544885e-08
40.626,0.0,203.723429070914,3.5998530000000003e-07
40.626,0.0,203.7231660298,4.4387710000000004e-07
40.626,0.0,203.72286596140023,5.027396e-07
40.626,0.0,203.7224799991218,5.313195e-07
40.626,0.0,203.7220935991845,6.760674000000001e-07
40.626,0.0,203.72169242058567,6.933988000000001e-07
40.626,0.0,203.7212707756352,7.712661000000001e-07
40.626,0.0,203.72087197582687,7.952331e-07
40.626,0.0,203.7204479302817,8.505885e-07
40.626,0.0,203.72001428936568,7.898197999999999e-07
40.626,0.0,203.71960621082528,8.136121000000001e-07
40.626,0.0,203.71917678474748,8.321222000000001e-07
40.626,0.0,203.71877713729623,9.255018e-07
40.626,0.0,203.71837398218628,9.225187e-07
40.626,0.0,203.7179513124067,1.018212e-06
40.626,0.0,203.7175055751136,9.803189000000001e-07
40.626,0.0,203.7171067417644,9.202195000000001e-07
40.626,0.0,203.7166830659132,9.438809e-07
40.626,0.0,203.7162417705132,1.004839e-06
40.626,0.0,203.7158355767073,9.467476000000001e-07
40.626,0.0,203.7154349680244,9.552750000000001e-07
40.626,0.0,203.7149965195507,9.659852e-07
40.626,0.0,203.71456220515927,9.143114e-07
40.626,0.0,203.71412062316352,9.228534e-07
40.626,0.0,203.7137353571551,9.189098000000001e-07
40.626,0.0,203.7133068274984,9.463838000000001e-07
40.626,0.0,203.71289407765303,9.866926e-07
40.626,0.0,203.71248789537424,1.080232e-06
40.626,0.0,203.71205702064532,1.025925e-06
40.626,0.0,203.71164905202923,1.022141e-06
40.626,0.0,203.71122954337676,1.06376e-06
40.626,0.0,203.7108106489524,9.709038000000001e-07
40.626,0.0,203.7104008271205,1.103472e-06
40.626,0.0,203.71000885407605,1.089269e-06
40.626,0.0,203.7095781293516,1.04183e-06
40.626,0.0,203.70913610095445,1.11929e-06
40.626,0.0,203.70875564420447,1.080567e-06
40.626,0.0,203.70832236795897,1.019071e-06
40.626,0.0,203.7079082887852,9.955693e-07
40.626,0.0,203.7075010662584,9.803189000000001e-07
40.626,0.0,203.7070703435044,9.720388000000001e-07
40.626,0.0,203.70663677821943,9.721698000000001e-07
40.626,0.0,203.70623159382168,8.948700000000001e-07
40.626,0.0,203.7058021722545,9.470095e-07
40.626,0.0,203.70538668668,9.419891000000002e-07
40.626,0.0,203.7049613978072,9.248761e-07
40.626,0.0,203.70455321038693,9.649812e-07
40.626,0.0,203.70411764036376,9.838404e-07
40.626,0.0,203.70366872125865,1.009204e-06
40.626,0.0,203.70329471822765,1.067849e-06
40.626,0.0,203.7028653564868,1.098117e-06
40.626,0.0,203.70246293588613,1.102017e-06
40.626,0.0,203.70203602496684,1.13748e-06
40.626,0.0,203.70162824919177,1.16929e-06
40.626,0.0,203.7012038790889,1.098713e-06
40.626,0.0,203.70080142967004,1.144697e-06
40.626,0.0,203.70040065246943,1.09656e-06
40.626,0.0,203.69995366876887,1.091699e-06
40.626,0.0,203.69955483240005,1.077336e-06
40.626,0.0,203.69913108356445,1.090055e-06
40.626,0.0,203.69868388416623,1.074062e-06
40.626,0.0,203.6982833509076,9.892246e-07
40.626,0.0,203.69788023441464,9.872456e-07
40.626,0.0,203.69745619806784,1.023436e-06
40.626,0.0,203.69704790644033,9.378273000000001e-07
40.626,0.0,203.696617233753,1.074062e-06
40.626,0.0,203.6961901605017,1.056964e-06
40.626,0.0,203.6957782921785,1.075707e-06
40.626,0.0,203.69536515954908,1.049688e-06
40.626,0.0,203.69494116110477,1.033855e-06
40.626,0.0,203.6945081555725,1.056847e-06
40.626,0.0,203.6940772511832,1.051711e-06
40.626,0.0,203.693669287546,1.037944e-06
40.626,0.0,203.69325407764205,1.107939e-06
40.626,0.0,203.69283050527287,8.342759e-07
40.626,0.0,203.69239982627664,1.147302e-06
40.626,0.0,203.6919989164261,1.090884e-06
40.626,0.0,203.6915698319652,1.075401e-06
40.626,0.0,203.69117610609263,1.085893e-06
40.626,0.0,203.69073399311267,1.045846e-06
40.626,0.0,203.69034649728243,1.007866e-06
40.626,0.0,203.6899285762072,1.08227e-06
40.626,0.0,203.6895202419001,9.501236000000001e-07
40.626,0.0,203.68908917810185,1.014399e-06
40.626,0.0,203.68868237432383,1.091612e-06
40.626,0.0,203.68826843061487,1.032298e-06
40.626,0.0,203.68785288304423,1.053515e-06
40.626,0.0,203.6874115749832,1.097782e-06
40.626,0.0,203.68701198637768,1.111199e-06
40.626,0.0,203.6865729463505,1.088643e-06
40.626,0.0,203.6861421799012,1.089778e-06
40.626,0.0,203.6857210942659,1.147506e-06
40.626,0.0,203.68533354894691,1.075634e-06
40.626,0.0,203.6848934252406,1.061766e-06
40.626,0.0,203.68446958170304,1.130873e-06
40.626,0.0,203.68407059049693,1.121443e-06
40.626,0.0,203.68362590636545,1.133943e-06
40.626,0.0,203.68322288429692,1.165157e-06
40.626,0.0,203.6828137979429,1.120963e-06
40.626,0.0,203.68237903980847,1.132139e-06
40.626,0.0,203.6819934560073,1.144901e-06
40.626,0.0,203.681551964153,1.140128e-06
40.626,0.0,203.68115294671995,1.130204e-06
40.626,0.0,203.6807288991472,1.117689e-06
40.626,0.0,203.68031564650073,1.129913e-06
40.626,0.0,203.67990509765224,1.161141e-06
40.626,0.0,203.67947663670537,1.137334e-06
40.626,0.0,203.679068462652,1.153501e-06
40.626,0.0,203.67863795002737,1.105029e-06
40.626,0.0,203.6782360474092,1.134438e-06
40.626,0.0,203.67782795213952,1.117834e-06
40.626,0.0,203.67738457468704,1.110486e-06
40.626,0.0,203.67697760401285,1.179753e-06
40.626,0.0,203.67655204907197,1.230335e-06
40.626,0.0,203.67612142159507,1.213542e-06
40.626,0.0,203.6756959157005,1.196473e-06
40.626,0.0,203.67528254824128,1.138105e-06
40.626,0.0,203.67489207411523,1.137596e-06
40.626,0.0,203.6744457981845,1.124034e-06
40.626,0.0,203.674012478406,1.134831e-06
40.626,0.0,203.67360423442645,1.149703e-06
40.626,0.0,203.67317441018565,1.016306e-06
40.626,0.0,203.6727753137896,1.151217e-06
40.626,0.0,203.67237142045713,1.156877e-06
40.626,0.0,203.67192741581331,1.061504e-06
40.626,0.0,203.67154115808313,1.160646e-06
40.626,0.0,203.6711048308157,1.122724e-06
40.626,0.0,203.6707026987394,1.124019e-06
40.626,0.0,203.6702669416887,1.134045e-06
40.626,0.0,203.66986393440143,1.184904e-06
40.626,0.0,203.6694596904084,1.165055e-06
40.626,0.0,203.6690252711317,1.139968e-06
40.626,0.0,203.66861709488623,1.073204e-06
40.626,0.0,203.6681901740148,1.212917e-06
40.626,0.0,203.6677750777712,1.172724e-06
40.626,0.0,203.667387503271,1.149529e-06
40.626,0.0,203.66694160939264,1.098844e-06
40.626,0.0,203.66650870002184,1.134933e-06
40.626,0.0,203.66607781985,1.044653e-06
40.626,0.0,203.66566998054805,1.045526e-06
40.626,0.0,203.66525465308987,1.08243e-06
40.626,0.0,203.66482240071116,1.0902e-06
40.626,0.0,203.66444371131112,1.140317e-06
40.626,0.0,203.66399988458585,1.114822e-06
40.626,0.0,203.66356199456317,1.083492e-06
40.626,0.0,203.66315386802492,1.058972e-06
40.626,0.0,203.6627350410548,1.082182e-06
40.626,0.0,203.66232987175076,1.142471e-06
40.626,0.0,203.66192972947167,1.155175e-06
40.626,0.0,203.66151325791657,1.125984e-06
40.626,0.0,203.66109131236436,1.092427e-06
40.626,0.0,203.66066142049388,1.163731e-06
40.626,0.0,203.66027089603992,1.205175e-06
40.626,0.0,203.6598275143676,1.187989e-06
40.626,0.0,203.65941265109723,1.147157e-06
40.626,0.0,203.65900500768947,1.117791e-06
40.626,0.0,203.658574400422,1.136781e-06
40.626,0.0,203.65816618518227,1.131935e-06
40.626,0.0,203.6577504223976,1.111766e-06
40.626,0.0,203.6573353473212,1.063905e-06
40.626,0.0,203.65694060488767,1.008026e-06
40.626,0.0,203.65649588282204,1.030072e-06
40.626,0.0,203.6560721303275,1.081164e-06
40.626,0.0,203.6556272413139,1.037391e-06
40.626,0.0,203.6552241776122,1.062683e-06
40.626,0.0,203.6548152627918,1.051376e-06
40.626,0.0,203.65440004874645,1.054592e-06
40.626,0.0,203.65395290029056,1.116059e-06
40.626,0.0,203.6535542580726,1.042252e-06
40.626,0.0,203.6531303901292,1.043241e-06
40.626,0.0,203.6526828635636,1.033084e-06
40.626,0.0,203.6522950114997,1.046923e-06
40.626,0.0,203.65187932496008,1.035936e-06
40.626,0.0,203.65147360032864,1.04736e-06
40.626,0.0,203.6510476171561,1.035514e-06
40.626,0.0,203.6506396494879,9.899813e-07
40.626,0.0,203.65021766275916,1.007196e-06
40.626,0.0,203.64980068517312,1.073451e-06
40.626,0.0,203.64941484641983,1.036955e-06
40.626,0.0,203.64896639326167,1.039763e-06
40.626,0.0,203.64856767841184,1.013323e-06
40.626,0.0,203.64814401413588,9.850191000000001e-07
40.626,0.0,203.64769807266848,9.842188e-07
40.626,0.0,203.6472824723452,9.8905e-07
40.626,0.0,203.6468951787972,1.02281e-06
40.626,0.0,203.64646867537377,9.932410000000002e-07
40.626,0.0,203.64602497459083,9.117648000000001e-07
40.626,0.0,203.64558446378393,9.259093000000001e-07
40.626,0.0,203.64519899009025,9.096402000000001e-07
40.626,0.0,203.6447623842036,9.633077000000001e-07
40.626,0.0,203.64435438277027,9.012292000000001e-07
40.626,0.0,203.643952037272,8.891511e-07
40.626,0.0,203.6435212683462,9.201467000000001e-07
40.626,0.0,203.64309695812815,9.538780000000001e-07
40.626,0.0,203.64268534738125,9.502692000000001e-07
40.626,0.0,203.6422745186889,8.691422e-07
40.626,0.0,203.64188269352948,9.524811e-07
40.626,0.0,203.64143735484708,1.005406e-06
40.626,0.0,203.641038767734,9.585347e-07
40.626,0.0,203.6405972495268,1.045686e-06
40.626,0.0,203.64021187038793,1.019929e-06
40.626,0.0,203.63977860598644,1.040695e-06
40.626,0.0,203.63936341310833,1.017092e-06
40.626,0.0,203.63894271303224,1.025939e-06
40.626,0.0,203.63853467235424,1.045206e-06
40.626,0.0,203.63809709891973,1.035878e-06
40.626,0.0,203.6376953191236,1.060966e-06
40.626,0.0,203.63727398841428,1.036431e-06
40.626,0.0,203.6368426059406,1.03288e-06
40.626,0.0,203.63642584334775,9.974756e-07
40.626,0.0,203.63601760000176,9.943469e-07
40.626,0.0,203.635586723494,1.000109e-06
40.626,0.0,203.6351544986112,9.767828e-07
40.626,0.0,203.63470961679053,9.394134000000001e-07
40.626,0.0,203.63431703998927,9.099022000000001e-07
40.626,0.0,203.63390680707784,9.699579000000002e-07
40.626,0.0,203.6334783258173,9.867363e-07
40.626,0.0,203.63307051453617,9.887735000000002e-07
40.626,0.0,203.6326399527492,9.85121e-07
40.626,0.0,203.6322384057231,9.458163000000001e-07
40.626,0.0,203.63183088244668,1.002554e-06
40.626,0.0,203.63139350039097,1.090273e-06
40.626,0.0,203.63099167741757,9.944342000000001e-07
40.626,0.0,203.63056781188203,9.118958000000001e-07
40.626,0.0,203.63016899830308,8.228379999999999e-07
40.626,0.0,203.62972614430495,1.140492e-06
40.626,0.0,203.62932171249088,1.088381e-06
40.626,0.0,203.62892270025253,1.069158e-06
40.626,0.0,203.62849177462144,1.064138e-06
40.626,0.0,203.62808391969952,1.11894e-06
40.626,0.0,203.62765154744957,1.087858e-06
40.626,0.0,203.62720653226987,1.100634e-06
40.626,0.0,203.62681430079695,8.325005000000001e-07
40.626,0.0,203.62640345956527,1.136039e-06
40.626,0.0,203.6259753873844,1.134104e-06
40.626,0.0,203.62553253291887,1.083608e-06
40.626,0.0,203.62513685986457,1.059365e-06
40.626,0.0,203.62471416404043,1.083696e-06
40.626,0.0,203.6242976634171,1.053311e-06
40.626,0.0,203.6238868622233,1.061766e-06
40.626,0.0,203.62346299918812,1.092281e-06
40.626,0.0,203.62303985767957,1.127773e-06
40.626,0.0,203.62262012137185,1.129854e-06
40.626,0.0,203.62219404509077,1.181208e-06
40.626,0.0,203.62180662213015,1.216991e-06
40.626,0.0,203.62139106861528,1.205422e-06
40.626,0.0,203.6209824081868,1.229637e-06
40.626,0.0,203.62055766041456,1.258406e-06
40.626,0.0,203.62013036119237,1.262844e-06
40.626,0.0,203.61973024522436,1.224573e-06
40.626,0.0,203.6192870319447,1.198438e-06
40.626,0.0,203.6188803685122,1.186752e-06
40.626,0.0,203.6184775128388,1.208769e-06
40.626,0.0,203.61804170524243,1.183609e-06
40.626,0.0,203.61763375751977,1.070526e-06
40.626,0.0,203.6172106281927,1.233231e-06
40.626,0.0,203.6167950773439,1.183915e-06
40.626,0.0,203.61636411771667,1.18e-06
40.626,0.0,203.61595973698232,1.143795e-06
40.626,0.0,203.61552529295452,1.112145e-06
40.626,0.0,203.61509470692192,1.01536e-06
40.626,0.0,203.61466368871424,1.160108e-06
40.626,0.0,203.61424844622292,1.141103e-06
40.626,0.0,203.61384628099307,1.142776e-06
40.626,0.0,203.6134288047139,1.13486e-06
40.626,0.0,203.6130207714519,1.17188e-06
40.626,0.0,203.61258198022892,1.176712e-06
40.626,0.0,203.61218203453964,1.110209e-06
40.626,0.0,203.61175931998156,1.096196e-06
40.626,0.0,203.6113429565236,1.019798e-06
40.626,0.0,203.6109368098201,1.206761e-06
40.626,0.0,203.61050454153607,9.920041e-07
40.626,0.0,203.61009638558997,1.205393e-06
40.626,0.0,203.609665692444,1.27306e-06
40.626,0.0,203.6092769635208,1.275897e-06
40.626,0.0,203.60886152999356,1.299166e-06
40.626,0.0,203.60841839415357,1.254652e-06
40.626,0.0,203.60803296706487,1.303633e-06
40.626,0.0,203.6075955732574,1.302367e-06
40.626,0.0,203.60714857243613,1.274952e-06
40.626,0.0,203.60674767950428,1.280205e-06
40.626,0.0,203.60634097296983,1.26152e-06
40.626,0.0,203.60592441102727,1.273918e-06
40.626,0.0,203.60547628356903,1.320615e-06
40.626,0.0,203.60506283482235,1.30698e-06
40.626,0.0,203.60465350421376,1.252542e-06
40.626,0.0,203.604208595283,1.280612e-06
40.626,0.0,203.6038309025066,1.303968e-06
40.626,0.0,203.60340577928753,1.363529e-06
40.626,0.0,203.6029932167476,1.312583e-06
40.626,0.0,203.60256917305392,1.298438e-06
40.626,0.0,203.60214081461447,1.339373e-06
40.626,0.0,203.6017437554236,1.416833e-06
40.626,0.0,203.60132833247744,1.386434e-06
40.626,0.0,203.60093501710656,1.307752e-06
40.626,0.0,203.60048933224596,1.339577e-06
40.626,0.0,203.60006190559167,1.372129e-06
40.626,0.0,203.5996668411805,1.44745e-06
40.626,0.0,203.59922375427556,1.335298e-06
40.626,0.0,203.59881936135545,1.323569e-06
40.626,0.0,203.5984201816676,1.35522e-06
40.626,0.0,203.59798945530812,1.404202e-06
40.626,0.0,203.5975812347024,1.389111e-06
40.626,0.0,203.59714894020684,1.385401e-06
40.626,0.0,203.59672492680116,1.281951e-06
40.626,0.0,203.59631169128204,1.185865e-06
40.626,0.0,203.5959001519358,1.15906e-06
40.626,0.0,203.595472676065,1.128632e-06
40.626,0.0,203.59504200599844,1.111548e-06
40.626,0.0,203.59460556340983,1.123859e-06
40.626,0.0,203.59415841226556,1.189183e-06
40.626,0.0,203.59378232783268,1.236316e-06
40.626,0.0,203.59335151066648,1.221881e-06
40.626,0.0,203.59295249348372,1.279317e-06
40.626,0.0,203.59252502751468,1.306558e-06
40.626,0.0,203.59210063400744,1.276174e-06
40.626,0.0,203.59169026537225,1.227192e-06
40.626,0.0,203.5912751413348,1.222608e-06
40.626,0.0,203.5908877613911,1.344e-06
40.626,0.0,203.59044179167137,1.324777e-06
40.626,0.0,203.590054588197,1.352964e-06
40.626,0.0,203.58961928151,1.350243e-06
40.626,0.0,203.58921551265672,1.330103e-06
40.626,0.0,203.58879614599013,1.308697e-06
40.626,0.0,203.58836708793507,1.32533e-06
40.626,0.0,203.58796428046196,1.262888e-06
40.626,0.0,203.58753760676737,1.259148e-06
40.626,0.0,203.58710707314236,1.169275e-06
40.626,0.0,203.5866780137964,1.208464e-06
40.626,0.0,203.5862682907496,1.226188e-06
40.626,0.0,203.58585425358547,1.181092e-06
40.626,0.0,203.585430409396,1.284279e-06
40.626,0.0,203.5849983780634,1.244407e-06
40.626,0.0,203.5845906139573,1.212175e-06
40.626,0.0,203.5841598512352,1.220091e-06
40.626,0.0,203.5837602941052,1.279579e-06
40.626,0.0,203.5833551063012,1.237975e-06
40.626,0.0,203.58291312111973,1.294786e-06
40.626,0.0,203.58252783294196,1.24691e-06
40.626,0.0,203.58208999802824,1.238295e-06
40.626,0.0,203.58168916922932,1.33281e-06
40.626,0.0,203.581250650553,1.311433e-06
40.626,0.0,203.5808437199808,1.334731e-06
40.626,0.0,203.58044277523888,1.360342e-06
40.626,0.0,203.5800122643541,1.347726e-06
40.626,0.0,203.57960404234507,1.37373e-06
40.626,0.0,203.57917383206515,1.421198e-06
40.626,0.0,203.57875839991985,1.379565e-06
40.626,0.0,203.57837096676485,1.411638e-06
40.626,0.0,203.57792672657652,1.414111e-06
40.626,0.0,203.5774950757864,1.401699e-06
40.626,0.0,203.57708710532344,1.386317e-06
40.626,0.0,203.57665659417503,1.379958e-06
40.626,0.0,203.5762385612842,1.364853e-06
40.626,0.0,203.57581769834465,1.346387e-06
40.626,0.0,203.57543238230048,1.31836e-06
40.626,0.0,203.57498495174107,1.334512e-06
40.626,0.0,203.57454823765545,1.322187e-06
40.626,0.0,203.57412168456247,1.300141e-06
40.626,0.0,203.57371872689887,1.335269e-06
40.626,0.0,203.57330345063943,1.343666e-06
40.626,0.0,203.572871016782,1.289984e-06
40.626,0.0,203.57248595600672,1.322769e-06
40.626,0.0,203.57204380822793,1.317181e-06
40.626,0.0,203.5716445716297,1.326669e-06
40.626,0.0,203.57119880913217,1.329987e-06
40.626,0.0,203.57081142256192,1.269058e-06
40.626,0.0,203.5703961317618,1.30618e-06
40.626,0.0,203.56998620922587,1.288456e-06
40.626,0.0,203.5695618233904,1.213921e-06
40.626,0.0,203.56913411186676,1.185806e-06
40.626,0.0,203.56873521823113,1.165448e-06
40.626,0.0,203.56831997815385,1.156164e-06
40.626,0.0,203.5679287817204,1.165798e-06
40.626,0.0,203.56748185049344,1.253662e-06
40.626,0.0,203.56704534483492,1.286186e-06
40.626,0.0,203.56661450741944,1.253662e-06
40.626,0.0,203.5662103957557,1.30634e-06
40.626,0.0,203.56579956009904,1.276974e-06
40.626,0.0,203.56536278593407,1.213426e-06
40.626,0.0,203.56493883746293,1.165128e-06
40.626,0.0,203.56453970044288,1.153749e-06
40.626,0.0,203.56411593255683,1.153225e-06
40.626,0.0,203.56371290022528,1.154665e-06
40.626,0.0,203.56327944777587,1.121545e-06
40.626,0.0,203.56286980459535,1.133492e-06
40.626,0.0,203.56246614736963,1.223496e-06
40.626,0.0,203.56203515641496,1.190769e-06
40.626,0.0,203.5616272112168,1.13828e-06
40.626,0.0,203.5612026271172,1.152279e-06
40.626,0.0,203.56077549390648,1.131149e-06
40.626,0.0,203.56035782155652,1.104374e-06
40.626,0.0,203.55995313637757,1.160166e-06
40.626,0.0,203.5595545441882,1.181674e-06
40.626,0.0,203.55911166413125,1.172812e-06
40.626,0.0,203.55868336977468,1.114066e-06
40.626,0.0,203.55828336560168,1.138906e-06
40.626,0.0,203.55788053226817,1.10612e-06
40.626,0.0,203.5574354605784,1.092238e-06
40.626,0.0,203.55703649001887,1.125853e-06
40.626,0.0,203.55661257057824,1.089516e-06
40.626,0.0,203.55616423337807,1.098859e-06
40.626,0.0,203.5557647892864,1.112581e-06
40.626,0.0,203.55536016317444,1.140084e-06
40.626,0.0,203.55493986718415,1.110471e-06
40.626,0.0,203.55449303537017,1.094741e-06
40.626,0.0,203.5540693699122,1.061722e-06
40.626,0.0,203.5536705511664,9.886862e-07
40.626,0.0,203.55322773652657,1.00919e-06
40.626,0.0,203.55282306816096,1.032837e-06
40.626,0.0,203.55242363370724,1.000168e-06
40.626,0.0,203.55199291816007,9.881624e-07
40.626,0.0,203.55158492495693,1.034525e-06
40.626,0.0,203.55115280496443,1.025808e-06
40.626,0.0,203.5507459833824,1.005043e-06
40.626,0.0,203.55034737689024,9.858195000000002e-07
40.626,0.0,203.54990683714553,9.475043000000001e-07
40.626,0.0,203.54950660725228,9.380310000000001e-07
40.626,0.0,203.5490679464732,9.490177000000001e-07
40.626,0.0,203.5486826304344,9.809009000000003e-07
40.626,0.0,203.54824286306325,1.008535e-06
40.626,0.0,203.54783658842896,9.896175000000002e-07
40.626,0.0,203.5474361555825,1.027875e-06
40.626,0.0,203.54700559025713,1.03694e-06
40.626,0.0,203.5465653633113,1.023407e-06
40.626,0.0,203.54612124217027,1.034365e-06
40.626,0.0,203.54573611317423,1.05286e-06
40.626,0.0,203.545308093539,1.059874e-06
40.626,0.0,203.5448930221561,1.099586e-06
40.626,0.0,203.54448381082491,1.106047e-06
40.626,0.0,203.5440590086156,1.197099e-06
40.626,0.0,203.54362411624328,1.187698e-06
40.626,0.0,203.54322002156047,1.064982e-06
40.626,0.0,203.54280100854652,1.107372e-06
40.626,0.0,203.54238099362783,1.165696e-06
40.626,0.0,203.5419781954043,1.105233e-06
40.626,0.0,203.54154189101976,1.119552e-06
40.626,0.0,203.5411340777394,1.16555e-06
40.626,0.0,203.54071124763192,1.117223e-06
40.626,0.0,203.5403080243991,1.019784e-06
40.626,0.0,203.53990803583716,9.269279000000001e-07
40.626,0.0,203.53947926812955,1.054257e-06
40.626,0.0,203.53907141136787,1.061824e-06
40.626,0.0,203.53863790865068,1.048858e-06
40.626,0.0,203.53821401534884,1.044988e-06
40.626,0.0,203.53781519911033,1.055829e-06
40.626,0.0,203.53738842432188,1.057895e-06
40.626,0.0,203.53696299459375,1.005188e-06
40.626,0.0,203.5365548169977,1.021399e-06
40.626,0.0,203.53612398034767,9.912910000000001e-07
40.626,0.0,203.5356983779664,9.485666000000001e-07
40.626,0.0,203.53525521864427,9.547221e-07
40.626,0.0,203.5348538447097,9.857904e-07
40.626,0.0,203.53444839187824,9.769137e-07
40.626,0.0,203.53400904344673,1.003486e-06
40.626,0.0,203.53357485625247,9.729993e-07
40.626,0.0,203.53316661290643,9.497453000000001e-07
40.626,0.0,203.53275050703212,8.551287000000001e-07
40.626,0.0,203.53234361387288,9.222422000000001e-07
40.626,0.0,203.5319317037716,9.122159000000001e-07
40.626,0.0,203.5315002954509,9.164360000000001e-07
40.626,0.0,203.53109243868929,9.421492000000001e-07
40.626,0.0,203.53066218365407,9.323121000000001e-07
40.626,0.0,203.53027228134508,1.012624e-06
40.626,0.0,203.5298567565848,9.840587000000001e-07
40.626,0.0,203.52944777401257,9.78107e-07
40.626,0.0,203.52901836522307,9.932701e-07
40.626,0.0,203.52862975980804,9.960349e-07
40.626,0.0,203.52818216949416,9.901414000000003e-07
40.626,0.0,203.5277665260004,9.325595000000001e-07
40.626,0.0,203.52735773073408,9.738724000000002e-07
40.626,0.0,203.5269549437533,1.026929e-06
40.626,0.0,203.5265178391367,1.06018e-06
40.626,0.0,203.52607381044427,1.037493e-06
40.626,0.0,203.5256499211856,1.027089e-06
40.626,0.0,203.52524345780785,1.032051e-06
40.626,0.0,203.5248169828106,1.041903e-06
40.626,0.0,203.52440346803772,1.054534e-06
40.626,0.0,203.52399707554525,1.054083e-06
40.626,0.0,203.52355509530676,1.011009e-06
40.626,0.0,203.52316998661297,1.026201e-06
40.626,0.0,203.52272740779983,1.054897e-06
40.626,0.0,203.52233994901263,1.086562e-06
40.626,0.0,203.5219236256308,1.09736e-06
40.626,0.0,203.52150736801343,1.048116e-06
40.626,0.0,203.52108072372155,1.09979e-06
40.626,0.0,203.52064226077667,1.097971e-06
40.626,0.0,203.52024074444407,1.061926e-06
40.626,0.0,203.51983321763535,1.075736e-06
40.626,0.0,203.51939493941455,1.076885e-06
40.626,0.0,203.51900971945753,1.100852e-06
40.626,0.0,203.51857471221908,1.094828e-06
40.626,0.0,203.5181597121937,1.110951e-06
40.626,0.0,203.51774251748748,1.059976e-06
40.626,0.0,203.51731104749027,1.021137e-06
40.626,0.0,203.51693429649544,1.035121e-06
40.626,0.0,203.51648864335007,1.013206e-06
40.626,0.0,203.516051588502,1.020308e-06
40.626,0.0,203.5156186186098,1.000633e-06
40.626,0.0,203.5152245985892,1.047505e-06
40.626,0.0,203.51479396339607,1.090084e-06
40.626,0.0,203.51437850252563,1.094842e-06
40.626,0.0,203.51395482655508,1.103268e-06
40.626,0.0,203.51354658333196,1.09672e-06
40.626,0.0,203.5131102777351,1.106862e-06
40.626,0.0,203.51269763415303,1.131193e-06
40.626,0.0,203.51228671786853,1.118009e-06
40.626,0.0,203.511875656038,1.049862e-06
40.626,0.0,203.5114715805527,1.141743e-06
40.626,0.0,203.51102809786008,1.118649e-06
40.626,0.0,203.51063286638072,1.116641e-06
40.626,0.0,203.5102099658818,1.097505e-06
40.626,0.0,203.50979488737767,1.097782e-06
40.626,0.0,203.50939321647377,1.137203e-06
40.626,0.0,203.5089669150396,1.076609e-06
40.626,0.0,203.50855896598057,1.115142e-06
40.626,0.0,203.5081244162004,1.174587e-06
40.626,0.0,203.50767652532653,1.152948e-06
40.626,0.0,203.50727857645697,1.101726e-06
40.626,0.0,203.5068878660703,1.045904e-06
40.626,0.0,203.5064421360258,1.048873e-06
40.626,0.0,203.50600933448908,1.024076e-06
40.626,0.0,203.50561920180263,9.787618000000002e-07
40.626,0.0,203.505170236561,9.503856000000001e-07
40.626,0.0,203.50475451861132,1.006876e-06
40.626,0.0,203.50435303684733,1.056076e-06
40.626,0.0,203.5039343134607,1.08112e-06
40.626,0.0,203.50350361165084,1.129258e-06
40.626,0.0,203.50309561819327,1.131004e-06
40.626,0.0,203.5026650342048,1.10532e-06
40.626,0.0,203.50227633224847,1.07399e-06
40.626,0.0,203.5018472983529,1.073175e-06
40.626,0.0,203.50144954272156,1.086519e-06
40.626,0.0,203.50102143603496,1.17677e-06
40.626,0.0,203.50059711680916,1.141249e-06
40.626,0.0,203.500185636152,1.118504e-06
40.626,0.0,203.49977033872528,1.109802e-06
40.626,0.0,203.49934039007516,1.063047e-06
40.626,0.0,203.49894762842948,1.115244e-06
40.626,0.0,203.4985166566916,1.130145e-06
40.626,0.0,203.49810859657217,1.145076e-06
40.626,0.0,203.49767963066327,1.154054e-06
40.626,0.0,203.49723652692876,1.144217e-06
40.626,0.0,203.49685550114464,1.110573e-06
40.626,0.0,203.49644326106016,1.139691e-06
40.626,0.0,203.49599587889983,1.115419e-06
40.626,0.0,203.49557191686293,1.189328e-06
40.626,0.0,203.49517268138263,1.154025e-06
40.626,0.0,203.4947303173376,1.107328e-06
40.626,0.0,203.49431499374904,1.113265e-06
40.626,0.0,203.49387678630504,1.06373e-06
40.626,0.0,203.4934813201289,1.041539e-06
40.626,0.0,203.49305339023627,1.021763e-06
40.626,0.0,203.49262630737235,9.355281000000001e-07
40.626,0.0,203.49222485739088,9.584764000000002e-07
40.626,0.0,203.49180978231448,9.942742000000002e-07
40.626,0.0,203.49142134334355,1.050532e-06
40.626,0.0,203.490973640426,1.085034e-06
40.626,0.0,203.49058327171707,1.059481e-06
40.626,0.0,203.4901504555121,1.019405e-06
40.626,0.0,203.48970504106492,1.021923e-06
40.626,0.0,203.48932754512123,1.095832e-06
40.626,0.0,203.48890214134437,1.127599e-06
40.626,0.0,203.4884906538473,1.1417e-06
40.626,0.0,203.4880688792054,1.123277e-06
40.626,0.0,203.4876246430168,1.140521e-06
40.626,0.0,203.48719943841644,1.130757e-06
40.626,0.0,203.4868118925235,1.166671e-06
40.626,0.0,203.48639637274655,1.189343e-06
40.626,0.0,203.4859698071041,1.188542e-06
40.626,0.0,203.4855333158664,1.167442e-06
40.626,0.0,203.48512011935796,1.153632e-06
40.626,0.0,203.4846937150687,1.035514e-06
40.626,0.0,203.48429225169343,1.171415e-06
40.626,0.0,203.48389072600193,1.154476e-06
40.626,0.0,203.48344488505776,1.215376e-06
40.626,0.0,203.4830455956128,1.211782e-06
40.626,0.0,203.4826155331082,1.190245e-06
40.626,0.0,203.482211139136,1.198699e-06
40.626,0.0,203.4818006139523,1.166904e-06
40.626,0.0,203.48136882688715,1.212029e-06
40.626,0.0,203.4809651720809,1.129665e-06
40.626,0.0,203.48054148034527,1.217093e-06
40.626,0.0,203.48010792281485,1.214066e-06
40.626,0.0,203.47971176515452,1.112159e-06
40.626,0.0,203.47928382621248,1.192064e-06
40.626,0.0,203.4788850836075,1.238543e-06
40.626,0.0,203.47846109038548,1.189066e-06
40.626,0.0,203.47802655810065,1.166991e-06
40.626,0.0,203.4776183926116,1.19282e-06
40.626,0.0,203.47717942247215,1.186621e-06
40.626,0.0,203.4767915742828,1.171269e-06
40.626,0.0,203.4763758167508,1.115361e-06
40.626,0.0,203.4759527249537,1.225504e-06
40.626,0.0,203.47550688425764,1.17124e-06
40.626,0.0,203.47508313752448,1.201246e-06
40.626,0.0,203.47468251299455,1.191322e-06
40.626,0.0,203.47425715443816,1.245498e-06
40.626,0.0,203.47382457687564,1.229637e-06
40.626,0.0,203.47340245734443,1.198699e-06
40.626,0.0,203.47300208576468,1.163062e-06
40.626,0.0,203.4725783450496,1.213688e-06
40.626,0.0,203.47213592051568,1.230059e-06
40.626,0.0,203.47174773809303,1.231398e-06
40.626,0.0,203.471337491012,1.219058e-06
40.626,0.0,203.47094198782844,1.203851e-06
40.626,0.0,203.4705131863521,1.217806e-06
40.626,0.0,203.4700825121895,1.222317e-06
40.626,0.0,203.46967515173853,1.238252e-06
40.626,0.0,203.46926003772285,1.238979e-06
40.626,0.0,203.46883127912207,1.230364e-06
40.626,0.0,203.46841628384345,1.162873e-06
40.626,0.0,203.46801729265457,1.199092e-06
40.626,0.0,203.4675772058808,1.20062e-06
40.626,0.0,203.46714630347677,1.214517e-06
40.626,0.0,203.46672605162692,1.208435e-06
40.626,0.0,203.46632619249144,1.188964e-06
40.626,0.0,203.46591071869847,1.188819e-06
40.626,0.0,203.46548672277092,1.138964e-06
40.626,0.0,203.46505009226016,1.006527e-06
40.626,0.0,203.4646189630465,1.121429e-06
40.626,0.0,203.46421524673323,1.177163e-06
40.626,0.0,203.4638048589766,1.139226e-06
40.626,0.0,203.46338092902,1.115826e-06
40.626,0.0,203.46299223833012,1.055902e-06
40.626,0.0,203.4625584447752,1.058477e-06
40.626,0.0,203.46213469593957,1.07041e-06
40.626,0.0,203.46172984820436,1.070614e-06
40.626,0.0,203.46131196661295,1.040971e-06
40.626,0.0,203.460889965156,9.368669000000001e-07
40.626,0.0,203.46049656948728,9.756914000000002e-07
40.626,0.0,203.460065894542,1.081353e-06
40.626,0.0,203.45963499703817,1.079272e-06
40.626,0.0,203.45923288599445,1.10254e-06
40.626,0.0,203.45882446143423,1.080756e-06
40.626,0.0,203.45840919817476,1.07236e-06
40.626,0.0,203.45797230453496,1.073902e-06
40.626,0.0,203.4575502360537,1.080742e-06
40.626,0.0,203.4571525352996,1.098626e-06
40.626,0.0,203.45670796960607,1.137159e-06
40.626,0.0,203.45629241213103,1.128297e-06
40.626,0.0,203.45587686783813,1.189183e-06
40.626,0.0,203.45545381677596,1.163862e-06
40.626,0.0,203.4550470341374,1.144595e-06
40.626,0.0,203.4546235482766,1.204709e-06
40.626,0.0,203.45417518878807,1.214474e-06
40.626,0.0,203.45375991915523,1.248671e-06
40.626,0.0,203.45334409562557,1.189706e-06
40.626,0.0,203.45294672285996,1.032167e-06
40.626,0.0,203.4525117943035,1.199529e-06
40.626,0.0,203.45209267113745,1.209017e-06
40.626,0.0,203.45169163982496,1.229215e-06
40.626,0.0,203.45128146358124,1.179389e-06
40.626,0.0,203.45087119243715,1.10174e-06
40.626,0.0,203.45046756819568,1.147666e-06
40.626,0.0,203.45002371629607,1.12236e-06
40.626,0.0,203.44960222585527,1.120803e-06
40.626,0.0,203.4491925628301,1.122171e-06
40.626,0.0,203.44877728471448,1.123772e-06
40.626,0.0,203.44836203058105,1.122447e-06
40.626,0.0,203.44796058797704,1.098932e-06
40.626,0.0,203.44753348275407,1.066481e-06
40.626,0.0,203.44709998058232,1.07041e-06
40.626,0.0,203.44666187436684,9.724899e-07
40.626,0.0,203.44624479422623,1.018154e-06
40.626,0.0,203.44583846342445,9.940559e-07
40.626,0.0,203.4454375872371,1.020337e-06
40.626,0.0,203.44500645504164,9.962823e-07
40.626,0.0,203.44457600343628,1.035383e-06
40.626,0.0,203.44413766897264,1.000182e-06
40.626,0.0,203.44373954985156,9.840296e-07
40.626,0.0,203.4433242754688,9.740615e-07
40.626,0.0,203.4429107721188,9.914220000000001e-07
40.626,0.0,203.44251098941984,1.007676e-06
40.626,0.0,203.44208748916455,1.001303e-06
40.626,0.0,203.4416445862168,1.030596e-06
40.626,0.0,203.4412618239428,9.925425e-07
40.626,0.0,203.44084683224767,9.585783e-07
40.626,0.0,203.4404065052324,9.8694e-07
40.626,0.0,203.44002151587088,9.923970000000001e-07
40.626,0.0,203.43958330182997,9.978394e-07
40.626,0.0,203.43916087740712,9.393407000000002e-07
40.626,0.0,203.43876201744263,9.634387000000002e-07
40.626,0.0,203.43834115365783,9.392534000000002e-07
40.626,0.0,203.43792413740107,9.335781000000001e-07
40.626,0.0,203.43750785800043,1.010747e-06
40.626,0.0,203.43708528148272,9.906798000000003e-07
40.626,0.0,203.43665483881873,9.689393000000002e-07
40.626,0.0,203.43623647773023,9.600044000000002e-07
40.626,0.0,203.43581984584287,9.24294e-07
40.626,0.0,203.43542088422683,9.845389000000001e-07
40.626,0.0,203.43498998128968,9.966461e-07
40.626,0.0,203.43455953862568,9.458163000000001e-07
40.626,0.0,203.434124874356,9.545911e-07
40.626,0.0,203.43370138162763,9.513897000000001e-07
40.626,0.0,203.4332844036979,9.451469e-07
40.626,0.0,203.43288868995333,9.416399000000001e-07
40.626,0.0,203.4324634803648,9.651121000000001e-07
40.626,0.0,203.4320441329728,9.490468000000001e-07
40.626,0.0,203.43162485618373,9.174109e-07
40.626,0.0,203.43119928205255,8.890638e-07
40.626,0.0,203.43081122924085,9.022042000000001e-07
40.626,0.0,203.43038247494815,8.765492e-07
40.626,0.0,203.42997571654115,8.836651e-07
40.626,0.0,203.4295633732133,8.871866e-07
40.626,0.0,203.4291197772777,9.333453e-07
40.626,0.0,203.428734553326,9.006326000000001e-07
40.626,0.0,203.42830557753464,8.765055e-07
40.626,0.0,203.42789184745172,8.113711e-07
40.626,0.0,203.42745703459076,9.158975e-07
40.626,0.0,203.4270332949504,8.650677e-07
40.626,0.0,203.42663455540756,9.024952000000002e-07
40.626,0.0,203.42621081253583,9.208889000000001e-07
40.626,0.0,203.42577216293117,9.552605e-07
40.626,0.0,203.4253568905572,1.003675e-06
40.626,0.0,203.42492635757264,9.963114000000002e-07
40.626,0.0,203.42452750810205,9.944633e-07
40.626,0.0,203.4241037696441,9.914511e-07
40.626,0.0,203.42365731007476,9.79926e-07
40.626,0.0,203.42328103261843,9.799551000000001e-07
40.626,0.0,203.4228504594826,8.719362000000001e-07
40.626,0.0,203.422432204662,8.326168999999999e-07
40.626,0.0,203.42203544252368,8.943898000000001e-07
40.626,0.0,203.4216049958206,1.053209e-06
40.626,0.0,203.4211996322749,1.024673e-06
40.626,0.0,203.42078778747023,1.072418e-06
40.626,0.0,203.42037251783736,1.059394e-06
40.626,0.0,203.41992840342937,1.015025e-06
40.626,0.0,203.4195364711317,1.042077e-06
40.626,0.0,203.41910037693268,1.04119e-06
40.626,0.0,203.4186696397585,1.046676e-06
40.626,0.0,203.41827055239796,1.08224e-06
40.626,0.0,203.41786659444244,1.043387e-06
40.626,0.0,203.4174456342297,1.047898e-06
40.626,0.0,203.41703791449265,1.060311e-06
40.626,0.0,203.41659574178,1.055683e-06
40.626,0.0,203.4161648426428,9.453943000000001e-07
40.626,0.0,203.41574842022447,1.161345e-06
40.626,0.0,203.41531696028363,1.10676e-06
40.626,0.0,203.41489531662572,1.011183e-06
40.626,0.0,203.41449423095708,7.46717e-07
40.626,0.0,203.4140750823211,8.608331000000001e-07
40.626,0.0,203.4136344241716,8.938368000000001e-07
40.626,0.0,203.4132293696439,8.677161999999999e-07
40.626,0.0,203.41282729346224,8.088973e-07
40.626,0.0,203.4123905244521,9.779615000000003e-07
40.626,0.0,203.4119889552655,8.723437000000001e-07
40.626,0.0,203.4115649605756,9.267242000000001e-07
40.626,0.0,203.41115592407533,8.974603e-07
40.626,0.0,203.4107375232577,9.255455000000001e-07
40.626,0.0,203.41033215095325,9.050564e-07
40.626,0.0,203.40993184863933,8.929346000000001e-07
40.626,0.0,203.40950094574848,9.075156e-07
40.626,0.0,203.40907004827935,7.539202000000001e-07
40.626,0.0,203.408661316291,8.640927000000001e-07
40.626,0.0,203.40824994952288,9.116629000000001e-07
40.626,0.0,203.40781620444017,8.139032e-07
40.626,0.0,203.40740093871577,1.020526e-06
40.626,0.0,203.40697349747865,9.941868000000001e-07
40.626,0.0,203.40656554856864,1.027089e-06
40.626,0.0,203.4061348785021,9.832584e-07
40.626,0.0,203.40570050625368,9.776122000000002e-07
40.626,0.0,203.40528382361407,1.031643e-06
40.626,0.0,203.40487307938,9.945798000000002e-07
40.626,0.0,203.40446928362192,9.85965e-07
40.626,0.0,203.4040258437799,9.316427000000002e-07
40.626,0.0,203.4036268513612,9.539071e-07
45.378,0.0,203.72416875,2.067891e-05
45.378,0.0,203.72416875,-3.633162e-06
45.378,0.0,203.72408926120409,-2.644098e-06
45.378,0.0,203.72398052674055,-2.028668e-06
45.378,0.0,203.7238392146496,-1.567299e-06
45.378,0.0,203.7236521861487,-1.210938e-06
45.378,0.0,203.723429046922,-9.355572000000001e-07
45.378,0.0,203.7231807260519,-7.230700999999999e-07
45.378,0.0,203.72285308650055,-5.586044e-07
45.378,0.0,203.72249959104212,-4.3028560000000005e-07
45.378,0.0,203.7221165886548,-3.3198740000000004e-07
45.378,0.0,203.72166773729967,-2.552115e-07
45.378,0.0,203.7212826742504,-1.950102e-07
45.378,0.0,203.72086504889091,-1.504959e-07
45.378,0.0,203.7204440695562,-1.13665e-07
45.378,0.0,203.7200263612554,-8.664209999999998e-08
45.378,0.0,203.7196055961064,-6.474147e-08
45.378,0.0,203.71917593892192,-4.835601e-08
45.378,0.0,203.71876686006783,-3.600144e-08
45.378,0.0,203.7183731642733,-2.484012e-08
45.378,0.0,203.71792916459273,-1.8219e-08
45.378,0.0,203.71751190786688,-1.120497e-08
45.378,0.0,203.71710700059015,-7.450580999999999e-09
45.378,0.0,203.71665892906157,-3.6816349999999998e-09
45.378,0.0,203.71625893701557,-4.365575e-11
45.378,0.0,203.7158533938137,8.003552999999998e-10
45.378,0.0,203.71543411033647,3.4051479999999997e-09
45.378,0.0,203.7149954340872,3.812602e-09
45.378,0.0,203.71455048555956,5.7189029999999995e-09
45.378,0.0,203.71412341297312,5.558832e-09
45.378,0.0,203.71372081758344,6.3300829999999994e-09
45.378,0.0,203.71330550176893,7.843481999999998e-09
45.378,0.0,203.71287276004384,6.577466e-09
45.378,0.0,203.71248759011533,8.119968999999998e-09
45.378,0.0,203.7120455836752,7.508788e-09
45.378,0.0,203.7116468259545,8.032656999999998e-09
45.378,0.0,203.71120147514804,8.411006999999999e-09
45.378,0.0,203.7108242505087,7.3050609999999995e-09
45.378,0.0,203.7104019075637,8.774805e-09
45.378,0.0,203.71000146293525,7.887137999999999e-09
45.378,0.0,203.70956338618643,8.483766999999999e-09
45.378,0.0,203.70913562935849,8.061760999999998e-09
45.378,0.0,203.7087370532632,7.901689999999999e-09
45.378,0.0,203.7083211749465,8.672940999999999e-09
45.378,0.0,203.7078851424748,7.450580999999999e-09
45.378,0.0,203.70749988598848,8.614733999999998e-09
45.378,0.0,203.70705922879696,7.858033999999998e-09
45.378,0.0,203.7066159016275,8.483766999999999e-09
45.378,0.0,203.7062119566364,8.265488e-09
45.378,0.0,203.70580130892012,7.421476999999998e-09
45.378,0.0,203.70538564183616,8.702044999999999e-09
45.378,0.0,203.70494004462185,7.479684e-09
45.378,0.0,203.70455295060856,8.250936e-09
45.378,0.0,203.7041175599828,7.727066999999999e-09
45.378,0.0,203.7037141659418,7.741619e-09
45.378,0.0,203.7032813716978,8.527421999999998e-09
45.378,0.0,203.70287111684064,7.232301999999999e-09
45.378,0.0,203.70246757890473,8.367350999999999e-09
45.378,0.0,203.70203679532213,7.566995999999998e-09
45.378,0.0,203.70162886719203,8.032656999999998e-09
45.378,0.0,203.70120450656904,8.090864999999998e-09
45.378,0.0,203.70080171924295,7.14499e-09
45.378,0.0,203.7004010853931,8.352798999999998e-09
45.378,0.0,203.6999538832988,7.290509999999999e-09
45.378,0.0,203.6995427388817,8.032656999999998e-09
45.378,0.0,203.69913124806567,7.465132999999999e-09
45.378,0.0,203.69868389395776,7.552443999999998e-09
45.378,0.0,203.6982837155149,8.309143999999998e-09
45.378,0.0,203.69788088306203,6.999470999999999e-09
45.378,0.0,203.69745711536115,8.076312999999998e-09
45.378,0.0,203.6970490337932,7.508788e-09
45.378,0.0,203.69661327209448,7.814377999999998e-09
45.378,0.0,203.6961894791941,7.828929999999998e-09
45.378,0.0,203.69577934831185,6.941264e-09
45.378,0.0,203.69536096529532,8.149072999999999e-09
45.378,0.0,203.69494050072151,7.0867829999999995e-09
45.378,0.0,203.69449395739176,8.003553e-09
45.378,0.0,203.69406992031188,7.0722309999999996e-09
45.378,0.0,203.69367066167783,7.552443999999998e-09
45.378,0.0,203.69322768054275,7.625203999999998e-09
45.378,0.0,203.692822485641,6.912159999999999e-09
45.378,0.0,203.6924230445992,7.974449999999999e-09
45.378,0.0,203.69199207358076,6.955814999999999e-09
45.378,0.0,203.69158401031905,7.581547999999998e-09
45.378,0.0,203.69115451691235,7.610651999999998e-09
45.378,0.0,203.69076247586167,6.752088999999999e-09
45.378,0.0,203.6903472062288,8.047208999999998e-09
45.378,0.0,203.68994962390136,6.853951999999999e-09
45.378,0.0,203.68950695218024,7.639754999999999e-09
45.378,0.0,203.68909725616845,7.14499e-09
45.378,0.0,203.68868568299675,7.174094e-09
45.378,0.0,203.68824264147636,8.047208999999998e-09
45.378,0.0,203.68782751081235,6.664777e-09
45.378,0.0,203.68743461878364,7.770723e-09
45.378,0.0,203.6870050884476,6.883055999999999e-09
45.378,0.0,203.68657427839017,7.450580999999999e-09
45.378,0.0,203.6861454483927,6.941264e-09
45.378,0.0,203.68574963847243,7.14499e-09
45.378,0.0,203.6853062794472,7.872585999999999e-09
45.378,0.0,203.6848908437158,6.475601999999999e-09
45.378,0.0,203.68448209730127,7.566995999999998e-09
45.378,0.0,203.6840568905818,6.955814999999999e-09
45.378,0.0,203.68362965473636,7.508788e-09
45.378,0.0,203.6832289313708,7.421476999999998e-09
45.378,0.0,203.6828138629209,6.6938809999999995e-09
45.378,0.0,203.68237946223783,7.858033999999998e-09
45.378,0.0,203.68197694117856,6.839399999999999e-09
45.378,0.0,203.6815515034565,7.421476999999998e-09
45.378,0.0,203.68115398075912,6.941264e-09
45.378,0.0,203.6807089580165,6.984918999999999e-09
45.378,0.0,203.68032144315123,7.945345999999999e-09
45.378,0.0,203.6799062594789,6.461049999999999e-09
45.378,0.0,203.67947774134245,7.639754999999999e-09
45.378,0.0,203.67906946983447,6.926712e-09
45.378,0.0,203.6786356045585,7.3050609999999995e-09
45.378,0.0,203.6782302380583,7.217749999999999e-09
45.378,0.0,203.67782849383164,6.504705999999999e-09
45.378,0.0,203.6773850574648,7.610651999999998e-09
45.378,0.0,203.67697792490995,6.562914e-09
45.378,0.0,203.67656581577617,7.465132999999999e-09
45.378,0.0,203.67612195331887,6.853951999999999e-09
45.378,0.0,203.67569592821485,6.912159999999999e-09
45.378,0.0,203.6752829449852,7.712514999999999e-09
45.378,0.0,203.67489307813568,6.359186999999999e-09
45.378,0.0,203.67444675718073,7.508788e-09
45.378,0.0,203.67401382238725,6.853951999999999e-09
45.378,0.0,203.6735899567112,7.261405999999999e-09
45.378,0.0,203.67317592063037,7.115886999999999e-09
45.378,0.0,203.6727607063949,6.417394999999999e-09
45.378,0.0,203.67233594800408,7.668858999999999e-09
45.378,0.0,203.67192898108013,6.417394999999999e-09
45.378,0.0,203.6715322176756,6.984918999999999e-09
45.378,0.0,203.6711066295776,6.839399999999999e-09
45.378,0.0,203.67070395245116,6.6065699999999994e-09
45.378,0.0,203.67028335792327,7.508788e-09
45.378,0.0,203.66986483437623,6.359186999999999e-09
45.378,0.0,203.6694605753382,7.537891999999998e-09
45.378,0.0,203.6690261680143,6.475601999999999e-09
45.378,0.0,203.66859526585736,6.970366999999999e-09
45.378,0.0,203.66818887476137,7.174094e-09
45.378,0.0,203.66777589696773,6.519257999999999e-09
45.378,0.0,203.6673604356185,7.479684e-09
45.378,0.0,203.66695943313465,6.388290999999999e-09
45.378,0.0,203.66651847890117,6.883055999999999e-09
45.378,0.0,203.66607876380704,6.388290999999999e-09
45.378,0.0,203.66564826828932,6.8102959999999995e-09
45.378,0.0,203.66524712759332,6.999470999999999e-09
45.378,0.0,203.6648405734393,6.170012e-09
45.378,0.0,203.66442394768865,7.450580999999999e-09
45.378,0.0,203.66401597711297,6.417394999999999e-09
45.378,0.0,203.66357670864045,7.057679e-09
45.378,0.0,203.66313433605808,6.941264e-09
45.378,0.0,203.66275368306256,6.8102959999999995e-09
45.378,0.0,203.66231953066827,7.392372999999999e-09
45.378,0.0,203.66192872186767,6.3300829999999994e-09
45.378,0.0,203.66149870300592,7.115886999999999e-09
45.378,0.0,203.66107646291508,6.475601999999999e-09
45.378,0.0,203.6606602389768,6.5920179999999995e-09
45.378,0.0,203.66024291119257,7.465132999999999e-09
45.378,0.0,203.65985544786753,6.3300829999999994e-09
45.378,0.0,203.65943601427168,7.057679e-09
45.378,0.0,203.6589890977411,6.548362e-09
45.378,0.0,203.65859722683163,7.115886999999999e-09
45.378,0.0,203.65816598133776,6.912159999999999e-09
45.378,0.0,203.6577226043129,6.15546e-09
45.378,0.0,203.65734346452223,7.377820999999999e-09
45.378,0.0,203.65691950907345,6.082701e-09
45.378,0.0,203.6564885811405,7.261405999999999e-09
45.378,0.0,203.65606722763383,6.490153999999999e-09
45.378,0.0,203.65565000492447,6.839399999999999e-09
45.378,0.0,203.65522996314968,6.970366999999999e-09
45.378,0.0,203.65478666648124,6.228219999999999e-09
45.378,0.0,203.65437122345912,7.479684e-09
45.378,0.0,203.65396752812265,6.344634999999999e-09
45.378,0.0,203.6535410423842,7.0722309999999996e-09
45.378,0.0,203.65310457847488,6.417394999999999e-09
45.378,0.0,203.652702492084,6.3300829999999994e-09
45.378,0.0,203.65229446501448,7.275957999999999e-09
45.378,0.0,203.65186361404025,6.082701e-09
45.378,0.0,203.6514781480739,7.115886999999999e-09
45.378,0.0,203.65103534319044,6.3009789999999996e-09
45.378,0.0,203.650636828064,6.868503999999999e-09
45.378,0.0,203.650213230076,6.853951999999999e-09
45.378,0.0,203.64980117582323,5.9371809999999995e-09
45.378,0.0,203.64938725068544,7.174094e-09
45.378,0.0,203.64897952761757,6.1991159999999995e-09
45.378,0.0,203.64855387471013,6.984918999999999e-09
45.378,0.0,203.64812304253127,6.475601999999999e-09
45.378,0.0,203.64771952928535,6.271875e-09
45.378,0.0,203.64730943234815,7.246853999999999e-09
45.378,0.0,203.64689405526912,5.9226289999999995e-09
45.378,0.0,203.64644753118964,7.0867829999999995e-09
45.378,0.0,203.64601423582187,6.271875e-09
45.378,0.0,203.64562524123127,6.839399999999999e-09
45.378,0.0,203.6451775030908,6.722984999999999e-09
45.378,0.0,203.64476209448895,5.8062139999999996e-09
45.378,0.0,203.64433696823707,7.363268999999999e-09
45.378,0.0,203.64395168111864,6.053597e-09
45.378,0.0,203.64350637783912,6.752088999999999e-09
45.378,0.0,203.64310764990745,6.3300829999999994e-09
45.378,0.0,203.64265988296287,6.548362e-09
45.378,0.0,203.6422744149622,7.174094e-09
45.378,0.0,203.64185473456448,5.849869999999999e-09
45.378,0.0,203.64145482801044,6.897607999999999e-09
45.378,0.0,203.6410272559121,6.388290999999999e-09
45.378,0.0,203.64060215560167,6.897607999999999e-09
45.378,0.0,203.64019230013997,6.577466e-09
45.378,0.0,203.63977672539968,5.995388999999999e-09
45.378,0.0,203.6393488952176,7.0722309999999996e-09
45.378,0.0,203.638943142283,6.082701e-09
45.378,0.0,203.63851955305648,6.839399999999999e-09
45.378,0.0,203.638120807222,6.228219999999999e-09
45.378,0.0,203.63767245975228,6.286427e-09
45.378,0.0,203.63725685892945,7.0867829999999995e-09
45.378,0.0,203.6368692609266,5.849869999999999e-09
45.378,0.0,203.63644726047977,6.926712e-09
45.378,0.0,203.63600139645416,6.2136679999999995e-09
45.378,0.0,203.6355778306544,6.839399999999999e-09
45.378,0.0,203.63517812576575,6.170012e-09
45.378,0.0,203.63473718897131,6.3009789999999996e-09
45.378,0.0,203.63432161618147,7.115886999999999e-09
45.378,0.0,203.6339074845488,5.951732999999999e-09
45.378,0.0,203.6335000606946,6.912159999999999e-09
45.378,0.0,203.63306452886752,6.170012e-09
45.378,0.0,203.6326307479424,6.664777e-09
45.378,0.0,203.63223072810416,6.650225e-09
45.378,0.0,203.6318153195024,5.849869999999999e-09
45.378,0.0,203.63142530860017,7.115886999999999e-09
45.378,0.0,203.63097775181168,5.9226289999999995e-09
45.378,0.0,203.630579134608,6.635672999999999e-09
45.378,0.0,203.6301555421374,6.7084329999999995e-09
45.378,0.0,203.6297487548103,6.170012e-09
45.378,0.0,203.62932322921077,7.1886459999999995e-09
45.378,0.0,203.6289097852682,5.8062139999999996e-09
45.378,0.0,203.62851030233435,6.8102959999999995e-09
45.378,0.0,203.62807128098584,6.170012e-09
45.378,0.0,203.62763791605184,6.650225e-09
45.378,0.0,203.62723288517745,6.6065699999999994e-09
45.378,0.0,203.62683172921507,5.8353179999999994e-09
45.378,0.0,203.62638815298627,7.217749999999999e-09
45.378,0.0,203.6259627905692,5.908077999999999e-09
45.378,0.0,203.62556833334807,6.621120999999999e-09
45.378,0.0,203.625123830702,6.140908e-09
45.378,0.0,203.62469854550855,6.184564e-09
45.378,0.0,203.62428493306243,7.0722309999999996e-09
45.378,0.0,203.62389534668287,5.77711e-09
45.378,0.0,203.623449068674,6.722984999999999e-09
45.378,0.0,203.62305032325992,6.184564e-09
45.378,0.0,203.62262673361295,6.6938809999999995e-09
45.378,0.0,203.62222262838492,6.461049999999999e-09
45.378,0.0,203.6217913867671,5.660695e-09
45.378,0.0,203.62138353228647,6.883055999999999e-09
45.378,0.0,203.62098116297477,5.8353179999999994e-09
45.378,0.0,203.62054488167735,6.519257999999999e-09
45.378,0.0,203.62013687115564,6.024493e-09
45.378,0.0,203.61971448935356,6.170012e-09
45.378,0.0,203.61928635069617,6.8248479999999994e-09
45.378,0.0,203.6189114784578,5.602486999999999e-09
45.378,0.0,203.61846338711825,6.766640999999999e-09
45.378,0.0,203.61804007841,6.009940999999999e-09
45.378,0.0,203.6176205705028,6.621120999999999e-09
45.378,0.0,203.6171946549682,6.388290999999999e-09
45.378,0.0,203.61679314107,5.631591e-09
45.378,0.0,203.61639130392047,6.897607999999999e-09
45.378,0.0,203.61594516037363,5.8062139999999996e-09
45.378,0.0,203.61552146816064,6.446497999999999e-09
45.378,0.0,203.61508136538927,5.9371809999999995e-09
45.378,0.0,203.61467385746727,6.126355999999999e-09
45.378,0.0,203.6142594053545,6.839399999999999e-09
45.378,0.0,203.61384394116516,5.660695e-09
45.378,0.0,203.6134042361953,6.577466e-09
45.378,0.0,203.6130188992872,5.8353179999999994e-09
45.378,0.0,203.61258022073812,6.388290999999999e-09
45.378,0.0,203.6121803423765,6.402842999999999e-09
45.378,0.0,203.61173937454072,5.486071999999999e-09
45.378,0.0,203.61134081472557,6.883055999999999e-09
45.378,0.0,203.61093389791927,5.77711e-09
45.378,0.0,203.6105017157685,6.461049999999999e-09
45.378,0.0,203.61009367528547,5.908077999999999e-09
45.378,0.0,203.6096629141313,6.024493e-09
45.378,0.0,203.60926375753087,6.839399999999999e-09
45.378,0.0,203.60885882221993,5.515175999999999e-09
45.378,0.0,203.6084391566292,6.664777e-09
45.378,0.0,203.60802173291873,5.9226289999999995e-09
45.378,0.0,203.6076004706192,6.388290999999999e-09
45.378,0.0,203.60717005518217,6.344634999999999e-09
45.378,0.0,203.606726726024,5.384208999999999e-09
45.378,0.0,203.60633064889404,6.941264e-09
45.378,0.0,203.60592289618324,5.515175999999999e-09
45.378,0.0,203.60549193472207,6.650225e-09
45.378,0.0,203.60505031261144,5.573384e-09
45.378,0.0,203.60465324837588,6.6938809999999995e-09
45.378,0.0,203.60423433307415,6.3155309999999995e-09
45.378,0.0,203.6038140538435,5.4278639999999995e-09
45.378,0.0,203.6034026608899,6.868503999999999e-09
45.378,0.0,203.60297454691369,5.646143e-09
45.378,0.0,203.60258145562443,6.431947e-09
45.378,0.0,203.60213590096248,5.8062139999999996e-09
45.378,0.0,203.6017338236764,6.053597e-09
45.378,0.0,203.6013259236125,6.548362e-09
45.378,0.0,203.60091046604967,5.7043509999999995e-09
45.378,0.0,203.60049697730105,6.475601999999999e-09
45.378,0.0,203.600073298142,5.849869999999999e-09
45.378,0.0,203.59964006056984,6.344634999999999e-09
45.378,0.0,203.59923479405404,6.504705999999999e-09
45.378,0.0,203.59881738058755,5.3114489999999996e-09
45.378,0.0,203.59839609769188,6.853951999999999e-09
45.378,0.0,203.5979949454692,5.660695e-09
45.378,0.0,203.59755741119056,6.446497999999999e-09
45.378,0.0,203.5971493270264,5.8353179999999994e-09
45.378,0.0,203.5967293847629,5.864421999999999e-09
45.378,0.0,203.59631405452316,6.781192e-09
45.378,0.0,203.59587047829436,5.384208999999999e-09
45.378,0.0,203.59544869337145,6.562914e-09
45.378,0.0,203.59505280138248,5.7189029999999995e-09
45.378,0.0,203.5946099378652,6.286427e-09
45.378,0.0,203.59418156566116,6.271875e-09
45.378,0.0,203.59378134763827,5.54428e-09
45.378,0.0,203.5933787281546,6.722984999999999e-09
45.378,0.0,203.59293381186615,5.631591e-09
45.378,0.0,203.59251572733936,6.373738999999999e-09
45.378,0.0,203.59211125167607,5.849869999999999e-09
45.378,0.0,203.5917084857066,5.9371809999999995e-09
45.378,0.0,203.59127443853856,6.722984999999999e-09
45.378,0.0,203.59086487953516,5.355104999999999e-09
45.378,0.0,203.59046193844983,6.504705999999999e-09
45.378,0.0,203.5900311028432,5.748006999999999e-09
45.378,0.0,203.58962297862013,6.3009789999999996e-09
45.378,0.0,203.58919731494967,6.271875e-09
45.378,0.0,203.58878376416249,5.4424159999999995e-09
45.378,0.0,203.58839397052847,6.752088999999999e-09
45.378,0.0,203.58794752996633,5.660695e-09
45.378,0.0,203.58751426080096,6.242771999999999e-09
45.378,0.0,203.5871249458069,5.8207659999999995e-09
45.378,0.0,203.58667692468867,5.8062139999999996e-09
45.378,0.0,203.5862617940247,6.6938809999999995e-09
45.378,0.0,203.5858366977949,5.471519999999999e-09
45.378,0.0,203.58545157244117,6.475601999999999e-09
45.378,0.0,203.58500598622376,5.8353179999999994e-09
45.378,0.0,203.58456737999768,6.359186999999999e-09
45.378,0.0,203.58415939201328,6.068149e-09
45.378,0.0,203.58374173066252,5.355104999999999e-09
45.378,0.0,203.58333584023288,6.650225e-09
45.378,0.0,203.5829352303272,5.573384e-09
45.378,0.0,203.5825046006768,6.3155309999999995e-09
45.378,0.0,203.58209631027927,5.8062139999999996e-09
45.378,0.0,203.58166499393016,5.878973999999999e-09
45.378,0.0,203.58125730205495,6.635672999999999e-09
45.378,0.0,203.58086143324033,5.355104999999999e-09
45.378,0.0,203.58041854240247,6.5920179999999995e-09
45.378,0.0,203.58001962928088,5.689799e-09
45.378,0.0,203.57959581136612,6.053597e-09
45.378,0.0,203.57915070249877,6.3300829999999994e-09
45.378,0.0,203.57875692173835,5.398760999999999e-09
45.378,0.0,203.57834179341145,6.635672999999999e-09
45.378,0.0,203.577945242838,5.660695e-09
45.378,0.0,203.5775170012984,6.257323999999999e-09
45.378,0.0,203.57707788542365,5.675247e-09
45.378,0.0,203.57667808459487,5.8062139999999996e-09
45.378,0.0,203.5762552501905,6.242771999999999e-09
45.378,0.0,203.57582150769903,5.384208999999999e-09
45.378,0.0,203.57540637703505,6.664777e-09
45.378,0.0,203.57497776930353,5.515175999999999e-09
45.378,0.0,203.57456973366817,6.1991159999999995e-09
45.378,0.0,203.57413561626527,5.748006999999999e-09
45.378,0.0,203.57371149323427,5.748006999999999e-09
45.378,0.0,203.57329974971287,6.548362e-09
45.378,0.0,203.572885486486,5.253241e-09
45.378,0.0,203.5724609272613,6.446497999999999e-09
45.378,0.0,203.5720531142768,5.8062139999999996e-09
45.378,0.0,203.57162219476112,6.140908e-09
45.378,0.0,203.57121879199755,6.170012e-09
45.378,0.0,203.57080872141483,5.2095859999999996e-09
45.378,0.0,203.5704206985216,6.548362e-09
45.378,0.0,203.56999001441952,5.500623999999999e-09
45.378,0.0,203.56954839586328,6.286427e-09
45.378,0.0,203.5691498512745,5.660695e-09
45.378,0.0,203.56870418445615,5.748006999999999e-09
45.378,0.0,203.5683126809128,6.8102959999999995e-09
45.378,0.0,203.56790133461976,5.369656999999999e-09
45.378,0.0,203.56747387697527,6.402842999999999e-09
45.378,0.0,203.56704285918764,5.631591e-09
45.378,0.0,203.56663473999325,6.242771999999999e-09
45.378,0.0,203.5662116505368,6.082701e-09
45.378,0.0,203.56578329732108,5.384208999999999e-09
45.378,0.0,203.56535308154017,6.650225e-09
45.378,0.0,203.5649536924764,5.500623999999999e-09
45.378,0.0,203.5645261967373,6.2136679999999995e-09
45.378,0.0,203.56409538713768,5.631591e-09
45.378,0.0,203.5636891833294,5.849869999999999e-09
45.378,0.0,203.5632763508893,6.664777e-09
45.378,0.0,203.56284854332097,5.238689e-09
45.378,0.0,203.5624428052246,6.242771999999999e-09
45.378,0.0,203.5620438698435,5.631591e-09
45.378,0.0,203.56162014978167,6.242771999999999e-09
45.378,0.0,203.5611716405414,6.068149e-09
45.378,0.0,203.56078559939664,5.2095859999999996e-09
45.378,0.0,203.56036844171572,6.635672999999999e-09
45.378,0.0,203.55994668598404,5.4424159999999995e-09
45.378,0.0,203.5595385589376,6.2136679999999995e-09
45.378,0.0,203.55910141421833,5.77711e-09
45.378,0.0,203.5586992736609,5.849869999999999e-09
45.378,0.0,203.55829089841868,6.504705999999999e-09
45.378,0.0,203.55785464620553,5.296897e-09
45.378,0.0,203.5574526125006,6.490153999999999e-09
45.378,0.0,203.55703210506593,5.660695e-09
45.378,0.0,203.5565911016079,6.170012e-09
45.378,0.0,203.5561611039148,6.053597e-09
45.378,0.0,203.55577075830172,5.355104999999999e-09
45.378,0.0,203.55535559489144,6.504705999999999e-09
45.378,0.0,203.55491222462524,5.267793e-09
45.378,0.0,203.5544827757948,6.388290999999999e-09
45.378,0.0,203.5540616962364,5.675247e-09
45.378,0.0,203.5536439533432,6.082701e-09
45.378,0.0,203.5532230898148,6.082701e-09
45.378,0.0,203.5528185846676,5.16593e-09
45.378,0.0,203.5524197918116,6.417394999999999e-09
45.378,0.0,203.5520036483448,5.3260009999999995e-09
45.378,0.0,203.55157163480737,6.053597e-09
45.378,0.0,203.55115113443196,6.170012e-09
45.378,0.0,203.5507576106984,5.748006999999999e-09
45.378,0.0,203.55031461813897,6.475601999999999e-09
45.378,0.0,203.5499248034263,5.355104999999999e-09
45.378,0.0,203.549494727516,6.402842999999999e-09
45.378,0.0,203.54907263071533,5.602486999999999e-09
45.378,0.0,203.54865580490767,5.660695e-09
45.378,0.0,203.54823763551823,6.111803999999999e-09
45.378,0.0,203.54783175602665,5.296897e-09
45.378,0.0,203.54743180284092,6.475601999999999e-09
45.378,0.0,203.54698411423328,5.384208999999999e-09
45.378,0.0,203.54656035231116,6.111803999999999e-09
45.378,0.0,203.54612094400133,5.500623999999999e-09
45.378,0.0,203.5457173556816,5.748006999999999e-09
45.378,0.0,203.5453021442129,6.446497999999999e-09
45.378,0.0,203.54488978107648,5.355104999999999e-09
45.378,0.0,203.54448428902776,6.3009789999999996e-09
45.378,0.0,203.5440416730061,5.631591e-09
45.378,0.0,203.54361765912785,6.126355999999999e-09
45.378,0.0,203.5432143105302,5.995388999999999e-09
45.378,0.0,203.54278104883093,5.253241e-09
45.378,0.0,203.54237117974688,6.5920179999999995e-09
45.378,0.0,203.5419673292839,5.384208999999999e-09
45.378,0.0,203.54153667653588,6.242771999999999e-09
45.378,0.0,203.5411285059596,5.4424159999999995e-09
45.378,0.0,203.54070406505943,5.660695e-09
45.378,0.0,203.54030194127995,6.664777e-09
45.378,0.0,203.53990108858403,5.078617999999999e-09
45.378,0.0,203.539454136314,6.3009789999999996e-09
45.378,0.0,203.53906551518864,5.515175999999999e-09
45.378,0.0,203.538631420074,6.111803999999999e-09
45.378,0.0,203.53822684747604,6.257323999999999e-09
45.378,0.0,203.5378086157044,5.2095859999999996e-09
45.378,0.0,203.53738128099928,6.5920179999999995e-09
45.378,0.0,203.53697467094403,5.602486999999999e-09
45.378,0.0,203.53654882914535,6.111803999999999e-09
45.378,0.0,203.53611778981295,5.602486999999999e-09
45.378,0.0,203.53569103466708,5.77711e-09
45.378,0.0,203.53524809828596,6.621120999999999e-09
45.378,0.0,203.53484819938208,5.253241e-09
45.378,0.0,203.53444244762443,6.388290999999999e-09
45.378,0.0,203.53400946203257,5.602486999999999e-09
45.378,0.0,203.53356971710517,6.009940999999999e-09
45.378,0.0,203.5331707498279,6.184564e-09
45.378,0.0,203.53275553752573,5.107721999999999e-09
45.378,0.0,203.53233185373384,6.417394999999999e-09
45.378,0.0,203.5319241714812,5.398760999999999e-09
45.378,0.0,203.53150763310947,6.082701e-09
45.378,0.0,203.53110144215464,5.500623999999999e-09
45.378,0.0,203.53065522804224,5.689799e-09
45.378,0.0,203.53026325315687,6.388290999999999e-09
45.378,0.0,203.52984765412023,5.16593e-09
45.378,0.0,203.52944964278365,6.417394999999999e-09
45.378,0.0,203.52902140875167,5.500623999999999e-09
45.378,0.0,203.5286131913413,5.995388999999999e-09
45.378,0.0,203.52818526928087,5.995388999999999e-09
45.378,0.0,203.52775954925528,5.2095859999999996e-09
45.378,0.0,203.52732670379683,6.475601999999999e-09
45.378,0.0,203.5269339124401,5.471519999999999e-09
45.378,0.0,203.5265046573072,6.373738999999999e-09
45.378,0.0,203.52607382619576,5.660695e-09
45.378,0.0,203.52564056570284,6.111803999999999e-09
45.378,0.0,203.5252351120238,5.995388999999999e-09
45.378,0.0,203.52481768273736,5.238689e-09
45.378,0.0,203.5243962663444,6.519257999999999e-09
45.378,0.0,203.52399502007893,5.413312e-09
45.378,0.0,203.52355736773177,6.082701e-09
45.378,0.0,203.52313005396547,5.689799e-09
45.378,0.0,203.52272944147637,5.660695e-09
45.378,0.0,203.5223246239447,6.446497999999999e-09
45.378,0.0,203.5219249376984,5.107721999999999e-09
45.378,0.0,203.52147659384968,6.3009789999999996e-09
45.378,0.0,203.52108566044163,5.413312e-09
45.378,0.0,203.52065328882452,5.878973999999999e-09
45.378,0.0,203.52024665064636,6.024493e-09
45.378,0.0,203.51983035204196,5.151378e-09
45.378,0.0,203.519405339204,6.446497999999999e-09
45.378,0.0,203.51899286932263,5.355104999999999e-09
45.378,0.0,203.51856888445448,6.039045e-09
45.378,0.0,203.51813802445452,5.660695e-09
45.378,0.0,203.5177360146676,5.587934999999999e-09
45.378,0.0,203.5173282746723,6.359186999999999e-09
45.378,0.0,203.51688830379507,5.296897e-09
45.378,0.0,203.51646456579428,6.184564e-09
45.378,0.0,203.51606559351893,5.4424159999999995e-09
45.378,0.0,203.51562152284984,6.170012e-09
45.378,0.0,203.5151956746352,5.9226289999999995e-09
45.378,0.0,203.5147799947221,5.107721999999999e-09
45.378,0.0,203.51435193249992,6.519257999999999e-09
45.378,0.0,203.5139459036012,5.107721999999999e-09
45.378,0.0,203.51352186406143,5.908077999999999e-09
45.378,0.0,203.51308866513568,5.413312e-09
45.378,0.0,203.51267397806643,5.4424159999999995e-09
45.378,0.0,203.51227476643547,6.461049999999999e-09
45.378,0.0,203.51187085472608,5.136826e-09
45.378,0.0,203.51144884256385,5.995388999999999e-09
45.378,0.0,203.5110406708688,5.4278639999999995e-09
45.378,0.0,203.51060992980385,6.053597e-09
45.378,0.0,203.510205175202,5.849869999999999e-09
45.378,0.0,203.50978641010897,5.151378e-09
45.378,0.0,203.50936987481003,7.028574999999999e-09
45.378,0.0,203.5089661884608,5.558832e-09
45.378,0.0,203.5085354021631,5.8353179999999994e-09
45.378,0.0,203.50810985475417,5.471519999999999e-09
45.378,0.0,203.5077025595382,5.849869999999999e-09
45.378,0.0,203.50727553568933,6.490153999999999e-09
45.378,0.0,203.50684399824087,5.078617999999999e-09
45.378,0.0,203.50644713018949,6.417394999999999e-09
45.378,0.0,203.50601867093027,5.646143e-09
45.378,0.0,203.50558772622344,6.111803999999999e-09
45.378,0.0,203.5051555765777,5.9371809999999995e-09
45.378,0.0,203.5047483261792,5.151378e-09
45.378,0.0,203.5043230454777,6.475601999999999e-09
45.378,0.0,203.50390966290945,5.675247e-09
45.378,0.0,203.50351008316127,6.504705999999999e-09
45.378,0.0,203.5030708999573,5.515175999999999e-09
45.378,0.0,203.50266277361223,5.573384e-09
45.378,0.0,203.50224628703313,6.504705999999999e-09
45.378,0.0,203.5018584345951,5.180482e-09
45.378,0.0,203.50143872578192,6.242771999999999e-09
45.378,0.0,203.50100782289104,5.4424159999999995e-09
45.378,0.0,203.50059982968787,6.170012e-09
45.378,0.0,203.50016919505128,6.053597e-09
45.378,0.0,203.4997608707948,5.195034e-09
45.378,0.0,203.49936614974703,6.504705999999999e-09
45.378,0.0,203.49892241628632,5.384208999999999e-09
45.378,0.0,203.49849134311867,5.995388999999999e-09
45.378,0.0,203.49808294216515,5.267793e-09
45.378,0.0,203.49765183424515,5.3114489999999996e-09
45.378,0.0,203.49725114864847,6.15546e-09
45.378,0.0,203.496845259198,5.078617999999999e-09
45.378,0.0,203.49642790048293,6.111803999999999e-09
45.378,0.0,203.49597979692723,5.238689e-09
45.378,0.0,203.49555595996208,5.951732999999999e-09
45.378,0.0,203.4951569115508,5.267793e-09
45.378,0.0,203.49471227004793,5.3405529999999994e-09
45.378,0.0,203.49429703483537,6.359186999999999e-09
45.378,0.0,203.4938851385841,5.078617999999999e-09
45.378,0.0,203.49348017829013,5.995388999999999e-09
45.378,0.0,203.493037330483,5.384208999999999e-09
45.378,0.0,203.49261853169023,6.140908e-09
45.378,0.0,203.4922146674068,5.878973999999999e-09
45.378,0.0,203.49180280343472,5.034963e-09
45.378,0.0,203.49138937580585,6.2136679999999995e-09
45.378,0.0,203.4909637866081,5.267793e-09
45.378,0.0,203.4905692718689,6.053597e-09
45.378,0.0,203.49012453111493,5.602486999999999e-09
45.378,0.0,203.48972091658757,5.4278639999999995e-09
45.378,0.0,203.48931133493224,6.3300829999999994e-09
45.378,0.0,203.4888979061394,5.151378e-09
45.378,0.0,203.48849185335425,6.3009789999999996e-09
45.378,0.0,203.48805022028125,5.529728e-09
45.378,0.0,203.48762638331607,5.966284999999999e-09
45.378,0.0,203.48722220049513,5.995388999999999e-09
45.378,0.0,203.48679124106476,5.049515e-09
45.378,0.0,203.48637625365143,6.359186999999999e-09
45.378,0.0,203.4859528520529,5.16593e-09
45.378,0.0,203.4855074688427,6.170012e-09
45.378,0.0,203.4851140241796,5.602486999999999e-09
45.378,0.0,203.48468636442104,5.573384e-09
45.378,0.0,203.4842752417869,6.271875e-09
45.378,0.0,203.4838618909816,5.107721999999999e-09
45.378,0.0,203.4834380587954,6.170012e-09
45.378,0.0,203.48301905399967,5.602486999999999e-09
45.378,0.0,203.4825972221962,5.995388999999999e-09
45.378,0.0,203.48219098220264,5.8062139999999996e-09
45.378,0.0,203.48177812788168,5.078617999999999e-09
45.378,0.0,203.48136847257163,6.271875e-09
45.378,0.0,203.48096527754544,5.078617999999999e-09
45.378,0.0,203.4805345338364,5.966284999999999e-09
45.378,0.0,203.4801090784865,5.4278639999999995e-09
45.378,0.0,203.4797014183981,5.4278639999999995e-09
45.378,0.0,203.47927438611433,6.3300829999999994e-09
45.378,0.0,203.47887589146237,5.049515e-09
45.378,0.0,203.4784521485906,6.111803999999999e-09
45.378,0.0,203.47801821266307,5.3260009999999995e-09
45.378,0.0,203.47761003969487,5.966284999999999e-09
45.378,0.0,203.47718172298167,5.8353179999999994e-09
45.378,0.0,203.47676672466005,4.962202999999999e-09
45.378,0.0,203.4763407409956,6.111803999999999e-09
45.378,0.0,203.47593444777715,5.107721999999999e-09
45.378,0.0,203.47550211778469,5.849869999999999e-09
45.378,0.0,203.47507098749128,5.2241379999999995e-09
45.378,0.0,203.47463722320387,5.878973999999999e-09
45.378,0.0,203.4742319094752,5.77711e-09
45.378,0.0,203.47383067798768,4.918547e-09
45.378,0.0,203.47339329168597,6.170012e-09
45.378,0.0,203.47299175337508,5.136826e-09
45.378,0.0,203.47256800810007,5.849869999999999e-09
45.378,0.0,203.47216899370747,5.3260009999999995e-09
45.378,0.0,203.47172544385003,5.3260009999999995e-09
45.378,0.0,203.47132103205445,6.228219999999999e-09
45.378,0.0,203.47092220072344,5.020411e-09
45.378,0.0,203.47049151988827,6.009940999999999e-09
45.378,0.0,203.4700832101148,5.2095859999999996e-09
45.378,0.0,203.46965056684104,5.3114489999999996e-09
45.378,0.0,203.46924427216868,5.8353179999999994e-09
45.378,0.0,203.46884605699603,4.8457879999999994e-09
45.378,0.0,203.46840564382023,5.995388999999999e-09
45.378,0.0,203.46800510797144,5.107721999999999e-09
45.378,0.0,203.46756634353903,5.8353179999999994e-09
45.378,0.0,203.46713498584307,5.107721999999999e-09
45.378,0.0,203.46673237123088,5.355104999999999e-09
45.378,0.0,203.46632416587084,6.184564e-09
45.378,0.0,203.46590917417575,4.903995e-09
45.378,0.0,203.46546138831292,6.111803999999999e-09
45.378,0.0,203.46503825095385,5.180482e-09
45.378,0.0,203.46461843833313,5.660695e-09
45.378,0.0,203.46419171683823,5.733454999999999e-09
45.378,0.0,203.46379092309957,4.9330989999999995e-09
45.378,0.0,203.46338895067748,6.140908e-09
45.378,0.0,203.46296392076792,5.034963e-09
45.378,0.0,203.46255597304523,5.878973999999999e-09
45.378,0.0,203.46212506568008,5.253241e-09
45.378,0.0,203.4616998156941,5.4424159999999995e-09
45.378,0.0,203.46131204946565,6.242771999999999e-09
45.378,0.0,203.4608965117304,5.136826e-09
45.378,0.0,203.46048644435808,6.024493e-09
45.378,0.0,203.4600614690892,5.384208999999999e-09
45.378,0.0,203.45962675113168,5.849869999999999e-09
45.378,0.0,203.4592221667656,5.631591e-09
45.378,0.0,203.45880401584125,4.9330989999999995e-09
45.378,0.0,203.4583760042572,6.170012e-09
45.378,0.0,203.4579710680772,5.093169999999999e-09
45.378,0.0,203.45754514774632,5.791662e-09
45.378,0.0,203.45711424485543,5.180482e-09
45.378,0.0,203.45670980677673,5.4424159999999995e-09
45.378,0.0,203.45629909359053,6.3300829999999994e-09
45.378,0.0,203.4558560504082,4.802132e-09
45.378,0.0,203.45543677606173,6.140908e-09
45.378,0.0,203.45502523486647,5.253241e-09
45.378,0.0,203.45459792583915,5.8353179999999994e-09
45.378,0.0,203.45416702833268,5.675247e-09
45.378,0.0,203.45375164745377,4.9476509999999995e-09
45.378,0.0,203.4533638783972,6.053597e-09
45.378,0.0,203.45292062222023,4.991306999999999e-09
45.378,0.0,203.452496635169,5.878973999999999e-09
45.378,0.0,203.45209738664303,5.296897e-09
45.378,0.0,203.45165157781648,5.267793e-09
45.378,0.0,203.4512583686561,6.170012e-09
45.378,0.0,203.45084309902325,4.962202999999999e-09
45.378,0.0,203.45044639766536,5.878973999999999e-09
45.378,0.0,203.45001800343104,5.238689e-09
45.378,0.0,203.44959390479713,5.689799e-09
45.378,0.0,203.44918118667823,5.631591e-09
45.378,0.0,203.44876619902672,4.743924e-09
45.378,0.0,203.448340533332,6.184564e-09
45.378,0.0,203.44793371496195,5.078617999999999e-09
45.378,0.0,203.44750972194683,5.733454999999999e-09
45.378,0.0,203.44707873727393,5.195034e-09
45.378,0.0,203.44666237899608,5.3260009999999995e-09
45.378,0.0,203.44624541560924,5.602486999999999e-09
45.378,0.0,203.4458304196289,5.020411e-09
45.378,0.0,203.4453873757672,6.082701e-09
45.378,0.0,203.44497918367907,5.136826e-09
45.378,0.0,203.44456703350863,5.8062139999999996e-09
45.378,0.0,203.4441262824528,5.2095859999999996e-09
45.378,0.0,203.4437243516709,5.267793e-09
45.378,0.0,203.44330908494487,6.111803999999999e-09
45.378,0.0,203.4429208856452,4.8457879999999994e-09
45.378,0.0,203.4424904043107,5.878973999999999e-09
45.378,0.0,203.44206860365827,5.296897e-09
45.378,0.0,203.44165132629456,5.762558e-09
45.378,0.0,203.4412319066867,5.558832e-09
45.378,0.0,203.44081270308365,4.8457879999999994e-09
45.378,0.0,203.4404033562309,6.111803999999999e-09
45.378,0.0,203.43999703673867,5.078617999999999e-09
45.378,0.0,203.4395808707166,5.500623999999999e-09
45.378,0.0,203.43913522998608,5.296897e-09
45.378,0.0,203.43873264050688,5.3260009999999995e-09
45.378,0.0,203.4383244700074,6.140908e-09
45.378,0.0,203.43791039953933,4.991306999999999e-09
45.378,0.0,203.4375029871582,6.053597e-09
45.378,0.0,203.4370621693297,5.2095859999999996e-09
45.378,0.0,203.43663792690649,5.748006999999999e-09
45.378,0.0,203.43623278609724,5.748006999999999e-09
45.378,0.0,203.4358039685713,4.802132e-09
45.378,0.0,203.43538869231188,6.053597e-09
45.378,0.0,203.4349634864278,4.903995e-09
45.378,0.0,203.4345192177764,5.7043509999999995e-09
45.378,0.0,203.4341016816163,5.180482e-09
45.378,0.0,203.4336959821992,5.180482e-09
45.378,0.0,203.4332559599324,6.082701e-09
45.378,0.0,203.4328684688136,4.8166839999999996e-09
45.378,0.0,203.43244693555744,5.893525999999999e-09
45.378,0.0,203.4320291790426,5.0640659999999994e-09
45.378,0.0,203.43160832056887,5.762558e-09
45.378,0.0,203.43120327601824,5.689799e-09
45.378,0.0,203.43079212727568,4.743924e-09
45.378,0.0,203.43038079683507,6.024493e-09
45.378,0.0,203.42997629947493,4.962202999999999e-09
45.378,0.0,203.42953280484096,5.558832e-09
45.378,0.0,203.42913406852955,5.049515e-09
45.378,0.0,203.42871007551443,5.238689e-09
45.378,0.0,203.4282983708453,5.966284999999999e-09
45.378,0.0,203.42788412901183,4.903995e-09
45.378,0.0,203.42745974852352,6.068149e-09
45.378,0.0,203.42701485388412,5.122273999999999e-09
45.378,0.0,203.42660384393923,5.646143e-09
45.378,0.0,203.42619444386168,5.573384e-09
45.378,0.0,203.4257516736525,4.802132e-09
45.378,0.0,203.42533611945527,5.849869999999999e-09
45.378,0.0,203.42492070081016,5.020411e-09
45.378,0.0,203.42451252572727,5.602486999999999e-09
45.378,0.0,203.4240729099122,5.3260009999999995e-09
45.378,0.0,203.42367390782613,5.049515e-09
45.378,0.0,203.4232594999796,6.170012e-09
45.378,0.0,203.4228350519028,4.5693009999999994e-09
45.378,0.0,203.4224276952252,6.024493e-09
45.378,0.0,203.42200320213672,5.151378e-09
45.378,0.0,203.42160421125763,5.631591e-09
45.378,0.0,203.4211564413324,5.500623999999999e-09
45.378,0.0,203.4207564738312,4.8166839999999996e-09
45.378,0.0,203.420350951549,5.849869999999999e-09
45.378,0.0,203.419932148514,5.093169999999999e-09
45.378,0.0,203.41952420307828,5.602486999999999e-09
45.378,0.0,203.41908600265393,5.078617999999999e-09
45.378,0.0,203.41866261712352,5.078617999999999e-09
45.378,0.0,203.41826327107248,5.966284999999999e-09
45.378,0.0,203.41783072805072,4.743924e-09
45.378,0.0,203.41743711047235,5.791662e-09
45.378,0.0,203.41700765244448,5.107721999999999e-09
45.378,0.0,203.41657675148164,5.602486999999999e-09
45.378,0.0,203.4161685763564,5.151378e-09
45.378,0.0,203.41575354607284,4.991306999999999e-09
45.378,0.0,203.415321076882,5.77711e-09
45.378,0.0,203.4148949503552,4.743924e-09
45.378,0.0,203.41446814736372,5.77711e-09
45.378,0.0,203.41403702249204,5.151378e-09
45.378,0.0,203.4136288473668,5.573384e-09
45.378,0.0,203.4132044323092,5.500623999999999e-09
45.378,0.0,203.41279022152153,4.802132e-09
45.378,0.0,203.41237837884609,6.039045e-09
45.378,0.0,203.41197432871047,4.962202999999999e-09
45.378,0.0,203.41155589369905,5.689799e-09
45.378,0.0,203.4111176294688,5.049515e-09
45.378,0.0,203.41071281451187,5.16593e-09
45.378,0.0,203.41031958265165,6.024493e-09
45.378,0.0,203.40991006038672,4.685717e-09
45.378,0.0,203.4094809648624,5.8353179999999994e-09
45.378,0.0,203.40906015913043,5.020411e-09
45.378,0.0,203.40864233680253,5.602486999999999e-09
45.378,0.0,203.40822092540327,5.515175999999999e-09
45.378,0.0,203.40783343428447,4.729371999999999e-09
45.378,0.0,203.40739297183313,5.878973999999999e-09
45.378,0.0,203.40696897823472,4.903995e-09
45.378,0.0,203.40653351013097,5.573384e-09
45.378,0.0,203.40610832769835,5.078617999999999e-09
45.378,0.0,203.40570042312763,5.107721999999999e-09
45.378,0.0,203.40528515433428,5.908077999999999e-09
45.378,0.0,203.40484976910588,4.773028e-09
45.378,0.0,203.40444786118127,5.791662e-09
45.378,0.0,203.4040272856044,4.962202999999999e-09
45.378,0.0,203.40358669409275,5.646143e-09
