Y_dimension(mm),Button,True_depth(m),meas
0.0,0.0,207.99734375,2.243211e-05
0.0,0.0,207.9973352894712,-1.592911e-06
0.0,0.0,207.99723792421224,-5.687762e-07
0.0,0.0,207.99714059401316,-2.2357560000000002e-07
0.0,0.0,207.9969938743676,-1.206354e-08
0.0,0.0,207.99679612175393,1.7088310000000003e-07
0.0,0.0,207.99657469233512,3.9589940000000004e-07
0.0,0.0,207.9962886122624,5.513575e-07
0.0,0.0,207.99597296710036,8.176867e-07
0.0,0.0,207.9956421523604,8.717907000000001e-07
0.0,0.0,207.99523195666507,9.111245000000001e-07
0.0,0.0,207.99479769049648,1.054461e-06
0.0,0.0,207.99437381018365,9.439973e-07
0.0,0.0,207.993933791248,1.023916e-06
0.0,0.0,207.99356029814413,1.196706e-06
0.0,0.0,207.99313543206028,1.344408e-06
0.0,0.0,207.99270365035915,1.302004e-06
0.0,0.0,207.9922698450266,1.169261e-06
0.0,0.0,207.99188161686988,8.910864999999999e-07
0.0,0.0,207.99144313175728,1.094828e-06
0.0,0.0,207.9910835961581,1.070148e-06
0.0,0.0,207.99063624342233,1.33412e-06
0.0,0.0,207.99020145007313,1.421184e-06
0.0,0.0,207.98981539643597,1.456676e-06
0.0,0.0,207.98936964829957,1.431064e-06
0.0,0.0,207.98898538999768,1.31088e-06
0.0,0.0,207.98856594718373,1.445223e-06
0.0,0.0,207.98814044420007,1.466076e-06
0.0,0.0,207.9877098162413,1.4549e-06
0.0,0.0,207.9872896964704,1.391891e-06
0.0,0.0,207.9868756540301,1.530832e-06
0.0,0.0,207.98646428352777,1.555949e-06
0.0,0.0,207.98604881338247,1.46513e-06
0.0,0.0,207.98560471284796,1.526205e-06
0.0,0.0,207.98518138308873,1.472974e-06
0.0,0.0,207.98475149195613,1.517357e-06
0.0,0.0,207.98436007867787,1.428663e-06
0.0,0.0,207.98391942045953,1.447523e-06
0.0,0.0,207.98350431350713,1.486871e-06
0.0,0.0,207.98312084655447,1.468885e-06
0.0,0.0,207.98267896239628,1.490102e-06
0.0,0.0,207.9822748403292,1.476466e-06
0.0,0.0,207.98185811274183,1.462133e-06
0.0,0.0,207.98141561727292,1.387467e-06
0.0,0.0,207.9810281930525,1.279463e-06
0.0,0.0,207.98059870969695,1.353939e-06
0.0,0.0,207.98019496101313,1.306529e-06
0.0,0.0,207.97977183976724,1.322391e-06
0.0,0.0,207.97934101202648,1.330482e-06
0.0,0.0,207.9789331769169,1.345717e-06
0.0,0.0,207.97853738326,1.351465e-06
0.0,0.0,207.978095059811,1.329725e-06
0.0,0.0,207.97769660058725,1.384338e-06
0.0,0.0,207.97725676232653,1.267574e-06
0.0,0.0,207.97682786825297,1.361012e-06
0.0,0.0,207.9764349323449,1.330671e-06
0.0,0.0,207.97601525558073,1.353721e-06
0.0,0.0,207.9755911895248,1.344684e-06
0.0,0.0,207.97519945032707,1.362423e-06
0.0,0.0,207.9747570620381,1.379754e-06
0.0,0.0,207.97431172614904,1.463923e-06
0.0,0.0,207.97388942329752,1.467168e-06
0.0,0.0,207.97348488917473,1.441294e-06
0.0,0.0,207.97307445068813,1.410081e-06
0.0,0.0,207.9726394609424,1.448352e-06
0.0,0.0,207.97222656575536,1.504581e-06
0.0,0.0,207.97180789724527,1.522683e-06
0.0,0.0,207.97140507443083,1.433844e-06
0.0,0.0,207.97099622823453,1.394379e-06
0.0,0.0,207.97058241526497,1.440581e-06
0.0,0.0,207.97015886144632,1.483524e-06
0.0,0.0,207.9697222357724,1.48105e-06
0.0,0.0,207.96933641725752,1.458131e-06
0.0,0.0,207.96889260992737,1.454609e-06
0.0,0.0,207.96849843457912,1.450404e-06
0.0,0.0,207.968089821486,1.502791e-06
0.0,0.0,207.96765997932627,1.515495e-06
0.0,0.0,207.96722934637785,1.520733e-06
0.0,0.0,207.96680247112215,1.468725e-06
0.0,0.0,207.96640113109893,1.459528e-06
0.0,0.0,207.96597185300303,1.490713e-06
0.0,0.0,207.965543019784,1.536449e-06
0.0,0.0,207.9651212909668,1.514796e-06
0.0,0.0,207.9647252278108,1.488908e-06
0.0,0.0,207.9642825462521,1.358407e-06
0.0,0.0,207.96385336468995,1.512453e-06
0.0,0.0,207.96345363590837,1.448861e-06
0.0,0.0,207.9630506372158,1.41171e-06
0.0,0.0,207.96260637529392,1.394263e-06
0.0,0.0,207.96221996481464,1.40781e-06
0.0,0.0,207.96178928589208,1.43121e-06
0.0,0.0,207.96136206022143,1.452994e-06
0.0,0.0,207.9609617107922,1.427499e-06
0.0,0.0,207.96055919395047,1.443288e-06
0.0,0.0,207.96013450135527,1.456938e-06
0.0,0.0,207.95972651269,1.541688e-06
0.0,0.0,207.95929576251856,1.514869e-06
0.0,0.0,207.958869835234,1.445427e-06
0.0,0.0,207.9584572787544,1.4049e-06
0.0,0.0,207.95804436517452,1.394379e-06
0.0,0.0,207.9576205627026,1.467473e-06
0.0,0.0,207.95722172633376,1.465436e-06
0.0,0.0,207.95677944717565,1.518725e-06
0.0,0.0,207.9563498842672,1.547247e-06
0.0,0.0,207.95596210874655,1.526714e-06
0.0,0.0,207.9555468113199,1.509601e-06
0.0,0.0,207.9551246750732,1.540044e-06
0.0,0.0,207.9546787497662,1.501641e-06
0.0,0.0,207.95424052654235,1.505003e-06
0.0,0.0,207.953832280262,1.556808e-06
0.0,0.0,207.9534144402596,1.516804e-06
0.0,0.0,207.9529988648951,1.574896e-06
0.0,0.0,207.9526070558308,1.547553e-06
0.0,0.0,207.9521610739671,1.485023e-06
0.0,0.0,207.9517623507422,1.474124e-06
0.0,0.0,207.95133833854757,1.564084e-06
0.0,0.0,207.9509306990954,1.47408e-06
0.0,0.0,207.95050645001865,1.553562e-06
0.0,0.0,207.9500912872294,1.593115e-06
0.0,0.0,207.94969179247923,1.415829e-06
0.0,0.0,207.94925209213153,1.409368e-06
0.0,0.0,207.94884428768532,1.417167e-06
0.0,0.0,207.948429188972,1.361768e-06
0.0,0.0,207.94801378699677,1.328895e-06
0.0,0.0,207.94761811307072,1.338194e-06
0.0,0.0,207.9471894927449,1.323482e-06
0.0,0.0,207.94675047982963,1.169145e-06
0.0,0.0,207.9463053966842,1.250213e-06
0.0,0.0,207.94591992658437,1.294524e-06
0.0,0.0,207.94549380701596,1.356151e-06
0.0,0.0,207.94507845400167,1.289794e-06
0.0,0.0,207.94463107014312,1.346692e-06
0.0,0.0,207.9442322036864,1.371925e-06
0.0,0.0,207.9438082865603,1.347318e-06
0.0,0.0,207.94340356717476,1.418201e-06
0.0,0.0,207.9429735279301,1.281616e-06
0.0,0.0,207.94256160820416,1.256209e-06
0.0,0.0,207.9421561097056,1.199776e-06
0.0,0.0,207.9417254998736,1.16002e-06
0.0,0.0,207.94131732246427,1.203633e-06
0.0,0.0,207.94089590787823,1.226741e-06
0.0,0.0,207.94049197470497,1.331253e-06
0.0,0.0,207.9400933139008,1.35116e-06
0.0,0.0,207.9396447700831,1.365537e-06
0.0,0.0,207.9392461469156,1.301247e-06
0.0,0.0,207.93882220989303,1.266206e-06
0.0,0.0,207.93837693510008,1.237044e-06
0.0,0.0,207.93798908266209,1.199718e-06
0.0,0.0,207.9375736523604,1.160966e-06
0.0,0.0,207.9371464669,1.235938e-06
0.0,0.0,207.936738271322,1.210632e-06
0.0,0.0,207.93630410383207,1.219058e-06
0.0,0.0,207.93589958302448,1.204535e-06
0.0,0.0,207.93549665884512,1.121021e-06
0.0,0.0,207.93505345056204,1.13147e-06
0.0,0.0,207.93463028432527,9.513897000000001e-07
0.0,0.0,207.9341993359539,1.074732e-06
0.0,0.0,207.93377490217588,1.038235e-06
0.0,0.0,207.93336409985488,1.047927e-06
0.0,0.0,207.93293816961068,1.028835e-06
0.0,0.0,207.9325213445252,9.764917e-07
0.0,0.0,207.93211536152967,9.758078000000002e-07
0.0,0.0,207.9316961664533,9.169598e-07
0.0,0.0,207.931274732036,8.57719e-07
0.0,0.0,207.93084375855491,9.890064000000001e-07
0.0,0.0,207.9304559375636,1.10353e-06
0.0,0.0,207.9300404485541,9.484211000000001e-07
0.0,0.0,207.92963828035343,1.035165e-06
0.0,0.0,207.9292114283164,9.6437e-07
0.0,0.0,207.92877425003863,1.057211e-06
0.0,0.0,207.9283722340469,1.232314e-06
0.0,0.0,207.92796307864631,1.191962e-06
0.0,0.0,207.92751958579888,1.235909e-06
0.0,0.0,207.92710207663964,1.150504e-06
0.0,0.0,207.92671649152177,1.220615e-06
0.0,0.0,207.9262556758244,1.219334e-06
0.0,0.0,207.92585557934848,1.116307e-06
0.0,0.0,207.92543299442548,1.048829e-06
0.0,0.0,207.92499950126947,1.147971e-06
0.0,0.0,207.9245852335243,1.20631e-06
0.0,0.0,207.9241778326409,1.157139e-06
0.0,0.0,207.9237472026332,1.122462e-06
0.0,0.0,207.92331371070097,9.629293000000001e-07
0.0,0.0,207.9229084711426,9.094801000000001e-07
0.0,0.0,207.92250730209412,9.340001000000001e-07
0.0,0.0,207.92211331969847,9.152718e-07
0.0,0.0,207.92166851527776,1.077628e-06
0.0,0.0,207.92124041440695,9.186188000000002e-07
0.0,0.0,207.92084553576527,1.024964e-06
0.0,0.0,207.92040226410697,1.078894e-06
0.0,0.0,207.92001469015136,1.029781e-06
0.0,0.0,207.91959814305713,9.481155000000001e-07
0.0,0.0,207.91918211637304,9.541982000000001e-07
0.0,0.0,207.91875951984616,8.956413e-07
0.0,0.0,207.9183270786004,7.196068000000001e-07
0.0,0.0,207.91792078668493,1.151246e-06
0.0,0.0,207.91752280557375,9.941286000000001e-07
0.0,0.0,207.9170797852206,9.616197000000001e-07
0.0,0.0,207.9166674456297,1.065913e-06
0.0,0.0,207.91625849647008,1.034787e-06
0.0,0.0,207.91581254808185,9.926734000000001e-07
0.0,0.0,207.9153904556807,9.047071000000001e-07
0.0,0.0,207.91498699866108,9.507057000000001e-07
0.0,0.0,207.9145876396653,9.204232000000002e-07
0.0,0.0,207.9141394340904,9.167270000000001e-07
0.0,0.0,207.9137155699312,9.896903000000002e-07
0.0,0.0,207.9133165281332,9.844516e-07
0.0,0.0,207.9128701554276,1.120279e-06
0.0,0.0,207.91245427433157,1.151493e-06
0.0,0.0,207.9120664430608,1.180073e-06
0.0,0.0,207.91164071424117,1.127482e-06
0.0,0.0,207.91123251739413,1.257009e-06
0.0,0.0,207.91079782609685,1.178123e-06
0.0,0.0,207.9103938302981,1.208959e-06
0.0,0.0,207.9099893510908,1.212335e-06
0.0,0.0,207.90954633199448,1.18828e-06
0.0,0.0,207.90914234256329,1.221284e-06
0.0,0.0,207.9087281488512,1.214561e-06
0.0,0.0,207.908329376046,1.138236e-06
0.0,0.0,207.9078845639881,1.050314e-06
0.0,0.0,207.90746932214893,1.213426e-06
0.0,0.0,207.90705370338847,1.269407e-06
0.0,0.0,207.9066479879424,1.141423e-06
0.0,0.0,207.90621008913297,1.136475e-06
0.0,0.0,207.90576873012267,1.224325e-06
0.0,0.0,207.90538343815007,1.00839e-06
0.0,0.0,207.90494916969456,1.020773e-06
0.0,0.0,207.90453397461323,9.99542e-07
0.0,0.0,207.90409128061185,8.074567e-07
0.0,0.0,207.90370587635465,8.000934e-07
0.0,0.0,207.9032684791717,8.064235e-07
0.0,0.0,207.9028673673236,1.113367e-06
0.0,0.0,207.9024456691664,1.119421e-06
0.0,0.0,207.90202818155896,1.02655e-06
0.0,0.0,207.9016229529264,1.040302e-06
0.0,0.0,207.90118965073103,1.10628e-06
0.0,0.0,207.90078143012525,1.221168e-06
0.0,0.0,207.90035222788288,1.263033e-06
0.0,0.0,207.8999526937916,1.275941e-06
0.0,0.0,207.89954963389383,1.333276e-06
0.0,0.0,207.89910518276108,1.368127e-06
0.0,0.0,207.898718969168,1.354536e-06
0.0,0.0,207.89828224762863,1.46059e-06
0.0,0.0,207.8978344128804,1.453227e-06
0.0,0.0,207.89744887455976,1.557448e-06
0.0,0.0,207.8970289101075,1.503533e-06
0.0,0.0,207.89661004668648,1.316948e-06
0.0,0.0,207.8962126649249,1.34627e-06
0.0,0.0,207.8957710407361,1.066495e-06
0.0,0.0,207.8953402286137,1.331748e-06
0.0,0.0,207.89491633565595,1.189517e-06
0.0,0.0,207.89448118901652,1.405657e-06
0.0,0.0,207.89406883086204,1.344102e-06
0.0,0.0,207.89366289842184,1.257067e-06
0.0,0.0,207.8932322941589,1.318796e-06
0.0,0.0,207.89282462737063,1.326247e-06
0.0,0.0,207.8924046221448,1.342793e-06
0.0,0.0,207.89198570290216,1.283261e-06
0.0,0.0,207.89160046020484,1.375709e-06
0.0,0.0,207.89118425809593,1.513952e-06
0.0,0.0,207.89075341655996,1.479333e-06
0.0,0.0,207.89030797893489,1.384586e-06
0.0,0.0,207.88992250883496,1.365974e-06
0.0,0.0,207.8894970531232,1.476044e-06
0.0,0.0,207.889105520808,1.580716e-06
0.0,0.0,207.88867573323904,1.509034e-06
0.0,0.0,207.88824503829147,1.486449e-06
0.0,0.0,207.8878370927096,1.520457e-06
0.0,0.0,207.88742039329048,1.586159e-06
0.0,0.0,207.8869769063797,1.624881e-06
0.0,0.0,207.8865673392052,1.607565e-06
0.0,0.0,207.8861656598637,1.669381e-06
0.0,0.0,207.8857285593105,1.651206e-06
0.0,0.0,207.88529804280313,1.659675e-06
0.0,0.0,207.8848726261916,1.713837e-06
0.0,0.0,207.8844592635349,1.737659e-06
0.0,0.0,207.88404174815224,1.682522e-06
0.0,0.0,207.88362021368076,1.569933e-06
0.0,0.0,207.8832238676933,1.614913e-06
0.0,0.0,207.882781202529,1.656328e-06
0.0,0.0,207.8823759059103,1.671171e-06
0.0,0.0,207.8819642378972,1.606211e-06
0.0,0.0,207.8815534975336,1.558015e-06
0.0,0.0,207.88114932745543,1.729728e-06
0.0,0.0,207.8807063387021,1.712076e-06
0.0,0.0,207.880311040636,1.749606e-06
0.0,0.0,207.8798884656227,1.72868e-06
0.0,0.0,207.87947210377376,1.778768e-06
0.0,0.0,207.8790576637816,1.815337e-06
0.0,0.0,207.87863345868377,1.796943e-06
0.0,0.0,207.8782383862522,1.780063e-06
0.0,0.0,207.87779452166973,1.813154e-06
0.0,0.0,207.87736800638635,1.822977e-06
0.0,0.0,207.87696690732767,1.775625e-06
0.0,0.0,207.87656463417144,1.681969e-06
0.0,0.0,207.87611842714057,1.75029e-06
0.0,0.0,207.87573096375843,1.567474e-06
0.0,0.0,207.875295622771,1.664666e-06
0.0,0.0,207.8748717298133,1.682536e-06
0.0,0.0,207.8744317561965,1.634588e-06
0.0,0.0,207.87401613187103,1.705048e-06
0.0,0.0,207.8735994553746,1.707594e-06
0.0,0.0,207.8731915791728,1.733191e-06
0.0,0.0,207.8727524961174,1.58968e-06
0.0,0.0,207.87235293012057,1.529683e-06
0.0,0.0,207.87193013810287,1.56711e-06
0.0,0.0,207.87151419843093,1.625187e-06
0.0,0.0,207.8711072506656,1.700057e-06
0.0,0.0,207.87068921981992,1.7126e-06
0.0,0.0,207.87026706274952,1.923327e-06
0.0,0.0,207.86983622432084,1.739361e-06
0.0,0.0,207.8694366368983,1.743218e-06
0.0,0.0,207.86903168660308,1.732871e-06
0.0,0.0,207.86861222739276,1.697757e-06
0.0,0.0,207.8682039385662,1.673456e-06
0.0,0.0,207.86776581398817,1.667941e-06
0.0,0.0,207.8673192285185,1.753433e-06
0.0,0.0,207.86693407678223,1.73322e-06
0.0,0.0,207.86651127298873,1.688662e-06
0.0,0.0,207.86609554453233,1.545239e-06
0.0,0.0,207.86566475534275,1.616369e-06
0.0,0.0,207.86525680762009,1.590059e-06
0.0,0.0,207.86482437171617,1.62168e-06
0.0,0.0,207.86440020815135,1.632172e-06
0.0,0.0,207.86398694583613,1.539302e-06
0.0,0.0,207.86357754790396,1.795415e-06
0.0,0.0,207.86315345483152,1.81036e-06
0.0,0.0,207.8627277014621,1.708657e-06
0.0,0.0,207.8623092500308,1.710156e-06
0.0,0.0,207.86190695316276,1.727967e-06
0.0,0.0,207.86149851920865,1.809196e-06
0.0,0.0,207.86108271896967,1.744556e-06
0.0,0.0,207.86066958689625,1.82369e-06
0.0,0.0,207.86024562389872,1.763387e-06
0.0,0.0,207.85981722351943,1.635985e-06
0.0,0.0,207.85942078656936,1.700027e-06
0.0,0.0,207.8589889386268,1.755106e-06
0.0,0.0,207.85856767795056,1.76458e-06
0.0,0.0,207.85816608250303,1.821376e-06
0.0,0.0,207.85772871656275,1.721724e-06
0.0,0.0,207.8573207886533,1.775843e-06
0.0,0.0,207.85690008283837,1.794309e-06
0.0,0.0,207.85648504218224,1.894237e-06
0.0,0.0,207.85609676263027,1.83536e-06
0.0,0.0,207.85566634206523,1.850669e-06
0.0,0.0,207.85522485970847,1.959663e-06
0.0,0.0,207.854781969274,1.978246e-06
0.0,0.0,207.85435283764377,1.987893e-06
0.0,0.0,207.85395336189953,2.02455e-06
0.0,0.0,207.85354990490583,1.945038e-06
0.0,0.0,207.85310532584063,1.904249e-06
0.0,0.0,207.8527082130105,1.917841e-06
0.0,0.0,207.85228211674809,2.010682e-06
0.0,0.0,207.8518799126965,2.001281e-06
0.0,0.0,207.85145983301464,2.040033e-06
0.0,0.0,207.85104138044653,2.033063e-06
0.0,0.0,207.85063757619128,1.920955e-06
0.0,0.0,207.85020277997583,1.993089e-06
0.0,0.0,207.8498148711901,2.013025e-06
0.0,0.0,207.84936871355063,2.033223e-06
0.0,0.0,207.84895372897776,1.928027e-06
0.0,0.0,207.8485663822971,1.853216e-06
0.0,0.0,207.8481404099796,1.978347e-06
0.0,0.0,207.8476961074917,1.980428e-06
0.0,0.0,207.8472972151304,2.025306e-06
0.0,0.0,207.84687319710093,1.99271e-06
0.0,0.0,207.8464330638808,1.99143e-06
0.0,0.0,207.84601743529612,2.027227e-06
0.0,0.0,207.84560029440564,1.923443e-06
0.0,0.0,207.84519252532544,1.899592e-06
0.0,0.0,207.84475371326167,1.890236e-06
0.0,0.0,207.8443296952323,1.837412e-06
0.0,0.0,207.84392307442536,1.963446e-06
0.0,0.0,207.84349771208596,1.917026e-06
0.0,0.0,207.8430836980666,1.749388e-06
0.0,0.0,207.84267645793787,1.830354e-06
0.0,0.0,207.84224596176324,1.813547e-06
0.0,0.0,207.8418375636375,1.842505e-06
0.0,0.0,207.84142111835325,1.787121e-06
0.0,0.0,207.8410335114835,1.814784e-06
0.0,0.0,207.8406138341708,1.824199e-06
0.0,0.0,207.84016705510288,1.784385e-06
0.0,0.0,207.83976806268416,1.807071e-06
0.0,0.0,207.8393444949128,1.844266e-06
0.0,0.0,207.83893623133207,1.88456e-06
0.0,0.0,207.8385136215106,1.858309e-06
0.0,0.0,207.8380974977547,1.850742e-06
0.0,0.0,207.83768139985025,1.884138e-06
0.0,0.0,207.83725848619156,1.91963e-06
0.0,0.0,207.83682799955452,1.983513e-06
0.0,0.0,207.83642762658025,1.977445e-06
0.0,0.0,207.83602278053863,1.926091e-06
0.0,0.0,207.83558163087383,1.935303e-06
0.0,0.0,207.835152908768,1.971246e-06
0.0,0.0,207.83476000946527,2.027286e-06
0.0,0.0,207.83431432552663,1.944019e-06
0.0,0.0,207.8338923904249,1.921348e-06
0.0,0.0,207.83346398484412,1.936438e-06
0.0,0.0,207.8330654486474,1.997716e-06
0.0,0.0,207.83264148064663,2.026805e-06
0.0,0.0,207.83221788563725,2.027431e-06
0.0,0.0,207.8317982907893,1.943583e-06
0.0,0.0,207.83137241268696,2.057175e-06
0.0,0.0,207.83099863981744,2.033863e-06
0.0,0.0,207.8305625022148,2.075583e-06
0.0,0.0,207.83016046520447,2.080531e-06
0.0,0.0,207.82973679737572,2.027737e-06
0.0,0.0,207.82929710840423,2.028421e-06
0.0,0.0,207.82889407506505,2.020417e-06
0.0,0.0,207.828478493074,1.978435e-06
0.0,0.0,207.82809106416923,2.006273e-06
0.0,0.0,207.8276605814011,2.047789e-06
0.0,0.0,207.8272182210605,2.089029e-06
0.0,0.0,207.8267988482881,2.143235e-06
0.0,0.0,207.8263954607557,2.143133e-06
0.0,0.0,207.82595785266892,2.131943e-06
0.0,0.0,207.82554309528584,2.120214e-06
0.0,0.0,207.82512179952911,2.120418e-06
0.0,0.0,207.8247034541156,2.180255e-06
0.0,0.0,207.8242767536496,2.174347e-06
0.0,0.0,207.8238303870324,2.123648e-06
0.0,0.0,207.82345394434668,2.120956e-06
0.0,0.0,207.82302280389436,2.047993e-06
0.0,0.0,207.82259405029583,1.9851e-06
0.0,0.0,207.82220865242377,1.966298e-06
0.0,0.0,207.821783418991,2.014363e-06
0.0,0.0,207.8213754589125,1.996523e-06
0.0,0.0,207.82094864513127,1.938592e-06
0.0,0.0,207.82054965271257,1.873079e-06
0.0,0.0,207.82013669298803,1.947235e-06
0.0,0.0,207.81971582277208,1.993831e-06
0.0,0.0,207.8192914181494,1.968365e-06
0.0,0.0,207.8188673507767,1.976427e-06
0.0,0.0,207.818426842252,1.943306e-06
0.0,0.0,207.8180390454016,1.962311e-06
0.0,0.0,207.8176180939108,2.051733e-06
0.0,0.0,207.81721115405665,1.908295e-06
0.0,0.0,207.81678573086327,1.936554e-06
0.0,0.0,207.81633751136505,1.979832e-06
0.0,0.0,207.8159517964087,1.956781e-06
0.0,0.0,207.81553259244853,1.817112e-06
0.0,0.0,207.8151130644993,1.882989e-06
0.0,0.0,207.81467482359884,1.925699e-06
0.0,0.0,207.81424069147147,1.960172e-06
0.0,0.0,207.8138100167148,1.909604e-06
0.0,0.0,207.8134076060176,1.898006e-06
0.0,0.0,207.81299948727332,1.899083e-06
0.0,0.0,207.8125852902088,1.970766e-06
0.0,0.0,207.8121779803714,1.980603e-06
0.0,0.0,207.8117428669925,1.923749e-06
0.0,0.0,207.81132807265064,1.93248e-06
0.0,0.0,207.81090932395844,1.890032e-06
0.0,0.0,207.81050392349488,1.94498e-06
0.0,0.0,207.8101038883788,1.878376e-06
0.0,0.0,207.80967310289,1.921799e-06
0.0,0.0,207.80924687076137,1.929555e-06
0.0,0.0,207.80882338559616,1.935186e-06
0.0,0.0,207.80842243173151,2.052737e-06
0.0,0.0,207.808015867367,2.02324e-06
0.0,0.0,207.8075992522265,1.95262e-06
0.0,0.0,207.8071509839512,1.991502e-06
0.0,0.0,207.80672593272513,2.12084e-06
0.0,0.0,207.8063189500347,2.216722e-06
0.0,0.0,207.80589833885327,2.026281e-06
0.0,0.0,207.80545513756985,2.018394e-06
0.0,0.0,207.80504941920563,2.058674e-06
0.0,0.0,207.8046459683992,1.933819e-06
0.0,0.0,207.80421069836325,1.931447e-06
0.0,0.0,207.80380049999,1.91768e-06
0.0,0.0,207.80338709662715,1.985609e-06
0.0,0.0,207.802948607862,2.080254e-06
0.0,0.0,207.80256120675108,2.063447e-06
0.0,0.0,207.80213597080007,2.081943e-06
0.0,0.0,207.80172768197357,2.064538e-06
0.0,0.0,207.80129673360216,2.066517e-06
0.0,0.0,207.8009030306175,2.029046e-06
0.0,0.0,207.8004698638609,2.187764e-06
0.0,0.0,207.80005434512847,2.066037e-06
0.0,0.0,207.7996487485921,1.70678e-06
0.0,0.0,207.7992229139024,1.68939e-06
0.0,0.0,207.798796677048,2.063796e-06
0.0,0.0,207.7983934667355,2.113215e-06
0.0,0.0,207.79796480164907,1.985041e-06
0.0,0.0,207.79755379961648,1.864435e-06
0.0,0.0,207.79714921060616,1.848035e-06
0.0,0.0,207.79671855125088,1.712935e-06
0.0,0.0,207.79631027096045,1.832042e-06
0.0,0.0,207.79588793569388,1.881534e-06
0.0,0.0,207.79545268370552,1.972221e-06
0.0,0.0,207.79504341820953,1.984066e-06
0.0,0.0,207.79459961274637,1.988563e-06
0.0,0.0,207.79420042021292,1.966109e-06
0.0,0.0,207.79375955235827,2.037254e-06
0.0,0.0,207.79332853576616,2.214423e-06
0.0,0.0,207.7929279679043,2.251531e-06
0.0,0.0,207.79250851835752,2.052664e-06
0.0,0.0,207.7920934080884,2.181318e-06
0.0,0.0,207.79169470666403,2.195593e-06
0.0,0.0,207.791254855026,2.154164e-06
0.0,0.0,207.7908470959287,2.162808e-06
0.0,0.0,207.79043209109673,2.164699e-06
0.0,0.0,207.79004739946603,2.15476e-06
0.0,0.0,207.78961339232356,2.162124e-06
0.0,0.0,207.7891810675723,2.154819e-06
0.0,0.0,207.7887731464804,2.081244e-06
0.0,0.0,207.7883425125821,2.109839e-06
0.0,0.0,207.7879437001702,2.15086e-06
0.0,0.0,207.78753920553007,2.155168e-06
0.0,0.0,207.7871077531036,2.184795e-06
0.0,0.0,207.78667597266752,2.171102e-06
0.0,0.0,207.78625330024207,2.332308e-06
0.0,0.0,207.78583671636792,2.352201e-06
0.0,0.0,207.7854199670456,2.279499e-06
0.0,0.0,207.78497653289267,2.092493e-06
0.0,0.0,207.78456588148148,2.104018e-06
0.0,0.0,207.784153304162,1.983935e-06
0.0,0.0,207.7837294098068,2.053974e-06
0.0,0.0,207.7833304677336,2.096422e-06
0.0,0.0,207.78288617236487,2.124594e-06
0.0,0.0,207.78248311270883,2.182642e-06
0.0,0.0,207.78208337719283,2.159897e-06
0.0,0.0,207.78164548179103,1.996043e-06
0.0,0.0,207.78124938416917,2.036526e-06
0.0,0.0,207.7808257223043,2.075903e-06
0.0,0.0,207.7804195044596,2.197441e-06
0.0,0.0,207.779993293746,2.141795e-06
0.0,0.0,207.77957951929983,2.142231e-06
0.0,0.0,207.77917266064287,2.204339e-06
0.0,0.0,207.7787440947052,2.151603e-06
0.0,0.0,207.77829959299584,2.025132e-06
0.0,0.0,207.7779145594249,2.049579e-06
0.0,0.0,207.77748738609168,2.052955e-06
0.0,0.0,207.7770741242828,2.096611e-06
0.0,0.0,207.7766679430108,2.206099e-06
0.0,0.0,207.77623243479323,2.347588e-06
0.0,0.0,207.77579965122004,2.249129e-06
0.0,0.0,207.77539724297668,2.180459e-06
0.0,0.0,207.77498169316752,2.142726e-06
0.0,0.0,207.77456642646672,2.081128e-06
0.0,0.0,207.77412021532288,2.128683e-06
0.0,0.0,207.77368692773487,2.096393e-06
0.0,0.0,207.77329130750917,1.981622e-06
0.0,0.0,207.77286446706185,2.006273e-06
0.0,0.0,207.77245239174044,1.987661e-06
0.0,0.0,207.7720391143609,1.993089e-06
0.0,0.0,207.77161509167087,1.975684e-06
0.0,0.0,207.7712160772836,1.909415e-06
0.0,0.0,207.77078249335213,1.917782e-06
0.0,0.0,207.7703853545489,1.881315e-06
0.0,0.0,207.76996981026332,1.89089e-06
0.0,0.0,207.76953887531877,1.830878e-06
0.0,0.0,207.7691347908756,1.897744e-06
0.0,0.0,207.76871077881003,1.869485e-06
0.0,0.0,207.76831183642,1.885724e-06
0.0,0.0,207.7678775971178,1.931563e-06
0.0,0.0,207.7674638556008,1.908586e-06
0.0,0.0,207.76702078435252,1.913097e-06
0.0,0.0,207.76662344977927,2.009823e-06
0.0,0.0,207.76619524757095,1.88392e-06
0.0,0.0,207.7657644129009,1.926936e-06
0.0,0.0,207.76533329607295,1.936627e-06
0.0,0.0,207.76492188174407,1.940207e-06
0.0,0.0,207.76451488129504,1.944834e-06
0.0,0.0,207.76409831847968,1.97567e-06
0.0,0.0,207.76369035312143,1.911932e-06
0.0,0.0,207.76325955280183,1.855529e-06
0.0,0.0,207.76283012695103,1.626177e-06
0.0,0.0,207.76242925534387,1.824257e-06
0.0,0.0,207.762024850264,1.829976e-06
0.0,0.0,207.7616194233168,1.788881e-06
0.0,0.0,207.76118645987728,1.834866e-06
0.0,0.0,207.7607630332261,1.787907e-06
0.0,0.0,207.76034889043396,1.806766e-06
0.0,0.0,207.75993361417449,1.813285e-06
0.0,0.0,207.75954587418067,1.825058e-06
0.0,0.0,207.75910169810143,1.798238e-06
0.0,0.0,207.75867778012932,1.757304e-06
0.0,0.0,207.75827884238447,1.768101e-06
0.0,0.0,207.75783104525084,1.77641e-06
0.0,0.0,207.75743057655137,1.691165e-06
0.0,0.0,207.75702434973215,1.671113e-06
0.0,0.0,207.75660583794289,1.69265e-06
0.0,0.0,207.7561577779969,1.805209e-06
0.0,0.0,207.7557590067649,1.679291e-06
0.0,0.0,207.75533539290717,1.690481e-06
0.0,0.0,207.7548913883759,1.722103e-06
0.0,0.0,207.75447598289568,1.623601e-06
0.0,0.0,207.75405548023943,1.61746e-06
0.0,0.0,207.75365311906728,1.641936e-06
0.0,0.0,207.75321706567115,1.55851e-06
0.0,0.0,207.75279094593532,1.531982e-06
0.0,0.0,207.7523855472635,1.680062e-06
0.0,0.0,207.75197028098447,1.741777e-06
0.0,0.0,207.75158308395703,1.729961e-06
0.0,0.0,207.75115449904675,1.74329e-06
0.0,0.0,207.75074656001908,1.673965e-06
0.0,0.0,207.7503131015628,1.558161e-06
0.0,0.0,207.74990794012209,1.586581e-06
0.0,0.0,207.74950637515263,1.69086e-06
0.0,0.0,207.7490633313163,1.744236e-06
0.0,0.0,207.7486553172401,1.62996e-06
0.0,0.0,207.7482441442174,1.565597e-06
0.0,0.0,207.74779979623105,1.615146e-06
0.0,0.0,207.74739665377209,1.690423e-06
0.0,0.0,207.7469869897784,1.788998e-06
0.0,0.0,207.74654867244377,1.830456e-06
0.0,0.0,207.74612467942865,1.889304e-06
0.0,0.0,207.74572574052516,1.726308e-06
0.0,0.0,207.74529485661117,1.642606e-06
0.0,0.0,207.74486845016804,1.562861e-06
0.0,0.0,207.74442539670395,1.648208e-06
0.0,0.0,207.74404324001645,1.638255e-06
0.0,0.0,207.74361975263167,1.749402e-06
0.0,0.0,207.74318648637788,1.800465e-06
0.0,0.0,207.74277830983343,1.882014e-06
0.0,0.0,207.74234849266384,1.662047e-06
0.0,0.0,207.741948781788,1.699911e-06
0.0,0.0,207.74154490472523,1.691704e-06
0.0,0.0,207.74110105169083,1.738517e-06
0.0,0.0,207.740715162666,1.787732e-06
0.0,0.0,207.74028140155875,1.737106e-06
0.0,0.0,207.7398668540168,1.635621e-06
0.0,0.0,207.73945415526504,1.700828e-06
0.0,0.0,207.7390443748336,1.760956e-06
0.0,0.0,207.7386406884572,1.700639e-06
0.0,0.0,207.73819688909012,1.672452e-06
0.0,0.0,207.7377983506264,1.547523e-06
0.0,0.0,207.7373747998197,1.681125e-06
0.0,0.0,207.73693520763737,1.677778e-06
0.0,0.0,207.7365523183761,1.554246e-06
0.0,0.0,207.7361285755044,1.568507e-06
0.0,0.0,207.73569473941424,1.452077e-06
0.0,0.0,207.73525559484168,1.478722e-06
0.0,0.0,207.73485543916377,1.522276e-06
0.0,0.0,207.73444220901607,1.537424e-06
0.0,0.0,207.73399887891455,1.406195e-06
0.0,0.0,207.73358388748088,1.345717e-06
0.0,0.0,207.7331551290516,1.399123e-06
0.0,0.0,207.73274706270195,1.350942e-06
0.0,0.0,207.7323188917566,1.338864e-06
0.0,0.0,207.7319130606413,1.321954e-06
0.0,0.0,207.73149425243696,1.122899e-06
0.0,0.0,207.73110350842396,1.324195e-06
0.0,0.0,207.73067372008435,1.172128e-06
0.0,0.0,207.7302514400147,1.320353e-06
0.0,0.0,207.7298350968734,1.264503e-06
0.0,0.0,207.72941763100297,1.150649e-06
0.0,0.0,207.72902477151288,1.120687e-06
0.0,0.0,207.72860052835443,1.273016e-06
0.0,0.0,207.72816901086836,1.173234e-06
0.0,0.0,207.7277606067084,1.076594e-06
0.0,0.0,207.7273297092392,1.137843e-06
0.0,0.0,207.72691104141677,1.1011e-06
0.0,0.0,207.72649102793187,9.542855e-07
0.0,0.0,207.7260820300792,1.096167e-06
0.0,0.0,207.72565828720744,1.149339e-06
0.0,0.0,207.72522196919496,1.186883e-06
0.0,0.0,207.72479545924836,1.13259e-06
0.0,0.0,207.72439187078564,1.16881e-06
0.0,0.0,207.72397688571712,1.147768e-06
0.0,0.0,207.72355633883475,1.118766e-06
0.0,0.0,207.72315360067415,1.166263e-06
0.0,0.0,207.72271759027785,1.332897e-06
0.0,0.0,207.72230954049857,1.191831e-06
0.0,0.0,207.7218866740416,1.038265e-06
0.0,0.0,207.72148339014024,1.06619e-06
0.0,0.0,207.7210829830436,9.985670000000002e-07
0.0,0.0,207.72064300423725,9.24847e-07
0.0,0.0,207.72023460606297,1.090957e-06
0.0,0.0,207.7198037031721,9.662181000000002e-07
0.0,0.0,207.71937926175573,1.032939e-06
0.0,0.0,207.71899177157815,1.192413e-06
5.0,0.0,207.99734375,2.25703e-05
5.0,0.0,207.99705865355196,-1.842476e-06
5.0,0.0,207.99696648525065,-8.712232000000001e-07
5.0,0.0,207.99687432423613,-2.836896e-07
5.0,0.0,207.99672329215767,1.4841500000000002e-07
5.0,0.0,207.99653093914569,4.6960490000000006e-07
5.0,0.0,207.9963036530737,7.191702e-07
5.0,0.0,207.9960490992302,9.139330000000001e-07
5.0,0.0,207.995747265705,9.656942e-07
5.0,0.0,207.99539404799225,1.078995e-06
5.0,0.0,207.9949905842632,9.826326e-07
5.0,0.0,207.994559804133,1.039603e-06
5.0,0.0,207.9941366211169,1.071108e-06
5.0,0.0,207.9936937840748,1.306689e-06
5.0,0.0,207.9932904540049,1.406297e-06
5.0,0.0,207.99288653709172,1.265566e-06
5.0,0.0,207.99246256942405,1.264285e-06
5.0,0.0,207.99202087560047,1.271372e-06
5.0,0.0,207.99163561467668,1.386259e-06
5.0,0.0,207.99120179610424,1.464854e-06
5.0,0.0,207.9908143327792,1.459834e-06
5.0,0.0,207.99038893549772,1.427223e-06
5.0,0.0,207.9899693380333,1.427034e-06
5.0,0.0,207.9895497824388,1.544351e-06
5.0,0.0,207.98912415023224,1.562192e-06
5.0,0.0,207.98873637635597,1.543536e-06
5.0,0.0,207.98829813305937,1.479319e-06
5.0,0.0,207.98787419745003,1.385866e-06
5.0,0.0,207.98747485220437,1.532084e-06
5.0,0.0,207.98703943873235,1.439214e-06
5.0,0.0,207.9866156033076,1.548629e-06
5.0,0.0,207.9862054444743,1.578519e-06
5.0,0.0,207.9857873237772,1.5689e-06
5.0,0.0,207.9853669483865,1.511668e-06
5.0,0.0,207.9849361990996,1.448701e-06
5.0,0.0,207.98452842560323,1.504945e-06
5.0,0.0,207.98409871965492,1.518929e-06
5.0,0.0,207.98367460583856,1.495879e-06
5.0,0.0,207.98327592698257,1.461813e-06
5.0,0.0,207.9828519721459,1.451801e-06
5.0,0.0,207.98243514027027,1.451393e-06
5.0,0.0,207.98201249999343,1.520122e-06
5.0,0.0,207.98158254604488,1.539738e-06
5.0,0.0,207.98119123123527,1.533379e-06
5.0,0.0,207.9807755880979,1.494322e-06
5.0,0.0,207.9803574588876,1.465494e-06
5.0,0.0,207.9799495342025,1.466949e-06
5.0,0.0,207.9795115364628,1.435285e-06
5.0,0.0,207.97911074308212,1.431792e-06
5.0,0.0,207.9786991465024,1.407636e-06
5.0,0.0,207.97825584543205,1.355409e-06
5.0,0.0,207.97786227441887,1.379667e-06
5.0,0.0,207.97744203684647,1.417968e-06
5.0,0.0,207.977010222369,1.419263e-06
5.0,0.0,207.97659481799707,1.44697e-06
5.0,0.0,207.9761792148388,1.449705e-06
5.0,0.0,207.9757720744213,1.447697e-06
5.0,0.0,207.9753707974354,1.374516e-06
5.0,0.0,207.97494028689687,1.413791e-06
5.0,0.0,207.97450093085487,1.432796e-06
5.0,0.0,207.97405580670633,1.456254e-06
5.0,0.0,207.97363216059443,1.433073e-06
5.0,0.0,207.97322952986408,1.427325e-06
5.0,0.0,207.97282949022855,1.458291e-06
5.0,0.0,207.97238201820733,1.410983e-06
5.0,0.0,207.97199348219056,1.535373e-06
5.0,0.0,207.97155976232736,1.49566e-06
5.0,0.0,207.97115494994063,1.467037e-06
5.0,0.0,207.9707374832589,1.499473e-06
5.0,0.0,207.97036042579052,1.529494e-06
5.0,0.0,207.9699152465496,1.551452e-06
5.0,0.0,207.96947779990148,1.542663e-06
5.0,0.0,207.96909221279276,1.512482e-06
5.0,0.0,207.96864877665817,1.505497e-06
5.0,0.0,207.96825370659067,1.687018e-06
5.0,0.0,207.96784578465923,1.766952e-06
5.0,0.0,207.96741472495728,1.67395e-06
5.0,0.0,207.96697290405388,1.672423e-06
5.0,0.0,207.9665563627591,1.664041e-06
5.0,0.0,207.96615654719167,1.740482e-06
5.0,0.0,207.96571352850304,1.620443e-06
5.0,0.0,207.96529809752397,1.623499e-06
5.0,0.0,207.96487588214083,1.547844e-06
5.0,0.0,207.9644680460902,1.576132e-06
5.0,0.0,207.96403748282793,1.540524e-06
5.0,0.0,207.96360990873916,1.562061e-06
5.0,0.0,207.96322250100167,1.618915e-06
5.0,0.0,207.9628072657891,1.540087e-06
5.0,0.0,207.96236234592948,1.554916e-06
5.0,0.0,207.96196352264724,1.538036e-06
5.0,0.0,207.96153988579675,1.556778e-06
5.0,0.0,207.96113660752343,1.525012e-06
5.0,0.0,207.96070297234792,1.506502e-06
5.0,0.0,207.96029308841207,1.470413e-06
5.0,0.0,207.9598893781119,1.521606e-06
5.0,0.0,207.9594586561536,1.595283e-06
5.0,0.0,207.9590506228916,1.61663e-06
5.0,0.0,207.95862588037792,1.627821e-06
5.0,0.0,207.9582239752661,1.60448e-06
5.0,0.0,207.95782298065728,1.612716e-06
5.0,0.0,207.9573760390153,1.603534e-06
5.0,0.0,207.9569649085153,1.596389e-06
5.0,0.0,207.95655305954537,1.637556e-06
5.0,0.0,207.9561056264288,1.52213e-06
5.0,0.0,207.9557055211069,1.550725e-06
5.0,0.0,207.95530231245849,1.555061e-06
5.0,0.0,207.95487912575155,1.620298e-06
5.0,0.0,207.95443390089247,1.598906e-06
5.0,0.0,207.95400993289175,1.605484e-06
5.0,0.0,207.95356654913567,1.51468e-06
5.0,0.0,207.9531698907692,1.509965e-06
5.0,0.0,207.95275414368345,1.518143e-06
5.0,0.0,207.95236080636928,1.461754e-06
5.0,0.0,207.95193177282457,1.51711e-06
5.0,0.0,207.95150862924612,1.508932e-06
5.0,0.0,207.95109305865256,1.501321e-06
5.0,0.0,207.95067741303265,1.501758e-06
5.0,0.0,207.95029011789185,1.54422e-06
5.0,0.0,207.94984671743265,1.475753e-06
5.0,0.0,207.9494512034328,1.458771e-06
5.0,0.0,207.94902402787025,1.524197e-06
5.0,0.0,207.9485783031112,1.537977e-06
5.0,0.0,207.94820112178004,1.551482e-06
5.0,0.0,207.94777009150567,1.513006e-06
5.0,0.0,207.94735264613252,1.484528e-06
5.0,0.0,207.94692206179823,1.392182e-06
5.0,0.0,207.9465138201856,1.430031e-06
5.0,0.0,207.9460827847793,1.448425e-06
5.0,0.0,207.9456647742265,1.389941e-06
5.0,0.0,207.94524338491672,1.276523e-06
5.0,0.0,207.94483351043976,1.411958e-06
5.0,0.0,207.9444048331717,1.311972e-06
5.0,0.0,207.9439739584428,1.173321e-06
5.0,0.0,207.9435660556,1.195483e-06
5.0,0.0,207.94314468118796,1.386798e-06
5.0,0.0,207.94272976381805,1.295586e-06
5.0,0.0,207.94234277893565,1.220964e-06
5.0,0.0,207.94189401226947,1.305685e-06
5.0,0.0,207.94149086882695,1.138353e-06
5.0,0.0,207.94107132820676,1.1019e-06
5.0,0.0,207.9406260388274,1.178225e-06
5.0,0.0,207.94024902186408,1.239954e-06
5.0,0.0,207.9398230001379,1.183987e-06
5.0,0.0,207.9394126766339,1.194028e-06
5.0,0.0,207.93898831431443,1.172317e-06
5.0,0.0,207.93855757139,1.294276e-06
5.0,0.0,207.93815478200855,1.333945e-06
5.0,0.0,207.9377457136114,1.396227e-06
5.0,0.0,207.9373098853992,1.265988e-06
5.0,0.0,207.93692457814987,1.1558e-06
5.0,0.0,207.93648376690803,1.269917e-06
5.0,0.0,207.93608519639287,1.099572e-06
5.0,0.0,207.93564117539563,1.05433e-06
5.0,0.0,207.9352255457007,1.074863e-06
5.0,0.0,207.93481027695503,1.091743e-06
5.0,0.0,207.93436506113696,1.162131e-06
5.0,0.0,207.93394578314445,1.19688e-06
5.0,0.0,207.9335424259039,1.166831e-06
5.0,0.0,207.93309341569503,1.14803e-06
5.0,0.0,207.93269481508875,1.242384e-06
5.0,0.0,207.9322908930095,1.269e-06
5.0,0.0,207.9318693278059,1.2979e-06
5.0,0.0,207.93146123822,1.168024e-06
5.0,0.0,207.9310303634911,1.343637e-06
5.0,0.0,207.93062490719856,1.102133e-06
5.0,0.0,207.93021251937745,1.101536e-06
5.0,0.0,207.929783159938,1.419248e-06
5.0,0.0,207.92937852909375,1.329987e-06
5.0,0.0,207.92895476452327,1.286375e-06
5.0,0.0,207.9285559748676,1.061329e-06
5.0,0.0,207.92810878496,1.181383e-06
5.0,0.0,207.92769365694417,1.22271e-06
5.0,0.0,207.92730635773367,9.835785000000001e-07
5.0,0.0,207.9268822081036,1.240871e-06
5.0,0.0,207.92645133104165,1.358858e-06
5.0,0.0,207.9260134735724,1.220862e-06
5.0,0.0,207.9256128011248,1.23831e-06
5.0,0.0,207.92519073596833,1.225082e-06
5.0,0.0,207.9247582167524,1.155306e-06
5.0,0.0,207.9243430524405,1.13828e-06
5.0,0.0,207.9239348324364,1.096749e-06
5.0,0.0,207.92350379115308,1.007371e-06
5.0,0.0,207.92307441552575,1.126653e-06
5.0,0.0,207.92267987406225,1.119435e-06
5.0,0.0,207.92224719339245,9.819341000000001e-07
5.0,0.0,207.92186827203233,1.014181e-06
5.0,0.0,207.92142416389385,9.463402000000001e-07
5.0,0.0,207.92099486946023,1.033724e-06
5.0,0.0,207.92060125332404,1.025634e-06
5.0,0.0,207.9201591224821,8.600618e-07
5.0,0.0,207.91975369271657,7.895723999999999e-07
5.0,0.0,207.91935377821963,8.502248000000001e-07
5.0,0.0,207.91892314472943,1.088527e-06
5.0,0.0,207.91851505884344,9.770738000000002e-07
5.0,0.0,207.9180832275032,8.714851000000001e-07
5.0,0.0,207.91767623639188,8.311908e-07
5.0,0.0,207.9172793204292,6.920163000000002e-07
5.0,0.0,207.91683633278856,5.991897e-07
5.0,0.0,207.91642256823,6.365881e-07
5.0,0.0,207.91601421606256,6.788323e-07
5.0,0.0,207.9155675694749,5.499314e-07
5.0,0.0,207.9151656587692,6.443879000000001e-07
5.0,0.0,207.91475843479887,7.134804000000001e-07
5.0,0.0,207.9143430261971,8.379429e-07
5.0,0.0,207.9138942300393,8.664792e-07
5.0,0.0,207.91345894803848,8.953502000000001e-07
5.0,0.0,207.91307170030143,7.632187999999999e-07
5.0,0.0,207.91262636284364,7.656781000000001e-07
5.0,0.0,207.91221112763108,7.402413999999999e-07
5.0,0.0,207.91182380327493,7.567141000000001e-07
5.0,0.0,207.91137712956993,7.797789e-07
5.0,0.0,207.91098878722508,7.701455999999999e-07
5.0,0.0,207.91055444430816,7.647614e-07
5.0,0.0,207.910150092648,8.098140999999999e-07
5.0,0.0,207.90973209019663,7.88641e-07
5.0,0.0,207.90931133841715,9.482028000000001e-07
5.0,0.0,207.90890923423623,8.886127e-07
5.0,0.0,207.9084725133364,8.298957e-07
5.0,0.0,207.90806413075637,7.786584e-07
5.0,0.0,207.9076422008558,8.201895999999999e-07
5.0,0.0,207.90722696030096,8.669886e-07
5.0,0.0,207.9067947919983,8.508067999999999e-07
5.0,0.0,207.90639112879165,9.847281000000002e-07
5.0,0.0,207.90596713577656,9.320356000000001e-07
5.0,0.0,207.90552531679876,1.00286e-06
5.0,0.0,207.90509453365308,9.517244e-07
5.0,0.0,207.90469568799625,1.056062e-06
5.0,0.0,207.9042914379894,1.08745e-06
5.0,0.0,207.90384762683047,9.729847e-07
5.0,0.0,207.90346216821203,1.040447e-06
5.0,0.0,207.90302511839883,1.127133e-06
5.0,0.0,207.90262330028,1.139619e-06
5.0,0.0,207.90218650667785,1.092732e-06
5.0,0.0,207.90178397212105,1.132037e-06
5.0,0.0,207.90137935197257,1.235036e-06
5.0,0.0,207.90094510199097,1.239561e-06
5.0,0.0,207.90053674172,1.209046e-06
5.0,0.0,207.9001083585441,1.20567e-06
5.0,0.0,207.89969278317963,1.369539e-06
5.0,0.0,207.89930532648117,1.38655e-06
5.0,0.0,207.89888163723873,1.374079e-06
5.0,0.0,207.89846302776937,1.392531e-06
5.0,0.0,207.89803826549587,1.427994e-06
5.0,0.0,207.8975898381764,1.495078e-06
5.0,0.0,207.8972045499986,1.500521e-06
5.0,0.0,207.89678626879808,1.28166e-06
5.0,0.0,207.89636609584363,1.299151e-06
5.0,0.0,207.89595800474916,1.278808e-06
5.0,0.0,207.89552721803736,1.295077e-06
5.0,0.0,207.89509735768848,1.280016e-06
5.0,0.0,207.89465420499295,1.33444e-06
5.0,0.0,207.89425812756528,1.394146e-06
5.0,0.0,207.89385059379188,1.2401e-06
5.0,0.0,207.89341907414635,1.302484e-06
5.0,0.0,207.8929773629858,1.308814e-06
5.0,0.0,207.8925801152532,1.294145e-06
5.0,0.0,207.8921619545652,1.301189e-06
5.0,0.0,207.8917413988616,1.35359e-06
5.0,0.0,207.89133135971187,1.340712e-06
5.0,0.0,207.89091873422123,1.325359e-06
5.0,0.0,207.8905099905496,1.313398e-06
5.0,0.0,207.89006392790353,1.364067e-06
5.0,0.0,207.88967868640148,1.402455e-06
5.0,0.0,207.8892542912803,1.469627e-06
5.0,0.0,207.8888394733094,1.425738e-06
5.0,0.0,207.8884319371255,1.420558e-06
5.0,0.0,207.888001105868,1.421577e-06
5.0,0.0,207.88759299555096,1.468099e-06
5.0,0.0,207.8871774470832,1.423643e-06
5.0,0.0,207.88674518783003,1.338602e-06
5.0,0.0,207.8863189135796,1.492488e-06
5.0,0.0,207.88589234457743,1.530309e-06
5.0,0.0,207.88548409818767,1.512963e-06
5.0,0.0,207.88505342574317,1.566907e-06
5.0,0.0,207.88462936168943,1.579887e-06
5.0,0.0,207.88421484388368,1.594788e-06
5.0,0.0,207.88380324620937,1.542241e-06
5.0,0.0,207.88337967333104,1.613764e-06
5.0,0.0,207.8829809328901,1.613167e-06
5.0,0.0,207.88253783441507,1.684923e-06
5.0,0.0,207.88213350546332,1.793625e-06
5.0,0.0,207.88172261924908,1.726832e-06
5.0,0.0,207.88131056504272,1.791166e-06
5.0,0.0,207.88090567968027,1.727705e-06
5.0,0.0,207.8804630602488,1.70937e-06
5.0,0.0,207.8800670391508,1.702967e-06
5.0,0.0,207.87964589444823,1.774126e-06
5.0,0.0,207.87922835063807,1.726061e-06
5.0,0.0,207.87881787017213,1.774068e-06
5.0,0.0,207.87839410170227,1.700668e-06
5.0,0.0,207.87796994577135,1.662658e-06
5.0,0.0,207.87755053821243,1.707158e-06
5.0,0.0,207.8771254989429,1.70563e-06
5.0,0.0,207.87672365674047,1.706314e-06
5.0,0.0,207.8763226726876,1.705746e-06
5.0,0.0,207.87587595063064,1.646913e-06
5.0,0.0,207.8754876201484,1.643013e-06
5.0,0.0,207.87505336662747,1.620792e-06
5.0,0.0,207.87460569235128,1.644992e-06
5.0,0.0,207.874190478306,1.572465e-06
5.0,0.0,207.87377490476632,1.606983e-06
5.0,0.0,207.8733765472757,1.64166e-06
5.0,0.0,207.8729339039894,1.59796e-06
5.0,0.0,207.87251033605725,1.604916e-06
5.0,0.0,207.87210958861309,1.576977e-06
5.0,0.0,207.8716695877569,1.61794e-06
5.0,0.0,207.8712629172881,1.594948e-06
5.0,0.0,207.87086194928207,1.619759e-06
5.0,0.0,207.87044487888008,1.684981e-06
5.0,0.0,207.8700231491761,1.653461e-06
5.0,0.0,207.86959241331425,1.63939e-06
5.0,0.0,207.86920445541904,1.634529e-06
5.0,0.0,207.8687891513658,1.625609e-06
5.0,0.0,207.86838714070703,1.582681e-06
5.0,0.0,207.86794687897637,1.646578e-06
5.0,0.0,207.86750689838053,1.649285e-06
5.0,0.0,207.86709944572172,1.656052e-06
5.0,0.0,207.86668458420567,1.660825e-06
5.0,0.0,207.8662692058053,1.725377e-06
5.0,0.0,207.86582949819856,1.742403e-06
5.0,0.0,207.86542910558003,1.696535e-06
5.0,0.0,207.86500491245025,1.755005e-06
5.0,0.0,207.86455954003188,1.771914e-06
5.0,0.0,207.86415717656345,1.797307e-06
5.0,0.0,207.86374864878167,1.854147e-06
5.0,0.0,207.86333327460017,1.817316e-06
5.0,0.0,207.86292044136556,1.858527e-06
5.0,0.0,207.86248695894585,1.938097e-06
5.0,0.0,207.86206824028753,1.975452e-06
5.0,0.0,207.8616722238624,1.922075e-06
5.0,0.0,207.86124994166897,1.89498e-06
5.0,0.0,207.86084155225427,1.841647e-06
5.0,0.0,207.86041118144445,1.816385e-06
5.0,0.0,207.85998969373313,1.862209e-06
5.0,0.0,207.8595720619072,1.74818e-06
5.0,0.0,207.85915213933305,1.715438e-06
5.0,0.0,207.85876431921,1.735461e-06
5.0,0.0,207.85834801407685,1.796972e-06
5.0,0.0,207.85789984711263,1.854816e-06
5.0,0.0,207.85750093195117,1.809109e-06
5.0,0.0,207.85707696770004,1.818567e-06
5.0,0.0,207.85667035999177,1.883076e-06
5.0,0.0,207.85624405941263,1.972046e-06
5.0,0.0,207.85582882155765,1.984678e-06
5.0,0.0,207.8554170599153,1.919005e-06
5.0,0.0,207.85499280438825,1.753404e-06
5.0,0.0,207.85455889167153,1.882567e-06
5.0,0.0,207.85413514382333,1.890119e-06
5.0,0.0,207.85369670064136,1.78456e-06
5.0,0.0,207.8532873628843,1.878274e-06
5.0,0.0,207.8528847278293,1.862063e-06
5.0,0.0,207.8524539395284,1.839609e-06
5.0,0.0,207.85204596802924,1.847162e-06
5.0,0.0,207.85162024722604,1.815468e-06
5.0,0.0,207.8512073685948,1.784341e-06
5.0,0.0,207.8508170431841,1.810491e-06
5.0,0.0,207.850370675616,1.851513e-06
5.0,0.0,207.84997165527028,1.832028e-06
5.0,0.0,207.84952894108497,1.880369e-06
5.0,0.0,207.84914331581956,1.885695e-06
5.0,0.0,207.8487111158284,1.777749e-06
5.0,0.0,207.8482956794328,1.837805e-06
5.0,0.0,207.84789224517684,1.822831e-06
5.0,0.0,207.84746595569635,1.784676e-06
5.0,0.0,207.84702935958245,1.707696e-06
5.0,0.0,207.84660572119589,1.551147e-06
5.0,0.0,207.8462069821832,1.602602e-06
5.0,0.0,207.84577656462088,1.824126e-06
5.0,0.0,207.84535788033247,1.862514e-06
5.0,0.0,207.8449410210666,1.884444e-06
5.0,0.0,207.84451914853557,1.902328e-06
5.0,0.0,207.84408792032505,1.91493e-06
5.0,0.0,207.84368064256316,1.912005e-06
5.0,0.0,207.84326541016364,1.953667e-06
5.0,0.0,207.8428411023484,1.869368e-06
5.0,0.0,207.84242595776936,1.93296e-06
5.0,0.0,207.8420022610128,1.949666e-06
5.0,0.0,207.8415731195128,1.859138e-06
5.0,0.0,207.84117866629728,1.963781e-06
5.0,0.0,207.84077158430136,1.956563e-06
5.0,0.0,207.8403701744988,1.991852e-06
5.0,0.0,207.8399393431773,1.98769e-06
5.0,0.0,207.839515570762,2.016037e-06
5.0,0.0,207.83910187568316,2.010958e-06
5.0,0.0,207.83867707604423,2.008819e-06
5.0,0.0,207.83829896567428,2.006505e-06
5.0,0.0,207.83785482172595,1.970839e-06
5.0,0.0,207.83742318171684,1.925786e-06
5.0,0.0,207.8370323809078,1.972134e-06
5.0,0.0,207.8365843348024,2.017696e-06
5.0,0.0,207.836166833879,2.02356e-06
5.0,0.0,207.83577920379128,1.969922e-06
5.0,0.0,207.8353604234136,2.028071e-06
5.0,0.0,207.83491284703993,2.048051e-06
5.0,0.0,207.83447548054167,1.89105e-06
5.0,0.0,207.83406710133207,2.00163e-06
5.0,0.0,207.8336457487735,2.047425e-06
5.0,0.0,207.8332240833413,2.05879e-06
5.0,0.0,207.83280616276832,1.997963e-06
5.0,0.0,207.83240222953015,1.967244e-06
5.0,0.0,207.8319713894384,1.985914e-06
5.0,0.0,207.8315634698777,2.066896e-06
5.0,0.0,207.83114158232553,2.002824e-06
5.0,0.0,207.83072487198504,1.996945e-06
5.0,0.0,207.8303385714297,2.055662e-06
5.0,0.0,207.82989049591703,2.151224e-06
5.0,0.0,207.8294914344192,2.071087e-06
5.0,0.0,207.82904715086136,2.050103e-06
5.0,0.0,207.8286619724427,1.984852e-06
5.0,0.0,207.82823389178756,1.98948e-06
5.0,0.0,207.8278187370444,1.984954e-06
5.0,0.0,207.82740907967653,1.953929e-06
5.0,0.0,207.8269839167354,1.940964e-06
5.0,0.0,207.82654894013183,1.948865e-06
5.0,0.0,207.8261249023088,1.90227e-06
5.0,0.0,207.8257140924004,1.929337e-06
5.0,0.0,207.82529770752643,2.023793e-06
5.0,0.0,207.82487547653292,2.038447e-06
5.0,0.0,207.82444461981063,1.951877e-06
5.0,0.0,207.8240367390724,2.029468e-06
5.0,0.0,207.82360865592435,1.973618e-06
5.0,0.0,207.82319793517573,1.937995e-06
5.0,0.0,207.82280604076809,1.915629e-06
5.0,0.0,207.82236102383624,1.888024e-06
5.0,0.0,207.82196235388147,1.904555e-06
5.0,0.0,207.8215206205331,1.805092e-06
5.0,0.0,207.8211355187932,1.813794e-06
5.0,0.0,207.8207014204281,1.751469e-06
5.0,0.0,207.820286235701,1.749242e-06
5.0,0.0,207.81988476603817,1.745371e-06
5.0,0.0,207.81945805656227,1.781271e-06
5.0,0.0,207.8190329697624,1.804088e-06
5.0,0.0,207.8186253898056,1.886845e-06
5.0,0.0,207.81819835780607,1.848675e-06
5.0,0.0,207.81778076500103,1.909124e-06
5.0,0.0,207.81737582339548,1.958222e-06
5.0,0.0,207.81694241330723,1.967448e-06
5.0,0.0,207.81653430769188,2.048371e-06
5.0,0.0,207.8161059723269,2.090368e-06
5.0,0.0,207.81570608283275,2.13497e-06
5.0,0.0,207.81530298922496,2.058645e-06
5.0,0.0,207.81485812181688,2.044646e-06
5.0,0.0,207.81443425387343,2.016459e-06
5.0,0.0,207.81399524230233,2.005661e-06
5.0,0.0,207.81356683203296,1.951819e-06
5.0,0.0,207.81317001130665,1.969282e-06
5.0,0.0,207.81275443133697,1.931898e-06
5.0,0.0,207.81231694982856,1.94677e-06
5.0,0.0,207.81191528158624,1.939989e-06
5.0,0.0,207.81150840892784,1.957989e-06
5.0,0.0,207.81109267304825,1.942055e-06
5.0,0.0,207.810649198064,1.92126e-06
5.0,0.0,207.8102698377261,1.97372e-06
5.0,0.0,207.80984581969673,1.985463e-06
5.0,0.0,207.8094299025024,1.979497e-06
5.0,0.0,207.8090068526828,1.950117e-06
5.0,0.0,207.80857780514327,1.833541e-06
5.0,0.0,207.80818511431127,1.949331e-06
5.0,0.0,207.80776995827523,1.935055e-06
5.0,0.0,207.8073297272684,1.960492e-06
5.0,0.0,207.80692927859087,2.044326e-06
5.0,0.0,207.80650550866443,2.097106e-06
5.0,0.0,207.8060598600628,2.151501e-06
5.0,0.0,207.8056370035455,2.031476e-06
5.0,0.0,207.80523393843205,1.900757e-06
5.0,0.0,207.80483399927633,1.972134e-06
5.0,0.0,207.8043859892742,2.023386e-06
5.0,0.0,207.80396158155207,2.137356e-06
5.0,0.0,207.80356263990416,2.064306e-06
5.0,0.0,207.80311577947109,2.033674e-06
5.0,0.0,207.8027263064729,2.085479e-06
5.0,0.0,207.802312685194,1.879336e-06
5.0,0.0,207.80188747605268,2.016051e-06
5.0,0.0,207.80147949705847,2.016415e-06
5.0,0.0,207.801048903744,1.988868e-06
5.0,0.0,207.80064562670736,2.025467e-06
5.0,0.0,207.8002362602748,1.906563e-06
5.0,0.0,207.79980256021287,1.995955e-06
5.0,0.0,207.79939939868856,1.92305e-06
5.0,0.0,207.7989756765418,2.004046e-06
5.0,0.0,207.79853811857828,2.038811e-06
5.0,0.0,207.7981317722771,2.041299e-06
5.0,0.0,207.79771633925867,2.171728e-06
5.0,0.0,207.79732851786383,2.046829e-06
5.0,0.0,207.79690056643443,2.069195e-06
5.0,0.0,207.7964695298298,2.030574e-06
5.0,0.0,207.79606163490035,2.02356e-06
5.0,0.0,207.795639221539,2.045927e-06
5.0,0.0,207.7951961468036,2.025612e-06
5.0,0.0,207.79478073820172,2.007451e-06
5.0,0.0,207.79438064750536,1.97484e-06
5.0,0.0,207.7939533469041,2.040193e-06
5.0,0.0,207.7935156608307,2.061934e-06
5.0,0.0,207.79309196803013,2.254543e-06
5.0,0.0,207.79268434687313,2.185305e-06
5.0,0.0,207.79226148748583,2.154426e-06
5.0,0.0,207.79184595643855,2.190689e-06
5.0,0.0,207.7914475039441,2.283021e-06
5.0,0.0,207.79101432296943,2.276371e-06
5.0,0.0,207.7906004433746,2.034882e-06
5.0,0.0,207.79020058148777,1.950059e-06
5.0,0.0,207.7897968753608,2.093497e-06
5.0,0.0,207.78937467758433,2.224537e-06
5.0,0.0,207.78895654448647,2.225977e-06
5.0,0.0,207.78853591985668,2.137429e-06
5.0,0.0,207.7881078872153,2.052737e-06
5.0,0.0,207.78769731813185,2.11841e-06
5.0,0.0,207.78727720898053,2.098735e-06
5.0,0.0,207.78685845019976,2.189277e-06
5.0,0.0,207.78642770649077,2.114946e-06
5.0,0.0,207.78601967162217,2.10393e-06
5.0,0.0,207.78558876491616,1.749941e-06
5.0,0.0,207.78517213731348,1.971363e-06
5.0,0.0,207.78474971506205,2.096422e-06
5.0,0.0,207.78434099321103,1.981898e-06
5.0,0.0,207.78391057279768,1.942622e-06
5.0,0.0,207.78348938447593,1.920431e-06
5.0,0.0,207.78307194561424,2.029206e-06
5.0,0.0,207.78265155759033,2.054352e-06
5.0,0.0,207.78226390124104,1.85096e-06
5.0,0.0,207.7818231488032,1.988927e-06
5.0,0.0,207.7814315855777,2.010696e-06
5.0,0.0,207.78100010737683,1.999826e-06
5.0,0.0,207.78055842909984,1.966881e-06
5.0,0.0,207.7801593316004,2.067361e-06
5.0,0.0,207.77974378891787,2.032088e-06
5.0,0.0,207.77935330192332,2.040601e-06
5.0,0.0,207.77892347728485,2.014902e-06
5.0,0.0,207.77849287001732,2.156477e-06
5.0,0.0,207.77808476853457,1.976936e-06
5.0,0.0,207.77766747517376,1.943496e-06
5.0,0.0,207.77724588975912,1.987413e-06
5.0,0.0,207.77686087951457,1.956723e-06
5.0,0.0,207.77641394950476,1.918947e-06
5.0,0.0,207.7759766874426,2.025059e-06
5.0,0.0,207.77559089492368,1.923559e-06
5.0,0.0,207.7751471338738,1.91819e-06
5.0,0.0,207.77473158630312,2.004221e-06
5.0,0.0,207.7742942905652,2.019282e-06
5.0,0.0,207.77387027253573,1.946275e-06
5.0,0.0,207.77347135516004,1.855544e-06
5.0,0.0,207.77302876459987,1.904977e-06
5.0,0.0,207.77259918744903,1.870911e-06
5.0,0.0,207.7722116720373,1.865075e-06
5.0,0.0,207.7717965722928,1.815555e-06
5.0,0.0,207.77139266467495,1.845052e-06
5.0,0.0,207.7709664815523,1.858061e-06
5.0,0.0,207.7705586020504,1.767155e-06
5.0,0.0,207.77013568831768,1.881548e-06
5.0,0.0,207.7697200070014,1.895023e-06
5.0,0.0,207.76930898935916,1.874345e-06
5.0,0.0,207.7688853664244,1.913533e-06
5.0,0.0,207.7684864550126,1.811626e-06
5.0,0.0,207.7680425559172,1.829147e-06
5.0,0.0,207.76761547087025,1.894732e-06
5.0,0.0,207.7672275912142,1.794353e-06
5.0,0.0,207.76681214819203,1.868117e-06
5.0,0.0,207.76636634527597,1.858964e-06
5.0,0.0,207.7659336843379,1.831417e-06
5.0,0.0,207.7655438868717,1.86314e-06
5.0,0.0,207.7650949356209,1.933557e-06
5.0,0.0,207.76467956140803,1.893233e-06
5.0,0.0,207.76427233188068,1.831431e-06
5.0,0.0,207.7638706494525,1.79997e-06
5.0,0.0,207.76342477705808,1.917389e-06
5.0,0.0,207.76302593472536,1.925364e-06
5.0,0.0,207.76260186666727,1.858687e-06
5.0,0.0,207.76215955363344,1.789493e-06
5.0,0.0,207.7617790578771,1.843044e-06
5.0,0.0,207.76135497492135,1.903245e-06
5.0,0.0,207.76092312372555,1.853667e-06
5.0,0.0,207.76053219886117,1.824257e-06
5.0,0.0,207.76010821625047,1.83472e-06
5.0,0.0,207.75966622395376,1.903391e-06
5.0,0.0,207.75928499085424,1.801818e-06
5.0,0.0,207.75886129344903,1.815191e-06
5.0,0.0,207.75844270589135,1.825611e-06
5.0,0.0,207.75802075698087,1.751454e-06
5.0,0.0,207.7575899677913,1.77529e-06
5.0,0.0,207.75719047207104,1.753171e-06
5.0,0.0,207.75678583488832,1.739754e-06
5.0,0.0,207.7563427611985,1.830747e-06
5.0,0.0,207.75594793239927,1.824839e-06
5.0,0.0,207.75552015694367,1.795823e-06
5.0,0.0,207.7550732849309,1.812732e-06
5.0,0.0,207.75465322229047,1.796448e-06
5.0,0.0,207.75423809320287,1.776163e-06
5.0,0.0,207.75380389613497,1.741835e-06
5.0,0.0,207.753401193812,1.795488e-06
5.0,0.0,207.75297733046213,1.801076e-06
5.0,0.0,207.75257843846603,1.727865e-06
5.0,0.0,207.75213338948157,1.812761e-06
5.0,0.0,207.75173042705623,1.858978e-06
5.0,0.0,207.75133006622764,1.783977e-06
5.0,0.0,207.7509014281176,1.849767e-06
5.0,0.0,207.75049347947123,1.821667e-06
5.0,0.0,207.750062801407,1.731096e-06
5.0,0.0,207.74966096942407,1.747234e-06
5.0,0.0,207.74925316881408,1.740496e-06
5.0,0.0,207.74881646262648,1.892244e-06
5.0,0.0,207.74841499581296,1.907771e-06
5.0,0.0,207.7479778423236,1.913737e-06
5.0,0.0,207.74759226222207,1.912616e-06
5.0,0.0,207.74714877082437,1.885419e-06
5.0,0.0,207.74673350119144,1.845532e-06
5.0,0.0,207.74631823223493,1.818349e-06
5.0,0.0,207.7458717852258,1.849068e-06
5.0,0.0,207.74547279743337,1.668232e-06
5.0,0.0,207.7450299407224,1.567896e-06
5.0,0.0,207.74460049087415,1.520879e-06
5.0,0.0,207.74421300322092,1.511973e-06
5.0,0.0,207.74379801589907,1.50087e-06
5.0,0.0,207.743393618405,1.553723e-06
5.0,0.0,207.74295484979007,1.539855e-06
5.0,0.0,207.74251407651124,1.59569e-06
5.0,0.0,207.74212885655416,1.563589e-06
5.0,0.0,207.74169389066267,1.527544e-06
5.0,0.0,207.74130611895168,1.517998e-06
5.0,0.0,207.74088228562053,1.563531e-06
5.0,0.0,207.74046324949904,1.449982e-06
5.0,0.0,207.74004321193013,1.446664e-06
5.0,0.0,207.73961671806595,1.474968e-06
5.0,0.0,207.73922894360032,1.539884e-06
5.0,0.0,207.73881395190523,1.502849e-06
5.0,0.0,207.73836768803096,1.460372e-06
5.0,0.0,207.73796845143275,1.507025e-06
5.0,0.0,207.73752598292995,1.574939e-06
5.0,0.0,207.7371403086277,1.567503e-06
5.0,0.0,207.73670733041297,1.454246e-06
5.0,0.0,207.73629178284227,1.460634e-06
5.0,0.0,207.735888951611,1.440902e-06
5.0,0.0,207.73546238358057,1.411347e-06
5.0,0.0,207.73502525078007,1.358858e-06
5.0,0.0,207.73457808028476,1.470384e-06
5.0,0.0,207.7341593284006,1.393972e-06
5.0,0.0,207.73375403240928,1.361012e-06
5.0,0.0,207.7333540101592,1.437627e-06
5.0,0.0,207.7329233342259,1.304084e-06
5.0,0.0,207.73251515910064,1.278429e-06
5.0,0.0,207.732083312772,1.384062e-06
5.0,0.0,207.7316763139088,1.377353e-06
5.0,0.0,207.7312605774816,1.335851e-06
5.0,0.0,207.73083723589272,1.343229e-06
5.0,0.0,207.73043784219112,1.376044e-06
5.0,0.0,207.72999861810348,1.36919e-06
5.0,0.0,207.72959044290647,1.268723e-06
5.0,0.0,207.72917415386777,1.296736e-06
5.0,0.0,207.72876762712113,1.322755e-06
5.0,0.0,207.7283663724077,1.341265e-06
5.0,0.0,207.72791964524427,1.268054e-06
5.0,0.0,207.72751241897856,1.286753e-06
5.0,0.0,207.72709781232993,1.336346e-06
5.0,0.0,207.7266547641829,1.345805e-06
5.0,0.0,207.72623950117665,1.302396e-06
5.0,0.0,207.7258261834359,1.275897e-06
5.0,0.0,207.72542006387752,1.306747e-06
5.0,0.0,207.72497895379968,1.352368e-06
5.0,0.0,207.72455495574616,1.398308e-06
5.0,0.0,207.72413121791288,1.35618e-06
5.0,0.0,207.72372011149173,1.277629e-06
5.0,0.0,207.7233084826224,1.388471e-06
5.0,0.0,207.72290328628935,1.424676e-06
5.0,0.0,207.72247261080113,1.406675e-06
5.0,0.0,207.72206443567583,1.458888e-06
5.0,0.0,207.7216423789758,1.526845e-06
5.0,0.0,207.7212546112081,1.447974e-06
5.0,0.0,207.7208147765592,1.489694e-06
5.0,0.0,207.72039078881676,1.341672e-06
5.0,0.0,207.7199922966848,1.517474e-06
5.0,0.0,207.7195521287929,1.442226e-06
5.0,0.0,207.719150769094,1.48284e-06
5.0,0.0,207.71873549283455,1.313281e-06
10.0,0.0,207.99734375,2.259607e-05
10.0,0.0,207.9970668535763,-1.933164e-06
10.0,0.0,207.9969747649944,-9.62842e-07
10.0,0.0,207.996882609309,-3.549794e-07
10.0,0.0,207.9967416489372,1.0435180000000001e-07
10.0,0.0,207.9965574493658,4.5033810000000004e-07
10.0,0.0,207.99633189000775,7.005292e-07
10.0,0.0,207.9960492929075,8.699425999999999e-07
10.0,0.0,207.99574761193813,8.885108e-07
10.0,0.0,207.99539442229835,9.076903000000001e-07
10.0,0.0,207.994990637851,9.731302000000001e-07
10.0,0.0,207.99455990615328,1.087028e-06
10.0,0.0,207.99412478943327,1.161025e-06
10.0,0.0,207.99370799503504,1.133521e-06
10.0,0.0,207.99332016034117,1.212247e-06
10.0,0.0,207.99289371051188,1.268447e-06
10.0,0.0,207.9924627457059,1.235487e-06
10.0,0.0,207.99203725852664,1.277804e-06
10.0,0.0,207.99163105878915,1.269e-06
10.0,0.0,207.99122870150185,1.299384e-06
10.0,0.0,207.99082825904725,1.244975e-06
10.0,0.0,207.99041648794991,1.195367e-06
10.0,0.0,207.98999260111955,1.206747e-06
10.0,0.0,207.9895587306113,1.206077e-06
10.0,0.0,207.98913502773885,1.299151e-06
10.0,0.0,207.98873630800009,1.325927e-06
10.0,0.0,207.98831515623013,1.417546e-06
10.0,0.0,207.98792255051853,1.409615e-06
10.0,0.0,207.98748828659487,1.370776e-06
10.0,0.0,207.98704639411105,1.395601e-06
10.0,0.0,207.98662070941728,1.424298e-06
10.0,0.0,207.9862078308984,1.47571e-06
10.0,0.0,207.9858175487764,1.472887e-06
10.0,0.0,207.98537135609143,1.457651e-06
10.0,0.0,207.98493810468236,1.420267e-06
10.0,0.0,207.9845485590408,1.43575e-06
10.0,0.0,207.9841006969827,1.529974e-06
10.0,0.0,207.9836853003821,1.525346e-06
10.0,0.0,207.9832977399305,1.473731e-06
10.0,0.0,207.9828751752758,1.487278e-06
10.0,0.0,207.9824295719088,1.49179e-06
10.0,0.0,207.98203075555148,1.495137e-06
10.0,0.0,207.98158397867005,1.450841e-06
10.0,0.0,207.98120823765603,1.422013e-06
10.0,0.0,207.98077778588015,1.370077e-06
10.0,0.0,207.98037827478805,1.394597e-06
10.0,0.0,207.9799506205656,1.367152e-06
10.0,0.0,207.97951978888324,1.415217e-06
10.0,0.0,207.97911335845535,1.451597e-06
10.0,0.0,207.97870041314516,1.440523e-06
10.0,0.0,207.97827313541464,1.392051e-06
10.0,0.0,207.9778878927173,1.34173e-06
10.0,0.0,207.97744336242536,1.305525e-06
10.0,0.0,207.97704454369176,1.273773e-06
10.0,0.0,207.97662090588025,1.302862e-06
10.0,0.0,207.9761810184156,1.335226e-06
10.0,0.0,207.97577361871103,1.390392e-06
10.0,0.0,207.97537213311136,1.395776e-06
10.0,0.0,207.97494130087375,1.405526e-06
10.0,0.0,207.97450212744533,1.400127e-06
10.0,0.0,207.9740572318612,1.420995e-06
10.0,0.0,207.97367219845597,1.349632e-06
10.0,0.0,207.97324633361723,1.357883e-06
10.0,0.0,207.972830890936,1.306325e-06
10.0,0.0,207.97241844989145,1.312073e-06
10.0,0.0,207.9719945427094,1.409557e-06
10.0,0.0,207.97156640416247,1.3635e-06
10.0,0.0,207.9711699642856,1.322711e-06
10.0,0.0,207.97074819917836,1.309876e-06
10.0,0.0,207.97036287052703,1.435983e-06
10.0,0.0,207.96991598958476,1.514913e-06
10.0,0.0,207.96951744742407,1.517445e-06
10.0,0.0,207.96907108334193,1.53447e-06
10.0,0.0,207.96868551081852,1.5197e-06
10.0,0.0,207.9682630789936,1.505032e-06
10.0,0.0,207.96784707495132,1.486507e-06
10.0,0.0,207.9674164222033,1.427747e-06
10.0,0.0,207.96700842900012,1.391672e-06
10.0,0.0,207.96657589229932,1.370296e-06
10.0,0.0,207.96613037554164,1.355424e-06
10.0,0.0,207.96573808424907,1.319699e-06
10.0,0.0,207.96532706226887,1.324574e-06
10.0,0.0,207.96489944793336,1.327673e-06
10.0,0.0,207.9644687628096,1.345368e-06
10.0,0.0,207.96406070680732,1.371809e-06
10.0,0.0,207.9636382486621,1.391367e-06
10.0,0.0,207.9631949135588,1.407985e-06
10.0,0.0,207.96281085438324,1.425215e-06
10.0,0.0,207.9623872564184,1.358421e-06
10.0,0.0,207.96196434958568,1.350607e-06
10.0,0.0,207.9615447288949,1.445747e-06
10.0,0.0,207.9611185157769,1.479071e-06
10.0,0.0,207.9607308863456,1.461056e-06
10.0,0.0,207.9603153321484,1.457098e-06
10.0,0.0,207.95986933582935,1.437962e-06
10.0,0.0,207.95948165395072,1.437817e-06
10.0,0.0,207.95904662616363,1.470878e-06
10.0,0.0,207.95864248933833,1.521184e-06
10.0,0.0,207.9582235406725,1.526292e-06
10.0,0.0,207.95780377080163,1.502602e-06
10.0,0.0,207.9574009600672,1.598732e-06
10.0,0.0,207.9569648346488,1.674896e-06
10.0,0.0,207.95655668226377,1.625172e-06
10.0,0.0,207.95613303616892,1.627137e-06
10.0,0.0,207.9557179610925,1.622771e-06
10.0,0.0,207.95528750268755,1.552849e-06
10.0,0.0,207.95490237369157,1.670807e-06
10.0,0.0,207.95445918935036,1.665845e-06
10.0,0.0,207.95401813790969,1.579683e-06
10.0,0.0,207.95358748301956,1.616936e-06
10.0,0.0,207.9531880640025,1.541586e-06
10.0,0.0,207.95278336398889,1.554698e-06
10.0,0.0,207.95234050811268,1.53009e-06
10.0,0.0,207.95195517210823,1.54147e-06
10.0,0.0,207.95151704847373,1.526627e-06
10.0,0.0,207.9511159373268,1.4939e-06
10.0,0.0,207.95067762527108,1.479551e-06
10.0,0.0,207.9502771361708,1.559602e-06
10.0,0.0,207.94987152786416,1.501932e-06
10.0,0.0,207.9494381223984,1.462569e-06
10.0,0.0,207.9490144354952,1.512395e-06
10.0,0.0,207.9486005333011,1.495486e-06
10.0,0.0,207.9481855180064,1.522872e-06
10.0,0.0,207.94777772000845,1.474444e-06
10.0,0.0,207.94737557048012,1.582244e-06
10.0,0.0,207.94694467082235,1.674984e-06
10.0,0.0,207.946505671884,1.737135e-06
10.0,0.0,207.946105867878,1.631604e-06
10.0,0.0,207.94566573501444,1.599634e-06
10.0,0.0,207.94525054876289,1.640365e-06
10.0,0.0,207.94483605137785,1.668348e-06
10.0,0.0,207.944428467696,1.623499e-06
10.0,0.0,207.94398814869007,1.64246e-06
10.0,0.0,207.94356413339884,1.630993e-06
10.0,0.0,207.9431590325552,1.603097e-06
10.0,0.0,207.9427304642335,1.416731e-06
10.0,0.0,207.94232045533,1.431385e-06
10.0,0.0,207.94191938894025,1.529392e-06
10.0,0.0,207.94148197347707,1.561944e-06
10.0,0.0,207.94107395753363,1.605833e-06
10.0,0.0,207.9406544840148,1.512002e-06
10.0,0.0,207.94024939528623,1.599794e-06
10.0,0.0,207.93984984690425,1.535809e-06
10.0,0.0,207.9394018336345,1.506487e-06
10.0,0.0,207.93901135471316,1.440087e-06
10.0,0.0,207.93857912828548,1.44451e-06
10.0,0.0,207.93817232930337,1.546548e-06
10.0,0.0,207.93775634441124,1.596884e-06
10.0,0.0,207.93733122182692,1.65301e-06
10.0,0.0,207.93691840151104,1.594788e-06
10.0,0.0,207.93649446934353,1.567387e-06
10.0,0.0,207.93606375164333,1.53092e-06
10.0,0.0,207.93566177999077,1.48757e-06
10.0,0.0,207.9352541854445,1.472552e-06
10.0,0.0,207.93483858228623,1.446198e-06
10.0,0.0,207.93439050568787,1.417371e-06
10.0,0.0,207.93396676878004,1.488283e-06
10.0,0.0,207.93352463664064,1.419437e-06
10.0,0.0,207.9331187380889,1.421315e-06
10.0,0.0,207.93270607225705,1.311055e-06
10.0,0.0,207.93229602244503,1.227396e-06
10.0,0.0,207.9318922090228,1.185806e-06
10.0,0.0,207.93144841759377,1.277949e-06
10.0,0.0,207.93105338114952,1.283639e-06
10.0,0.0,207.93062934066285,1.249544e-06
10.0,0.0,207.9302146951395,1.160777e-06
10.0,0.0,207.92980269784883,1.155684e-06
10.0,0.0,207.92937873483265,1.000793e-06
10.0,0.0,207.9289796363927,8.843199e-07
10.0,0.0,207.92853640390945,1.006236e-06
10.0,0.0,207.92815127909145,1.011897e-06
10.0,0.0,207.92772076538188,1.051798e-06
10.0,0.0,207.92730558014208,9.154319e-07
10.0,0.0,207.92688159462855,8.963543e-07
10.0,0.0,207.92646255020864,8.229399000000001e-07
10.0,0.0,207.92603747191308,8.933421e-07
10.0,0.0,207.92561372990724,8.721836000000001e-07
10.0,0.0,207.9251726521944,8.768111e-07
10.0,0.0,207.9247662405256,8.139905000000001e-07
10.0,0.0,207.92436534301237,9.116338000000001e-07
10.0,0.0,207.92393471300457,8.850038000000001e-07
10.0,0.0,207.92351143529433,8.397619e-07
10.0,0.0,207.92309622727515,7.268245e-07
10.0,0.0,207.9226720574738,7.770723e-07
10.0,0.0,207.92229263271,8.211208999999999e-07
10.0,0.0,207.92184890103547,8.189963e-07
10.0,0.0,207.92144965847336,7.856870000000001e-07
10.0,0.0,207.92102562139348,8.380448e-07
10.0,0.0,207.9205795646405,8.484348999999999e-07
10.0,0.0,207.92018750959673,7.424386999999999e-07
10.0,0.0,207.91977188112983,6.622868000000001e-07
10.0,0.0,207.91937422980627,6.846531000000001e-07
10.0,0.0,207.91894605238647,6.676128e-07
10.0,0.0,207.9185217413583,6.537011000000001e-07
10.0,0.0,207.91811016334128,6.166665000000001e-07
10.0,0.0,207.91768458494548,7.197668e-07
10.0,0.0,207.91726812917855,7.231864999999999e-07
10.0,0.0,207.91686167455467,7.377821e-07
10.0,0.0,207.91642914397545,7.357157000000001e-07
10.0,0.0,207.9160211034398,7.093768000000001e-07
10.0,0.0,207.9155901778862,7.428315999999999e-07
10.0,0.0,207.91517403757967,7.683993e-07
10.0,0.0,207.91474236581584,9.387004000000001e-07
10.0,0.0,207.9143156034903,8.598727000000001e-07
10.0,0.0,207.91388980071696,1.059583e-06
10.0,0.0,207.9134816018528,9.630457000000001e-07
10.0,0.0,207.91305076811483,8.680945e-07
10.0,0.0,207.91262603556737,8.492934e-07
10.0,0.0,207.9122384266469,8.968345e-07
10.0,0.0,207.91182282404324,8.498027e-07
10.0,0.0,207.91141239960163,9.292853000000001e-07
10.0,0.0,207.9109877172783,9.283685000000001e-07
10.0,0.0,207.91057959044863,1.030363e-06
10.0,0.0,207.910160806595,9.925716000000001e-07
10.0,0.0,207.90973053300416,9.65636e-07
10.0,0.0,207.90933197179308,1.104971e-06
10.0,0.0,207.90890822892132,1.18649e-06
10.0,0.0,207.90848161095087,1.081964e-06
10.0,0.0,207.908063289058,1.005406e-06
10.0,0.0,207.90764122235367,1.129243e-06
10.0,0.0,207.90723751013513,1.005479e-06
10.0,0.0,207.9068382180845,1.19608e-06
10.0,0.0,207.9064081350708,1.126886e-06
10.0,0.0,207.90596556243952,1.120323e-06
10.0,0.0,207.9055419417336,1.070803e-06
10.0,0.0,207.90513865847487,9.774667e-07
10.0,0.0,207.90470562467397,1.070483e-06
10.0,0.0,207.90429007710324,9.982323000000003e-07
10.0,0.0,207.90386896074767,1.035922e-06
10.0,0.0,207.90346085150787,1.014399e-06
10.0,0.0,207.90302379070084,8.719217000000001e-07
10.0,0.0,207.90262234012087,1.099615e-06
10.0,0.0,207.90221331865865,1.102409e-06
10.0,0.0,207.90178335651555,1.137276e-06
10.0,0.0,207.90137827519277,1.173074e-06
10.0,0.0,207.90095420795825,1.151479e-06
10.0,0.0,207.9005553665412,1.361172e-06
10.0,0.0,207.90010772553623,1.378357e-06
10.0,0.0,207.89972009553733,1.499444e-06
10.0,0.0,207.89930470801397,1.435983e-06
10.0,0.0,207.89888088569603,1.516717e-06
10.0,0.0,207.898461735084,1.435474e-06
10.0,0.0,207.898041512862,1.386259e-06
10.0,0.0,207.8976148014312,1.403125e-06
10.0,0.0,207.8972030488328,1.463297e-06
10.0,0.0,207.89681175696313,1.457069e-06
10.0,0.0,207.896365973366,1.410663e-06
10.0,0.0,207.8959672286026,1.416804e-06
10.0,0.0,207.89552509895177,1.4463e-06
10.0,0.0,207.89509477248933,1.428081e-06
10.0,0.0,207.89467944726889,1.575667e-06
10.0,0.0,207.8942642954377,1.53514e-06
10.0,0.0,207.89382549796292,1.445995e-06
10.0,0.0,207.8934248013383,1.425244e-06
10.0,0.0,207.89300121258296,1.362117e-06
10.0,0.0,207.89260158657416,1.361157e-06
10.0,0.0,207.89216017362511,1.379027e-06
10.0,0.0,207.89175464032732,1.404595e-06
10.0,0.0,207.89135437914388,1.346503e-06
10.0,0.0,207.890923684373,1.510285e-06
10.0,0.0,207.89051564742283,1.446941e-06
10.0,0.0,207.89008508563583,1.433218e-06
10.0,0.0,207.88968533059656,1.38607e-06
10.0,0.0,207.8892798730301,1.430031e-06
10.0,0.0,207.88883744099505,1.336215e-06
10.0,0.0,207.8884435454489,1.432243e-06
10.0,0.0,207.8880148115753,1.388471e-06
10.0,0.0,207.8875687444216,1.394204e-06
10.0,0.0,207.8871835258692,1.468754e-06
10.0,0.0,207.88676025930184,1.519787e-06
10.0,0.0,207.88634481514885,1.504566e-06
10.0,0.0,207.88591416089693,1.566936e-06
10.0,0.0,207.88550637198807,1.544162e-06
10.0,0.0,207.88507396274235,1.527791e-06
10.0,0.0,207.8846497000614,1.519351e-06
10.0,0.0,207.8842123160198,1.567751e-06
10.0,0.0,207.88382429419207,1.646418e-06
10.0,0.0,207.88339672913503,1.794542e-06
10.0,0.0,207.88296609635887,1.83846e-06
10.0,0.0,207.88255815140457,1.757915e-06
10.0,0.0,207.88213491517547,1.825538e-06
10.0,0.0,207.88171930079108,1.843029e-06
10.0,0.0,207.88130779407544,1.856853e-06
10.0,0.0,207.8809190607608,1.742097e-06
10.0,0.0,207.8804855280936,1.767403e-06
10.0,0.0,207.88004174142728,1.776614e-06
10.0,0.0,207.87963767309887,1.793174e-06
10.0,0.0,207.87922695351017,1.833701e-06
10.0,0.0,207.8788146626508,1.86784e-06
10.0,0.0,207.87840910914707,1.817665e-06
10.0,0.0,207.8779785073013,1.827779e-06
10.0,0.0,207.8775705368384,1.864915e-06
10.0,0.0,207.87715030314484,1.808483e-06
10.0,0.0,207.87670698368663,1.880981e-06
10.0,0.0,207.87632143766487,1.890934e-06
10.0,0.0,207.87589742038347,1.889828e-06
10.0,0.0,207.8754618218803,1.866618e-06
10.0,0.0,207.875053830372,1.913111e-06
10.0,0.0,207.8746295285008,1.893146e-06
10.0,0.0,207.8742142819318,1.97941e-06
10.0,0.0,207.87377851059367,1.977576e-06
10.0,0.0,207.8733544425356,1.967579e-06
10.0,0.0,207.8729556061668,1.909211e-06
10.0,0.0,207.872514623558,1.618115e-06
10.0,0.0,207.87208474564127,1.890003e-06
10.0,0.0,207.87169391946463,1.874738e-06
10.0,0.0,207.8712848348175,1.912194e-06
10.0,0.0,207.87087222516465,1.931752e-06
10.0,0.0,207.87044025739235,1.946886e-06
10.0,0.0,207.87005132112415,1.890585e-06
10.0,0.0,207.8696033584744,1.96982e-06
10.0,0.0,207.86918769972849,1.96285e-06
10.0,0.0,207.8687996593606,1.928376e-06
10.0,0.0,207.86837686408447,1.992012e-06
10.0,0.0,207.867958235482,2.014029e-06
10.0,0.0,207.86753253974248,2.00489e-06
10.0,0.0,207.86710868477337,1.981782e-06
10.0,0.0,207.8666670871173,2.052635e-06
10.0,0.0,207.86627965821256,1.999084e-06
10.0,0.0,207.86586058549213,2.066692e-06
10.0,0.0,207.8654298868985,2.072033e-06
10.0,0.0,207.86498966323228,2.007509e-06
10.0,0.0,207.86459087092825,1.961336e-06
10.0,0.0,207.8641668070912,1.996115e-06
10.0,0.0,207.86375201260327,2.071494e-06
10.0,0.0,207.86334413666808,2.120578e-06
10.0,0.0,207.86291330042084,2.053814e-06
10.0,0.0,207.86249190638412,1.979453e-06
10.0,0.0,207.8620744957054,2.092769e-06
10.0,0.0,207.8616544252613,2.040964e-06
10.0,0.0,207.86126639943407,2.103465e-06
10.0,0.0,207.8608493559252,2.057117e-06
10.0,0.0,207.8604010289408,2.090281e-06
10.0,0.0,207.86000206153645,2.057161e-06
10.0,0.0,207.85958066601765,2.060522e-06
10.0,0.0,207.85918877938224,2.081084e-06
10.0,0.0,207.85874605850125,2.054687e-06
10.0,0.0,207.85833281469087,1.989305e-06
10.0,0.0,207.85793292696331,2.02746e-06
10.0,0.0,207.8574942371976,1.967084e-06
10.0,0.0,207.85708638043596,1.997571e-06
10.0,0.0,207.8566693896974,2.10038e-06
10.0,0.0,207.85625392788887,2.143017e-06
10.0,0.0,207.85581663235328,2.04453e-06
10.0,0.0,207.8554152490333,2.099128e-06
10.0,0.0,207.85499156044847,2.043773e-06
10.0,0.0,207.85454724269303,2.11077e-06
10.0,0.0,207.8541214432726,2.050889e-06
10.0,0.0,207.85370573259755,2.084009e-06
10.0,0.0,207.8533179109216,2.082525e-06
10.0,0.0,207.8528714959776,2.155284e-06
10.0,0.0,207.852471921514,2.107161e-06
10.0,0.0,207.85204886604643,2.213492e-06
10.0,0.0,207.85160083066137,2.298853e-06
10.0,0.0,207.8512143287051,2.156114e-06
10.0,0.0,207.85079790314697,2.150235e-06
10.0,0.0,207.8503938295706,2.261761e-06
10.0,0.0,207.84996762133,2.336019e-06
10.0,0.0,207.84953705954297,2.176093e-06
10.0,0.0,207.84913269811537,2.200963e-06
10.0,0.0,207.84872153381528,2.226865e-06
10.0,0.0,207.8483340149027,2.166649e-06
10.0,0.0,207.84790526865228,2.38161e-06
10.0,0.0,207.84746278321737,2.386805e-06
10.0,0.0,207.8470208299063,2.426517e-06
10.0,0.0,207.8466142964103,2.432032e-06
10.0,0.0,207.84620111576052,2.429326e-06
10.0,0.0,207.845785823425,2.362111e-06
10.0,0.0,207.84534272635773,2.362285e-06
10.0,0.0,207.84494398177307,2.320696e-06
10.0,0.0,207.84452043305217,2.342393e-06
10.0,0.0,207.8441191782616,2.375818e-06
10.0,0.0,207.8436816704881,2.159315e-06
10.0,0.0,207.84326618513157,2.14469e-06
10.0,0.0,207.84284961265243,2.138244e-06
10.0,0.0,207.84244166163148,2.079236e-06
10.0,0.0,207.84200275942365,2.067027e-06
10.0,0.0,207.84160288253705,2.17848e-06
10.0,0.0,207.8411797777831,1.967695e-06
10.0,0.0,207.8408014619529,2.001441e-06
10.0,0.0,207.84035709252132,2.019035e-06
10.0,0.0,207.83993332463527,1.931039e-06
10.0,0.0,207.8395344837164,1.960274e-06
10.0,0.0,207.8390864270792,1.833367e-06
10.0,0.0,207.83868647722193,1.907087e-06
10.0,0.0,207.8382811495676,1.915716e-06
10.0,0.0,207.83786176526195,1.946944e-06
10.0,0.0,207.8374539767211,1.876339e-06
10.0,0.0,207.83702344309603,1.858411e-06
10.0,0.0,207.83659234414628,1.871071e-06
10.0,0.0,207.83618465873175,1.890527e-06
10.0,0.0,207.83576973396103,1.885521e-06
10.0,0.0,207.8353457659603,1.900029e-06
10.0,0.0,207.8349149808414,1.884939e-06
10.0,0.0,207.83450678108983,1.79268e-06
10.0,0.0,207.83407610244865,1.806155e-06
10.0,0.0,207.83365700057385,1.768931e-06
10.0,0.0,207.8332269074795,1.750654e-06
10.0,0.0,207.83280660493165,1.783686e-06
10.0,0.0,207.83240422818164,1.804627e-06
10.0,0.0,207.83196764249809,1.776847e-06
10.0,0.0,207.83158109266176,1.679422e-06
10.0,0.0,207.83113608223104,1.787324e-06
10.0,0.0,207.83073323170328,1.785142e-06
10.0,0.0,207.83033352266233,1.793785e-06
10.0,0.0,207.82990445248225,1.789216e-06
10.0,0.0,207.82949663988464,1.792447e-06
10.0,0.0,207.82906603321825,1.81346e-06
10.0,0.0,207.82866457453,1.738488e-06
10.0,0.0,207.8282573670072,1.73891e-06
10.0,0.0,207.8278169583901,1.751556e-06
10.0,0.0,207.82741142842156,1.772205e-06
10.0,0.0,207.82699420578473,1.774926e-06
10.0,0.0,207.8265499236849,1.747423e-06
10.0,0.0,207.82612458108727,1.789027e-06
10.0,0.0,207.8257226996372,1.780965e-06
10.0,0.0,207.8253212088724,1.824679e-06
10.0,0.0,207.82487451945613,1.869688e-06
10.0,0.0,207.82445022969276,1.931781e-06
10.0,0.0,207.8240509896708,2.030167e-06
10.0,0.0,207.82360310686883,1.988737e-06
10.0,0.0,207.82321595822347,1.944529e-06
10.0,0.0,207.82279970686017,1.956869e-06
10.0,0.0,207.82237678924636,1.951572e-06
10.0,0.0,207.82195817185027,1.967564e-06
10.0,0.0,207.8215380068536,1.936816e-06
10.0,0.0,207.8211335900733,1.895125e-06
10.0,0.0,207.8207228372404,1.868946e-06
10.0,0.0,207.8202795111557,1.812368e-06
10.0,0.0,207.81987974809,1.928551e-06
10.0,0.0,207.81946284970215,1.856853e-06
10.0,0.0,207.81906378224045,1.824679e-06
10.0,0.0,207.81861738246053,1.882843e-06
10.0,0.0,207.81820211345408,1.900786e-06
10.0,0.0,207.81779259056736,1.988359e-06
10.0,0.0,207.8173889937392,1.99629e-06
10.0,0.0,207.816944948774,2.001354e-06
10.0,0.0,207.8165460575504,1.988519e-06
10.0,0.0,207.81612196930408,2.025248e-06
10.0,0.0,207.815681862162,2.046596e-06
10.0,0.0,207.8152993562985,2.049128e-06
10.0,0.0,207.81487556770296,2.198809e-06
10.0,0.0,207.8144419755132,2.0632e-06
10.0,0.0,207.81400285688437,2.126922e-06
10.0,0.0,207.81357909279387,2.084606e-06
10.0,0.0,207.8131724738589,2.156012e-06
10.0,0.0,207.8127468733776,2.16662e-06
10.0,0.0,207.8123335359988,2.181914e-06
10.0,0.0,207.81193377229897,2.032786e-06
10.0,0.0,207.81149496369008,2.093715e-06
10.0,0.0,207.81108710150676,1.961918e-06
10.0,0.0,207.81067035439176,2.057946e-06
10.0,0.0,207.81028289267985,2.147237e-06
10.0,0.0,207.80986299087732,1.987166e-06
10.0,0.0,207.80941577131347,2.025074e-06
10.0,0.0,207.80901680390912,2.050743e-06
10.0,0.0,207.80859251072195,2.096087e-06
10.0,0.0,207.80818469840364,2.013447e-06
10.0,0.0,207.8077618959691,2.065135e-06
10.0,0.0,207.80734603513383,1.961205e-06
10.0,0.0,207.80691547490235,2.035129e-06
10.0,0.0,207.8065074346632,2.007611e-06
10.0,0.0,207.8060767368036,1.864915e-06
10.0,0.0,207.80565738680417,2.094443e-06
10.0,0.0,207.8052376411,2.046392e-06
10.0,0.0,207.80482670194291,2.058223e-06
10.0,0.0,207.80439931230745,2.035318e-06
10.0,0.0,207.8039686607644,2.022251e-06
10.0,0.0,207.80356075923768,2.018744e-06
10.0,0.0,207.8031382194696,2.084853e-06
10.0,0.0,207.80272258530593,2.074652e-06
10.0,0.0,207.80233493063605,2.045723e-06
10.0,0.0,207.80188651880997,2.046101e-06
10.0,0.0,207.8014872512335,2.110435e-06
10.0,0.0,207.80106335900075,2.209898e-06
10.0,0.0,207.80065833407943,2.135348e-06
10.0,0.0,207.800229445092,2.169792e-06
10.0,0.0,207.79981725596068,2.106564e-06
10.0,0.0,207.7994117899072,2.15802e-06
10.0,0.0,207.79898097553163,2.160858e-06
10.0,0.0,207.79855384398277,2.121815e-06
10.0,0.0,207.7981526836176,2.056739e-06
10.0,0.0,207.79773752515985,2.117158e-06
10.0,0.0,207.79734823858303,2.140805e-06
10.0,0.0,207.79690041797437,2.099099e-06
10.0,0.0,207.79647659689044,2.13609e-06
10.0,0.0,207.79607783276992,2.116794e-06
10.0,0.0,207.79565386476915,2.1429e-06
10.0,0.0,207.79521755515051,2.127636e-06
10.0,0.0,207.79480187189253,2.035929e-06
10.0,0.0,207.7943785332203,2.012923e-06
10.0,0.0,207.7939328209084,2.066066e-06
10.0,0.0,207.7935336054855,2.067769e-06
10.0,0.0,207.7931097625564,2.095083e-06
10.0,0.0,207.79270045549796,2.06707e-06
10.0,0.0,207.79228078016047,2.02829e-06
10.0,0.0,207.7918613543598,2.137414e-06
10.0,0.0,207.79144435013328,2.142115e-06
10.0,0.0,207.79102293619297,2.142231e-06
10.0,0.0,207.7906167925958,2.110348e-06
10.0,0.0,207.7902041050972,2.122208e-06
10.0,0.0,207.78979420315915,2.121727e-06
10.0,0.0,207.78939055947728,2.160756e-06
10.0,0.0,207.7889464220256,2.234417e-06
10.0,0.0,207.78853448283996,2.089771e-06
10.0,0.0,207.7881273687109,2.069166e-06
10.0,0.0,207.78768429850564,2.061322e-06
10.0,0.0,207.78726858417224,1.905399e-06
10.0,0.0,207.78687169898316,1.981622e-06
10.0,0.0,207.78644333757015,1.902372e-06
10.0,0.0,207.78601247839728,1.933047e-06
10.0,0.0,207.78558030993813,2.035493e-06
10.0,0.0,207.78517372419464,2.006476e-06
10.0,0.0,207.78477597905183,1.946537e-06
10.0,0.0,207.78433315353604,1.920955e-06
10.0,0.0,207.7839042734697,1.975335e-06
10.0,0.0,207.78349647950716,1.958528e-06
10.0,0.0,207.78306584949937,1.983062e-06
10.0,0.0,207.78266399192103,1.876426e-06
10.0,0.0,207.78225639481053,1.970009e-06
10.0,0.0,207.78184145674527,1.947454e-06
10.0,0.0,207.78143385741396,1.863722e-06
10.0,0.0,207.7810030597698,1.968059e-06
10.0,0.0,207.78057234134167,1.980909e-06
10.0,0.0,207.7801521620352,2.034401e-06
10.0,0.0,207.77974728654195,2.005836e-06
10.0,0.0,207.77934776129592,1.939377e-06
10.0,0.0,207.77891663074152,1.992637e-06
10.0,0.0,207.77850839109783,2.049725e-06
10.0,0.0,207.77807753470356,2.132263e-06
10.0,0.0,207.7776584644484,2.085813e-06
10.0,0.0,207.7772710257213,2.138433e-06
10.0,0.0,207.7768532774925,2.183573e-06
10.0,0.0,207.77640536768857,2.173503e-06
10.0,0.0,207.77601433961752,2.010638e-06
10.0,0.0,207.77558232653476,2.154949e-06
10.0,0.0,207.77513790422884,2.203946e-06
10.0,0.0,207.7747224122457,2.160727e-06
10.0,0.0,207.77431050326683,2.221132e-06
10.0,0.0,207.77386382262253,2.22055e-06
10.0,0.0,207.77347477153188,2.235844e-06
10.0,0.0,207.7730388507176,2.237284e-06
10.0,0.0,207.77263573899629,2.253742e-06
10.0,0.0,207.77221594498096,2.157176e-06
10.0,0.0,207.7717967573629,2.167013e-06
10.0,0.0,207.77139291069125,2.151995e-06
10.0,0.0,207.77095767392512,2.104804e-06
10.0,0.0,207.7705498145536,2.187706e-06
10.0,0.0,207.77012446914503,2.095156e-06
10.0,0.0,207.76972281952013,2.051296e-06
10.0,0.0,207.76932200250036,2.040295e-06
10.0,0.0,207.7688950083056,1.930108e-06
10.0,0.0,207.7684867649596,1.953289e-06
10.0,0.0,207.76805623133447,1.954744e-06
10.0,0.0,207.76763248503048,1.968132e-06
10.0,0.0,207.767217471682,1.950641e-06
10.0,0.0,207.7668021125274,1.947701e-06
10.0,0.0,207.76637905313336,1.925888e-06
10.0,0.0,207.765948449017,1.954599e-06
10.0,0.0,207.76552410710852,1.961453e-06
10.0,0.0,207.7651130397581,1.89968e-06
10.0,0.0,207.76469735321848,1.873443e-06
10.0,0.0,207.7642701133333,1.867811e-06
10.0,0.0,207.7638636625038,1.896682e-06
10.0,0.0,207.76343971770305,1.834662e-06
10.0,0.0,207.76300008694588,1.914173e-06
10.0,0.0,207.76259209507063,1.911365e-06
10.0,0.0,207.76217656949157,1.818669e-06
10.0,0.0,207.76178924948843,1.830005e-06
10.0,0.0,207.76136832910584,1.880544e-06
10.0,0.0,207.7609221942793,1.795823e-06
10.0,0.0,207.760529816094,1.786451e-06
10.0,0.0,207.76010030923527,1.818538e-06
10.0,0.0,207.75969161851273,1.76701e-06
10.0,0.0,207.7592697572163,1.764653e-06
10.0,0.0,207.75887257344812,1.81653e-06
10.0,0.0,207.75845443866604,1.60042e-06
10.0,0.0,207.7580138595353,1.681663e-06
10.0,0.0,207.75760708364007,1.759647e-06
10.0,0.0,207.75719318474032,1.706459e-06
10.0,0.0,207.75677758138667,1.797889e-06
10.0,0.0,207.75635861861247,1.733308e-06
10.0,0.0,207.75595051170805,1.632216e-06
10.0,0.0,207.75551259668737,1.688823e-06
10.0,0.0,207.755089032944,1.647728e-06
10.0,0.0,207.7546452661093,1.705455e-06
10.0,0.0,207.75424137210013,1.727429e-06
10.0,0.0,207.75384253315136,1.61877e-06
10.0,0.0,207.75341189699105,1.648266e-06
10.0,0.0,207.75296989629615,1.555876e-06
10.0,0.0,207.75257133159568,1.608365e-06
10.0,0.0,207.75214763332357,1.642038e-06
10.0,0.0,207.75173478937367,1.620225e-06
10.0,0.0,207.7513234105128,1.620239e-06
10.0,0.0,207.7509126382141,1.63709e-06
10.0,0.0,207.75050292293383,1.619133e-06
10.0,0.0,207.75005777419327,1.549284e-06
10.0,0.0,207.74965518921368,1.531444e-06
10.0,0.0,207.74924674634107,1.57248e-06
10.0,0.0,207.7488324654988,1.587949e-06
10.0,0.0,207.7484256094756,1.598804e-06
10.0,0.0,207.7479946302481,1.615757e-06
10.0,0.0,207.7475562743361,1.707784e-06
10.0,0.0,207.7471562909982,1.833076e-06
10.0,0.0,207.74674074615777,1.739507e-06
10.0,0.0,207.7463254804212,1.634646e-06
10.0,0.0,207.74587831381115,1.768247e-06
10.0,0.0,207.745479574776,1.664637e-06
10.0,0.0,207.74505557852072,1.599619e-06
10.0,0.0,207.74460828898583,1.691995e-06
10.0,0.0,207.744207845876,1.649809e-06
10.0,0.0,207.74380497898508,1.61241e-06
10.0,0.0,207.74338112552252,1.755499e-06
10.0,0.0,207.7429729475954,1.72868e-06
10.0,0.0,207.74253687713372,1.77222e-06
10.0,0.0,207.74211313426204,1.667242e-06
10.0,0.0,207.74172724421967,1.730179e-06
10.0,0.0,207.74129502613272,1.758221e-06
10.0,0.0,207.74089115640953,1.794382e-06
10.0,0.0,207.74046741950167,1.739812e-06
10.0,0.0,207.74003098015805,1.833745e-06
10.0,0.0,207.73962257106655,1.697699e-06
10.0,0.0,207.73920758013543,1.724373e-06
10.0,0.0,207.73881980445225,1.799737e-06
10.0,0.0,207.73839348279435,1.563458e-06
10.0,0.0,207.7379494685448,1.735447e-06
10.0,0.0,207.73755072626943,1.711538e-06
10.0,0.0,207.73712673843127,1.689201e-06
10.0,0.0,207.7367155622281,1.546694e-06
10.0,0.0,207.73629930419423,1.571258e-06
10.0,0.0,207.7358767143946,1.524473e-06
10.0,0.0,207.73546899407447,1.504581e-06
10.0,0.0,207.7350378637811,1.582346e-06
10.0,0.0,207.73460989672145,1.646811e-06
10.0,0.0,207.7341842889957,1.598863e-06
10.0,0.0,207.7337507475933,1.637192e-06
10.0,0.0,207.733336058786,1.46059e-06
10.0,0.0,207.73292881027973,1.498483e-06
10.0,0.0,207.73249790738888,1.448177e-06
10.0,0.0,207.73208995966624,1.548964e-06
10.0,0.0,207.7316735697768,1.394656e-06
10.0,0.0,207.73125088366413,1.448279e-06
10.0,0.0,207.7308656671148,1.433e-06
10.0,0.0,207.730448221754,1.456487e-06
10.0,0.0,207.73002011878435,1.417895e-06
10.0,0.0,207.7295751080105,1.254288e-06
10.0,0.0,207.72918112479255,1.405482e-06
10.0,0.0,207.72876613972403,1.456181e-06
10.0,0.0,207.72834934279808,1.426903e-06
10.0,0.0,207.7279411675516,1.464403e-06
10.0,0.0,207.72751004267985,1.435386e-06
10.0,0.0,207.7270789123864,1.39873e-06
10.0,0.0,207.72667869025193,1.344044e-06
10.0,0.0,207.726272576362,1.293607e-06
10.0,0.0,207.725829528592,1.322449e-06
10.0,0.0,207.72540121658108,1.412511e-06
10.0,0.0,207.72499349626096,1.359716e-06
10.0,0.0,207.72456282144344,1.411492e-06
10.0,0.0,207.72414040648476,1.480948e-06
10.0,0.0,207.72373724516984,1.360037e-06
10.0,0.0,207.72333763926844,1.403881e-06
10.0,0.0,207.7228892625628,1.598382e-06
10.0,0.0,207.72247694984213,1.415916e-06
10.0,0.0,207.7220662824376,1.355424e-06
10.0,0.0,207.72166082699417,1.412744e-06
10.0,0.0,207.72123268524103,1.385095e-06
10.0,0.0,207.72082220920493,1.13665e-06
10.0,0.0,207.72042131279872,1.28457e-06
10.0,0.0,207.71998335619736,1.364606e-06
10.0,0.0,207.71955568429547,1.376771e-06
10.0,0.0,207.71915523195193,1.448439e-06
10.0,0.0,207.71873940920904,1.391192e-06
15.0,0.0,207.99734375,2.26976e-05
15.0,0.0,207.9970693806748,-1.843917e-06
15.0,0.0,207.99697624870188,-8.674833e-07
15.0,0.0,207.9968831738784,-2.57889e-07
15.0,0.0,207.9967375329701,2.008019e-07
15.0,0.0,207.99654476364455,5.346956000000001e-07
15.0,0.0,207.9963159619882,7.62011e-07
15.0,0.0,207.99603137022584,8.952193e-07
15.0,0.0,207.99573538060025,9.571668000000002e-07
15.0,0.0,207.9954056799837,1.037624e-06
15.0,0.0,207.99499007861496,1.106237e-06
15.0,0.0,207.99457236537648,1.221764e-06
15.0,0.0,207.9941520410278,1.288165e-06
15.0,0.0,207.99372240137555,1.360284e-06
15.0,0.0,207.9933005710407,1.3588e-06
15.0,0.0,207.992906094746,1.259526e-06
15.0,0.0,207.99246345981533,1.212829e-06
15.0,0.0,207.99204862546043,1.271794e-06
15.0,0.0,207.99164588675575,1.29304e-06
15.0,0.0,207.9912285153944,1.295644e-06
15.0,0.0,207.9908172413748,1.292734e-06
15.0,0.0,207.9904018476041,1.254244e-06
15.0,0.0,207.9899938767566,1.309571e-06
15.0,0.0,207.9895598197144,1.319349e-06
15.0,0.0,207.98913601930968,1.295251e-06
15.0,0.0,207.988753008488,1.241177e-06
15.0,0.0,207.98831004334824,1.268971e-06
15.0,0.0,207.98787596041208,1.367342e-06
15.0,0.0,207.98747842436492,1.365537e-06
15.0,0.0,207.98704818165368,1.452689e-06
15.0,0.0,207.9866225411726,1.441935e-06
15.0,0.0,207.9862093023515,1.478082e-06
15.0,0.0,207.9858196956609,1.574008e-06
15.0,0.0,207.98537336307413,1.543594e-06
15.0,0.0,207.98493277930203,1.564797e-06
15.0,0.0,207.98454362704487,1.627646e-06
15.0,0.0,207.9841170269052,1.616325e-06
15.0,0.0,207.9836739165548,1.663051e-06
15.0,0.0,207.98327422223264,1.574314e-06
15.0,0.0,207.98286838050117,1.527093e-06
15.0,0.0,207.98243569772367,1.62088e-06
15.0,0.0,207.9820335807864,1.680368e-06
15.0,0.0,207.98158534925105,1.765686e-06
15.0,0.0,207.98119985101616,1.7641e-06
15.0,0.0,207.98078006074516,1.680135e-06
15.0,0.0,207.98036094439868,1.564928e-06
15.0,0.0,207.97995273288905,1.489127e-06
15.0,0.0,207.97952720166452,1.492706e-06
15.0,0.0,207.97912485024725,1.462264e-06
15.0,0.0,207.97868862450943,1.481647e-06
15.0,0.0,207.97827334097963,1.50605e-06
15.0,0.0,207.97787540615417,1.543973e-06
15.0,0.0,207.97744743187303,1.510882e-06
15.0,0.0,207.9770261119152,1.468929e-06
15.0,0.0,207.97662639260088,1.514985e-06
15.0,0.0,207.97618347508475,1.333319e-06
15.0,0.0,207.9757820602451,1.329798e-06
15.0,0.0,207.97537701126825,1.284308e-06
15.0,0.0,207.97494317097315,1.262757e-06
15.0,0.0,207.97450454860825,1.331719e-06
15.0,0.0,207.97407073545023,1.324879e-06
15.0,0.0,207.97365005302885,1.315871e-06
15.0,0.0,207.97326250781484,1.327426e-06
15.0,0.0,207.9728215380284,1.380526e-06
15.0,0.0,207.97239751924616,1.3838e-06
15.0,0.0,207.97199832799544,1.392895e-06
15.0,0.0,207.9715752171097,1.309381e-06
15.0,0.0,207.97116339955505,1.351393e-06
15.0,0.0,207.97075567919063,1.455512e-06
15.0,0.0,207.97034066856696,1.49518e-06
15.0,0.0,207.9699328417988,1.498396e-06
15.0,0.0,207.96949293508507,1.488006e-06
15.0,0.0,207.96909430956103,1.503169e-06
15.0,0.0,207.968661529702,1.56973e-06
15.0,0.0,207.96824990645376,1.455395e-06
15.0,0.0,207.96785791408604,1.587119e-06
15.0,0.0,207.967428639664,1.624503e-06
15.0,0.0,207.96698831283703,1.641543e-06
15.0,0.0,207.96654835238508,1.572887e-06
15.0,0.0,207.9661457839144,1.554523e-06
15.0,0.0,207.96574451785492,1.555338e-06
15.0,0.0,207.9653014430356,1.573935e-06
15.0,0.0,207.9648779868483,1.571214e-06
15.0,0.0,207.9644822430957,1.544788e-06
15.0,0.0,207.96403893276127,1.619221e-06
15.0,0.0,207.96361134740155,1.509994e-06
15.0,0.0,207.9632171294305,1.477965e-06
15.0,0.0,207.9627949876736,1.541266e-06
15.0,0.0,207.962391334326,1.537366e-06
15.0,0.0,207.96196516510028,1.512119e-06
15.0,0.0,207.96155719727045,1.509659e-06
15.0,0.0,207.9611338879748,1.483131e-06
15.0,0.0,207.96071862224807,1.495282e-06
15.0,0.0,207.96031728601693,1.567925e-06
15.0,0.0,207.95989115377688,1.458655e-06
15.0,0.0,207.95947133528531,1.512366e-06
15.0,0.0,207.9590524415288,1.562119e-06
15.0,0.0,207.95862813649285,1.483262e-06
15.0,0.0,207.9582404719848,1.493056e-06
15.0,0.0,207.95780000379324,1.479391e-06
15.0,0.0,207.95738694545028,1.511638e-06
15.0,0.0,207.95697858840296,1.498207e-06
15.0,0.0,207.95654288480264,1.460619e-06
15.0,0.0,207.95613967056457,1.54227e-06
15.0,0.0,207.9557344684826,1.595021e-06
15.0,0.0,207.955291368478,1.656052e-06
15.0,0.0,207.95485978781895,1.648965e-06
15.0,0.0,207.95444194920336,1.615903e-06
15.0,0.0,207.95403777159785,1.625434e-06
15.0,0.0,207.9535893891792,1.53626e-06
15.0,0.0,207.95317317824313,1.588298e-06
15.0,0.0,207.95276641975573,1.538021e-06
15.0,0.0,207.9523654377316,1.518376e-06
15.0,0.0,207.95192375820608,1.619163e-06
15.0,0.0,207.9515159800274,1.579945e-06
15.0,0.0,207.9510854445357,1.576205e-06
15.0,0.0,207.9506854656989,1.576846e-06
15.0,0.0,207.95028011565813,1.54633e-06
15.0,0.0,207.94986076015823,1.477383e-06
15.0,0.0,207.94944578250983,1.507098e-06
15.0,0.0,207.94901041209013,1.429522e-06
15.0,0.0,207.94860333758436,1.441862e-06
15.0,0.0,207.94818921690236,1.511813e-06
15.0,0.0,207.94777405844457,1.46708e-06
15.0,0.0,207.94737597133684,1.444045e-06
15.0,0.0,207.9469333478721,1.453271e-06
15.0,0.0,207.9465061838085,1.502689e-06
15.0,0.0,207.94607698854085,1.505949e-06
15.0,0.0,207.94568393791465,1.508059e-06
15.0,0.0,207.94525132612236,1.48156e-06
15.0,0.0,207.9448259880805,1.64425e-06
15.0,0.0,207.94439845114115,1.668333e-06
15.0,0.0,207.9439949107451,1.582259e-06
15.0,0.0,207.9435691292722,1.660155e-06
15.0,0.0,207.94316351471585,1.672481e-06
15.0,0.0,207.94274667510336,1.6798e-06
15.0,0.0,207.94232056349736,1.624605e-06
15.0,0.0,207.9419108872564,1.624547e-06
15.0,0.0,207.94148631528745,1.690001e-06
15.0,0.0,207.9410897159064,1.583248e-06
15.0,0.0,207.94066584796303,1.602079e-06
15.0,0.0,207.94025111833537,1.699926e-06
15.0,0.0,207.9398432430396,1.638837e-06
15.0,0.0,207.93941247780583,1.614346e-06
15.0,0.0,207.93899114939157,1.641849e-06
15.0,0.0,207.93857263767987,1.626438e-06
15.0,0.0,207.9381403834156,1.551074e-06
15.0,0.0,207.93774664000264,1.432796e-06
15.0,0.0,207.93733742934353,1.491557e-06
15.0,0.0,207.9369076529476,1.46596e-06
15.0,0.0,207.9364997734457,1.377775e-06
15.0,0.0,207.93606902973664,1.457593e-06
15.0,0.0,207.9356364285056,1.474691e-06
15.0,0.0,207.93523096064692,1.634195e-06
15.0,0.0,207.9348308295074,1.515436e-06
15.0,0.0,207.93440247636215,1.656008e-06
15.0,0.0,207.93395930730455,1.544337e-06
15.0,0.0,207.93353579231857,1.480032e-06
15.0,0.0,207.93313306810975,1.463137e-06
15.0,0.0,207.9327126506616,1.207067e-06
15.0,0.0,207.9322974953554,1.202876e-06
15.0,0.0,207.93189326960112,1.121458e-06
15.0,0.0,207.93145438240416,1.330947e-06
15.0,0.0,207.9310555176964,1.089735e-06
15.0,0.0,207.93063189989633,1.224354e-06
15.0,0.0,207.93021482547744,1.122389e-06
15.0,0.0,207.92981974216264,1.171633e-06
15.0,0.0,207.92939327264853,1.018067e-06
15.0,0.0,207.92897317241247,1.130247e-06
15.0,0.0,207.928549988858,1.122971e-06
15.0,0.0,207.92810152235737,1.160559e-06
15.0,0.0,207.9277412882973,1.116045e-06
15.0,0.0,207.92731224096,1.175926e-06
15.0,0.0,207.92686672892975,1.229579e-06
15.0,0.0,207.926442805542,1.153749e-06
15.0,0.0,207.92604423954808,1.176319e-06
15.0,0.0,207.92559533408905,1.222899e-06
15.0,0.0,207.92518029628707,1.150285e-06
15.0,0.0,207.92476048011608,1.028529e-06
15.0,0.0,207.924358921244,1.141612e-06
15.0,0.0,207.92392948854808,1.100299e-06
15.0,0.0,207.9234988412218,1.02233e-06
15.0,0.0,207.92309066067483,1.016087e-06
15.0,0.0,207.92267470450707,1.107852e-06
15.0,0.0,207.92225220206737,9.961077e-07
15.0,0.0,207.9218562019823,1.026609e-06
15.0,0.0,207.9214251337066,1.065753e-06
15.0,0.0,207.92101711942504,1.063119e-06
15.0,0.0,207.9205859701512,1.081949e-06
15.0,0.0,207.92018614594065,1.189808e-06
15.0,0.0,207.91978069564593,1.094959e-06
15.0,0.0,207.9193385540019,1.131149e-06
15.0,0.0,207.91894214761,1.069391e-06
15.0,0.0,207.91851131507383,1.085893e-06
15.0,0.0,207.91810434841247,1.127788e-06
15.0,0.0,207.91769035020525,1.117165e-06
15.0,0.0,207.9172568683801,1.148699e-06
15.0,0.0,207.91687670970356,1.012173e-06
15.0,0.0,207.9164423518129,1.106309e-06
15.0,0.0,207.9159984536172,1.146545e-06
15.0,0.0,207.91559917274492,1.097273e-06
15.0,0.0,207.9151852405408,1.215478e-06
15.0,0.0,207.91474197397244,1.239372e-06
15.0,0.0,207.91432690159368,1.206718e-06
15.0,0.0,207.91389915307687,1.284177e-06
15.0,0.0,207.91349337508112,1.189677e-06
15.0,0.0,207.9130487613356,1.196764e-06
15.0,0.0,207.91262338862256,1.188702e-06
15.0,0.0,207.9122212988996,1.23067e-06
15.0,0.0,207.91182026071073,1.129534e-06
15.0,0.0,207.91141026410915,1.190943e-06
15.0,0.0,207.9109806554728,1.174194e-06
15.0,0.0,207.91054802921207,1.059525e-06
15.0,0.0,207.91014510272092,1.105553e-06
15.0,0.0,207.90972994562435,1.185021e-06
15.0,0.0,207.90934251671965,1.14202e-06
15.0,0.0,207.90891176984567,1.103326e-06
15.0,0.0,207.908481023692,1.121996e-06
15.0,0.0,207.90808365978216,9.980868000000002e-07
15.0,0.0,207.9076396572329,1.035165e-06
15.0,0.0,207.90722430738464,1.102439e-06
15.0,0.0,207.90683648620103,9.551295e-07
15.0,0.0,207.9064071501256,1.084816e-06
15.0,0.0,207.90596467622967,1.024469e-06
15.0,0.0,207.905531509935,1.013963e-06
15.0,0.0,207.90513348221768,9.62682e-07
15.0,0.0,207.9047059161154,8.547941e-07
15.0,0.0,207.9042753656209,9.259675000000001e-07
15.0,0.0,207.90387673030273,8.611240999999999e-07
15.0,0.0,207.90344914804103,1.149281e-06
15.0,0.0,207.9030247090776,1.10791e-06
15.0,0.0,207.90262651544927,1.115099e-06
15.0,0.0,207.90218497136172,1.133609e-06
15.0,0.0,207.90178291717837,1.016029e-06
15.0,0.0,207.9013779362413,1.084249e-06
15.0,0.0,207.90095670719396,1.027918e-06
15.0,0.0,207.9005360291329,1.042732e-06
15.0,0.0,207.9001078324754,1.077191e-06
15.0,0.0,207.89970902879452,1.004752e-06
15.0,0.0,207.89929168884444,1.001186e-06
15.0,0.0,207.89887050196637,1.150896e-06
15.0,0.0,207.8984740068512,1.166249e-06
15.0,0.0,207.89803141988028,1.161883e-06
15.0,0.0,207.89762590380263,1.165885e-06
15.0,0.0,207.89720690421277,1.342269e-06
15.0,0.0,207.8967853486145,1.3932e-06
15.0,0.0,207.89638416323368,1.294728e-06
15.0,0.0,207.89595684251535,1.330016e-06
15.0,0.0,207.89552619518903,1.38121e-06
15.0,0.0,207.89509594077177,1.397391e-06
15.0,0.0,207.89470858862188,1.311957e-06
15.0,0.0,207.89427935206703,1.333581e-06
15.0,0.0,207.89386051693123,1.336884e-06
15.0,0.0,207.8934133290286,1.44323e-06
15.0,0.0,207.89298943773073,1.464607e-06
15.0,0.0,207.89259034525463,1.381835e-06
15.0,0.0,207.89214700738887,1.299108e-06
15.0,0.0,207.89176420783363,1.506429e-06
15.0,0.0,207.89133224778055,1.39061e-06
15.0,0.0,207.89092518655508,1.463399e-06
15.0,0.0,207.8905093894309,1.463297e-06
15.0,0.0,207.89010881898605,1.36756e-06
15.0,0.0,207.8896692863541,1.379914e-06
15.0,0.0,207.8892538777523,1.320121e-06
15.0,0.0,207.8888700745732,1.523134e-06
15.0,0.0,207.8884278706456,1.588094e-06
15.0,0.0,207.88799837230752,1.581677e-06
15.0,0.0,207.887605329506,1.666092e-06
15.0,0.0,207.8871637136004,1.785011e-06
15.0,0.0,207.88674838837997,1.873763e-06
15.0,0.0,207.88633479530583,1.840453e-06
15.0,0.0,207.88592350977365,1.740511e-06
15.0,0.0,207.88548542467728,1.859109e-06
15.0,0.0,207.88505466130047,1.821914e-06
15.0,0.0,207.88463056609075,1.933062e-06
15.0,0.0,207.88424310543343,1.825829e-06
15.0,0.0,207.88380392898833,1.878318e-06
15.0,0.0,207.88339049150335,2.009998e-06
15.0,0.0,207.88298012725025,1.828885e-06
15.0,0.0,207.8825448184644,1.850116e-06
15.0,0.0,207.8821411643713,1.905588e-06
15.0,0.0,207.88173632162625,1.889755e-06
15.0,0.0,207.88130233752628,1.861044e-06
15.0,0.0,207.8809169583874,1.91445e-06
15.0,0.0,207.880474985439,1.803681e-06
15.0,0.0,207.88006705503489,2.00262e-06
15.0,0.0,207.87964596944784,1.893932e-06
15.0,0.0,207.87922859642745,1.920576e-06
15.0,0.0,207.87884326566785,1.77756e-06
15.0,0.0,207.87839460039925,1.931112e-06
15.0,0.0,207.87797557408084,1.875975e-06
15.0,0.0,207.87756277052108,1.940964e-06
15.0,0.0,207.8771407051404,1.934939e-06
15.0,0.0,207.87672394806953,2.021916e-06
15.0,0.0,207.87631292587864,1.964785e-06
15.0,0.0,207.8758888081314,2.03411e-06
15.0,0.0,207.87548993970947,1.935085e-06
15.0,0.0,207.87505371572595,1.917797e-06
15.0,0.0,207.8746300779204,2.017128e-06
15.0,0.0,207.8741912330788,2.063753e-06
15.0,0.0,207.87377576888937,2.018074e-06
15.0,0.0,207.87335720372823,2.014043e-06
15.0,0.0,207.87294898312248,1.989029e-06
15.0,0.0,207.87251453758876,1.96755e-06
15.0,0.0,207.87209930065987,1.889333e-06
15.0,0.0,207.87168442543307,2.026864e-06
15.0,0.0,207.87127634298824,2.01416e-06
15.0,0.0,207.87087429274567,1.98916e-06
15.0,0.0,207.8704558790328,1.93555e-06
15.0,0.0,207.87003553917725,2.056477e-06
15.0,0.0,207.86959380074737,1.986671e-06
15.0,0.0,207.8691951509716,2.072542e-06
15.0,0.0,207.868790759299,1.977125e-06
15.0,0.0,207.86836951403023,2.054207e-06
15.0,0.0,207.867961296297,2.111163e-06
15.0,0.0,207.8675305551372,2.077286e-06
15.0,0.0,207.8671013807981,1.976063e-06
15.0,0.0,207.86667246451557,2.009518e-06
15.0,0.0,207.86628511081133,2.099361e-06
15.0,0.0,207.86586484789623,2.014174e-06
15.0,0.0,207.8654182105838,2.048968e-06
15.0,0.0,207.86498993965867,1.923021e-06
15.0,0.0,207.8645952603158,2.010871e-06
15.0,0.0,207.8641623315464,2.069384e-06
15.0,0.0,207.86374490457328,2.010536e-06
15.0,0.0,207.86333639898527,1.944049e-06
15.0,0.0,207.8629125060276,2.028872e-06
15.0,0.0,207.86248524492663,2.017972e-06
15.0,0.0,207.86206722823016,1.985696e-06
15.0,0.0,207.861645958782,1.950451e-06
15.0,0.0,207.86127220578075,2.019675e-06
15.0,0.0,207.86083008393356,1.988985e-06
15.0,0.0,207.8604062704912,1.979948e-06
15.0,0.0,207.86000747967867,1.930923e-06
15.0,0.0,207.85956432181572,1.921231e-06
15.0,0.0,207.85916724807083,1.860273e-06
15.0,0.0,207.858756663452,1.94824e-06
15.0,0.0,207.85832647835707,2.008921e-06
15.0,0.0,207.85792595729848,1.893481e-06
15.0,0.0,207.85750196624443,1.887442e-06
15.0,0.0,207.85710220349873,1.859167e-06
15.0,0.0,207.8566608932082,1.895038e-06
15.0,0.0,207.85624562535503,1.895343e-06
15.0,0.0,207.8558215910743,1.898778e-06
15.0,0.0,207.8554208329682,1.856795e-06
15.0,0.0,207.8549831043049,1.691777e-06
15.0,0.0,207.8545522068357,1.808905e-06
15.0,0.0,207.8541277329376,1.949171e-06
15.0,0.0,207.85368460321956,1.869092e-06
15.0,0.0,207.85330134912897,1.925087e-06
15.0,0.0,207.85287705594183,1.980006e-06
15.0,0.0,207.8524557658416,2.055735e-06
15.0,0.0,207.8520350678976,2.130328e-06
15.0,0.0,207.85160678017445,2.122324e-06
15.0,0.0,207.85121918118236,2.089524e-06
15.0,0.0,207.85080762332407,2.064073e-06
15.0,0.0,207.85040296405344,2.082947e-06
15.0,0.0,207.8499724691412,2.163855e-06
15.0,0.0,207.84954610003047,2.104236e-06
15.0,0.0,207.8491426139924,2.098561e-06
15.0,0.0,207.8487140906261,2.159984e-06
15.0,0.0,207.84833966531076,2.071174e-06
15.0,0.0,207.84789145539295,2.135028e-06
15.0,0.0,207.847456556658,2.113622e-06
15.0,0.0,207.84703134941125,2.137967e-06
15.0,0.0,207.84662303560137,2.16841e-06
15.0,0.0,207.846207349838,2.130633e-06
15.0,0.0,207.8457919624034,2.185086e-06
15.0,0.0,207.84534807849275,2.109315e-06
15.0,0.0,207.84494938634927,2.259942e-06
15.0,0.0,207.8445092892704,2.076267e-06
15.0,0.0,207.84407841454149,2.051762e-06
15.0,0.0,207.84367811366937,2.039989e-06
15.0,0.0,207.84327246817,2.019253e-06
15.0,0.0,207.84285463959424,2.000394e-06
15.0,0.0,207.8424466918716,2.040018e-06
15.0,0.0,207.84200841997213,1.954919e-06
15.0,0.0,207.8416081650433,1.904031e-06
15.0,0.0,207.8411857076604,2.010827e-06
15.0,0.0,207.84076908322484,2.081812e-06
15.0,0.0,207.84036280323352,2.048764e-06
15.0,0.0,207.8399301909332,2.07503e-06
15.0,0.0,207.83954006325996,2.095258e-06
15.0,0.0,207.839091454021,2.051092e-06
15.0,0.0,207.83867517386892,2.051776e-06
15.0,0.0,207.8382871890886,2.092711e-06
15.0,0.0,207.8378665474826,2.051645e-06
15.0,0.0,207.8374198128088,1.990833e-06
15.0,0.0,207.8370276741288,2.093511e-06
15.0,0.0,207.83659780396113,2.036642e-06
15.0,0.0,207.83618923619085,2.010012e-06
15.0,0.0,207.8357752195442,1.974535e-06
15.0,0.0,207.83535144587785,2.031011e-06
15.0,0.0,207.8349198502517,2.074885e-06
15.0,0.0,207.83451180991767,1.945096e-06
15.0,0.0,207.83408083880605,1.94076e-06
15.0,0.0,207.83366233862372,2.021101e-06
15.0,0.0,207.83321913034064,2.048473e-06
15.0,0.0,207.83281081241856,1.931825e-06
15.0,0.0,207.83240888077404,1.97081e-06
15.0,0.0,207.8319724675124,2.087079e-06
15.0,0.0,207.83156424754648,2.103989e-06
15.0,0.0,207.83114189940173,1.992768e-06
15.0,0.0,207.83075426268744,2.092129e-06
15.0,0.0,207.83033922203137,2.074579e-06
15.0,0.0,207.82989090635655,2.048881e-06
15.0,0.0,207.82950124018325,2.001907e-06
15.0,0.0,207.8290682210948,2.048851e-06
15.0,0.0,207.82866232134893,2.103377e-06
15.0,0.0,207.82824538574704,2.064829e-06
15.0,0.0,207.82781899256275,2.082263e-06
15.0,0.0,207.82740950508892,2.00943e-06
15.0,0.0,207.82698496428827,2.019078e-06
15.0,0.0,207.82655420019816,2.029032e-06
15.0,0.0,207.8261512322832,1.98542e-06
15.0,0.0,207.8257424002246,1.99191e-06
15.0,0.0,207.8252992753229,2.011191e-06
15.0,0.0,207.82487654987332,2.005574e-06
15.0,0.0,207.8244582207188,2.049026e-06
15.0,0.0,207.82403788118188,2.049492e-06
15.0,0.0,207.8236096956389,2.164248e-06
15.0,0.0,207.82322204098344,2.038476e-06
15.0,0.0,207.8228066913697,2.087952e-06
15.0,0.0,207.8223614982265,2.053843e-06
15.0,0.0,207.82196293659203,2.11921e-06
15.0,0.0,207.82153896859128,1.989203e-06
15.0,0.0,207.8211357054813,2.004992e-06
15.0,0.0,207.8207160861332,1.920242e-06
15.0,0.0,207.8202970140496,1.886452e-06
15.0,0.0,207.8198936028424,1.89709e-06
15.0,0.0,207.81945818911623,1.884007e-06
15.0,0.0,207.8190328064132,1.92126e-06
15.0,0.0,207.81862506161113,1.966881e-06
15.0,0.0,207.81820942486243,1.94789e-06
15.0,0.0,207.8177993159996,1.962064e-06
15.0,0.0,207.81739511665384,1.943277e-06
15.0,0.0,207.81695158501668,2.009911e-06
15.0,0.0,207.8165527976996,2.149594e-06
15.0,0.0,207.8161286245972,2.035711e-06
15.0,0.0,207.8156889790139,2.055443e-06
15.0,0.0,207.81530126554483,2.067929e-06
15.0,0.0,207.81487831934243,1.941822e-06
15.0,0.0,207.81444741402777,2.064233e-06
15.0,0.0,207.81400881163395,2.000001e-06
15.0,0.0,207.81358479754215,2.03558e-06
15.0,0.0,207.8131776182164,2.070155e-06
15.0,0.0,207.8127528490352,2.113928e-06
15.0,0.0,207.81233845454616,1.967783e-06
15.0,0.0,207.8119388803977,1.940876e-06
15.0,0.0,207.81149955856696,2.038112e-06
15.0,0.0,207.8110913379612,2.042536e-06
15.0,0.0,207.8106753655428,2.123459e-06
15.0,0.0,207.8102684406715,1.79885e-06
15.0,0.0,207.80986740383216,1.831286e-06
15.0,0.0,207.8094210258037,1.856184e-06
15.0,0.0,207.8090284221988,1.85729e-06
15.0,0.0,207.80859838474797,1.990091e-06
15.0,0.0,207.80818934083408,1.952285e-06
15.0,0.0,207.80776731740036,2.060769e-06
15.0,0.0,207.80735047082896,2.048619e-06
15.0,0.0,207.80691989337467,2.059955e-06
15.0,0.0,207.80649792755537,2.009649e-06
15.0,0.0,207.8060798198869,1.94124e-06
15.0,0.0,207.805656096398,1.929453e-06
15.0,0.0,207.80522012140764,2.026165e-06
15.0,0.0,207.80483246352608,2.100278e-06
15.0,0.0,207.80440377606763,1.996785e-06
15.0,0.0,207.80397321558243,2.042158e-06
15.0,0.0,207.8035653988796,1.994165e-06
15.0,0.0,207.8031438619228,1.929337e-06
15.0,0.0,207.80271513394905,1.925786e-06
15.0,0.0,207.80234116471348,1.984779e-06
15.0,0.0,207.80190255673347,1.879976e-06
15.0,0.0,207.8014917109928,1.927037e-06
15.0,0.0,207.801060786995,1.895125e-06
15.0,0.0,207.80063800677928,1.910856e-06
15.0,0.0,207.80025037059497,1.875436e-06
15.0,0.0,207.79983502173215,1.895052e-06
15.0,0.0,207.7994214147567,1.832232e-06
15.0,0.0,207.79898840789843,2.012079e-06
15.0,0.0,207.79854446855825,1.94856e-06
15.0,0.0,207.7981594981608,1.861918e-06
15.0,0.0,207.79773086725993,1.779204e-06
15.0,0.0,207.79731841829104,1.911452e-06
15.0,0.0,207.79691279136887,1.847278e-06
15.0,0.0,207.79648211830153,1.872148e-06
15.0,0.0,207.7960472152945,1.938344e-06
15.0,0.0,207.7956435890524,1.817127e-06
15.0,0.0,207.79523968836372,1.887049e-06
15.0,0.0,207.79479615235456,1.907538e-06
15.0,0.0,207.7943739492493,1.838285e-06
15.0,0.0,207.79394293807883,1.766428e-06
15.0,0.0,207.7935191992594,1.79607e-06
15.0,0.0,207.79310677385368,1.859473e-06
15.0,0.0,207.7926912792854,1.876746e-06
15.0,0.0,207.7923039575144,1.776294e-06
15.0,0.0,207.7918591489576,1.873821e-06
15.0,0.0,207.79146194348536,1.862136e-06
15.0,0.0,207.79103666281603,1.882319e-06
15.0,0.0,207.7906340417557,1.963708e-06
15.0,0.0,207.79021412900215,1.928653e-06
15.0,0.0,207.78979528297705,1.916967e-06
15.0,0.0,207.78939139853887,1.90502e-06
15.0,0.0,207.78895627562204,1.923559e-06
15.0,0.0,207.7885314022364,1.967273e-06
15.0,0.0,207.78812277251697,1.971101e-06
15.0,0.0,207.7877074758596,2.034489e-06
15.0,0.0,207.7872723101019,2.021014e-06
15.0,0.0,207.78688901493356,2.090819e-06
15.0,0.0,207.786449196148,1.979628e-06
15.0,0.0,207.78600909675507,2.053086e-06
15.0,0.0,207.78557824476644,2.050132e-06
15.0,0.0,207.78517805198808,2.13852e-06
15.0,0.0,207.7847722117052,2.09907e-06
15.0,0.0,207.7843290179628,2.055574e-06
15.0,0.0,207.7839172280634,2.172834e-06
15.0,0.0,207.78350823322367,2.286586e-06
15.0,0.0,207.78306235781503,2.306959e-06
15.0,0.0,207.78266037618897,2.32186e-06
15.0,0.0,207.782252287312,2.362445e-06
15.0,0.0,207.78183749081248,2.225119e-06
15.0,0.0,207.78143020308025,2.272456e-06
15.0,0.0,207.7810072803593,2.232453e-06
15.0,0.0,207.78059138057728,2.405781e-06
15.0,0.0,207.78017499863188,2.147921e-06
15.0,0.0,207.77975187054767,2.319633e-06
15.0,0.0,207.77934389007928,2.287008e-06
15.0,0.0,207.77892017636256,2.295463e-06
15.0,0.0,207.77852153252223,2.261862e-06
15.0,0.0,207.77807487426864,2.308516e-06
15.0,0.0,207.77767397326755,2.303379e-06
15.0,0.0,207.7772673139621,2.28369e-06
15.0,0.0,207.7768502633536,2.092653e-06
15.0,0.0,207.7764340200788,2.205692e-06
15.0,0.0,207.77601157192188,2.072367e-06
15.0,0.0,207.77557971143852,2.101049e-06
15.0,0.0,207.77513519304588,2.134984e-06
15.0,0.0,207.7747571318631,2.068089e-06
15.0,0.0,207.7743324386209,2.08705e-06
15.0,0.0,207.77390376913473,2.123736e-06
15.0,0.0,207.7734727752828,2.114626e-06
15.0,0.0,207.773046217402,2.110697e-06
15.0,0.0,207.7726425257114,1.989727e-06
15.0,0.0,207.77221362999447,2.007801e-06
15.0,0.0,207.7718147073477,1.931272e-06
15.0,0.0,207.7713906195463,1.942521e-06
15.0,0.0,207.7709672122624,1.981083e-06
15.0,0.0,207.77054762709557,2.007422e-06
15.0,0.0,207.77016240320563,1.990062e-06
15.0,0.0,207.7697346932926,2.00457e-06
15.0,0.0,207.76931929131732,1.961002e-06
15.0,0.0,207.76890970383047,1.862907e-06
15.0,0.0,207.76848491057373,1.946712e-06
15.0,0.0,207.76805746977357,1.839784e-06
15.0,0.0,207.76765801822927,1.849447e-06
15.0,0.0,207.76722782613243,1.872104e-06
15.0,0.0,207.76679979045736,1.845692e-06
15.0,0.0,207.76637715326703,1.899112e-06
15.0,0.0,207.76596909456143,1.891414e-06
15.0,0.0,207.76553814347173,1.921901e-06
15.0,0.0,207.76511043312368,1.867331e-06
15.0,0.0,207.76469895717608,1.906781e-06
15.0,0.0,207.7642792890213,1.898923e-06
15.0,0.0,207.763860248068,1.929016e-06
15.0,0.0,207.7634429786739,1.949636e-06
15.0,0.0,207.7630214378711,2.002867e-06
15.0,0.0,207.76259074042807,1.897803e-06
15.0,0.0,207.76220228043263,1.895562e-06
15.0,0.0,207.76178670506812,2.04453e-06
15.0,0.0,207.76138541022192,1.97062e-06
15.0,0.0,207.76094487392527,1.928944e-06
15.0,0.0,207.760512360632,1.904162e-06
15.0,0.0,207.76012201952705,1.865803e-06
15.0,0.0,207.75968202914052,1.793291e-06
15.0,0.0,207.7592943368387,1.805616e-06
15.0,0.0,207.7588726278116,1.859546e-06
15.0,0.0,207.75845456126484,1.857828e-06
15.0,0.0,207.75803366542607,1.802255e-06
15.0,0.0,207.75760493717053,1.772583e-06
15.0,0.0,207.75719463377527,1.819993e-06
15.0,0.0,207.75678100362637,1.766952e-06
15.0,0.0,207.7563569150209,1.76749e-06
15.0,0.0,207.75595827280287,1.776119e-06
15.0,0.0,207.75551723140543,1.724067e-06
15.0,0.0,207.7550866696185,1.770881e-06
15.0,0.0,207.75466977093825,1.779234e-06
15.0,0.0,207.75424791538768,1.83977e-06
15.0,0.0,207.7538393142648,1.839129e-06
15.0,0.0,207.75341569646477,1.817229e-06
15.0,0.0,207.75297832106511,1.719774e-06
15.0,0.0,207.75257012319963,1.719454e-06
15.0,0.0,207.7521498027248,1.688924e-06
15.0,0.0,207.7517454563804,1.663255e-06
15.0,0.0,207.75134644463512,1.688386e-06
15.0,0.0,207.7508979659664,1.632769e-06
15.0,0.0,207.75050782328765,1.613807e-06
15.0,0.0,207.75007523578813,1.580833e-06
15.0,0.0,207.7496685214272,1.598441e-06
15.0,0.0,207.74925225587657,1.543813e-06
15.0,0.0,207.74882989279456,1.607288e-06
15.0,0.0,207.7484295185401,1.653796e-06
15.0,0.0,207.74800552757105,1.616238e-06
15.0,0.0,207.74756014544067,1.691908e-06
15.0,0.0,207.74715779764807,1.794775e-06
15.0,0.0,207.7467499159204,1.724518e-06
15.0,0.0,207.74633464628755,1.842142e-06
15.0,0.0,207.74588706828624,1.667344e-06
15.0,0.0,207.74548833049332,1.858207e-06
15.0,0.0,207.7450445089712,1.807741e-06
15.0,0.0,207.74461802398096,1.7696e-06
15.0,0.0,207.74421709842912,1.590626e-06
15.0,0.0,207.7438158132188,1.772642e-06
15.0,0.0,207.74336961864952,1.783192e-06
15.0,0.0,207.7429815945732,1.810622e-06
15.0,0.0,207.7425463879064,1.772176e-06
15.0,0.0,207.7420977938561,1.755208e-06
15.0,0.0,207.74172364778192,1.766704e-06
15.0,0.0,207.7413038963356,1.726177e-06
15.0,0.0,207.74090141874208,1.767374e-06
15.0,0.0,207.74046527033832,1.80889e-06
15.0,0.0,207.7400575943828,1.775508e-06
15.0,0.0,207.7396339611994,1.693828e-06
15.0,0.0,207.7392309502557,1.596403e-06
15.0,0.0,207.7388306511986,1.617576e-06
15.0,0.0,207.7383827123207,1.646113e-06
15.0,0.0,207.73795872434005,1.608874e-06
15.0,0.0,207.73755976192103,1.625056e-06
15.0,0.0,207.73713577600063,1.547989e-06
15.0,0.0,207.73669735906324,1.543085e-06
15.0,0.0,207.7363098651981,1.558205e-06
15.0,0.0,207.73588489591137,1.523164e-06
15.0,0.0,207.7354656446369,1.45947e-06
15.0,0.0,207.7350455959144,1.449836e-06
15.0,0.0,207.73461907516963,1.546607e-06
15.0,0.0,207.73420379958148,1.734501e-06
15.0,0.0,207.7337607514345,1.708075e-06
15.0,0.0,207.7333449395192,1.466426e-06
15.0,0.0,207.7329372246208,1.444205e-06
15.0,0.0,207.73250677653513,1.437147e-06
15.0,0.0,207.73207715955823,1.383625e-06
15.0,0.0,207.7316841319588,1.352048e-06
15.0,0.0,207.73126886232592,1.336826e-06
15.0,0.0,207.73087196571836,1.375491e-06
15.0,0.0,207.73044363337007,1.397901e-06
15.0,0.0,207.7300196906922,1.363471e-06
15.0,0.0,207.7296075124831,1.311855e-06
15.0,0.0,207.72918239333023,1.300155e-06
15.0,0.0,207.72876638694825,1.317327e-06
15.0,0.0,207.72835941348663,1.29464e-06
15.0,0.0,207.72793541706807,1.323991e-06
15.0,0.0,207.727536672606,1.336797e-06
15.0,0.0,207.72708823633772,1.31267e-06
15.0,0.0,207.7266717414141,1.288659e-06
15.0,0.0,207.7262402051788,1.273875e-06
15.0,0.0,207.7258187151147,1.2909e-06
15.0,0.0,207.72541746392443,1.315289e-06
15.0,0.0,207.72497986209228,1.323046e-06
15.0,0.0,207.724552903,1.351975e-06
15.0,0.0,207.7241517958536,1.354347e-06
15.0,0.0,207.72373625490948,1.305903e-06
15.0,0.0,207.72332325632823,1.302062e-06
15.0,0.0,207.7229171766843,1.297289e-06
15.0,0.0,207.72247552277287,1.259148e-06
15.0,0.0,207.72207855314377,1.256427e-06
15.0,0.0,207.72165962218065,1.341396e-06
15.0,0.0,207.72123947545725,1.378256e-06
15.0,0.0,207.7208300556622,1.302833e-06
15.0,0.0,207.72040581814093,1.355511e-06
15.0,0.0,207.72000682572224,1.382548e-06
15.0,0.0,207.71956109744417,1.319888e-06
15.0,0.0,207.71913884943328,1.304899e-06
15.0,0.0,207.71875135831448,1.241933e-06
20.0,0.0,207.99734375,2.281506e-05
20.0,0.0,207.99705865397837,-1.530003e-06
20.0,0.0,207.9969664845895,-5.622715000000001e-07
20.0,0.0,207.99687440144544,4.2462490000000004e-08
20.0,0.0,207.99672580201673,4.944450000000001e-07
20.0,0.0,207.9965403016543,8.308562000000001e-07
20.0,0.0,207.9963231488181,8.553034e-07
20.0,0.0,207.9960367299421,8.091738e-07
20.0,0.0,207.9957156462143,9.681535e-07
20.0,0.0,207.99538040334875,1.131644e-06
20.0,0.0,207.9949925522801,1.180859e-06
20.0,0.0,207.99456881227596,1.232867e-06
20.0,0.0,207.99412282602785,1.236767e-06
20.0,0.0,207.99370777040707,1.337088e-06
20.0,0.0,207.99327925724333,1.359775e-06
20.0,0.0,207.99286032946733,1.320586e-06
20.0,0.0,207.9924632009368,1.342371e-06
20.0,0.0,207.992021670585,1.409775e-06
20.0,0.0,207.99163618001887,1.481938e-06
20.0,0.0,207.9912167728033,1.483248e-06
20.0,0.0,207.99079738485565,1.483742e-06
20.0,0.0,207.99039412352263,1.497494e-06
20.0,0.0,207.989970582306,1.551365e-06
20.0,0.0,207.989571848496,1.527515e-06
20.0,0.0,207.9891481656587,1.556444e-06
20.0,0.0,207.9887111951636,1.434862e-06
20.0,0.0,207.98830039821425,1.312292e-06
20.0,0.0,207.98790506609396,1.450317e-06
20.0,0.0,207.9874669119937,1.396751e-06
20.0,0.0,207.98702528132443,1.442168e-06
20.0,0.0,207.98659452290087,1.479217e-06
20.0,0.0,207.9861952030469,1.390901e-06
20.0,0.0,207.98579088493344,1.457694e-06
20.0,0.0,207.98536976887195,1.451408e-06
20.0,0.0,207.98493923835704,1.458538e-06
20.0,0.0,207.98451564189315,1.461449e-06
20.0,0.0,207.98410188336015,1.473309e-06
20.0,0.0,207.9836865567476,1.500608e-06
20.0,0.0,207.98326152890755,1.489272e-06
20.0,0.0,207.98287622481155,1.464752e-06
20.0,0.0,207.98243886385563,1.516906e-06
20.0,0.0,207.9820013133974,1.46887e-06
20.0,0.0,207.98160888742717,1.450404e-06
20.0,0.0,207.9811673399736,1.477092e-06
20.0,0.0,207.9807685366648,1.437496e-06
20.0,0.0,207.98036195769583,1.485387e-06
20.0,0.0,207.979938294624,1.431428e-06
20.0,0.0,207.97950654296656,1.48722e-06
20.0,0.0,207.97911554749965,1.40084e-06
20.0,0.0,207.97867460232587,1.308348e-06
20.0,0.0,207.97827459598847,1.353066e-06
20.0,0.0,207.97786898171915,1.299093e-06
20.0,0.0,207.97743574460063,1.271197e-06
20.0,0.0,207.97701233009303,1.328764e-06
20.0,0.0,207.9765977260796,1.375869e-06
20.0,0.0,207.97618241860323,1.316672e-06
20.0,0.0,207.9757668171565,1.305161e-06
20.0,0.0,207.9753702174206,1.205277e-06
20.0,0.0,207.97494197597595,1.336535e-06
20.0,0.0,207.9745027326548,1.380147e-06
20.0,0.0,207.97407911581575,1.362016e-06
20.0,0.0,207.973634219255,1.337685e-06
20.0,0.0,207.9732188907176,1.377397e-06
20.0,0.0,207.972831625266,1.415698e-06
20.0,0.0,207.97240301788108,1.421693e-06
20.0,0.0,207.97197232228592,1.389912e-06
20.0,0.0,207.97156414930703,1.272128e-06
20.0,0.0,207.97114221234477,1.322682e-06
20.0,0.0,207.9707385761996,1.428227e-06
20.0,0.0,207.97033959718848,1.456734e-06
20.0,0.0,207.9699096767732,1.386448e-06
20.0,0.0,207.96948835829076,1.503649e-06
20.0,0.0,207.96907064423763,1.500084e-06
20.0,0.0,207.9686499341232,1.378503e-06
20.0,0.0,207.96824547920804,1.47715e-06
20.0,0.0,207.9678462834654,1.434077e-06
20.0,0.0,207.96741535396544,1.531982e-06
20.0,0.0,207.96697362523443,1.460925e-06
20.0,0.0,207.96654985734835,1.450768e-06
20.0,0.0,207.9661457223258,1.471461e-06
20.0,0.0,207.96572695292144,1.464286e-06
20.0,0.0,207.96529859311931,1.457593e-06
20.0,0.0,207.9648760374691,1.51289e-06
20.0,0.0,207.96444520129907,1.509179e-06
20.0,0.0,207.96403693864505,1.45215e-06
20.0,0.0,207.96360877111485,1.448818e-06
20.0,0.0,207.96319300119393,1.389417e-06
20.0,0.0,207.96280547565476,1.472799e-06
20.0,0.0,207.96238167292748,1.498585e-06
20.0,0.0,207.9619507481188,1.519482e-06
20.0,0.0,207.96154298341915,1.492474e-06
20.0,0.0,207.96111649289327,1.442109e-06
20.0,0.0,207.96070124442764,1.504406e-06
20.0,0.0,207.96031350979132,1.426932e-06
20.0,0.0,207.95988826442127,1.430904e-06
20.0,0.0,207.9594439224728,1.375665e-06
20.0,0.0,207.9590497504441,1.440727e-06
20.0,0.0,207.95862470833328,1.316905e-06
20.0,0.0,207.95820924414392,1.40554e-06
20.0,0.0,207.95782162068275,1.411143e-06
20.0,0.0,207.95737516524213,1.468899e-06
20.0,0.0,207.95695109378087,1.410372e-06
20.0,0.0,207.9565523298944,1.283566e-06
20.0,0.0,207.95612808673593,1.333785e-06
20.0,0.0,207.9556886634372,1.283115e-06
20.0,0.0,207.9552732573512,1.34678e-06
20.0,0.0,207.9548550754465,1.394321e-06
20.0,0.0,207.95444207622225,1.434062e-06
20.0,0.0,207.95400825269596,1.378488e-06
20.0,0.0,207.95358550904024,1.412045e-06
20.0,0.0,207.953168468268,1.463457e-06
20.0,0.0,207.9527529504716,1.555338e-06
20.0,0.0,207.95235988134107,1.473454e-06
20.0,0.0,207.95193079114327,1.445878e-06
20.0,0.0,207.9514907519972,1.281136e-06
20.0,0.0,207.95109205426783,1.387816e-06
20.0,0.0,207.95067608085185,1.239023e-06
20.0,0.0,207.950252976215,1.210894e-06
20.0,0.0,207.9498674606346,1.265784e-06
20.0,0.0,207.9494210673916,1.164939e-06
20.0,0.0,207.94901333315553,1.162e-06
20.0,0.0,207.9485988218503,1.216904e-06
20.0,0.0,207.94817409078715,1.22319e-06
20.0,0.0,207.9477590211202,1.097855e-06
20.0,0.0,207.94735171147136,1.198656e-06
20.0,0.0,207.9469280688469,1.14218e-06
20.0,0.0,207.94648961188295,1.078937e-06
20.0,0.0,207.94605889317256,1.323875e-06
20.0,0.0,207.9456567401744,1.252891e-06
20.0,0.0,207.94524846963523,1.265027e-06
20.0,0.0,207.94483334559783,1.312044e-06
20.0,0.0,207.94438569758665,1.241933e-06
20.0,0.0,207.94399644953387,1.25017e-06
20.0,0.0,207.94356305739035,1.286739e-06
20.0,0.0,207.94313946460463,1.395965e-06
20.0,0.0,207.94272743166204,1.377892e-06
20.0,0.0,207.9423168847232,1.398294e-06
20.0,0.0,207.94189303647116,1.340362e-06
20.0,0.0,207.94146881190883,1.374938e-06
20.0,0.0,207.94106963175747,1.269727e-06
20.0,0.0,207.94062398711608,1.533161e-06
20.0,0.0,207.94023306774136,1.382214e-06
20.0,0.0,207.9398211151893,1.363762e-06
20.0,0.0,207.9393946689117,1.492357e-06
20.0,0.0,207.93900082449812,1.471577e-06
20.0,0.0,207.93855598290165,1.452907e-06
20.0,0.0,207.93813234815156,1.272347e-06
20.0,0.0,207.93772952083995,1.312583e-06
20.0,0.0,207.9373291149056,1.309061e-06
20.0,0.0,207.9369008544417,1.171269e-06
20.0,0.0,207.93648054041617,1.258159e-06
20.0,0.0,207.9360620318528,1.040855e-06
20.0,0.0,207.9356396795997,1.09362e-06
20.0,0.0,207.93522441118415,1.163586e-06
20.0,0.0,207.93478760188236,1.404391e-06
20.0,0.0,207.9343638144672,1.153196e-06
20.0,0.0,207.9339311561502,1.184992e-06
20.0,0.0,207.9335411987632,1.013497e-06
20.0,0.0,207.93311753633088,1.226057e-06
20.0,0.0,207.93267696504748,1.132343e-06
20.0,0.0,207.93226975274808,9.432406e-07
20.0,0.0,207.93186849053063,1.163105e-06
20.0,0.0,207.93145078619324,1.127497e-06
20.0,0.0,207.931029817804,1.132925e-06
20.0,0.0,207.93060051233445,1.11376e-06
20.0,0.0,207.93021282665916,1.366279e-06
20.0,0.0,207.9297829552822,1.273103e-06
20.0,0.0,207.92939755340308,1.235807e-06
20.0,0.0,207.9289540403176,1.375272e-06
20.0,0.0,207.92852014853017,1.261957e-06
20.0,0.0,207.9281081229378,1.115128e-06
20.0,0.0,207.92769249599488,1.099703e-06
20.0,0.0,207.92728372519025,1.249384e-06
20.0,0.0,207.9268807795817,1.196211e-06
20.0,0.0,207.926450061729,1.195949e-06
20.0,0.0,207.92601172513773,1.212553e-06
20.0,0.0,207.9255680067195,1.214663e-06
20.0,0.0,207.92518916462825,1.074222e-06
20.0,0.0,207.92475694326697,1.155e-06
20.0,0.0,207.92434193134767,1.079708e-06
20.0,0.0,207.92393408612213,1.180888e-06
20.0,0.0,207.92350343141536,1.136577e-06
20.0,0.0,207.92307080274648,1.104869e-06
20.0,0.0,207.9226648313619,1.107546e-06
20.0,0.0,207.92223772034484,1.044187e-06
20.0,0.0,207.92184867679484,1.177847e-06
20.0,0.0,207.9214260675454,1.272812e-06
20.0,0.0,207.92098795345296,1.170731e-06
20.0,0.0,207.92060269011589,1.116758e-06
20.0,0.0,207.92016112866287,1.153632e-06
20.0,0.0,207.91975557331756,1.092412e-06
20.0,0.0,207.91935548264897,1.018881e-06
20.0,0.0,207.91892471619963,1.075459e-06
20.0,0.0,207.91851679288615,1.047301e-06
20.0,0.0,207.91808502730532,9.979558e-07
20.0,0.0,207.9176611651177,9.700452000000003e-07
20.0,0.0,207.91728096358304,1.06261e-06
20.0,0.0,207.91683808882533,1.074528e-06
20.0,0.0,207.91642363510647,1.007036e-06
20.0,0.0,207.9160155944795,1.098088e-06
20.0,0.0,207.9155694610305,9.961077e-07
20.0,0.0,207.915148765912,9.489304000000001e-07
20.0,0.0,207.91473069840805,1.018343e-06
20.0,0.0,207.91432067898515,8.901989000000001e-07
20.0,0.0,207.91389681104167,1.005756e-06
20.0,0.0,207.9134614081005,1.117049e-06
20.0,0.0,207.91303556841825,9.391370000000001e-07
20.0,0.0,207.9126283430645,9.327196e-07
20.0,0.0,207.912212994843,9.674841000000002e-07
20.0,0.0,207.91182489226097,8.693896e-07
20.0,0.0,207.9113976000464,9.846117000000002e-07
20.0,0.0,207.9109898146732,1.01389e-06
20.0,0.0,207.91055574957937,9.368523000000001e-07
20.0,0.0,207.91015103329212,9.160576e-07
20.0,0.0,207.90974849513552,8.615460999999999e-07
20.0,0.0,207.90930547478237,7.116178000000001e-07
20.0,0.0,207.9088995916403,7.764465000000001e-07
20.0,0.0,207.9084870924061,8.064380000000001e-07
20.0,0.0,207.9080434082476,8.061907e-07
20.0,0.0,207.90763935651924,7.624184999999999e-07
20.0,0.0,207.9072290776569,9.112700000000001e-07
20.0,0.0,207.90681391257257,9.101495000000001e-07
20.0,0.0,207.90636783312135,1.076522e-06
20.0,0.0,207.90596924150657,1.113818e-06
20.0,0.0,207.9055451698024,1.13259e-06
20.0,0.0,207.90509628968988,1.14477e-06
20.0,0.0,207.90469714335347,1.165288e-06
20.0,0.0,207.90429352364288,1.197797e-06
20.0,0.0,207.90387203023053,1.172346e-06
20.0,0.0,207.9034258437008,1.183726e-06
20.0,0.0,207.9030272240786,1.086941e-06
20.0,0.0,207.90260333549773,1.157387e-06
20.0,0.0,207.90221706959855,1.283493e-06
20.0,0.0,207.90177366013248,1.292603e-06
20.0,0.0,207.90135589287297,1.319189e-06
20.0,0.0,207.9009478317124,1.221779e-06
20.0,0.0,207.9005172509478,1.145774e-06
20.0,0.0,207.9001106043024,1.153574e-06
20.0,0.0,207.8996970989837,1.175475e-06
20.0,0.0,207.89928772488983,1.280074e-06
20.0,0.0,207.89888448388507,1.174922e-06
20.0,0.0,207.89843976754733,1.275548e-06
20.0,0.0,207.89804087151265,1.188644e-06
20.0,0.0,207.89761667838283,1.098277e-06
20.0,0.0,207.89720626261385,1.326975e-06
20.0,0.0,207.8967879429771,1.271415e-06
20.0,0.0,207.8963670911612,1.258595e-06
20.0,0.0,207.8959365777571,1.329885e-06
20.0,0.0,207.8955284501255,1.267981e-06
20.0,0.0,207.89509864123096,1.282766e-06
20.0,0.0,207.8946832905901,1.35049e-06
20.0,0.0,207.89424038566528,1.340508e-06
20.0,0.0,207.89382485976247,1.28214e-06
20.0,0.0,207.89341394726665,1.349021e-06
20.0,0.0,207.89298938060335,1.385444e-06
20.0,0.0,207.89255515143512,1.505978e-06
20.0,0.0,207.8921507173336,1.450608e-06
20.0,0.0,207.8917477672918,1.314082e-06
20.0,0.0,207.8913562487736,1.470966e-06
20.0,0.0,207.89092673772404,1.47229e-06
20.0,0.0,207.89050405712825,1.58677e-06
20.0,0.0,207.89008710069288,1.445267e-06
20.0,0.0,207.88966315770648,1.358087e-06
20.0,0.0,207.88924880909445,1.600361e-06
20.0,0.0,207.88884036503285,1.524575e-06
20.0,0.0,207.8884101913052,1.469904e-06
20.0,0.0,207.88800208241275,1.496679e-06
20.0,0.0,207.8875714771332,1.62769e-06
20.0,0.0,207.88715139681207,1.63517e-06
20.0,0.0,207.8867331292044,1.733468e-06
20.0,0.0,207.8863478440492,1.734399e-06
20.0,0.0,207.88589928486675,1.712513e-06
20.0,0.0,207.88546356064475,1.66682e-06
20.0,0.0,207.88505570388307,1.665452e-06
20.0,0.0,207.88463197933348,1.563283e-06
20.0,0.0,207.88421662957631,1.789813e-06
20.0,0.0,207.883786183203,1.789478e-06
20.0,0.0,207.88340070891664,1.800523e-06
20.0,0.0,207.88295726314388,1.703651e-06
20.0,0.0,207.8825226647332,1.738692e-06
20.0,0.0,207.88213448053267,1.748136e-06
20.0,0.0,207.8817225596992,1.769353e-06
20.0,0.0,207.88130774436328,1.781766e-06
20.0,0.0,207.88088336535355,1.771215e-06
20.0,0.0,207.88047539745733,1.706052e-06
20.0,0.0,207.88004458838248,1.85908e-06
20.0,0.0,207.8796406796848,1.894543e-06
20.0,0.0,207.87923068018708,1.875887e-06
20.0,0.0,207.87881560511067,1.835215e-06
20.0,0.0,207.87840683868356,1.771434e-06
20.0,0.0,207.87797043960043,1.882101e-06
20.0,0.0,207.87755083701936,1.823471e-06
20.0,0.0,207.87714767333176,1.902037e-06
20.0,0.0,207.87671037330745,1.764289e-06
20.0,0.0,207.87629996842315,1.743552e-06
20.0,0.0,207.87589568686187,1.761044e-06
20.0,0.0,207.87546460037447,1.900029e-06
20.0,0.0,207.87502736560305,1.778259e-06
20.0,0.0,207.8746034019825,1.754248e-06
20.0,0.0,207.87419475870996,1.796012e-06
20.0,0.0,207.8737742149686,1.867054e-06
20.0,0.0,207.87335636832327,1.7657e-06
20.0,0.0,207.87292573467175,1.838373e-06
20.0,0.0,207.8725176086708,1.835753e-06
20.0,0.0,207.87208672852017,1.78389e-06
20.0,0.0,207.87168703393672,1.737382e-06
20.0,0.0,207.87128202491184,1.677123e-06
20.0,0.0,207.87083965730088,1.757318e-06
20.0,0.0,207.87045423268157,1.783847e-06
20.0,0.0,207.8700162144084,1.80144e-06
20.0,0.0,207.86961504638583,1.874752e-06
20.0,0.0,207.8691936118855,1.831766e-06
20.0,0.0,207.8687614568164,1.891589e-06
20.0,0.0,207.86836656087328,1.831751e-06
20.0,0.0,207.8679376896471,1.880762e-06
20.0,0.0,207.8675069707156,1.87094e-06
20.0,0.0,207.8670994002188,1.921653e-06
20.0,0.0,207.8666846152176,1.904031e-06
20.0,0.0,207.86626915524633,1.871609e-06
20.0,0.0,207.86582607045423,1.880981e-06
20.0,0.0,207.8654149665194,1.869121e-06
20.0,0.0,207.86499069717976,1.91656e-06
20.0,0.0,207.86456008918233,1.98136e-06
20.0,0.0,207.864157754892,1.930355e-06
20.0,0.0,207.8637495987988,1.999113e-06
20.0,0.0,207.86331014640533,1.989509e-06
20.0,0.0,207.86292104964767,2.076078e-06
20.0,0.0,207.86248786400927,2.093904e-06
20.0,0.0,207.8620484112751,1.978158e-06
20.0,0.0,207.8616652313021,2.05703e-06
20.0,0.0,207.86123001455744,2.036133e-06
20.0,0.0,207.86084235671288,2.08657e-06
20.0,0.0,207.86041182229977,2.088549e-06
20.0,0.0,207.85998082697165,2.084198e-06
20.0,0.0,207.85957299837196,2.101107e-06
20.0,0.0,207.8591532283191,1.945853e-06
20.0,0.0,207.85874623105624,2.085071e-06
20.0,0.0,207.85833718628828,2.147586e-06
20.0,0.0,207.8579077497085,2.122382e-06
20.0,0.0,207.85748665360785,2.210814e-06
20.0,0.0,207.85706906316312,2.238492e-06
20.0,0.0,207.8566482736551,2.129178e-06
20.0,0.0,207.85624383112443,2.058849e-06
20.0,0.0,207.85584476572532,2.060711e-06
20.0,0.0,207.85539624890387,2.122702e-06
20.0,0.0,207.85496055343023,2.098008e-06
20.0,0.0,207.85452999279363,2.147484e-06
20.0,0.0,207.85412490043777,2.043744e-06
20.0,0.0,207.85371278715047,2.032612e-06
20.0,0.0,207.85329710061083,2.009096e-06
20.0,0.0,207.8528529971786,1.953187e-06
20.0,0.0,207.8524667064816,1.989218e-06
20.0,0.0,207.85203031191685,2.15086e-06
20.0,0.0,207.8516280859372,1.995242e-06
20.0,0.0,207.85119289717755,2.046072e-06
20.0,0.0,207.85078969437825,2.017041e-06
20.0,0.0,207.8503856918234,2.040571e-06
20.0,0.0,207.84996308745212,2.043686e-06
20.0,0.0,207.84954321667385,1.952343e-06
20.0,0.0,207.84911677798996,2.015207e-06
20.0,0.0,207.84872939141968,1.838634e-06
20.0,0.0,207.84831409399297,2.050627e-06
20.0,0.0,207.84786834658777,2.020446e-06
20.0,0.0,207.8474807318804,2.082321e-06
20.0,0.0,207.84704541292248,1.94888e-06
20.0,0.0,207.84659655449164,2.068045e-06
20.0,0.0,207.8461806945628,1.967637e-06
20.0,0.0,207.84577298842993,1.959372e-06
20.0,0.0,207.84537122357395,1.849839e-06
20.0,0.0,207.8449250274141,1.991153e-06
20.0,0.0,207.84449586395675,1.893597e-06
20.0,0.0,207.84410229232736,1.892782e-06
20.0,0.0,207.843660276508,1.943845e-06
20.0,0.0,207.84325496243005,1.8922e-06
20.0,0.0,207.8428551547005,1.824257e-06
20.0,0.0,207.8424241645264,1.990687e-06
20.0,0.0,207.84201603120388,1.892986e-06
20.0,0.0,207.8415844912528,1.829176e-06
20.0,0.0,207.84117754803887,1.788809e-06
20.0,0.0,207.8407806805569,1.830369e-06
20.0,0.0,207.8403388583184,1.860055e-06
20.0,0.0,207.83993929951407,1.917477e-06
20.0,0.0,207.8395157590365,1.776352e-06
20.0,0.0,207.8391148333344,1.613778e-06
20.0,0.0,207.8386761947445,2.020213e-06
20.0,0.0,207.83826101736787,1.806358e-06
20.0,0.0,207.8378662201068,1.704902e-06
20.0,0.0,207.8374375448196,1.946973e-06
20.0,0.0,207.83699793315128,1.962442e-06
20.0,0.0,207.83659854237607,1.907232e-06
20.0,0.0,207.83618405993315,1.83571e-06
20.0,0.0,207.83575984202463,1.778142e-06
20.0,0.0,207.83535273772807,1.724024e-06
20.0,0.0,207.8349213870192,1.674547e-06
20.0,0.0,207.83449087071267,1.649532e-06
20.0,0.0,207.8340568206164,1.618508e-06
20.0,0.0,207.83365231699264,1.720691e-06
20.0,0.0,207.8332223659069,1.779685e-06
20.0,0.0,207.8328071306944,1.720473e-06
20.0,0.0,207.83240037497168,1.802226e-06
20.0,0.0,207.83197441266685,1.885579e-06
20.0,0.0,207.8315475778977,1.823442e-06
20.0,0.0,207.83114444012344,1.815104e-06
20.0,0.0,207.83074038453535,1.887427e-06
20.0,0.0,207.83034157660904,1.879787e-06
20.0,0.0,207.82989281000116,1.80339e-06
20.0,0.0,207.82950309350903,1.995373e-06
20.0,0.0,207.82907003842976,1.824868e-06
20.0,0.0,207.82866401894856,1.869601e-06
20.0,0.0,207.82824698026144,1.771084e-06
20.0,0.0,207.8278211567684,1.704873e-06
20.0,0.0,207.82739445146248,1.69102e-06
20.0,0.0,207.82698634588348,1.541688e-06
20.0,0.0,207.82655551121343,1.544788e-06
20.0,0.0,207.82613177164092,1.574153e-06
20.0,0.0,207.82568878318915,1.522305e-06
20.0,0.0,207.82528639861417,1.583438e-06
20.0,0.0,207.82488176638168,1.533117e-06
20.0,0.0,207.8244472536211,1.576962e-06
20.0,0.0,207.8240226757264,1.421577e-06
20.0,0.0,207.82361143696752,1.353139e-06
20.0,0.0,207.82319600057195,1.346692e-06
20.0,0.0,207.82276955400312,1.449313e-06
20.0,0.0,207.82236341566457,1.352702e-06
20.0,0.0,207.8219395532159,1.346809e-06
20.0,0.0,207.82154075964775,1.397057e-06
20.0,0.0,207.82109206663625,1.421809e-06
20.0,0.0,207.82070661389136,1.3643e-06
20.0,0.0,207.8202885916864,1.395238e-06
20.0,0.0,207.81986774543887,1.391003e-06
20.0,0.0,207.81945952244257,1.523018e-06
20.0,0.0,207.8190287762228,1.427252e-06
20.0,0.0,207.81862321648927,1.41222e-06
20.0,0.0,207.81821133295372,1.440305e-06
20.0,0.0,207.81778175725017,1.441571e-06
20.0,0.0,207.81739669627876,1.365639e-06
20.0,0.0,207.81695284607233,1.451961e-06
20.0,0.0,207.8165188466108,1.464883e-06
20.0,0.0,207.81610605600088,1.461347e-06
20.0,0.0,207.8156907481363,1.440028e-06
20.0,0.0,207.81528246040372,1.417342e-06
20.0,0.0,207.81488023967265,1.406705e-06
20.0,0.0,207.8144351240286,1.511304e-06
20.0,0.0,207.81401105815027,1.501568e-06
20.0,0.0,207.81356492235747,1.601569e-06
20.0,0.0,207.81314335758717,1.597538e-06
20.0,0.0,207.81275564411803,1.675086e-06
20.0,0.0,207.81234009654733,1.64815e-06
20.0,0.0,207.81192524846372,1.652123e-06
20.0,0.0,207.8115020975561,1.765424e-06
20.0,0.0,207.81109433990375,1.649518e-06
20.0,0.0,207.81067907586504,1.686407e-06
20.0,0.0,207.8102556858043,1.754597e-06
20.0,0.0,207.80984761159823,1.890774e-06
20.0,0.0,207.80942369768283,1.756358e-06
20.0,0.0,207.80902458044957,1.811044e-06
20.0,0.0,207.80857762073316,1.842462e-06
20.0,0.0,207.8081586604546,1.855733e-06
20.0,0.0,207.80775357861347,1.976208e-06
20.0,0.0,207.80735351010372,1.935317e-06
20.0,0.0,207.80692254441385,1.890745e-06
20.0,0.0,207.80648145276712,1.934022e-06
20.0,0.0,207.80608371133656,1.943641e-06
20.0,0.0,207.80566602263443,1.982291e-06
20.0,0.0,207.80522258537457,1.990687e-06
20.0,0.0,207.8048070444304,1.899942e-06
20.0,0.0,207.80440055657596,2.239889e-06
20.0,0.0,207.80397502146164,1.993438e-06
20.0,0.0,207.80353941141672,1.991793e-06
20.0,0.0,207.8031361762698,1.982145e-06
20.0,0.0,207.80273027574043,1.984474e-06
20.0,0.0,207.80229714814527,2.007364e-06
20.0,0.0,207.80189321542008,1.937311e-06
20.0,0.0,207.8014579549618,1.818931e-06
20.0,0.0,207.80104978231327,1.852473e-06
20.0,0.0,207.80062468043016,1.863125e-06
20.0,0.0,207.8002226532244,1.950029e-06
20.0,0.0,207.79982159195973,1.766486e-06
20.0,0.0,207.7994113876105,1.832464e-06
20.0,0.0,207.79898704847295,1.919252e-06
20.0,0.0,207.7985563494333,1.888271e-06
20.0,0.0,207.79813267932656,1.91119e-06
20.0,0.0,207.79774483351517,1.915687e-06
20.0,0.0,207.79730600694583,1.913315e-06
20.0,0.0,207.7968821390024,1.850436e-06
20.0,0.0,207.79648340602253,1.911481e-06
20.0,0.0,207.79603977566364,1.992681e-06
20.0,0.0,207.79561242803447,1.99693e-06
20.0,0.0,207.79522494354225,2.000641e-06
20.0,0.0,207.7948092023308,1.907261e-06
20.0,0.0,207.79438449014384,1.84674e-06
20.0,0.0,207.79393969703256,1.893888e-06
20.0,0.0,207.7935157017286,1.997134e-06
20.0,0.0,207.79311478620195,1.988024e-06
20.0,0.0,207.792676413448,2.015033e-06
20.0,0.0,207.79226106262553,1.995228e-06
20.0,0.0,207.79186605224575,2.034314e-06
20.0,0.0,207.7914375857168,2.024608e-06
20.0,0.0,207.7910141053296,2.150497e-06
20.0,0.0,207.7906002662939,2.172834e-06
20.0,0.0,207.79018477448344,2.180503e-06
20.0,0.0,207.78979727796988,2.180997e-06
20.0,0.0,207.78937496557768,2.17183e-06
20.0,0.0,207.7889294437992,2.185028e-06
20.0,0.0,207.7885362059252,2.155241e-06
20.0,0.0,207.7881083769703,2.196088e-06
20.0,0.0,207.78769788059589,2.094108e-06
20.0,0.0,207.7872843543972,2.12586e-06
20.0,0.0,207.78686056149684,2.090528e-06
20.0,0.0,207.7864283576575,2.116896e-06
20.0,0.0,207.78601300263665,2.136221e-06
20.0,0.0,207.78558939334272,2.11224e-06
20.0,0.0,207.78517321112565,2.041939e-06
20.0,0.0,207.7847416494592,2.04402e-06
20.0,0.0,207.7843430357837,1.922555e-06
20.0,0.0,207.78391934294064,1.977707e-06
20.0,0.0,207.78348161628563,1.991139e-06
20.0,0.0,207.7830735291316,1.875233e-06
20.0,0.0,207.78265374309584,2.013199e-06
20.0,0.0,207.78224892775597,1.939785e-06
20.0,0.0,207.78184937302163,1.807042e-06
20.0,0.0,207.7814009713389,1.851789e-06
20.0,0.0,207.78101072707045,1.88539e-06
20.0,0.0,207.78057840655,1.881956e-06
20.0,0.0,207.78017144812873,1.70173e-06
20.0,0.0,207.77975517693673,1.707696e-06
20.0,0.0,207.7793320707526,1.78357e-06
20.0,0.0,207.7789321432208,1.831038e-06
20.0,0.0,207.77849327104127,1.796579e-06
20.0,0.0,207.77806264170815,1.786553e-06
20.0,0.0,207.77766071870823,1.729117e-06
20.0,0.0,207.7772529392012,1.802691e-06
20.0,0.0,207.7768158253788,1.733744e-06
20.0,0.0,207.77643040075944,1.757217e-06
20.0,0.0,207.77599004741623,1.658846e-06
20.0,0.0,207.77556891822448,1.770866e-06
20.0,0.0,207.77516743719747,1.812368e-06
20.0,0.0,207.7747326630598,1.777866e-06
20.0,0.0,207.7743174526965,1.834778e-06
20.0,0.0,207.77389135397752,1.750042e-06
20.0,0.0,207.77344704583436,1.837165e-06
20.0,0.0,207.77305222595973,1.83392e-06
20.0,0.0,207.77262767845608,1.824577e-06
20.0,0.0,207.77218410290251,1.912093e-06
20.0,0.0,207.77180095585888,1.832828e-06
20.0,0.0,207.7713772880302,1.899229e-06
20.0,0.0,207.77097872133092,1.826367e-06
20.0,0.0,207.7705358205036,1.836612e-06
20.0,0.0,207.77015064602708,1.831213e-06
20.0,0.0,207.76972038737227,2.002984e-06
20.0,0.0,207.76930475642024,1.919296e-06
20.0,0.0,207.76889896561923,1.993889e-06
20.0,0.0,207.768473220297,2.030851e-06
20.0,0.0,207.76803722714132,2.023269e-06
20.0,0.0,207.7676344179718,1.940061e-06
20.0,0.0,207.76721492016796,1.885259e-06
20.0,0.0,207.766785408048,1.786466e-06
20.0,0.0,207.7663654294708,1.94578e-06
20.0,0.0,207.76595726793263,1.951761e-06
20.0,0.0,207.7655262740808,1.973545e-06
20.0,0.0,207.76509568245163,1.964785e-06
20.0,0.0,207.76468733453572,1.790599e-06
20.0,0.0,207.764272998137,1.938359e-06
20.0,0.0,207.7638492109781,1.955312e-06
20.0,0.0,207.76341790278715,1.997352e-06
20.0,0.0,207.76301016153957,2.021072e-06
20.0,0.0,207.76257946149823,1.868495e-06
20.0,0.0,207.76217896515223,1.94968e-06
20.0,0.0,207.7617733030895,1.936947e-06
20.0,0.0,207.7613753839908,1.851076e-06
20.0,0.0,207.7609476173532,1.916269e-06
20.0,0.0,207.76050889814408,1.873443e-06
20.0,0.0,207.76010855221165,1.830689e-06
20.0,0.0,207.75968613986353,1.971683e-06
20.0,0.0,207.7593087487222,1.782377e-06
20.0,0.0,207.7588634355513,1.854176e-06
20.0,0.0,207.7584312231848,1.849417e-06
20.0,0.0,207.75802279142047,1.516339e-06
20.0,0.0,207.7575918924125,1.564898e-06
20.0,0.0,207.7571927642593,1.747263e-06
20.0,0.0,207.75678853092276,1.793785e-06
20.0,0.0,207.75634515347764,1.662716e-06
20.0,0.0,207.75592146060112,1.650929e-06
20.0,0.0,207.75552288616095,1.521679e-06
20.0,0.0,207.7550756643573,1.575798e-06
20.0,0.0,207.7546563755861,1.679247e-06
20.0,0.0,207.754240834642,1.710709e-06
20.0,0.0,207.75380625195675,1.733279e-06
20.0,0.0,207.75342089555812,1.684151e-06
20.0,0.0,207.75297959763603,1.524764e-06
20.0,0.0,207.752541232789,1.664594e-06
20.0,0.0,207.7521363466443,1.766937e-06
20.0,0.0,207.75174338167483,1.71749e-06
20.0,0.0,207.75133330823155,1.669381e-06
20.0,0.0,207.75090453648303,1.633336e-06
20.0,0.0,207.7504963613578,1.700289e-06
20.0,0.0,207.7500652310644,1.76586e-06
20.0,0.0,207.7496633866841,1.718639e-06
20.0,0.0,207.7492555767278,1.783832e-06
20.0,0.0,207.74884030709487,1.677792e-06
20.0,0.0,207.74842534383583,1.651482e-06
20.0,0.0,207.747992668916,1.675027e-06
20.0,0.0,207.7475689284556,1.593275e-06
20.0,0.0,207.7471632372859,1.600914e-06
20.0,0.0,207.74673563116727,1.585038e-06
20.0,0.0,207.7463206460988,1.583481e-06
20.0,0.0,207.74589416708264,1.469118e-06
20.0,0.0,207.745474345675,1.476743e-06
20.0,0.0,207.7450514728301,1.579217e-06
20.0,0.0,207.74462773491376,1.514665e-06
20.0,0.0,207.74418818503065,1.573091e-06
20.0,0.0,207.7437800049908,1.62395e-06
20.0,0.0,207.7433778477124,1.654902e-06
20.0,0.0,207.74294671667957,1.661043e-06
20.0,0.0,207.7425383195734,1.590757e-06
20.0,0.0,207.74211073174143,1.531167e-06
20.0,0.0,207.7417100442977,1.712193e-06
20.0,0.0,207.7413079709897,1.685185e-06
20.0,0.0,207.74086255536463,1.660781e-06
20.0,0.0,207.7404756283536,1.754466e-06
20.0,0.0,207.74004007618143,1.729437e-06
20.0,0.0,207.73963700351896,1.702356e-06
20.0,0.0,207.73921758808012,1.577369e-06
20.0,0.0,207.7387981573891,1.640961e-06
20.0,0.0,207.73839485574396,1.690161e-06
20.0,0.0,207.73795976700245,1.749489e-06
20.0,0.0,207.737534275164,1.684457e-06
20.0,0.0,207.73712668134007,1.642984e-06
20.0,0.0,207.7367114059536,1.814624e-06
20.0,0.0,207.73628184379447,1.91998e-06
20.0,0.0,207.73587642601737,1.744236e-06
20.0,0.0,207.7354540242364,1.787295e-06
20.0,0.0,207.73501605568092,1.868233e-06
20.0,0.0,207.7346151761884,1.563341e-06
20.0,0.0,207.7341766033503,1.498076e-06
20.0,0.0,207.73376105797567,1.573688e-06
20.0,0.0,207.733345417727,1.321678e-06
20.0,0.0,207.7329296713422,1.338645e-06
20.0,0.0,207.73249810700568,1.450986e-06
20.0,0.0,207.73207611941007,1.481094e-06
20.0,0.0,207.73167587772977,1.531429e-06
20.0,0.0,207.73126000341773,1.606953e-06
20.0,0.0,207.73085263435516,1.546461e-06
20.0,0.0,207.73042091983731,1.458786e-06
20.0,0.0,207.73002990037597,1.461609e-06
20.0,0.0,207.72958254873515,1.424618e-06
20.0,0.0,207.72916449293956,1.475375e-06
20.0,0.0,207.72877700182073,1.593391e-06
20.0,0.0,207.72835845752547,1.513734e-06
20.0,0.0,207.72794140725983,1.470107e-06
20.0,0.0,207.72751916101367,1.486173e-06
20.0,0.0,207.7270882109881,1.372842e-06
20.0,0.0,207.72664426415363,1.435896e-06
20.0,0.0,207.72624022742744,1.367735e-06
20.0,0.0,207.7258409528139,1.412234e-06
20.0,0.0,207.72541078988377,1.404114e-06
20.0,0.0,207.72498264386903,1.529552e-06
20.0,0.0,207.7245531412296,1.35442e-06
20.0,0.0,207.724152385405,1.299588e-06
20.0,0.0,207.72370932555916,1.556444e-06
20.0,0.0,207.72330287307616,1.690816e-06
20.0,0.0,207.72289979214403,1.443434e-06
20.0,0.0,207.72247483232505,1.468507e-06
20.0,0.0,207.72205584828845,1.43201e-06
20.0,0.0,207.72163187227,1.509121e-06
20.0,0.0,207.7212443877777,1.537817e-06
20.0,0.0,207.7208288339758,1.398905e-06
20.0,0.0,207.7204167403791,1.395558e-06
20.0,0.0,207.71998234584035,1.589957e-06
20.0,0.0,207.71956179763288,1.509907e-06
20.0,0.0,207.71915986881777,1.543114e-06
20.0,0.0,207.71872416427945,1.508277e-06
25.0,0.0,207.99734375,2.28085e-05
25.0,0.0,207.9970586838953,-1.772423e-06
25.0,0.0,207.9969665687765,-8.311181000000001e-07
25.0,0.0,207.99687437905,-2.520246e-07
25.0,0.0,207.99673061101848,1.8480930000000003e-07
25.0,0.0,207.99655078878047,5.186448000000001e-07
25.0,0.0,207.99632194279528,7.484487e-07
25.0,0.0,207.99602651437772,7.632625000000001e-07
25.0,0.0,207.99572168609103,9.054056e-07
25.0,0.0,207.99538077317044,1.087377e-06
25.0,0.0,207.99496785189228,1.17482e-06
25.0,0.0,207.9945315180489,1.255961e-06
25.0,0.0,207.99412294609172,1.276567e-06
25.0,0.0,207.99370751307123,1.307402e-06
25.0,0.0,207.99329738367553,1.263266e-06
25.0,0.0,207.99289313476353,1.38364e-06
25.0,0.0,207.9924492835404,1.360284e-06
25.0,0.0,207.9920252121144,1.400389e-06
25.0,0.0,207.99162336909697,1.391367e-06
25.0,0.0,207.99121522084903,1.432199e-06
25.0,0.0,207.99079935871669,1.481647e-06
25.0,0.0,207.99037657960756,1.491237e-06
25.0,0.0,207.98998102860145,1.450433e-06
25.0,0.0,207.98953774475052,1.543216e-06
25.0,0.0,207.9891096740621,1.517517e-06
25.0,0.0,207.988722225056,1.500928e-06
25.0,0.0,207.98830665067487,1.456967e-06
25.0,0.0,207.98786144970768,1.416221e-06
25.0,0.0,207.98746325496475,1.415261e-06
25.0,0.0,207.98702196434613,1.448352e-06
25.0,0.0,207.98659117603023,1.45394e-06
25.0,0.0,207.98619230142344,1.426219e-06
25.0,0.0,207.98578779046187,1.36983e-06
25.0,0.0,207.98534463407563,1.388413e-06
25.0,0.0,207.98492021981937,1.414272e-06
25.0,0.0,207.98452131495085,1.395645e-06
25.0,0.0,207.9840746500776,1.440712e-06
25.0,0.0,207.9836740327845,1.408087e-06
25.0,0.0,207.98326775336352,1.39566e-06
25.0,0.0,207.98285073429224,1.359032e-06
25.0,0.0,207.9824343664576,1.36446e-06
25.0,0.0,207.98201184664504,1.375462e-06
25.0,0.0,207.98158205993127,1.294742e-06
25.0,0.0,207.9811907351873,1.367109e-06
25.0,0.0,207.98075715444625,1.321678e-06
25.0,0.0,207.98037678132948,1.289955e-06
25.0,0.0,207.979934693248,1.323715e-06
25.0,0.0,207.97949551763008,1.389664e-06
25.0,0.0,207.97908774487715,1.365668e-06
25.0,0.0,207.97867095541093,1.358057e-06
25.0,0.0,207.9782645317736,1.365144e-06
25.0,0.0,207.97786341519787,1.2698e-06
25.0,0.0,207.97743245213235,1.211258e-06
25.0,0.0,207.97702462598008,1.124645e-06
25.0,0.0,207.97659366537184,1.168257e-06
25.0,0.0,207.97616991345336,1.229317e-06
25.0,0.0,207.97575482559776,1.132255e-06
25.0,0.0,207.97534687048656,1.056862e-06
25.0,0.0,207.9749160204648,1.299399e-06
25.0,0.0,207.97448530177,1.334527e-06
25.0,0.0,207.97405042114883,1.185486e-06
25.0,0.0,207.97364650773665,1.154753e-06
25.0,0.0,207.97322791971447,1.162887e-06
25.0,0.0,207.97279980559713,1.202658e-06
25.0,0.0,207.9723950064017,1.273322e-06
25.0,0.0,207.97196910327713,1.219058e-06
25.0,0.0,207.9715609743432,1.230583e-06
25.0,0.0,207.97113795430144,1.36788e-06
25.0,0.0,207.97073491396583,1.365566e-06
25.0,0.0,207.97033488142665,1.287641e-06
25.0,0.0,207.96990543708617,1.312714e-06
25.0,0.0,207.9694971255194,1.2948e-06
25.0,0.0,207.96906385100473,1.268883e-06
25.0,0.0,207.968658480972,1.321678e-06
25.0,0.0,207.96822967718208,1.400374e-06
25.0,0.0,207.9678143585882,1.473862e-06
25.0,0.0,207.96740585839177,1.510576e-06
25.0,0.0,207.96698076102265,1.529115e-06
25.0,0.0,207.96654582386157,1.477878e-06
25.0,0.0,207.96612182602584,1.641092e-06
25.0,0.0,207.9657113287536,1.698965e-06
25.0,0.0,207.965294635378,1.678127e-06
25.0,0.0,207.9648729582354,1.726046e-06
25.0,0.0,207.964454780198,1.59489e-06
25.0,0.0,207.96403406214137,1.621622e-06
25.0,0.0,207.96360572274483,1.681605e-06
25.0,0.0,207.96319532844797,1.643464e-06
25.0,0.0,207.9627814459145,1.514738e-06
25.0,0.0,207.96235745289937,1.636465e-06
25.0,0.0,207.9619587324175,1.557943e-06
25.0,0.0,207.96151737928096,1.648121e-06
25.0,0.0,207.96111097473724,1.581197e-06
25.0,0.0,207.960697792404,1.59585e-06
25.0,0.0,207.96028837180344,1.448105e-06
25.0,0.0,207.95988539005276,1.575565e-06
25.0,0.0,207.9594405595525,1.466004e-06
25.0,0.0,207.95904642483487,1.387918e-06
25.0,0.0,207.9586204714572,1.591208e-06
25.0,0.0,207.9582077586159,1.467284e-06
25.0,0.0,207.95779513900027,1.337408e-06
25.0,0.0,207.95737157652897,1.456661e-06
25.0,0.0,207.95695148709845,1.501438e-06
25.0,0.0,207.9565306288445,1.510067e-06
25.0,0.0,207.95610100482529,1.474793e-06
25.0,0.0,207.95570115604423,1.600332e-06
25.0,0.0,207.95529757181257,1.468681e-06
25.0,0.0,207.95485335107827,1.411783e-06
25.0,0.0,207.95442940809184,1.485751e-06
25.0,0.0,207.95399108719863,1.553053e-06
25.0,0.0,207.95356327273132,1.481458e-06
25.0,0.0,207.95316564422876,1.590175e-06
25.0,0.0,207.95275023977487,1.591412e-06
25.0,0.0,207.9523578128702,1.548251e-06
25.0,0.0,207.9519118573644,1.506021e-06
25.0,0.0,207.951505592472,1.380715e-06
25.0,0.0,207.95108934720295,1.160137e-06
25.0,0.0,207.950681686042,1.362845e-06
25.0,0.0,207.9502666428908,1.482549e-06
25.0,0.0,207.94984261761428,1.462729e-06
25.0,0.0,207.94942738109668,1.260094e-06
25.0,0.0,207.9490040584574,1.39825e-06
25.0,0.0,207.94857497602945,1.438631e-06
25.0,0.0,207.94818109209712,1.306311e-06
25.0,0.0,207.94776529461797,1.396358e-06
25.0,0.0,207.94732406759647,1.35861e-06
25.0,0.0,207.9469322742888,1.37114e-06
25.0,0.0,207.94650118818396,1.452412e-06
25.0,0.0,207.94605604064128,1.452019e-06
25.0,0.0,207.9456321463936,1.426801e-06
25.0,0.0,207.94522950931068,1.309541e-06
25.0,0.0,207.94482946379304,1.25845e-06
25.0,0.0,207.94440127726384,1.277178e-06
25.0,0.0,207.943958036516,1.256994e-06
25.0,0.0,207.94355944514504,1.333436e-06
25.0,0.0,207.94313555236607,1.053995e-06
25.0,0.0,207.9427235760368,1.265929e-06
25.0,0.0,207.9423096299334,1.181834e-06
25.0,0.0,207.9418849355073,1.2214e-06
25.0,0.0,207.94147664414115,1.153778e-06
25.0,0.0,207.94104595283736,1.204331e-06
25.0,0.0,207.9406423508651,1.249442e-06
25.0,0.0,207.94023187733077,1.301538e-06
25.0,0.0,207.9398162456828,1.261098e-06
25.0,0.0,207.9394075826804,1.102904e-06
25.0,0.0,207.938971407334,9.430078e-07
25.0,0.0,207.9385551813141,1.085922e-06
25.0,0.0,207.93815450010047,1.021239e-06
25.0,0.0,207.93771109415053,9.765208000000002e-07
25.0,0.0,207.9373254144973,1.076958e-06
25.0,0.0,207.93690169663995,9.687355000000002e-07
25.0,0.0,207.93646550843997,7.249764000000001e-07
25.0,0.0,207.9360573787952,9.429496e-07
25.0,0.0,207.93563366513897,9.212235000000001e-07
25.0,0.0,207.93521847887305,8.743518000000001e-07
25.0,0.0,207.93477556970936,7.583731e-07
25.0,0.0,207.93435724542593,6.042537000000001e-07
25.0,0.0,207.93395950848847,7.051131e-07
25.0,0.0,207.93351810461076,6.501796e-07
25.0,0.0,207.93308736076312,7.280905e-07
25.0,0.0,207.93268760224728,7.110648000000001e-07
25.0,0.0,207.93228215357547,5.480397e-07
25.0,0.0,207.93186251756936,6.545306000000001e-07
25.0,0.0,207.93145453240007,6.720074e-07
25.0,0.0,207.93101663898608,6.161426000000001e-07
25.0,0.0,207.93061558285808,5.932234000000001e-07
25.0,0.0,207.93019370358093,7.069320000000001e-07
25.0,0.0,207.92977666897204,4.5797790000000003e-07
25.0,0.0,207.9293712184339,5.491602e-07
25.0,0.0,207.92893777829968,7.141061000000001e-07
25.0,0.0,207.92853000707737,6.870832000000001e-07
25.0,0.0,207.9281006617998,6.707996e-07
25.0,0.0,207.92768539235013,6.865303e-07
25.0,0.0,207.9272772370645,5.821203000000001e-07
25.0,0.0,207.92687547179048,5.424081e-07
25.0,0.0,207.9264447956143,5.865877000000001e-07
25.0,0.0,207.9260063591481,6.264308000000001e-07
25.0,0.0,207.9255825701268,6.138871000000001e-07
25.0,0.0,207.92517534315496,6.774208e-07
25.0,0.0,207.92474437419847,8.576462e-07
25.0,0.0,207.9243349353177,6.869668000000001e-07
25.0,0.0,207.92390579431287,6.844784000000001e-07
25.0,0.0,207.92347484852007,6.428745000000001e-07
25.0,0.0,207.92308894437923,7.516500999999999e-07
25.0,0.0,207.92264508432248,7.179187e-07
25.0,0.0,207.9222300086492,6.424234000000001e-07
25.0,0.0,207.9218423791583,5.290349e-07
25.0,0.0,207.92141186590283,6.184855e-07
25.0,0.0,207.92098094174892,7.231138000000001e-07
25.0,0.0,207.92057294809464,7.845956000000001e-07
25.0,0.0,207.92015293844327,7.307826e-07
25.0,0.0,207.91974835818928,8.046045000000001e-07
25.0,0.0,207.9193488097544,7.58766e-07
25.0,0.0,207.91891795395327,7.733179000000001e-07
25.0,0.0,207.91851364676268,6.932532000000001e-07
25.0,0.0,207.9180902093275,8.660427e-07
25.0,0.0,207.91764619062533,7.998605999999999e-07
25.0,0.0,207.9172509809972,7.837953e-07
25.0,0.0,207.91684265167683,7.509515999999999e-07
25.0,0.0,207.91641193114307,7.427589000000001e-07
25.0,0.0,207.91598136691883,6.56597e-07
25.0,0.0,207.91557339889317,7.310591e-07
25.0,0.0,207.91515382902244,7.211492999999999e-07
25.0,0.0,207.91473822586417,8.409988e-07
25.0,0.0,207.9143230401616,6.617629000000001e-07
25.0,0.0,207.9138763481822,6.061746000000001e-07
25.0,0.0,207.91345268510383,8.86459e-07
25.0,0.0,207.91305403311907,6.586342e-07
25.0,0.0,207.9126300201061,7.123017000000001e-07
25.0,0.0,207.91219111325285,7.10148e-07
25.0,0.0,207.91178792183013,6.658229000000001e-07
25.0,0.0,207.91138374205855,6.353366000000001e-07
25.0,0.0,207.9109601734905,6.367336000000001e-07
25.0,0.0,207.91056111278937,6.795308e-07
25.0,0.0,207.91013729487463,7.798517e-07
25.0,0.0,207.9096990056306,7.423369000000001e-07
25.0,0.0,207.9093145595842,7.806956999999999e-07
25.0,0.0,207.90889094178416,8.261122e-07
25.0,0.0,207.90845584258983,7.271738e-07
25.0,0.0,207.9080680373572,7.874041e-07
25.0,0.0,207.9076222711432,6.620976000000001e-07
25.0,0.0,207.90720705409453,8.671341e-07
25.0,0.0,207.90679164849604,8.306961000000001e-07
25.0,0.0,207.90638888847107,7.893977e-07
25.0,0.0,207.9059622765104,8.006754999999999e-07
25.0,0.0,207.90553164412216,7.544439999999999e-07
25.0,0.0,207.90510244413213,8.165953e-07
25.0,0.0,207.9046778251896,1.013235e-06
25.0,0.0,207.90426214314104,9.02277e-07
25.0,0.0,207.9038551956473,8.684728999999999e-07
25.0,0.0,207.90343110284792,7.450581e-07
25.0,0.0,207.9029920539545,9.606447000000001e-07
25.0,0.0,207.9026065611144,9.649229000000001e-07
25.0,0.0,207.90216644333853,7.831841000000001e-07
25.0,0.0,207.9017678258487,9.572686000000002e-07
25.0,0.0,207.90136167023013,9.192445000000001e-07
25.0,0.0,207.9009295212149,1.044318e-06
25.0,0.0,207.900506817132,9.563955e-07
25.0,0.0,207.900115417197,1.028515e-06
25.0,0.0,207.8996746397554,1.043227e-06
25.0,0.0,207.89927475597736,9.706418e-07
25.0,0.0,207.89886888900617,9.929063e-07
25.0,0.0,207.89843579365876,9.788782000000002e-07
25.0,0.0,207.89800520905553,9.744545e-07
25.0,0.0,207.8975973661828,1.016044e-06
25.0,0.0,207.89718241497727,1.012988e-06
25.0,0.0,207.8967671685416,1.081789e-06
25.0,0.0,207.8963704070032,9.193463000000001e-07
25.0,0.0,207.89594206725988,8.619680999999999e-07
25.0,0.0,207.89551107554016,9.182404000000001e-07
25.0,0.0,207.89507868981016,9.877403000000002e-07
25.0,0.0,207.8946550424941,1.076158e-06
25.0,0.0,207.89421875421917,1.04346e-06
25.0,0.0,207.89381055558647,1.116015e-06
25.0,0.0,207.8934082230588,1.107081e-06
25.0,0.0,207.89297171039473,1.052584e-06
25.0,0.0,207.8925411474669,1.224442e-06
25.0,0.0,207.8921559955215,1.301145e-06
25.0,0.0,207.89172642041004,1.240769e-06
25.0,0.0,207.89131710077737,1.295557e-06
25.0,0.0,207.8909155476813,1.386084e-06
25.0,0.0,207.8904784350068,1.240434e-06
25.0,0.0,207.8900929832584,1.319859e-06
25.0,0.0,207.88964957858408,1.29285e-06
25.0,0.0,207.88923414218849,1.343797e-06
25.0,0.0,207.8888457332506,1.305452e-06
25.0,0.0,207.88841497210197,1.300476e-06
25.0,0.0,207.88798420410805,1.267283e-06
25.0,0.0,207.88755343853296,1.252978e-06
25.0,0.0,207.88715049491665,1.237771e-06
25.0,0.0,207.88674125250375,1.282053e-06
25.0,0.0,207.886325843902,1.277192e-06
25.0,0.0,207.88587894111504,1.32776e-06
25.0,0.0,207.88545512320033,1.38981e-06
25.0,0.0,207.88505655691256,1.551336e-06
25.0,0.0,207.8846326190028,1.494729e-06
25.0,0.0,207.8841936396044,1.5447e-06
25.0,0.0,207.88379012106563,1.323642e-06
25.0,0.0,207.88338581565424,1.364504e-06
25.0,0.0,207.88295136141315,1.313412e-06
25.0,0.0,207.88252060038556,1.230801e-06
25.0,0.0,207.88211421231213,1.362205e-06
25.0,0.0,207.88170113618617,1.427863e-06
25.0,0.0,207.88129160756912,1.602471e-06
25.0,0.0,207.88088792262485,1.467663e-06
25.0,0.0,207.8804570226992,1.557812e-06
25.0,0.0,207.88002587064992,1.624692e-06
25.0,0.0,207.8796202859044,1.388107e-06
25.0,0.0,207.87920766265904,1.665961e-06
25.0,0.0,207.87879728142008,1.583903e-06
25.0,0.0,207.8783933264563,1.578373e-06
25.0,0.0,207.87796265789328,1.682973e-06
25.0,0.0,207.87753719110304,1.565364e-06
25.0,0.0,207.8771309849756,1.620734e-06
25.0,0.0,207.87671563760088,1.673674e-06
25.0,0.0,207.87627940550627,1.710403e-06
25.0,0.0,207.87585551254847,1.666398e-06
25.0,0.0,207.8754694051677,1.720968e-06
25.0,0.0,207.87503337760216,1.792403e-06
25.0,0.0,207.8745853948276,1.848763e-06
25.0,0.0,207.87416808028908,1.798995e-06
25.0,0.0,207.87375266927307,1.84853e-06
25.0,0.0,207.8733371732519,1.820445e-06
25.0,0.0,207.87292299496048,1.645385e-06
25.0,0.0,207.87249952371576,1.769266e-06
25.0,0.0,207.87206901283096,1.747816e-06
25.0,0.0,207.87166764249255,1.70563e-06
25.0,0.0,207.8712604168418,1.703942e-06
25.0,0.0,207.870845078702,1.828084e-06
25.0,0.0,207.8704369242963,1.653592e-06
25.0,0.0,207.8700061807088,1.584398e-06
25.0,0.0,207.86959840811565,1.628447e-06
25.0,0.0,207.86918362839455,1.716791e-06
25.0,0.0,207.8687646233372,1.880137e-06
25.0,0.0,207.86836325132845,1.945402e-06
25.0,0.0,207.8679344847453,1.926266e-06
25.0,0.0,207.8675036782372,1.941327e-06
25.0,0.0,207.86707313919044,1.851207e-06
25.0,0.0,207.86668081338783,1.840541e-06
25.0,0.0,207.86625173586856,1.733541e-06
25.0,0.0,207.8658359103601,1.799941e-06
25.0,0.0,207.8653875305504,1.744716e-06
25.0,0.0,207.86499814741103,1.855486e-06
25.0,0.0,207.86456459092136,2.028493e-06
25.0,0.0,207.86411841981968,1.959939e-06
25.0,0.0,207.8637175218483,1.964872e-06
25.0,0.0,207.86330623656863,1.993772e-06
25.0,0.0,207.86288236355625,1.807406e-06
25.0,0.0,207.8624835514956,1.78453e-06
25.0,0.0,207.8620403220656,1.810229e-06
25.0,0.0,207.861635891358,1.926455e-06
25.0,0.0,207.8612316145881,1.777298e-06
25.0,0.0,207.8608047046336,1.8336e-06
25.0,0.0,207.8604022628756,1.88702e-06
25.0,0.0,207.85997822258776,1.887296e-06
25.0,0.0,207.85957940847732,1.845183e-06
25.0,0.0,207.85913462781673,1.90211e-06
25.0,0.0,207.85873136913548,1.933993e-06
25.0,0.0,207.85832011169808,1.838125e-06
25.0,0.0,207.85789579889655,1.856795e-06
25.0,0.0,207.85747148416456,1.83536e-06
25.0,0.0,207.85705219824288,1.935725e-06
25.0,0.0,207.8566274945598,1.905471e-06
25.0,0.0,207.85623970433596,1.826644e-06
25.0,0.0,207.855823320838,1.840119e-06
25.0,0.0,207.85538615970515,1.841981e-06
25.0,0.0,207.85495557725469,1.779743e-06
25.0,0.0,207.85454754099612,1.814653e-06
25.0,0.0,207.85412178007329,1.751934e-06
25.0,0.0,207.85369531271144,1.865279e-06
25.0,0.0,207.85326349671385,1.804146e-06
25.0,0.0,207.8528772565424,1.879773e-06
25.0,0.0,207.8524370078584,1.781329e-06
25.0,0.0,207.85202682222263,1.667431e-06
25.0,0.0,207.8516170768409,1.784865e-06
25.0,0.0,207.85119047958477,1.708759e-06
25.0,0.0,207.85081354448988,1.840279e-06
25.0,0.0,207.8503675661057,1.763241e-06
25.0,0.0,207.84993162381687,1.89546e-06
25.0,0.0,207.84953807756992,1.912122e-06
25.0,0.0,207.84911054713308,1.859968e-06
25.0,0.0,207.84869924969664,1.87644e-06
25.0,0.0,207.8483074203616,1.897133e-06
25.0,0.0,207.84786213951287,1.862762e-06
25.0,0.0,207.8474493565524,1.97292e-06
25.0,0.0,207.84703334909435,1.803201e-06
25.0,0.0,207.846604434332,1.876775e-06
25.0,0.0,207.84617977699924,1.728069e-06
25.0,0.0,207.84574615097245,1.796754e-06
25.0,0.0,207.8453546821737,1.785447e-06
25.0,0.0,207.8449248413592,1.74492e-06
25.0,0.0,207.84448341795496,1.893452e-06
25.0,0.0,207.84409824347844,1.858047e-06
25.0,0.0,207.843656027146,1.797423e-06
25.0,0.0,207.8432407641397,1.796056e-06
25.0,0.0,207.84285062123075,1.862951e-06
25.0,0.0,207.84242068411464,1.735069e-06
25.0,0.0,207.84200885583547,1.791312e-06
25.0,0.0,207.8415709730336,1.61909e-06
25.0,0.0,207.8411697474721,1.675027e-06
25.0,0.0,207.84076292436893,1.713212e-06
25.0,0.0,207.84034688021677,1.671928e-06
25.0,0.0,207.83993895187723,1.852604e-06
25.0,0.0,207.83950826057347,1.723893e-06
25.0,0.0,207.8390688150911,1.73338e-06
25.0,0.0,207.83867296393245,1.664885e-06
25.0,0.0,207.8382578311688,1.513617e-06
25.0,0.0,207.83784240525955,1.603374e-06
25.0,0.0,207.83743433158108,1.633714e-06
25.0,0.0,207.83699452162176,1.74313e-06
25.0,0.0,207.83659513792935,1.696288e-06
25.0,0.0,207.83616631966223,1.757769e-06
25.0,0.0,207.835750716504,1.671928e-06
25.0,0.0,207.83531400681716,1.801658e-06
25.0,0.0,207.8349123651956,1.56711e-06
25.0,0.0,207.83448882243852,1.712062e-06
25.0,0.0,207.8340446897354,1.373002e-06
25.0,0.0,207.8336056061112,1.581226e-06
25.0,0.0,207.8332176072269,1.605746e-06
25.0,0.0,207.83280219591433,1.868844e-06
25.0,0.0,207.8323788302559,1.703404e-06
25.0,0.0,207.83197077149893,1.77887e-06
25.0,0.0,207.83154016582407,1.684981e-06
25.0,0.0,207.83113581017437,1.691005e-06
25.0,0.0,207.83071154491356,1.686116e-06
25.0,0.0,207.83030465794,1.821332e-06
25.0,0.0,207.829901811282,1.82142e-06
25.0,0.0,207.82946585738088,1.745473e-06
25.0,0.0,207.82903989980304,1.947265e-06
25.0,0.0,207.8286342861809,1.858178e-06
25.0,0.0,207.82823659795784,1.828841e-06
25.0,0.0,207.8278199645177,1.889319e-06
25.0,0.0,207.82739625137177,1.754364e-06
25.0,0.0,207.82696069036527,1.744964e-06
25.0,0.0,207.8265353690938,1.845547e-06
25.0,0.0,207.82612836664865,1.945198e-06
25.0,0.0,207.82571300700783,2.027227e-06
25.0,0.0,207.8252838538344,1.905108e-06
25.0,0.0,207.8248640233137,1.927358e-06
25.0,0.0,207.8244466553276,1.636305e-06
25.0,0.0,207.82401864595687,1.704873e-06
25.0,0.0,207.82359475299913,1.830515e-06
25.0,0.0,207.82320709538976,1.781998e-06
25.0,0.0,207.8227684928154,1.851295e-06
25.0,0.0,207.82233662339647,1.931985e-06
25.0,0.0,207.82193736855845,1.817447e-06
25.0,0.0,207.82152666732645,1.919849e-06
25.0,0.0,207.82111668177356,1.752866e-06
25.0,0.0,207.8206903173702,1.766428e-06
25.0,0.0,207.82029149899464,1.766486e-06
25.0,0.0,207.81987864221523,1.705717e-06
25.0,0.0,207.81943135483752,1.740846e-06
25.0,0.0,207.81903261852605,1.691849e-06
25.0,0.0,207.81860902014077,1.653098e-06
25.0,0.0,207.81819948232857,1.750013e-06
25.0,0.0,207.81778010044272,1.819033e-06
25.0,0.0,207.81736088415087,1.671753e-06
25.0,0.0,207.8169262845387,1.588895e-06
25.0,0.0,207.81652744378775,1.675391e-06
25.0,0.0,207.81607982204093,1.789114e-06
25.0,0.0,207.81569434358127,1.824985e-06
25.0,0.0,207.8152733483846,1.824767e-06
25.0,0.0,207.81485520575777,1.747874e-06
25.0,0.0,207.8144166533242,1.863227e-06
25.0,0.0,207.8139823509549,1.785811e-06
25.0,0.0,207.8135515183748,1.842011e-06
25.0,0.0,207.81314799756433,1.812165e-06
25.0,0.0,207.8127385676684,1.785869e-06
25.0,0.0,207.8123040623477,1.828434e-06
25.0,0.0,207.81190155634425,1.876368e-06
25.0,0.0,207.81147731506837,1.963563e-06
25.0,0.0,207.8110693469728,1.904133e-06
25.0,0.0,207.8106483703837,1.757042e-06
25.0,0.0,207.810260631324,1.878463e-06
25.0,0.0,207.8098448676068,1.858876e-06
25.0,0.0,207.809429072192,1.723631e-06
25.0,0.0,207.80900206656807,1.809574e-06
25.0,0.0,207.80856661291088,1.833949e-06
25.0,0.0,207.80816977012435,1.837339e-06
25.0,0.0,207.80775419475984,1.864217e-06
25.0,0.0,207.8073141819004,1.907232e-06
25.0,0.0,207.80689026878244,1.941211e-06
25.0,0.0,207.80649145257385,1.898705e-06
25.0,0.0,207.8060554396777,1.758381e-06
25.0,0.0,207.80563159674864,1.899505e-06
25.0,0.0,207.80522029662157,1.844048e-06
25.0,0.0,207.80480523499483,1.927081e-06
25.0,0.0,207.80438126676327,1.93539e-06
25.0,0.0,207.8039505034205,1.823704e-06
25.0,0.0,207.80354033593557,1.801236e-06
25.0,0.0,207.80310245336173,1.79885e-06
25.0,0.0,207.8026872409868,1.713473e-06
25.0,0.0,207.8022998593727,1.745822e-06
25.0,0.0,207.8018772778728,1.722539e-06
25.0,0.0,207.80146908542903,1.783759e-06
25.0,0.0,207.80103822681457,1.80729e-06
25.0,0.0,207.8006442706404,1.660097e-06
25.0,0.0,207.8002094331112,1.648106e-06
25.0,0.0,207.79979897216276,1.73955e-06
25.0,0.0,207.7993952316824,1.824475e-06
25.0,0.0,207.79896422051195,1.719804e-06
25.0,0.0,207.79853822757784,1.730587e-06
25.0,0.0,207.79813208998087,1.749286e-06
25.0,0.0,207.7977033442888,1.793e-06
25.0,0.0,207.797315717106,1.761e-06
25.0,0.0,207.79689000217647,1.834051e-06
25.0,0.0,207.79645928412384,1.82027e-06
25.0,0.0,207.79605138346847,1.750945e-06
25.0,0.0,207.79562674888524,1.915163e-06
25.0,0.0,207.7951926438137,1.77903e-06
25.0,0.0,207.79478294916368,1.671084e-06
25.0,0.0,207.79434069722973,1.749358e-06
25.0,0.0,207.7939414995841,1.868088e-06
25.0,0.0,207.79351767985463,1.720196e-06
25.0,0.0,207.79307108509713,1.762775e-06
25.0,0.0,207.79267014589723,1.726032e-06
25.0,0.0,207.79227766530107,1.763576e-06
25.0,0.0,207.79183616799483,1.71896e-06
25.0,0.0,207.7914364924005,1.688357e-06
25.0,0.0,207.7910123283066,1.626875e-06
25.0,0.0,207.79061164261913,1.8914e-06
25.0,0.0,207.79017226498357,1.93913e-06
25.0,0.0,207.78976930756235,1.978769e-06
25.0,0.0,207.78937640490005,1.829671e-06
25.0,0.0,207.78893082772152,1.939799e-06
25.0,0.0,207.7885004852751,1.989232e-06
25.0,0.0,207.7881080670752,2.036366e-06
25.0,0.0,207.78766638778575,1.932203e-06
25.0,0.0,207.7872601584237,1.839275e-06
25.0,0.0,207.78684897393697,1.90617e-06
25.0,0.0,207.78642527192403,1.90179e-06
25.0,0.0,207.78598725517972,2.070621e-06
25.0,0.0,207.78555963626647,1.927314e-06
25.0,0.0,207.78516061256144,1.937777e-06
25.0,0.0,207.78474522512687,1.807581e-06
25.0,0.0,207.78430389478848,1.858774e-06
25.0,0.0,207.78388990486695,1.86816e-06
25.0,0.0,207.7834819062421,1.76375e-06
25.0,0.0,207.78305114521447,1.770808e-06
25.0,0.0,207.782648067316,1.777269e-06
25.0,0.0,207.7822388080882,1.882727e-06
25.0,0.0,207.78180421500107,1.678432e-06
25.0,0.0,207.78141092264323,1.777822e-06
25.0,0.0,207.7809770987024,1.700217e-06
25.0,0.0,207.7805690150746,1.778899e-06
25.0,0.0,207.78014825461685,1.807944e-06
25.0,0.0,207.7797331729139,1.788881e-06
25.0,0.0,207.77934534475304,1.86215e-06
25.0,0.0,207.7788968761784,1.934517e-06
25.0,0.0,207.77848304325948,1.766923e-06
25.0,0.0,207.77806480429456,1.792796e-06
25.0,0.0,207.7776430801777,1.729204e-06
25.0,0.0,207.77723954888907,1.772729e-06
25.0,0.0,207.7768400905462,1.803972e-06
25.0,0.0,207.7763912436364,1.678534e-06
25.0,0.0,207.7759839095563,1.640146e-06
25.0,0.0,207.77555941677727,1.542532e-06
25.0,0.0,207.7751363783682,1.771783e-06
25.0,0.0,207.774708372558,1.772161e-06
25.0,0.0,207.77427770589577,1.819397e-06
25.0,0.0,207.77385878854403,1.68549e-06
25.0,0.0,207.7734508149813,1.789973e-06
25.0,0.0,207.77302556506257,1.795604e-06
25.0,0.0,207.77262397922985,1.853143e-06
25.0,0.0,207.77218787121777,1.787092e-06
25.0,0.0,207.7717793679313,1.747903e-06
25.0,0.0,207.77137740902612,1.837005e-06
25.0,0.0,207.77094682376892,1.854612e-06
25.0,0.0,207.77053620527303,1.864581e-06
25.0,0.0,207.77009750054384,1.9008e-06
25.0,0.0,207.76969823311916,1.935972e-06
25.0,0.0,207.76929449627465,1.840439e-06
25.0,0.0,207.76887272592955,1.817447e-06
25.0,0.0,207.76846468661748,1.995097e-06
25.0,0.0,207.76803388010933,2.112633e-06
25.0,0.0,207.76763936913815,2.012486e-06
25.0,0.0,207.7672040144256,1.781242e-06
25.0,0.0,207.7667884390611,1.942666e-06
25.0,0.0,207.7663678381662,1.674081e-06
25.0,0.0,207.7659214089041,1.793349e-06
25.0,0.0,207.7655228167148,1.854831e-06
25.0,0.0,207.76509887956985,1.62689e-06
25.0,0.0,207.76467098509508,1.599357e-06
25.0,0.0,207.76424897158304,1.766763e-06
25.0,0.0,207.7638634332624,1.90502e-06
25.0,0.0,207.76341633298108,1.817592e-06
25.0,0.0,207.76298872299267,1.811917e-06
25.0,0.0,207.76257107111536,1.744935e-06
25.0,0.0,207.76216100774704,1.847497e-06
25.0,0.0,207.76177717384263,1.720677e-06
25.0,0.0,207.76133488644615,1.761538e-06
25.0,0.0,207.76091086841677,1.783686e-06
25.0,0.0,207.76051203204796,1.689637e-06
25.0,0.0,207.76006619430143,1.888722e-06
25.0,0.0,207.75968087985123,1.732595e-06
25.0,0.0,207.7592715071798,1.838678e-06
25.0,0.0,207.75887389034372,1.60934e-06
25.0,0.0,207.75843082488748,1.965804e-06
25.0,0.0,207.75800716302265,1.761713e-06
25.0,0.0,207.75760680899248,1.856839e-06
25.0,0.0,207.75716652360572,1.796812e-06
25.0,0.0,207.75675625817556,1.891865e-06
25.0,0.0,207.7563692065172,1.857014e-06
25.0,0.0,207.75592542940228,1.807435e-06
25.0,0.0,207.75548728518112,1.672015e-06
25.0,0.0,207.7550795221848,1.838926e-06
25.0,0.0,207.7546610011006,1.64051e-06
25.0,0.0,207.7542452100124,1.687484e-06
25.0,0.0,207.75381602113103,1.596854e-06
25.0,0.0,207.75339031914385,1.409557e-06
25.0,0.0,207.75297086353973,1.667067e-06
25.0,0.0,207.7525472712607,1.698063e-06
25.0,0.0,207.75212332827428,1.659108e-06
25.0,0.0,207.75172458912016,1.637993e-06
25.0,0.0,207.75130316792385,1.662105e-06
25.0,0.0,207.75090841481665,1.536115e-06
25.0,0.0,207.75047773932835,1.645531e-06
25.0,0.0,207.75006979702735,1.591179e-06
25.0,0.0,207.74964920437057,1.501408e-06
25.0,0.0,207.7492061562237,1.591587e-06
25.0,0.0,207.7488209235108,1.528824e-06
25.0,0.0,207.748407072174,1.572524e-06
25.0,0.0,207.74796134897707,1.534179e-06
25.0,0.0,207.74756210641496,1.466135e-06
25.0,0.0,207.74713786325648,1.396271e-06
25.0,0.0,207.74669972053007,1.497407e-06
25.0,0.0,207.7462898831902,1.362409e-06
25.0,0.0,207.74588683255644,1.352862e-06
25.0,0.0,207.74545491266423,1.384251e-06
25.0,0.0,207.74501435625183,1.476175e-06
25.0,0.0,207.74460768004388,1.574474e-06
25.0,0.0,207.7441936806661,1.421213e-06
25.0,0.0,207.74377841276504,1.617154e-06
25.0,0.0,207.7433368931221,1.852517e-06
25.0,0.0,207.74294483285848,1.588996e-06
25.0,0.0,207.74251688574967,1.404798e-06
25.0,0.0,207.74210377430663,1.506167e-06
25.0,0.0,207.7416882270016,1.582113e-06
25.0,0.0,207.7413007358828,1.599343e-06
25.0,0.0,207.74087765859645,1.525143e-06
25.0,0.0,207.74045921192516,1.442866e-06
25.0,0.0,207.74002738039275,1.417531e-06
25.0,0.0,207.73959681223704,1.54828e-06
25.0,0.0,207.7392093211994,1.604625e-06
25.0,0.0,207.7387937749533,1.567169e-06
25.0,0.0,207.7383500338808,1.452543e-06
25.0,0.0,207.73796423722777,1.550288e-06
25.0,0.0,207.73753052628305,1.57865e-06
25.0,0.0,207.7371165864627,1.138877e-06
25.0,0.0,207.736703576344,1.494933e-06
25.0,0.0,207.73628831333767,1.508044e-06
25.0,0.0,207.73584511959925,1.161694e-06
25.0,0.0,207.73544661908207,1.408189e-06
25.0,0.0,207.73500659388716,1.37747e-06
25.0,0.0,207.7345864035824,9.462674000000001e-07
25.0,0.0,207.7341425391452,1.054257e-06
25.0,0.0,207.73374867770644,1.340435e-06
25.0,0.0,207.73334005623337,1.32405e-06
25.0,0.0,207.73290982359816,1.392851e-06
25.0,0.0,207.73248849628868,1.375636e-06
25.0,0.0,207.73206944445997,1.309018e-06
25.0,0.0,207.7316362317876,1.354754e-06
25.0,0.0,207.73124874066875,1.309381e-06
25.0,0.0,207.73083374897368,1.29953e-06
25.0,0.0,207.73042063038167,1.15647e-06
25.0,0.0,207.72999694417055,1.240143e-06
25.0,0.0,207.72956835089056,1.297929e-06
25.0,0.0,207.72918135026083,1.228822e-06
25.0,0.0,207.72874300906645,1.226814e-06
25.0,0.0,207.72835257110768,1.388107e-06
25.0,0.0,207.7279226973644,1.366629e-06
25.0,0.0,207.7274920272978,1.433218e-06
25.0,0.0,207.72708407957515,1.422246e-06
25.0,0.0,207.72666666559584,1.421868e-06
25.0,0.0,207.72623780301527,1.420471e-06
25.0,0.0,207.72579965197093,1.364839e-06
25.0,0.0,207.72541221663775,1.586974e-06
25.0,0.0,207.7249769194676,1.492153e-06
25.0,0.0,207.72455267948592,1.439446e-06
25.0,0.0,207.72410506782757,1.496766e-06
25.0,0.0,207.72372407420616,1.402106e-06
25.0,0.0,207.7232936965954,1.521301e-06
25.0,0.0,207.72286970835012,1.435343e-06
25.0,0.0,207.7224704657881,1.335458e-06
25.0,0.0,207.7220280430303,1.405177e-06
25.0,0.0,207.72164281871568,1.339897e-06
25.0,0.0,207.72121068034272,1.22952e-06
25.0,0.0,207.72079999565457,1.244451e-06
25.0,0.0,207.72039580275617,1.389504e-06
25.0,0.0,207.7199651244784,1.397028e-06
25.0,0.0,207.71955740694776,1.311942e-06
25.0,0.0,207.7191337829292,1.26638e-06
25.0,0.0,207.7187183289317,1.387147e-06
30.0,0.0,207.99734375,2.274844e-05
30.0,0.0,207.99706023615587,-1.775159e-06
30.0,0.0,207.9969719232678,-9.499927000000002e-07
30.0,0.0,207.996883707378,-6.342889000000001e-07
30.0,0.0,207.99674299595424,-1.9153230000000003e-07
30.0,0.0,207.9965514135592,1.206936e-07
30.0,0.0,207.99632442948783,2.550951e-07
30.0,0.0,207.99604184276683,5.093752000000001e-07
30.0,0.0,207.9957381971743,6.559567000000001e-07
30.0,0.0,207.9953849440247,7.842027000000001e-07
30.0,0.0,207.99498044358043,9.06919e-07
30.0,0.0,207.99454958826087,1.00903e-06
30.0,0.0,207.99412452132435,1.031221e-06
30.0,0.0,207.99372255175717,1.138542e-06
30.0,0.0,207.99332114414983,1.185894e-06
30.0,0.0,207.99289428366532,1.257635e-06
30.0,0.0,207.9924505595787,1.303153e-06
30.0,0.0,207.99205564908428,1.408029e-06
30.0,0.0,207.99163204576692,1.458277e-06
30.0,0.0,207.99121724464928,1.383305e-06
30.0,0.0,207.9908060220792,1.4424e-06
30.0,0.0,207.99038211911568,1.361012e-06
30.0,0.0,207.9899832309312,1.394903e-06
30.0,0.0,207.98955934380228,1.446664e-06
30.0,0.0,207.98911267831713,1.447785e-06
30.0,0.0,207.98873722890707,1.508568e-06
30.0,0.0,207.98831005204335,1.477238e-06
30.0,0.0,207.98788529668016,1.499953e-06
30.0,0.0,207.9874777650936,1.402266e-06
30.0,0.0,207.9870473033617,1.325781e-06
30.0,0.0,207.98662188708087,1.324559e-06
30.0,0.0,207.9862086080387,1.31852e-06
30.0,0.0,207.98581873550464,1.247536e-06
30.0,0.0,207.98537239821368,1.22904e-06
30.0,0.0,207.98494885823567,1.217515e-06
30.0,0.0,207.9845086421921,1.220484e-06
30.0,0.0,207.9841013782741,1.218519e-06
30.0,0.0,207.98368664377665,1.181979e-06
30.0,0.0,207.98327152005632,1.23684e-06
30.0,0.0,207.98285400258416,1.245542e-06
30.0,0.0,207.9824461731636,9.566284e-07
30.0,0.0,207.98201554537707,1.186665e-06
30.0,0.0,207.98160892301755,1.214838e-06
30.0,0.0,207.98119498289415,1.276509e-06
30.0,0.0,207.98077580587244,1.346518e-06
30.0,0.0,207.98036959986487,1.292807e-06
30.0,0.0,207.9799410347712,1.353401e-06
30.0,0.0,207.9795103706531,1.220527e-06
30.0,0.0,207.9791029783058,1.330773e-06
30.0,0.0,207.97868837748376,1.332621e-06
30.0,0.0,207.97827262145972,1.246517e-06
30.0,0.0,207.97787459118967,1.33396e-06
30.0,0.0,207.97744684317777,1.333421e-06
30.0,0.0,207.97701599772537,1.287714e-06
30.0,0.0,207.97660947901525,1.302556e-06
30.0,0.0,207.97619566845864,1.280263e-06
30.0,0.0,207.97578044497376,1.231281e-06
30.0,0.0,207.975338244232,1.221066e-06
30.0,0.0,207.97491426122264,1.207169e-06
30.0,0.0,207.97452240201247,1.251712e-06
30.0,0.0,207.97409147840497,1.093416e-06
30.0,0.0,207.9736675896496,1.112683e-06
30.0,0.0,207.97323274439864,1.172244e-06
30.0,0.0,207.9728174228624,1.221924e-06
30.0,0.0,207.97240838219437,1.281238e-06
30.0,0.0,207.9719833333376,1.289227e-06
30.0,0.0,207.9715560225025,1.190507e-06
30.0,0.0,207.97115564948632,1.095308e-06
30.0,0.0,207.97074013633596,1.107954e-06
30.0,0.0,207.97035049991368,1.158318e-06
30.0,0.0,207.9699204834014,1.19202e-06
30.0,0.0,207.96948979059457,1.259701e-06
30.0,0.0,207.96908152450828,1.2854e-06
30.0,0.0,207.96866356582123,1.263368e-06
30.0,0.0,207.9682483568924,1.211432e-06
30.0,0.0,207.96781197566625,1.200024e-06
30.0,0.0,207.9674268048102,1.293767e-06
30.0,0.0,207.96698621891653,1.371693e-06
30.0,0.0,207.96656250105917,1.277644e-06
30.0,0.0,207.96611587558056,1.287888e-06
30.0,0.0,207.96572658228104,1.420165e-06
30.0,0.0,207.965313224009,1.381122e-06
30.0,0.0,207.96488766886847,1.347958e-06
30.0,0.0,207.9644569478997,1.213906e-06
30.0,0.0,207.96404895469647,1.346067e-06
30.0,0.0,207.9636235635252,1.299268e-06
30.0,0.0,207.96320801595445,1.269582e-06
30.0,0.0,207.9627979028036,1.224224e-06
30.0,0.0,207.962393918436,1.24464e-06
30.0,0.0,207.9619629444876,1.272929e-06
30.0,0.0,207.9615548404199,1.316293e-06
30.0,0.0,207.96113064604663,1.271328e-06
30.0,0.0,207.9607151540635,1.232329e-06
30.0,0.0,207.9603277251588,1.279506e-06
30.0,0.0,207.95989993866007,1.334178e-06
30.0,0.0,207.959456537896,1.30586e-06
30.0,0.0,207.95906088532513,1.178763e-06
30.0,0.0,207.95863845120647,1.331544e-06
30.0,0.0,207.9582099379354,1.187247e-06
30.0,0.0,207.9577911361014,1.256951e-06
30.0,0.0,207.9573869525016,1.262917e-06
30.0,0.0,207.95696335971587,1.295892e-06
30.0,0.0,207.95652745607015,1.25909e-06
30.0,0.0,207.9561400800739,1.243199e-06
30.0,0.0,207.95570160280647,1.369335e-06
30.0,0.0,207.95528599302168,1.340799e-06
30.0,0.0,207.95486590999096,1.379711e-06
30.0,0.0,207.95445796521304,1.434717e-06
30.0,0.0,207.95402082136368,1.46206e-06
30.0,0.0,207.95359717854933,1.297536e-06
30.0,0.0,207.9531542334246,1.416163e-06
30.0,0.0,207.9527664087804,1.389126e-06
30.0,0.0,207.9523496819357,1.436143e-06
30.0,0.0,207.9519333842809,1.453547e-06
30.0,0.0,207.95151056205677,1.428256e-06
30.0,0.0,207.95108098099553,1.486173e-06
30.0,0.0,207.95068909446013,1.468201e-06
30.0,0.0,207.9502637200441,1.486173e-06
30.0,0.0,207.94987865926885,1.403198e-06
30.0,0.0,207.94943355903936,1.503024e-06
30.0,0.0,207.94900292819452,1.399458e-06
30.0,0.0,207.94858668370625,1.388937e-06
30.0,0.0,207.94816951021883,1.464054e-06
30.0,0.0,207.9477631686489,1.470355e-06
30.0,0.0,207.94736247710023,1.49697e-06
30.0,0.0,207.94693155106296,1.323089e-06
30.0,0.0,207.9464914913777,1.330875e-06
30.0,0.0,207.94609262647012,1.298555e-06
30.0,0.0,207.94566900867008,1.260269e-06
30.0,0.0,207.94523438130577,1.252716e-06
30.0,0.0,207.9448192477428,1.263645e-06
30.0,0.0,207.94440981706623,1.334934e-06
30.0,0.0,207.94398492276264,1.262379e-06
30.0,0.0,207.94354997508893,1.235414e-06
30.0,0.0,207.94314573410688,1.21769e-06
30.0,0.0,207.9427269864767,1.223409e-06
30.0,0.0,207.94230679253232,1.262801e-06
30.0,0.0,207.94190382912095,1.199805e-06
30.0,0.0,207.941467196912,1.165856e-06
30.0,0.0,207.9410806685868,1.161883e-06
30.0,0.0,207.94063605573584,1.220847e-06
30.0,0.0,207.94023306373555,1.295353e-06
30.0,0.0,207.93983305146665,1.255408e-06
30.0,0.0,207.93940436668893,1.197521e-06
30.0,0.0,207.93899614938823,1.069435e-06
30.0,0.0,207.93856556155595,1.144086e-06
30.0,0.0,207.93814369943553,1.169363e-06
30.0,0.0,207.93775593170287,1.042819e-06
30.0,0.0,207.93731567010187,1.01226e-06
30.0,0.0,207.93689190703088,1.038177e-06
30.0,0.0,207.9364928847828,9.606447000000001e-07
30.0,0.0,207.93604856131196,9.611686e-07
30.0,0.0,207.9356452549172,8.774223e-07
30.0,0.0,207.93523543026677,9.659707000000002e-07
30.0,0.0,207.93482012746583,8.346105000000001e-07
30.0,0.0,207.93437372684508,7.935887000000001e-07
30.0,0.0,207.93394945795717,8.890638e-07
30.0,0.0,207.9335088995631,8.719508000000001e-07
30.0,0.0,207.93310135263775,8.165516e-07
30.0,0.0,207.9326869835539,9.526993000000001e-07
30.0,0.0,207.93227871317367,8.341740000000001e-07
30.0,0.0,207.93187640914613,1.026565e-06
30.0,0.0,207.93143073155585,1.0769e-06
30.0,0.0,207.93103767345,9.33258e-07
30.0,0.0,207.93060958585227,1.035412e-06
30.0,0.0,207.9302220047256,9.576324000000002e-07
30.0,0.0,207.92977904658653,9.833457000000002e-07
30.0,0.0,207.929379374566,1.003558e-06
30.0,0.0,207.92896248161972,9.569776000000002e-07
30.0,0.0,207.92852691060435,9.805517000000001e-07
30.0,0.0,207.92811724541664,1.027831e-06
30.0,0.0,207.927701618232,1.019405e-06
30.0,0.0,207.92728610131425,1.100081e-06
30.0,0.0,207.92688464473153,9.985379e-07
30.0,0.0,207.92644398631137,1.057691e-06
30.0,0.0,207.92602018744708,9.442738e-07
30.0,0.0,207.9255730857068,1.000095e-06
30.0,0.0,207.92518771154147,9.223731000000001e-07
30.0,0.0,207.92476557208437,1.136665e-06
30.0,0.0,207.9243490655903,1.143446e-06
30.0,0.0,207.92390078001137,1.050663e-06
30.0,0.0,207.923510146756,1.169639e-06
30.0,0.0,207.92307769874068,1.131833e-06
30.0,0.0,207.92267093604613,1.260516e-06
30.0,0.0,207.92225508678973,9.442592000000001e-07
30.0,0.0,207.9218321780676,1.281907e-06
30.0,0.0,207.9214319783993,1.155175e-06
30.0,0.0,207.9209932137528,1.230801e-06
30.0,0.0,207.92058503881643,1.200009e-06
30.0,0.0,207.920168006472,1.154796e-06
30.0,0.0,207.91976170929388,1.096851e-06
30.0,0.0,207.91936133732275,1.013803e-06
30.0,0.0,207.9189143776432,8.455681000000001e-07
30.0,0.0,207.91852262469325,1.031527e-06
30.0,0.0,207.91809143632935,1.096865e-06
30.0,0.0,207.91764785972853,1.023946e-06
30.0,0.0,207.9172686319046,9.863434e-07
30.0,0.0,207.91684507006565,1.019216e-06
30.0,0.0,207.91641443377924,7.746858e-07
30.0,0.0,207.9160064633163,9.007490000000001e-07
30.0,0.0,207.9155759242696,1.085282e-06
30.0,0.0,207.91515680443337,1.047607e-06
30.0,0.0,207.9147374398057,9.616779000000001e-07
30.0,0.0,207.91432806968507,9.241776e-07
30.0,0.0,207.91390450191372,9.620853000000001e-07
30.0,0.0,207.9134683288464,8.634670000000001e-07
30.0,0.0,207.91303756091395,8.398928999999999e-07
30.0,0.0,207.91263329925636,9.278447000000001e-07
30.0,0.0,207.91222220732976,9.108480000000001e-07
30.0,0.0,207.91179056096507,8.682109e-07
30.0,0.0,207.91140504111647,9.648938e-07
30.0,0.0,207.91098404850592,8.362695e-07
30.0,0.0,207.91056344045137,9.153882e-07
30.0,0.0,207.9101169509436,8.714122999999999e-07
30.0,0.0,207.90974065863685,9.132054000000002e-07
30.0,0.0,207.90931401438,9.617943000000001e-07
30.0,0.0,207.9089058964488,8.77757e-07
30.0,0.0,207.90848075705892,8.058123e-07
30.0,0.0,207.9080500142984,8.309144000000001e-07
30.0,0.0,207.90764662811137,7.3915e-07
30.0,0.0,207.90723708838448,9.127980000000001e-07
30.0,0.0,207.90679888626073,9.038631000000001e-07
30.0,0.0,207.9063750735626,9.364012000000001e-07
30.0,0.0,207.90595427627983,8.474308e-07
30.0,0.0,207.9055338320746,8.67527e-07
30.0,0.0,207.90510527350528,9.312935000000001e-07
30.0,0.0,207.90469008694828,9.955838000000002e-07
30.0,0.0,207.90430204105937,8.695787999999999e-07
30.0,0.0,207.90385742352504,9.174255000000001e-07
30.0,0.0,207.90342534578028,9.241921000000001e-07
30.0,0.0,207.90303485877595,9.565119e-07
30.0,0.0,207.90258730820017,8.397037e-07
30.0,0.0,207.90219728064488,9.836076e-07
30.0,0.0,207.90178185363433,9.65927e-07
30.0,0.0,207.90136231631655,9.009382000000001e-07
30.0,0.0,207.90095438591243,8.561619e-07
30.0,0.0,207.9005238295472,8.387578e-07
30.0,0.0,207.90011829517445,1.099645e-06
30.0,0.0,207.8997058362368,1.026099e-06
30.0,0.0,207.89927104052387,1.022723e-06
30.0,0.0,207.89888847400525,1.069071e-06
30.0,0.0,207.8984485778905,1.093227e-06
30.0,0.0,207.89803092050423,1.026943e-06
30.0,0.0,207.89762587011504,1.091772e-06
30.0,0.0,207.89718628396307,1.147637e-06
30.0,0.0,207.8967780341709,1.17757e-06
30.0,0.0,207.8963760886541,1.106426e-06
30.0,0.0,207.89594502683337,1.024979e-06
30.0,0.0,207.89550631123285,1.130829e-06
30.0,0.0,207.89510640362244,1.133405e-06
30.0,0.0,207.89469402936152,1.195614e-06
30.0,0.0,207.89425100900837,1.181223e-06
30.0,0.0,207.89383552365177,1.180466e-06
30.0,0.0,207.89340650307736,1.251363e-06
30.0,0.0,207.8929984202001,1.228851e-06
30.0,0.0,207.89256764760825,1.205844e-06
30.0,0.0,207.89216627535836,1.184628e-06
30.0,0.0,207.8917588975495,1.298438e-06
30.0,0.0,207.89132103654237,1.272681e-06
30.0,0.0,207.89093561342256,1.296372e-06
30.0,0.0,207.89049572913805,1.26037e-06
30.0,0.0,207.8900966471156,1.397799e-06
30.0,0.0,207.88967319992616,1.367487e-06
30.0,0.0,207.88923870184496,1.341759e-06
30.0,0.0,207.88884928783173,1.29515e-06
30.0,0.0,207.88841883923735,1.344437e-06
30.0,0.0,207.88799673391696,1.312321e-06
30.0,0.0,207.88757971953405,1.416061e-06
30.0,0.0,207.887160970618,1.331879e-06
30.0,0.0,207.88674592996196,1.433495e-06
30.0,0.0,207.88631021147813,1.364839e-06
30.0,0.0,207.8859082955348,1.476437e-06
30.0,0.0,207.8854842801168,1.342676e-06
30.0,0.0,207.88504058179112,1.365945e-06
30.0,0.0,207.88461352448127,1.515131e-06
30.0,0.0,207.88422606115623,1.45263e-06
30.0,0.0,207.88381098607985,1.570923e-06
30.0,0.0,207.8833654690532,1.584485e-06
30.0,0.0,207.8829780980936,1.575085e-06
30.0,0.0,207.8825422894686,1.496373e-06
30.0,0.0,207.88213872445417,1.591485e-06
30.0,0.0,207.8817330325026,1.525172e-06
30.0,0.0,207.88129987384065,1.408422e-06
30.0,0.0,207.88089674854427,1.547247e-06
30.0,0.0,207.8804731069942,1.435052e-06
30.0,0.0,207.88003048823012,1.328619e-06
30.0,0.0,207.87962541517217,1.402586e-06
30.0,0.0,207.87921344826128,1.535838e-06
30.0,0.0,207.87880243570223,1.524822e-06
30.0,0.0,207.87839802074845,1.51417e-06
30.0,0.0,207.877967048066,1.521126e-06
30.0,0.0,207.8775589619823,1.498411e-06
30.0,0.0,207.87713593938457,1.46142e-06
30.0,0.0,207.8767200050184,1.508582e-06
30.0,0.0,207.87630501203265,1.545312e-06
30.0,0.0,207.87588153912515,1.49064e-06
30.0,0.0,207.8754628745453,1.431574e-06
30.0,0.0,207.87504284797777,1.50087e-06
30.0,0.0,207.87461579926764,1.517954e-06
30.0,0.0,207.8742001683156,1.593318e-06
30.0,0.0,207.873765587343,1.505512e-06
30.0,0.0,207.87334217316007,1.553199e-06
30.0,0.0,207.8729433732544,1.458247e-06
30.0,0.0,207.87250360085136,1.573804e-06
30.0,0.0,207.8720954932454,1.631794e-06
30.0,0.0,207.87168033596663,1.671826e-06
30.0,0.0,207.87127290804096,1.714929e-06
30.0,0.0,207.87087146885685,1.659952e-06
30.0,0.0,207.8704255513817,1.579421e-06
30.0,0.0,207.87003262233932,1.546272e-06
30.0,0.0,207.86960359665284,1.580614e-06
30.0,0.0,207.86919397554024,1.601147e-06
30.0,0.0,207.8687728972509,1.574939e-06
30.0,0.0,207.86835501339905,1.578999e-06
30.0,0.0,207.86795742575683,1.631197e-06
30.0,0.0,207.86751607556167,1.689405e-06
30.0,0.0,207.8670850554209,1.703927e-06
30.0,0.0,207.86666758206636,1.668581e-06
30.0,0.0,207.86627989639103,1.698383e-06
30.0,0.0,207.86583763849356,1.697626e-06
30.0,0.0,207.86541389562177,1.611508e-06
30.0,0.0,207.86498643963776,1.714478e-06
30.0,0.0,207.8645688044368,1.572465e-06
30.0,0.0,207.86414794080113,1.757668e-06
30.0,0.0,207.8637435804944,1.637614e-06
30.0,0.0,207.8633448930728,1.747816e-06
30.0,0.0,207.86289644495167,1.829903e-06
30.0,0.0,207.86249291882476,1.81525e-06
30.0,0.0,207.86207379066812,1.841006e-06
30.0,0.0,207.86166749828772,1.784079e-06
30.0,0.0,207.86124052672545,1.669468e-06
30.0,0.0,207.86082512475016,1.718188e-06
30.0,0.0,207.86041414141167,1.644279e-06
30.0,0.0,207.85998954691783,1.843146e-06
30.0,0.0,207.8595616407817,1.754452e-06
30.0,0.0,207.85916332358033,1.836088e-06
30.0,0.0,207.85874822324212,1.926368e-06
30.0,0.0,207.85835632281737,1.83392e-06
30.0,0.0,207.85791014400135,1.838431e-06
30.0,0.0,207.85747323332328,1.66602e-06
30.0,0.0,207.85707663684192,1.731794e-06
30.0,0.0,207.85665745794697,1.700391e-06
30.0,0.0,207.85623780896867,1.923603e-06
30.0,0.0,207.85582862242347,1.794178e-06
30.0,0.0,207.85540463391985,1.769571e-06
30.0,0.0,207.85496847021065,2.043773e-06
30.0,0.0,207.85453772528655,1.984372e-06
30.0,0.0,207.8541334308248,1.80093e-06
30.0,0.0,207.85369896684904,1.787601e-06
30.0,0.0,207.85328569588455,1.720298e-06
30.0,0.0,207.85286180845992,1.817112e-06
30.0,0.0,207.85246279145767,1.902299e-06
30.0,0.0,207.85202115734245,1.918903e-06
30.0,0.0,207.8516360965672,1.847802e-06
30.0,0.0,207.85120229225527,1.937748e-06
30.0,0.0,207.85079287180957,1.899505e-06
30.0,0.0,207.85038946283447,1.823617e-06
30.0,0.0,207.84995887538227,1.788663e-06
30.0,0.0,207.84955072143367,1.807231e-06
30.0,0.0,207.8491255616044,1.88718e-06
30.0,0.0,207.8487116933867,1.659253e-06
30.0,0.0,207.8483225573352,1.864668e-06
30.0,0.0,207.8478761030924,1.965658e-06
30.0,0.0,207.84745240688548,1.836568e-06
30.0,0.0,207.84705342302277,1.892782e-06
30.0,0.0,207.84660608853824,1.929919e-06
30.0,0.0,207.84619071178668,1.991488e-06
30.0,0.0,207.84577524354083,1.904467e-06
30.0,0.0,207.84537668906225,2.078013e-06
30.0,0.0,207.84493398705956,1.944281e-06
30.0,0.0,207.8445104464552,2.02634e-06
30.0,0.0,207.84406710732728,1.858192e-06
30.0,0.0,207.84368818869,1.886976e-06
30.0,0.0,207.84325549253683,2.069923e-06
30.0,0.0,207.8428406257252,2.097455e-06
30.0,0.0,207.8424328991668,2.018336e-06
30.0,0.0,207.84200974512763,1.939596e-06
30.0,0.0,207.84159408047992,1.971741e-06
30.0,0.0,207.8411789564425,2.158282e-06
30.0,0.0,207.84079152091124,2.059736e-06
30.0,0.0,207.8403480755196,2.106361e-06
30.0,0.0,207.83992413253316,2.073299e-06
30.0,0.0,207.8395251151001,2.076631e-06
30.0,0.0,207.83907799734004,2.052679e-06
30.0,0.0,207.83869250958,2.038025e-06
30.0,0.0,207.8382707971249,1.890745e-06
30.0,0.0,207.83785305019947,1.784167e-06
30.0,0.0,207.83743652825737,1.801047e-06
30.0,0.0,207.83701421710623,1.716646e-06
30.0,0.0,207.83658222654725,1.876542e-06
30.0,0.0,207.83617534917417,1.99191e-06
30.0,0.0,207.83577785359924,1.933528e-06
30.0,0.0,207.8353346369429,1.885957e-06
30.0,0.0,207.83490577759184,1.863911e-06
30.0,0.0,207.834484906244,1.816443e-06
30.0,0.0,207.83406690965975,1.821609e-06
30.0,0.0,207.8336458143177,1.967332e-06
30.0,0.0,207.83323054405952,1.74364e-06
30.0,0.0,207.83279758822033,1.805674e-06
30.0,0.0,207.8323942546712,1.674125e-06
30.0,0.0,207.83197046471184,1.690001e-06
30.0,0.0,207.83157182551668,1.742141e-06
30.0,0.0,207.83112587453223,1.850145e-06
30.0,0.0,207.83073818308188,1.811539e-06
30.0,0.0,207.8303226633049,1.73827e-06
30.0,0.0,207.82991204519763,1.885521e-06
30.0,0.0,207.82948762940055,1.9242e-06
30.0,0.0,207.82905695311433,1.759778e-06
30.0,0.0,207.82865453049047,1.754321e-06
30.0,0.0,207.82824601603545,1.813241e-06
30.0,0.0,207.82781054216048,1.835258e-06
30.0,0.0,207.8274253449437,1.695444e-06
30.0,0.0,207.8269845334301,1.875014e-06
30.0,0.0,207.8265411081613,1.970562e-06
30.0,0.0,207.82611425643836,1.901106e-06
30.0,0.0,207.8257131632982,1.935492e-06
30.0,0.0,207.82531111233516,1.75061e-06
30.0,0.0,207.82486538283047,1.721361e-06
30.0,0.0,207.824441409382,1.941575e-06
30.0,0.0,207.82404236693452,1.86039e-06
30.0,0.0,207.82359345846936,1.661523e-06
30.0,0.0,207.82320782918768,1.587367e-06
30.0,0.0,207.82278957444908,1.646316e-06
30.0,0.0,207.82236845661984,1.694396e-06
30.0,0.0,207.82196068974764,1.778186e-06
30.0,0.0,207.8215299969408,1.609602e-06
30.0,0.0,207.82112487920747,1.579436e-06
30.0,0.0,207.82071320426968,1.783294e-06
30.0,0.0,207.82028369889028,1.737048e-06
30.0,0.0,207.81987890133203,1.700493e-06
30.0,0.0,207.81945508341727,1.497028e-06
30.0,0.0,207.81905634621356,1.563298e-06
30.0,0.0,207.81860899737612,1.507564e-06
30.0,0.0,207.81819364834053,1.461289e-06
30.0,0.0,207.8177847432756,1.53594e-06
30.0,0.0,207.81738213717668,1.516775e-06
30.0,0.0,207.8169371612103,1.509441e-06
30.0,0.0,207.81654312738132,1.396707e-06
30.0,0.0,207.81611616327896,1.396664e-06
30.0,0.0,207.81570371368312,1.364344e-06
30.0,0.0,207.81529051845385,1.492779e-06
30.0,0.0,207.81486667480172,1.539782e-06
30.0,0.0,207.81443398291896,1.499197e-06
30.0,0.0,207.8140030345476,1.51401e-06
30.0,0.0,207.81357011985688,1.462933e-06
30.0,0.0,207.813164210568,1.432505e-06
30.0,0.0,207.81273660025744,1.580367e-06
30.0,0.0,207.81232524738,1.550128e-06
30.0,0.0,207.81192442818624,1.505425e-06
30.0,0.0,207.8114863516872,1.513123e-06
30.0,0.0,207.81107835881784,1.582666e-06
30.0,0.0,207.81065961946257,1.573804e-06
30.0,0.0,207.81027200864048,1.511085e-06
30.0,0.0,207.8098543383564,1.511333e-06
30.0,0.0,207.80943794172452,1.483364e-06
30.0,0.0,207.809015647384,1.457171e-06
30.0,0.0,207.80858352469843,1.563982e-06
30.0,0.0,207.80817611634896,1.47325e-06
30.0,0.0,207.80776015808567,1.45899e-06
30.0,0.0,207.80733521772967,1.591427e-06
30.0,0.0,207.80690613907748,1.543813e-06
30.0,0.0,207.80649793913412,1.499895e-06
30.0,0.0,207.80606731605263,1.554523e-06
30.0,0.0,207.80564602715873,1.536042e-06
30.0,0.0,207.8052285342332,1.61666e-06
30.0,0.0,207.8048181450346,1.325388e-06
30.0,0.0,207.80439432711984,1.486173e-06
30.0,0.0,207.80395920987596,1.581677e-06
30.0,0.0,207.8035512423308,1.656023e-06
30.0,0.0,207.8031261649796,1.583641e-06
30.0,0.0,207.80272411204984,1.691616e-06
30.0,0.0,207.8023231607104,1.644948e-06
30.0,0.0,207.8018763261344,1.725144e-06
30.0,0.0,207.80148807642553,1.616572e-06
30.0,0.0,207.80105369090123,1.6228e-06
30.0,0.0,207.80064891167385,1.73728e-06
30.0,0.0,207.8002179844948,1.692199e-06
30.0,0.0,207.79981005683487,1.750348e-06
30.0,0.0,207.7994079746088,1.772249e-06
30.0,0.0,207.7989711434223,1.717519e-06
30.0,0.0,207.79854495085496,1.61161e-06
30.0,0.0,207.7981411650928,1.597131e-06
30.0,0.0,207.79772550509017,1.572917e-06
30.0,0.0,207.79733815294028,1.560184e-06
30.0,0.0,207.79690827174116,1.560722e-06
30.0,0.0,207.79646590709723,1.698689e-06
30.0,0.0,207.7960672142176,1.651002e-06
30.0,0.0,207.795643545834,1.633147e-06
30.0,0.0,207.795206032024,1.629334e-06
30.0,0.0,207.79479045807207,1.5517e-06
30.0,0.0,207.7943693400598,1.50378e-06
30.0,0.0,207.79393186756843,1.682536e-06
30.0,0.0,207.7935237396664,1.590743e-06
30.0,0.0,207.79309989521377,1.535111e-06
30.0,0.0,207.79269116128737,1.715089e-06
30.0,0.0,207.79227734084097,1.678069e-06
30.0,0.0,207.79185364799795,1.56516e-06
30.0,0.0,207.79145470229085,1.653709e-06
30.0,0.0,207.7910139165968,1.688211e-06
30.0,0.0,207.79060696972104,1.548251e-06
30.0,0.0,207.79019295063188,1.428678e-06
30.0,0.0,207.78978426540883,1.663255e-06
30.0,0.0,207.7893817208953,1.779365e-06
30.0,0.0,207.78893660235,1.862689e-06
30.0,0.0,207.788537812261,1.809414e-06
30.0,0.0,207.78811381924592,1.816006e-06
30.0,0.0,207.78767311224945,1.818902e-06
30.0,0.0,207.78726616251507,1.948138e-06
30.0,0.0,207.78686503721147,1.967754e-06
30.0,0.0,207.78643409230253,1.976514e-06
30.0,0.0,207.78599403523464,1.884357e-06
30.0,0.0,207.7855949707652,2.075787e-06
30.0,0.0,207.78517975669692,1.884808e-06
30.0,0.0,207.78473689268571,1.740656e-06
30.0,0.0,207.78432569480623,1.993758e-06
30.0,0.0,207.78392522603167,2.020577e-06
30.0,0.0,207.7834873271598,1.931679e-06
30.0,0.0,207.7830598885036,1.838824e-06
30.0,0.0,207.78266102565308,1.884473e-06
30.0,0.0,207.78224556324693,1.993001e-06
30.0,0.0,207.7818544962812,1.904278e-06
30.0,0.0,207.7814075521762,1.863955e-06
30.0,0.0,207.78100225637033,1.983426e-06
30.0,0.0,207.78058491694307,2.040746e-06
30.0,0.0,207.78016114905705,1.895212e-06
30.0,0.0,207.77974677839117,1.942521e-06
30.0,0.0,207.77933779966884,1.961584e-06
30.0,0.0,207.77890815657696,1.978042e-06
30.0,0.0,207.7785002074575,1.967448e-06
30.0,0.0,207.77806921902732,1.875393e-06
30.0,0.0,207.77766804861056,1.834836e-06
30.0,0.0,207.77726073106655,2.012297e-06
30.0,0.0,207.77684526219085,1.927998e-06
30.0,0.0,207.77639666990936,1.691908e-06
30.0,0.0,207.77599772980992,1.862543e-06
30.0,0.0,207.7755739405828,1.84348e-06
30.0,0.0,207.7751284411871,1.860753e-06
30.0,0.0,207.77472628009824,1.834895e-06
30.0,0.0,207.7743255136727,1.844761e-06
30.0,0.0,207.77389829039373,1.895824e-06
30.0,0.0,207.77345490435,1.793233e-06
30.0,0.0,207.7730138759694,1.833701e-06
30.0,0.0,207.77262865601236,1.856097e-06
30.0,0.0,207.77219350128752,1.795881e-06
30.0,0.0,207.77180617394487,1.699373e-06
30.0,0.0,207.7713821305593,1.77756e-06
30.0,0.0,207.77097384715444,1.748485e-06
30.0,0.0,207.770543011384,1.71522e-06
30.0,0.0,207.77013914034384,1.782741e-06
30.0,0.0,207.7697290876054,1.769207e-06
30.0,0.0,207.7692918198273,1.721666e-06
30.0,0.0,207.7689055817446,1.666995e-06
30.0,0.0,207.76846932849895,1.640394e-06
30.0,0.0,207.76807043314187,1.603825e-06
30.0,0.0,207.7676464698473,1.625056e-06
30.0,0.0,207.76720900307603,1.75873e-06
30.0,0.0,207.7667937069758,1.684617e-06
30.0,0.0,207.76637195283087,1.814333e-06
30.0,0.0,207.7659640906476,1.681416e-06
30.0,0.0,207.7655272080183,1.651977e-06
30.0,0.0,207.7650798808856,1.602602e-06
30.0,0.0,207.76469477462976,1.679655e-06
30.0,0.0,207.76427412618915,1.628185e-06
30.0,0.0,207.76385560565265,1.617635e-06
30.0,0.0,207.76343889453767,1.717039e-06
30.0,0.0,207.76301702958605,1.770997e-06
30.0,0.0,207.76258689049916,1.786088e-06
30.0,0.0,207.76219678318955,1.572931e-06
30.0,0.0,207.76176262916104,1.762935e-06
30.0,0.0,207.761362196324,1.560271e-06
30.0,0.0,207.76094017305704,1.77008e-06
30.0,0.0,207.76050861337083,1.740584e-06
30.0,0.0,207.76009283480593,1.691544e-06
30.0,0.0,207.75967704945725,1.655193e-06
30.0,0.0,207.75928928558352,1.79818e-06
30.0,0.0,207.75886862727407,1.704801e-06
30.0,0.0,207.7584510956731,1.772481e-06
30.0,0.0,207.75803001268156,1.694978e-06
30.0,0.0,207.75760012425,1.84089e-06
30.0,0.0,207.75719113455864,1.785054e-06
30.0,0.0,207.7567769325836,1.731154e-06
30.0,0.0,207.75635298959716,1.813358e-06
30.0,0.0,207.75593583073535,1.754335e-06
30.0,0.0,207.755513299002,1.71423e-06
30.0,0.0,207.75508235063063,1.789012e-06
30.0,0.0,207.7546646358664,1.888518e-06
30.0,0.0,207.7542212282792,1.878303e-06
30.0,0.0,207.7538126982573,1.835913e-06
30.0,0.0,207.75341084551047,1.859633e-06
30.0,0.0,207.75297391111627,1.703898e-06
30.0,0.0,207.75256574141272,1.837398e-06
30.0,0.0,207.7521444698346,1.784967e-06
30.0,0.0,207.75174065299535,1.904569e-06
30.0,0.0,207.75134170908288,1.818407e-06
30.0,0.0,207.750892919568,1.894747e-06
30.0,0.0,207.75049392714925,1.833629e-06
30.0,0.0,207.7500701902414,1.772729e-06
30.0,0.0,207.749664153064,1.818262e-06
30.0,0.0,207.74923619271527,1.700144e-06
30.0,0.0,207.74882321179248,1.74575e-06
30.0,0.0,207.74841667641496,1.685403e-06
30.0,0.0,207.7479857789458,1.73437e-06
30.0,0.0,207.74755832336248,1.563487e-06
30.0,0.0,207.7471587394261,1.748165e-06
30.0,0.0,207.74674347376185,1.711349e-06
30.0,0.0,207.7463004282729,1.732638e-06
30.0,0.0,207.7458778570356,1.667184e-06
30.0,0.0,207.7454825281985,1.695866e-06
30.0,0.0,207.74503922958533,1.616834e-06
30.0,0.0,207.74461184916504,1.654407e-06
30.0,0.0,207.7442003886329,1.60154e-06
30.0,0.0,207.7438088171021,1.598775e-06
30.0,0.0,207.74336331686368,1.553824e-06
30.0,0.0,207.742964324445,1.641019e-06
30.0,0.0,207.7425229148084,1.715613e-06
30.0,0.0,207.74213724004616,1.645138e-06
30.0,0.0,207.74170330736104,1.721055e-06
30.0,0.0,207.7412931075934,1.69636e-06
30.0,0.0,207.74088975950227,1.652967e-06
30.0,0.0,207.7404590894357,1.689812e-06
30.0,0.0,207.74005091431047,1.579043e-06
30.0,0.0,207.73962613115137,1.487584e-06
30.0,0.0,207.739210584439,1.598324e-06
30.0,0.0,207.73882280875577,1.587905e-06
30.0,0.0,207.73837591451527,1.57849e-06
30.0,0.0,207.73794231561428,1.538356e-06
30.0,0.0,207.73755368123477,1.64911e-06
30.0,0.0,207.73710590220696,1.469554e-06
30.0,0.0,207.736705697542,1.491251e-06
30.0,0.0,207.73630286427905,1.495166e-06
30.0,0.0,207.73587939985188,1.494729e-06
30.0,0.0,207.7354606016216,1.511056e-06
30.0,0.0,207.7350349834539,1.57833e-06
30.0,0.0,207.73461148616357,1.560387e-06
30.0,0.0,207.73417013081584,1.591601e-06
30.0,0.0,207.733751294271,1.602326e-06
30.0,0.0,207.73332880004529,1.584573e-06
30.0,0.0,207.7329285627389,1.536915e-06
30.0,0.0,207.73248995168285,1.501568e-06
30.0,0.0,207.73208177946867,1.410954e-06
30.0,0.0,207.7316638433379,1.52213e-06
30.0,0.0,207.73125784738207,1.474749e-06
30.0,0.0,207.73085770915768,1.520573e-06
30.0,0.0,207.73044092697316,1.484106e-06
30.0,0.0,207.73001908974928,1.45848e-06
30.0,0.0,207.7295876263482,1.499837e-06
30.0,0.0,207.72918023887925,1.563123e-06
30.0,0.0,207.72876489702165,1.43949e-06
30.0,0.0,207.72834139014137,1.535998e-06
30.0,0.0,207.7279421617312,1.512453e-06
30.0,0.0,207.72750253952788,1.491906e-06
30.0,0.0,207.72707187440855,1.456152e-06
30.0,0.0,207.72665145941977,1.502412e-06
30.0,0.0,207.72626369036317,1.455905e-06
30.0,0.0,207.7258468839267,1.433582e-06
30.0,0.0,207.72539845844275,1.370412e-06
30.0,0.0,207.72497446673276,1.478504e-06
30.0,0.0,207.7245759746008,1.454959e-06
30.0,0.0,207.724130679067,1.471548e-06
30.0,0.0,207.72371541041295,1.373774e-06
30.0,0.0,207.72332819723195,1.497829e-06
30.0,0.0,207.72290012217843,1.59326e-06
30.0,0.0,207.72247980550523,1.502354e-06
30.0,0.0,207.72206172706447,1.458277e-06
30.0,0.0,207.72163934681288,1.490233e-06
30.0,0.0,207.72125184906747,1.494263e-06
30.0,0.0,207.72081255201917,1.420849e-06
30.0,0.0,207.720388559004,1.455497e-06
30.0,0.0,207.71999006687207,1.463704e-06
30.0,0.0,207.71954964853285,1.460925e-06
30.0,0.0,207.71916683129487,1.4057e-06
30.0,0.0,207.71873135061068,1.473614e-06
35.0,0.0,207.99734375,2.266822e-05
35.0,0.0,207.9970586354162,-1.812485e-06
35.0,0.0,207.9969665115541,-8.544157000000001e-07
35.0,0.0,207.9968743483215,-2.604793e-07
35.0,0.0,207.99672583468185,1.8478020000000003e-07
35.0,0.0,207.9965403567988,5.256152000000001e-07
35.0,0.0,207.99632346701844,5.637703000000001e-07
35.0,0.0,207.9960410173748,6.671034000000001e-07
35.0,0.0,207.99572767355383,6.495684e-07
35.0,0.0,207.9953810460213,8.209753999999999e-07
35.0,0.0,207.99499294250376,8.961651e-07
35.0,0.0,207.9945690460836,9.547366000000001e-07
35.0,0.0,207.99412271408497,9.696669e-07
35.0,0.0,207.9937075480568,1.104767e-06
35.0,0.0,207.99329737678187,1.071996e-06
35.0,0.0,207.99289336733457,1.044478e-06
35.0,0.0,207.99246250252983,1.062654e-06
35.0,0.0,207.9920318144393,1.134744e-06
35.0,0.0,207.99162654025008,1.135413e-06
35.0,0.0,207.991214694504,1.128734e-06
35.0,0.0,207.99080367584108,1.121574e-06
35.0,0.0,207.99039943076588,1.156368e-06
35.0,0.0,207.98996889549332,1.142442e-06
35.0,0.0,207.98956086861972,1.163004e-06
35.0,0.0,207.98913845302368,1.144173e-06
35.0,0.0,207.98872326718637,1.20647e-06
35.0,0.0,207.98833566169884,1.186214e-06
35.0,0.0,207.98790639684597,1.218476e-06
35.0,0.0,207.987464330828,1.238484e-06
35.0,0.0,207.98704026509444,1.238775e-06
35.0,0.0,207.98659183651105,1.235137e-06
35.0,0.0,207.98620643690597,1.212655e-06
35.0,0.0,207.98578857694747,1.254826e-06
35.0,0.0,207.9853677213336,1.241118e-06
35.0,0.0,207.9849372107284,1.224616e-06
35.0,0.0,207.98450628496724,1.269509e-06
35.0,0.0,207.9840989024161,1.244087e-06
35.0,0.0,207.98368410523148,1.24333e-06
35.0,0.0,207.98327598613756,1.267545e-06
35.0,0.0,207.98285201421595,1.300083e-06
35.0,0.0,207.9824431512756,1.325185e-06
35.0,0.0,207.98201250394925,1.334789e-06
35.0,0.0,207.98160564938215,1.399079e-06
35.0,0.0,207.98119180477488,1.351043e-06
35.0,0.0,207.98077669356655,1.262015e-06
35.0,0.0,207.98037762231985,1.454202e-06
35.0,0.0,207.9799499397872,1.506531e-06
35.0,0.0,207.97951159638595,1.519642e-06
35.0,0.0,207.97911092631745,1.51257e-06
35.0,0.0,207.9786996627149,1.460299e-06
35.0,0.0,207.97826548593451,1.562046e-06
35.0,0.0,207.9778419255156,1.541805e-06
35.0,0.0,207.9774567312703,1.566907e-06
35.0,0.0,207.97701894369607,1.496126e-06
35.0,0.0,207.9765951148472,1.479115e-06
35.0,0.0,207.9762078261981,1.608088e-06
35.0,0.0,207.9757728732676,1.59425e-06
35.0,0.0,207.97534879520376,1.565801e-06
35.0,0.0,207.9749175761843,1.482593e-06
35.0,0.0,207.9744867589872,1.446679e-06
35.0,0.0,207.9740558416248,1.594584e-06
35.0,0.0,207.97365308784083,1.53578e-06
35.0,0.0,207.9732440517298,1.493259e-06
35.0,0.0,207.97282833780488,1.459106e-06
35.0,0.0,207.97241628133477,1.428809e-06
35.0,0.0,207.9719921299534,1.366556e-06
35.0,0.0,207.9715582558128,1.35442e-06
35.0,0.0,207.9711535803849,1.211738e-06
35.0,0.0,207.970751551158,1.314897e-06
35.0,0.0,207.97035902411884,1.38655e-06
35.0,0.0,207.9699133605617,1.361565e-06
35.0,0.0,207.96948956766127,1.300607e-06
35.0,0.0,207.96909073129248,1.320164e-06
35.0,0.0,207.96864720875575,1.232474e-06
35.0,0.0,207.96825210421068,1.259119e-06
35.0,0.0,207.96784425311833,1.252789e-06
35.0,0.0,207.96741350916167,1.222157e-06
35.0,0.0,207.96697179471408,1.134991e-06
35.0,0.0,207.96657315505936,1.258231e-06
35.0,0.0,207.96614928164337,1.240347e-06
35.0,0.0,207.96571212904257,1.354289e-06
35.0,0.0,207.96530130157709,1.257838e-06
35.0,0.0,207.96487700838995,1.369292e-06
35.0,0.0,207.96446583787113,1.385735e-06
35.0,0.0,207.96403493498025,1.448119e-06
35.0,0.0,207.96363046114865,1.345892e-06
35.0,0.0,207.963218937115,1.290842e-06
35.0,0.0,207.96277588896805,1.504333e-06
35.0,0.0,207.9623772191244,1.46142e-06
35.0,0.0,207.96196024289372,1.540277e-06
35.0,0.0,207.96156149783937,1.500783e-06
35.0,0.0,207.96111495144476,1.607448e-06
35.0,0.0,207.96069938066748,1.434557e-06
35.0,0.0,207.9603116671984,1.498353e-06
35.0,0.0,207.95988663865964,1.550085e-06
35.0,0.0,207.95946726214584,1.499968e-06
35.0,0.0,207.95904777079457,1.549459e-06
35.0,0.0,207.95862206634723,1.546563e-06
35.0,0.0,207.9582341583217,1.469962e-06
35.0,0.0,207.9577962682616,1.526234e-06
35.0,0.0,207.95737205540607,1.474909e-06
35.0,0.0,207.95697343887767,1.495908e-06
35.0,0.0,207.956530995976,1.504421e-06
35.0,0.0,207.95612575821983,1.44646e-06
35.0,0.0,207.95571388535407,1.492794e-06
35.0,0.0,207.9552984374148,1.484499e-06
35.0,0.0,207.95485420518185,1.525681e-06
35.0,0.0,207.95443061239612,1.492284e-06
35.0,0.0,207.95402507959795,1.56535e-06
35.0,0.0,207.95358423408936,1.527776e-06
35.0,0.0,207.95316670910304,1.484295e-06
35.0,0.0,207.95276067248383,1.441833e-06
35.0,0.0,207.95236027742644,1.347289e-06
35.0,0.0,207.95191338685504,1.458553e-06
35.0,0.0,207.95151459862677,1.511246e-06
35.0,0.0,207.95107016747167,1.451932e-06
35.0,0.0,207.95069153770532,1.506312e-06
35.0,0.0,207.95025913538873,1.438326e-06
35.0,0.0,207.94986481648013,1.520995e-06
35.0,0.0,207.94943601268835,1.468536e-06
35.0,0.0,207.94901278662647,1.422537e-06
35.0,0.0,207.9485982792074,1.302513e-06
35.0,0.0,207.94818267840628,1.36593e-06
35.0,0.0,207.9477583831029,1.464461e-06
35.0,0.0,207.94737321918137,1.480468e-06
35.0,0.0,207.9469270358761,1.507491e-06
35.0,0.0,207.94648856365887,1.448221e-06
35.0,0.0,207.94610307395928,1.440858e-06
35.0,0.0,207.9456619292884,1.439534e-06
35.0,0.0,207.94524673821743,1.401044e-06
35.0,0.0,207.94483155228923,1.372478e-06
35.0,0.0,207.94441871661908,1.410459e-06
35.0,0.0,207.94398469167476,1.321358e-06
35.0,0.0,207.94354093556768,1.23083e-06
35.0,0.0,207.94315555234743,1.209803e-06
35.0,0.0,207.94272604222488,1.325854e-06
35.0,0.0,207.94231385124627,1.251814e-06
35.0,0.0,207.94190878083288,1.251421e-06
35.0,0.0,207.94147790068232,1.308872e-06
35.0,0.0,207.94106986690235,1.330802e-06
35.0,0.0,207.94064914481132,1.448614e-06
35.0,0.0,207.94023117056688,1.45637e-06
35.0,0.0,207.93984581954507,1.421649e-06
35.0,0.0,207.93939725807144,1.456094e-06
35.0,0.0,207.93899831199428,1.403649e-06
35.0,0.0,207.93857454779533,1.477471e-06
35.0,0.0,207.93812914366328,1.4572e-06
35.0,0.0,207.93774157187147,1.470238e-06
35.0,0.0,207.93732641733197,1.408262e-06
35.0,0.0,207.93689861619129,1.308654e-06
35.0,0.0,207.9364903770771,1.235399e-06
35.0,0.0,207.93605940596544,1.078995e-06
35.0,0.0,207.93563608721587,9.145442e-07
35.0,0.0,207.93524832478576,8.542411e-07
35.0,0.0,207.93480886795953,9.340292000000001e-07
35.0,0.0,207.9343848799271,9.928044000000001e-07
35.0,0.0,207.93395021602257,8.820789000000001e-07
35.0,0.0,207.933511844253,8.105853e-07
35.0,0.0,207.9331112794896,7.542403000000001e-07
35.0,0.0,207.93269959452405,9.248179e-07
35.0,0.0,207.93227217369167,8.411153000000001e-07
35.0,0.0,207.93186612352875,9.734795e-07
35.0,0.0,207.9314465513076,9.748474000000002e-07
35.0,0.0,207.9310250624136,1.000284e-06
35.0,0.0,207.9305941737642,1.144363e-06
35.0,0.0,207.93020659264872,9.006035000000001e-07
35.0,0.0,207.92979105030767,1.023174e-06
35.0,0.0,207.92938856506075,1.038119e-06
35.0,0.0,207.92896169184607,9.800715000000001e-07
35.0,0.0,207.9285361400392,8.128991000000001e-07
35.0,0.0,207.92812886142167,1.189037e-06
35.0,0.0,207.9277133728944,1.183056e-06
35.0,0.0,207.9272701008936,1.058041e-06
35.0,0.0,207.92685284300703,1.115041e-06
35.0,0.0,207.92645485400416,9.931391e-07
35.0,0.0,207.92601399239356,1.080945e-06
35.0,0.0,207.92558209847047,9.573851000000003e-07
35.0,0.0,207.9251751872605,1.018605e-06
35.0,0.0,207.92477779955263,1.001885e-06
35.0,0.0,207.92433447346784,9.625219000000001e-07
35.0,0.0,207.92392106952272,1.014821e-06
35.0,0.0,207.9234971764189,9.140495e-07
35.0,0.0,207.92306618466137,7.818599000000001e-07
35.0,0.0,207.92266463575777,8.524947999999999e-07
35.0,0.0,207.92225697121768,7.732160000000001e-07
35.0,0.0,207.92184167533827,8.287024999999999e-07
35.0,0.0,207.9214338707448,9.596115000000003e-07
35.0,0.0,207.92099419671956,8.456409e-07
35.0,0.0,207.92059520753824,8.094357e-07
35.0,0.0,207.92017970792813,1.105276e-06
35.0,0.0,207.91973657433013,1.031658e-06
35.0,0.0,207.9193477130827,1.02997e-06
35.0,0.0,207.9189245568624,1.076871e-06
35.0,0.0,207.91852556607023,9.391370000000001e-07
35.0,0.0,207.91807820591393,9.788928000000002e-07
35.0,0.0,207.9176596424963,1.015695e-06
35.0,0.0,207.91725413953995,1.123393e-06
35.0,0.0,207.9168542212198,1.243228e-06
35.0,0.0,207.91642361764193,1.190318e-06
35.0,0.0,207.9160157605733,1.115419e-06
35.0,0.0,207.91558502413577,1.104141e-06
35.0,0.0,207.91516742453604,9.729411e-07
35.0,0.0,207.9147245138448,1.040389e-06
35.0,0.0,207.9143094422344,1.133521e-06
35.0,0.0,207.91388473630673,1.128356e-06
35.0,0.0,207.913476377272,1.148321e-06
35.0,0.0,207.9130408190045,1.136315e-06
35.0,0.0,207.9126170064989,1.069071e-06
35.0,0.0,207.91223149528372,1.033666e-06
35.0,0.0,207.91179840603817,1.027933e-06
35.0,0.0,207.9114132543019,1.083303e-06
35.0,0.0,207.91097149837185,1.013381e-06
35.0,0.0,207.91057244996057,1.187189e-06
35.0,0.0,207.9101267791848,1.069668e-06
35.0,0.0,207.90973549100187,1.116568e-06
35.0,0.0,207.9093239069084,1.072243e-06
35.0,0.0,207.9088967761038,1.038075e-06
35.0,0.0,207.9084765506689,9.714713e-07
35.0,0.0,207.90805804926072,9.207579000000002e-07
35.0,0.0,207.9076346512256,1.027045e-06
35.0,0.0,207.90721900810456,9.230134000000001e-07
35.0,0.0,207.9067880367526,1.078442e-06
35.0,0.0,207.90638380269743,9.278738000000001e-07
35.0,0.0,207.9059597346393,9.175710000000001e-07
35.0,0.0,207.9055185181273,9.205105000000001e-07
35.0,0.0,207.9051330464688,9.577489000000003e-07
35.0,0.0,207.90469853446223,9.545329e-07
35.0,0.0,207.9042831602808,8.512725000000001e-07
35.0,0.0,207.90386352408427,8.955976e-07
35.0,0.0,207.90345550514277,9.523355000000002e-07
35.0,0.0,207.9030249424244,8.654606e-07
35.0,0.0,207.90259458117296,8.13845e-07
35.0,0.0,207.90220701029727,9.863143000000002e-07
35.0,0.0,207.90177201887053,7.68865e-07
35.0,0.0,207.9013706102021,1.002685e-06
35.0,0.0,207.9009492801337,8.963689e-07
35.0,0.0,207.90050915036343,1.019216e-06
35.0,0.0,207.900123980653,1.122346e-06
35.0,0.0,207.8996875149248,1.077249e-06
35.0,0.0,207.8992792420716,9.895739000000002e-07
35.0,0.0,207.89887710932996,1.034641e-06
35.0,0.0,207.89844641429667,1.143475e-06
35.0,0.0,207.89803806368988,1.126842e-06
35.0,0.0,207.89761008651104,1.132707e-06
35.0,0.0,207.8971942124745,1.140768e-06
35.0,0.0,207.8967680119906,1.095599e-06
35.0,0.0,207.8963615247904,1.200344e-06
35.0,0.0,207.89593765760375,1.202061e-06
35.0,0.0,207.89553881916777,1.193242e-06
35.0,0.0,207.895090246322,1.185967e-06
35.0,0.0,207.8946743370423,1.16734e-06
35.0,0.0,207.89425923417207,1.031629e-06
35.0,0.0,207.8938162423418,1.165288e-06
35.0,0.0,207.8934075540112,1.247405e-06
35.0,0.0,207.89299644557607,1.273671e-06
35.0,0.0,207.8925519353513,1.263412e-06
35.0,0.0,207.89216679664813,1.276072e-06
35.0,0.0,207.89173981669344,1.269917e-06
35.0,0.0,207.8913265428538,1.261709e-06
35.0,0.0,207.890920069772,1.392284e-06
35.0,0.0,207.8904979911556,1.513617e-06
35.0,0.0,207.8900812405149,1.410124e-06
35.0,0.0,207.8896633687617,1.472639e-06
35.0,0.0,207.8892425542336,1.530381e-06
35.0,0.0,207.88883367929387,1.541863e-06
35.0,0.0,207.8884098333136,1.505818e-06
35.0,0.0,207.88801126298569,1.480003e-06
35.0,0.0,207.88756549638092,1.515597e-06
35.0,0.0,207.88714393196116,1.563196e-06
35.0,0.0,207.88673994972865,1.603534e-06
35.0,0.0,207.8863408654778,1.648878e-06
35.0,0.0,207.88591041883612,1.674693e-06
35.0,0.0,207.88546829834587,1.559485e-06
35.0,0.0,207.88505257802345,1.591179e-06
35.0,0.0,207.88465137274707,1.574037e-06
35.0,0.0,207.8842079977277,1.544482e-06
35.0,0.0,207.8837975520109,1.663095e-06
35.0,0.0,207.8833932811706,1.667504e-06
35.0,0.0,207.882962426334,1.783017e-06
35.0,0.0,207.88253681209127,1.861801e-06
35.0,0.0,207.88213026290248,1.698747e-06
35.0,0.0,207.88171495884924,1.723878e-06
35.0,0.0,207.8813271011086,1.724635e-06
35.0,0.0,207.880899368547,1.759399e-06
35.0,0.0,207.8804789407349,1.614477e-06
35.0,0.0,207.88005731110172,1.618784e-06
35.0,0.0,207.8796101862872,1.750625e-06
35.0,0.0,207.87922250382567,1.577035e-06
35.0,0.0,207.87880745995585,1.560271e-06
35.0,0.0,207.87840068061365,1.696331e-06
35.0,0.0,207.87797511386535,1.636319e-06
35.0,0.0,207.87754450944672,1.677719e-06
35.0,0.0,207.87714096807028,1.660155e-06
35.0,0.0,207.87673119815605,1.662105e-06
35.0,0.0,207.87629316069064,1.565801e-06
35.0,0.0,207.87588933033447,1.449735e-06
35.0,0.0,207.8754698524841,1.53447e-06
35.0,0.0,207.87502728082012,1.566077e-06
35.0,0.0,207.8745970240564,1.57344e-06
35.0,0.0,207.8741883446673,1.544904e-06
35.0,0.0,207.8737573944232,1.588982e-06
35.0,0.0,207.8733499682672,1.64524e-06
35.0,0.0,207.87291902698604,1.715671e-06
35.0,0.0,207.87252755989044,1.754088e-06
35.0,0.0,207.87208030905583,1.547742e-06
35.0,0.0,207.8716802476684,1.691835e-06
35.0,0.0,207.87127433899823,1.703607e-06
35.0,0.0,207.87085638007457,1.729626e-06
35.0,0.0,207.870448273444,1.693043e-06
35.0,0.0,207.87000997323747,1.603883e-06
35.0,0.0,207.86960946797012,1.63092e-06
35.0,0.0,207.86919716364687,1.655324e-06
35.0,0.0,207.868770278187,1.593187e-06
35.0,0.0,207.86836379253688,1.575172e-06
35.0,0.0,207.86793081576957,1.637309e-06
35.0,0.0,207.86754065701703,1.740395e-06
35.0,0.0,207.8670922169442,1.745968e-06
35.0,0.0,207.8666763564792,1.758846e-06
35.0,0.0,207.86626117241644,1.818902e-06
35.0,0.0,207.865822832252,1.747307e-06
35.0,0.0,207.86542176755805,1.705455e-06
35.0,0.0,207.8649838911311,1.789638e-06
35.0,0.0,207.86455312468175,1.723572e-06
35.0,0.0,207.8641502039403,1.787819e-06
35.0,0.0,207.86374100894344,1.859182e-06
35.0,0.0,207.86330644004687,1.951368e-06
35.0,0.0,207.86292131105083,2.035013e-06
35.0,0.0,207.8624803798654,2.10265e-06
35.0,0.0,207.86208141246104,2.107117e-06
35.0,0.0,207.86165759898705,2.091489e-06
35.0,0.0,207.861243478804,2.0484e-06
35.0,0.0,207.86083339914927,2.080909e-06
35.0,0.0,207.8604044062096,2.084576e-06
35.0,0.0,207.85998333646796,2.094632e-06
35.0,0.0,207.85956539641424,2.118832e-06
35.0,0.0,207.8591439647864,2.097528e-06
35.0,0.0,207.8587562235236,2.107103e-06
35.0,0.0,207.8583408149996,1.989567e-06
35.0,0.0,207.85789244597535,1.958208e-06
35.0,0.0,207.85749342614903,2.037239e-06
35.0,0.0,207.8570694605416,2.092871e-06
35.0,0.0,207.8566635390773,2.101864e-06
35.0,0.0,207.85623582089613,2.076646e-06
35.0,0.0,207.85582006996816,2.080094e-06
35.0,0.0,207.8554102216307,2.010886e-06
35.0,0.0,207.85498567866847,1.924287e-06
35.0,0.0,207.8545513295324,2.029949e-06
35.0,0.0,207.85412739149797,1.969849e-06
35.0,0.0,207.85368808139424,1.875684e-06
35.0,0.0,207.85327971160368,1.8383e-06
35.0,0.0,207.85287726262112,1.741399e-06
35.0,0.0,207.85244651818527,1.840526e-06
35.0,0.0,207.85203850766356,1.784443e-06
35.0,0.0,207.85161096163048,1.772249e-06
35.0,0.0,207.85119979036955,1.823704e-06
35.0,0.0,207.8508079785285,1.927212e-06
35.0,0.0,207.8504010942239,1.953464e-06
35.0,0.0,207.84996379795993,1.930937e-06
35.0,0.0,207.8495449435164,1.873836e-06
35.0,0.0,207.84911851664629,1.841021e-06
35.0,0.0,207.8487058132262,1.921289e-06
35.0,0.0,207.84831514443133,1.94626e-06
35.0,0.0,207.847868936402,2.013898e-06
35.0,0.0,207.84747022208776,1.777589e-06
35.0,0.0,207.84702807294633,1.883018e-06
35.0,0.0,207.84659845978584,1.819237e-06
35.0,0.0,207.84619894646096,1.964785e-06
35.0,0.0,207.84575829812604,1.982087e-06
35.0,0.0,207.84537281007735,1.954075e-06
35.0,0.0,207.84492652312153,1.958819e-06
35.0,0.0,207.84448845679887,1.965513e-06
35.0,0.0,207.8441031024809,1.966328e-06
35.0,0.0,207.84366210517223,1.897191e-06
35.0,0.0,207.84325632710193,1.924956e-06
35.0,0.0,207.84285621853783,1.998473e-06
35.0,0.0,207.84240891795608,1.979963e-06
35.0,0.0,207.84201788744411,2.122601e-06
35.0,0.0,207.84158663733297,2.129615e-06
35.0,0.0,207.841179472672,2.037006e-06
35.0,0.0,207.84076405022728,1.848151e-06
35.0,0.0,207.84034034917536,1.848035e-06
35.0,0.0,207.83994124179512,1.950626e-06
35.0,0.0,207.83950138486057,1.942477e-06
35.0,0.0,207.83909339707907,2.029192e-06
35.0,0.0,207.8386777988732,1.98638e-06
35.0,0.0,207.83826221904323,1.964872e-06
35.0,0.0,207.83786686156725,2.042056e-06
35.0,0.0,207.83743810525405,1.900145e-06
35.0,0.0,207.836998849829,1.927736e-06
35.0,0.0,207.83659960116609,1.995562e-06
35.0,0.0,207.83617646247535,2.05086e-06
35.0,0.0,207.8357427504425,1.908295e-06
35.0,0.0,207.8353521526384,1.98558e-06
35.0,0.0,207.83492203638056,2.012457e-06
35.0,0.0,207.83449138683437,2.013359e-06
35.0,0.0,207.83405732883688,2.03088e-06
35.0,0.0,207.83363374106108,1.999491e-06
35.0,0.0,207.83322204487453,1.959241e-06
35.0,0.0,207.8328075074554,1.845401e-06
35.0,0.0,207.83238339892327,1.89172e-06
35.0,0.0,207.83198832304404,1.846216e-06
35.0,0.0,207.83154436745872,1.918088e-06
35.0,0.0,207.8311402913679,1.89479e-06
35.0,0.0,207.8307299151973,2.018438e-06
35.0,0.0,207.83034205622255,1.93977e-06
35.0,0.0,207.829911718263,1.877634e-06
35.0,0.0,207.82946987021927,1.977911e-06
35.0,0.0,207.82907113390783,1.950815e-06
35.0,0.0,207.82864749109345,1.951135e-06
35.0,0.0,207.82823465534491,1.843538e-06
35.0,0.0,207.82782272866203,1.857261e-06
35.0,0.0,207.82739571613632,1.941153e-06
35.0,0.0,207.8269647905052,1.99613e-06
35.0,0.0,207.8265390649396,1.797118e-06
35.0,0.0,207.82613346133624,2.074303e-06
35.0,0.0,207.82571815728303,2.109649e-06
35.0,0.0,207.82527531031917,2.042434e-06
35.0,0.0,207.82485696497773,2.028828e-06
35.0,0.0,207.82445955383568,2.054352e-06
35.0,0.0,207.82401802882487,1.930588e-06
35.0,0.0,207.82358740683685,1.997832e-06
35.0,0.0,207.8231974373749,2.053945e-06
35.0,0.0,207.82278186475875,1.979162e-06
35.0,0.0,207.82238180085915,1.942171e-06
35.0,0.0,207.82194079646487,1.813693e-06
35.0,0.0,207.8215422006268,1.949462e-06
35.0,0.0,207.82111850778367,1.940178e-06
35.0,0.0,207.8207084486804,2.015513e-06
35.0,0.0,207.82029067049467,1.999972e-06
35.0,0.0,207.8198694641128,1.96624e-06
35.0,0.0,207.81945164193843,1.986293e-06
35.0,0.0,207.819030499798,1.931869e-06
35.0,0.0,207.81860120198587,1.820532e-06
35.0,0.0,207.81821368969983,1.897162e-06
35.0,0.0,207.81779805874777,1.908629e-06
35.0,0.0,207.81735392882152,1.868699e-06
35.0,0.0,207.8169551172242,1.929075e-06
35.0,0.0,207.8165141353012,1.879525e-06
35.0,0.0,207.8161288063043,1.750872e-06
35.0,0.0,207.81569354958287,1.862092e-06
35.0,0.0,207.81527844008613,1.899505e-06
35.0,0.0,207.81483679806905,1.920038e-06
35.0,0.0,207.81445169708417,1.945737e-06
35.0,0.0,207.81401349843864,1.876746e-06
35.0,0.0,207.81356710073783,1.938941e-06
35.0,0.0,207.81314602006483,1.911889e-06
35.0,0.0,207.81274204469443,1.950641e-06
35.0,0.0,207.81234303696283,1.976849e-06
35.0,0.0,207.81191244564,1.984547e-06
35.0,0.0,207.81150447324092,1.986336e-06
35.0,0.0,207.81107550854543,1.788518e-06
35.0,0.0,207.8106820696064,1.940411e-06
35.0,0.0,207.8102495218256,2.008004e-06
35.0,0.0,207.80982716595608,1.963999e-06
35.0,0.0,207.8094264900791,1.891662e-06
35.0,0.0,207.80898802284807,1.886248e-06
35.0,0.0,207.80860248139857,1.798529e-06
35.0,0.0,207.80816129023248,1.866501e-06
35.0,0.0,207.80774605501995,1.804307e-06
35.0,0.0,207.80735473528105,1.835942e-06
35.0,0.0,207.80692510029937,1.877692e-06
35.0,0.0,207.80648459613585,1.89562e-06
35.0,0.0,207.80606080323545,1.888082e-06
35.0,0.0,207.80565585481295,1.841865e-06
35.0,0.0,207.80522658195375,1.890076e-06
35.0,0.0,207.80481122231296,1.941473e-06
35.0,0.0,207.80438623367527,1.839217e-06
35.0,0.0,207.80397845055612,1.862034e-06
35.0,0.0,207.80354310242197,1.857596e-06
35.0,0.0,207.80313971364393,1.911219e-06
35.0,0.0,207.8027348807751,1.904933e-06
35.0,0.0,207.80229166586545,1.952867e-06
35.0,0.0,207.80188883896247,1.979046e-06
35.0,0.0,207.80147399499057,1.956418e-06
35.0,0.0,207.80103670290572,1.910405e-06
35.0,0.0,207.80062965369507,1.980632e-06
35.0,0.0,207.8002143515452,1.89351e-06
35.0,0.0,207.7998266442493,1.894616e-06
35.0,0.0,207.7993988507384,1.999826e-06
35.0,0.0,207.79897350247407,2.03721e-06
35.0,0.0,207.79854859655927,1.912311e-06
35.0,0.0,207.79812296446687,2.078261e-06
35.0,0.0,207.79772125064648,2.10591e-06
35.0,0.0,207.7973199753685,2.02519e-06
35.0,0.0,207.7968934456183,2.078712e-06
35.0,0.0,207.79648529323333,2.071451e-06
35.0,0.0,207.79605048526105,2.114262e-06
35.0,0.0,207.79560257143137,2.196306e-06
35.0,0.0,207.79521533506664,2.176632e-06
35.0,0.0,207.7947994799288,2.001121e-06
35.0,0.0,207.79437637617357,2.117653e-06
35.0,0.0,207.7939452945801,2.146422e-06
35.0,0.0,207.79350655814864,2.229412e-06
35.0,0.0,207.7931064182816,2.080793e-06
35.0,0.0,207.79268401733412,2.102577e-06
35.0,0.0,207.79226777747732,2.002416e-06
35.0,0.0,207.7918611626108,1.999884e-06
35.0,0.0,207.79142910878588,2.035347e-06
35.0,0.0,207.79103855239205,2.026471e-06
35.0,0.0,207.7905903407796,1.984095e-06
35.0,0.0,207.79020149740973,1.957203e-06
35.0,0.0,207.7897858664577,2.030007e-06
35.0,0.0,207.78936576095856,2.07586e-06
35.0,0.0,207.78895790172135,1.958237e-06
35.0,0.0,207.7885205764209,2.043525e-06
35.0,0.0,207.78811930372623,2.086483e-06
35.0,0.0,207.7876978696248,2.092725e-06
35.0,0.0,207.78726631001015,2.157685e-06
35.0,0.0,207.78684932294016,2.201807e-06
35.0,0.0,207.78644110763528,2.339875e-06
35.0,0.0,207.7860100000821,2.355242e-06
35.0,0.0,207.78557781331983,2.372763e-06
35.0,0.0,207.785154046492,2.245259e-06
35.0,0.0,207.7847404213908,2.235363e-06
35.0,0.0,207.78432987189044,2.243542e-06
35.0,0.0,207.78390169700927,2.300731e-06
35.0,0.0,207.78349361284504,2.209083e-06
35.0,0.0,207.7830629835045,2.183049e-06
35.0,0.0,207.78264091029624,2.300847e-06
35.0,0.0,207.78225313461303,2.29814e-06
35.0,0.0,207.781838329132,2.308021e-06
35.0,0.0,207.7814235347292,2.18206e-06
35.0,0.0,207.78100009184627,2.241752e-06
35.0,0.0,207.78057155109448,2.415341e-06
35.0,0.0,207.78017651513727,2.275337e-06
35.0,0.0,207.7797446706548,2.283428e-06
35.0,0.0,207.7793663573661,2.219123e-06
35.0,0.0,207.77892207616364,2.284971e-06
35.0,0.0,207.77848404130273,2.352594e-06
35.0,0.0,207.77805662918513,2.321714e-06
35.0,0.0,207.77765679192711,2.33647e-06
35.0,0.0,207.77724166396905,2.293978e-06
35.0,0.0,207.77682793298047,2.301851e-06
35.0,0.0,207.77642127241464,2.301531e-06
35.0,0.0,207.775990429691,2.271991e-06
35.0,0.0,207.77555645459924,2.3295e-06
35.0,0.0,207.7751518292203,2.21665e-06
35.0,0.0,207.77473372527268,2.310917e-06
35.0,0.0,207.7743060847506,2.296656e-06
35.0,0.0,207.77388223948472,2.236338e-06
35.0,0.0,207.77345151701357,2.111236e-06
35.0,0.0,207.77304338970592,2.112574e-06
35.0,0.0,207.7726170735772,2.094093e-06
35.0,0.0,207.77220438230984,2.204994e-06
35.0,0.0,207.77181314028965,2.126544e-06
35.0,0.0,207.7713669824172,2.171306e-06
35.0,0.0,207.77096784532213,2.193061e-06
35.0,0.0,207.77054380346985,2.158646e-06
35.0,0.0,207.77014035088624,2.052257e-06
35.0,0.0,207.7697075741497,1.955836e-06
35.0,0.0,207.7692974002649,2.08283e-06
35.0,0.0,207.7688937388832,2.027678e-06
35.0,0.0,207.76846306339488,2.036526e-06
35.0,0.0,207.76805518389295,1.950946e-06
35.0,0.0,207.76763098246775,1.947905e-06
35.0,0.0,207.7672158795976,1.894048e-06
35.0,0.0,207.76678002505227,1.977765e-06
35.0,0.0,207.76635628662424,1.90617e-06
35.0,0.0,207.76595766345673,1.917113e-06
35.0,0.0,207.7655165009552,1.912733e-06
35.0,0.0,207.76508559806436,1.860695e-06
35.0,0.0,207.764685740404,1.841647e-06
35.0,0.0,207.76428063828328,1.742359e-06
35.0,0.0,207.76383726156465,1.714841e-06
35.0,0.0,207.7634234073375,1.742461e-06
35.0,0.0,207.76301570043432,1.663633e-06
35.0,0.0,207.7625714017154,1.607783e-06
35.0,0.0,207.76217610409543,1.583569e-06
35.0,0.0,207.76176089223296,1.609966e-06
35.0,0.0,207.76136592112357,1.625463e-06
35.0,0.0,207.7609370401493,1.576773e-06
35.0,0.0,207.76051349974023,1.568085e-06
35.0,0.0,207.76009900768173,1.553577e-06
35.0,0.0,207.75967449081205,1.632056e-06
35.0,0.0,207.75929610796115,1.645894e-06
35.0,0.0,207.75885192869583,1.676832e-06
35.0,0.0,207.7584347848628,1.553693e-06
35.0,0.0,207.75802909776965,1.555585e-06
35.0,0.0,207.7575812830488,1.624663e-06
35.0,0.0,207.7571809631957,1.60755e-06
35.0,0.0,207.75677480050533,1.612192e-06
35.0,0.0,207.7563563483456,1.700479e-06
35.0,0.0,207.75593952892848,1.561639e-06
35.0,0.0,207.75550981663133,1.591368e-06
35.0,0.0,207.7550858796088,1.596476e-06
35.0,0.0,207.754641929157,1.572073e-06
35.0,0.0,207.75422685408057,1.601249e-06
35.0,0.0,207.75381452661907,1.649809e-06
35.0,0.0,207.75340932737444,1.569002e-06
35.0,0.0,207.7529670651928,1.595123e-06
35.0,0.0,207.75253089832367,1.604305e-06
35.0,0.0,207.75212237270944,1.668028e-06
35.0,0.0,207.751731721108,1.758774e-06
35.0,0.0,207.75131933401997,1.752851e-06
35.0,0.0,207.75089287049445,1.742621e-06
35.0,0.0,207.7504846953692,1.720022e-06
35.0,0.0,207.75005379790005,1.601613e-06
35.0,0.0,207.74965106031945,1.67414e-06
35.0,0.0,207.7492418768045,1.663298e-06
35.0,0.0,207.74880654475876,1.672946e-06
35.0,0.0,207.74841488718084,1.781096e-06
35.0,0.0,207.74798177429963,1.759676e-06
35.0,0.0,207.74757382657697,1.782944e-06
35.0,0.0,207.74715385146155,1.812208e-06
35.0,0.0,207.74673886639303,1.772816e-06
35.0,0.0,207.7462955336817,1.821711e-06
35.0,0.0,207.74586337813253,1.637745e-06
35.0,0.0,207.74546538821463,1.602282e-06
35.0,0.0,207.7450416513068,1.452674e-06
35.0,0.0,207.7445927569979,1.55333e-06
35.0,0.0,207.74419366885687,1.565888e-06
35.0,0.0,207.7437892196976,1.280088e-06
35.0,0.0,207.74336823162216,1.212728e-06
35.0,0.0,207.74295972949952,1.495515e-06
35.0,0.0,207.74251851182336,1.514738e-06
35.0,0.0,207.74211199957657,1.542896e-06
35.0,0.0,207.74169847979033,1.568987e-06
35.0,0.0,207.74128900817885,1.538036e-06
35.0,0.0,207.74088581420017,1.500535e-06
35.0,0.0,207.74044848886368,1.595094e-06
35.0,0.0,207.74005513111933,1.54732e-06
35.0,0.0,207.7396077925233,1.530731e-06
35.0,0.0,207.73920739018988,1.496504e-06
35.0,0.0,207.7388044696416,1.437453e-06
35.0,0.0,207.73838071340913,1.446271e-06
35.0,0.0,207.7379618064483,1.526845e-06
35.0,0.0,207.7375305379751,1.496694e-06
35.0,0.0,207.7371012208532,1.650944e-06
35.0,0.0,207.73670172808673,1.677341e-06
35.0,0.0,207.73629846010152,1.645036e-06
35.0,0.0,207.7358760193188,1.593784e-06
35.0,0.0,207.7354577112572,1.586974e-06
35.0,0.0,207.73503482530737,1.584485e-06
35.0,0.0,207.73459597917935,1.50346e-06
35.0,0.0,207.73418015373,1.476481e-06
35.0,0.0,207.7337368276452,1.527864e-06
35.0,0.0,207.73332352760303,1.32581e-06
35.0,0.0,207.7329171920716,1.487555e-06
35.0,0.0,207.73248674239315,1.401189e-06
35.0,0.0,207.73209007373865,1.393593e-06
35.0,0.0,207.7316463391696,1.428576e-06
35.0,0.0,207.73125133535703,1.46449e-06
35.0,0.0,207.73084357841785,1.456763e-06
35.0,0.0,207.730427793964,1.431763e-06
35.0,0.0,207.73000430961832,1.401437e-06
35.0,0.0,207.72957246650768,1.264503e-06
35.0,0.0,207.72917714638095,1.384396e-06
35.0,0.0,207.72875262683837,1.418448e-06
35.0,0.0,207.7283374962134,1.319349e-06
35.0,0.0,207.72793011702916,1.44892e-06
35.0,0.0,207.7274996743651,1.444248e-06
35.0,0.0,207.7270662735621,1.442924e-06
35.0,0.0,207.7266523302283,1.47082e-06
35.0,0.0,207.7262466239248,1.438631e-06
35.0,0.0,207.72583134799407,1.422231e-06
35.0,0.0,207.72538385042412,1.281194e-06
35.0,0.0,207.72499475749237,1.404056e-06
35.0,0.0,207.7245613668221,1.534863e-06
35.0,0.0,207.72411472591477,1.37568e-06
35.0,0.0,207.7237146205064,1.527966e-06
35.0,0.0,207.72332621216285,1.611668e-06
35.0,0.0,207.72287922806575,1.609049e-06
35.0,0.0,207.722457487587,1.529028e-06
35.0,0.0,207.72205673783776,1.631663e-06
35.0,0.0,207.72165193214653,1.633642e-06
35.0,0.0,207.7212281018463,1.523134e-06
35.0,0.0,207.7208201822782,1.555469e-06
35.0,0.0,207.72041066751908,1.506676e-06
35.0,0.0,207.7199753094704,1.506167e-06
35.0,0.0,207.71953734665388,1.489563e-06
35.0,0.0,207.71915206932056,1.538225e-06
35.0,0.0,207.7187152284128,1.589768e-06
40.0,0.0,207.99734375,2.269704e-05
40.0,0.0,207.9970601164624,-1.73891e-06
40.0,0.0,207.99697176221412,-8.215575000000001e-07
40.0,0.0,207.99688349457773,-5.988841e-07
40.0,0.0,207.99673786744543,-1.437147e-07
40.0,0.0,207.99654184129457,1.666631e-07
40.0,0.0,207.99633284497529,4.2391180000000006e-07
40.0,0.0,207.99605003679568,6.159971000000001e-07
40.0,0.0,207.99574836300036,7.092458e-07
40.0,0.0,207.9953949492321,8.360221e-07
40.0,0.0,207.9949913851869,9.398645000000001e-07
40.0,0.0,207.9945605454022,1.027685e-06
40.0,0.0,207.9941493644613,1.090695e-06
40.0,0.0,207.9937095672096,1.165216e-06
40.0,0.0,207.9932940916644,1.216293e-06
40.0,0.0,207.9928724722452,1.279404e-06
40.0,0.0,207.99246442446545,1.257547e-06
40.0,0.0,207.99203368293269,1.216657e-06
40.0,0.0,207.99164848591363,1.234817e-06
40.0,0.0,207.99123228825547,1.266177e-06
40.0,0.0,207.99081685741865,1.248482e-06
40.0,0.0,207.99040783720136,1.284236e-06
40.0,0.0,207.98998268043897,1.278226e-06
40.0,0.0,207.9895519194449,1.309352e-06
40.0,0.0,207.9891270201344,1.31593e-06
40.0,0.0,207.98873379095903,1.326305e-06
40.0,0.0,207.98831108486732,1.439388e-06
40.0,0.0,207.98788584399367,1.422872e-06
40.0,0.0,207.987477325825,1.386841e-06
40.0,0.0,207.987047876217,1.458422e-06
40.0,0.0,207.98662218978967,1.446591e-06
40.0,0.0,207.9862070161444,1.465349e-06
40.0,0.0,207.98578557971584,1.422843e-06
40.0,0.0,207.98538267891033,1.38559e-06
40.0,0.0,207.9849521586301,1.390727e-06
40.0,0.0,207.98452130358217,1.466164e-06
40.0,0.0,207.984090734281,1.404667e-06
40.0,0.0,207.9836914866796,1.40004e-06
40.0,0.0,207.98329026201577,1.420689e-06
40.0,0.0,207.9828569813839,1.346649e-06
40.0,0.0,207.98242514987928,1.367036e-06
40.0,0.0,207.9820346113028,1.34921e-06
40.0,0.0,207.9815866298912,1.290275e-06
40.0,0.0,207.9812011188588,1.34432e-06
40.0,0.0,207.9807817681752,1.361783e-06
40.0,0.0,207.98037238881017,1.348293e-06
40.0,0.0,207.97992782636632,1.386768e-06
40.0,0.0,207.97953467053787,1.410444e-06
40.0,0.0,207.97910624399384,1.375651e-06
40.0,0.0,207.97868114550883,1.44681e-06
40.0,0.0,207.9783030034775,1.508655e-06
40.0,0.0,207.97785850485633,1.510329e-06
40.0,0.0,207.9774383015508,1.497829e-06
40.0,0.0,207.97703036065016,1.475826e-06
40.0,0.0,207.9766007279496,1.516062e-06
40.0,0.0,207.9761856344312,1.510329e-06
40.0,0.0,207.9757609450535,1.497028e-06
40.0,0.0,207.97537545086143,1.449778e-06
40.0,0.0,207.97493844875157,1.265624e-06
40.0,0.0,207.97450349440183,1.33834e-06
40.0,0.0,207.9740725563169,1.398585e-06
40.0,0.0,207.9736527436145,1.396038e-06
40.0,0.0,207.97323391274773,1.374239e-06
40.0,0.0,207.9728485085898,1.393622e-06
40.0,0.0,207.9724095305088,1.418142e-06
40.0,0.0,207.9719758124625,1.398454e-06
40.0,0.0,207.9715680520836,1.338965e-06
40.0,0.0,207.9711467659196,1.358756e-06
40.0,0.0,207.9707591014116,1.400374e-06
40.0,0.0,207.9703436994363,1.364606e-06
40.0,0.0,207.96991301040137,1.263179e-06
40.0,0.0,207.96950920328084,1.329434e-06
40.0,0.0,207.9690854665706,1.393622e-06
40.0,0.0,207.96864144883764,1.356049e-06
40.0,0.0,207.96826265410496,1.308785e-06
40.0,0.0,207.9678383201402,1.257693e-06
40.0,0.0,207.9674087911024,1.354929e-06
40.0,0.0,207.96697279230273,1.384862e-06
40.0,0.0,207.96656181624405,1.398206e-06
40.0,0.0,207.966163378308,1.409426e-06
40.0,0.0,207.9657326447832,1.388908e-06
40.0,0.0,207.96530480744872,1.37942e-06
40.0,0.0,207.9648809670496,1.376669e-06
40.0,0.0,207.9644619764212,1.415799e-06
40.0,0.0,207.96405344574424,1.537424e-06
40.0,0.0,207.96362911388675,1.489767e-06
40.0,0.0,207.96320153439217,1.362263e-06
40.0,0.0,207.96278382998088,1.26347e-06
40.0,0.0,207.96237897502348,1.503955e-06
40.0,0.0,207.96195543226648,1.379944e-06
40.0,0.0,207.96155855130337,1.463544e-06
40.0,0.0,207.96112391664263,1.522465e-06
40.0,0.0,207.96070845603944,1.603694e-06
40.0,0.0,207.960320717817,1.644628e-06
40.0,0.0,207.95989402975812,1.605367e-06
40.0,0.0,207.9594500369992,1.52849e-06
40.0,0.0,207.9590551756499,1.593624e-06
40.0,0.0,207.95861928708223,1.633147e-06
40.0,0.0,207.95820218928387,1.678709e-06
40.0,0.0,207.9578142256708,1.655382e-06
40.0,0.0,207.95738870924976,1.553621e-06
40.0,0.0,207.9569578587608,1.541164e-06
40.0,0.0,207.95653270870991,1.57216e-06
40.0,0.0,207.95612454143827,1.594468e-06
40.0,0.0,207.95569545858172,1.58175e-06
40.0,0.0,207.95528016284052,1.604159e-06
40.0,0.0,207.95486087102532,1.587643e-06
40.0,0.0,207.95443001361505,1.555352e-06
40.0,0.0,207.95402181961128,1.546374e-06
40.0,0.0,207.95359123122228,1.559965e-06
40.0,0.0,207.9531657779077,1.561522e-06
40.0,0.0,207.95274632413987,1.553475e-06
40.0,0.0,207.95235495796484,1.555789e-06
40.0,0.0,207.95192507765995,1.532127e-06
40.0,0.0,207.95150262040312,1.542343e-06
40.0,0.0,207.9510865242768,1.626249e-06
40.0,0.0,207.95066922554332,1.562803e-06
40.0,0.0,207.95025875549297,1.501598e-06
40.0,0.0,207.94987344457488,1.420805e-06
40.0,0.0,207.949427474487,1.526976e-06
40.0,0.0,207.94903457122115,1.520151e-06
40.0,0.0,207.94860581687453,1.49796e-06
40.0,0.0,207.94818069607595,1.489549e-06
40.0,0.0,207.9477608415776,1.533626e-06
40.0,0.0,207.94736805663192,1.571651e-06
40.0,0.0,207.94693751961873,1.628039e-06
40.0,0.0,207.94650668291507,1.585824e-06
40.0,0.0,207.94607396393332,1.5642e-06
40.0,0.0,207.94566765580123,1.510954e-06
40.0,0.0,207.94526875452743,1.555978e-06
40.0,0.0,207.94483971252913,1.573528e-06
40.0,0.0,207.94440984335148,1.63498e-06
40.0,0.0,207.9439676579162,1.616689e-06
40.0,0.0,207.94357128486013,1.519104e-06
40.0,0.0,207.94315082920264,1.55982e-06
40.0,0.0,207.9427213078337,1.479813e-06
40.0,0.0,207.94229959804048,1.511551e-06
40.0,0.0,207.94190530773977,1.476132e-06
40.0,0.0,207.9414746082624,1.498847e-06
40.0,0.0,207.941066526682,1.4627e-06
40.0,0.0,207.9406454296128,1.469249e-06
40.0,0.0,207.94024144420987,1.552355e-06
40.0,0.0,207.93984239095929,1.60023e-06
40.0,0.0,207.93940342594857,1.577268e-06
40.0,0.0,207.9389824589665,1.55349e-06
40.0,0.0,207.9385838417629,1.617314e-06
40.0,0.0,207.93815987814847,1.691078e-06
40.0,0.0,207.93772379040817,1.663924e-06
40.0,0.0,207.9373149938249,1.688517e-06
40.0,0.0,207.93691314976488,1.637527e-06
40.0,0.0,207.9364773115973,1.529887e-06
40.0,0.0,207.9360533968114,1.542096e-06
40.0,0.0,207.9356488674972,1.470267e-06
40.0,0.0,207.935245675732,1.58677e-06
40.0,0.0,207.93480285396225,1.528126e-06
40.0,0.0,207.93437947783687,1.364635e-06
40.0,0.0,207.93394223961465,1.38671e-06
40.0,0.0,207.93352326465228,1.417618e-06
40.0,0.0,207.9331217011648,1.40784e-06
40.0,0.0,207.93270045263736,1.312248e-06
40.0,0.0,207.93226898271544,1.230364e-06
40.0,0.0,207.93185162869065,1.424894e-06
40.0,0.0,207.93145382701516,1.322725e-06
40.0,0.0,207.93103066942487,1.290668e-06
40.0,0.0,207.93062178461673,1.251596e-06
40.0,0.0,207.93020632407,1.303793e-06
40.0,0.0,207.92979632680456,1.297187e-06
40.0,0.0,207.92939271311528,1.35263e-06
40.0,0.0,207.92896184124703,1.401801e-06
40.0,0.0,207.92853612730568,1.400651e-06
40.0,0.0,207.92812939522,1.290682e-06
40.0,0.0,207.92771387888547,1.28652e-06
40.0,0.0,207.92727820074737,1.283144e-06
40.0,0.0,207.92685438854275,1.250635e-06
40.0,0.0,207.92645564322655,1.293694e-06
40.0,0.0,207.92601474749904,1.348788e-06
40.0,0.0,207.92558389551044,1.3518e-06
40.0,0.0,207.92516649152049,1.102744e-06
40.0,0.0,207.92476030180993,1.141278e-06
40.0,0.0,207.9243599844737,1.231354e-06
40.0,0.0,207.92391263897537,1.167922e-06
40.0,0.0,207.92351384667137,1.134496e-06
40.0,0.0,207.9230901289004,9.883952000000003e-07
40.0,0.0,207.92264676831027,9.958021e-07
40.0,0.0,207.92225935394623,1.058186e-06
40.0,0.0,207.92184382428556,9.537325e-07
40.0,0.0,207.921444814283,8.916832000000001e-07
40.0,0.0,207.92100465531004,1.19512e-06
40.0,0.0,207.92057561113347,1.176319e-06
40.0,0.0,207.92018195624465,1.157532e-06
40.0,0.0,207.91976674882588,1.195585e-06
40.0,0.0,207.91937013046143,1.244538e-06
40.0,0.0,207.91892666321144,1.175722e-06
40.0,0.0,207.9185112022911,1.150838e-06
40.0,0.0,207.918103878134,1.083652e-06
40.0,0.0,207.91766206627173,1.010063e-06
40.0,0.0,207.91725649428776,1.065084e-06
40.0,0.0,207.91685636890273,1.112785e-06
40.0,0.0,207.9164256024534,1.145148e-06
40.0,0.0,207.91601738184767,1.098e-06
40.0,0.0,207.9155864789568,1.048233e-06
40.0,0.0,207.91516929238637,1.296314e-06
40.0,0.0,207.914726468592,1.326422e-06
40.0,0.0,207.91431092102127,1.244611e-06
40.0,0.0,207.9138859689309,1.334542e-06
40.0,0.0,207.9134775846373,1.262466e-06
40.0,0.0,207.91304189976577,1.270018e-06
40.0,0.0,207.91263851107217,1.131339e-06
40.0,0.0,207.91223321758807,1.281136e-06
40.0,0.0,207.9117998206112,1.195003e-06
40.0,0.0,207.91139646016316,1.337554e-06
40.0,0.0,207.91096076533532,1.276712e-06
40.0,0.0,207.91057365030915,1.218359e-06
40.0,0.0,207.91012823592888,1.28604e-06
40.0,0.0,207.90972599214052,1.279201e-06
40.0,0.0,207.90932528111023,1.246706e-06
40.0,0.0,207.90889810089448,1.25129e-06
40.0,0.0,207.90849006103207,1.198583e-06
40.0,0.0,207.90805594991792,1.265071e-06
40.0,0.0,207.907632262137,1.229462e-06
40.0,0.0,207.90723331641755,1.192893e-06
40.0,0.0,207.90680549621035,1.200038e-06
40.0,0.0,207.9063815760372,1.159657e-06
40.0,0.0,207.9059623671573,1.019464e-06
40.0,0.0,207.9055420247756,1.155189e-06
40.0,0.0,207.90511483818153,1.225315e-06
40.0,0.0,207.90468868626928,1.231863e-06
40.0,0.0,207.904272181432,1.147608e-06
40.0,0.0,207.90386628212912,1.190012e-06
40.0,0.0,207.90344229507787,1.166045e-06
40.0,0.0,207.90301014578543,1.25583e-06
40.0,0.0,207.9025947814459,1.238252e-06
40.0,0.0,207.90217954395928,1.290115e-06
40.0,0.0,207.9017917493829,1.289096e-06
40.0,0.0,207.90137052391628,1.172302e-06
40.0,0.0,207.900962737636,1.240682e-06
40.0,0.0,207.9005317918451,1.237349e-06
40.0,0.0,207.9001027533684,1.343666e-06
40.0,0.0,207.89971518227608,1.24512e-06
40.0,0.0,207.89927902208203,1.334338e-06
40.0,0.0,207.89885533050688,1.329463e-06
40.0,0.0,207.89845631335007,1.352368e-06
40.0,0.0,207.8980152888093,1.361361e-06
40.0,0.0,207.8976296843653,1.31657e-06
40.0,0.0,207.89719437832707,1.282227e-06
40.0,0.0,207.8967792410365,1.388646e-06
40.0,0.0,207.89637979564344,1.283173e-06
40.0,0.0,207.89595246610537,1.438457e-06
40.0,0.0,207.89551437993876,1.340959e-06
40.0,0.0,207.89511344723925,1.342996e-06
40.0,0.0,207.89468268986076,1.648688e-06
40.0,0.0,207.89425935106365,1.425637e-06
40.0,0.0,207.89384375370784,1.478358e-06
40.0,0.0,207.89341296451835,1.430773e-06
40.0,0.0,207.892991721517,1.381704e-06
40.0,0.0,207.89257459145023,1.390392e-06
40.0,0.0,207.89215514763035,1.502878e-06
40.0,0.0,207.8917360842755,1.465189e-06
40.0,0.0,207.8913264284803,1.515262e-06
40.0,0.0,207.89090236042216,1.496854e-06
40.0,0.0,207.89050308904464,1.523047e-06
40.0,0.0,207.89010356878333,1.513879e-06
40.0,0.0,207.8896626777292,1.559441e-06
40.0,0.0,207.88924718542876,1.548528e-06
40.0,0.0,207.8888332527404,1.5978e-06
40.0,0.0,207.8884264133225,1.612119e-06
40.0,0.0,207.88799587969743,1.574546e-06
40.0,0.0,207.88758802293583,1.56532e-06
40.0,0.0,207.8871711748567,1.489127e-06
40.0,0.0,207.8867395927364,1.577209e-06
40.0,0.0,207.8863126625204,1.593377e-06
40.0,0.0,207.8858873710163,1.578315e-06
40.0,0.0,207.88549294195855,1.5595e-06
40.0,0.0,207.8850486123098,1.586159e-06
40.0,0.0,207.8846227559376,1.583598e-06
40.0,0.0,207.88422081282727,1.544526e-06
40.0,0.0,207.88381921696,1.562701e-06
40.0,0.0,207.883372601668,1.630731e-06
40.0,0.0,207.8829728460186,1.675973e-06
40.0,0.0,207.88254974622004,1.673383e-06
40.0,0.0,207.8821016770384,1.711087e-06
40.0,0.0,207.88172700919444,1.705645e-06
40.0,0.0,207.88129857775232,1.714507e-06
40.0,0.0,207.8808939852248,1.685359e-06
40.0,0.0,207.88046778298127,1.648688e-06
40.0,0.0,207.88003719699063,1.593973e-06
40.0,0.0,207.87963285392289,1.70256e-06
40.0,0.0,207.87922209604815,1.769178e-06
40.0,0.0,207.8787905404452,1.762237e-06
40.0,0.0,207.87839660294625,1.732595e-06
40.0,0.0,207.87796340286408,1.798209e-06
40.0,0.0,207.87755516035497,1.760403e-06
40.0,0.0,207.8771309870964,1.81931e-06
40.0,0.0,207.87671549511325,1.876935e-06
40.0,0.0,207.87632755309673,1.866225e-06
40.0,0.0,207.87589950927065,1.855704e-06
40.0,0.0,207.8754560917192,1.868466e-06
40.0,0.0,207.87501488647257,1.880719e-06
40.0,0.0,207.87460826173887,1.873981e-06
40.0,0.0,207.87419454897665,1.918394e-06
40.0,0.0,207.87377944118447,1.865497e-06
40.0,0.0,207.87336055344977,1.831548e-06
40.0,0.0,207.87291319019465,1.842607e-06
40.0,0.0,207.87251417872548,1.753404e-06
40.0,0.0,207.87209043585372,1.825843e-06
40.0,0.0,207.87168251304385,1.728346e-06
40.0,0.0,207.87125938937083,1.790497e-06
40.0,0.0,207.87086463175197,1.776629e-06
40.0,0.0,207.87043585464593,1.731139e-06
40.0,0.0,207.87001266779188,1.810098e-06
40.0,0.0,207.86959806069527,1.843538e-06
40.0,0.0,207.8691824896052,1.82839e-06
40.0,0.0,207.868794556138,1.814464e-06
40.0,0.0,207.86837246133808,1.791341e-06
40.0,0.0,207.8679263179088,1.791574e-06
40.0,0.0,207.8675332014,1.787572e-06
40.0,0.0,207.8671043649909,1.80224e-06
40.0,0.0,207.86666135126424,1.791923e-06
40.0,0.0,207.86625577365817,1.821958e-06
40.0,0.0,207.86585590976125,1.797554e-06
40.0,0.0,207.865425263939,1.754437e-06
40.0,0.0,207.8649845950717,1.766559e-06
40.0,0.0,207.86456613179357,1.749853e-06
40.0,0.0,207.86416946215564,1.81701e-06
40.0,0.0,207.86372608048327,1.723005e-06
40.0,0.0,207.8633141996424,1.770735e-06
40.0,0.0,207.8629086930121,1.874869e-06
40.0,0.0,207.86247815396536,1.883323e-06
40.0,0.0,207.86207004757492,1.787703e-06
40.0,0.0,207.8616495165952,1.800843e-06
40.0,0.0,207.8612448187084,1.923472e-06
40.0,0.0,207.86084582273023,1.901353e-06
40.0,0.0,207.86039713645405,1.918903e-06
40.0,0.0,207.85999834783803,1.907742e-06
40.0,0.0,207.85955348245025,1.885943e-06
40.0,0.0,207.85916818972396,1.854118e-06
40.0,0.0,207.85874177418424,1.740424e-06
40.0,0.0,207.85832842925208,1.824563e-06
40.0,0.0,207.85792189709517,1.795474e-06
40.0,0.0,207.8574910396848,1.882174e-06
40.0,0.0,207.85705682542184,1.917942e-06
40.0,0.0,207.8566523937336,2.024477e-06
40.0,0.0,207.85625032977617,2.017361e-06
40.0,0.0,207.8558140033469,1.938708e-06
40.0,0.0,207.8554121319167,1.998545e-06
40.0,0.0,207.8549883683632,1.836306e-06
40.0,0.0,207.8545445909464,1.606444e-06
40.0,0.0,207.85411809703945,1.841676e-06
40.0,0.0,207.85370260570164,1.870401e-06
40.0,0.0,207.8533150034077,1.824403e-06
40.0,0.0,207.852868884524,1.821303e-06
40.0,0.0,207.8524452917383,1.906737e-06
40.0,0.0,207.85204627430525,1.899811e-06
40.0,0.0,207.85159789535373,1.863154e-06
40.0,0.0,207.85121199246473,1.915294e-06
40.0,0.0,207.85079513589056,1.920125e-06
40.0,0.0,207.8503732584099,1.845168e-06
40.0,0.0,207.84996501506387,1.98184e-06
40.0,0.0,207.84953440908328,1.888562e-06
40.0,0.0,207.849129812166,1.840221e-06
40.0,0.0,207.84871868188895,1.806518e-06
40.0,0.0,207.8482880199934,1.87046e-06
40.0,0.0,207.84790282698967,1.881126e-06
40.0,0.0,207.84745974121807,1.896318e-06
40.0,0.0,207.84703552446297,1.905282e-06
40.0,0.0,207.846587612686,1.930559e-06
40.0,0.0,207.84619760065732,1.959081e-06
40.0,0.0,207.845782222602,1.924331e-06
40.0,0.0,207.84536252949363,1.955385e-06
40.0,0.0,207.84494505672964,1.919281e-06
40.0,0.0,207.84451660068143,2.034809e-06
40.0,0.0,207.84409252849983,1.940803e-06
40.0,0.0,207.84368478278608,2.013549e-06
40.0,0.0,207.84326166557832,2.024812e-06
40.0,0.0,207.84284600581503,1.986758e-06
40.0,0.0,207.84243002891216,1.992856e-06
40.0,0.0,207.8420069505392,1.99987e-06
40.0,0.0,207.84157775217085,2.045446e-06
40.0,0.0,207.84118484913145,2.009459e-06
40.0,0.0,207.84076972088215,1.979686e-06
40.0,0.0,207.84037237593327,2.094559e-06
40.0,0.0,207.83992913590345,2.108834e-06
40.0,0.0,207.83952022540925,1.970795e-06
40.0,0.0,207.83910766956828,2.046174e-06
40.0,0.0,207.83866404437845,2.092755e-06
40.0,0.0,207.8382659469654,2.024404e-06
40.0,0.0,207.83785927411495,1.919907e-06
40.0,0.0,207.83742735554273,1.974608e-06
40.0,0.0,207.83701956337555,1.924578e-06
40.0,0.0,207.8365887340184,1.955501e-06
40.0,0.0,207.83617250996247,1.910303e-06
40.0,0.0,207.83575040111788,1.97631e-06
40.0,0.0,207.8353424547672,2.36003e-06
40.0,0.0,207.83491876192411,2.12228e-06
40.0,0.0,207.8344812897624,2.086541e-06
40.0,0.0,207.8340507734559,1.960303e-06
40.0,0.0,207.83364793353837,1.944238e-06
40.0,0.0,207.8332384065204,1.983819e-06
40.0,0.0,207.83279990344332,1.965876e-06
40.0,0.0,207.83241225943567,1.876848e-06
40.0,0.0,207.83197693706,2.027373e-06
40.0,0.0,207.83153868709783,1.919398e-06
40.0,0.0,207.831153507332,1.869732e-06
40.0,0.0,207.83071699124935,1.966488e-06
40.0,0.0,207.83032964236608,1.870736e-06
40.0,0.0,207.82990168697435,1.999491e-06
40.0,0.0,207.82949351059264,1.95358e-06
40.0,0.0,207.8290627268248,1.941473e-06
40.0,0.0,207.82864031282617,1.975117e-06
40.0,0.0,207.82825285612768,2.048982e-06
40.0,0.0,207.82783774663096,2.045956e-06
40.0,0.0,207.8273897035714,2.052897e-06
40.0,0.0,207.82696589162052,1.99514e-06
40.0,0.0,207.82652983200003,2.041459e-06
40.0,0.0,207.82612081787528,2.10719e-06
40.0,0.0,207.82570571572256,2.060173e-06
40.0,0.0,207.82529594574436,2.131652e-06
40.0,0.0,207.82489184805027,2.151442e-06
40.0,0.0,207.8244609689428,2.270346e-06
40.0,0.0,207.8240235474192,2.271554e-06
40.0,0.0,207.82362182270597,2.240151e-06
40.0,0.0,207.8232125136797,2.194545e-06
40.0,0.0,207.82276957670788,2.13318e-06
40.0,0.0,207.82237256843385,2.133209e-06
40.0,0.0,207.82195426488744,2.022818e-06
40.0,0.0,207.82152001802316,2.067783e-06
40.0,0.0,207.8211080601024,2.101166e-06
40.0,0.0,207.82069295723213,2.277928e-06
40.0,0.0,207.82030535493817,2.189801e-06
40.0,0.0,207.81988155142227,2.087851e-06
40.0,0.0,207.8194626137258,2.19472e-06
40.0,0.0,207.8190424926561,2.23727e-06
40.0,0.0,207.81861569849949,2.073575e-06
40.0,0.0,207.81820373731372,2.125744e-06
40.0,0.0,207.81779076957065,2.241009e-06
40.0,0.0,207.81736672581104,2.3514e-06
40.0,0.0,207.8169677828729,2.115092e-06
40.0,0.0,207.81652549180083,1.943059e-06
40.0,0.0,207.81609500250687,1.903099e-06
40.0,0.0,207.81570723345024,1.901761e-06
40.0,0.0,207.81529165284013,1.894456e-06
40.0,0.0,207.8148482239907,1.9367e-06
40.0,0.0,207.8144245601981,1.901062e-06
40.0,0.0,207.8139866308824,1.933164e-06
40.0,0.0,207.8135786376792,1.88993e-06
40.0,0.0,207.81316020908525,1.942419e-06
40.0,0.0,207.812744601062,1.917608e-06
40.0,0.0,207.81235393665253,2.012021e-06
40.0,0.0,207.81190715703315,1.895154e-06
40.0,0.0,207.8115159021506,1.960449e-06
40.0,0.0,207.81108427037023,2.193192e-06
40.0,0.0,207.81067703048507,2.098372e-06
40.0,0.0,207.81026179096088,1.912093e-06
40.0,0.0,207.80983843924247,1.807522e-06
40.0,0.0,207.80943848630457,1.921289e-06
40.0,0.0,207.8089988323356,2.005589e-06
40.0,0.0,207.8085906820091,2.134606e-06
40.0,0.0,207.80817436926324,2.07116e-06
40.0,0.0,207.80775890507388,1.978609e-06
40.0,0.0,207.80736433562785,1.94303e-06
40.0,0.0,207.80691991255972,1.967215e-06
40.0,0.0,207.80649583596727,1.949797e-06
40.0,0.0,207.80605128962247,2.029148e-06
40.0,0.0,207.80564830615907,2.09178e-06
40.0,0.0,207.80523909848233,1.934677e-06
40.0,0.0,207.80482348923448,1.831853e-06
40.0,0.0,207.8043765522428,1.910579e-06
40.0,0.0,207.80398830471847,2.016706e-06
40.0,0.0,207.80355394798792,1.907683e-06
40.0,0.0,207.80312987992983,1.828215e-06
40.0,0.0,207.80271844021692,1.971304e-06
40.0,0.0,207.80230282712523,2.01595e-06
40.0,0.0,207.80187925121717,1.998444e-06
40.0,0.0,207.80147094231367,2.000132e-06
40.0,0.0,207.8010399739604,1.995111e-06
40.0,0.0,207.80063534869456,1.985463e-06
40.0,0.0,207.80022456434904,2.078814e-06
40.0,0.0,207.79981246828964,2.299814e-06
40.0,0.0,207.79940738716076,2.225817e-06
40.0,0.0,207.79897646695133,2.230197e-06
40.0,0.0,207.7985497872133,2.02212e-06
40.0,0.0,207.79814780274523,2.042405e-06
40.0,0.0,207.7977045666684,2.032262e-06
40.0,0.0,207.79731981810124,1.956403e-06
40.0,0.0,207.79689612997248,2.063287e-06
40.0,0.0,207.79646046087697,2.05345e-06
40.0,0.0,207.79607326489605,2.073575e-06
40.0,0.0,207.79562800187236,2.038345e-06
40.0,0.0,207.79521245520957,2.019558e-06
40.0,0.0,207.7947967408761,2.065673e-06
40.0,0.0,207.79435289854723,2.07276e-06
40.0,0.0,207.79392134755716,2.017361e-06
40.0,0.0,207.7935300381851,2.34136e-06
40.0,0.0,207.7930822277994,2.153509e-06
40.0,0.0,207.79268233327647,2.020432e-06
40.0,0.0,207.79227681648288,2.063025e-06
40.0,0.0,207.79185847527307,1.956723e-06
40.0,0.0,207.79145052786973,2.063214e-06
40.0,0.0,207.7910126644924,2.331682e-06
40.0,0.0,207.7906119100805,2.307293e-06
40.0,0.0,207.79020078067657,2.186731e-06
40.0,0.0,207.78977348763397,2.258312e-06
40.0,0.0,207.7893677232421,2.247194e-06
40.0,0.0,207.78894370521263,2.371176e-06
40.0,0.0,207.78854486404617,2.289642e-06
40.0,0.0,207.78809655607608,2.331566e-06
40.0,0.0,207.7876811686415,2.57892e-06
40.0,0.0,207.78727349014264,2.534638e-06
40.0,0.0,207.78687147501313,2.471279e-06
40.0,0.0,207.78642525396907,2.425673e-06
40.0,0.0,207.78600116465185,2.4896e-06
40.0,0.0,207.78560138040487,2.472982e-06
40.0,0.0,207.78516025029867,2.626286e-06
40.0,0.0,207.78474495949857,2.659537e-06
40.0,0.0,207.7843308207549,2.651534e-06
40.0,0.0,207.78392398022288,2.484376e-06
40.0,0.0,207.78349305459176,2.508823e-06
40.0,0.0,207.7830593419964,2.524277e-06
40.0,0.0,207.78265440864055,2.637738e-06
40.0,0.0,207.7822368628132,2.385044e-06
40.0,0.0,207.7818160637344,2.535235e-06
40.0,0.0,207.78141439840192,2.475223e-06
40.0,0.0,207.7809772358612,2.586065e-06
40.0,0.0,207.78059161736127,2.867819e-06
40.0,0.0,207.78014830963485,2.8043e-06
40.0,0.0,207.77974373496644,2.717963e-06
40.0,0.0,207.77934472268285,2.547313e-06
40.0,0.0,207.7788956512648,2.769753e-06
40.0,0.0,207.77850528084372,2.857007e-06
40.0,0.0,207.7780728664439,2.803019e-06
40.0,0.0,207.77766659099169,2.615954e-06
40.0,0.0,207.77724980546887,2.547822e-06
40.0,0.0,207.77682390324767,2.525092e-06
40.0,0.0,207.77641320902103,2.31486e-06
40.0,0.0,207.7760032081989,2.44478e-06
40.0,0.0,207.77555790439916,2.319939e-06
40.0,0.0,207.7751343296642,2.306813e-06
40.0,0.0,207.774731404254,2.362693e-06
40.0,0.0,207.7743312420137,2.464425e-06
40.0,0.0,207.7738839244744,2.779823e-06
40.0,0.0,207.77345998467896,2.591027e-06
40.0,0.0,207.77301844743687,2.67649e-06
40.0,0.0,207.77261227061544,2.483255e-06
40.0,0.0,207.7721990310895,2.606015e-06
40.0,0.0,207.77178949126025,2.552275e-06
40.0,0.0,207.77138601694705,2.796209e-06
40.0,0.0,207.77095495696767,2.712477e-06
40.0,0.0,207.77054685247495,2.776898e-06
40.0,0.0,207.77012124427495,2.84033e-06
40.0,0.0,207.76970814124397,2.735862e-06
40.0,0.0,207.7693182889668,2.448825e-06
40.0,0.0,207.76887219700532,2.277884e-06
40.0,0.0,207.76847355546596,2.422399e-06
40.0,0.0,207.7680310564846,2.527362e-06
40.0,0.0,207.7676456816412,2.482251e-06
40.0,0.0,207.7672139497506,2.262532e-06
40.0,0.0,207.76679842678763,2.298111e-06
40.0,0.0,207.76637567369852,2.431756e-06
40.0,0.0,207.76593005565616,2.243236e-06
40.0,0.0,207.76553106117856,2.157089e-06
40.0,0.0,207.76510716822085,2.339424e-06
40.0,0.0,207.76466527750148,2.392524e-06
40.0,0.0,207.76426687034004,2.329398e-06
40.0,0.0,207.76386039545343,2.426343e-06
40.0,0.0,207.76342788870667,2.591376e-06
40.0,0.0,207.7630050062036,2.638917e-06
40.0,0.0,207.76258903809315,2.643792e-06
40.0,0.0,207.762172860311,2.647561e-06
40.0,0.0,207.76178528736048,2.275425e-06
40.0,0.0,207.76134240436048,2.364701e-06
40.0,0.0,207.76095709047868,2.637811e-06
40.0,0.0,207.76051985548813,2.626315e-06
40.0,0.0,207.760074826057,2.486209e-06
40.0,0.0,207.7596971243988,2.52873e-06
40.0,0.0,207.75926539791476,2.628716e-06
40.0,0.0,207.75884869940847,2.46038e-06
40.0,0.0,207.75845062122227,2.579793e-06
40.0,0.0,207.7580101689712,2.509347e-06
40.0,0.0,207.75758055481688,2.339453e-06
40.0,0.0,207.7571883079881,2.599554e-06
40.0,0.0,207.75677283967855,2.568631e-06
40.0,0.0,207.7563747611063,2.632936e-06
40.0,0.0,207.7559318986821,2.582499e-06
40.0,0.0,207.75549334785663,2.442292e-06
40.0,0.0,207.75509717785596,2.291883e-06
40.0,0.0,207.75468219171728,2.528424e-06
40.0,0.0,207.75423930453687,2.62972e-06
40.0,0.0,207.7538237330305,2.415836e-06
40.0,0.0,207.7533968335117,2.401241e-06
40.0,0.0,207.75298893126956,2.545479e-06
40.0,0.0,207.75255463216487,2.714849e-06
40.0,0.0,207.7521307192235,2.735542e-06
40.0,0.0,207.75174705796724,3.142719e-06
40.0,0.0,207.75130797882247,2.795932e-06
40.0,0.0,207.75091915991197,2.64142e-06
40.0,0.0,207.750485498786,2.504632e-06
40.0,0.0,207.75008700681488,2.429631e-06
40.0,0.0,207.74966326544063,2.338726e-06
40.0,0.0,207.74922766165585,2.665387e-06
40.0,0.0,207.7488152830369,2.488086e-06
40.0,0.0,207.7484099224584,2.307861e-06
40.0,0.0,207.74797947580768,2.399393e-06
40.0,0.0,207.7475715330249,2.24715e-06
40.0,0.0,207.74715132011795,2.278102e-06
40.0,0.0,207.74672207024045,2.611632e-06
40.0,0.0,207.74630223028623,2.373112e-06
40.0,0.0,207.7458990907705,2.419474e-06
40.0,0.0,207.74546315395924,2.416433e-06
40.0,0.0,207.74503248539625,2.378903e-06
40.0,0.0,207.7446033181056,2.508707e-06
40.0,0.0,207.74419363068964,2.374203e-06
40.0,0.0,207.74380084191824,2.177971e-06
40.0,0.0,207.74335588907397,2.174624e-06
40.0,0.0,207.7429573909781,2.149201e-06
40.0,0.0,207.74253340392687,2.118933e-06
40.0,0.0,207.74213071492724,1.898428e-06
40.0,0.0,207.74171042167367,2.042318e-06
40.0,0.0,207.74129209601776,2.427769e-06
40.0,0.0,207.74088818348932,2.374567e-06
40.0,0.0,207.74045347154757,2.418223e-06
40.0,0.0,207.7400285027344,2.29117e-06
40.0,0.0,207.73961926195057,2.616303e-06
40.0,0.0,207.73920399602204,2.813424e-06
40.0,0.0,207.73879422076527,2.686284e-06
40.0,0.0,207.73839078014552,2.758374e-06
40.0,0.0,207.73794649562464,2.733883e-06
40.0,0.0,207.7375480034927,2.713306e-06
40.0,0.0,207.7371242658569,2.52953e-06
40.0,0.0,207.7366846026329,2.52403e-06
40.0,0.0,207.7362968335762,2.83902e-06
40.0,0.0,207.7358749206801,2.734887e-06
40.0,0.0,207.7354440184652,2.35124e-06
40.0,0.0,207.73503584208413,2.290151e-06
40.0,0.0,207.73460742065492,2.553614e-06
40.0,0.0,207.73419215764864,2.522167e-06
40.0,0.0,207.73374883156387,2.474801e-06
40.0,0.0,207.733335419769,2.558008e-06
40.0,0.0,207.73293559430732,2.303539e-06
40.0,0.0,207.73249678781747,2.308458e-06
40.0,0.0,207.73206821507443,2.346525e-06
40.0,0.0,207.73167221208817,2.370158e-06
40.0,0.0,207.73126537327343,2.402405e-06
40.0,0.0,207.73086455086224,2.472036e-06
40.0,0.0,207.73041813767335,2.261891e-06
40.0,0.0,207.73001914703437,2.196291e-06
40.0,0.0,207.72959515820344,2.15591e-06
40.0,0.0,207.72918685505687,2.123066e-06
40.0,0.0,207.72876477296907,2.206536e-06
40.0,0.0,207.72834868675815,2.151384e-06
40.0,0.0,207.72794051152587,2.104905e-06
40.0,0.0,207.72750984145927,2.311528e-06
40.0,0.0,207.72707745738995,2.253553e-06
40.0,0.0,207.72665321423153,2.126471e-06
40.0,0.0,207.7262720524868,2.160334e-06
40.0,0.0,207.72582872640203,2.316112e-06
40.0,0.0,207.72540101411863,2.265544e-06
40.0,0.0,207.72497033987227,2.254761e-06
40.0,0.0,207.72456239146956,2.448825e-06
40.0,0.0,207.72414043062128,2.247587e-06
40.0,0.0,207.72372488428792,2.153509e-06
40.0,0.0,207.7233373933376,2.332512e-06
40.0,0.0,207.72288928648553,2.524568e-06
40.0,0.0,207.72246587109257,2.478424e-06
40.0,0.0,207.7220665501088,2.461136e-06
40.0,0.0,207.72162080469056,2.479515e-06
40.0,0.0,207.7212327172415,2.476809e-06
40.0,0.0,207.7208171696708,2.400091e-06
40.0,0.0,207.7204079875349,2.366796e-06
40.0,0.0,207.71998269714408,2.154979e-06
40.0,0.0,207.71955549984733,2.354951e-06
40.0,0.0,207.71915526395236,2.299494e-06
40.0,0.0,207.71873999431944,2.217872e-06
45.0,0.0,207.99734375,2.316976e-05
45.0,0.0,207.99706013229647,-9.84408e-07
45.0,0.0,207.9969717295832,-3.415335e-08
45.0,0.0,207.9968833875294,1.7312410000000003e-07
45.0,0.0,207.9967375263088,4.429894e-07
45.0,0.0,207.99654010242273,6.370974000000001e-07
45.0,0.0,207.99632313651895,1.063687e-06
45.0,0.0,207.99604045454288,1.278342e-06
45.0,0.0,207.99573661848504,1.278066e-06
45.0,0.0,207.99538321316552,1.27469e-06
45.0,0.0,207.99499252380332,1.274573e-06
45.0,0.0,207.9945482026072,1.289562e-06
45.0,0.0,207.99412273324057,1.323802e-06
45.0,0.0,207.99370718117888,1.355205e-06
45.0,0.0,207.99329731328655,1.465727e-06
45.0,0.0,207.99289350745053,1.484324e-06
45.0,0.0,207.9924628933609,1.486638e-06
45.0,0.0,207.9920546554108,1.509383e-06
45.0,0.0,207.99163007809136,1.36756e-06
45.0,0.0,207.99121527864952,1.213179e-06
45.0,0.0,207.9908265496194,1.284003e-06
45.0,0.0,207.99037933417068,1.307271e-06
45.0,0.0,207.989978774747,1.306675e-06
45.0,0.0,207.98955715428647,1.333334e-06
45.0,0.0,207.98913327624936,1.328925e-06
45.0,0.0,207.9887215054768,1.342836e-06
45.0,0.0,207.98833428312727,1.399705e-06
45.0,0.0,207.9878866039364,1.41545e-06
45.0,0.0,207.9874638683144,1.717126e-06
45.0,0.0,207.98706460458908,1.724635e-06
45.0,0.0,207.9866182815501,1.689914e-06
45.0,0.0,207.9862029703422,1.77027e-06
45.0,0.0,207.9857876599708,1.675624e-06
45.0,0.0,207.98534456566236,1.743625e-06
45.0,0.0,207.98495937615772,1.658365e-06
45.0,0.0,207.98452193293073,1.538196e-06
45.0,0.0,207.98409778232528,1.503693e-06
45.0,0.0,207.98368908478943,1.475128e-06
45.0,0.0,207.98327447266607,1.480483e-06
45.0,0.0,207.98285075230723,1.593638e-06
45.0,0.0,207.9824195396585,1.863649e-06
45.0,0.0,207.9820284147448,1.700886e-06
45.0,0.0,207.98158070132848,1.664084e-06
45.0,0.0,207.98118049971572,1.646622e-06
45.0,0.0,207.98077486363687,1.525768e-06
45.0,0.0,207.9803566671395,1.607696e-06
45.0,0.0,207.9799488291636,1.576191e-06
45.0,0.0,207.97951829239088,1.576307e-06
45.0,0.0,207.97908795345424,1.632186e-06
45.0,0.0,207.97869841352835,1.626919e-06
45.0,0.0,207.9782827805201,1.641063e-06
45.0,0.0,207.97786296960317,1.724955e-06
45.0,0.0,207.9774548672467,1.860812e-06
45.0,0.0,207.97702416674412,1.953158e-06
45.0,0.0,207.97659325304429,1.941487e-06
45.0,0.0,207.9762051560728,1.860972e-06
45.0,0.0,207.9757897016542,1.794775e-06
45.0,0.0,207.97534609016495,1.851571e-06
45.0,0.0,207.97492241483195,1.842025e-06
45.0,0.0,207.9744843059605,1.864057e-06
45.0,0.0,207.97405372132823,1.776134e-06
45.0,0.0,207.97365093107052,1.700639e-06
45.0,0.0,207.9732417159533,2.035522e-06
45.0,0.0,207.972826501908,1.916967e-06
45.0,0.0,207.97241492768572,1.681852e-06
45.0,0.0,207.97199076145077,1.577733e-06
45.0,0.0,207.9715565228707,1.526845e-06
45.0,0.0,207.9711518003241,1.476961e-06
45.0,0.0,207.970749409938,1.420325e-06
45.0,0.0,207.97031288691153,1.440814e-06
45.0,0.0,207.96992739407136,1.36462e-06
45.0,0.0,207.96948719031033,1.322784e-06
45.0,0.0,207.96906812326176,1.341119e-06
45.0,0.0,207.96867200768412,1.30666e-06
45.0,0.0,207.96824006773923,1.28767e-06
45.0,0.0,207.96781892639504,1.31542e-06
45.0,0.0,207.9674176308584,1.275519e-06
45.0,0.0,207.9669936145914,1.278415e-06
45.0,0.0,207.9665491783124,1.289533e-06
45.0,0.0,207.96612412059412,1.308304e-06
45.0,0.0,207.96572226090453,1.304157e-06
45.0,0.0,207.96532118785623,1.268447e-06
45.0,0.0,207.96489432397397,1.319306e-06
45.0,0.0,207.9644508131242,1.338834e-06
45.0,0.0,207.9640381667844,1.36497e-06
45.0,0.0,207.96363197552,1.362801e-06
45.0,0.0,207.9632164001555,1.458786e-06
45.0,0.0,207.962780446458,1.472275e-06
45.0,0.0,207.9623961080989,1.452165e-06
45.0,0.0,207.9619573407168,1.462366e-06
45.0,0.0,207.96155852014437,1.495791e-06
45.0,0.0,207.96113472724392,1.490684e-06
45.0,0.0,207.96071083745687,1.514607e-06
45.0,0.0,207.96029229320885,1.477718e-06
45.0,0.0,207.959888580232,1.537148e-06
45.0,0.0,207.95946483447173,1.593711e-06
45.0,0.0,207.9590287450013,1.612119e-06
45.0,0.0,207.9586196961504,1.560053e-06
45.0,0.0,207.95820409299213,1.519307e-06
45.0,0.0,207.95779849631447,1.535387e-06
45.0,0.0,207.95739519866396,1.54716e-06
45.0,0.0,207.95695973512804,1.568216e-06
45.0,0.0,207.9565289257136,1.546752e-06
45.0,0.0,207.95612367584056,1.529188e-06
45.0,0.0,207.95571179360337,1.550972e-06
45.0,0.0,207.9552962116123,1.576598e-06
45.0,0.0,207.95487413417416,1.597087e-06
45.0,0.0,207.95442818501647,1.554203e-06
45.0,0.0,207.95398935590572,1.562279e-06
45.0,0.0,207.9536041132084,1.59067e-06
45.0,0.0,207.9531635136532,1.649401e-06
45.0,0.0,207.9527482373937,1.682856e-06
45.0,0.0,207.95233472877425,1.762499e-06
45.0,0.0,207.95193498233624,1.929046e-06
45.0,0.0,207.95149583287585,2.026805e-06
45.0,0.0,207.9510878169324,1.918364e-06
45.0,0.0,207.9506709230735,1.965818e-06
45.0,0.0,207.95026428820637,1.898443e-06
45.0,0.0,207.94986338751352,1.785869e-06
45.0,0.0,207.949432439568,1.651555e-06
45.0,0.0,207.94900917790187,1.612265e-06
45.0,0.0,207.94859365717528,1.633278e-06
45.0,0.0,207.9481687269928,1.608962e-06
45.0,0.0,207.94776671623768,1.620894e-06
45.0,0.0,207.9473603634508,1.679786e-06
45.0,0.0,207.94692790943407,1.700435e-06
45.0,0.0,207.94649718846523,1.620923e-06
45.0,0.0,207.9460887231384,1.610402e-06
45.0,0.0,207.9456720028701,1.662294e-06
45.0,0.0,207.94522912148588,1.588865e-06
45.0,0.0,207.94481390160516,1.565233e-06
45.0,0.0,207.94440568679485,1.552296e-06
45.0,0.0,207.94398034642307,1.596069e-06
45.0,0.0,207.943549721837,1.529494e-06
45.0,0.0,207.9431466970112,1.644003e-06
45.0,0.0,207.94273703119424,1.612396e-06
45.0,0.0,207.94232386636423,1.582637e-06
45.0,0.0,207.94191756710217,1.548411e-06
45.0,0.0,207.94147598039137,1.530338e-06
45.0,0.0,207.9410770380013,1.548309e-06
45.0,0.0,207.94065332014395,1.529421e-06
45.0,0.0,207.9402400932777,1.578126e-06
45.0,0.0,207.9398297679042,1.533554e-06
45.0,0.0,207.93940115712488,1.51225e-06
45.0,0.0,207.9389929560236,1.422028e-06
45.0,0.0,207.9385620563685,1.539986e-06
45.0,0.0,207.93816009462577,1.596971e-06
45.0,0.0,207.93775239379133,1.54601e-06
45.0,0.0,207.93731281496088,1.49729e-06
45.0,0.0,207.93688911723623,1.549168e-06
45.0,0.0,207.9364902297565,1.544846e-06
45.0,0.0,207.93604626037816,1.331209e-06
45.0,0.0,207.93566097220037,1.44876e-06
45.0,0.0,207.93523286934263,1.579334e-06
45.0,0.0,207.93481748190808,1.814667e-06
45.0,0.0,207.93439133239727,1.674794e-06
45.0,0.0,207.93394737826057,1.506283e-06
45.0,0.0,207.933514258345,1.489097e-06
45.0,0.0,207.93310038048065,1.597466e-06
45.0,0.0,207.93268520085567,1.613604e-06
45.0,0.0,207.93227720725537,1.57801e-06
45.0,0.0,207.9318748769394,1.539258e-06
45.0,0.0,207.93145623129868,1.490815e-06
45.0,0.0,207.931029909584,1.538778e-06
45.0,0.0,207.9306277201808,1.525506e-06
45.0,0.0,207.9302198329144,1.534179e-06
45.0,0.0,207.92977659199113,1.414432e-06
45.0,0.0,207.9293776623376,1.398555e-06
45.0,0.0,207.9289607271096,1.438384e-06
45.0,0.0,207.92852565197543,1.486638e-06
45.0,0.0,207.9281151286264,1.442706e-06
45.0,0.0,207.92769994294153,1.424283e-06
45.0,0.0,207.9272846192884,1.423847e-06
45.0,0.0,207.92688384969188,1.336724e-06
45.0,0.0,207.9264430977452,1.34352e-06
45.0,0.0,207.926019183367,1.307417e-06
45.0,0.0,207.925572650006,1.088556e-06
45.0,0.0,207.9251718477096,1.113513e-06
45.0,0.0,207.92476476216848,1.098277e-06
45.0,0.0,207.9243481019844,1.128865e-06
45.0,0.0,207.92393205779143,1.238848e-06
45.0,0.0,207.92350070710907,1.249879e-06
45.0,0.0,207.92307711472023,1.251305e-06
45.0,0.0,207.92267052520765,1.280569e-06
45.0,0.0,207.92224464984528,1.295863e-06
45.0,0.0,207.9218317146529,1.226639e-06
45.0,0.0,207.9214315725683,1.235894e-06
45.0,0.0,207.9209927102793,1.235749e-06
45.0,0.0,207.920584717272,1.261375e-06
45.0,0.0,207.92016721499135,1.214372e-06
45.0,0.0,207.91976105345745,1.273715e-06
45.0,0.0,207.91936080568732,1.324632e-06
45.0,0.0,207.91891354699848,1.369655e-06
45.0,0.0,207.9185148314025,1.329405e-06
45.0,0.0,207.91809118262424,1.20842e-06
45.0,0.0,207.91768328986225,1.282184e-06
45.0,0.0,207.9172599478068,1.300941e-06
45.0,0.0,207.9168441000867,1.237568e-06
45.0,0.0,207.91643570298055,1.239227e-06
45.0,0.0,207.91600495734593,1.262932e-06
45.0,0.0,207.91557230664847,1.245367e-06
45.0,0.0,207.91516644976184,1.228094e-06
45.0,0.0,207.91474997703975,1.232955e-06
45.0,0.0,207.91432446130207,1.256616e-06
45.0,0.0,207.9138973341468,1.218883e-06
45.0,0.0,207.91346636187308,1.388995e-06
45.0,0.0,207.91304042194972,1.32533e-06
45.0,0.0,207.91263534185168,1.295411e-06
45.0,0.0,207.91220700373435,1.324879e-06
45.0,0.0,207.91183184292868,1.324996e-06
45.0,0.0,207.91138424016745,1.29173e-06
45.0,0.0,207.9109853754057,1.207591e-06
45.0,0.0,207.91054164575067,1.130524e-06
45.0,0.0,207.91015640305335,1.225781e-06
45.0,0.0,207.90972668788024,1.176537e-06
45.0,0.0,207.90931106355475,1.214765e-06
45.0,0.0,207.9089031369907,1.215769e-06
45.0,0.0,207.90847772941697,1.155757e-06
45.0,0.0,207.90806978117448,1.131033e-06
45.0,0.0,207.9076488176844,1.126551e-06
45.0,0.0,207.90721951270308,1.082342e-06
45.0,0.0,207.90679036756217,9.562500000000002e-07
45.0,0.0,207.90638809453864,1.009757e-06
45.0,0.0,207.9059611804514,1.030086e-06
45.0,0.0,207.90553061984204,1.067281e-06
45.0,0.0,207.90510153831036,1.028238e-06
45.0,0.0,207.90469227088323,1.081513e-06
45.0,0.0,207.90427853042087,1.092369e-06
45.0,0.0,207.90385491262083,1.154825e-06
45.0,0.0,207.90343749764804,1.154578e-06
45.0,0.0,207.90303220234475,1.210516e-06
45.0,0.0,207.90258480385424,1.248321e-06
45.0,0.0,207.90219416384517,1.411783e-06
45.0,0.0,207.9017785624148,1.304157e-06
45.0,0.0,207.90137890661657,1.455468e-06
45.0,0.0,207.90095138101077,1.668421e-06
45.0,0.0,207.90052043422932,1.608671e-06
45.0,0.0,207.90011421433087,1.67347e-06
45.0,0.0,207.8997010240164,1.600274e-06
45.0,0.0,207.89927350328327,1.466586e-06
45.0,0.0,207.8988679800884,1.606255e-06
45.0,0.0,207.89844401831132,1.645443e-06
45.0,0.0,207.898044927,1.587192e-06
45.0,0.0,207.89759609794476,1.403183e-06
45.0,0.0,207.8971973174908,1.444219e-06
45.0,0.0,207.8967935820403,1.540189e-06
45.0,0.0,207.8963718960892,1.582346e-06
45.0,0.0,207.89594133430225,1.520835e-06
45.0,0.0,207.89553314185844,1.523818e-06
45.0,0.0,207.8951044248428,1.541965e-06
45.0,0.0,207.89467953524624,1.674503e-06
45.0,0.0,207.89424594260984,1.669076e-06
45.0,0.0,207.8938307048048,1.743727e-06
45.0,0.0,207.89341847234127,1.842403e-06
45.0,0.0,207.89299436580427,1.883876e-06
45.0,0.0,207.89256033048213,1.853245e-06
45.0,0.0,207.8921551521704,1.75857e-06
45.0,0.0,207.89173770121292,1.67804e-06
45.0,0.0,207.89136063753597,1.684821e-06
45.0,0.0,207.89091522202975,1.670327e-06
45.0,0.0,207.8905165238192,1.797336e-06
45.0,0.0,207.89007000483792,1.61276e-06
45.0,0.0,207.8896494913053,1.654524e-06
45.0,0.0,207.88926205725156,1.706358e-06
45.0,0.0,207.8888462526852,1.724024e-06
45.0,0.0,207.88843024425847,1.700057e-06
45.0,0.0,207.88800745291965,1.681256e-06
45.0,0.0,207.88757460531832,1.878449e-06
45.0,0.0,207.88715054276736,1.964741e-06
45.0,0.0,207.8867371590708,1.88798e-06
45.0,0.0,207.8863259742956,1.866778e-06
45.0,0.0,207.88589853585984,1.78827e-06
45.0,0.0,207.8854679513326,1.713575e-06
45.0,0.0,207.88506000903163,1.686567e-06
45.0,0.0,207.8846373300598,1.749198e-06
45.0,0.0,207.88422179818488,1.668013e-06
45.0,0.0,207.8837903877044,1.766122e-06
45.0,0.0,207.88338643883475,1.790468e-06
45.0,0.0,207.8829628210347,1.936773e-06
45.0,0.0,207.88256373380648,2.031753e-06
45.0,0.0,207.88211712225728,1.944849e-06
45.0,0.0,207.88172781731024,1.849476e-06
45.0,0.0,207.8813146182762,1.979468e-06
45.0,0.0,207.88088937602137,1.901295e-06
45.0,0.0,207.88048122661783,1.74006e-06
45.0,0.0,207.88005022978447,2.023502e-06
45.0,0.0,207.87964696028345,2.025976e-06
45.0,0.0,207.8792373595435,1.99645e-06
45.0,0.0,207.87879935543216,1.959939e-06
45.0,0.0,207.87841181999005,1.932291e-06
45.0,0.0,207.8779765391349,1.944965e-06
45.0,0.0,207.877538689018,1.989625e-06
45.0,0.0,207.8771540599517,1.885099e-06
45.0,0.0,207.8767174973644,1.748223e-06
45.0,0.0,207.8763061290165,2.21598e-06
45.0,0.0,207.87590150589057,1.998604e-06
45.0,0.0,207.8754709040448,2.204557e-06
45.0,0.0,207.87503502637048,2.41019e-06
45.0,0.0,207.8745866942828,2.037268e-06
45.0,0.0,207.87420149398088,2.036468e-06
45.0,0.0,207.87378227554447,2.209417e-06
45.0,0.0,207.8733628279608,2.095519e-06
45.0,0.0,207.87293183452263,2.205663e-06
45.0,0.0,207.87252352295587,2.134082e-06
45.0,0.0,207.87209221286065,2.155022e-06
45.0,0.0,207.8716842194992,2.160668e-06
45.0,0.0,207.87126932329576,2.139393e-06
45.0,0.0,207.87084548455513,2.094966e-06
45.0,0.0,207.87044676729408,1.993583e-06
45.0,0.0,207.87000654636327,2.294706e-06
45.0,0.0,207.8696211659278,2.28938e-06
45.0,0.0,207.86918418185033,2.154178e-06
45.0,0.0,207.86877615199467,2.105269e-06
45.0,0.0,207.86837428145773,2.04501e-06
45.0,0.0,207.86794346626877,1.969849e-06
45.0,0.0,207.86750454432865,1.923472e-06
45.0,0.0,207.86710445973256,1.924811e-06
45.0,0.0,207.86669170907228,1.949273e-06
45.0,0.0,207.8662580199736,1.941225e-06
45.0,0.0,207.86583317556875,1.957669e-06
45.0,0.0,207.8654199258877,1.968234e-06
45.0,0.0,207.86499574733512,1.94092e-06
45.0,0.0,207.8645649581456,1.952882e-06
45.0,0.0,207.86414343443167,1.910113e-06
45.0,0.0,207.86372624939528,1.960711e-06
45.0,0.0,207.8633154756576,1.928347e-06
45.0,0.0,207.8628917626187,2.018714e-06
45.0,0.0,207.8624932216034,2.15316e-06
45.0,0.0,207.86204902571365,2.390268e-06
45.0,0.0,207.8616639460975,2.338886e-06
45.0,0.0,207.86123663169977,2.481494e-06
45.0,0.0,207.86082345131183,2.480432e-06
45.0,0.0,207.86041746764724,2.456494e-06
45.0,0.0,207.85998665571745,2.53231e-06
45.0,0.0,207.85957852607268,2.494722e-06
45.0,0.0,207.85915976208005,2.514673e-06
45.0,0.0,207.8587394480566,2.512141e-06
45.0,0.0,207.85833010056336,2.328714e-06
45.0,0.0,207.8579061632152,2.189976e-06
45.0,0.0,207.85748009795785,2.292363e-06
45.0,0.0,207.8570831027384,2.322937e-06
45.0,0.0,207.85663876035588,2.960922e-06
45.0,0.0,207.85625126923705,2.90254e-06
45.0,0.0,207.85583592284937,2.75753e-06
45.0,0.0,207.8554063708233,2.758592e-06
45.0,0.0,207.8549636379496,2.762303e-06
45.0,0.0,207.85456727413052,2.542685e-06
45.0,0.0,207.8541458150836,2.467714e-06
45.0,0.0,207.85369183996852,2.579094e-06
45.0,0.0,207.8532875039303,2.706191e-06
45.0,0.0,207.85286677741647,2.660468e-06
45.0,0.0,207.85245857905164,2.489163e-06
45.0,0.0,207.85202770575503,2.355358e-06
45.0,0.0,207.85162248307924,2.447559e-06
45.0,0.0,207.85121043666115,2.332905e-06
45.0,0.0,207.85078125115672,2.53637e-06
45.0,0.0,207.8503757040596,2.33356e-06
45.0,0.0,207.84995181448775,2.147368e-06
45.0,0.0,207.84955279963268,2.209403e-06
45.0,0.0,207.84910522911807,2.188332e-06
45.0,0.0,207.84871810392545,2.349523e-06
45.0,0.0,207.84830274630417,2.288449e-06
45.0,0.0,207.8478792305717,2.26566e-06
45.0,0.0,207.84747126553043,2.248766e-06
45.0,0.0,207.84703519747973,2.241664e-06
45.0,0.0,207.8466112304588,2.23759e-06
45.0,0.0,207.84616995833716,2.267945e-06
45.0,0.0,207.84578263398103,2.188812e-06
45.0,0.0,207.84536280286255,2.288987e-06
45.0,0.0,207.8449322414888,2.220811e-06
45.0,0.0,207.8445090380172,2.235654e-06
45.0,0.0,207.84409337402136,2.125758e-06
45.0,0.0,207.84366951203287,2.086032e-06
45.0,0.0,207.84325444930073,2.189132e-06
45.0,0.0,207.8428467016994,2.231507e-06
45.0,0.0,207.84241562298612,2.120694e-06
45.0,0.0,207.8420237913086,2.080938e-06
45.0,0.0,207.8415769126772,2.07455e-06
45.0,0.0,207.84117646161508,2.123765e-06
45.0,0.0,207.84077044267625,2.115135e-06
45.0,0.0,207.84035295580793,2.225148e-06
45.0,0.0,207.8399447124619,2.433604e-06
45.0,0.0,207.83950606757247,2.511384e-06
45.0,0.0,207.83910623111416,2.39769e-06
45.0,0.0,207.83869340161036,2.294284e-06
45.0,0.0,207.83825038034485,2.19878e-06
45.0,0.0,207.83785790640647,2.432367e-06
45.0,0.0,207.83743668289168,2.289045e-06
45.0,0.0,207.83699747323615,2.212924e-06
45.0,0.0,207.8365896618664,2.328015e-06
45.0,0.0,207.83617356059847,2.392029e-06
45.0,0.0,207.8357667429794,2.327928e-06
45.0,0.0,207.83536568234553,2.270768e-06
45.0,0.0,207.83491895706393,2.190194e-06
45.0,0.0,207.8344950450557,2.109082e-06
45.0,0.0,207.83405070520067,2.026107e-06
45.0,0.0,207.83362589211148,2.008033e-06
45.0,0.0,207.83322399154088,1.98491e-06
45.0,0.0,207.8328232240416,1.977518e-06
45.0,0.0,207.83237622399332,2.017492e-06
45.0,0.0,207.83197741651,2.147121e-06
45.0,0.0,207.8315536714057,2.018583e-06
45.0,0.0,207.83114944004396,1.988446e-06
45.0,0.0,207.8307183786774,1.896042e-06
45.0,0.0,207.83033189867567,1.969529e-06
45.0,0.0,207.82990835591863,1.976354e-06
45.0,0.0,207.82947148867407,1.971042e-06
45.0,0.0,207.82906342790767,2.002649e-06
45.0,0.0,207.82864137008875,1.998822e-06
45.0,0.0,207.82823736540416,2.017696e-06
45.0,0.0,207.8278379978738,2.024521e-06
45.0,0.0,207.82738930433095,2.128305e-06
45.0,0.0,207.82696566616076,2.048968e-06
45.0,0.0,207.82652952014615,2.130575e-06
45.0,0.0,207.8261203405708,2.030181e-06
45.0,0.0,207.82570503651755,1.991735e-06
45.0,0.0,207.82529527134625,2.079571e-06
45.0,0.0,207.82489175360973,2.041896e-06
45.0,0.0,207.82444985524577,2.024841e-06
45.0,0.0,207.82401900231517,2.02196e-06
45.0,0.0,207.82361263500695,2.128698e-06
45.0,0.0,207.82319924524384,2.096553e-06
45.0,0.0,207.82277220940065,2.084969e-06
45.0,0.0,207.82236615737932,2.189583e-06
45.0,0.0,207.82194206739084,2.131783e-06
45.0,0.0,207.82154349065792,2.195404e-06
45.0,0.0,207.82111965963216,2.177738e-06
45.0,0.0,207.8207092452408,2.072571e-06
45.0,0.0,207.8202914712089,2.384186e-06
45.0,0.0,207.8198698463564,2.251632e-06
45.0,0.0,207.8194618130944,2.095025e-06
45.0,0.0,207.81903104196263,2.087734e-06
45.0,0.0,207.81862600174287,2.300687e-06
45.0,0.0,207.81821429585756,2.179338e-06
45.0,0.0,207.81777852312683,2.272238e-06
45.0,0.0,207.81739473440888,2.279863e-06
45.0,0.0,207.816955918872,2.271277e-06
45.0,0.0,207.81651506702624,2.464978e-06
45.0,0.0,207.8161297551772,2.130342e-06
45.0,0.0,207.81569471161623,2.14584e-06
45.0,0.0,207.81527930301445,2.296743e-06
45.0,0.0,207.81483678523344,2.337387e-06
45.0,0.0,207.81441324247643,2.413843e-06
45.0,0.0,207.81400568780796,2.34005e-06
45.0,0.0,207.81356791504624,2.212546e-06
45.0,0.0,207.8131463760785,2.242843e-06
45.0,0.0,207.8127421483645,2.436384e-06
45.0,0.0,207.81234278816535,2.376473e-06
45.0,0.0,207.8119120804188,2.499961e-06
45.0,0.0,207.8115041998952,2.495566e-06
45.0,0.0,207.81107165571305,2.417291e-06
45.0,0.0,207.81066551194317,2.391083e-06
45.0,0.0,207.8102664142316,2.369256e-06
45.0,0.0,207.80982718435553,2.406494e-06
45.0,0.0,207.8094267104332,2.437926e-06
45.0,0.0,207.80898840738448,2.359346e-06
45.0,0.0,207.80860302302503,2.544766e-06
45.0,0.0,207.80816173625408,2.35156e-06
45.0,0.0,207.80775626922593,2.359579e-06
45.0,0.0,207.80735593428608,2.360583e-06
45.0,0.0,207.80692500865496,2.340908e-06
45.0,0.0,207.8064845973248,2.270899e-06
45.0,0.0,207.80604075341245,2.448418e-06
45.0,0.0,207.8056552150918,2.543151e-06
45.0,0.0,207.80522552048456,2.50047e-06
45.0,0.0,207.80480972276985,2.473011e-06
45.0,0.0,207.8043849703573,2.385423e-06
45.0,0.0,207.80397672337745,2.542496e-06
45.0,0.0,207.80354122628265,2.214787e-06
45.0,0.0,207.80313812194447,2.154498e-06
45.0,0.0,207.80271889247456,2.045621e-06
45.0,0.0,207.8022994096964,2.405475e-06
45.0,0.0,207.80189606309068,2.384026e-06
45.0,0.0,207.80146053791375,2.569985e-06
45.0,0.0,207.8010524284765,2.510948e-06
45.0,0.0,207.8006277316213,2.574947e-06
45.0,0.0,207.80022556689903,2.37042e-06
45.0,0.0,207.7998248950155,2.518384e-06
45.0,0.0,207.7993976662684,2.532892e-06
45.0,0.0,207.79898951271412,2.523127e-06
45.0,0.0,207.79855499658893,2.546032e-06
45.0,0.0,207.79813113368488,2.701097e-06
45.0,0.0,207.7977194262238,2.728659e-06
45.0,0.0,207.79730374769588,2.748027e-06
45.0,0.0,207.79688018632973,2.607339e-06
45.0,0.0,207.7964719884642,2.467656e-06
45.0,0.0,207.79604122743663,2.825385e-06
45.0,0.0,207.79561392449443,2.829926e-06
45.0,0.0,207.79522631868656,2.921865e-06
45.0,0.0,207.794810746836,2.862304e-06
45.0,0.0,207.79436532877736,2.88467e-06
45.0,0.0,207.7939324448949,2.730114e-06
45.0,0.0,207.79350177133009,2.461442e-06
45.0,0.0,207.7930935225673,2.571032e-06
45.0,0.0,207.79267826021407,2.433124e-06
45.0,0.0,207.7922547001108,2.77115e-06
45.0,0.0,207.7918692300109,2.939138e-06
45.0,0.0,207.79142296363588,2.743283e-06
45.0,0.0,207.7910239421286,2.63004e-06
45.0,0.0,207.79060037435727,2.572779e-06
45.0,0.0,207.79021351474904,2.542161e-06
45.0,0.0,207.7897698829327,2.428264e-06
45.0,0.0,207.78935234772345,2.28612e-06
45.0,0.0,207.78895455953955,2.240326e-06
45.0,0.0,207.78851387845907,2.209999e-06
45.0,0.0,207.78810719886775,2.215063e-06
45.0,0.0,207.78769345801345,2.30252e-06
45.0,0.0,207.78727807720543,2.370041e-06
45.0,0.0,207.78683665493128,2.379544e-06
45.0,0.0,207.78643710886945,2.353991e-06
45.0,0.0,207.78601334098337,2.420289e-06
45.0,0.0,207.78556723105515,2.718531e-06
45.0,0.0,207.7851462634127,2.854911e-06
45.0,0.0,207.78474219095233,2.680841e-06
45.0,0.0,207.78434311215608,2.781861e-06
45.0,0.0,207.7838942573736,2.878587e-06
45.0,0.0,207.78350451395823,2.806308e-06
45.0,0.0,207.78307140297528,2.637462e-06
45.0,0.0,207.78262539926547,2.532077e-06
45.0,0.0,207.78224823875567,2.48279e-06
45.0,0.0,207.78182227719464,2.412984e-06
45.0,0.0,207.78141208914,2.417044e-06
45.0,0.0,207.780987609117,2.564891e-06
45.0,0.0,207.78055989682167,2.727174e-06
45.0,0.0,207.7801608373439,2.617802e-06
45.0,0.0,207.77974546316244,2.662739e-06
45.0,0.0,207.77935435392644,2.312998e-06
45.0,0.0,207.77892438863665,2.49446e-06
45.0,0.0,207.7784836665739,2.759407e-06
45.0,0.0,207.7780849209608,2.523913e-06
45.0,0.0,207.77766088227935,2.360379e-06
45.0,0.0,207.77724694664704,2.28516e-06
45.0,0.0,207.776837665164,2.221263e-06
45.0,0.0,207.77640802781275,2.205896e-06
45.0,0.0,207.7759871773948,2.262052e-06
45.0,0.0,207.77556942786953,2.175933e-06
45.0,0.0,207.77514853163265,2.125773e-06
45.0,0.0,207.77471903996627,2.191649e-06
45.0,0.0,207.77428993966316,2.172339e-06
45.0,0.0,207.77386875308605,2.185392e-06
45.0,0.0,207.77347233667507,2.216169e-06
45.0,0.0,207.7730301304173,2.247732e-06
45.0,0.0,207.7726007013732,2.161512e-06
45.0,0.0,207.77221306484316,2.102053e-06
45.0,0.0,207.77179785201443,2.059838e-06
45.0,0.0,207.77139375358848,2.072324e-06
45.0,0.0,207.77095483597628,2.084053e-06
45.0,0.0,207.7705557694206,2.110435e-06
45.0,0.0,207.770132001541,2.034547e-06
45.0,0.0,207.76972071461037,2.11726e-06
45.0,0.0,207.7693058237256,2.023764e-06
45.0,0.0,207.7688821168931,2.009911e-06
45.0,0.0,207.76846308964076,1.96867e-06
45.0,0.0,207.76804304319904,1.970227e-06
45.0,0.0,207.76761608290025,1.964509e-06
45.0,0.0,207.7672150572529,2.022818e-06
45.0,0.0,207.76681327318752,2.006025e-06
45.0,0.0,207.76636755245903,2.006011e-06
45.0,0.0,207.76593459936265,1.996741e-06
45.0,0.0,207.76550362825097,1.979992e-06
45.0,0.0,207.76509589860007,1.949025e-06
45.0,0.0,207.76468098119415,1.949244e-06
45.0,0.0,207.76426540559413,1.865992e-06
45.0,0.0,207.7638692470649,1.889493e-06
45.0,0.0,207.76342548146565,1.930646e-06
45.0,0.0,207.763001615472,1.95051e-06
45.0,0.0,207.7626018391348,1.901775e-06
45.0,0.0,207.76216023216625,1.894383e-06
45.0,0.0,207.76175481596573,1.891778e-06
45.0,0.0,207.76135465421427,1.932189e-06
45.0,0.0,207.7609238249659,1.935943e-06
45.0,0.0,207.76051578628216,1.97257e-06
45.0,0.0,207.76008506512505,1.915629e-06
45.0,0.0,207.75968537731984,1.919077e-06
45.0,0.0,207.75928026340503,1.934648e-06
45.0,0.0,207.75883822161657,1.935696e-06
45.0,0.0,207.75845273407825,1.960521e-06
45.0,0.0,207.7580148142349,1.906039e-06
45.0,0.0,207.75757077195797,2.288536e-06
45.0,0.0,207.7571924291452,2.007902e-06
45.0,0.0,207.75676026225696,2.123707e-06
45.0,0.0,207.75634490852568,2.029788e-06
45.0,0.0,207.75593712000992,1.981622e-06
45.0,0.0,207.75550619248,2.135479e-06
45.0,0.0,207.75507384582207,2.317305e-06
45.0,0.0,207.7546676166484,2.337867e-06
45.0,0.0,207.7542509626592,2.329994e-06
45.0,0.0,207.75382552618447,2.131579e-06
45.0,0.0,207.7533980235028,2.088491e-06
45.0,0.0,207.75296700573367,2.014465e-06
45.0,0.0,207.7525410577544,2.093991e-06
45.0,0.0,207.75213605767567,2.131637e-06
45.0,0.0,207.75173308453185,2.103814e-06
45.0,0.0,207.75133301898612,2.141038e-06
45.0,0.0,207.75088534864497,1.989538e-06
45.0,0.0,207.75048662085305,1.922381e-06
45.0,0.0,207.75006286946183,1.931563e-06
45.0,0.0,207.7496577331558,1.89495e-06
45.0,0.0,207.74922862047313,1.922934e-06
45.0,0.0,207.74881887850816,1.915192e-06
45.0,0.0,207.74841740308776,1.827109e-06
45.0,0.0,207.74798003331637,1.887907e-06
45.0,0.0,207.74755305644027,1.826163e-06
45.0,0.0,207.74715227283193,1.828026e-06
45.0,0.0,207.74673673188775,1.862252e-06
45.0,0.0,207.74629819019944,1.881897e-06
45.0,0.0,207.74587420242173,1.835142e-06
45.0,0.0,207.74547546087288,1.844266e-06
45.0,0.0,207.7450328100876,1.800334e-06
45.0,0.0,207.74460399923663,1.781649e-06
45.0,0.0,207.74420448240105,1.751207e-06
45.0,0.0,207.74380151781384,1.761073e-06
45.0,0.0,207.74335700262148,1.758031e-06
45.0,0.0,207.74297034777572,1.782581e-06
45.0,0.0,207.74253451292367,1.746026e-06
45.0,0.0,207.7421319546436,1.727196e-06
45.0,0.0,207.74169738252067,1.708584e-06
45.0,0.0,207.7412928820492,1.73632e-06
45.0,0.0,207.74088904797412,1.807741e-06
45.0,0.0,207.740454026014,1.785345e-06
45.0,0.0,207.7400458563104,1.774984e-06
45.0,0.0,207.7396196654155,1.733701e-06
45.0,0.0,207.7392183315368,1.736465e-06
45.0,0.0,207.738816626726,1.834356e-06
45.0,0.0,207.7383700953632,1.76813e-06
45.0,0.0,207.73794610234808,1.745022e-06
45.0,0.0,207.73754761618,1.58693e-06
45.0,0.0,207.73709916397937,1.559296e-06
45.0,0.0,207.73671295964104,1.60106e-06
45.0,0.0,207.7362967322622,1.643741e-06
45.0,0.0,207.73587459125548,1.540044e-06
45.0,0.0,207.73545637979484,1.511769e-06
45.0,0.0,207.73503571738237,1.514418e-06
45.0,0.0,207.73460754618205,1.547305e-06
45.0,0.0,207.73418217737023,1.787426e-06
45.0,0.0,207.7337489570909,1.609442e-06
45.0,0.0,207.73333469373625,1.591572e-06
45.0,0.0,207.73292711813673,1.698063e-06
45.0,0.0,207.7324966697536,1.833134e-06
45.0,0.0,207.73206810471737,1.796521e-06
45.0,0.0,207.7316715017409,1.900029e-06
45.0,0.0,207.73124919131507,1.800814e-06
45.0,0.0,207.73086374395544,1.795444e-06
45.0,0.0,207.73041700589445,1.508291e-06
45.0,0.0,207.73001825765525,1.425855e-06
45.0,0.0,207.72959452072897,1.46823e-06
45.0,0.0,207.72915128030348,1.42552e-06
45.0,0.0,207.72876378918463,1.476918e-06
45.0,0.0,207.72834743028105,1.459208e-06
45.0,0.0,207.72793141397008,1.514243e-06
45.0,0.0,207.72750857432564,1.539782e-06
45.0,0.0,207.7270763196472,1.497785e-06
45.0,0.0,207.7266523266321,1.494336e-06
45.0,0.0,207.72623905364557,1.533044e-06
45.0,0.0,207.7258285739913,1.487031e-06
45.0,0.0,207.7254004304346,1.455453e-06
45.0,0.0,207.72499775678767,1.479057e-06
45.0,0.0,207.72456158051872,1.470326e-06
45.0,0.0,207.7241388897588,1.502107e-06
45.0,0.0,207.72372334218807,1.507768e-06
45.0,0.0,207.72333557313144,1.500419e-06
45.0,0.0,207.72288739722632,1.496403e-06
45.0,0.0,207.7224634073206,1.476597e-06
45.0,0.0,207.72206441705663,1.485998e-06
45.0,0.0,207.72161810375832,1.504086e-06
45.0,0.0,207.721241678937,1.491222e-06
45.0,0.0,207.72081534963317,1.435357e-06
45.0,0.0,207.7203898379599,1.420849e-06
45.0,0.0,207.71998189323313,1.489912e-06
45.0,0.0,207.71955121474895,1.451015e-06
45.0,0.0,207.71914821884704,1.405831e-06
45.0,0.0,207.71873873015744,1.423497e-06
