Y_dimension(mm),Button,True_depth(m),meas
0.0,0.0,203.7662578125,-2.3003833333333326e-10
0.0,0.0,203.7660078125,-2.256208e-10
0.0,0.0,203.7657578125,-2.215015e-10
0.0,0.0,203.7655078125,-1.260939e-10
0.0,0.0,203.7652578125,-3.6496e-11
0.0,0.0,203.7650078125,-1.0343049999999999e-10
0.0,0.0,203.7647578125,-9.72506e-11
0.0,0.0,203.7645078125,7.0891435e-11
0.0,0.0,203.7642578125,1.5091e-10
0.0,0.0,203.7640078125,3.549993333333333e-10
0.0,0.0,203.7637578125,5.76244e-10
0.0,0.0,203.7635078125,7.130119999999999e-10
0.0,0.0,203.7632578125,8.671284999999999e-10
0.0,0.0,203.7630078125,1.1600899999999997e-09
0.0,0.0,203.7627578125,1.13435e-09
0.0,0.0,203.7625078125,1.2998299999999998e-09
0.0,0.0,203.7622578125,1.5512849999999998e-09
0.0,0.0,203.7620078125,1.6481299999999998e-09
0.0,0.0,203.7617578125,1.7203849999999997e-09
0.0,0.0,203.7615078125,1.99855e-09
0.0,0.0,203.7612578125,2.1425e-09
0.0,0.0,203.7610078125,2.8659849999999996e-09
0.0,0.0,203.7607578125,3.1196899999999996e-09
0.0,0.0,203.7605078125,3.2332249999999997e-09
0.0,0.0,203.7602578125,3.3516599999999996e-09
0.0,0.0,203.7600078125,3.3598499999999997e-09
0.0,0.0,203.7597578125,3.3180799999999998e-09
0.0,0.0,203.7595078125,3.26547e-09
0.0,0.0,203.7592578125,3.120355e-09
0.0,0.0,203.7590078125,4.656234999999999e-09
0.0,0.0,203.7587578125,4.981409999999999e-09
0.0,0.0,203.7585078125,5.020449999999999e-09
0.0,0.0,203.7582578125,5.187385e-09
0.0,0.0,203.7580078125,5.77724e-09
0.0,0.0,203.7577578125,6.483705000000001e-09
0.0,0.0,203.7575078125,6.8968600000000005e-09
0.0,0.0,203.7572578125,7.394459999999998e-09
0.0,0.0,203.7570078125,7.867384999999999e-09
0.0,0.0,203.7567578125,8.19458e-09
0.0,0.0,203.7565078125,8.900949999999999e-09
0.0,0.0,203.7562578125,9.181685e-09
0.0,0.0,203.7560078125,9.812895e-09
0.0,0.0,203.7557578125,1.04338e-08
0.0,0.0,203.7555078125,1.11676e-08
0.0,0.0,203.7552578125,1.157935e-08
0.0,0.0,203.7550078125,1.244755e-08
0.0,0.0,203.7547578125,1.31242e-08
0.0,0.0,203.7545078125,1.408365e-08
0.0,0.0,203.7542578125,1.464825e-08
0.0,0.0,203.7540078125,1.5354449999999998e-08
0.0,0.0,203.7537578125,1.63129e-08
0.0,0.0,203.7535078125,1.72196e-08
0.0,0.0,203.7532578125,1.7951949999999998e-08
0.0,0.0,203.7530078125,1.89833e-08
0.0,0.0,203.7527578125,1.953255e-08
0.0,0.0,203.7525078125,2.053765e-08
0.0,0.0,203.7522578125,2.123025e-08
0.0,0.0,203.7520078125,2.167385e-08
0.0,0.0,203.7517578125,2.2302400000000002e-08
0.0,0.0,203.7515078125,2.26571e-08
0.0,0.0,203.7512578125,2.280205e-08
0.0,0.0,203.7510078125,2.311465e-08
0.0,0.0,203.7507578125,2.3377800000000002e-08
0.0,0.0,203.7505078125,2.345375e-08
0.0,0.0,203.7502578125,2.36367e-08
0.0,0.0,203.7500078125,2.378075e-08
0.0,0.0,203.7497578125,2.38599e-08
0.0,0.0,203.7495078125,2.39173e-08
0.0,0.0,203.7492578125,2.406095e-08
0.0,0.0,203.7490078125,2.39987e-08
0.0,0.0,203.7487578125,2.407125e-08
0.0,0.0,203.7485078125,2.41894e-08
0.0,0.0,203.7482578125,2.4237e-08
0.0,0.0,203.7480078125,2.4223500000000002e-08
0.0,0.0,203.7477578125,2.42681e-08
0.0,0.0,203.7475078125,2.4233600000000002e-08
0.0,0.0,203.7472578125,2.42104e-08
0.0,0.0,203.7470078125,2.42732e-08
0.0,0.0,203.7467578125,2.425995e-08
0.0,0.0,203.7465078125,2.41031e-08
0.0,0.0,203.7462578125,2.39245e-08
0.0,0.0,203.7460078125,2.38189e-08
0.0,0.0,203.7457578125,2.36667e-08
0.0,0.0,203.7455078125,2.362215e-08
0.0,0.0,203.7452578125,2.350805e-08
0.0,0.0,203.7450078125,2.348425e-08
0.0,0.0,203.7447578125,2.3507400000000002e-08
0.0,0.0,203.7445078125,2.34164e-08
0.0,0.0,203.7442578125,2.3505750000000002e-08
0.0,0.0,203.7440078125,2.338755e-08
0.0,0.0,203.7437578125,2.35381e-08
0.0,0.0,203.7435078125,2.35182e-08
0.0,0.0,203.7432578125,2.35375e-08
0.0,0.0,203.7430078125,2.341895e-08
0.0,0.0,203.7427578125,2.36703e-08
0.0,0.0,203.7425078125,2.353505e-08
0.0,0.0,203.7422578125,2.3377450000000006e-08
0.0,0.0,203.7420078125,2.33344e-08
0.0,0.0,203.7417578125,2.336535e-08
0.0,0.0,203.7415078125,2.30817e-08
0.0,0.0,203.7412578125,2.309705e-08
0.0,0.0,203.7410078125,2.269645e-08
0.0,0.0,203.7407578125,1.4296e-08
0.0,0.0,203.7405078125,1.431075e-08
0.0,0.0,203.7402578125,1.41153e-08
0.0,0.0,203.7400078125,1.3973e-08
0.0,0.0,203.7397578125,1.3933450000000001e-08
0.0,0.0,203.7395078125,1.390205e-08
0.0,0.0,203.7392578125,1.386285e-08
0.0,0.0,203.7390078125,1.39181e-08
0.0,0.0,203.7387578125,1.4040500000000001e-08
0.0,0.0,203.7385078125,1.4085200000000001e-08
0.0,0.0,203.7382578125,1.421215e-08
0.0,0.0,203.7380078125,1.43173e-08
0.0,0.0,203.7377578125,1.517545e-08
0.0,0.0,203.7375078125,2.253785e-08
0.0,0.0,203.7372578125,2.249035e-08
0.0,0.0,203.7370078125,2.23633e-08
0.0,0.0,203.7367578125,2.21787e-08
0.0,0.0,203.7365078125,2.21436e-08
0.0,0.0,203.7362578125,2.191975e-08
0.0,0.0,203.7360078125,2.1803950000000002e-08
0.0,0.0,203.7357578125,2.19164e-08
0.0,0.0,203.7355078125,2.184445e-08
0.0,0.0,203.7352578125,2.18878e-08
0.0,0.0,203.7350078125,2.18811e-08
0.0,0.0,203.7347578125,2.18798e-08
0.0,0.0,203.7345078125,2.187415e-08
0.0,0.0,203.7342578125,2.168295e-08
0.0,0.0,203.7340078125,2.161905e-08
0.0,0.0,203.7337578125,2.1348700000000002e-08
0.0,0.0,203.7335078125,2.144445e-08
0.0,0.0,203.7332578125,2.131795e-08
0.0,0.0,203.7330078125,2.12579e-08
0.0,0.0,203.7327578125,2.1085e-08
0.0,0.0,203.7325078125,2.10628e-08
0.0,0.0,203.7322578125,2.100655e-08
0.0,0.0,203.7320078125,2.09608e-08
0.0,0.0,203.7317578125,2.09148e-08
0.0,0.0,203.7315078125,2.09264e-08
0.0,0.0,203.7312578125,2.089515e-08
0.0,0.0,203.7310078125,2.0859800000000002e-08
0.0,0.0,203.7307578125,2.09378e-08
0.0,0.0,203.7305078125,2.09699e-08
0.0,0.0,203.7302578125,2.09478e-08
0.0,0.0,203.7300078125,2.08524e-08
0.0,0.0,203.7297578125,2.08146e-08
0.0,0.0,203.7295078125,2.09959e-08
0.0,0.0,203.7292578125,2.09619e-08
0.0,0.0,203.7290078125,2.105705e-08
0.0,0.0,203.7287578125,2.09217e-08
0.0,0.0,203.7285078125,2.110145e-08
0.0,0.0,203.7282578125,2.108205e-08
0.0,0.0,203.7280078125,2.128325e-08
0.0,0.0,203.7277578125,2.11403e-08
0.0,0.0,203.7275078125,2.125525e-08
0.0,0.0,203.7272578125,2.13261e-08
0.0,0.0,203.7270078125,2.13031e-08
0.0,0.0,203.7267578125,2.142405e-08
0.0,0.0,203.7265078125,2.152155e-08
0.0,0.0,203.7262578125,2.14495e-08
0.0,0.0,203.7260078125,2.1382050000000002e-08
0.0,0.0,203.7257578125,2.14192e-08
0.0,0.0,203.7255078125,2.131296666666667e-08
0.0,0.0,203.7252578125,2.13706e-08
0.0,0.0,203.7250078125,2.1254900000000002e-08
0.0,0.0,203.7247578125,2.1458900000000002e-08
0.0,0.0,203.7245078125,2.15107e-08
0.0,0.0,203.7242578125,2.1515750000000002e-08
0.0,0.0,203.7240078125,2.15977e-08
0.0,0.0,203.7237578125,2.172095e-08
0.0,0.0,203.7235078125,2.1681833333333334e-08
0.0,0.0,203.7232578125,2.168e-08
0.0,0.0,203.7230078125,2.16204e-08
0.0,0.0,203.7227578125,2.15509e-08
0.0,0.0,203.7225078125,2.14468e-08
0.0,0.0,203.7222578125,2.13458e-08
0.0,0.0,203.7220078125,2.12412e-08
0.0,0.0,203.7217578125,2.11408e-08
0.0,0.0,203.7215078125,2.1096966666666667e-08
0.0,0.0,203.7212578125,2.105235e-08
0.0,0.0,203.7210078125,2.11643e-08
0.0,0.0,203.7207578125,2.117795e-08
0.0,0.0,203.7205078125,2.131605e-08
0.0,0.0,203.7202578125,2.123035e-08
0.0,0.0,203.7200078125,2.1167400000000002e-08
0.0,0.0,203.7197578125,2.128405e-08
0.0,0.0,203.7195078125,2.14992e-08
0.0,0.0,203.7192578125,2.15949e-08
0.0,0.0,203.7190078125,2.162225e-08
0.0,0.0,203.7187578125,2.176305e-08
0.0,0.0,203.7185078125,2.18236e-08
0.0,0.0,203.7182578125,2.18388e-08
0.0,0.0,203.7180078125,2.18047e-08
0.0,0.0,203.7177578125,2.191045e-08
0.0,0.0,203.7175078125,2.178465e-08
0.0,0.0,203.7172578125,2.1923600000000003e-08
0.0,0.0,203.7170078125,2.190105e-08
0.0,0.0,203.7167578125,2.19279e-08
0.0,0.0,203.7165078125,2.19627e-08
0.0,0.0,203.7162578125,2.198e-08
0.0,0.0,203.7160078125,2.19276e-08
0.0,0.0,203.7157578125,2.20442e-08
0.0,0.0,203.7155078125,2.1991800000000002e-08
0.0,0.0,203.7152578125,2.197325e-08
0.0,0.0,203.7150078125,2.17902e-08
0.0,0.0,203.7147578125,2.189395e-08
0.0,0.0,203.7145078125,2.185725e-08
0.0,0.0,203.7142578125,2.19531e-08
0.0,0.0,203.7140078125,2.18982e-08
0.0,0.0,203.7137578125,2.190575e-08
0.0,0.0,203.7135078125,2.18935e-08
0.0,0.0,203.7132578125,2.204125e-08
0.0,0.0,203.7130078125,2.19779e-08
0.0,0.0,203.7127578125,2.196605e-08
0.0,0.0,203.7125078125,2.20046e-08
0.0,0.0,203.7122578125,2.1857800000000002e-08
0.0,0.0,203.7120078125,2.1883800000000002e-08
0.0,0.0,203.7117578125,2.1804500000000002e-08
0.0,0.0,203.7115078125,2.178445e-08
0.0,0.0,203.7112578125,2.179425e-08
0.0,0.0,203.7110078125,2.1987700000000002e-08
0.0,0.0,203.7107578125,2.18485e-08
0.0,0.0,203.7105078125,2.19374e-08
0.0,0.0,203.7102578125,2.18839e-08
0.0,0.0,203.7100078125,2.193565e-08
0.0,0.0,203.7097578125,2.18651e-08
0.0,0.0,203.7095078125,2.190965e-08
0.0,0.0,203.7092578125,2.1846e-08
0.0,0.0,203.7090078125,2.19258e-08
0.0,0.0,203.7087578125,2.188765e-08
0.0,0.0,203.7085078125,2.19482e-08
0.0,0.0,203.7082578125,2.18812e-08
0.0,0.0,203.7080078125,2.176565e-08
0.0,0.0,203.7077578125,2.18266e-08
0.0,0.0,203.7075078125,2.17098e-08
0.0,0.0,203.7072578125,2.17413e-08
0.0,0.0,203.7070078125,2.18508e-08
0.0,0.0,203.7067578125,2.189175e-08
0.0,0.0,203.7065078125,2.174e-08
0.0,0.0,203.7062578125,2.15902e-08
0.0,0.0,203.7060078125,2.173575e-08
0.0,0.0,203.7057578125,2.167145e-08
0.0,0.0,203.7055078125,2.164205e-08
0.0,0.0,203.7052578125,2.16052e-08
0.0,0.0,203.7050078125,2.143025e-08
0.0,0.0,203.7047578125,2.149575e-08
0.0,0.0,203.7045078125,2.13287e-08
0.0,0.0,203.7042578125,2.12585e-08
0.0,0.0,203.7040078125,2.128985e-08
0.0,0.0,203.7037578125,2.119915e-08
0.0,0.0,203.7035078125,2.119465e-08
0.0,0.0,203.7032578125,2.12438e-08
0.0,0.0,203.7030078125,2.126155e-08
0.0,0.0,203.7027578125,2.119005e-08
0.0,0.0,203.7025078125,2.12082e-08
0.0,0.0,203.7022578125,2.11382e-08
0.0,0.0,203.7020078125,2.117665e-08
0.0,0.0,203.7017578125,2.125805e-08
0.0,0.0,203.7015078125,2.123175e-08
0.0,0.0,203.7012578125,2.1083100000000003e-08
0.0,0.0,203.7010078125,2.1107000000000002e-08
0.0,0.0,203.7007578125,2.1050050000000006e-08
0.0,0.0,203.7005078125,2.10756e-08
0.0,0.0,203.7002578125,2.09951e-08
0.0,0.0,203.7000078125,2.096405e-08
0.0,0.0,203.6997578125,2.0880800000000006e-08
0.0,0.0,203.6995078125,2.079115e-08
0.0,0.0,203.6992578125,2.072895e-08
0.0,0.0,203.6990078125,2.084595e-08
0.0,0.0,203.6987578125,2.088235e-08
0.0,0.0,203.6985078125,2.09651e-08
0.0,0.0,203.6982578125,2.1003900000000002e-08
0.0,0.0,203.6980078125,2.086635e-08
0.0,0.0,203.6977578125,2.0808400000000002e-08
0.0,0.0,203.6975078125,2.086325e-08
0.0,0.0,203.6972578125,2.0842300000000002e-08
0.0,0.0,203.6970078125,2.096545e-08
0.0,0.0,203.6967578125,2.09406e-08
0.0,0.0,203.6965078125,2.09463e-08
0.0,0.0,203.6962578125,2.07601e-08
0.0,0.0,203.6960078125,2.079235e-08
0.0,0.0,203.6957578125,2.085655e-08
0.0,0.0,203.6955078125,2.08621e-08
0.0,0.0,203.6952578125,2.09018e-08
0.0,0.0,203.6950078125,2.09144e-08
0.0,0.0,203.6947578125,2.0917e-08
0.0,0.0,203.6945078125,2.09693e-08
0.0,0.0,203.6942578125,2.08985e-08
0.0,0.0,203.6940078125,2.1057066666666667e-08
0.0,0.0,203.6937578125,2.095045e-08
0.0,0.0,203.6935078125,2.107985e-08
0.0,0.0,203.6932578125,2.08926e-08
0.0,0.0,203.6930078125,2.105445e-08
0.0,0.0,203.6927578125,2.09594e-08
0.0,0.0,203.6925078125,2.091925e-08
0.0,0.0,203.6922578125,2.10047e-08
0.0,0.0,203.6920078125,2.0990333333333334e-08
0.0,0.0,203.6917578125,2.0924350000000002e-08
0.0,0.0,203.6915078125,2.09705e-08
0.0,0.0,203.6912578125,2.09914e-08
0.0,0.0,203.6910078125,2.09319e-08
0.0,0.0,203.6907578125,2.096465e-08
0.0,0.0,203.6905078125,2.104435e-08
0.0,0.0,203.6902578125,2.1034800000000002e-08
0.0,0.0,203.6900078125,2.1105666666666665e-08
0.0,0.0,203.6897578125,2.109685e-08
0.0,0.0,203.6895078125,2.1017e-08
0.0,0.0,203.6892578125,2.118625e-08
0.0,0.0,203.6890078125,2.1115750000000002e-08
0.0,0.0,203.6887578125,2.109875e-08
0.0,0.0,203.6885078125,2.12184e-08
0.0,0.0,203.6882578125,2.119685e-08
0.0,0.0,203.6880078125,2.111915e-08
0.0,0.0,203.6877578125,2.1206500000000002e-08
0.0,0.0,203.6875078125,2.1204500000000003e-08
0.0,0.0,203.6872578125,2.1181e-08
0.0,0.0,203.6870078125,2.131475e-08
0.0,0.0,203.6867578125,2.121795e-08
0.0,0.0,203.6865078125,2.12883e-08
0.0,0.0,203.6862578125,2.121875e-08
0.0,0.0,203.6860078125,2.12352e-08
0.0,0.0,203.6857578125,2.127685e-08
0.0,0.0,203.6855078125,2.1203400000000003e-08
0.0,0.0,203.6852578125,2.12592e-08
0.0,0.0,203.6850078125,2.1398033333333334e-08
0.0,0.0,203.6847578125,2.13649e-08
0.0,0.0,203.6845078125,2.13601e-08
0.0,0.0,203.6842578125,2.14159e-08
0.0,0.0,203.6840078125,2.13073e-08
0.0,0.0,203.6837578125,2.14449e-08
0.0,0.0,203.6835078125,2.13928e-08
0.0,0.0,203.6832578125,2.137965e-08
0.0,0.0,203.6830078125,2.1508966666666668e-08
0.0,0.0,203.6827578125,2.161025e-08
0.0,0.0,203.6825078125,2.1429e-08
0.0,0.0,203.6822578125,2.1545550000000002e-08
0.0,0.0,203.6820078125,2.152345e-08
0.0,0.0,203.6817578125,2.167865e-08
0.0,0.0,203.6815078125,2.15558e-08
0.0,0.0,203.6812578125,2.1673800000000002e-08
0.0,0.0,203.6810078125,2.175406666666667e-08
0.0,0.0,203.6807578125,2.17314e-08
0.0,0.0,203.6805078125,2.15545e-08
0.0,0.0,203.6802578125,2.16387e-08
0.0,0.0,203.6800078125,2.173115e-08
0.0,0.0,203.6797578125,2.157385e-08
0.0,0.0,203.6795078125,2.17071e-08
0.0,0.0,203.6792578125,2.16154e-08
0.0,0.0,203.6790078125,2.15964e-08
0.0,0.0,203.6787578125,2.164425e-08
0.0,0.0,203.6785078125,2.16609e-08
0.0,0.0,203.6782578125,2.16052e-08
0.0,0.0,203.6780078125,2.17045e-08
0.0,0.0,203.6777578125,2.164635e-08
0.0,0.0,203.6775078125,2.16305e-08
0.0,0.0,203.6772578125,2.153085e-08
0.0,0.0,203.6770078125,2.158365e-08
0.0,0.0,203.6767578125,2.14127e-08
0.0,0.0,203.6765078125,2.1507550000000002e-08
0.0,0.0,203.6762578125,2.15875e-08
0.0,0.0,203.6760078125,2.163545e-08
0.0,0.0,203.6757578125,2.149045e-08
0.0,0.0,203.6755078125,2.14872e-08
0.0,0.0,203.6752578125,2.163065e-08
0.0,0.0,203.6750078125,2.149915e-08
0.0,0.0,203.6747578125,2.162935e-08
0.0,0.0,203.6745078125,2.15618e-08
0.0,0.0,203.6742578125,2.1484600000000002e-08
0.0,0.0,203.6740078125,2.1579200000000002e-08
0.0,0.0,203.6737578125,2.146365e-08
0.0,0.0,203.6735078125,2.1421700000000002e-08
0.0,0.0,203.6732578125,2.135705e-08
0.0,0.0,203.6730078125,2.119265e-08
0.0,0.0,203.6727578125,2.13719e-08
0.0,0.0,203.6725078125,2.11457e-08
0.0,0.0,203.6722578125,2.11701e-08
0.0,0.0,203.6720078125,2.106705e-08
0.0,0.0,203.6717578125,2.1019500000000002e-08
0.0,0.0,203.6715078125,2.087365e-08
0.0,0.0,203.6712578125,2.09682e-08
0.0,0.0,203.6710078125,2.09534e-08
0.0,0.0,203.6707578125,2.09696e-08
0.0,0.0,203.6705078125,2.10111e-08
0.0,0.0,203.6702578125,2.0846150000000002e-08
0.0,0.0,203.6700078125,2.091465e-08
0.0,0.0,203.6697578125,2.0896450000000002e-08
0.0,0.0,203.6695078125,2.092285e-08
0.0,0.0,203.6692578125,2.08323e-08
0.0,0.0,203.6690078125,2.08871e-08
0.0,0.0,203.6687578125,2.07215e-08
0.0,0.0,203.6685078125,2.077e-08
0.0,0.0,203.6682578125,2.072085e-08
0.0,0.0,203.6680078125,2.0585500000000006e-08
0.0,0.0,203.6677578125,2.05993e-08
0.0,0.0,203.6675078125,2.0517766666666665e-08
0.0,0.0,203.6672578125,2.05452e-08
0.0,0.0,203.6670078125,2.052655e-08
0.0,0.0,203.6667578125,2.04706e-08
0.0,0.0,203.6665078125,2.04901e-08
0.0,0.0,203.6662578125,2.046185e-08
0.0,0.0,203.6660078125,2.05236e-08
0.0,0.0,203.6657578125,2.03853e-08
0.0,0.0,203.6655078125,2.057495e-08
0.0,0.0,203.6652578125,2.0496150000000002e-08
0.0,0.0,203.6650078125,2.040605e-08
0.0,0.0,203.6647578125,2.046575e-08
0.0,0.0,203.6645078125,2.040355e-08
0.0,0.0,203.6642578125,2.049335e-08
0.0,0.0,203.6640078125,2.049445e-08
0.0,0.0,203.6637578125,2.03968e-08
0.0,0.0,203.6635078125,2.0418500000000002e-08
0.0,0.0,203.6632578125,2.0473450000000002e-08
0.0,0.0,203.6630078125,2.044165e-08
0.0,0.0,203.6627578125,2.03732e-08
0.0,0.0,203.6625078125,2.037075e-08
0.0,0.0,203.6622578125,2.040135e-08
0.0,0.0,203.6620078125,2.04038e-08
0.0,0.0,203.6617578125,2.05602e-08
0.0,0.0,203.6615078125,2.0472350000000002e-08
0.0,0.0,203.6612578125,2.0474550000000002e-08
0.0,0.0,203.6610078125,2.05657e-08
0.0,0.0,203.6607578125,2.04892e-08
0.0,0.0,203.6605078125,2.050705e-08
0.0,0.0,203.6602578125,2.0515e-08
0.0,0.0,203.6600078125,2.04009e-08
0.0,0.0,203.6597578125,2.04593e-08
0.0,0.0,203.6595078125,2.032265e-08
0.0,0.0,203.6592578125,2.02993e-08
0.0,0.0,203.6590078125,2.023025e-08
0.0,0.0,203.6587578125,2.030705e-08
0.0,0.0,203.6585078125,2.02869e-08
0.0,0.0,203.6582578125,2.025695e-08
0.0,0.0,203.6580078125,2.021875e-08
0.0,0.0,203.6577578125,2.02243e-08
0.0,0.0,203.6575078125,2.0229550000000002e-08
0.0,0.0,203.6572578125,2.036055e-08
0.0,0.0,203.6570078125,2.015715e-08
0.0,0.0,203.6567578125,2.03125e-08
0.0,0.0,203.6565078125,2.015275e-08
0.0,0.0,203.6562578125,2.010725e-08
0.0,0.0,203.6560078125,2.021405e-08
0.0,0.0,203.6557578125,2.016015e-08
0.0,0.0,203.6555078125,2.01447e-08
0.0,0.0,203.6552578125,2.01483e-08
0.0,0.0,203.6550078125,2.01594e-08
0.0,0.0,203.6547578125,2.02031e-08
0.0,0.0,203.6545078125,2.03057e-08
0.0,0.0,203.6542578125,2.037725e-08
0.0,0.0,203.6540078125,2.03725e-08
0.0,0.0,203.6537578125,2.04574e-08
0.0,0.0,203.6535078125,2.05971e-08
0.0,0.0,203.6532578125,2.05685e-08
0.0,0.0,203.6530078125,2.0658300000000002e-08
0.0,0.0,203.6527578125,2.058405e-08
0.0,0.0,203.6525078125,2.06075e-08
0.0,0.0,203.6522578125,2.063945e-08
0.0,0.0,203.6520078125,2.05922e-08
0.0,0.0,203.6517578125,2.05273e-08
0.0,0.0,203.6515078125,2.0640866666666664e-08
0.0,0.0,203.6512578125,2.06529e-08
0.0,0.0,203.6510078125,2.0730650000000003e-08
0.0,0.0,203.6507578125,2.088995e-08
0.0,0.0,203.6505078125,2.081585e-08
0.0,0.0,203.6502578125,2.094135e-08
0.0,0.0,203.6500078125,2.09004e-08
0.0,0.0,203.6497578125,2.102735e-08
0.0,0.0,203.6495078125,2.0964133333333333e-08
0.0,0.0,203.6492578125,2.102775e-08
0.0,0.0,203.6490078125,2.10012e-08
0.0,0.0,203.6487578125,2.104745e-08
0.0,0.0,203.6485078125,2.11394e-08
0.0,0.0,203.6482578125,2.10166e-08
0.0,0.0,203.6480078125,2.10327e-08
0.0,0.0,203.6477578125,2.093695e-08
0.0,0.0,203.6475078125,2.094765e-08
0.0,0.0,203.6472578125,2.097475e-08
0.0,0.0,203.6470078125,2.09297e-08
0.0,0.0,203.6467578125,2.07485e-08
0.0,0.0,203.6465078125,2.07612e-08
0.0,0.0,203.6462578125,2.0697400000000002e-08
0.0,0.0,203.6460078125,2.07348e-08
0.0,0.0,203.6457578125,2.07027e-08
0.0,0.0,203.6455078125,2.074295e-08
0.0,0.0,203.6452578125,2.08172e-08
0.0,0.0,203.6450078125,2.08707e-08
0.0,0.0,203.6447578125,2.085e-08
0.0,0.0,203.6445078125,2.0960166666666672e-08
0.0,0.0,203.6442578125,2.09887e-08
0.0,0.0,203.6440078125,2.10874e-08
0.0,0.0,203.6437578125,2.113565e-08
0.0,0.0,203.6435078125,2.117635e-08
0.0,0.0,203.6432578125,2.13098e-08
0.0,0.0,203.6430078125,2.12395e-08
0.0,0.0,203.6427578125,2.12239e-08
0.0,0.0,203.6425078125,2.1290866666666664e-08
0.0,0.0,203.6422578125,2.1368100000000002e-08
0.0,0.0,203.6420078125,2.132665e-08
0.0,0.0,203.6417578125,2.13217e-08
0.0,0.0,203.6415078125,2.134785e-08
0.0,0.0,203.6412578125,2.133905e-08
0.0,0.0,203.6410078125,2.13671e-08
0.0,0.0,203.6407578125,2.15129e-08
0.0,0.0,203.6405078125,2.15935e-08
0.0,0.0,203.6402578125,2.1555400000000002e-08
0.0,0.0,203.6400078125,2.15378e-08
0.0,0.0,203.6397578125,2.159585e-08
0.0,0.0,203.6395078125,2.156245e-08
0.0,0.0,203.6392578125,2.16313e-08
0.0,0.0,203.6390078125,2.17355e-08
0.0,0.0,203.6387578125,2.16827e-08
0.0,0.0,203.6385078125,2.17278e-08
0.0,0.0,203.6382578125,2.167425e-08
0.0,0.0,203.6380078125,2.183455e-08
0.0,0.0,203.6377578125,2.17862e-08
0.0,0.0,203.6375078125,2.189325e-08
0.0,0.0,203.6372578125,2.17299e-08
0.0,0.0,203.6370078125,2.18398e-08
0.0,0.0,203.6367578125,2.18264e-08
0.0,0.0,203.6365078125,2.17074e-08
0.0,0.0,203.6362578125,2.17318e-08
0.0,0.0,203.6360078125,2.152775e-08
0.0,0.0,203.6357578125,2.13259e-08
0.0,0.0,203.6355078125,2.1098266666666668e-08
0.0,0.0,203.6352578125,2.08494e-08
0.0,0.0,203.6350078125,2.07193e-08
0.0,0.0,203.6347578125,2.045505e-08
0.0,0.0,203.6345078125,2.03355e-08
0.0,0.0,203.6342578125,2.041545e-08
0.0,0.0,203.6340078125,2.03283e-08
0.0,0.0,203.6337578125,2.040475e-08
0.0,0.0,203.6335078125,2.0341400000000002e-08
0.0,0.0,203.6332578125,2.0345500000000002e-08
0.0,0.0,203.6330078125,2.05926e-08
0.0,0.0,203.6327578125,2.08335e-08
0.0,0.0,203.6325078125,2.0901650000000002e-08
0.0,0.0,203.6322578125,2.10012e-08
0.0,0.0,203.6320078125,2.105115e-08
0.0,0.0,203.6317578125,2.09762e-08
0.0,0.0,203.6315078125,2.09756e-08
0.0,0.0,203.6312578125,2.110485e-08
0.0,0.0,203.6310078125,2.12414e-08
0.0,0.0,203.6307578125,2.13438e-08
0.0,0.0,203.6305078125,2.14109e-08
0.0,0.0,203.6302578125,2.13624e-08
0.0,0.0,203.6300078125,2.1438650000000002e-08
0.0,0.0,203.6297578125,2.165845e-08
0.0,0.0,203.6295078125,2.16379e-08
0.0,0.0,203.6292578125,2.1741600000000002e-08
0.0,0.0,203.6290078125,2.193495e-08
0.0,0.0,203.6287578125,2.200915e-08
0.0,0.0,203.6285078125,2.21707e-08
0.0,0.0,203.6282578125,2.24561e-08
0.0,0.0,203.6280078125,2.25665e-08
0.0,0.0,203.6277578125,2.258685e-08
0.0,0.0,203.6275078125,2.27647e-08
0.0,0.0,203.6272578125,2.28707e-08
0.0,0.0,203.6270078125,2.294245e-08
0.0,0.0,203.6267578125,2.29845e-08
0.0,0.0,203.6265078125,2.30861e-08
0.0,0.0,203.6262578125,2.31289e-08
0.0,0.0,203.6260078125,2.30528e-08
0.0,0.0,203.6257578125,2.31036e-08
0.0,0.0,203.6255078125,2.31564e-08
0.0,0.0,203.6252578125,2.3112e-08
0.0,0.0,203.6250078125,2.32543e-08
0.0,0.0,203.6247578125,2.328535e-08
0.0,0.0,203.6245078125,2.3459550000000002e-08
0.0,0.0,203.6242578125,2.34509e-08
0.0,0.0,203.6240078125,2.35509e-08
0.0,0.0,203.6237578125,2.36077e-08
0.0,0.0,203.6235078125,2.3656400000000002e-08
0.0,0.0,203.6232578125,2.37051e-08
0.0,0.0,203.6230078125,2.37169e-08
0.0,0.0,203.6227578125,2.37199e-08
0.0,0.0,203.6225078125,2.3764e-08
0.0,0.0,203.6222578125,2.3821550000000002e-08
0.0,0.0,203.6220078125,2.38923e-08
0.0,0.0,203.6217578125,2.383675e-08
0.0,0.0,203.6215078125,2.4012150000000002e-08
0.0,0.0,203.6212578125,2.38647e-08
0.0,0.0,203.6210078125,2.40387e-08
0.0,0.0,203.6207578125,2.414675e-08
0.0,0.0,203.6205078125,2.416235e-08
0.0,0.0,203.6202578125,2.42368e-08
0.0,0.0,203.6200078125,2.43563e-08
0.0,0.0,203.6197578125,2.44471e-08
0.0,0.0,203.6195078125,2.42474e-08
0.0,0.0,203.6192578125,2.44132e-08
0.0,0.0,203.6190078125,2.45135e-08
0.0,0.0,203.6187578125,2.472765e-08
0.0,0.0,203.6185078125,2.48252e-08
0.0,0.0,203.6182578125,2.51067e-08
0.0,0.0,203.6180078125,2.51287e-08
0.0,0.0,203.6177578125,2.5389e-08
0.0,0.0,203.6175078125,2.5529100000000002e-08
0.0,0.0,203.6172578125,2.579895e-08
0.0,0.0,203.6170078125,2.58838e-08
0.0,0.0,203.6167578125,2.618715e-08
0.0,0.0,203.6165078125,2.619575e-08
0.0,0.0,203.6162578125,2.64305e-08
0.0,0.0,203.6160078125,2.65792e-08
0.0,0.0,203.6157578125,2.66005e-08
0.0,0.0,203.6155078125,2.676485e-08
0.0,0.0,203.6152578125,2.6881750000000002e-08
0.0,0.0,203.6150078125,2.7104e-08
0.0,0.0,203.6147578125,2.7049300000000006e-08
0.0,0.0,203.6145078125,2.71785e-08
0.0,0.0,203.6142578125,2.719855e-08
0.0,0.0,203.6140078125,2.7303350000000002e-08
0.0,0.0,203.6137578125,2.73138e-08
0.0,0.0,203.6135078125,2.739185e-08
0.0,0.0,203.6132578125,2.73275e-08
0.0,0.0,203.6130078125,2.730625e-08
0.0,0.0,203.6127578125,2.7366000000000002e-08
0.0,0.0,203.6125078125,2.73931e-08
0.0,0.0,203.6122578125,2.74517e-08
0.0,0.0,203.6120078125,2.76449e-08
0.0,0.0,203.6117578125,2.756575e-08
0.0,0.0,203.6115078125,2.7546700000000002e-08
0.0,0.0,203.6112578125,2.76901e-08
0.0,0.0,203.6110078125,2.7770666666666665e-08
0.0,0.0,203.6107578125,2.776235e-08
0.0,0.0,203.6105078125,2.78981e-08
0.0,0.0,203.6102578125,2.7766550000000002e-08
0.0,0.0,203.6100078125,2.780395e-08
0.0,0.0,203.6097578125,2.7863600000000002e-08
0.0,0.0,203.6095078125,2.79185e-08
0.0,0.0,203.6092578125,2.793325e-08
0.0,0.0,203.6090078125,2.80724e-08
0.0,0.0,203.6087578125,2.80472e-08
0.0,0.0,203.6085078125,2.79625e-08
0.0,0.0,203.6082578125,2.81538e-08
0.0,0.0,203.6080078125,2.804105e-08
0.0,0.0,203.6077578125,2.8213050000000002e-08
0.0,0.0,203.6075078125,2.83738e-08
0.0,0.0,203.6072578125,2.8269100000000002e-08
0.0,0.0,203.6070078125,2.82746e-08
0.0,0.0,203.6067578125,2.82607e-08
0.0,0.0,203.6065078125,2.82606e-08
0.0,0.0,203.6062578125,2.829795e-08
0.0,0.0,203.6060078125,2.826505e-08
0.0,0.0,203.6057578125,2.822625e-08
0.0,0.0,203.6055078125,2.8256800000000002e-08
0.0,0.0,203.6052578125,2.8333900000000002e-08
0.0,0.0,203.6050078125,2.826345e-08
0.0,0.0,203.6047578125,2.815205e-08
0.0,0.0,203.6045078125,2.85359e-08
0.0,0.0,203.6042578125,2.8241750000000002e-08
0.0,0.0,203.6040078125,2.833253333333333e-08
0.0,0.0,203.6037578125,2.822615e-08
0.0,0.0,203.6035078125,2.8278400000000002e-08
0.0,0.0,203.6032578125,2.839265e-08
0.0,0.0,203.6030078125,2.826215e-08
0.0,0.0,203.6027578125,2.817975e-08
0.0,0.0,203.6025078125,2.81782e-08
0.0,0.0,203.6022578125,2.817125e-08
0.0,0.0,203.6020078125,2.8071466666666665e-08
0.0,0.0,203.6017578125,2.802325e-08
0.0,0.0,203.6015078125,2.80918e-08
0.0,0.0,203.6012578125,2.799045e-08
0.0,0.0,203.6010078125,2.790335e-08
0.0,0.0,203.6007578125,2.7938000000000002e-08
0.0,0.0,203.6005078125,2.80277e-08
0.0,0.0,203.6002578125,2.8037500000000002e-08
0.0,0.0,203.6000078125,2.8038000000000006e-08
0.0,0.0,203.5997578125,2.795745e-08
0.0,0.0,203.5995078125,2.7956250000000006e-08
0.0,0.0,203.5992578125,2.790255e-08
0.0,0.0,203.5990078125,2.80131e-08
0.0,0.0,203.5987578125,2.7816600000000002e-08
0.0,0.0,203.5985078125,2.78013e-08
0.0,0.0,203.5982578125,2.78097e-08
0.0,0.0,203.5980078125,2.7679600000000002e-08
0.0,0.0,203.5977578125,2.77492e-08
0.0,0.0,203.5975078125,2.767805e-08
0.0,0.0,203.5972578125,2.766005e-08
0.0,0.0,203.5970078125,2.76965e-08
0.0,0.0,203.5967578125,2.76472e-08
0.0,0.0,203.5965078125,2.767e-08
0.0,0.0,203.5962578125,2.756985e-08
0.0,0.0,203.5960078125,2.75359e-08
0.0,0.0,203.5957578125,2.75349e-08
0.0,0.0,203.5955078125,2.74839e-08
0.0,0.0,203.5952578125,2.741365e-08
0.0,0.0,203.5950078125,2.719025e-08
0.0,0.0,203.5947578125,2.70772e-08
0.0,0.0,203.5945078125,2.69735e-08
0.0,0.0,203.5942578125,2.695985e-08
0.0,0.0,203.5940078125,2.68465e-08
0.0,0.0,203.5937578125,2.68318e-08
0.0,0.0,203.5935078125,2.6727550000000002e-08
0.0,0.0,203.5932578125,2.675045e-08
0.0,0.0,203.5930078125,2.659305e-08
0.0,0.0,203.5927578125,2.665610000000001e-08
0.0,0.0,203.5925078125,2.6575500000000002e-08
0.0,0.0,203.5922578125,2.641425e-08
0.0,0.0,203.5920078125,2.63214e-08
0.0,0.0,203.5917578125,2.62284e-08
0.0,0.0,203.5915078125,2.6257250000000002e-08
0.0,0.0,203.5912578125,2.62285e-08
0.0,0.0,203.5910078125,2.6261050000000002e-08
0.0,0.0,203.5907578125,2.60615e-08
0.0,0.0,203.5905078125,2.6251500000000002e-08
0.0,0.0,203.5902578125,2.607495e-08
0.0,0.0,203.5900078125,2.598865e-08
0.0,0.0,203.5897578125,2.6072400000000002e-08
0.0,0.0,203.5895078125,2.59998e-08
0.0,0.0,203.5892578125,2.6073500000000002e-08
0.0,0.0,203.5890078125,2.6138850000000002e-08
0.0,0.0,203.5887578125,2.59957e-08
0.0,0.0,203.5885078125,2.601865e-08
0.0,0.0,203.5882578125,2.618185e-08
0.0,0.0,203.5880078125,2.60108e-08
0.0,0.0,203.5877578125,2.60418e-08
0.0,0.0,203.5875078125,2.591995e-08
0.0,0.0,203.5872578125,2.600825e-08
0.0,0.0,203.5870078125,2.575205e-08
0.0,0.0,203.5867578125,2.5815100000000002e-08
0.0,0.0,203.5865078125,2.55502e-08
0.0,0.0,203.5862578125,2.55192e-08
0.0,0.0,203.5860078125,2.54626e-08
0.0,0.0,203.5857578125,2.527085e-08
0.0,0.0,203.5855078125,2.535445e-08
0.0,0.0,203.5852578125,2.52314e-08
0.0,0.0,203.5850078125,2.51514e-08
0.0,0.0,203.5847578125,2.50901e-08
0.0,0.0,203.5845078125,2.50326e-08
0.0,0.0,203.5842578125,2.495915e-08
0.0,0.0,203.5840078125,2.47614e-08
0.0,0.0,203.5837578125,2.465015e-08
0.0,0.0,203.5835078125,2.4663700000000002e-08
0.0,0.0,203.5832578125,2.4446e-08
0.0,0.0,203.5830078125,2.434675e-08
0.0,0.0,203.5827578125,2.43125e-08
0.0,0.0,203.5825078125,2.408085e-08
0.0,0.0,203.5822578125,2.401135e-08
0.0,0.0,203.5820078125,2.3994650000000002e-08
0.0,0.0,203.5817578125,2.386555e-08
0.0,0.0,203.5815078125,2.37853e-08
0.0,0.0,203.5812578125,2.3791200000000002e-08
0.0,0.0,203.5810078125,2.364225e-08
0.0,0.0,203.5807578125,2.3582e-08
0.0,0.0,203.5805078125,2.362425e-08
0.0,0.0,203.5802578125,2.349745e-08
0.0,0.0,203.5800078125,2.35252e-08
0.0,0.0,203.5797578125,2.344645e-08
0.0,0.0,203.5795078125,2.346725e-08
0.0,0.0,203.5792578125,2.338925e-08
0.0,0.0,203.5790078125,2.33364e-08
0.0,0.0,203.5787578125,2.330865e-08
0.0,0.0,203.5785078125,2.30984e-08
0.0,0.0,203.5782578125,2.32313e-08
0.0,0.0,203.5780078125,2.29642e-08
0.0,0.0,203.5777578125,2.27733e-08
0.0,0.0,203.5775078125,2.292515e-08
0.0,0.0,203.5772578125,2.28588e-08
0.0,0.0,203.5770078125,2.281925e-08
0.0,0.0,203.5767578125,2.27019e-08
0.0,0.0,203.5765078125,2.25625e-08
0.0,0.0,203.5762578125,2.247035e-08
0.0,0.0,203.5760078125,2.24457e-08
0.0,0.0,203.5757578125,2.249605e-08
0.0,0.0,203.5755078125,2.225275e-08
0.0,0.0,203.5752578125,2.218475e-08
0.0,0.0,203.5750078125,2.224195e-08
0.0,0.0,203.5747578125,2.1941200000000002e-08
0.0,0.0,203.5745078125,2.1997833333333328e-08
0.0,0.0,203.5742578125,2.200905e-08
0.0,0.0,203.5740078125,2.21429e-08
0.0,0.0,203.5737578125,2.202225e-08
0.0,0.0,203.5735078125,2.201565e-08
0.0,0.0,203.5732578125,2.18973e-08
0.0,0.0,203.5730078125,2.18286e-08
0.0,0.0,203.5727578125,2.170895e-08
0.0,0.0,203.5725078125,2.181023333333333e-08
0.0,0.0,203.5722578125,2.163975e-08
0.0,0.0,203.5720078125,2.15439e-08
0.0,0.0,203.5717578125,2.16549e-08
0.0,0.0,203.5715078125,2.15539e-08
0.0,0.0,203.5712578125,2.14595e-08
0.0,0.0,203.5710078125,2.16542e-08
0.0,0.0,203.5707578125,2.1497100000000006e-08
0.0,0.0,203.5705078125,2.1517966666666668e-08
0.0,0.0,203.5702578125,2.155135e-08
0.0,0.0,203.5700078125,2.12994e-08
0.0,0.0,203.5697578125,2.132745e-08
0.0,0.0,203.5695078125,2.1416500000000002e-08
0.0,0.0,203.5692578125,2.1388350000000002e-08
0.0,0.0,203.5690078125,2.12462e-08
0.0,0.0,203.5687578125,2.1205150000000002e-08
0.0,0.0,203.5685078125,2.111015e-08
0.0,0.0,203.5682578125,2.102245e-08
0.0,0.0,203.5680078125,2.10054e-08
0.0,0.0,203.5677578125,2.107105e-08
0.0,0.0,203.5675078125,2.092305e-08
0.0,0.0,203.5672578125,2.09572e-08
0.0,0.0,203.5670078125,2.11337e-08
0.0,0.0,203.5667578125,2.08447e-08
0.0,0.0,203.5665078125,2.084125e-08
0.0,0.0,203.5662578125,2.081405e-08
0.0,0.0,203.5660078125,2.07503e-08
0.0,0.0,203.5657578125,2.081705e-08
0.0,0.0,203.5655078125,2.0727533333333328e-08
0.0,0.0,203.5652578125,2.056895e-08
0.0,0.0,203.5650078125,2.03732e-08
0.0,0.0,203.5647578125,2.043485e-08
0.0,0.0,203.5645078125,2.041975e-08
0.0,0.0,203.5642578125,2.02775e-08
0.0,0.0,203.5640078125,2.03786e-08
0.0,0.0,203.5637578125,2.023015e-08
0.0,0.0,203.5635078125,2.0164066666666664e-08
0.0,0.0,203.5632578125,2.02477e-08
0.0,0.0,203.5630078125,2.022825e-08
0.0,0.0,203.5627578125,1.999995e-08
0.0,0.0,203.5625078125,2.004915e-08
0.0,0.0,203.5622578125,2.007985e-08
0.0,0.0,203.5620078125,1.99291e-08
0.0,0.0,203.5617578125,1.97504e-08
0.0,0.0,203.5615078125,1.97608e-08
0.0,0.0,203.5612578125,1.966025e-08
0.0,0.0,203.5610078125,1.96606e-08
0.0,0.0,203.5607578125,1.95644e-08
0.0,0.0,203.5605078125,1.95292e-08
0.0,0.0,203.5602578125,1.938425e-08
0.0,0.0,203.5600078125,1.9341200000000002e-08
0.0,0.0,203.5597578125,1.9479000000000002e-08
0.0,0.0,203.5595078125,1.92426e-08
0.0,0.0,203.5592578125,1.91977e-08
0.0,0.0,203.5590078125,1.91097e-08
0.0,0.0,203.5587578125,1.9249600000000002e-08
0.0,0.0,203.5585078125,1.911185e-08
0.0,0.0,203.5582578125,1.91169e-08
0.0,0.0,203.5580078125,1.914555e-08
0.0,0.0,203.5577578125,1.904515e-08
0.0,0.0,203.5575078125,1.90925e-08
0.0,0.0,203.5572578125,1.92069e-08
0.0,0.0,203.5570078125,1.924045e-08
0.0,0.0,203.5567578125,1.9203950000000002e-08
0.0,0.0,203.5565078125,1.92815e-08
0.0,0.0,203.5562578125,1.90678e-08
0.0,0.0,203.5560078125,1.932325e-08
0.0,0.0,203.5557578125,1.93345e-08
0.0,0.0,203.5555078125,1.93869e-08
0.0,0.0,203.5552578125,1.95341e-08
0.0,0.0,203.5550078125,1.9448650000000002e-08
0.0,0.0,203.5547578125,1.9496500000000002e-08
0.0,0.0,203.5545078125,1.9505800000000002e-08
0.0,0.0,203.5542578125,1.96114e-08
0.0,0.0,203.5540078125,1.960455e-08
0.0,0.0,203.5537578125,1.9577450000000002e-08
0.0,0.0,203.5535078125,1.97164e-08
0.0,0.0,203.5532578125,1.96564e-08
0.0,0.0,203.5530078125,1.97674e-08
0.0,0.0,203.5527578125,1.98264e-08
0.0,0.0,203.5525078125,1.9820250000000002e-08
0.0,0.0,203.5522578125,1.976525e-08
0.0,0.0,203.5520078125,1.972635e-08
0.0,0.0,203.5517578125,1.955625e-08
0.0,0.0,203.5515078125,1.977965e-08
0.0,0.0,203.5512578125,1.97368e-08
0.0,0.0,203.5510078125,1.979835e-08
0.0,0.0,203.5507578125,1.97164e-08
0.0,0.0,203.5505078125,1.976595e-08
0.0,0.0,203.5502578125,1.97708e-08
0.0,0.0,203.5500078125,1.98373e-08
0.0,0.0,203.5497578125,1.973845e-08
0.0,0.0,203.5495078125,1.975e-08
0.0,0.0,203.5492578125,1.9662e-08
0.0,0.0,203.5490078125,1.976795e-08
0.0,0.0,203.5487578125,1.963285e-08
0.0,0.0,203.5485078125,1.9638e-08
0.0,0.0,203.5482578125,1.94715e-08
0.0,0.0,203.5480078125,1.960735e-08
0.0,0.0,203.5477578125,1.93398e-08
0.0,0.0,203.5475078125,1.94134e-08
0.0,0.0,203.5472578125,1.93283e-08
0.0,0.0,203.5470078125,1.928565e-08
0.0,0.0,203.5467578125,1.913945e-08
0.0,0.0,203.5465078125,1.909695e-08
0.0,0.0,203.5462578125,1.92007e-08
0.0,0.0,203.5460078125,1.898695e-08
0.0,0.0,203.5457578125,1.89585e-08
0.0,0.0,203.5455078125,1.8980000000000002e-08
0.0,0.0,203.5452578125,1.894295e-08
0.0,0.0,203.5450078125,1.8810200000000002e-08
0.0,0.0,203.5447578125,1.89009e-08
0.0,0.0,203.5445078125,1.892735e-08
0.0,0.0,203.5442578125,1.88757e-08
0.0,0.0,203.5440078125,1.90401e-08
0.0,0.0,203.5437578125,1.893675e-08
0.0,0.0,203.5435078125,1.899665e-08
0.0,0.0,203.5432578125,1.89252e-08
0.0,0.0,203.5430078125,1.88088e-08
0.0,0.0,203.5427578125,1.90433e-08
0.0,0.0,203.5425078125,1.89076e-08
0.0,0.0,203.5422578125,1.89198e-08
0.0,0.0,203.5420078125,1.89366e-08
0.0,0.0,203.5417578125,1.888915e-08
0.0,0.0,203.5415078125,1.9103050000000002e-08
0.0,0.0,203.5412578125,1.8925e-08
0.0,0.0,203.5410078125,1.905095e-08
0.0,0.0,203.5407578125,1.912485e-08
0.0,0.0,203.5405078125,1.89969e-08
0.0,0.0,203.5402578125,1.94133e-08
0.0,0.0,203.5400078125,1.92576e-08
0.0,0.0,203.5397578125,1.9261100000000002e-08
0.0,0.0,203.5395078125,1.929695e-08
0.0,0.0,203.5392578125,1.92377e-08
0.0,0.0,203.5390078125,1.9402933333333333e-08
0.0,0.0,203.5387578125,1.93037e-08
0.0,0.0,203.5385078125,1.9337100000000002e-08
0.0,0.0,203.5382578125,1.9367e-08
0.0,0.0,203.5380078125,1.93157e-08
0.0,0.0,203.5377578125,1.9317150000000002e-08
0.0,0.0,203.5375078125,1.9358700000000002e-08
0.0,0.0,203.5372578125,1.916555e-08
0.0,0.0,203.5370078125,1.927935e-08
0.0,0.0,203.5367578125,1.93075e-08
0.0,0.0,203.5365078125,1.931205e-08
0.0,0.0,203.5362578125,1.931355e-08
0.0,0.0,203.5360078125,1.92171e-08
0.0,0.0,203.5357578125,1.942845e-08
0.0,0.0,203.5355078125,1.92483e-08
0.0,0.0,203.5352578125,1.92268e-08
0.0,0.0,203.5350078125,1.945125e-08
0.0,0.0,203.5347578125,1.93392e-08
0.0,0.0,203.5345078125,1.93296e-08
0.0,0.0,203.5342578125,1.95011e-08
0.0,0.0,203.5340078125,1.9545766666666668e-08
0.0,0.0,203.5337578125,1.9575e-08
0.0,0.0,203.5335078125,1.9600400000000002e-08
0.0,0.0,203.5332578125,1.93928e-08
0.0,0.0,203.5330078125,1.9672050000000002e-08
0.0,0.0,203.5327578125,1.96173e-08
0.0,0.0,203.5325078125,1.98914e-08
0.0,0.0,203.5322578125,1.971575e-08
0.0,0.0,203.5320078125,1.976e-08
0.0,0.0,203.5317578125,1.97814e-08
0.0,0.0,203.5315078125,1.97715e-08
0.0,0.0,203.5312578125,1.9718800000000002e-08
0.0,0.0,203.5310078125,1.98491e-08
0.0,0.0,203.5307578125,1.99725e-08
0.0,0.0,203.5305078125,1.99738e-08
0.0,0.0,203.5302578125,1.993885e-08
0.0,0.0,203.5300078125,1.9845866666666673e-08
0.0,0.0,203.5297578125,1.99924e-08
0.0,0.0,203.5295078125,1.992635e-08
0.0,0.0,203.5292578125,1.99141e-08
0.0,0.0,203.5290078125,1.992545e-08
0.0,0.0,203.5287578125,2.0101e-08
0.0,0.0,203.5285078125,1.99151e-08
0.0,0.0,203.5282578125,1.99985e-08
0.0,0.0,203.5280078125,1.997275e-08
0.0,0.0,203.5277578125,2.009905e-08
0.0,0.0,203.5275078125,2.005095e-08
0.0,0.0,203.5272578125,2.01283e-08
0.0,0.0,203.5270078125,2.015705e-08
0.0,0.0,203.5267578125,2.01507e-08
0.0,0.0,203.5265078125,2.01597e-08
0.0,0.0,203.5262578125,2.02765e-08
0.0,0.0,203.5260078125,2.02877e-08
0.0,0.0,203.5257578125,2.021975e-08
0.0,0.0,203.5255078125,2.03574e-08
0.0,0.0,203.5252578125,2.035415e-08
0.0,0.0,203.5250078125,2.022495e-08
0.0,0.0,203.5247578125,2.03875e-08
0.0,0.0,203.5245078125,2.04288e-08
0.0,0.0,203.5242578125,2.034485e-08
0.0,0.0,203.5240078125,2.03561e-08
0.0,0.0,203.5237578125,2.05015e-08
0.0,0.0,203.5235078125,2.04783e-08
0.0,0.0,203.5232578125,2.04943e-08
0.0,0.0,203.5230078125,2.04637e-08
0.0,0.0,203.5227578125,2.057775e-08
0.0,0.0,203.5225078125,2.0691650000000002e-08
0.0,0.0,203.5222578125,2.06364e-08
0.0,0.0,203.5220078125,2.06527e-08
0.0,0.0,203.5217578125,2.063935e-08
0.0,0.0,203.5215078125,2.06182e-08
0.0,0.0,203.5212578125,2.0742250000000002e-08
0.0,0.0,203.5210078125,2.09113e-08
0.0,0.0,203.5207578125,2.07401e-08
0.0,0.0,203.5205078125,2.07534e-08
0.0,0.0,203.5202578125,2.081295e-08
0.0,0.0,203.5200078125,2.09113e-08
0.0,0.0,203.5197578125,2.09386e-08
0.0,0.0,203.5195078125,2.09013e-08
0.0,0.0,203.5192578125,2.099165e-08
0.0,0.0,203.5190078125,2.09932e-08
0.0,0.0,203.5187578125,2.101385e-08
0.0,0.0,203.5185078125,2.116415e-08
0.0,0.0,203.5182578125,2.09996e-08
0.0,0.0,203.5180078125,2.108295e-08
0.0,0.0,203.5177578125,2.11296e-08
0.0,0.0,203.5175078125,2.1087850000000002e-08
0.0,0.0,203.5172578125,2.106585e-08
0.0,0.0,203.5170078125,2.100865e-08
0.0,0.0,203.5167578125,2.09671e-08
0.0,0.0,203.5165078125,2.09879e-08
0.0,0.0,203.5162578125,2.10632e-08
0.0,0.0,203.5160078125,2.1089900000000003e-08
0.0,0.0,203.5157578125,2.10316e-08
0.0,0.0,203.5155078125,2.10037e-08
0.0,0.0,203.5152578125,2.0988e-08
0.0,0.0,203.5150078125,2.12695e-08
0.0,0.0,203.5147578125,2.14237e-08
0.0,0.0,203.5145078125,2.117845e-08
0.0,0.0,203.5142578125,2.12554e-08
0.0,0.0,203.5140078125,2.1320800000000002e-08
0.0,0.0,203.5137578125,2.128355e-08
0.0,0.0,203.5135078125,2.1318e-08
0.0,0.0,203.5132578125,2.13135e-08
0.0,0.0,203.5130078125,2.125285e-08
0.0,0.0,203.5127578125,2.11425e-08
0.0,0.0,203.5125078125,2.12699e-08
0.0,0.0,203.5122578125,2.140295e-08
0.0,0.0,203.5120078125,2.124445e-08
0.0,0.0,203.5117578125,2.138125e-08
0.0,0.0,203.5115078125,2.1476550000000003e-08
0.0,0.0,203.5112578125,2.148285e-08
0.0,0.0,203.5110078125,2.1410500000000002e-08
0.0,0.0,203.5107578125,2.15546e-08
0.0,0.0,203.5105078125,2.15705e-08
0.0,0.0,203.5102578125,2.150845e-08
0.0,0.0,203.5100078125,2.165625e-08
0.0,0.0,203.5097578125,2.16506e-08
0.0,0.0,203.5095078125,2.162535e-08
0.0,0.0,203.5092578125,2.169515e-08
0.0,0.0,203.5090078125,2.180535e-08
0.0,0.0,203.5087578125,2.16453e-08
0.0,0.0,203.5085078125,2.163975e-08
0.0,0.0,203.5082578125,2.163745e-08
0.0,0.0,203.5080078125,2.1728750000000002e-08
0.0,0.0,203.5077578125,2.1552e-08
0.0,0.0,203.5075078125,2.169275e-08
0.0,0.0,203.5072578125,2.164635e-08
0.0,0.0,203.5070078125,2.16941e-08
0.0,0.0,203.5067578125,2.15312e-08
0.0,0.0,203.5065078125,2.155645e-08
0.0,0.0,203.5062578125,2.154315e-08
0.0,0.0,203.5060078125,2.15891e-08
0.0,0.0,203.5057578125,2.14388e-08
0.0,0.0,203.5055078125,2.1460250000000002e-08
0.0,0.0,203.5052578125,2.151825e-08
0.0,0.0,203.5050078125,2.153525e-08
0.0,0.0,203.5047578125,2.128105e-08
0.0,0.0,203.5045078125,2.127375e-08
0.0,0.0,203.5042578125,2.12859e-08
0.0,0.0,203.5040078125,2.114775e-08
0.0,0.0,203.5037578125,2.1169e-08
0.0,0.0,203.5035078125,2.10518e-08
0.0,0.0,203.5032578125,2.10749e-08
0.0,0.0,203.5030078125,2.112195e-08
0.0,0.0,203.5027578125,2.094935e-08
0.0,0.0,203.5025078125,2.10563e-08
0.0,0.0,203.5022578125,2.10194e-08
0.0,0.0,203.5020078125,2.09427e-08
0.0,0.0,203.5017578125,2.083205e-08
0.0,0.0,203.5015078125,2.0849700000000002e-08
0.0,0.0,203.5012578125,2.097135e-08
0.0,0.0,203.5010078125,2.09152e-08
0.0,0.0,203.5007578125,2.096185e-08
0.0,0.0,203.5005078125,2.08391e-08
0.0,0.0,203.5002578125,2.096135e-08
0.0,0.0,203.5000078125,2.09822e-08
0.0,0.0,203.4997578125,2.110525e-08
0.0,0.0,203.4995078125,2.111065e-08
0.0,0.0,203.4992578125,2.119075e-08
0.0,0.0,203.4990078125,2.12405e-08
0.0,0.0,203.4987578125,2.119135e-08
0.0,0.0,203.4985078125,2.12253e-08
0.0,0.0,203.4982578125,2.13693e-08
0.0,0.0,203.4980078125,2.14861e-08
0.0,0.0,203.4977578125,2.145035e-08
0.0,0.0,203.4975078125,2.151305e-08
0.0,0.0,203.4972578125,2.15726e-08
0.0,0.0,203.4970078125,2.1697600000000002e-08
0.0,0.0,203.4967578125,2.15993e-08
0.0,0.0,203.4965078125,2.16605e-08
0.0,0.0,203.4962578125,2.1728200000000002e-08
0.0,0.0,203.4960078125,2.18984e-08
0.0,0.0,203.4957578125,2.19699e-08
0.0,0.0,203.4955078125,2.20083e-08
0.0,0.0,203.4952578125,2.20633e-08
0.0,0.0,203.4950078125,2.20419e-08
0.0,0.0,203.4947578125,2.21497e-08
0.0,0.0,203.4945078125,2.20906e-08
0.0,0.0,203.4942578125,2.2112100000000002e-08
0.0,0.0,203.4940078125,2.23084e-08
0.0,0.0,203.4937578125,2.231245e-08
0.0,0.0,203.4935078125,2.2251633333333328e-08
0.0,0.0,203.4932578125,2.212125e-08
0.0,0.0,203.4930078125,2.21618e-08
0.0,0.0,203.4927578125,2.212955e-08
0.0,0.0,203.4925078125,2.213165e-08
0.0,0.0,203.4922578125,2.210605e-08
0.0,0.0,203.4920078125,2.2109100000000002e-08
0.0,0.0,203.4917578125,2.2135900000000002e-08
0.0,0.0,203.4915078125,2.2065133333333328e-08
0.0,0.0,203.4912578125,2.21818e-08
0.0,0.0,203.4910078125,2.207375e-08
0.0,0.0,203.4907578125,2.189235e-08
0.0,0.0,203.4905078125,2.1981e-08
0.0,0.0,203.4902578125,2.19828e-08
0.0,0.0,203.4900078125,2.21625e-08
0.0,0.0,203.4897578125,2.197725e-08
0.0,0.0,203.4895078125,2.18962e-08
0.0,0.0,203.4892578125,2.186345e-08
0.0,0.0,203.4890078125,2.1893e-08
0.0,0.0,203.4887578125,2.18094e-08
0.0,0.0,203.4885078125,2.18273e-08
0.0,0.0,203.4882578125,2.1792900000000003e-08
0.0,0.0,203.4880078125,2.15205e-08
0.0,0.0,203.4877578125,2.1607900000000002e-08
0.0,0.0,203.4875078125,2.165665e-08
0.0,0.0,203.4872578125,2.17229e-08
0.0,0.0,203.4870078125,2.160945e-08
0.0,0.0,203.4867578125,2.15294e-08
0.0,0.0,203.4865078125,2.15173e-08
0.0,0.0,203.4862578125,2.159695e-08
0.0,0.0,203.4860078125,2.1549400000000002e-08
0.0,0.0,203.4857578125,2.13305e-08
0.0,0.0,203.4855078125,2.139525e-08
0.0,0.0,203.4852578125,2.136785e-08
0.0,0.0,203.4850078125,2.1227e-08
0.0,0.0,203.4847578125,2.125735e-08
0.0,0.0,203.4845078125,2.102875e-08
0.0,0.0,203.4842578125,2.107425e-08
0.0,0.0,203.4840078125,2.09928e-08
0.0,0.0,203.4837578125,2.085725e-08
0.0,0.0,203.4835078125,2.080935e-08
0.0,0.0,203.4832578125,2.06324e-08
0.0,0.0,203.4830078125,2.05348e-08
0.0,0.0,203.4827578125,2.059765e-08
0.0,0.0,203.4825078125,2.046375e-08
0.0,0.0,203.4822578125,2.03288e-08
0.0,0.0,203.4820078125,2.047685e-08
0.0,0.0,203.4817578125,2.019245e-08
0.0,0.0,203.4815078125,2.01031e-08
0.0,0.0,203.4812578125,1.9939e-08
0.0,0.0,203.4810078125,1.99321e-08
0.0,0.0,203.4807578125,1.994785e-08
0.0,0.0,203.4805078125,1.98777e-08
0.0,0.0,203.4802578125,1.962035e-08
0.0,0.0,203.4800078125,1.9581550000000002e-08
0.0,0.0,203.4797578125,1.94963e-08
0.0,0.0,203.4795078125,1.93743e-08
0.0,0.0,203.4792578125,1.93295e-08
0.0,0.0,203.4790078125,1.9049450000000002e-08
0.0,0.0,203.4787578125,1.9180150000000002e-08
0.0,0.0,203.4785078125,1.9133600000000006e-08
0.0,0.0,203.4782578125,1.8835100000000002e-08
0.0,0.0,203.4780078125,1.886075e-08
0.0,0.0,203.4777578125,1.88145e-08
0.0,0.0,203.4775078125,1.883135e-08
0.0,0.0,203.4772578125,1.88012e-08
0.0,0.0,203.4770078125,1.8761000000000002e-08
0.0,0.0,203.4767578125,1.8495e-08
0.0,0.0,203.4765078125,1.84096e-08
0.0,0.0,203.4762578125,1.85128e-08
0.0,0.0,203.4760078125,1.819683333333333e-08
0.0,0.0,203.4757578125,1.82717e-08
0.0,0.0,203.4755078125,1.82674e-08
0.0,0.0,203.4752578125,1.83422e-08
0.0,0.0,203.4750078125,1.82923e-08
0.0,0.0,203.4747578125,1.811985e-08
0.0,0.0,203.4745078125,1.809845e-08
0.0,0.0,203.4742578125,1.82542e-08
0.0,0.0,203.4740078125,1.82763e-08
0.0,0.0,203.4737578125,1.84432e-08
0.0,0.0,203.4735078125,1.83417e-08
0.0,0.0,203.4732578125,1.83015e-08
0.0,0.0,203.4730078125,1.84293e-08
0.0,0.0,203.4727578125,1.828955e-08
0.0,0.0,203.4725078125,1.830785e-08
0.0,0.0,203.4722578125,1.87334e-08
0.0,0.0,203.4720078125,1.833355e-08
0.0,0.0,203.4717578125,1.833325e-08
0.0,0.0,203.4715078125,1.84042e-08
0.0,0.0,203.4712578125,1.821745e-08
0.0,0.0,203.4710078125,1.83758e-08
0.0,0.0,203.4707578125,1.826795e-08
0.0,0.0,203.4705078125,1.83329e-08
0.0,0.0,203.4702578125,1.83753e-08
0.0,0.0,203.4700078125,1.82348e-08
0.0,0.0,203.4697578125,1.80741e-08
0.0,0.0,203.4695078125,1.81278e-08
0.0,0.0,203.4692578125,1.812395e-08
0.0,0.0,203.4690078125,1.828145e-08
0.0,0.0,203.4687578125,1.8175250000000006e-08
0.0,0.0,203.4685078125,1.80366e-08
0.0,0.0,203.4682578125,1.79593e-08
0.0,0.0,203.4680078125,1.804155e-08
0.0,0.0,203.4677578125,1.800755e-08
0.0,0.0,203.4675078125,1.78602e-08
0.0,0.0,203.4672578125,1.78882e-08
0.0,0.0,203.4670078125,1.778425e-08
0.0,0.0,203.4667578125,1.77794e-08
0.0,0.0,203.4665078125,1.77704e-08
0.0,0.0,203.4662578125,1.782825e-08
0.0,0.0,203.4660078125,1.7645950000000002e-08
0.0,0.0,203.4657578125,1.76381e-08
0.0,0.0,203.4655078125,1.75436e-08
0.0,0.0,203.4652578125,1.74957e-08
0.0,0.0,203.4650078125,1.747755e-08
0.0,0.0,203.4647578125,1.7384300000000002e-08
0.0,0.0,203.4645078125,1.738995e-08
0.0,0.0,203.4642578125,1.7477849999999998e-08
0.0,0.0,203.4640078125,1.7343849999999998e-08
0.0,0.0,203.4637578125,1.7357750000000002e-08
0.0,0.0,203.4635078125,1.73519e-08
0.0,0.0,203.4632578125,1.70629e-08
0.0,0.0,203.4630078125,1.6953300000000003e-08
0.0,0.0,203.4627578125,1.7171e-08
0.0,0.0,203.4625078125,1.708335e-08
0.0,0.0,203.4622578125,1.6802e-08
0.0,0.0,203.4620078125,1.6817849999999997e-08
0.0,0.0,203.4617578125,1.69363e-08
0.0,0.0,203.4615078125,1.6847e-08
0.0,0.0,203.4612578125,1.667315e-08
0.0,0.0,203.4610078125,1.666825e-08
0.0,0.0,203.4607578125,1.672405e-08
0.0,0.0,203.4605078125,1.651785e-08
0.0,0.0,203.4602578125,1.652255e-08
0.0,0.0,203.4600078125,1.660575e-08
0.0,0.0,203.4597578125,1.660685e-08
0.0,0.0,203.4595078125,1.68177e-08
0.0,0.0,203.4592578125,1.64115e-08
0.0,0.0,203.4590078125,1.6618100000000002e-08
0.0,0.0,203.4587578125,1.642445e-08
0.0,0.0,203.4585078125,1.65092e-08
0.0,0.0,203.4582578125,1.6438450000000006e-08
0.0,0.0,203.4580078125,1.6739099999999997e-08
0.0,0.0,203.4577578125,1.65865e-08
0.0,0.0,203.4575078125,1.66066e-08
0.0,0.0,203.4572578125,1.659115e-08
0.0,0.0,203.4570078125,1.624445e-08
0.0,0.0,203.4567578125,1.6388049999999997e-08
0.0,0.0,203.4565078125,1.65222e-08
0.0,0.0,203.4562578125,1.6574699999999998e-08
0.0,0.0,203.4560078125,1.6465500000000003e-08
0.0,0.0,203.4557578125,1.642995e-08
0.0,0.0,203.4555078125,1.6414499999999998e-08
0.0,0.0,203.4552578125,1.639165e-08
0.0,0.0,203.4550078125,1.64049e-08
0.0,0.0,203.4547578125,1.642445e-08
0.0,0.0,203.4545078125,1.64636e-08
0.0,0.0,203.4542578125,1.6501100000000002e-08
0.0,0.0,203.4540078125,1.65567e-08
0.0,0.0,203.4537578125,1.641815e-08
0.0,0.0,203.4535078125,1.64956e-08
0.0,0.0,203.4532578125,1.642235e-08
0.0,0.0,203.4530078125,1.640925e-08
0.0,0.0,203.4527578125,1.647035e-08
0.0,0.0,203.4525078125,1.6354750000000003e-08
0.0,0.0,203.4522578125,1.646815e-08
0.0,0.0,203.4520078125,1.646075e-08
0.0,0.0,203.4517578125,1.6315950000000006e-08
0.0,0.0,203.4515078125,1.63573e-08
0.0,0.0,203.4512578125,1.648665e-08
0.0,0.0,203.4510078125,1.6430699999999997e-08
0.0,0.0,203.4507578125,1.6504e-08
0.0,0.0,203.4505078125,1.65936e-08
0.0,0.0,203.4502578125,1.6447049999999998e-08
0.0,0.0,203.4500078125,1.64539e-08
0.0,0.0,203.4497578125,1.62688e-08
0.0,0.0,203.4495078125,1.63261e-08
0.0,0.0,203.4492578125,1.649335e-08
0.0,0.0,203.4490078125,1.665625e-08
0.0,0.0,203.4487578125,1.65051e-08
0.0,0.0,203.4485078125,1.648665e-08
0.0,0.0,203.4482578125,1.6485e-08
0.0,0.0,203.4480078125,1.6407350000000002e-08
0.0,0.0,203.4477578125,1.62446e-08
0.0,0.0,203.4475078125,1.62921e-08
0.0,0.0,203.4472578125,1.630605e-08
0.0,0.0,203.4470078125,1.6313299999999998e-08
0.0,0.0,203.4467578125,1.6209149999999995e-08
0.0,0.0,203.4465078125,1.6198499999999998e-08
0.0,0.0,203.4462578125,1.60816e-08
0.0,0.0,203.4460078125,1.6412766666666666e-08
0.0,0.0,203.4457578125,1.64969e-08
0.0,0.0,203.4455078125,1.6292e-08
0.0,0.0,203.4452578125,1.6467450000000002e-08
0.0,0.0,203.4450078125,1.651295e-08
0.0,0.0,203.4447578125,1.6391249999999995e-08
0.0,0.0,203.4445078125,1.60453e-08
0.0,0.0,203.4442578125,1.628095e-08
0.0,0.0,203.4440078125,1.623355e-08
0.0,0.0,203.4437578125,1.6279350000000002e-08
0.0,0.0,203.4435078125,1.6259900000000006e-08
0.0,0.0,203.4432578125,1.63134e-08
0.0,0.0,203.4430078125,1.646525e-08
0.0,0.0,203.4427578125,1.64868e-08
0.0,0.0,203.4425078125,1.6445900000000002e-08
0.0,0.0,203.4422578125,1.62682e-08
0.0,0.0,203.4420078125,1.64983e-08
0.0,0.0,203.4417578125,1.62603e-08
0.0,0.0,203.4415078125,1.60876e-08
0.0,0.0,203.4412578125,1.6160050000000003e-08
0.0,0.0,203.4410078125,1.60427e-08
0.0,0.0,203.4407578125,1.62901e-08
0.0,0.0,203.4405078125,1.607895e-08
0.0,0.0,203.4402578125,1.6295500000000002e-08
0.0,0.0,203.4400078125,1.60833e-08
0.0,0.0,203.4397578125,1.63167e-08
0.0,0.0,203.4395078125,1.624355e-08
0.0,0.0,203.4392578125,1.625605e-08
0.0,0.0,203.4390078125,1.6310349999999998e-08
0.0,0.0,203.4387578125,1.63519e-08
0.0,0.0,203.4385078125,1.6319049999999998e-08
0.0,0.0,203.4382578125,1.631945e-08
0.0,0.0,203.4380078125,1.636035e-08
0.0,0.0,203.4377578125,1.643945e-08
0.0,0.0,203.4375078125,1.662315e-08
0.0,0.0,203.4372578125,1.664535e-08
0.0,0.0,203.4370078125,1.66656e-08
0.0,0.0,203.4367578125,1.66553e-08
0.0,0.0,203.4365078125,1.6712499999999998e-08
0.0,0.0,203.4362578125,1.67573e-08
0.0,0.0,203.4360078125,1.6627650000000003e-08
0.0,0.0,203.4357578125,1.65553e-08
0.0,0.0,203.4355078125,1.681595e-08
0.0,0.0,203.4352578125,1.68951e-08
0.0,0.0,203.4350078125,1.66882e-08
0.0,0.0,203.4347578125,1.683485e-08
0.0,0.0,203.4345078125,1.690885e-08
0.0,0.0,203.4342578125,1.70738e-08
0.0,0.0,203.4340078125,1.70471e-08
0.0,0.0,203.4337578125,1.70459e-08
0.0,0.0,203.4335078125,1.712605e-08
0.0,0.0,203.4332578125,1.6940700000000003e-08
0.0,0.0,203.4330078125,1.69289e-08
0.0,0.0,203.4327578125,1.7157050000000002e-08
0.0,0.0,203.4325078125,1.7234299999999997e-08
0.0,0.0,203.4322578125,1.7341399999999998e-08
0.0,0.0,203.4320078125,1.75147e-08
0.0,0.0,203.4317578125,1.74315e-08
0.0,0.0,203.4315078125,1.74968e-08
0.0,0.0,203.4312578125,1.74279e-08
0.0,0.0,203.4310078125,1.75304e-08
0.0,0.0,203.4307578125,1.74082e-08
0.0,0.0,203.4305078125,1.7914749999999998e-08
0.0,0.0,203.4302578125,1.74924e-08
0.0,0.0,203.4300078125,1.768255e-08
0.0,0.0,203.4297578125,1.77079e-08
0.0,0.0,203.4295078125,1.7802649999999998e-08
0.0,0.0,203.4292578125,1.8185700000000002e-08
0.0,0.0,203.4290078125,1.804815e-08
0.0,0.0,203.4287578125,1.77848e-08
0.0,0.0,203.4285078125,1.772615e-08
0.0,0.0,203.4282578125,1.78927e-08
0.0,0.0,203.4280078125,1.79197e-08
0.0,0.0,203.4277578125,1.8085e-08
0.0,0.0,203.4275078125,1.7932849999999998e-08
0.0,0.0,203.4272578125,1.801765e-08
0.0,0.0,203.4270078125,1.790705e-08
0.0,0.0,203.4267578125,1.80919e-08
0.0,0.0,203.4265078125,1.800055e-08
0.0,0.0,203.4262578125,1.803725e-08
0.0,0.0,203.4260078125,1.79936e-08
0.0,0.0,203.4257578125,1.804355e-08
0.0,0.0,203.4255078125,1.80186e-08
0.0,0.0,203.4252578125,1.80441e-08
0.0,0.0,203.4250078125,1.81884e-08
0.0,0.0,203.4247578125,1.825095e-08
0.0,0.0,203.4245078125,1.84303e-08
0.0,0.0,203.4242578125,1.830785e-08
0.0,0.0,203.4240078125,1.8178800000000006e-08
0.0,0.0,203.4237578125,1.82152e-08
0.0,0.0,203.4235078125,1.8153566666666664e-08
0.0,0.0,203.4232578125,1.8428500000000002e-08
0.0,0.0,203.4230078125,1.827815e-08
0.0,0.0,203.4227578125,1.84106e-08
0.0,0.0,203.4225078125,1.84185e-08
0.0,0.0,203.4222578125,1.85738e-08
0.0,0.0,203.4220078125,1.84711e-08
0.0,0.0,203.4217578125,1.830295e-08
0.0,0.0,203.4215078125,1.844335e-08
0.0,0.0,203.4212578125,1.8612e-08
0.0,0.0,203.4210078125,1.853115e-08
0.0,0.0,203.4207578125,1.852755e-08
0.0,0.0,203.4205078125,1.866795e-08
0.0,0.0,203.4202578125,1.89266e-08
0.0,0.0,203.4200078125,1.87113e-08
0.0,0.0,203.4197578125,1.8812400000000002e-08
0.0,0.0,203.4195078125,1.882925e-08
0.0,0.0,203.4192578125,1.872335e-08
0.0,0.0,203.4190078125,1.872315e-08
0.0,0.0,203.4187578125,1.883065e-08
0.0,0.0,203.4185078125,1.86784e-08
0.0,0.0,203.4182578125,1.913135e-08
0.0,0.0,203.4180078125,1.87933e-08
0.0,0.0,203.4177578125,1.875905e-08
0.0,0.0,203.4175078125,1.88255e-08
0.0,0.0,203.4172578125,1.90006e-08
0.0,0.0,203.4170078125,1.90189e-08
0.0,0.0,203.4167578125,1.90041e-08
0.0,0.0,203.4165078125,1.89821e-08
0.0,0.0,203.4162578125,1.906345e-08
0.0,0.0,203.4160078125,1.92145e-08
0.0,0.0,203.4157578125,1.92189e-08
0.0,0.0,203.4155078125,1.932305e-08
0.0,0.0,203.4152578125,1.92126e-08
0.0,0.0,203.4150078125,1.91875e-08
0.0,0.0,203.4147578125,1.917325e-08
0.0,0.0,203.4145078125,1.916405e-08
0.0,0.0,203.4142578125,1.930095e-08
0.0,0.0,203.4140078125,1.94557e-08
0.0,0.0,203.4137578125,1.95413e-08
0.0,0.0,203.4135078125,1.940665e-08
0.0,0.0,203.4132578125,1.965195e-08
0.0,0.0,203.4130078125,1.94941e-08
0.0,0.0,203.4127578125,1.96248e-08
0.0,0.0,203.4125078125,1.96326e-08
0.0,0.0,203.4122578125,1.9742800000000006e-08
0.0,0.0,203.4120078125,1.95842e-08
0.0,0.0,203.4117578125,1.96877e-08
0.0,0.0,203.4115078125,1.982905e-08
0.0,0.0,203.4112578125,1.960015e-08
0.0,0.0,203.4110078125,1.9509350000000002e-08
0.0,0.0,203.4107578125,1.972285e-08
0.0,0.0,203.4105078125,1.970315e-08
0.0,0.0,203.4102578125,1.968895e-08
0.0,0.0,203.4100078125,1.97287e-08
0.0,0.0,203.4097578125,1.9847050000000002e-08
0.0,0.0,203.4095078125,1.982465e-08
0.0,0.0,203.4092578125,1.97758e-08
0.0,0.0,203.4090078125,1.98178e-08
0.0,0.0,203.4087578125,1.997925e-08
0.0,0.0,203.4085078125,2.026185e-08
0.0,0.0,203.4082578125,2.00746e-08
0.0,0.0,203.4080078125,2.008715e-08
0.0,0.0,203.4077578125,2.020295e-08
0.0,0.0,203.4075078125,2.020865e-08
0.0,0.0,203.4072578125,2.0393900000000002e-08
0.0,0.0,203.4070078125,2.019715e-08
0.0,0.0,203.4067578125,2.02302e-08
0.0,0.0,203.4065078125,2.0381e-08
0.0,0.0,203.4062578125,2.014395e-08
0.0,0.0,203.4060078125,2.02693e-08
0.0,0.0,203.4057578125,2.04583e-08
0.0,0.0,203.4055078125,2.04952e-08
0.0,0.0,203.4052578125,2.047885e-08
0.0,0.0,203.4050078125,2.05395e-08
0.0,0.0,203.4047578125,2.048205e-08
0.0,0.0,203.4045078125,2.042875e-08
0.0,0.0,203.4042578125,2.0349600000000002e-08
0.0,0.0,203.4040078125,2.081555e-08
0.0,0.0,203.4037578125,2.0493350000000006e-08
0.0,0.0,203.4035078125,2.05001e-08
0.0,0.0,203.4032578125,2.06383e-08
0.0,0.0,203.4030078125,2.056275e-08
0.0,0.0,203.4027578125,2.053365e-08
0.0,0.0,203.4025078125,2.05981e-08
0.0,0.0,203.4022578125,2.07547e-08
0.0,0.0,203.4020078125,2.066005e-08
0.0,0.0,203.4017578125,2.07114e-08
0.0,0.0,203.4015078125,2.083535e-08
0.0,0.0,203.4012578125,2.07433e-08
0.0,0.0,203.4010078125,2.0564950000000003e-08
0.0,0.0,203.4007578125,2.068735e-08
0.0,0.0,203.4005078125,2.062285e-08
0.0,0.0,203.4002578125,2.09889e-08
0.0,0.0,203.4000078125,2.07716e-08
0.0,0.0,203.3997578125,2.086715e-08
0.0,0.0,203.3995078125,2.10361e-08
0.0,0.0,203.3992578125,2.091885e-08
0.0,0.0,203.3990078125,2.145575e-08
0.0,0.0,203.3987578125,2.10997e-08
0.0,0.0,203.3985078125,2.10742e-08
0.0,0.0,203.3982578125,2.12557e-08
0.0,0.0,203.3980078125,2.1337150000000006e-08
0.0,0.0,203.3977578125,2.11256e-08
0.0,0.0,203.3975078125,2.123955e-08
0.0,0.0,203.3972578125,2.13227e-08
0.0,0.0,203.3970078125,2.14688e-08
0.0,0.0,203.3967578125,2.14678e-08
0.0,0.0,203.3965078125,2.128095e-08
0.0,0.0,203.3962578125,2.17564e-08
0.0,0.0,203.3960078125,2.180965e-08
0.0,0.0,203.3957578125,2.1709350000000002e-08
0.0,0.0,203.3955078125,2.16918e-08
0.0,0.0,203.3952578125,2.1714000000000002e-08
0.0,0.0,203.3950078125,2.1816e-08
0.0,0.0,203.3947578125,2.1916050000000002e-08
0.0,0.0,203.3945078125,2.19104e-08
0.0,0.0,203.3942578125,2.1853100000000006e-08
0.0,0.0,203.3940078125,2.192165e-08
0.0,0.0,203.3937578125,2.197955e-08
0.0,0.0,203.3935078125,2.19752e-08
0.0,0.0,203.3932578125,2.21047e-08
0.0,0.0,203.3930078125,2.2126850000000002e-08
0.0,0.0,203.3927578125,2.232375e-08
0.0,0.0,203.3925078125,2.2213000000000002e-08
0.0,0.0,203.3922578125,2.23773e-08
0.0,0.0,203.3920078125,2.253785e-08
0.0,0.0,203.3917578125,2.262235e-08
0.0,0.0,203.3915078125,2.260575e-08
0.0,0.0,203.3912578125,2.2692300000000002e-08
0.0,0.0,203.3910078125,2.28729e-08
0.0,0.0,203.3907578125,2.312195e-08
0.0,0.0,203.3905078125,2.300775e-08
0.0,0.0,203.3902578125,2.32126e-08
0.0,0.0,203.3900078125,2.320985e-08
0.0,0.0,203.3897578125,2.3200000000000006e-08
0.0,0.0,203.3895078125,2.35209e-08
0.0,0.0,203.3892578125,2.34803e-08
0.0,0.0,203.3890078125,2.345345e-08
0.0,0.0,203.3887578125,2.35015e-08
0.0,0.0,203.3885078125,2.37435e-08
0.0,0.0,203.3882578125,2.3909e-08
0.0,0.0,203.3880078125,2.378815e-08
0.0,0.0,203.3877578125,2.398185e-08
0.0,0.0,203.3875078125,2.40447e-08
0.0,0.0,203.3872578125,2.438365e-08
0.0,0.0,203.3870078125,2.430595e-08
0.0,0.0,203.3867578125,2.43225e-08
0.0,0.0,203.3865078125,2.4391100000000002e-08
0.0,0.0,203.3862578125,2.47475e-08
0.0,0.0,203.3860078125,2.48708e-08
0.0,0.0,203.3857578125,2.480485e-08
0.0,0.0,203.3855078125,2.5027100000000002e-08
0.0,0.0,203.3852578125,2.49959e-08
0.0,0.0,203.3850078125,2.5101450000000002e-08
0.0,0.0,203.3847578125,2.517595e-08
0.0,0.0,203.3845078125,2.53455e-08
0.0,0.0,203.3842578125,2.52727e-08
0.0,0.0,203.3840078125,2.545815e-08
0.0,0.0,203.3837578125,2.54875e-08
0.0,0.0,203.3835078125,2.532465e-08
0.0,0.0,203.3832578125,2.550435e-08
0.0,0.0,203.3830078125,2.529475e-08
0.0,0.0,203.3827578125,2.53356e-08
0.0,0.0,203.3825078125,2.51514e-08
0.0,0.0,203.3822578125,2.5198250000000002e-08
0.0,0.0,203.3820078125,2.49071e-08
0.0,0.0,203.3817578125,2.435225e-08
0.0,0.0,203.3815078125,2.43652e-08
0.0,0.0,203.3812578125,2.41835e-08
0.0,0.0,203.3810078125,2.3968400000000002e-08
0.0,0.0,203.3807578125,2.371845e-08
0.0,0.0,203.3805078125,2.33465e-08
0.0,0.0,203.3802578125,2.33289e-08
0.0,0.0,203.3800078125,2.257205e-08
0.0,0.0,203.3797578125,2.222545e-08
0.0,0.0,203.3795078125,2.18476e-08
0.0,0.0,203.3792578125,2.135185e-08
0.0,0.0,203.3790078125,2.0822066666666665e-08
0.0,0.0,203.3787578125,1.99486e-08
0.0,0.0,203.3785078125,1.91701e-08
0.0,0.0,203.3782578125,1.87649e-08
0.0,0.0,203.3780078125,1.83539e-08
0.0,0.0,203.3777578125,1.75452e-08
0.0,0.0,203.3775078125,1.69741e-08
0.0,0.0,203.3772578125,1.64171e-08
0.0,0.0,203.3770078125,1.5697700000000003e-08
0.0,0.0,203.3767578125,1.5050300000000002e-08
0.0,0.0,203.3765078125,1.39957e-08
0.0,0.0,203.3762578125,1.3130800000000001e-08
0.0,0.0,203.3760078125,1.24931e-08
0.0,0.0,203.3757578125,1.1528599999999998e-08
0.0,0.0,203.3755078125,1.11105e-08
0.0,0.0,203.3752578125,1.0422e-08
0.0,0.0,203.3750078125,9.602399999999999e-09
0.0,0.0,203.3747578125,8.98384e-09
0.0,0.0,203.3745078125,7.875179999999999e-09
0.0,0.0,203.3742578125,7.3064049999999994e-09
0.0,0.0,203.3740078125,6.648774999999999e-09
0.0,0.0,203.3737578125,5.9614e-09
0.0,0.0,203.3735078125,4.6696650000000005e-09
0.0,0.0,203.3732578125,4.187185e-09
5.0,0.0,203.7662578125,-4.3745399999999996e-10
5.0,0.0,203.7660078125,-4.922399999999998e-10
5.0,0.0,203.7657578125,-4.1703049999999996e-10
5.0,0.0,203.7655078125,-5.20235e-10
5.0,0.0,203.7652578125,-3.972555e-10
5.0,0.0,203.7650078125,-3.7683e-10
5.0,0.0,203.7647578125,-3.243565e-10
5.0,0.0,203.7645078125,-1.5314699999999998e-10
5.0,0.0,203.7642578125,1.24264e-11
5.0,0.0,203.7640078125,1.0756095e-10
5.0,0.0,203.7637578125,3.6210499999999996e-10
5.0,0.0,203.7635078125,5.45579e-10
5.0,0.0,203.7632578125,7.090174999999999e-10
5.0,0.0,203.7630078125,1.0269546666666662e-09
5.0,0.0,203.7627578125,1.2247199999999997e-09
5.0,0.0,203.7625078125,1.4852599999999999e-09
5.0,0.0,203.7622578125,1.8985299999999996e-09
5.0,0.0,203.7620078125,2.3257e-09
5.0,0.0,203.7617578125,2.6893399999999997e-09
5.0,0.0,203.7615078125,3.1544799999999996e-09
5.0,0.0,203.7612578125,3.3216199999999995e-09
5.0,0.0,203.7610078125,3.874606666666667e-09
5.0,0.0,203.7607578125,4.4793099999999995e-09
5.0,0.0,203.7605078125,4.3842100000000005e-09
5.0,0.0,203.7602578125,4.481794999999999e-09
5.0,0.0,203.7600078125,4.598609999999999e-09
5.0,0.0,203.7597578125,4.7061199999999995e-09
5.0,0.0,203.7595078125,4.684259999999999e-09
5.0,0.0,203.7592578125,4.556045e-09
5.0,0.0,203.7590078125,4.380899999999999e-09
5.0,0.0,203.7587578125,4.155379999999999e-09
5.0,0.0,203.7585078125,5.01923e-09
5.0,0.0,203.7582578125,6.2473300000000014e-09
5.0,0.0,203.7580078125,6.645764999999999e-09
5.0,0.0,203.7577578125,6.99728e-09
5.0,0.0,203.7575078125,7.469779999999998e-09
5.0,0.0,203.7572578125,7.779354999999999e-09
5.0,0.0,203.7570078125,8.119064999999999e-09
5.0,0.0,203.7567578125,8.42127e-09
5.0,0.0,203.7565078125,8.770819999999998e-09
5.0,0.0,203.7562578125,9.022545e-09
5.0,0.0,203.7560078125,9.36404333333333e-09
5.0,0.0,203.7557578125,9.49327e-09
5.0,0.0,203.7555078125,9.81549e-09
5.0,0.0,203.7552578125,1.4227599999999998e-08
5.0,0.0,203.7550078125,1.62999e-08
5.0,0.0,203.7547578125,1.7044499999999998e-08
5.0,0.0,203.7545078125,1.77641e-08
5.0,0.0,203.7542578125,1.848335e-08
5.0,0.0,203.7540078125,1.936605e-08
5.0,0.0,203.7537578125,1.992645e-08
5.0,0.0,203.7535078125,2.11586e-08
5.0,0.0,203.7532578125,2.193415e-08
5.0,0.0,203.7530078125,2.27784e-08
5.0,0.0,203.7527578125,2.3360550000000002e-08
5.0,0.0,203.7525078125,2.41654e-08
5.0,0.0,203.7522578125,2.448645e-08
5.0,0.0,203.7520078125,2.499745e-08
5.0,0.0,203.7517578125,2.5621800000000002e-08
5.0,0.0,203.7515078125,2.620715e-08
5.0,0.0,203.7512578125,2.6319850000000002e-08
5.0,0.0,203.7510078125,2.668e-08
5.0,0.0,203.7507578125,2.68579e-08
5.0,0.0,203.7505078125,2.6942e-08
5.0,0.0,203.7502578125,2.715485e-08
5.0,0.0,203.7500078125,2.73096e-08
5.0,0.0,203.7497578125,2.7476700000000002e-08
5.0,0.0,203.7495078125,2.758935e-08
5.0,0.0,203.7492578125,2.76032e-08
5.0,0.0,203.7490078125,2.7652750000000006e-08
5.0,0.0,203.7487578125,2.77677e-08
5.0,0.0,203.7485078125,2.780225e-08
5.0,0.0,203.7482578125,2.783305e-08
5.0,0.0,203.7480078125,2.801585e-08
5.0,0.0,203.7477578125,2.79805e-08
5.0,0.0,203.7475078125,2.809525e-08
5.0,0.0,203.7472578125,2.80768e-08
5.0,0.0,203.7470078125,2.802345e-08
5.0,0.0,203.7467578125,2.79282e-08
5.0,0.0,203.7465078125,2.80056e-08
5.0,0.0,203.7462578125,2.770265e-08
5.0,0.0,203.7460078125,2.766855e-08
5.0,0.0,203.7457578125,2.7506e-08
5.0,0.0,203.7455078125,2.7573450000000006e-08
5.0,0.0,203.7452578125,2.7425e-08
5.0,0.0,203.7450078125,2.736935e-08
5.0,0.0,203.7447578125,2.74183e-08
5.0,0.0,203.7445078125,2.735405e-08
5.0,0.0,203.7442578125,2.72746e-08
5.0,0.0,203.7440078125,2.7317050000000002e-08
5.0,0.0,203.7437578125,2.71581e-08
5.0,0.0,203.7435078125,2.71196e-08
5.0,0.0,203.7432578125,2.713715e-08
5.0,0.0,203.7430078125,2.7105400000000002e-08
5.0,0.0,203.7427578125,2.70497e-08
5.0,0.0,203.7425078125,2.7084350000000002e-08
5.0,0.0,203.7422578125,2.691725e-08
5.0,0.0,203.7420078125,2.69951e-08
5.0,0.0,203.7417578125,2.69992e-08
5.0,0.0,203.7415078125,2.6935900000000002e-08
5.0,0.0,203.7412578125,2.69469e-08
5.0,0.0,203.7410078125,2.68806e-08
5.0,0.0,203.7407578125,2.67354e-08
5.0,0.0,203.7405078125,2.6721166666666663e-08
5.0,0.0,203.7402578125,2.659915e-08
5.0,0.0,203.7400078125,2.64944e-08
5.0,0.0,203.7397578125,2.64752e-08
5.0,0.0,203.7395078125,2.642175e-08
5.0,0.0,203.7392578125,2.64462e-08
5.0,0.0,203.7390078125,2.630875e-08
5.0,0.0,203.7387578125,2.62939e-08
5.0,0.0,203.7385078125,2.62587e-08
5.0,0.0,203.7382578125,2.62459e-08
5.0,0.0,203.7380078125,2.6205333333333328e-08
5.0,0.0,203.7377578125,2.60859e-08
5.0,0.0,203.7375078125,2.6061450000000002e-08
5.0,0.0,203.7372578125,2.591525e-08
5.0,0.0,203.7370078125,2.58929e-08
5.0,0.0,203.7367578125,2.5942800000000002e-08
5.0,0.0,203.7365078125,2.587275e-08
5.0,0.0,203.7362578125,2.5770550000000002e-08
5.0,0.0,203.7360078125,2.57614e-08
5.0,0.0,203.7357578125,2.582980000000001e-08
5.0,0.0,203.7355078125,2.5882650000000002e-08
5.0,0.0,203.7352578125,2.58907e-08
5.0,0.0,203.7350078125,2.59636e-08
5.0,0.0,203.7347578125,2.5996e-08
5.0,0.0,203.7345078125,2.5808550000000002e-08
5.0,0.0,203.7342578125,2.585525e-08
5.0,0.0,203.7340078125,2.56893e-08
5.0,0.0,203.7337578125,2.5551800000000002e-08
5.0,0.0,203.7335078125,2.537195e-08
5.0,0.0,203.7332578125,2.534995e-08
5.0,0.0,203.7330078125,2.5302450000000002e-08
5.0,0.0,203.7327578125,2.52044e-08
5.0,0.0,203.7325078125,2.5080700000000002e-08
5.0,0.0,203.7322578125,2.5045e-08
5.0,0.0,203.7320078125,2.497825e-08
5.0,0.0,203.7317578125,2.48699e-08
5.0,0.0,203.7315078125,2.49009e-08
5.0,0.0,203.7312578125,2.47852e-08
5.0,0.0,203.7310078125,2.47822e-08
5.0,0.0,203.7307578125,2.473635e-08
5.0,0.0,203.7305078125,2.48624e-08
5.0,0.0,203.7302578125,2.48176e-08
5.0,0.0,203.7300078125,2.49163e-08
5.0,0.0,203.7297578125,2.4776e-08
5.0,0.0,203.7295078125,2.485255e-08
5.0,0.0,203.7292578125,2.47906e-08
5.0,0.0,203.7290078125,2.4788400000000002e-08
5.0,0.0,203.7287578125,2.474845e-08
5.0,0.0,203.7285078125,2.48773e-08
5.0,0.0,203.7282578125,2.475865e-08
5.0,0.0,203.7280078125,2.47365e-08
5.0,0.0,203.7277578125,2.48166e-08
5.0,0.0,203.7275078125,2.4844450000000002e-08
5.0,0.0,203.7272578125,2.484185e-08
5.0,0.0,203.7270078125,2.481415e-08
5.0,0.0,203.7267578125,2.4766250000000002e-08
5.0,0.0,203.7265078125,2.4854850000000002e-08
5.0,0.0,203.7262578125,2.47548e-08
5.0,0.0,203.7260078125,2.48302e-08
5.0,0.0,203.7257578125,2.47613e-08
5.0,0.0,203.7255078125,2.476155e-08
5.0,0.0,203.7252578125,2.475685e-08
5.0,0.0,203.7250078125,2.48056e-08
5.0,0.0,203.7247578125,2.47732e-08
5.0,0.0,203.7245078125,2.49131e-08
5.0,0.0,203.7242578125,2.48768e-08
5.0,0.0,203.7240078125,2.504905e-08
5.0,0.0,203.7237578125,2.51279e-08
5.0,0.0,203.7235078125,2.501075e-08
5.0,0.0,203.7232578125,2.49998e-08
5.0,0.0,203.7230078125,2.50259e-08
5.0,0.0,203.7227578125,2.51326e-08
5.0,0.0,203.7225078125,2.504175e-08
5.0,0.0,203.7222578125,2.50436e-08
5.0,0.0,203.7220078125,2.5118150000000002e-08
5.0,0.0,203.7217578125,2.497035e-08
5.0,0.0,203.7215078125,2.4984e-08
5.0,0.0,203.7212578125,2.504885e-08
5.0,0.0,203.7210078125,2.51535e-08
5.0,0.0,203.7207578125,2.49912e-08
5.0,0.0,203.7205078125,2.501035e-08
5.0,0.0,203.7202578125,2.516885e-08
5.0,0.0,203.7200078125,2.5262800000000002e-08
5.0,0.0,203.7197578125,2.5441050000000002e-08
5.0,0.0,203.7195078125,2.544305e-08
5.0,0.0,203.7192578125,2.55368e-08
5.0,0.0,203.7190078125,2.56482e-08
5.0,0.0,203.7187578125,2.553515e-08
5.0,0.0,203.7185078125,2.570205e-08
5.0,0.0,203.7182578125,2.55813e-08
5.0,0.0,203.7180078125,2.54308e-08
5.0,0.0,203.7177578125,2.54659e-08
5.0,0.0,203.7175078125,2.548925e-08
5.0,0.0,203.7172578125,2.52847e-08
5.0,0.0,203.7170078125,2.54945e-08
5.0,0.0,203.7167578125,2.54225e-08
5.0,0.0,203.7165078125,2.533175e-08
5.0,0.0,203.7162578125,2.53518e-08
5.0,0.0,203.7160078125,2.54214e-08
5.0,0.0,203.7157578125,2.52953e-08
5.0,0.0,203.7155078125,2.533685e-08
5.0,0.0,203.7152578125,2.527305e-08
5.0,0.0,203.7150078125,2.532225e-08
5.0,0.0,203.7147578125,2.5367250000000002e-08
5.0,0.0,203.7145078125,2.547925e-08
5.0,0.0,203.7142578125,2.540965e-08
5.0,0.0,203.7140078125,2.55143e-08
5.0,0.0,203.7137578125,2.54175e-08
5.0,0.0,203.7135078125,2.542675e-08
5.0,0.0,203.7132578125,2.53432e-08
5.0,0.0,203.7130078125,2.54831e-08
5.0,0.0,203.7127578125,2.537795e-08
5.0,0.0,203.7125078125,2.5412350000000002e-08
5.0,0.0,203.7122578125,2.53933e-08
5.0,0.0,203.7120078125,2.51743e-08
5.0,0.0,203.7117578125,2.51598e-08
5.0,0.0,203.7115078125,2.522445e-08
5.0,0.0,203.7112578125,2.5105e-08
5.0,0.0,203.7110078125,2.522245e-08
5.0,0.0,203.7107578125,2.51451e-08
5.0,0.0,203.7105078125,2.5120350000000002e-08
5.0,0.0,203.7102578125,2.5062e-08
5.0,0.0,203.7100078125,2.49862e-08
5.0,0.0,203.7097578125,2.512015e-08
5.0,0.0,203.7095078125,2.510095e-08
5.0,0.0,203.7092578125,2.5124e-08
5.0,0.0,203.7090078125,2.4994866666666665e-08
5.0,0.0,203.7087578125,2.494885e-08
5.0,0.0,203.7085078125,2.49354e-08
5.0,0.0,203.7082578125,2.4837e-08
5.0,0.0,203.7080078125,2.48628e-08
5.0,0.0,203.7077578125,2.48046e-08
5.0,0.0,203.7075078125,2.486865e-08
5.0,0.0,203.7072578125,2.49285e-08
5.0,0.0,203.7070078125,2.4767600000000002e-08
5.0,0.0,203.7067578125,2.47982e-08
5.0,0.0,203.7065078125,2.4779e-08
5.0,0.0,203.7062578125,2.474725e-08
5.0,0.0,203.7060078125,2.47877e-08
5.0,0.0,203.7057578125,2.46778e-08
5.0,0.0,203.7055078125,2.4610950000000002e-08
5.0,0.0,203.7052578125,2.4840900000000002e-08
5.0,0.0,203.7050078125,2.46356e-08
5.0,0.0,203.7047578125,2.454555e-08
5.0,0.0,203.7045078125,2.44608e-08
5.0,0.0,203.7042578125,2.439455e-08
5.0,0.0,203.7040078125,2.4465150000000006e-08
5.0,0.0,203.7037578125,2.429805e-08
5.0,0.0,203.7035078125,2.437475e-08
5.0,0.0,203.7032578125,2.43086e-08
5.0,0.0,203.7030078125,2.436085e-08
5.0,0.0,203.7027578125,2.439355e-08
5.0,0.0,203.7025078125,2.4368150000000002e-08
5.0,0.0,203.7022578125,2.44914e-08
5.0,0.0,203.7020078125,2.4436833333333328e-08
5.0,0.0,203.7017578125,2.4421e-08
5.0,0.0,203.7015078125,2.4477e-08
5.0,0.0,203.7012578125,2.44099e-08
5.0,0.0,203.7010078125,2.444185e-08
5.0,0.0,203.7007578125,2.439445e-08
5.0,0.0,203.7005078125,2.43673e-08
5.0,0.0,203.7002578125,2.43872e-08
5.0,0.0,203.7000078125,2.4390866666666665e-08
5.0,0.0,203.6997578125,2.435785e-08
5.0,0.0,203.6995078125,2.435095e-08
5.0,0.0,203.6992578125,2.43154e-08
5.0,0.0,203.6990078125,2.439515e-08
5.0,0.0,203.6987578125,2.432825e-08
5.0,0.0,203.6985078125,2.4290500000000002e-08
5.0,0.0,203.6982578125,2.44142e-08
5.0,0.0,203.6980078125,2.4441150000000002e-08
5.0,0.0,203.6977578125,2.4486800000000002e-08
5.0,0.0,203.6975078125,2.446205e-08
5.0,0.0,203.6972578125,2.4417350000000002e-08
5.0,0.0,203.6970078125,2.43197e-08
5.0,0.0,203.6967578125,2.43186e-08
5.0,0.0,203.6965078125,2.447865e-08
5.0,0.0,203.6962578125,2.4403700000000002e-08
5.0,0.0,203.6960078125,2.440905e-08
5.0,0.0,203.6957578125,2.455375e-08
5.0,0.0,203.6955078125,2.449465e-08
5.0,0.0,203.6952578125,2.44896e-08
5.0,0.0,203.6950078125,2.4557866666666666e-08
5.0,0.0,203.6947578125,2.45779e-08
5.0,0.0,203.6945078125,2.4672200000000002e-08
5.0,0.0,203.6942578125,2.46691e-08
5.0,0.0,203.6940078125,2.466775e-08
5.0,0.0,203.6937578125,2.4572650000000002e-08
5.0,0.0,203.6935078125,2.463925e-08
5.0,0.0,203.6932578125,2.47129e-08
5.0,0.0,203.6930078125,2.47412e-08
5.0,0.0,203.6927578125,2.47157e-08
5.0,0.0,203.6925078125,2.46619e-08
5.0,0.0,203.6922578125,2.47928e-08
5.0,0.0,203.6920078125,2.467195e-08
5.0,0.0,203.6917578125,2.475935e-08
5.0,0.0,203.6915078125,2.48308e-08
5.0,0.0,203.6912578125,2.4659900000000002e-08
5.0,0.0,203.6910078125,2.47503e-08
5.0,0.0,203.6907578125,2.4784450000000003e-08
5.0,0.0,203.6905078125,2.4811350000000002e-08
5.0,0.0,203.6902578125,2.4857850000000002e-08
5.0,0.0,203.6900078125,2.496485e-08
5.0,0.0,203.6897578125,2.499165e-08
5.0,0.0,203.6895078125,2.48581e-08
5.0,0.0,203.6892578125,2.496665e-08
5.0,0.0,203.6890078125,2.49684e-08
5.0,0.0,203.6887578125,2.4872e-08
5.0,0.0,203.6885078125,2.49471e-08
5.0,0.0,203.6882578125,2.49477e-08
5.0,0.0,203.6880078125,2.49499e-08
5.0,0.0,203.6877578125,2.48493e-08
5.0,0.0,203.6875078125,2.49835e-08
5.0,0.0,203.6872578125,2.487115e-08
5.0,0.0,203.6870078125,2.4808900000000002e-08
5.0,0.0,203.6867578125,2.49875e-08
5.0,0.0,203.6865078125,2.4948e-08
5.0,0.0,203.6862578125,2.50067e-08
5.0,0.0,203.6860078125,2.50256e-08
5.0,0.0,203.6857578125,2.50128e-08
5.0,0.0,203.6855078125,2.4994300000000002e-08
5.0,0.0,203.6852578125,2.503315e-08
5.0,0.0,203.6850078125,2.50788e-08
5.0,0.0,203.6847578125,2.5036e-08
5.0,0.0,203.6845078125,2.5129100000000002e-08
5.0,0.0,203.6842578125,2.51043e-08
5.0,0.0,203.6840078125,2.52596e-08
5.0,0.0,203.6837578125,2.51475e-08
5.0,0.0,203.6835078125,2.523115e-08
5.0,0.0,203.6832578125,2.526045e-08
5.0,0.0,203.6830078125,2.54296e-08
5.0,0.0,203.6827578125,2.52954e-08
5.0,0.0,203.6825078125,2.53022e-08
5.0,0.0,203.6822578125,2.539835e-08
5.0,0.0,203.6820078125,2.54187e-08
5.0,0.0,203.6817578125,2.53186e-08
5.0,0.0,203.6815078125,2.537885e-08
5.0,0.0,203.6812578125,2.5394850000000002e-08
5.0,0.0,203.6810078125,2.5387e-08
5.0,0.0,203.6807578125,2.536925e-08
5.0,0.0,203.6805078125,2.5435600000000002e-08
5.0,0.0,203.6802578125,2.53088e-08
5.0,0.0,203.6800078125,2.528815e-08
5.0,0.0,203.6797578125,2.533265e-08
5.0,0.0,203.6795078125,2.532165e-08
5.0,0.0,203.6792578125,2.523495e-08
5.0,0.0,203.6790078125,2.54056e-08
5.0,0.0,203.6787578125,2.52775e-08
5.0,0.0,203.6785078125,2.53335e-08
5.0,0.0,203.6782578125,2.531405e-08
5.0,0.0,203.6780078125,2.53363e-08
5.0,0.0,203.6777578125,2.5305e-08
5.0,0.0,203.6775078125,2.51686e-08
5.0,0.0,203.6772578125,2.53028e-08
5.0,0.0,203.6770078125,2.522365e-08
5.0,0.0,203.6767578125,2.54243e-08
5.0,0.0,203.6765078125,2.532245e-08
5.0,0.0,203.6762578125,2.531345e-08
5.0,0.0,203.6760078125,2.5201000000000002e-08
5.0,0.0,203.6757578125,2.52968e-08
5.0,0.0,203.6755078125,2.54221e-08
5.0,0.0,203.6752578125,2.536895e-08
5.0,0.0,203.6750078125,2.54207e-08
5.0,0.0,203.6747578125,2.530775e-08
5.0,0.0,203.6745078125,2.532515e-08
5.0,0.0,203.6742578125,2.526105e-08
5.0,0.0,203.6740078125,2.5282200000000002e-08
5.0,0.0,203.6737578125,2.52839e-08
5.0,0.0,203.6735078125,2.52123e-08
5.0,0.0,203.6732578125,2.52305e-08
5.0,0.0,203.6730078125,2.5228600000000002e-08
5.0,0.0,203.6727578125,2.506555e-08
5.0,0.0,203.6725078125,2.512055e-08
5.0,0.0,203.6722578125,2.5009e-08
5.0,0.0,203.6720078125,2.507535e-08
5.0,0.0,203.6717578125,2.51879e-08
5.0,0.0,203.6715078125,2.5016150000000002e-08
5.0,0.0,203.6712578125,2.499415e-08
5.0,0.0,203.6710078125,2.4911700000000002e-08
5.0,0.0,203.6707578125,2.48946e-08
5.0,0.0,203.6705078125,2.486785e-08
5.0,0.0,203.6702578125,2.48219e-08
5.0,0.0,203.6700078125,2.48585e-08
5.0,0.0,203.6697578125,2.48375e-08
5.0,0.0,203.6695078125,2.48774e-08
5.0,0.0,203.6692578125,2.4683950000000002e-08
5.0,0.0,203.6690078125,2.45913e-08
5.0,0.0,203.6687578125,2.45633e-08
5.0,0.0,203.6685078125,2.4569366666666672e-08
5.0,0.0,203.6682578125,2.44813e-08
5.0,0.0,203.6680078125,2.451275e-08
5.0,0.0,203.6677578125,2.46078e-08
5.0,0.0,203.6675078125,2.44538e-08
5.0,0.0,203.6672578125,2.44203e-08
5.0,0.0,203.6670078125,2.441835e-08
5.0,0.0,203.6667578125,2.43825e-08
5.0,0.0,203.6665078125,2.428615e-08
5.0,0.0,203.6662578125,2.42988e-08
5.0,0.0,203.6660078125,2.41816e-08
5.0,0.0,203.6657578125,2.425995e-08
5.0,0.0,203.6655078125,2.41635e-08
5.0,0.0,203.6652578125,2.42126e-08
5.0,0.0,203.6650078125,2.412665e-08
5.0,0.0,203.6647578125,2.41627e-08
5.0,0.0,203.6645078125,2.41674e-08
5.0,0.0,203.6642578125,2.40016e-08
5.0,0.0,203.6640078125,2.404395e-08
5.0,0.0,203.6637578125,2.399585e-08
5.0,0.0,203.6635078125,2.3978500000000002e-08
5.0,0.0,203.6632578125,2.40773e-08
5.0,0.0,203.6630078125,2.392045e-08
5.0,0.0,203.6627578125,2.40758e-08
5.0,0.0,203.6625078125,2.39832e-08
5.0,0.0,203.6622578125,2.406595e-08
5.0,0.0,203.6620078125,2.39338e-08
5.0,0.0,203.6617578125,2.39863e-08
5.0,0.0,203.6615078125,2.4042233333333328e-08
5.0,0.0,203.6612578125,2.407615e-08
5.0,0.0,203.6610078125,2.405545e-08
5.0,0.0,203.6607578125,2.39467e-08
5.0,0.0,203.6605078125,2.400045e-08
5.0,0.0,203.6602578125,2.390125e-08
5.0,0.0,203.6600078125,2.392535e-08
5.0,0.0,203.6597578125,2.3904e-08
5.0,0.0,203.6595078125,2.377145e-08
5.0,0.0,203.6592578125,2.3869150000000002e-08
5.0,0.0,203.6590078125,2.381115e-08
5.0,0.0,203.6587578125,2.373855e-08
5.0,0.0,203.6585078125,2.37747e-08
5.0,0.0,203.6582578125,2.369015e-08
5.0,0.0,203.6580078125,2.37154e-08
5.0,0.0,203.6577578125,2.35606e-08
5.0,0.0,203.6575078125,2.36507e-08
5.0,0.0,203.6572578125,2.36346e-08
5.0,0.0,203.6570078125,2.35982e-08
5.0,0.0,203.6567578125,2.347745e-08
5.0,0.0,203.6565078125,2.34354e-08
5.0,0.0,203.6562578125,2.3515500000000003e-08
5.0,0.0,203.6560078125,2.3529000000000002e-08
5.0,0.0,203.6557578125,2.341035e-08
5.0,0.0,203.6555078125,2.353325e-08
5.0,0.0,203.6552578125,2.3603e-08
5.0,0.0,203.6550078125,2.35138e-08
5.0,0.0,203.6547578125,2.35426e-08
5.0,0.0,203.6545078125,2.363905e-08
5.0,0.0,203.6542578125,2.3631800000000002e-08
5.0,0.0,203.6540078125,2.367605e-08
5.0,0.0,203.6537578125,2.3780000000000002e-08
5.0,0.0,203.6535078125,2.3781350000000002e-08
5.0,0.0,203.6532578125,2.379345e-08
5.0,0.0,203.6530078125,2.38504e-08
5.0,0.0,203.6527578125,2.38649e-08
5.0,0.0,203.6525078125,2.39064e-08
5.0,0.0,203.6522578125,2.38279e-08
5.0,0.0,203.6520078125,2.3936400000000002e-08
5.0,0.0,203.6517578125,2.401015000000001e-08
5.0,0.0,203.6515078125,2.40102e-08
5.0,0.0,203.6512578125,2.412105e-08
5.0,0.0,203.6510078125,2.42195e-08
5.0,0.0,203.6507578125,2.41998e-08
5.0,0.0,203.6505078125,2.422765e-08
5.0,0.0,203.6502578125,2.418425e-08
5.0,0.0,203.6500078125,2.42884e-08
5.0,0.0,203.6497578125,2.438675e-08
5.0,0.0,203.6495078125,2.434085e-08
5.0,0.0,203.6492578125,2.44725e-08
5.0,0.0,203.6490078125,2.46447e-08
5.0,0.0,203.6487578125,2.4571500000000006e-08
5.0,0.0,203.6485078125,2.4503200000000002e-08
5.0,0.0,203.6482578125,2.446565e-08
5.0,0.0,203.6480078125,2.45161e-08
5.0,0.0,203.6477578125,2.437885e-08
5.0,0.0,203.6475078125,2.44691e-08
5.0,0.0,203.6472578125,2.439745e-08
5.0,0.0,203.6470078125,2.42229e-08
5.0,0.0,203.6467578125,2.421915e-08
5.0,0.0,203.6465078125,2.428985e-08
5.0,0.0,203.6462578125,2.415345e-08
5.0,0.0,203.6460078125,2.44181e-08
5.0,0.0,203.6457578125,2.407555e-08
5.0,0.0,203.6455078125,2.42412e-08
5.0,0.0,203.6452578125,2.4225700000000002e-08
5.0,0.0,203.6450078125,2.43005e-08
5.0,0.0,203.6447578125,2.43596e-08
5.0,0.0,203.6445078125,2.441465e-08
5.0,0.0,203.6442578125,2.44271e-08
5.0,0.0,203.6440078125,2.44921e-08
5.0,0.0,203.6437578125,2.44423e-08
5.0,0.0,203.6435078125,2.4527550000000002e-08
5.0,0.0,203.6432578125,2.45961e-08
5.0,0.0,203.6430078125,2.45351e-08
5.0,0.0,203.6427578125,2.46374e-08
5.0,0.0,203.6425078125,2.455235e-08
5.0,0.0,203.6422578125,2.4786e-08
5.0,0.0,203.6420078125,2.47074e-08
5.0,0.0,203.6417578125,2.46835e-08
5.0,0.0,203.6415078125,2.462145e-08
5.0,0.0,203.6412578125,2.4758850000000002e-08
5.0,0.0,203.6410078125,2.4671650000000002e-08
5.0,0.0,203.6407578125,2.48421e-08
5.0,0.0,203.6405078125,2.500635e-08
5.0,0.0,203.6402578125,2.50432e-08
5.0,0.0,203.6400078125,2.51541e-08
5.0,0.0,203.6397578125,2.51442e-08
5.0,0.0,203.6395078125,2.508735e-08
5.0,0.0,203.6392578125,2.51789e-08
5.0,0.0,203.6390078125,2.526035e-08
5.0,0.0,203.6387578125,2.53258e-08
5.0,0.0,203.6385078125,2.543225e-08
5.0,0.0,203.6382578125,2.54152e-08
5.0,0.0,203.6380078125,2.5520350000000002e-08
5.0,0.0,203.6377578125,2.560765e-08
5.0,0.0,203.6375078125,2.545015e-08
5.0,0.0,203.6372578125,2.55189e-08
5.0,0.0,203.6370078125,2.55628e-08
5.0,0.0,203.6367578125,2.55769e-08
5.0,0.0,203.6365078125,2.5532233333333334e-08
5.0,0.0,203.6362578125,2.54217e-08
5.0,0.0,203.6360078125,2.52969e-08
5.0,0.0,203.6357578125,2.48725e-08
5.0,0.0,203.6355078125,2.46255e-08
5.0,0.0,203.6352578125,2.4358e-08
5.0,0.0,203.6350078125,2.41085e-08
5.0,0.0,203.6347578125,2.390645e-08
5.0,0.0,203.6345078125,2.3738700000000002e-08
5.0,0.0,203.6342578125,2.35994e-08
5.0,0.0,203.6340078125,2.35772e-08
5.0,0.0,203.6337578125,2.3585050000000002e-08
5.0,0.0,203.6335078125,2.358745e-08
5.0,0.0,203.6332578125,2.36944e-08
5.0,0.0,203.6330078125,2.372205e-08
5.0,0.0,203.6327578125,2.396065e-08
5.0,0.0,203.6325078125,2.407435e-08
5.0,0.0,203.6322578125,2.4045e-08
5.0,0.0,203.6320078125,2.4231666666666672e-08
5.0,0.0,203.6317578125,2.41834e-08
5.0,0.0,203.6315078125,2.418885e-08
5.0,0.0,203.6312578125,2.40751e-08
5.0,0.0,203.6310078125,2.44292e-08
5.0,0.0,203.6307578125,2.4413800000000002e-08
5.0,0.0,203.6305078125,2.4476400000000002e-08
5.0,0.0,203.6302578125,2.46158e-08
5.0,0.0,203.6300078125,2.45774e-08
5.0,0.0,203.6297578125,2.472075e-08
5.0,0.0,203.6295078125,2.47963e-08
5.0,0.0,203.6292578125,2.49915e-08
5.0,0.0,203.6290078125,2.5231e-08
5.0,0.0,203.6287578125,2.521725e-08
5.0,0.0,203.6285078125,2.53925e-08
5.0,0.0,203.6282578125,2.56845e-08
5.0,0.0,203.6280078125,2.581425e-08
5.0,0.0,203.6277578125,2.5959e-08
5.0,0.0,203.6275078125,2.60241e-08
5.0,0.0,203.6272578125,2.6244100000000002e-08
5.0,0.0,203.6270078125,2.6356750000000002e-08
5.0,0.0,203.6267578125,2.644925e-08
5.0,0.0,203.6265078125,2.635465e-08
5.0,0.0,203.6262578125,2.65668e-08
5.0,0.0,203.6260078125,2.65174e-08
5.0,0.0,203.6257578125,2.668875e-08
5.0,0.0,203.6255078125,2.66117e-08
5.0,0.0,203.6252578125,2.681655e-08
5.0,0.0,203.6250078125,2.68425e-08
5.0,0.0,203.6247578125,2.68541e-08
5.0,0.0,203.6245078125,2.703445e-08
5.0,0.0,203.6242578125,2.70619e-08
5.0,0.0,203.6240078125,2.7033e-08
5.0,0.0,203.6237578125,2.710675e-08
5.0,0.0,203.6235078125,2.724795e-08
5.0,0.0,203.6232578125,2.73525e-08
5.0,0.0,203.6230078125,2.7353466666666668e-08
5.0,0.0,203.6227578125,2.746615e-08
5.0,0.0,203.6225078125,2.753665e-08
5.0,0.0,203.6222578125,2.7472900000000002e-08
5.0,0.0,203.6220078125,2.7675e-08
5.0,0.0,203.6217578125,2.772315e-08
5.0,0.0,203.6215078125,2.7726e-08
5.0,0.0,203.6212578125,2.77478e-08
5.0,0.0,203.6210078125,2.789333333333333e-08
5.0,0.0,203.6207578125,2.798415e-08
5.0,0.0,203.6205078125,2.80568e-08
5.0,0.0,203.6202578125,2.81867e-08
5.0,0.0,203.6200078125,2.8215500000000002e-08
5.0,0.0,203.6197578125,2.81571e-08
5.0,0.0,203.6195078125,2.827565e-08
5.0,0.0,203.6192578125,2.82394e-08
5.0,0.0,203.6190078125,2.84371e-08
5.0,0.0,203.6187578125,2.851675e-08
5.0,0.0,203.6185078125,2.86583e-08
5.0,0.0,203.6182578125,2.8997250000000002e-08
5.0,0.0,203.6180078125,2.914825e-08
5.0,0.0,203.6177578125,2.93699e-08
5.0,0.0,203.6175078125,2.95341e-08
5.0,0.0,203.6172578125,2.968035e-08
5.0,0.0,203.6170078125,2.9924000000000004e-08
5.0,0.0,203.6167578125,3.0103e-08
5.0,0.0,203.6165078125,3.032125e-08
5.0,0.0,203.6162578125,3.047575e-08
5.0,0.0,203.6160078125,3.0710249999999995e-08
5.0,0.0,203.6157578125,3.09095e-08
5.0,0.0,203.6155078125,3.11053e-08
5.0,0.0,203.6152578125,3.11634e-08
5.0,0.0,203.6150078125,3.12423e-08
5.0,0.0,203.6147578125,3.1317800000000005e-08
5.0,0.0,203.6145078125,3.13362e-08
5.0,0.0,203.6142578125,3.1326549999999995e-08
5.0,0.0,203.6140078125,3.141595e-08
5.0,0.0,203.6137578125,3.1486849999999995e-08
5.0,0.0,203.6135078125,3.152625e-08
5.0,0.0,203.6132578125,3.14476e-08
5.0,0.0,203.6130078125,3.155105e-08
5.0,0.0,203.6127578125,3.163305e-08
5.0,0.0,203.6125078125,3.18006e-08
5.0,0.0,203.6122578125,3.173585e-08
5.0,0.0,203.6120078125,3.18703e-08
5.0,0.0,203.6117578125,3.204505e-08
5.0,0.0,203.6115078125,3.22861e-08
5.0,0.0,203.6112578125,3.23388e-08
5.0,0.0,203.6110078125,3.236495e-08
5.0,0.0,203.6107578125,3.24873e-08
5.0,0.0,203.6105078125,3.2646800000000004e-08
5.0,0.0,203.6102578125,3.2657e-08
5.0,0.0,203.6100078125,3.2602650000000005e-08
5.0,0.0,203.6097578125,3.269255e-08
5.0,0.0,203.6095078125,3.281735e-08
5.0,0.0,203.6092578125,3.290675e-08
5.0,0.0,203.6090078125,3.300555e-08
5.0,0.0,203.6087578125,3.27889e-08
5.0,0.0,203.6085078125,3.2879200000000004e-08
5.0,0.0,203.6082578125,3.294405e-08
5.0,0.0,203.6080078125,3.2996e-08
5.0,0.0,203.6077578125,3.301705e-08
5.0,0.0,203.6075078125,3.316855e-08
5.0,0.0,203.6072578125,3.322905e-08
5.0,0.0,203.6070078125,3.32274e-08
5.0,0.0,203.6067578125,3.328105e-08
5.0,0.0,203.6065078125,3.31796e-08
5.0,0.0,203.6062578125,3.328165e-08
5.0,0.0,203.6060078125,3.321935e-08
5.0,0.0,203.6057578125,3.3258700000000004e-08
5.0,0.0,203.6055078125,3.32671e-08
5.0,0.0,203.6052578125,3.3171899999999995e-08
5.0,0.0,203.6050078125,3.314385e-08
5.0,0.0,203.6047578125,3.320065e-08
5.0,0.0,203.6045078125,3.3157850000000003e-08
5.0,0.0,203.6042578125,3.32141e-08
5.0,0.0,203.6040078125,3.31424e-08
5.0,0.0,203.6037578125,3.30874e-08
5.0,0.0,203.6035078125,3.30628e-08
5.0,0.0,203.6032578125,3.302085e-08
5.0,0.0,203.6030078125,3.296695e-08
5.0,0.0,203.6027578125,3.282885e-08
5.0,0.0,203.6025078125,3.276505e-08
5.0,0.0,203.6022578125,3.274245e-08
5.0,0.0,203.6020078125,3.268165e-08
5.0,0.0,203.6017578125,3.270845e-08
5.0,0.0,203.6015078125,3.2792800000000004e-08
5.0,0.0,203.6012578125,3.262675e-08
5.0,0.0,203.6010078125,3.254745e-08
5.0,0.0,203.6007578125,3.244585e-08
5.0,0.0,203.6005078125,3.2484300000000005e-08
5.0,0.0,203.6002578125,3.24998e-08
5.0,0.0,203.6000078125,3.234235e-08
5.0,0.0,203.5997578125,3.22328e-08
5.0,0.0,203.5995078125,3.231995e-08
5.0,0.0,203.5992578125,3.212185e-08
5.0,0.0,203.5990078125,3.2146e-08
5.0,0.0,203.5987578125,3.21917e-08
5.0,0.0,203.5985078125,3.214045e-08
5.0,0.0,203.5982578125,3.2062399999999995e-08
5.0,0.0,203.5980078125,3.21356e-08
5.0,0.0,203.5977578125,3.2026e-08
5.0,0.0,203.5975078125,3.19735e-08
5.0,0.0,203.5972578125,3.18221e-08
5.0,0.0,203.5970078125,3.195275e-08
5.0,0.0,203.5967578125,3.2047e-08
5.0,0.0,203.5965078125,3.1882466666666675e-08
5.0,0.0,203.5962578125,3.19001e-08
5.0,0.0,203.5960078125,3.1782933333333335e-08
5.0,0.0,203.5957578125,3.16761e-08
5.0,0.0,203.5955078125,3.162605e-08
5.0,0.0,203.5952578125,3.14896e-08
5.0,0.0,203.5950078125,3.1229900000000004e-08
5.0,0.0,203.5947578125,3.11341e-08
5.0,0.0,203.5945078125,3.113375e-08
5.0,0.0,203.5942578125,3.11093e-08
5.0,0.0,203.5940078125,3.1064e-08
5.0,0.0,203.5937578125,3.10749e-08
5.0,0.0,203.5935078125,3.09759e-08
5.0,0.0,203.5932578125,3.0882100000000004e-08
5.0,0.0,203.5930078125,3.08179e-08
5.0,0.0,203.5927578125,3.05542e-08
5.0,0.0,203.5925078125,3.06567e-08
5.0,0.0,203.5922578125,3.063985e-08
5.0,0.0,203.5920078125,3.051895e-08
5.0,0.0,203.5917578125,3.04076e-08
5.0,0.0,203.5915078125,3.038785e-08
5.0,0.0,203.5912578125,3.029005e-08
5.0,0.0,203.5910078125,3.013125e-08
5.0,0.0,203.5907578125,3.01043e-08
5.0,0.0,203.5905078125,3.00428e-08
5.0,0.0,203.5902578125,3.00396e-08
5.0,0.0,203.5900078125,3.00937e-08
5.0,0.0,203.5897578125,3.01762e-08
5.0,0.0,203.5895078125,3.0035699999999995e-08
5.0,0.0,203.5892578125,3.003555e-08
5.0,0.0,203.5890078125,3.014765e-08
5.0,0.0,203.5887578125,2.9859500000000003e-08
5.0,0.0,203.5885078125,3.013775e-08
5.0,0.0,203.5882578125,3.019125e-08
5.0,0.0,203.5880078125,3.01781e-08
5.0,0.0,203.5877578125,3.02347e-08
5.0,0.0,203.5875078125,3.0103400000000003e-08
5.0,0.0,203.5872578125,2.994285e-08
5.0,0.0,203.5870078125,2.97572e-08
5.0,0.0,203.5867578125,2.96323e-08
5.0,0.0,203.5865078125,2.956355e-08
5.0,0.0,203.5862578125,2.9513e-08
5.0,0.0,203.5860078125,2.940905e-08
5.0,0.0,203.5857578125,2.94086e-08
5.0,0.0,203.5855078125,2.9220800000000003e-08
5.0,0.0,203.5852578125,2.91593e-08
5.0,0.0,203.5850078125,2.916695e-08
5.0,0.0,203.5847578125,2.9123550000000002e-08
5.0,0.0,203.5845078125,2.914225e-08
5.0,0.0,203.5842578125,2.918195e-08
5.0,0.0,203.5840078125,2.904035e-08
5.0,0.0,203.5837578125,2.91551e-08
5.0,0.0,203.5835078125,2.88203e-08
5.0,0.0,203.5832578125,2.86831e-08
5.0,0.0,203.5830078125,2.8459350000000006e-08
5.0,0.0,203.5827578125,2.835865e-08
5.0,0.0,203.5825078125,2.807795e-08
5.0,0.0,203.5822578125,2.811505e-08
5.0,0.0,203.5820078125,2.7914e-08
5.0,0.0,203.5817578125,2.7965e-08
5.0,0.0,203.5815078125,2.77664e-08
5.0,0.0,203.5812578125,2.76573e-08
5.0,0.0,203.5810078125,2.768395e-08
5.0,0.0,203.5807578125,2.75077e-08
5.0,0.0,203.5805078125,2.75646e-08
5.0,0.0,203.5802578125,2.75436e-08
5.0,0.0,203.5800078125,2.75101e-08
5.0,0.0,203.5797578125,2.740675e-08
5.0,0.0,203.5795078125,2.74638e-08
5.0,0.0,203.5792578125,2.7313750000000002e-08
5.0,0.0,203.5790078125,2.7431600000000002e-08
5.0,0.0,203.5787578125,2.7096650000000002e-08
5.0,0.0,203.5785078125,2.71129e-08
5.0,0.0,203.5782578125,2.70893e-08
5.0,0.0,203.5780078125,2.689385e-08
5.0,0.0,203.5777578125,2.675725e-08
5.0,0.0,203.5775078125,2.67369e-08
5.0,0.0,203.5772578125,2.67035e-08
5.0,0.0,203.5770078125,2.67078e-08
5.0,0.0,203.5767578125,2.656365e-08
5.0,0.0,203.5765078125,2.64599e-08
5.0,0.0,203.5762578125,2.647015e-08
5.0,0.0,203.5760078125,2.6279100000000002e-08
5.0,0.0,203.5757578125,2.6253e-08
5.0,0.0,203.5755078125,2.61948e-08
5.0,0.0,203.5752578125,2.60783e-08
5.0,0.0,203.5750078125,2.5934e-08
5.0,0.0,203.5747578125,2.581065e-08
5.0,0.0,203.5745078125,2.582765e-08
5.0,0.0,203.5742578125,2.580395e-08
5.0,0.0,203.5740078125,2.5931e-08
5.0,0.0,203.5737578125,2.572885e-08
5.0,0.0,203.5735078125,2.576825e-08
5.0,0.0,203.5732578125,2.56511e-08
5.0,0.0,203.5730078125,2.55049e-08
5.0,0.0,203.5727578125,2.544975e-08
5.0,0.0,203.5725078125,2.53537e-08
5.0,0.0,203.5722578125,2.5368e-08
5.0,0.0,203.5720078125,2.5239000000000002e-08
5.0,0.0,203.5717578125,2.536255e-08
5.0,0.0,203.5715078125,2.515665e-08
5.0,0.0,203.5712578125,2.50668e-08
5.0,0.0,203.5710078125,2.51669e-08
5.0,0.0,203.5707578125,2.509445e-08
5.0,0.0,203.5705078125,2.517925e-08
5.0,0.0,203.5702578125,2.514415e-08
5.0,0.0,203.5700078125,2.50642e-08
5.0,0.0,203.5697578125,2.501565e-08
5.0,0.0,203.5695078125,2.4835150000000002e-08
5.0,0.0,203.5692578125,2.467565e-08
5.0,0.0,203.5690078125,2.46931e-08
5.0,0.0,203.5687578125,2.45268e-08
5.0,0.0,203.5685078125,2.451265e-08
5.0,0.0,203.5682578125,2.43891e-08
5.0,0.0,203.5680078125,2.4438400000000002e-08
5.0,0.0,203.5677578125,2.444615e-08
5.0,0.0,203.5675078125,2.4440600000000002e-08
5.0,0.0,203.5672578125,2.429525e-08
5.0,0.0,203.5670078125,2.42029e-08
5.0,0.0,203.5667578125,2.4189850000000002e-08
5.0,0.0,203.5665078125,2.4263533333333334e-08
5.0,0.0,203.5662578125,2.40543e-08
5.0,0.0,203.5660078125,2.40088e-08
5.0,0.0,203.5657578125,2.40464e-08
5.0,0.0,203.5655078125,2.389025e-08
5.0,0.0,203.5652578125,2.3806800000000002e-08
5.0,0.0,203.5650078125,2.35585e-08
5.0,0.0,203.5647578125,2.36995e-08
5.0,0.0,203.5645078125,2.36077e-08
5.0,0.0,203.5642578125,2.34474e-08
5.0,0.0,203.5640078125,2.35119e-08
5.0,0.0,203.5637578125,2.340575e-08
5.0,0.0,203.5635078125,2.3384e-08
5.0,0.0,203.5632578125,2.3315e-08
5.0,0.0,203.5630078125,2.31501e-08
5.0,0.0,203.5627578125,2.327785e-08
5.0,0.0,203.5625078125,2.31509e-08
5.0,0.0,203.5622578125,2.312435e-08
5.0,0.0,203.5620078125,2.30968e-08
5.0,0.0,203.5617578125,2.29334e-08
5.0,0.0,203.5615078125,2.29211e-08
5.0,0.0,203.5612578125,2.25553e-08
5.0,0.0,203.5610078125,2.28058e-08
5.0,0.0,203.5607578125,2.27733e-08
5.0,0.0,203.5605078125,2.266675e-08
5.0,0.0,203.5602578125,2.26468e-08
5.0,0.0,203.5600078125,2.25883e-08
5.0,0.0,203.5597578125,2.254675e-08
5.0,0.0,203.5595078125,2.247655e-08
5.0,0.0,203.5592578125,2.2458e-08
5.0,0.0,203.5590078125,2.23634e-08
5.0,0.0,203.5587578125,2.241075e-08
5.0,0.0,203.5585078125,2.2363e-08
5.0,0.0,203.5582578125,2.23564e-08
5.0,0.0,203.5580078125,2.2295933333333327e-08
5.0,0.0,203.5577578125,2.2440500000000002e-08
5.0,0.0,203.5575078125,2.240715e-08
5.0,0.0,203.5572578125,2.23605e-08
5.0,0.0,203.5570078125,2.2409300000000002e-08
5.0,0.0,203.5567578125,2.25039e-08
5.0,0.0,203.5565078125,2.256095e-08
5.0,0.0,203.5562578125,2.2396200000000002e-08
5.0,0.0,203.5560078125,2.234605e-08
5.0,0.0,203.5557578125,2.24822e-08
5.0,0.0,203.5555078125,2.239905e-08
5.0,0.0,203.5552578125,2.258205e-08
5.0,0.0,203.5550078125,2.245245e-08
5.0,0.0,203.5547578125,2.254065e-08
5.0,0.0,203.5545078125,2.25703e-08
5.0,0.0,203.5542578125,2.25784e-08
5.0,0.0,203.5540078125,2.26276e-08
5.0,0.0,203.5537578125,2.266205e-08
5.0,0.0,203.5535078125,2.278815e-08
5.0,0.0,203.5532578125,2.274855e-08
5.0,0.0,203.5530078125,2.28615e-08
5.0,0.0,203.5527578125,2.291835e-08
5.0,0.0,203.5525078125,2.29014e-08
5.0,0.0,203.5522578125,2.28179e-08
5.0,0.0,203.5520078125,2.289715e-08
5.0,0.0,203.5517578125,2.288045e-08
5.0,0.0,203.5515078125,2.29636e-08
5.0,0.0,203.5512578125,2.29814e-08
5.0,0.0,203.5510078125,2.297093333333333e-08
5.0,0.0,203.5507578125,2.31387e-08
5.0,0.0,203.5505078125,2.299305e-08
5.0,0.0,203.5502578125,2.29612e-08
5.0,0.0,203.5500078125,2.30613e-08
5.0,0.0,203.5497578125,2.3114200000000002e-08
5.0,0.0,203.5495078125,2.310915e-08
5.0,0.0,203.5492578125,2.29422e-08
5.0,0.0,203.5490078125,2.2910133333333333e-08
5.0,0.0,203.5487578125,2.2954e-08
5.0,0.0,203.5485078125,2.291355e-08
5.0,0.0,203.5482578125,2.28698e-08
5.0,0.0,203.5480078125,2.28173e-08
5.0,0.0,203.5477578125,2.27189e-08
5.0,0.0,203.5475078125,2.2673e-08
5.0,0.0,203.5472578125,2.245e-08
5.0,0.0,203.5470078125,2.245605e-08
5.0,0.0,203.5467578125,2.251225e-08
5.0,0.0,203.5465078125,2.23991e-08
5.0,0.0,203.5462578125,2.23115e-08
5.0,0.0,203.5460078125,2.23319e-08
5.0,0.0,203.5457578125,2.224535e-08
5.0,0.0,203.5455078125,2.215105e-08
5.0,0.0,203.5452578125,2.21759e-08
5.0,0.0,203.5450078125,2.212255e-08
5.0,0.0,203.5447578125,2.213135e-08
5.0,0.0,203.5445078125,2.22104e-08
5.0,0.0,203.5442578125,2.22093e-08
5.0,0.0,203.5440078125,2.21954e-08
5.0,0.0,203.5437578125,2.21537e-08
5.0,0.0,203.5435078125,2.2275e-08
5.0,0.0,203.5432578125,2.212935e-08
5.0,0.0,203.5430078125,2.209175e-08
5.0,0.0,203.5427578125,2.215225e-08
5.0,0.0,203.5425078125,2.22147e-08
5.0,0.0,203.5422578125,2.21163e-08
5.0,0.0,203.5420078125,2.2223066666666666e-08
5.0,0.0,203.5417578125,2.22506e-08
5.0,0.0,203.5415078125,2.24705e-08
5.0,0.0,203.5412578125,2.224195e-08
5.0,0.0,203.5410078125,2.232395e-08
5.0,0.0,203.5407578125,2.23499e-08
5.0,0.0,203.5405078125,2.24164e-08
5.0,0.0,203.5402578125,2.24565e-08
5.0,0.0,203.5400078125,2.25696e-08
5.0,0.0,203.5397578125,2.27282e-08
5.0,0.0,203.5395078125,2.259975e-08
5.0,0.0,203.5392578125,2.26708e-08
5.0,0.0,203.5390078125,2.251665e-08
5.0,0.0,203.5387578125,2.26582e-08
5.0,0.0,203.5385078125,2.24731e-08
5.0,0.0,203.5382578125,2.26602e-08
5.0,0.0,203.5380078125,2.272005e-08
5.0,0.0,203.5377578125,2.27536e-08
5.0,0.0,203.5375078125,2.2598250000000002e-08
5.0,0.0,203.5372578125,2.2658950000000002e-08
5.0,0.0,203.5370078125,2.26334e-08
5.0,0.0,203.5367578125,2.26207e-08
5.0,0.0,203.5365078125,2.25781e-08
5.0,0.0,203.5362578125,2.266295e-08
5.0,0.0,203.5360078125,2.25738e-08
5.0,0.0,203.5357578125,2.276405e-08
5.0,0.0,203.5355078125,2.2672e-08
5.0,0.0,203.5352578125,2.274605e-08
5.0,0.0,203.5350078125,2.2816e-08
5.0,0.0,203.5347578125,2.28403e-08
5.0,0.0,203.5345078125,2.2934300000000002e-08
5.0,0.0,203.5342578125,2.29552e-08
5.0,0.0,203.5340078125,2.300545e-08
5.0,0.0,203.5337578125,2.309e-08
5.0,0.0,203.5335078125,2.3187500000000002e-08
5.0,0.0,203.5332578125,2.32796e-08
5.0,0.0,203.5330078125,2.3273900000000002e-08
5.0,0.0,203.5327578125,2.327375e-08
5.0,0.0,203.5325078125,2.3253e-08
5.0,0.0,203.5322578125,2.33554e-08
5.0,0.0,203.5320078125,2.33616e-08
5.0,0.0,203.5317578125,2.334195e-08
5.0,0.0,203.5315078125,2.34977e-08
5.0,0.0,203.5312578125,2.3559550000000006e-08
5.0,0.0,203.5310078125,2.357035e-08
5.0,0.0,203.5307578125,2.36261e-08
5.0,0.0,203.5305078125,2.3711900000000002e-08
5.0,0.0,203.5302578125,2.362855e-08
5.0,0.0,203.5300078125,2.3699600000000002e-08
5.0,0.0,203.5297578125,2.38041e-08
5.0,0.0,203.5295078125,2.38964e-08
5.0,0.0,203.5292578125,2.368875e-08
5.0,0.0,203.5290078125,2.376475e-08
5.0,0.0,203.5287578125,2.38978e-08
5.0,0.0,203.5285078125,2.37829e-08
5.0,0.0,203.5282578125,2.3949250000000002e-08
5.0,0.0,203.5280078125,2.400665e-08
5.0,0.0,203.5277578125,2.3878150000000002e-08
5.0,0.0,203.5275078125,2.39715e-08
5.0,0.0,203.5272578125,2.413265e-08
5.0,0.0,203.5270078125,2.4023e-08
5.0,0.0,203.5267578125,2.41867e-08
5.0,0.0,203.5265078125,2.42962e-08
5.0,0.0,203.5262578125,2.424295e-08
5.0,0.0,203.5260078125,2.42485e-08
5.0,0.0,203.5257578125,2.422115e-08
5.0,0.0,203.5255078125,2.4409700000000002e-08
5.0,0.0,203.5252578125,2.43514e-08
5.0,0.0,203.5250078125,2.4415700000000002e-08
5.0,0.0,203.5247578125,2.43742e-08
5.0,0.0,203.5245078125,2.46258e-08
5.0,0.0,203.5242578125,2.44542e-08
5.0,0.0,203.5240078125,2.45112e-08
5.0,0.0,203.5237578125,2.45384e-08
5.0,0.0,203.5235078125,2.45258e-08
5.0,0.0,203.5232578125,2.458335e-08
5.0,0.0,203.5230078125,2.454765e-08
5.0,0.0,203.5227578125,2.44606e-08
5.0,0.0,203.5225078125,2.46262e-08
5.0,0.0,203.5222578125,2.46578e-08
5.0,0.0,203.5220078125,2.452925e-08
5.0,0.0,203.5217578125,2.46019e-08
5.0,0.0,203.5215078125,2.462635e-08
5.0,0.0,203.5212578125,2.461865e-08
5.0,0.0,203.5210078125,2.4678e-08
5.0,0.0,203.5207578125,2.48791e-08
5.0,0.0,203.5205078125,2.47724e-08
5.0,0.0,203.5202578125,2.4782100000000002e-08
5.0,0.0,203.5200078125,2.4919100000000002e-08
5.0,0.0,203.5197578125,2.489115e-08
5.0,0.0,203.5195078125,2.48801e-08
5.0,0.0,203.5192578125,2.49308e-08
5.0,0.0,203.5190078125,2.499725e-08
5.0,0.0,203.5187578125,2.49553e-08
5.0,0.0,203.5185078125,2.49216e-08
5.0,0.0,203.5182578125,2.499795e-08
5.0,0.0,203.5180078125,2.4880000000000002e-08
5.0,0.0,203.5177578125,2.4940700000000002e-08
5.0,0.0,203.5175078125,2.4831e-08
5.0,0.0,203.5172578125,2.48121e-08
5.0,0.0,203.5170078125,2.483485e-08
5.0,0.0,203.5167578125,2.48191e-08
5.0,0.0,203.5165078125,2.48349e-08
5.0,0.0,203.5162578125,2.48137e-08
5.0,0.0,203.5160078125,2.490195e-08
5.0,0.0,203.5157578125,2.47763e-08
5.0,0.0,203.5155078125,2.496405e-08
5.0,0.0,203.5152578125,2.486045e-08
5.0,0.0,203.5150078125,2.50262e-08
5.0,0.0,203.5147578125,2.500575e-08
5.0,0.0,203.5145078125,2.491395e-08
5.0,0.0,203.5142578125,2.509065e-08
5.0,0.0,203.5140078125,2.502225e-08
5.0,0.0,203.5137578125,2.50407e-08
5.0,0.0,203.5135078125,2.493975e-08
5.0,0.0,203.5132578125,2.4947e-08
5.0,0.0,203.5130078125,2.481385e-08
5.0,0.0,203.5127578125,2.49223e-08
5.0,0.0,203.5125078125,2.4852766666666667e-08
5.0,0.0,203.5122578125,2.4855650000000002e-08
5.0,0.0,203.5120078125,2.486735e-08
5.0,0.0,203.5117578125,2.47748e-08
5.0,0.0,203.5115078125,2.4867900000000006e-08
5.0,0.0,203.5112578125,2.483595e-08
5.0,0.0,203.5110078125,2.483435e-08
5.0,0.0,203.5107578125,2.48974e-08
5.0,0.0,203.5105078125,2.48968e-08
5.0,0.0,203.5102578125,2.4933e-08
5.0,0.0,203.5100078125,2.478995e-08
5.0,0.0,203.5097578125,2.48675e-08
5.0,0.0,203.5095078125,2.48274e-08
5.0,0.0,203.5092578125,2.480745e-08
5.0,0.0,203.5090078125,2.482775e-08
5.0,0.0,203.5087578125,2.48329e-08
5.0,0.0,203.5085078125,2.478095e-08
5.0,0.0,203.5082578125,2.477825e-08
5.0,0.0,203.5080078125,2.465065e-08
5.0,0.0,203.5077578125,2.46664e-08
5.0,0.0,203.5075078125,2.473215e-08
5.0,0.0,203.5072578125,2.459205e-08
5.0,0.0,203.5070078125,2.47423e-08
5.0,0.0,203.5067578125,2.4429e-08
5.0,0.0,203.5065078125,2.4631e-08
5.0,0.0,203.5062578125,2.4627900000000002e-08
5.0,0.0,203.5060078125,2.4767e-08
5.0,0.0,203.5057578125,2.45308e-08
5.0,0.0,203.5055078125,2.43977e-08
5.0,0.0,203.5052578125,2.429665e-08
5.0,0.0,203.5050078125,2.4287200000000002e-08
5.0,0.0,203.5047578125,2.4317550000000002e-08
5.0,0.0,203.5045078125,2.42157e-08
5.0,0.0,203.5042578125,2.414295e-08
5.0,0.0,203.5040078125,2.401735e-08
5.0,0.0,203.5037578125,2.41788e-08
5.0,0.0,203.5035078125,2.4020866666666665e-08
5.0,0.0,203.5032578125,2.413675e-08
5.0,0.0,203.5030078125,2.40272e-08
5.0,0.0,203.5027578125,2.4090050000000002e-08
5.0,0.0,203.5025078125,2.399795e-08
5.0,0.0,203.5022578125,2.4095000000000002e-08
5.0,0.0,203.5020078125,2.38732e-08
5.0,0.0,203.5017578125,2.3931e-08
5.0,0.0,203.5015078125,2.39395e-08
5.0,0.0,203.5012578125,2.4012350000000006e-08
5.0,0.0,203.5010078125,2.4168000000000002e-08
5.0,0.0,203.5007578125,2.41195e-08
5.0,0.0,203.5005078125,2.4096900000000002e-08
5.0,0.0,203.5002578125,2.40704e-08
5.0,0.0,203.5000078125,2.41631e-08
5.0,0.0,203.4997578125,2.4246e-08
5.0,0.0,203.4995078125,2.4274900000000002e-08
5.0,0.0,203.4992578125,2.4365950000000002e-08
5.0,0.0,203.4990078125,2.44163e-08
5.0,0.0,203.4987578125,2.4665900000000002e-08
5.0,0.0,203.4985078125,2.457645e-08
5.0,0.0,203.4982578125,2.460415e-08
5.0,0.0,203.4980078125,2.48192e-08
5.0,0.0,203.4977578125,2.500955e-08
5.0,0.0,203.4975078125,2.4995100000000002e-08
5.0,0.0,203.4972578125,2.507715e-08
5.0,0.0,203.4970078125,2.542775e-08
5.0,0.0,203.4967578125,2.5461e-08
5.0,0.0,203.4965078125,2.5510800000000002e-08
5.0,0.0,203.4962578125,2.550435e-08
5.0,0.0,203.4960078125,2.5757e-08
5.0,0.0,203.4957578125,2.569025e-08
5.0,0.0,203.4955078125,2.5785850000000002e-08
5.0,0.0,203.4952578125,2.601155e-08
5.0,0.0,203.4950078125,2.60641e-08
5.0,0.0,203.4947578125,2.622655e-08
5.0,0.0,203.4945078125,2.624185e-08
5.0,0.0,203.4942578125,2.655545e-08
5.0,0.0,203.4940078125,2.652635e-08
5.0,0.0,203.4937578125,2.681085e-08
5.0,0.0,203.4935078125,2.67232e-08
5.0,0.0,203.4932578125,2.67923e-08
5.0,0.0,203.4930078125,2.6823500000000002e-08
5.0,0.0,203.4927578125,2.68295e-08
5.0,0.0,203.4925078125,2.69991e-08
5.0,0.0,203.4922578125,2.6948750000000002e-08
5.0,0.0,203.4920078125,2.71037e-08
5.0,0.0,203.4917578125,2.70239e-08
5.0,0.0,203.4915078125,2.712685e-08
5.0,0.0,203.4912578125,2.70626e-08
5.0,0.0,203.4910078125,2.71805e-08
5.0,0.0,203.4907578125,2.7066300000000002e-08
5.0,0.0,203.4905078125,2.71911e-08
5.0,0.0,203.4902578125,2.7289150000000002e-08
5.0,0.0,203.4900078125,2.714075e-08
5.0,0.0,203.4897578125,2.74571e-08
5.0,0.0,203.4895078125,2.72265e-08
5.0,0.0,203.4892578125,2.74283e-08
5.0,0.0,203.4890078125,2.7401800000000002e-08
5.0,0.0,203.4887578125,2.75589e-08
5.0,0.0,203.4885078125,2.73579e-08
5.0,0.0,203.4882578125,2.734285e-08
5.0,0.0,203.4880078125,2.7335900000000002e-08
5.0,0.0,203.4877578125,2.73952e-08
5.0,0.0,203.4875078125,2.73963e-08
5.0,0.0,203.4872578125,2.73975e-08
5.0,0.0,203.4870078125,2.7430250000000002e-08
5.0,0.0,203.4867578125,2.741605e-08
5.0,0.0,203.4865078125,2.7307750000000002e-08
5.0,0.0,203.4862578125,2.714225e-08
5.0,0.0,203.4860078125,2.7314e-08
5.0,0.0,203.4857578125,2.7263e-08
5.0,0.0,203.4855078125,2.700575e-08
5.0,0.0,203.4852578125,2.69814e-08
5.0,0.0,203.4850078125,2.7200550000000002e-08
5.0,0.0,203.4847578125,2.6982100000000002e-08
5.0,0.0,203.4845078125,2.696335e-08
5.0,0.0,203.4842578125,2.7111e-08
5.0,0.0,203.4840078125,2.699355e-08
5.0,0.0,203.4837578125,2.693955e-08
5.0,0.0,203.4835078125,2.698735e-08
5.0,0.0,203.4832578125,2.695555e-08
5.0,0.0,203.4830078125,2.68099e-08
5.0,0.0,203.4827578125,2.689455e-08
5.0,0.0,203.4825078125,2.6752150000000002e-08
5.0,0.0,203.4822578125,2.67804e-08
5.0,0.0,203.4820078125,2.65605e-08
5.0,0.0,203.4817578125,2.6779700000000006e-08
5.0,0.0,203.4815078125,2.644575e-08
5.0,0.0,203.4812578125,2.64548e-08
5.0,0.0,203.4810078125,2.658385e-08
5.0,0.0,203.4807578125,2.63475e-08
5.0,0.0,203.4805078125,2.614865e-08
5.0,0.0,203.4802578125,2.6054100000000002e-08
5.0,0.0,203.4800078125,2.5971800000000002e-08
5.0,0.0,203.4797578125,2.590385e-08
5.0,0.0,203.4795078125,2.5995750000000003e-08
5.0,0.0,203.4792578125,2.58516e-08
5.0,0.0,203.4790078125,2.5814000000000002e-08
5.0,0.0,203.4787578125,2.56962e-08
5.0,0.0,203.4785078125,2.559325e-08
5.0,0.0,203.4782578125,2.5124e-08
5.0,0.0,203.4780078125,2.56098e-08
5.0,0.0,203.4777578125,2.5369700000000002e-08
5.0,0.0,203.4775078125,2.534665e-08
5.0,0.0,203.4772578125,2.54626e-08
5.0,0.0,203.4770078125,2.52946e-08
5.0,0.0,203.4767578125,2.529785e-08
5.0,0.0,203.4765078125,2.51834e-08
5.0,0.0,203.4762578125,2.50936e-08
5.0,0.0,203.4760078125,2.51605e-08
5.0,0.0,203.4757578125,2.50366e-08
5.0,0.0,203.4755078125,2.493115e-08
5.0,0.0,203.4752578125,2.49398e-08
5.0,0.0,203.4750078125,2.50359e-08
5.0,0.0,203.4747578125,2.476225e-08
5.0,0.0,203.4745078125,2.473105e-08
5.0,0.0,203.4742578125,2.51596e-08
5.0,0.0,203.4740078125,2.47901e-08
5.0,0.0,203.4737578125,2.475625e-08
5.0,0.0,203.4735078125,2.48978e-08
5.0,0.0,203.4732578125,2.4774e-08
5.0,0.0,203.4730078125,2.50616e-08
5.0,0.0,203.4727578125,2.49977e-08
5.0,0.0,203.4725078125,2.489465e-08
5.0,0.0,203.4722578125,2.49936e-08
5.0,0.0,203.4720078125,2.49603e-08
5.0,0.0,203.4717578125,2.489275e-08
5.0,0.0,203.4715078125,2.48189e-08
5.0,0.0,203.4712578125,2.49607e-08
5.0,0.0,203.4710078125,2.48134e-08
5.0,0.0,203.4707578125,2.485715e-08
5.0,0.0,203.4705078125,2.479705e-08
5.0,0.0,203.4702578125,2.46775e-08
5.0,0.0,203.4700078125,2.4766e-08
5.0,0.0,203.4697578125,2.489495e-08
5.0,0.0,203.4695078125,2.4828300000000002e-08
5.0,0.0,203.4692578125,2.479075e-08
5.0,0.0,203.4690078125,2.48509e-08
5.0,0.0,203.4687578125,2.48864e-08
5.0,0.0,203.4685078125,2.47312e-08
5.0,0.0,203.4682578125,2.47615e-08
5.0,0.0,203.4680078125,2.459705e-08
5.0,0.0,203.4677578125,2.46798e-08
5.0,0.0,203.4675078125,2.45666e-08
5.0,0.0,203.4672578125,2.4407e-08
5.0,0.0,203.4670078125,2.45317e-08
5.0,0.0,203.4667578125,2.422225e-08
5.0,0.0,203.4665078125,2.4246200000000002e-08
5.0,0.0,203.4662578125,2.40171e-08
5.0,0.0,203.4660078125,2.3656950000000002e-08
5.0,0.0,203.4657578125,2.367435e-08
5.0,0.0,203.4655078125,2.341695e-08
5.0,0.0,203.4652578125,2.3363e-08
5.0,0.0,203.4650078125,2.325736666666667e-08
5.0,0.0,203.4647578125,2.306255e-08
5.0,0.0,203.4645078125,2.30075e-08
5.0,0.0,203.4642578125,2.294855e-08
5.0,0.0,203.4640078125,2.275145e-08
5.0,0.0,203.4637578125,2.265655e-08
5.0,0.0,203.4635078125,2.2661400000000002e-08
5.0,0.0,203.4632578125,2.22542e-08
5.0,0.0,203.4630078125,2.2255233333333334e-08
5.0,0.0,203.4627578125,2.211125e-08
5.0,0.0,203.4625078125,2.2049e-08
5.0,0.0,203.4622578125,2.191465e-08
5.0,0.0,203.4620078125,2.17287e-08
5.0,0.0,203.4617578125,2.17351e-08
5.0,0.0,203.4615078125,2.14673e-08
5.0,0.0,203.4612578125,2.12784e-08
5.0,0.0,203.4610078125,2.1140566666666666e-08
5.0,0.0,203.4607578125,2.095345e-08
5.0,0.0,203.4605078125,2.0734300000000002e-08
5.0,0.0,203.4602578125,2.0641e-08
5.0,0.0,203.4600078125,2.07194e-08
5.0,0.0,203.4597578125,2.06711e-08
5.0,0.0,203.4595078125,2.07918e-08
5.0,0.0,203.4592578125,2.048335e-08
5.0,0.0,203.4590078125,2.05772e-08
5.0,0.0,203.4587578125,2.037735e-08
5.0,0.0,203.4585078125,2.0161e-08
5.0,0.0,203.4582578125,2.004585e-08
5.0,0.0,203.4580078125,1.99086e-08
5.0,0.0,203.4577578125,1.9795350000000002e-08
5.0,0.0,203.4575078125,1.94454e-08
5.0,0.0,203.4572578125,1.97107e-08
5.0,0.0,203.4570078125,1.95143e-08
5.0,0.0,203.4567578125,1.947425e-08
5.0,0.0,203.4565078125,1.91704e-08
5.0,0.0,203.4562578125,1.932215e-08
5.0,0.0,203.4560078125,1.923995e-08
5.0,0.0,203.4557578125,1.90422e-08
5.0,0.0,203.4555078125,1.89125e-08
5.0,0.0,203.4552578125,1.932855e-08
5.0,0.0,203.4550078125,1.892565e-08
5.0,0.0,203.4547578125,1.89495e-08
5.0,0.0,203.4545078125,1.96777e-08
5.0,0.0,203.4542578125,1.89672e-08
5.0,0.0,203.4540078125,1.90796e-08
5.0,0.0,203.4537578125,1.88213e-08
5.0,0.0,203.4535078125,1.8958950000000002e-08
5.0,0.0,203.4532578125,1.920465e-08
5.0,0.0,203.4530078125,1.873105e-08
5.0,0.0,203.4527578125,1.892755e-08
5.0,0.0,203.4525078125,1.89126e-08
5.0,0.0,203.4522578125,1.879515e-08
5.0,0.0,203.4520078125,1.8802000000000002e-08
5.0,0.0,203.4517578125,1.86197e-08
5.0,0.0,203.4515078125,1.851835e-08
5.0,0.0,203.4512578125,1.840555e-08
5.0,0.0,203.4510078125,1.82096e-08
5.0,0.0,203.4507578125,1.85013e-08
5.0,0.0,203.4505078125,1.81927e-08
5.0,0.0,203.4502578125,1.8103e-08
5.0,0.0,203.4500078125,1.82031e-08
5.0,0.0,203.4497578125,1.80955e-08
5.0,0.0,203.4495078125,1.77398e-08
5.0,0.0,203.4492578125,1.80194e-08
5.0,0.0,203.4490078125,1.7689900000000003e-08
5.0,0.0,203.4487578125,1.8045e-08
5.0,0.0,203.4485078125,1.79436e-08
5.0,0.0,203.4482578125,1.78307e-08
5.0,0.0,203.4480078125,1.7895000000000002e-08
5.0,0.0,203.4477578125,1.7834550000000003e-08
5.0,0.0,203.4475078125,1.78728e-08
5.0,0.0,203.4472578125,1.80218e-08
5.0,0.0,203.4470078125,1.7764699999999998e-08
5.0,0.0,203.4467578125,1.7569149999999998e-08
5.0,0.0,203.4465078125,1.777515e-08
5.0,0.0,203.4462578125,1.7443e-08
5.0,0.0,203.4460078125,1.758995e-08
5.0,0.0,203.4457578125,1.74942e-08
5.0,0.0,203.4455078125,1.7496e-08
5.0,0.0,203.4452578125,1.7783500000000002e-08
5.0,0.0,203.4450078125,1.73184e-08
5.0,0.0,203.4447578125,1.7407800000000002e-08
5.0,0.0,203.4445078125,1.72199e-08
5.0,0.0,203.4442578125,1.750365e-08
5.0,0.0,203.4440078125,1.7463850000000002e-08
5.0,0.0,203.4437578125,1.73807e-08
5.0,0.0,203.4435078125,1.694915e-08
5.0,0.0,203.4432578125,1.741445e-08
5.0,0.0,203.4430078125,1.72412e-08
5.0,0.0,203.4427578125,1.73887e-08
5.0,0.0,203.4425078125,1.74093e-08
5.0,0.0,203.4422578125,1.745375e-08
5.0,0.0,203.4420078125,1.732725e-08
5.0,0.0,203.4417578125,1.73799e-08
5.0,0.0,203.4415078125,1.7339400000000002e-08
5.0,0.0,203.4412578125,1.7373949999999998e-08
5.0,0.0,203.4410078125,1.7207350000000002e-08
5.0,0.0,203.4407578125,1.742965e-08
5.0,0.0,203.4405078125,1.751115e-08
5.0,0.0,203.4402578125,1.744245e-08
5.0,0.0,203.4400078125,1.72371e-08
5.0,0.0,203.4397578125,1.75251e-08
5.0,0.0,203.4395078125,1.753555e-08
5.0,0.0,203.4392578125,1.77239e-08
5.0,0.0,203.4390078125,1.770845e-08
5.0,0.0,203.4387578125,1.76823e-08
5.0,0.0,203.4385078125,1.8026166666666663e-08
5.0,0.0,203.4382578125,1.78282e-08
5.0,0.0,203.4380078125,1.77898e-08
5.0,0.0,203.4377578125,1.78818e-08
5.0,0.0,203.4375078125,1.80635e-08
5.0,0.0,203.4372578125,1.797835e-08
5.0,0.0,203.4370078125,1.81967e-08
5.0,0.0,203.4367578125,1.8186800000000002e-08
5.0,0.0,203.4365078125,1.83058e-08
5.0,0.0,203.4362578125,1.84733e-08
5.0,0.0,203.4360078125,1.857355e-08
5.0,0.0,203.4357578125,1.85571e-08
5.0,0.0,203.4355078125,1.85837e-08
5.0,0.0,203.4352578125,1.87125e-08
5.0,0.0,203.4350078125,1.877525e-08
5.0,0.0,203.4347578125,1.88513e-08
5.0,0.0,203.4345078125,1.884675e-08
5.0,0.0,203.4342578125,1.89414e-08
5.0,0.0,203.4340078125,1.8862700000000002e-08
5.0,0.0,203.4337578125,1.89105e-08
5.0,0.0,203.4335078125,1.893065e-08
5.0,0.0,203.4332578125,1.915075e-08
5.0,0.0,203.4330078125,1.921225e-08
5.0,0.0,203.4327578125,1.908015e-08
5.0,0.0,203.4325078125,1.939255e-08
5.0,0.0,203.4322578125,1.938075e-08
5.0,0.0,203.4320078125,1.936975e-08
5.0,0.0,203.4317578125,1.9246600000000002e-08
5.0,0.0,203.4315078125,1.94435e-08
5.0,0.0,203.4312578125,1.9537800000000002e-08
5.0,0.0,203.4310078125,1.9369650000000002e-08
5.0,0.0,203.4307578125,1.95607e-08
5.0,0.0,203.4305078125,1.9641700000000002e-08
5.0,0.0,203.4302578125,1.9594400000000002e-08
5.0,0.0,203.4300078125,1.96913e-08
5.0,0.0,203.4297578125,1.98355e-08
5.0,0.0,203.4295078125,1.98533e-08
5.0,0.0,203.4292578125,1.986805e-08
5.0,0.0,203.4290078125,1.9745e-08
5.0,0.0,203.4287578125,1.98913e-08
5.0,0.0,203.4285078125,1.99789e-08
5.0,0.0,203.4282578125,1.98392e-08
5.0,0.0,203.4280078125,1.99324e-08
5.0,0.0,203.4277578125,1.988445e-08
5.0,0.0,203.4275078125,2.02199e-08
5.0,0.0,203.4272578125,2.03273e-08
5.0,0.0,203.4270078125,2.03752e-08
5.0,0.0,203.4267578125,2.02685e-08
5.0,0.0,203.4265078125,2.023035e-08
5.0,0.0,203.4262578125,2.053235e-08
5.0,0.0,203.4260078125,2.03883e-08
5.0,0.0,203.4257578125,2.0616e-08
5.0,0.0,203.4255078125,2.047715e-08
5.0,0.0,203.4252578125,2.04873e-08
5.0,0.0,203.4250078125,2.05339e-08
5.0,0.0,203.4247578125,2.0405100000000002e-08
5.0,0.0,203.4245078125,2.068655e-08
5.0,0.0,203.4242578125,2.073505e-08
5.0,0.0,203.4240078125,2.064505e-08
5.0,0.0,203.4237578125,2.08436e-08
5.0,0.0,203.4235078125,2.085565e-08
5.0,0.0,203.4232578125,2.06143e-08
5.0,0.0,203.4230078125,2.10779e-08
5.0,0.0,203.4227578125,2.109685e-08
5.0,0.0,203.4225078125,2.09728e-08
5.0,0.0,203.4222578125,2.10303e-08
5.0,0.0,203.4220078125,2.1110800000000002e-08
5.0,0.0,203.4217578125,2.11829e-08
5.0,0.0,203.4215078125,2.121275e-08
5.0,0.0,203.4212578125,2.1122850000000002e-08
5.0,0.0,203.4210078125,2.11733e-08
5.0,0.0,203.4207578125,2.10893e-08
5.0,0.0,203.4205078125,2.11869e-08
5.0,0.0,203.4202578125,2.11845e-08
5.0,0.0,203.4200078125,2.1047100000000002e-08
5.0,0.0,203.4197578125,2.11921e-08
5.0,0.0,203.4195078125,2.118725e-08
5.0,0.0,203.4192578125,2.11254e-08
5.0,0.0,203.4190078125,2.12307e-08
5.0,0.0,203.4187578125,2.1224000000000002e-08
5.0,0.0,203.4185078125,2.1272150000000002e-08
5.0,0.0,203.4182578125,2.124555e-08
5.0,0.0,203.4180078125,2.13482e-08
5.0,0.0,203.4177578125,2.121355e-08
5.0,0.0,203.4175078125,2.11582e-08
5.0,0.0,203.4172578125,2.124395e-08
5.0,0.0,203.4170078125,2.139885e-08
5.0,0.0,203.4167578125,2.13121e-08
5.0,0.0,203.4165078125,2.150185e-08
5.0,0.0,203.4162578125,2.17968e-08
5.0,0.0,203.4160078125,2.17536e-08
5.0,0.0,203.4157578125,2.147835e-08
5.0,0.0,203.4155078125,2.16764e-08
5.0,0.0,203.4152578125,2.181595e-08
5.0,0.0,203.4150078125,2.17761e-08
5.0,0.0,203.4147578125,2.203925e-08
5.0,0.0,203.4145078125,2.19044e-08
5.0,0.0,203.4142578125,2.180725e-08
5.0,0.0,203.4140078125,2.1876e-08
5.0,0.0,203.4137578125,2.183455e-08
5.0,0.0,203.4135078125,2.2028e-08
5.0,0.0,203.4132578125,2.21932e-08
5.0,0.0,203.4130078125,2.22143e-08
5.0,0.0,203.4127578125,2.211955e-08
5.0,0.0,203.4125078125,2.21775e-08
5.0,0.0,203.4122578125,2.23599e-08
5.0,0.0,203.4120078125,2.22382e-08
5.0,0.0,203.4117578125,2.205815e-08
5.0,0.0,203.4115078125,2.22648e-08
5.0,0.0,203.4112578125,2.235005e-08
5.0,0.0,203.4110078125,2.24408e-08
5.0,0.0,203.4107578125,2.22892e-08
5.0,0.0,203.4105078125,2.205285e-08
5.0,0.0,203.4102578125,2.234035e-08
5.0,0.0,203.4100078125,2.247755e-08
5.0,0.0,203.4097578125,2.258735e-08
5.0,0.0,203.4095078125,2.26901e-08
5.0,0.0,203.4092578125,2.25518e-08
5.0,0.0,203.4090078125,2.28876e-08
5.0,0.0,203.4087578125,2.273385e-08
5.0,0.0,203.4085078125,2.25682e-08
5.0,0.0,203.4082578125,2.281935e-08
5.0,0.0,203.4080078125,2.2420800000000002e-08
5.0,0.0,203.4077578125,2.27461e-08
5.0,0.0,203.4075078125,2.2939500000000002e-08
5.0,0.0,203.4072578125,2.2814000000000002e-08
5.0,0.0,203.4070078125,2.274595e-08
5.0,0.0,203.4067578125,2.31658e-08
5.0,0.0,203.4065078125,2.28524e-08
5.0,0.0,203.4062578125,2.26807e-08
5.0,0.0,203.4060078125,2.2856766666666664e-08
5.0,0.0,203.4057578125,2.309855e-08
5.0,0.0,203.4055078125,2.3063900000000002e-08
5.0,0.0,203.4052578125,2.33476e-08
5.0,0.0,203.4050078125,2.297255e-08
5.0,0.0,203.4047578125,2.31436e-08
5.0,0.0,203.4045078125,2.32153e-08
5.0,0.0,203.4042578125,2.3148400000000002e-08
5.0,0.0,203.4040078125,2.3394750000000002e-08
5.0,0.0,203.4037578125,2.32314e-08
5.0,0.0,203.4035078125,2.34007e-08
5.0,0.0,203.4032578125,2.35259e-08
5.0,0.0,203.4030078125,2.35035e-08
5.0,0.0,203.4027578125,2.34861e-08
5.0,0.0,203.4025078125,2.353345e-08
5.0,0.0,203.4022578125,2.35712e-08
5.0,0.0,203.4020078125,2.37313e-08
5.0,0.0,203.4017578125,2.38795e-08
5.0,0.0,203.4015078125,2.36201e-08
5.0,0.0,203.4012578125,2.36261e-08
5.0,0.0,203.4010078125,2.3843e-08
5.0,0.0,203.4007578125,2.361985e-08
5.0,0.0,203.4005078125,2.41761e-08
5.0,0.0,203.4002578125,2.38685e-08
5.0,0.0,203.4000078125,2.4262600000000002e-08
5.0,0.0,203.3997578125,2.43138e-08
5.0,0.0,203.3995078125,2.40153e-08
5.0,0.0,203.3992578125,2.45471e-08
5.0,0.0,203.3990078125,2.45914e-08
5.0,0.0,203.3987578125,2.451025e-08
5.0,0.0,203.3985078125,2.47096e-08
5.0,0.0,203.3982578125,2.46037e-08
5.0,0.0,203.3980078125,2.48673e-08
5.0,0.0,203.3977578125,2.4694350000000002e-08
5.0,0.0,203.3975078125,2.488615e-08
5.0,0.0,203.3972578125,2.5054e-08
5.0,0.0,203.3970078125,2.510025e-08
5.0,0.0,203.3967578125,2.534295e-08
5.0,0.0,203.3965078125,2.55845e-08
5.0,0.0,203.3962578125,2.58906e-08
5.0,0.0,203.3960078125,2.573e-08
5.0,0.0,203.3957578125,2.61192e-08
5.0,0.0,203.3955078125,2.57166e-08
5.0,0.0,203.3952578125,2.59336e-08
5.0,0.0,203.3950078125,2.60663e-08
5.0,0.0,203.3947578125,2.60007e-08
5.0,0.0,203.3945078125,2.589115e-08
5.0,0.0,203.3942578125,2.595545e-08
5.0,0.0,203.3940078125,2.604305e-08
5.0,0.0,203.3937578125,2.6312750000000002e-08
5.0,0.0,203.3935078125,2.613075e-08
5.0,0.0,203.3932578125,2.63835e-08
5.0,0.0,203.3930078125,2.61084e-08
5.0,0.0,203.3927578125,2.63842e-08
5.0,0.0,203.3925078125,2.668165e-08
5.0,0.0,203.3922578125,2.667045e-08
5.0,0.0,203.3920078125,2.655545e-08
5.0,0.0,203.3917578125,2.6834700000000002e-08
5.0,0.0,203.3915078125,2.68579e-08
5.0,0.0,203.3912578125,2.690235e-08
5.0,0.0,203.3910078125,2.66937e-08
5.0,0.0,203.3907578125,2.694975e-08
5.0,0.0,203.3905078125,2.71319e-08
5.0,0.0,203.3902578125,2.71243e-08
5.0,0.0,203.3900078125,2.717675e-08
5.0,0.0,203.3897578125,2.75331e-08
5.0,0.0,203.3895078125,2.7394e-08
5.0,0.0,203.3892578125,2.752115e-08
5.0,0.0,203.3890078125,2.743595e-08
5.0,0.0,203.3887578125,2.78687e-08
5.0,0.0,203.3885078125,2.764565e-08
5.0,0.0,203.3882578125,2.77062e-08
5.0,0.0,203.3880078125,2.7989366666666672e-08
5.0,0.0,203.3877578125,2.807295e-08
5.0,0.0,203.3875078125,2.84833e-08
5.0,0.0,203.3872578125,2.79796e-08
5.0,0.0,203.3870078125,2.818235e-08
5.0,0.0,203.3867578125,2.844615e-08
5.0,0.0,203.3865078125,2.8455600000000002e-08
5.0,0.0,203.3862578125,2.861485e-08
5.0,0.0,203.3860078125,2.87244e-08
5.0,0.0,203.3857578125,2.918585e-08
5.0,0.0,203.3855078125,2.89497e-08
5.0,0.0,203.3852578125,2.89101e-08
5.0,0.0,203.3850078125,2.90553e-08
5.0,0.0,203.3847578125,2.9316600000000002e-08
5.0,0.0,203.3845078125,2.91092e-08
5.0,0.0,203.3842578125,2.92161e-08
5.0,0.0,203.3840078125,2.9317950000000002e-08
5.0,0.0,203.3837578125,2.952865e-08
5.0,0.0,203.3835078125,2.93735e-08
5.0,0.0,203.3832578125,2.93394e-08
5.0,0.0,203.3830078125,2.939555e-08
5.0,0.0,203.3827578125,2.9233750000000002e-08
5.0,0.0,203.3825078125,2.90305e-08
5.0,0.0,203.3822578125,2.8941750000000002e-08
5.0,0.0,203.3820078125,2.879505e-08
5.0,0.0,203.3817578125,2.83861e-08
5.0,0.0,203.3815078125,2.83376e-08
5.0,0.0,203.3812578125,2.80485e-08
5.0,0.0,203.3810078125,2.7764650000000002e-08
5.0,0.0,203.3807578125,2.698395e-08
5.0,0.0,203.3805078125,2.65065e-08
5.0,0.0,203.3802578125,2.64863e-08
5.0,0.0,203.3800078125,2.610825e-08
5.0,0.0,203.3797578125,2.571365e-08
5.0,0.0,203.3795078125,2.5224500000000002e-08
5.0,0.0,203.3792578125,2.4906800000000002e-08
5.0,0.0,203.3790078125,2.4347533333333336e-08
5.0,0.0,203.3787578125,2.344055e-08
5.0,0.0,203.3785078125,2.26845e-08
5.0,0.0,203.3782578125,2.22246e-08
5.0,0.0,203.3780078125,2.156505e-08
5.0,0.0,203.3777578125,2.07171e-08
5.0,0.0,203.3775078125,2.01086e-08
5.0,0.0,203.3772578125,1.93026e-08
5.0,0.0,203.3770078125,1.8729550000000002e-08
5.0,0.0,203.3767578125,1.76457e-08
5.0,0.0,203.3765078125,1.647085e-08
5.0,0.0,203.3762578125,1.558765e-08
5.0,0.0,203.3760078125,1.488425e-08
5.0,0.0,203.3757578125,1.373695e-08
5.0,0.0,203.3755078125,1.25972e-08
5.0,0.0,203.3752578125,1.22254e-08
5.0,0.0,203.3750078125,1.134885e-08
5.0,0.0,203.3747578125,1.0325935e-08
5.0,0.0,203.3745078125,9.673069999999999e-09
5.0,0.0,203.3742578125,8.915864999999997e-09
5.0,0.0,203.3740078125,7.820369999999999e-09
5.0,0.0,203.3737578125,6.65673e-09
5.0,0.0,203.3735078125,5.83801e-09
5.0,0.0,203.3732578125,4.835225e-09
10.0,0.0,203.7662578125,-3.6417299999999997e-10
10.0,0.0,203.7660078125,-4.9733e-10
10.0,0.0,203.7657578125,-3.88565e-10
10.0,0.0,203.7655078125,-3.52087e-10
10.0,0.0,203.7652578125,-3.76945e-10
10.0,0.0,203.7650078125,-2.6608800000000004e-10
10.0,0.0,203.7647578125,-2.1218295e-10
10.0,0.0,203.7645078125,-5.51994e-11
10.0,0.0,203.7642578125,-1.028301e-10
10.0,0.0,203.7640078125,6.617706000000001e-11
10.0,0.0,203.7637578125,6.000055e-10
10.0,0.0,203.7635078125,8.180354999999999e-10
10.0,0.0,203.7632578125,1.0755849999999999e-09
10.0,0.0,203.7630078125,1.37016e-09
10.0,0.0,203.7627578125,1.5593299999999998e-09
10.0,0.0,203.7625078125,1.86945e-09
10.0,0.0,203.7622578125,2.2783449999999997e-09
10.0,0.0,203.7620078125,2.7727799999999996e-09
10.0,0.0,203.7617578125,3.2962549999999996e-09
10.0,0.0,203.7615078125,3.9386149999999994e-09
10.0,0.0,203.7612578125,3.97782e-09
10.0,0.0,203.7610078125,4.04674e-09
10.0,0.0,203.7607578125,4.082e-09
10.0,0.0,203.7605078125,4.385635e-09
10.0,0.0,203.7602578125,4.565654999999999e-09
10.0,0.0,203.7600078125,4.7214999999999995e-09
10.0,0.0,203.7597578125,4.505784999999999e-09
10.0,0.0,203.7595078125,4.409114999999999e-09
10.0,0.0,203.7592578125,4.2311099999999995e-09
10.0,0.0,203.7590078125,4.24736e-09
10.0,0.0,203.7587578125,4.9547299999999995e-09
10.0,0.0,203.7585078125,5.804354999999999e-09
10.0,0.0,203.7582578125,7.126974999999999e-09
10.0,0.0,203.7580078125,7.758099999999998e-09
10.0,0.0,203.7577578125,8.191539999999999e-09
10.0,0.0,203.7575078125,8.666216666666667e-09
10.0,0.0,203.7572578125,8.98629e-09
10.0,0.0,203.7570078125,9.408706666666669e-09
10.0,0.0,203.7567578125,9.87304e-09
10.0,0.0,203.7565078125,9.94234e-09
10.0,0.0,203.7562578125,1.031905e-08
10.0,0.0,203.7560078125,1.05127e-08
10.0,0.0,203.7557578125,1.09306e-08
10.0,0.0,203.7555078125,1.12367e-08
10.0,0.0,203.7552578125,1.60359e-08
10.0,0.0,203.7550078125,1.670105e-08
10.0,0.0,203.7547578125,1.762945e-08
10.0,0.0,203.7545078125,1.863735e-08
10.0,0.0,203.7542578125,1.944925e-08
10.0,0.0,203.7540078125,2.01647e-08
10.0,0.0,203.7537578125,2.1181e-08
10.0,0.0,203.7535078125,2.185915e-08
10.0,0.0,203.7532578125,2.2587850000000002e-08
10.0,0.0,203.7530078125,2.3382e-08
10.0,0.0,203.7527578125,2.42022e-08
10.0,0.0,203.7525078125,2.47139e-08
10.0,0.0,203.7522578125,2.52313e-08
10.0,0.0,203.7520078125,2.608083333333333e-08
10.0,0.0,203.7517578125,2.6473800000000002e-08
10.0,0.0,203.7515078125,2.6727000000000002e-08
10.0,0.0,203.7512578125,2.7016000000000002e-08
10.0,0.0,203.7510078125,2.72883e-08
10.0,0.0,203.7507578125,2.74834e-08
10.0,0.0,203.7505078125,2.7766133333333334e-08
10.0,0.0,203.7502578125,2.79178e-08
10.0,0.0,203.7500078125,2.821185e-08
10.0,0.0,203.7497578125,2.82573e-08
10.0,0.0,203.7495078125,2.836685e-08
10.0,0.0,203.7492578125,2.844805e-08
10.0,0.0,203.7490078125,2.858415e-08
10.0,0.0,203.7487578125,2.88028e-08
10.0,0.0,203.7485078125,2.861275e-08
10.0,0.0,203.7482578125,2.86093e-08
10.0,0.0,203.7480078125,2.872215e-08
10.0,0.0,203.7477578125,2.87916e-08
10.0,0.0,203.7475078125,2.8837300000000002e-08
10.0,0.0,203.7472578125,2.8877200000000002e-08
10.0,0.0,203.7470078125,2.87227e-08
10.0,0.0,203.7467578125,2.88769e-08
10.0,0.0,203.7465078125,2.88718e-08
10.0,0.0,203.7462578125,2.862725e-08
10.0,0.0,203.7460078125,2.85988e-08
10.0,0.0,203.7457578125,2.850805e-08
10.0,0.0,203.7455078125,2.8381200000000002e-08
10.0,0.0,203.7452578125,2.83511e-08
10.0,0.0,203.7450078125,2.81e-08
10.0,0.0,203.7447578125,2.81098e-08
10.0,0.0,203.7445078125,2.796795e-08
10.0,0.0,203.7442578125,2.780405e-08
10.0,0.0,203.7440078125,2.778425e-08
10.0,0.0,203.7437578125,2.78698e-08
10.0,0.0,203.7435078125,2.7736200000000002e-08
10.0,0.0,203.7432578125,2.76711e-08
10.0,0.0,203.7430078125,2.7706e-08
10.0,0.0,203.7427578125,2.7525e-08
10.0,0.0,203.7425078125,2.742815e-08
10.0,0.0,203.7422578125,2.7559e-08
10.0,0.0,203.7420078125,2.74235e-08
10.0,0.0,203.7417578125,2.756375e-08
10.0,0.0,203.7415078125,2.75644e-08
10.0,0.0,203.7412578125,2.765215e-08
10.0,0.0,203.7410078125,2.7838200000000002e-08
10.0,0.0,203.7407578125,2.788775e-08
10.0,0.0,203.7405078125,2.78632e-08
10.0,0.0,203.7402578125,2.77778e-08
10.0,0.0,203.7400078125,2.79263e-08
10.0,0.0,203.7397578125,2.772695e-08
10.0,0.0,203.7395078125,2.77605e-08
10.0,0.0,203.7392578125,2.776525e-08
10.0,0.0,203.7390078125,2.760375e-08
10.0,0.0,203.7387578125,2.75275e-08
10.0,0.0,203.7385078125,2.742605e-08
10.0,0.0,203.7382578125,2.72672e-08
10.0,0.0,203.7380078125,2.7078900000000002e-08
10.0,0.0,203.7377578125,2.707145e-08
10.0,0.0,203.7375078125,2.69554e-08
10.0,0.0,203.7372578125,2.684405e-08
10.0,0.0,203.7370078125,2.68723e-08
10.0,0.0,203.7367578125,2.6665400000000006e-08
10.0,0.0,203.7365078125,2.68899e-08
10.0,0.0,203.7362578125,2.67372e-08
10.0,0.0,203.7360078125,2.68561e-08
10.0,0.0,203.7357578125,2.668315e-08
10.0,0.0,203.7355078125,2.68777e-08
10.0,0.0,203.7352578125,2.683995e-08
10.0,0.0,203.7350078125,2.64367e-08
10.0,0.0,203.7347578125,2.653895e-08
10.0,0.0,203.7345078125,2.643995e-08
10.0,0.0,203.7342578125,2.635415e-08
10.0,0.0,203.7340078125,2.6196250000000002e-08
10.0,0.0,203.7337578125,2.6142e-08
10.0,0.0,203.7335078125,2.61501e-08
10.0,0.0,203.7332578125,2.5949850000000006e-08
10.0,0.0,203.7330078125,2.59917e-08
10.0,0.0,203.7327578125,2.592565e-08
10.0,0.0,203.7325078125,2.58724e-08
10.0,0.0,203.7322578125,2.587475e-08
10.0,0.0,203.7320078125,2.5875550000000002e-08
10.0,0.0,203.7317578125,2.57172e-08
10.0,0.0,203.7315078125,2.570705e-08
10.0,0.0,203.7312578125,2.57456e-08
10.0,0.0,203.7310078125,2.56528e-08
10.0,0.0,203.7307578125,2.562365e-08
10.0,0.0,203.7305078125,2.5736650000000002e-08
10.0,0.0,203.7302578125,2.578665e-08
10.0,0.0,203.7300078125,2.57921e-08
10.0,0.0,203.7297578125,2.566845e-08
10.0,0.0,203.7295078125,2.576085e-08
10.0,0.0,203.7292578125,2.5766e-08
10.0,0.0,203.7290078125,2.57784e-08
10.0,0.0,203.7287578125,2.572415e-08
10.0,0.0,203.7285078125,2.567665e-08
10.0,0.0,203.7282578125,2.57506e-08
10.0,0.0,203.7280078125,2.594105e-08
10.0,0.0,203.7277578125,2.583455e-08
10.0,0.0,203.7275078125,2.589375e-08
10.0,0.0,203.7272578125,2.59977e-08
10.0,0.0,203.7270078125,2.587785e-08
10.0,0.0,203.7267578125,2.585855e-08
10.0,0.0,203.7265078125,2.578355e-08
10.0,0.0,203.7262578125,2.58212e-08
10.0,0.0,203.7260078125,2.56805e-08
10.0,0.0,203.7257578125,2.57568e-08
10.0,0.0,203.7255078125,2.554635e-08
10.0,0.0,203.7252578125,2.55836e-08
10.0,0.0,203.7250078125,2.55762e-08
10.0,0.0,203.7247578125,2.5738000000000002e-08
10.0,0.0,203.7245078125,2.5791050000000002e-08
10.0,0.0,203.7242578125,2.56868e-08
10.0,0.0,203.7240078125,2.581685e-08
10.0,0.0,203.7237578125,2.59035e-08
10.0,0.0,203.7235078125,2.585635e-08
10.0,0.0,203.7232578125,2.58912e-08
10.0,0.0,203.7230078125,2.59001e-08
10.0,0.0,203.7227578125,2.581705e-08
10.0,0.0,203.7225078125,2.577825e-08
10.0,0.0,203.7222578125,2.57911e-08
10.0,0.0,203.7220078125,2.57374e-08
10.0,0.0,203.7217578125,2.56645e-08
10.0,0.0,203.7215078125,2.5663100000000002e-08
10.0,0.0,203.7212578125,2.56459e-08
10.0,0.0,203.7210078125,2.56774e-08
10.0,0.0,203.7207578125,2.567985e-08
10.0,0.0,203.7205078125,2.575515e-08
10.0,0.0,203.7202578125,2.58424e-08
10.0,0.0,203.7200078125,2.588745e-08
10.0,0.0,203.7197578125,2.5921200000000002e-08
10.0,0.0,203.7195078125,2.602405e-08
10.0,0.0,203.7192578125,2.605815e-08
10.0,0.0,203.7190078125,2.608175e-08
10.0,0.0,203.7187578125,2.62405e-08
10.0,0.0,203.7185078125,2.613425e-08
10.0,0.0,203.7182578125,2.61656e-08
10.0,0.0,203.7180078125,2.602165e-08
10.0,0.0,203.7177578125,2.60152e-08
10.0,0.0,203.7175078125,2.594895e-08
10.0,0.0,203.7172578125,2.59816e-08
10.0,0.0,203.7170078125,2.598385e-08
10.0,0.0,203.7167578125,2.59076e-08
10.0,0.0,203.7165078125,2.58953e-08
10.0,0.0,203.7162578125,2.58238e-08
10.0,0.0,203.7160078125,2.58731e-08
10.0,0.0,203.7157578125,2.586895e-08
10.0,0.0,203.7155078125,2.59258e-08
10.0,0.0,203.7152578125,2.59211e-08
10.0,0.0,203.7150078125,2.59733e-08
10.0,0.0,203.7147578125,2.59853e-08
10.0,0.0,203.7145078125,2.60346e-08
10.0,0.0,203.7142578125,2.6019100000000002e-08
10.0,0.0,203.7140078125,2.6067933333333336e-08
10.0,0.0,203.7137578125,2.617305e-08
10.0,0.0,203.7135078125,2.62112e-08
10.0,0.0,203.7132578125,2.61693e-08
10.0,0.0,203.7130078125,2.6230450000000002e-08
10.0,0.0,203.7127578125,2.60984e-08
10.0,0.0,203.7125078125,2.61082e-08
10.0,0.0,203.7122578125,2.60487e-08
10.0,0.0,203.7120078125,2.6031800000000004e-08
10.0,0.0,203.7117578125,2.594325e-08
10.0,0.0,203.7115078125,2.59444e-08
10.0,0.0,203.7112578125,2.58857e-08
10.0,0.0,203.7110078125,2.5927750000000002e-08
10.0,0.0,203.7107578125,2.5856400000000002e-08
10.0,0.0,203.7105078125,2.583465e-08
10.0,0.0,203.7102578125,2.58566e-08
10.0,0.0,203.7100078125,2.5930533333333328e-08
10.0,0.0,203.7097578125,2.58972e-08
10.0,0.0,203.7095078125,2.56845e-08
10.0,0.0,203.7092578125,2.579085e-08
10.0,0.0,203.7090078125,2.58059e-08
10.0,0.0,203.7087578125,2.5810200000000002e-08
10.0,0.0,203.7085078125,2.582515e-08
10.0,0.0,203.7082578125,2.56954e-08
10.0,0.0,203.7080078125,2.5808000000000002e-08
10.0,0.0,203.7077578125,2.569825e-08
10.0,0.0,203.7075078125,2.5846550000000002e-08
10.0,0.0,203.7072578125,2.569845e-08
10.0,0.0,203.7070078125,2.57233e-08
10.0,0.0,203.7067578125,2.573415e-08
10.0,0.0,203.7065078125,2.56733e-08
10.0,0.0,203.7062578125,2.5766e-08
10.0,0.0,203.7060078125,2.57069e-08
10.0,0.0,203.7057578125,2.554875e-08
10.0,0.0,203.7055078125,2.564755e-08
10.0,0.0,203.7052578125,2.56075e-08
10.0,0.0,203.7050078125,2.554523333333333e-08
10.0,0.0,203.7047578125,2.5587250000000003e-08
10.0,0.0,203.7045078125,2.53681e-08
10.0,0.0,203.7042578125,2.544575e-08
10.0,0.0,203.7040078125,2.52998e-08
10.0,0.0,203.7037578125,2.52605e-08
10.0,0.0,203.7035078125,2.53206e-08
10.0,0.0,203.7032578125,2.527625e-08
10.0,0.0,203.7030078125,2.5160933333333334e-08
10.0,0.0,203.7027578125,2.52343e-08
10.0,0.0,203.7025078125,2.52358e-08
10.0,0.0,203.7022578125,2.524675e-08
10.0,0.0,203.7020078125,2.528135e-08
10.0,0.0,203.7017578125,2.522325e-08
10.0,0.0,203.7015078125,2.52099e-08
10.0,0.0,203.7012578125,2.517485e-08
10.0,0.0,203.7010078125,2.5189500000000002e-08
10.0,0.0,203.7007578125,2.5102000000000002e-08
10.0,0.0,203.7005078125,2.51078e-08
10.0,0.0,203.7002578125,2.50741e-08
10.0,0.0,203.7000078125,2.517655e-08
10.0,0.0,203.6997578125,2.503685e-08
10.0,0.0,203.6995078125,2.50618e-08
10.0,0.0,203.6992578125,2.51654e-08
10.0,0.0,203.6990078125,2.508145e-08
10.0,0.0,203.6987578125,2.514325e-08
10.0,0.0,203.6985078125,2.509075e-08
10.0,0.0,203.6982578125,2.5072150000000006e-08
10.0,0.0,203.6980078125,2.51309e-08
10.0,0.0,203.6977578125,2.50912e-08
10.0,0.0,203.6975078125,2.50883e-08
10.0,0.0,203.6972578125,2.50933e-08
10.0,0.0,203.6970078125,2.51524e-08
10.0,0.0,203.6967578125,2.508775e-08
10.0,0.0,203.6965078125,2.5118e-08
10.0,0.0,203.6962578125,2.50519e-08
10.0,0.0,203.6960078125,2.50893e-08
10.0,0.0,203.6957578125,2.5122e-08
10.0,0.0,203.6955078125,2.51522e-08
10.0,0.0,203.6952578125,2.51425e-08
10.0,0.0,203.6950078125,2.52377e-08
10.0,0.0,203.6947578125,2.529165e-08
10.0,0.0,203.6945078125,2.51091e-08
10.0,0.0,203.6942578125,2.532385e-08
10.0,0.0,203.6940078125,2.53087e-08
10.0,0.0,203.6937578125,2.53046e-08
10.0,0.0,203.6935078125,2.52631e-08
10.0,0.0,203.6932578125,2.5221e-08
10.0,0.0,203.6930078125,2.520025e-08
10.0,0.0,203.6927578125,2.526435e-08
10.0,0.0,203.6925078125,2.51371e-08
10.0,0.0,203.6922578125,2.53857e-08
10.0,0.0,203.6920078125,2.529535e-08
10.0,0.0,203.6917578125,2.5429300000000002e-08
10.0,0.0,203.6915078125,2.5406500000000003e-08
10.0,0.0,203.6912578125,2.55233e-08
10.0,0.0,203.6910078125,2.549135e-08
10.0,0.0,203.6907578125,2.56951e-08
10.0,0.0,203.6905078125,2.55778e-08
10.0,0.0,203.6902578125,2.55469e-08
10.0,0.0,203.6900078125,2.56191e-08
10.0,0.0,203.6897578125,2.563065e-08
10.0,0.0,203.6895078125,2.566115e-08
10.0,0.0,203.6892578125,2.56626e-08
10.0,0.0,203.6890078125,2.567535e-08
10.0,0.0,203.6887578125,2.57665e-08
10.0,0.0,203.6885078125,2.57387e-08
10.0,0.0,203.6882578125,2.565695e-08
10.0,0.0,203.6880078125,2.572855e-08
10.0,0.0,203.6877578125,2.579755e-08
10.0,0.0,203.6875078125,2.5881000000000002e-08
10.0,0.0,203.6872578125,2.582745e-08
10.0,0.0,203.6870078125,2.580683333333333e-08
10.0,0.0,203.6867578125,2.5765e-08
10.0,0.0,203.6865078125,2.58363e-08
10.0,0.0,203.6862578125,2.580765e-08
10.0,0.0,203.6860078125,2.57938e-08
10.0,0.0,203.6857578125,2.58708e-08
10.0,0.0,203.6855078125,2.587835e-08
10.0,0.0,203.6852578125,2.58476e-08
10.0,0.0,203.6850078125,2.598515e-08
10.0,0.0,203.6847578125,2.594175e-08
10.0,0.0,203.6845078125,2.58695e-08
10.0,0.0,203.6842578125,2.5828250000000002e-08
10.0,0.0,203.6840078125,2.58366e-08
10.0,0.0,203.6837578125,2.57248e-08
10.0,0.0,203.6835078125,2.6018800000000002e-08
10.0,0.0,203.6832578125,2.5952900000000002e-08
10.0,0.0,203.6830078125,2.5991750000000002e-08
10.0,0.0,203.6827578125,2.60503e-08
10.0,0.0,203.6825078125,2.616705e-08
10.0,0.0,203.6822578125,2.60734e-08
10.0,0.0,203.6820078125,2.6192700000000002e-08
10.0,0.0,203.6817578125,2.62386e-08
10.0,0.0,203.6815078125,2.620315e-08
10.0,0.0,203.6812578125,2.61805e-08
10.0,0.0,203.6810078125,2.623315e-08
10.0,0.0,203.6807578125,2.62967e-08
10.0,0.0,203.6805078125,2.6199550000000002e-08
10.0,0.0,203.6802578125,2.62518e-08
10.0,0.0,203.6800078125,2.62011e-08
10.0,0.0,203.6797578125,2.63697e-08
10.0,0.0,203.6795078125,2.631265e-08
10.0,0.0,203.6792578125,2.635425e-08
10.0,0.0,203.6790078125,2.625845e-08
10.0,0.0,203.6787578125,2.62713e-08
10.0,0.0,203.6785078125,2.6245966666666666e-08
10.0,0.0,203.6782578125,2.625625e-08
10.0,0.0,203.6780078125,2.630745e-08
10.0,0.0,203.6777578125,2.61961e-08
10.0,0.0,203.6775078125,2.62272e-08
10.0,0.0,203.6772578125,2.61751e-08
10.0,0.0,203.6770078125,2.624565e-08
10.0,0.0,203.6767578125,2.62838e-08
10.0,0.0,203.6765078125,2.62283e-08
10.0,0.0,203.6762578125,2.62927e-08
10.0,0.0,203.6760078125,2.62193e-08
10.0,0.0,203.6757578125,2.6200350000000002e-08
10.0,0.0,203.6755078125,2.62459e-08
10.0,0.0,203.6752578125,2.62765e-08
10.0,0.0,203.6750078125,2.626465e-08
10.0,0.0,203.6747578125,2.62501e-08
10.0,0.0,203.6745078125,2.62822e-08
10.0,0.0,203.6742578125,2.629985e-08
10.0,0.0,203.6740078125,2.61872e-08
10.0,0.0,203.6737578125,2.60521e-08
10.0,0.0,203.6735078125,2.6119333333333336e-08
10.0,0.0,203.6732578125,2.6158800000000002e-08
10.0,0.0,203.6730078125,2.6089733333333337e-08
10.0,0.0,203.6727578125,2.59111e-08
10.0,0.0,203.6725078125,2.5886200000000002e-08
10.0,0.0,203.6722578125,2.58986e-08
10.0,0.0,203.6720078125,2.59017e-08
10.0,0.0,203.6717578125,2.57969e-08
10.0,0.0,203.6715078125,2.583153333333333e-08
10.0,0.0,203.6712578125,2.5879100000000002e-08
10.0,0.0,203.6710078125,2.5879e-08
10.0,0.0,203.6707578125,2.586975e-08
10.0,0.0,203.6705078125,2.58858e-08
10.0,0.0,203.6702578125,2.58086e-08
10.0,0.0,203.6700078125,2.578325e-08
10.0,0.0,203.6697578125,2.58911e-08
10.0,0.0,203.6695078125,2.5815600000000006e-08
10.0,0.0,203.6692578125,2.57125e-08
10.0,0.0,203.6690078125,2.5674850000000002e-08
10.0,0.0,203.6687578125,2.55237e-08
10.0,0.0,203.6685078125,2.5437e-08
10.0,0.0,203.6682578125,2.54998e-08
10.0,0.0,203.6680078125,2.54872e-08
10.0,0.0,203.6677578125,2.53583e-08
10.0,0.0,203.6675078125,2.543e-08
10.0,0.0,203.6672578125,2.5308e-08
10.0,0.0,203.6670078125,2.54031e-08
10.0,0.0,203.6667578125,2.51797e-08
10.0,0.0,203.6665078125,2.525395e-08
10.0,0.0,203.6662578125,2.513795e-08
10.0,0.0,203.6660078125,2.51251e-08
10.0,0.0,203.6657578125,2.512975e-08
10.0,0.0,203.6655078125,2.51779e-08
10.0,0.0,203.6652578125,2.510495000000001e-08
10.0,0.0,203.6650078125,2.49394e-08
10.0,0.0,203.6647578125,2.49279e-08
10.0,0.0,203.6645078125,2.49987e-08
10.0,0.0,203.6642578125,2.4933850000000002e-08
10.0,0.0,203.6640078125,2.49286e-08
10.0,0.0,203.6637578125,2.49821e-08
10.0,0.0,203.6635078125,2.489685e-08
10.0,0.0,203.6632578125,2.486925e-08
10.0,0.0,203.6630078125,2.49737e-08
10.0,0.0,203.6627578125,2.48537e-08
10.0,0.0,203.6625078125,2.484663333333333e-08
10.0,0.0,203.6622578125,2.488445e-08
10.0,0.0,203.6620078125,2.48319e-08
10.0,0.0,203.6617578125,2.480415e-08
10.0,0.0,203.6615078125,2.4832950000000002e-08
10.0,0.0,203.6612578125,2.47649e-08
10.0,0.0,203.6610078125,2.48098e-08
10.0,0.0,203.6607578125,2.486935e-08
10.0,0.0,203.6605078125,2.47702e-08
10.0,0.0,203.6602578125,2.470345e-08
10.0,0.0,203.6600078125,2.46277e-08
10.0,0.0,203.6597578125,2.470545e-08
10.0,0.0,203.6595078125,2.46686e-08
10.0,0.0,203.6592578125,2.455355e-08
10.0,0.0,203.6590078125,2.46664e-08
10.0,0.0,203.6587578125,2.46064e-08
10.0,0.0,203.6585078125,2.45418e-08
10.0,0.0,203.6582578125,2.447675e-08
10.0,0.0,203.6580078125,2.449055e-08
10.0,0.0,203.6577578125,2.448185e-08
10.0,0.0,203.6575078125,2.445845e-08
10.0,0.0,203.6572578125,2.439775e-08
10.0,0.0,203.6570078125,2.43461e-08
10.0,0.0,203.6567578125,2.43599e-08
10.0,0.0,203.6565078125,2.42757e-08
10.0,0.0,203.6562578125,2.435135e-08
10.0,0.0,203.6560078125,2.42823e-08
10.0,0.0,203.6557578125,2.41575e-08
10.0,0.0,203.6555078125,2.41282e-08
10.0,0.0,203.6552578125,2.41159e-08
10.0,0.0,203.6550078125,2.43523e-08
10.0,0.0,203.6547578125,2.4142550000000002e-08
10.0,0.0,203.6545078125,2.41608e-08
10.0,0.0,203.6542578125,2.421575e-08
10.0,0.0,203.6540078125,2.43262e-08
10.0,0.0,203.6537578125,2.43335e-08
10.0,0.0,203.6535078125,2.438995e-08
10.0,0.0,203.6532578125,2.438675e-08
10.0,0.0,203.6530078125,2.44712e-08
10.0,0.0,203.6527578125,2.449815e-08
10.0,0.0,203.6525078125,2.440745e-08
10.0,0.0,203.6522578125,2.43949e-08
10.0,0.0,203.6520078125,2.45719e-08
10.0,0.0,203.6517578125,2.443615e-08
10.0,0.0,203.6515078125,2.45167e-08
10.0,0.0,203.6512578125,2.45583e-08
10.0,0.0,203.6510078125,2.46491e-08
10.0,0.0,203.6507578125,2.470795e-08
10.0,0.0,203.6505078125,2.47393e-08
10.0,0.0,203.6502578125,2.48488e-08
10.0,0.0,203.6500078125,2.480495e-08
10.0,0.0,203.6497578125,2.49081e-08
10.0,0.0,203.6495078125,2.483265e-08
10.0,0.0,203.6492578125,2.387945e-08
10.0,0.0,203.6490078125,2.35788e-08
10.0,0.0,203.6487578125,2.379295e-08
10.0,0.0,203.6485078125,2.3927650000000002e-08
10.0,0.0,203.6482578125,2.38907e-08
10.0,0.0,203.6480078125,2.40669e-08
10.0,0.0,203.6477578125,2.4096350000000002e-08
10.0,0.0,203.6475078125,2.4164700000000002e-08
10.0,0.0,203.6472578125,2.43555e-08
10.0,0.0,203.6470078125,2.4327400000000002e-08
10.0,0.0,203.6467578125,2.42416e-08
10.0,0.0,203.6465078125,2.425625e-08
10.0,0.0,203.6462578125,2.43043e-08
10.0,0.0,203.6460078125,2.439755e-08
10.0,0.0,203.6457578125,2.446305e-08
10.0,0.0,203.6455078125,2.45427e-08
10.0,0.0,203.6452578125,2.46526e-08
10.0,0.0,203.6450078125,2.4689150000000002e-08
10.0,0.0,203.6447578125,2.47582e-08
10.0,0.0,203.6445078125,2.4903250000000002e-08
10.0,0.0,203.6442578125,2.49431e-08
10.0,0.0,203.6440078125,2.49913e-08
10.0,0.0,203.6437578125,2.50433e-08
10.0,0.0,203.6435078125,2.5097100000000002e-08
10.0,0.0,203.6432578125,2.50653e-08
10.0,0.0,203.6430078125,2.5066750000000002e-08
10.0,0.0,203.6427578125,2.508e-08
10.0,0.0,203.6425078125,2.5184250000000006e-08
10.0,0.0,203.6422578125,2.51413e-08
10.0,0.0,203.6420078125,2.527895e-08
10.0,0.0,203.6417578125,2.52921e-08
10.0,0.0,203.6415078125,2.52764e-08
10.0,0.0,203.6412578125,2.51993e-08
10.0,0.0,203.6410078125,2.5428e-08
10.0,0.0,203.6407578125,2.54579e-08
10.0,0.0,203.6405078125,2.55007e-08
10.0,0.0,203.6402578125,2.54518e-08
10.0,0.0,203.6400078125,2.54868e-08
10.0,0.0,203.6397578125,2.56262e-08
10.0,0.0,203.6395078125,2.57198e-08
10.0,0.0,203.6392578125,2.57435e-08
10.0,0.0,203.6390078125,2.5637100000000002e-08
10.0,0.0,203.6387578125,2.54609e-08
10.0,0.0,203.6385078125,2.545115e-08
10.0,0.0,203.6382578125,2.54863e-08
10.0,0.0,203.6380078125,2.5830066666666663e-08
10.0,0.0,203.6377578125,2.60569e-08
10.0,0.0,203.6375078125,2.616006666666667e-08
10.0,0.0,203.6372578125,2.61124e-08
10.0,0.0,203.6370078125,2.61581e-08
10.0,0.0,203.6367578125,2.624315e-08
10.0,0.0,203.6365078125,2.61393e-08
10.0,0.0,203.6362578125,2.59813e-08
10.0,0.0,203.6360078125,2.5887550000000002e-08
10.0,0.0,203.6357578125,2.561065e-08
10.0,0.0,203.6355078125,2.533675e-08
10.0,0.0,203.6352578125,2.49089e-08
10.0,0.0,203.6350078125,2.4551833333333332e-08
10.0,0.0,203.6347578125,2.43174e-08
10.0,0.0,203.6345078125,2.409545e-08
10.0,0.0,203.6342578125,2.41025e-08
10.0,0.0,203.6340078125,2.399225e-08
10.0,0.0,203.6337578125,2.40097e-08
10.0,0.0,203.6335078125,2.401635e-08
10.0,0.0,203.6332578125,2.40583e-08
10.0,0.0,203.6330078125,2.410665e-08
10.0,0.0,203.6327578125,2.433393333333333e-08
10.0,0.0,203.6325078125,2.45523e-08
10.0,0.0,203.6322578125,2.44916e-08
10.0,0.0,203.6320078125,2.452485e-08
10.0,0.0,203.6317578125,2.452315e-08
10.0,0.0,203.6315078125,2.4435400000000002e-08
10.0,0.0,203.6312578125,2.45244e-08
10.0,0.0,203.6310078125,2.4580433333333334e-08
10.0,0.0,203.6307578125,2.47369e-08
10.0,0.0,203.6305078125,2.46376e-08
10.0,0.0,203.6302578125,2.47531e-08
10.0,0.0,203.6300078125,2.4699800000000002e-08
10.0,0.0,203.6297578125,2.493945e-08
10.0,0.0,203.6295078125,2.51169e-08
10.0,0.0,203.6292578125,2.5103e-08
10.0,0.0,203.6290078125,2.540265e-08
10.0,0.0,203.6287578125,2.5512150000000002e-08
10.0,0.0,203.6285078125,2.5735550000000002e-08
10.0,0.0,203.6282578125,2.609095e-08
10.0,0.0,203.6280078125,2.61841e-08
10.0,0.0,203.6277578125,2.645215e-08
10.0,0.0,203.6275078125,2.66916e-08
10.0,0.0,203.6272578125,2.669085e-08
10.0,0.0,203.6270078125,2.6780300000000002e-08
10.0,0.0,203.6267578125,2.694195e-08
10.0,0.0,203.6265078125,2.699095e-08
10.0,0.0,203.6262578125,2.69328e-08
10.0,0.0,203.6260078125,2.704385e-08
10.0,0.0,203.6257578125,2.71367e-08
10.0,0.0,203.6255078125,2.71362e-08
10.0,0.0,203.6252578125,2.735235e-08
10.0,0.0,203.6250078125,2.735515e-08
10.0,0.0,203.6247578125,2.744885e-08
10.0,0.0,203.6245078125,2.77111e-08
10.0,0.0,203.6242578125,2.76955e-08
10.0,0.0,203.6240078125,2.78474e-08
10.0,0.0,203.6237578125,2.7870266666666674e-08
10.0,0.0,203.6235078125,2.80891e-08
10.0,0.0,203.6232578125,2.79416e-08
10.0,0.0,203.6230078125,2.803475e-08
10.0,0.0,203.6227578125,2.805435e-08
10.0,0.0,203.6225078125,2.81651e-08
10.0,0.0,203.6222578125,2.81547e-08
10.0,0.0,203.6220078125,2.827045e-08
10.0,0.0,203.6217578125,2.8199e-08
10.0,0.0,203.6215078125,2.842995e-08
10.0,0.0,203.6212578125,2.836145e-08
10.0,0.0,203.6210078125,2.84939e-08
10.0,0.0,203.6207578125,2.853635e-08
10.0,0.0,203.6205078125,2.8526e-08
10.0,0.0,203.6202578125,2.859225e-08
10.0,0.0,203.6200078125,2.87751e-08
10.0,0.0,203.6197578125,2.86896e-08
10.0,0.0,203.6195078125,2.8750050000000002e-08
10.0,0.0,203.6192578125,2.88286e-08
10.0,0.0,203.6190078125,2.893125e-08
10.0,0.0,203.6187578125,2.90166e-08
10.0,0.0,203.6185078125,2.9194400000000002e-08
10.0,0.0,203.6182578125,2.94004e-08
10.0,0.0,203.6180078125,2.96565e-08
10.0,0.0,203.6177578125,2.978505e-08
10.0,0.0,203.6175078125,3.00858e-08
10.0,0.0,203.6172578125,3.03608e-08
10.0,0.0,203.6170078125,3.05199e-08
10.0,0.0,203.6167578125,3.073505e-08
10.0,0.0,203.6165078125,3.0889e-08
10.0,0.0,203.6162578125,3.1081950000000004e-08
10.0,0.0,203.6160078125,3.12327e-08
10.0,0.0,203.6157578125,3.153725e-08
10.0,0.0,203.6155078125,3.1536700000000003e-08
10.0,0.0,203.6152578125,3.179405e-08
10.0,0.0,203.6150078125,3.17367e-08
10.0,0.0,203.6147578125,3.1880299999999995e-08
10.0,0.0,203.6145078125,3.2000849999999995e-08
10.0,0.0,203.6142578125,3.207315e-08
10.0,0.0,203.6140078125,3.21428e-08
10.0,0.0,203.6137578125,3.215935e-08
10.0,0.0,203.6135078125,3.21558e-08
10.0,0.0,203.6132578125,3.20832e-08
10.0,0.0,203.6130078125,3.211105e-08
10.0,0.0,203.6127578125,3.22118e-08
10.0,0.0,203.6125078125,3.224615e-08
10.0,0.0,203.6122578125,3.247815e-08
10.0,0.0,203.6120078125,3.265065e-08
10.0,0.0,203.6117578125,3.26876e-08
10.0,0.0,203.6115078125,3.283545e-08
10.0,0.0,203.6112578125,3.297875e-08
10.0,0.0,203.6110078125,3.31155e-08
10.0,0.0,203.6107578125,3.311815e-08
10.0,0.0,203.6105078125,3.3221500000000004e-08
10.0,0.0,203.6102578125,3.335995e-08
10.0,0.0,203.6100078125,3.352225e-08
10.0,0.0,203.6097578125,3.36342e-08
10.0,0.0,203.6095078125,3.372205e-08
10.0,0.0,203.6092578125,3.379015e-08
10.0,0.0,203.6090078125,3.382515e-08
10.0,0.0,203.6087578125,3.3886099999999995e-08
10.0,0.0,203.6085078125,3.384225e-08
10.0,0.0,203.6082578125,3.4010350000000004e-08
10.0,0.0,203.6080078125,3.40837e-08
10.0,0.0,203.6077578125,3.40653e-08
10.0,0.0,203.6075078125,3.4078050000000005e-08
10.0,0.0,203.6072578125,3.40862e-08
10.0,0.0,203.6070078125,3.4191100000000004e-08
10.0,0.0,203.6067578125,3.41786e-08
10.0,0.0,203.6065078125,3.416925e-08
10.0,0.0,203.6062578125,3.420635e-08
10.0,0.0,203.6060078125,3.425885e-08
10.0,0.0,203.6057578125,3.428265e-08
10.0,0.0,203.6055078125,3.434785e-08
10.0,0.0,203.6052578125,3.426885e-08
10.0,0.0,203.6050078125,3.42999e-08
10.0,0.0,203.6047578125,3.43017e-08
10.0,0.0,203.6045078125,3.4223e-08
10.0,0.0,203.6042578125,3.41688e-08
10.0,0.0,203.6040078125,3.421705e-08
10.0,0.0,203.6037578125,3.4331350000000004e-08
10.0,0.0,203.6035078125,3.41505e-08
10.0,0.0,203.6032578125,3.411375e-08
10.0,0.0,203.6030078125,3.382655e-08
10.0,0.0,203.6027578125,3.40488e-08
10.0,0.0,203.6025078125,3.383405e-08
10.0,0.0,203.6022578125,3.3806350000000004e-08
10.0,0.0,203.6020078125,3.38254e-08
10.0,0.0,203.6017578125,3.37473e-08
10.0,0.0,203.6015078125,3.360895e-08
10.0,0.0,203.6012578125,3.36994e-08
10.0,0.0,203.6010078125,3.36139e-08
10.0,0.0,203.6007578125,3.3677e-08
10.0,0.0,203.6005078125,3.3630650000000006e-08
10.0,0.0,203.6002578125,3.35858e-08
10.0,0.0,203.6000078125,3.34654e-08
10.0,0.0,203.5997578125,3.3468700000000004e-08
10.0,0.0,203.5995078125,3.3258533333333326e-08
10.0,0.0,203.5992578125,3.311175e-08
10.0,0.0,203.5990078125,3.3032450000000005e-08
10.0,0.0,203.5987578125,3.2913e-08
10.0,0.0,203.5985078125,3.295425e-08
10.0,0.0,203.5982578125,3.2814350000000004e-08
10.0,0.0,203.5980078125,3.287575e-08
10.0,0.0,203.5977578125,3.28061e-08
10.0,0.0,203.5975078125,3.273305e-08
10.0,0.0,203.5972578125,3.284185e-08
10.0,0.0,203.5970078125,3.28263e-08
10.0,0.0,203.5967578125,3.2831e-08
10.0,0.0,203.5965078125,3.28176e-08
10.0,0.0,203.5962578125,3.286195e-08
10.0,0.0,203.5960078125,3.27458e-08
10.0,0.0,203.5957578125,3.25665e-08
10.0,0.0,203.5955078125,3.2613599999999995e-08
10.0,0.0,203.5952578125,3.2361550000000004e-08
10.0,0.0,203.5950078125,3.21768e-08
10.0,0.0,203.5947578125,3.22594e-08
10.0,0.0,203.5945078125,3.192923333333333e-08
10.0,0.0,203.5942578125,3.141625e-08
10.0,0.0,203.5940078125,3.1333800000000004e-08
10.0,0.0,203.5937578125,3.125615e-08
10.0,0.0,203.5935078125,3.1155500000000004e-08
10.0,0.0,203.5932578125,3.11236e-08
10.0,0.0,203.5930078125,3.096225e-08
10.0,0.0,203.5927578125,3.08623e-08
10.0,0.0,203.5925078125,3.095845e-08
10.0,0.0,203.5922578125,3.083935e-08
10.0,0.0,203.5920078125,3.06501e-08
10.0,0.0,203.5917578125,3.06679e-08
10.0,0.0,203.5915078125,3.052275e-08
10.0,0.0,203.5912578125,3.067435e-08
10.0,0.0,203.5910078125,3.04557e-08
10.0,0.0,203.5907578125,3.051055e-08
10.0,0.0,203.5905078125,3.0405800000000004e-08
10.0,0.0,203.5902578125,3.02961e-08
10.0,0.0,203.5900078125,3.0631000000000005e-08
10.0,0.0,203.5897578125,3.07552e-08
10.0,0.0,203.5895078125,3.07568e-08
10.0,0.0,203.5892578125,3.079615e-08
10.0,0.0,203.5890078125,3.08071e-08
10.0,0.0,203.5887578125,3.07817e-08
10.0,0.0,203.5885078125,3.082635e-08
10.0,0.0,203.5882578125,3.07756e-08
10.0,0.0,203.5880078125,3.07209e-08
10.0,0.0,203.5877578125,3.08127e-08
10.0,0.0,203.5875078125,3.075905e-08
10.0,0.0,203.5872578125,3.04909e-08
10.0,0.0,203.5870078125,3.05019e-08
10.0,0.0,203.5867578125,3.036475e-08
10.0,0.0,203.5865078125,3.0294350000000006e-08
10.0,0.0,203.5862578125,3.02542e-08
10.0,0.0,203.5860078125,3.0196450000000006e-08
10.0,0.0,203.5857578125,3.01326e-08
10.0,0.0,203.5855078125,3.01666e-08
10.0,0.0,203.5852578125,3.009145e-08
10.0,0.0,203.5850078125,3.00718e-08
10.0,0.0,203.5847578125,3.00627e-08
10.0,0.0,203.5845078125,3.0072200000000004e-08
10.0,0.0,203.5842578125,2.996905e-08
10.0,0.0,203.5840078125,2.99943e-08
10.0,0.0,203.5837578125,2.98494e-08
10.0,0.0,203.5835078125,2.9647566666666667e-08
10.0,0.0,203.5832578125,2.9515400000000002e-08
10.0,0.0,203.5830078125,2.937165e-08
10.0,0.0,203.5827578125,2.934265e-08
10.0,0.0,203.5825078125,2.92115e-08
10.0,0.0,203.5822578125,2.898715e-08
10.0,0.0,203.5820078125,2.89482e-08
10.0,0.0,203.5817578125,2.893465e-08
10.0,0.0,203.5815078125,2.869913333333333e-08
10.0,0.0,203.5812578125,2.86189e-08
10.0,0.0,203.5810078125,2.86334e-08
10.0,0.0,203.5807578125,2.8613e-08
10.0,0.0,203.5805078125,2.851375e-08
10.0,0.0,203.5802578125,2.8238750000000002e-08
10.0,0.0,203.5800078125,2.84118e-08
10.0,0.0,203.5797578125,2.839175e-08
10.0,0.0,203.5795078125,2.8333100000000002e-08
10.0,0.0,203.5792578125,2.82077e-08
10.0,0.0,203.5790078125,2.809725e-08
10.0,0.0,203.5787578125,2.805685e-08
10.0,0.0,203.5785078125,2.801925e-08
10.0,0.0,203.5782578125,2.78566e-08
10.0,0.0,203.5780078125,2.78872e-08
10.0,0.0,203.5777578125,2.7750950000000002e-08
10.0,0.0,203.5775078125,2.760645e-08
10.0,0.0,203.5772578125,2.752055e-08
10.0,0.0,203.5770078125,2.755005e-08
10.0,0.0,203.5767578125,2.740605e-08
10.0,0.0,203.5765078125,2.742655e-08
10.0,0.0,203.5762578125,2.74926e-08
10.0,0.0,203.5760078125,2.72223e-08
10.0,0.0,203.5757578125,2.71861e-08
10.0,0.0,203.5755078125,2.712815e-08
10.0,0.0,203.5752578125,2.708285e-08
10.0,0.0,203.5750078125,2.70613e-08
10.0,0.0,203.5747578125,2.6903600000000002e-08
10.0,0.0,203.5745078125,2.69084e-08
10.0,0.0,203.5742578125,2.6752950000000002e-08
10.0,0.0,203.5740078125,2.66519e-08
10.0,0.0,203.5737578125,2.6612e-08
10.0,0.0,203.5735078125,2.643355e-08
10.0,0.0,203.5732578125,2.64723e-08
10.0,0.0,203.5730078125,2.64328e-08
10.0,0.0,203.5727578125,2.6378900000000002e-08
10.0,0.0,203.5725078125,2.62499e-08
10.0,0.0,203.5722578125,2.607905e-08
10.0,0.0,203.5720078125,2.599685e-08
10.0,0.0,203.5717578125,2.5932400000000002e-08
10.0,0.0,203.5715078125,2.587945e-08
10.0,0.0,203.5712578125,2.58314e-08
10.0,0.0,203.5710078125,2.58891e-08
10.0,0.0,203.5707578125,2.5722e-08
10.0,0.0,203.5705078125,2.575125e-08
10.0,0.0,203.5702578125,2.5617e-08
10.0,0.0,203.5700078125,2.56594e-08
10.0,0.0,203.5697578125,2.56682e-08
10.0,0.0,203.5695078125,2.552405e-08
10.0,0.0,203.5692578125,2.54154e-08
10.0,0.0,203.5690078125,2.531515e-08
10.0,0.0,203.5687578125,2.526385e-08
10.0,0.0,203.5685078125,2.520885000000001e-08
10.0,0.0,203.5682578125,2.52097e-08
10.0,0.0,203.5680078125,2.4993400000000006e-08
10.0,0.0,203.5677578125,2.507265e-08
10.0,0.0,203.5675078125,2.499125e-08
10.0,0.0,203.5672578125,2.5086e-08
10.0,0.0,203.5670078125,2.50149e-08
10.0,0.0,203.5667578125,2.48361e-08
10.0,0.0,203.5665078125,2.48601e-08
10.0,0.0,203.5662578125,2.48297e-08
10.0,0.0,203.5660078125,2.4751750000000002e-08
10.0,0.0,203.5657578125,2.4641550000000002e-08
10.0,0.0,203.5655078125,2.46389e-08
10.0,0.0,203.5652578125,2.4367250000000006e-08
10.0,0.0,203.5650078125,2.423625e-08
10.0,0.0,203.5647578125,2.4166900000000002e-08
10.0,0.0,203.5645078125,2.416925e-08
10.0,0.0,203.5642578125,2.40741e-08
10.0,0.0,203.5640078125,2.402895e-08
10.0,0.0,203.5637578125,2.412325e-08
10.0,0.0,203.5635078125,2.4168250000000002e-08
10.0,0.0,203.5632578125,2.39001e-08
10.0,0.0,203.5630078125,2.388845e-08
10.0,0.0,203.5627578125,2.389355e-08
10.0,0.0,203.5625078125,2.371195e-08
10.0,0.0,203.5622578125,2.35183e-08
10.0,0.0,203.5620078125,2.353055e-08
10.0,0.0,203.5617578125,2.348815e-08
10.0,0.0,203.5615078125,2.356325e-08
10.0,0.0,203.5612578125,2.3383000000000002e-08
10.0,0.0,203.5610078125,2.33198e-08
10.0,0.0,203.5607578125,2.320925e-08
10.0,0.0,203.5605078125,2.325305e-08
10.0,0.0,203.5602578125,2.31428e-08
10.0,0.0,203.5600078125,2.309845e-08
10.0,0.0,203.5597578125,2.31718e-08
10.0,0.0,203.5595078125,2.3000750000000002e-08
10.0,0.0,203.5592578125,2.28228e-08
10.0,0.0,203.5590078125,2.30012e-08
10.0,0.0,203.5587578125,2.290295e-08
10.0,0.0,203.5585078125,2.2793200000000002e-08
10.0,0.0,203.5582578125,2.292185e-08
10.0,0.0,203.5580078125,2.2710350000000002e-08
10.0,0.0,203.5577578125,2.284545e-08
10.0,0.0,203.5575078125,2.280745e-08
10.0,0.0,203.5572578125,2.27401e-08
10.0,0.0,203.5570078125,2.291765e-08
10.0,0.0,203.5567578125,2.283785e-08
10.0,0.0,203.5565078125,2.28977e-08
10.0,0.0,203.5562578125,2.302435e-08
10.0,0.0,203.5560078125,2.2860750000000002e-08
10.0,0.0,203.5557578125,2.30187e-08
10.0,0.0,203.5555078125,2.29427e-08
10.0,0.0,203.5552578125,2.30015e-08
10.0,0.0,203.5550078125,2.29305e-08
10.0,0.0,203.5547578125,2.30667e-08
10.0,0.0,203.5545078125,2.322555e-08
10.0,0.0,203.5542578125,2.3271e-08
10.0,0.0,203.5540078125,2.317455e-08
10.0,0.0,203.5537578125,2.3318e-08
10.0,0.0,203.5535078125,2.333055e-08
10.0,0.0,203.5532578125,2.319565e-08
10.0,0.0,203.5530078125,2.336635e-08
10.0,0.0,203.5527578125,2.3458e-08
10.0,0.0,203.5525078125,2.3581e-08
10.0,0.0,203.5522578125,2.351345e-08
10.0,0.0,203.5520078125,2.359065e-08
10.0,0.0,203.5517578125,2.35715e-08
10.0,0.0,203.5515078125,2.35796e-08
10.0,0.0,203.5512578125,2.36703e-08
10.0,0.0,203.5510078125,2.35962e-08
10.0,0.0,203.5507578125,2.361905e-08
10.0,0.0,203.5505078125,2.37724e-08
10.0,0.0,203.5502578125,2.3614300000000002e-08
10.0,0.0,203.5500078125,2.3689666666666663e-08
10.0,0.0,203.5497578125,2.3595700000000002e-08
10.0,0.0,203.5495078125,2.378885e-08
10.0,0.0,203.5492578125,2.38063e-08
10.0,0.0,203.5490078125,2.370525e-08
10.0,0.0,203.5487578125,2.35746e-08
10.0,0.0,203.5485078125,2.36476e-08
10.0,0.0,203.5482578125,2.36587e-08
10.0,0.0,203.5480078125,2.351945e-08
10.0,0.0,203.5477578125,2.35777e-08
10.0,0.0,203.5475078125,2.35865e-08
10.0,0.0,203.5472578125,2.341665e-08
10.0,0.0,203.5470078125,2.3429750000000002e-08
10.0,0.0,203.5467578125,2.334175e-08
10.0,0.0,203.5465078125,2.32415e-08
10.0,0.0,203.5462578125,2.31852e-08
10.0,0.0,203.5460078125,2.30862e-08
10.0,0.0,203.5457578125,2.30303e-08
10.0,0.0,203.5455078125,2.285e-08
10.0,0.0,203.5452578125,2.289995e-08
10.0,0.0,203.5450078125,2.28864e-08
10.0,0.0,203.5447578125,2.306775e-08
10.0,0.0,203.5445078125,2.303155e-08
10.0,0.0,203.5442578125,2.297075e-08
10.0,0.0,203.5440078125,2.2969e-08
10.0,0.0,203.5437578125,2.2862100000000002e-08
10.0,0.0,203.5435078125,2.29724e-08
10.0,0.0,203.5432578125,2.2901750000000002e-08
10.0,0.0,203.5430078125,2.28942e-08
10.0,0.0,203.5427578125,2.270995e-08
10.0,0.0,203.5425078125,2.29199e-08
10.0,0.0,203.5422578125,2.27818e-08
10.0,0.0,203.5420078125,2.292295e-08
10.0,0.0,203.5417578125,2.282525e-08
10.0,0.0,203.5415078125,2.28185e-08
10.0,0.0,203.5412578125,2.29974e-08
10.0,0.0,203.5410078125,2.287355e-08
10.0,0.0,203.5407578125,2.3085500000000002e-08
10.0,0.0,203.5405078125,2.29702e-08
10.0,0.0,203.5402578125,2.303165e-08
10.0,0.0,203.5400078125,2.317085e-08
10.0,0.0,203.5397578125,2.317205e-08
10.0,0.0,203.5395078125,2.3103000000000002e-08
10.0,0.0,203.5392578125,2.316585e-08
10.0,0.0,203.5390078125,2.329615e-08
10.0,0.0,203.5387578125,2.31975e-08
10.0,0.0,203.5385078125,2.31556e-08
10.0,0.0,203.5382578125,2.312335e-08
10.0,0.0,203.5380078125,2.317855e-08
10.0,0.0,203.5377578125,2.34122e-08
10.0,0.0,203.5375078125,2.3242450000000002e-08
10.0,0.0,203.5372578125,2.3178450000000002e-08
10.0,0.0,203.5370078125,2.324445e-08
10.0,0.0,203.5367578125,2.331305e-08
10.0,0.0,203.5365078125,2.30534e-08
10.0,0.0,203.5362578125,2.320555e-08
10.0,0.0,203.5360078125,2.32065e-08
10.0,0.0,203.5357578125,2.32802e-08
10.0,0.0,203.5355078125,2.332545e-08
10.0,0.0,203.5352578125,2.334645e-08
10.0,0.0,203.5350078125,2.349795e-08
10.0,0.0,203.5347578125,2.35258e-08
10.0,0.0,203.5345078125,2.371785e-08
10.0,0.0,203.5342578125,2.349935e-08
10.0,0.0,203.5340078125,2.34402e-08
10.0,0.0,203.5337578125,2.37717e-08
10.0,0.0,203.5335078125,2.380665e-08
10.0,0.0,203.5332578125,2.377715e-08
10.0,0.0,203.5330078125,2.3801050000000002e-08
10.0,0.0,203.5327578125,2.3861e-08
10.0,0.0,203.5325078125,2.38483e-08
10.0,0.0,203.5322578125,2.405245e-08
10.0,0.0,203.5320078125,2.4033e-08
10.0,0.0,203.5317578125,2.41586e-08
10.0,0.0,203.5315078125,2.423785e-08
10.0,0.0,203.5312578125,2.4239350000000002e-08
10.0,0.0,203.5310078125,2.426775e-08
10.0,0.0,203.5307578125,2.44709e-08
10.0,0.0,203.5305078125,2.44344e-08
10.0,0.0,203.5302578125,2.430845e-08
10.0,0.0,203.5300078125,2.433635e-08
10.0,0.0,203.5297578125,2.43444e-08
10.0,0.0,203.5295078125,2.43661e-08
10.0,0.0,203.5292578125,2.443215e-08
10.0,0.0,203.5290078125,2.454535e-08
10.0,0.0,203.5287578125,2.4471500000000002e-08
10.0,0.0,203.5285078125,2.45797e-08
10.0,0.0,203.5282578125,2.446475e-08
10.0,0.0,203.5280078125,2.457845e-08
10.0,0.0,203.5277578125,2.46917e-08
10.0,0.0,203.5275078125,2.47018e-08
10.0,0.0,203.5272578125,2.4708450000000003e-08
10.0,0.0,203.5270078125,2.47484e-08
10.0,0.0,203.5267578125,2.47857e-08
10.0,0.0,203.5265078125,2.48746e-08
10.0,0.0,203.5262578125,2.503235e-08
10.0,0.0,203.5260078125,2.498455e-08
10.0,0.0,203.5257578125,2.51323e-08
10.0,0.0,203.5255078125,2.4928100000000002e-08
10.0,0.0,203.5252578125,2.50642e-08
10.0,0.0,203.5250078125,2.510205e-08
10.0,0.0,203.5247578125,2.52112e-08
10.0,0.0,203.5245078125,2.520955e-08
10.0,0.0,203.5242578125,2.533895e-08
10.0,0.0,203.5240078125,2.535255e-08
10.0,0.0,203.5237578125,2.5455000000000002e-08
10.0,0.0,203.5235078125,2.528005e-08
10.0,0.0,203.5232578125,2.5362850000000002e-08
10.0,0.0,203.5230078125,2.5485300000000006e-08
10.0,0.0,203.5227578125,2.5548250000000002e-08
10.0,0.0,203.5225078125,2.54434e-08
10.0,0.0,203.5222578125,2.545505e-08
10.0,0.0,203.5220078125,2.55293e-08
10.0,0.0,203.5217578125,2.51955e-08
10.0,0.0,203.5215078125,2.550955e-08
10.0,0.0,203.5212578125,2.54361e-08
10.0,0.0,203.5210078125,2.5666300000000006e-08
10.0,0.0,203.5207578125,2.563175e-08
10.0,0.0,203.5205078125,2.573875000000001e-08
10.0,0.0,203.5202578125,2.584665e-08
10.0,0.0,203.5200078125,2.56842e-08
10.0,0.0,203.5197578125,2.589235e-08
10.0,0.0,203.5195078125,2.59161e-08
10.0,0.0,203.5192578125,2.590975e-08
10.0,0.0,203.5190078125,2.60987e-08
10.0,0.0,203.5187578125,2.59682e-08
10.0,0.0,203.5185078125,2.597645e-08
10.0,0.0,203.5182578125,2.598785e-08
10.0,0.0,203.5180078125,2.60808e-08
10.0,0.0,203.5177578125,2.5975e-08
10.0,0.0,203.5175078125,2.595105e-08
10.0,0.0,203.5172578125,2.612115e-08
10.0,0.0,203.5170078125,2.6081e-08
10.0,0.0,203.5167578125,2.5941e-08
10.0,0.0,203.5165078125,2.6044500000000002e-08
10.0,0.0,203.5162578125,2.596885e-08
10.0,0.0,203.5160078125,2.6058200000000002e-08
10.0,0.0,203.5157578125,2.59497e-08
10.0,0.0,203.5155078125,2.61899e-08
10.0,0.0,203.5152578125,2.60997e-08
10.0,0.0,203.5150078125,2.6042e-08
10.0,0.0,203.5147578125,2.622485e-08
10.0,0.0,203.5145078125,2.619005e-08
10.0,0.0,203.5142578125,2.626975e-08
10.0,0.0,203.5140078125,2.65477e-08
10.0,0.0,203.5137578125,2.608575e-08
10.0,0.0,203.5135078125,2.630055e-08
10.0,0.0,203.5132578125,2.6319e-08
10.0,0.0,203.5130078125,2.634135e-08
10.0,0.0,203.5127578125,2.619835e-08
10.0,0.0,203.5125078125,2.62829e-08
10.0,0.0,203.5122578125,2.635045e-08
10.0,0.0,203.5120078125,2.64176e-08
10.0,0.0,203.5117578125,2.63593e-08
10.0,0.0,203.5115078125,2.6440150000000002e-08
10.0,0.0,203.5112578125,2.64024e-08
10.0,0.0,203.5110078125,2.64321e-08
10.0,0.0,203.5107578125,2.652795e-08
10.0,0.0,203.5105078125,2.6589e-08
10.0,0.0,203.5102578125,2.645905e-08
10.0,0.0,203.5100078125,2.6556e-08
10.0,0.0,203.5097578125,2.669175e-08
10.0,0.0,203.5095078125,2.659525e-08
10.0,0.0,203.5092578125,2.671955e-08
10.0,0.0,203.5090078125,2.673935e-08
10.0,0.0,203.5087578125,2.671315e-08
10.0,0.0,203.5085078125,2.676785e-08
10.0,0.0,203.5082578125,2.674035e-08
10.0,0.0,203.5080078125,2.6733000000000002e-08
10.0,0.0,203.5077578125,2.68139e-08
10.0,0.0,203.5075078125,2.694555e-08
10.0,0.0,203.5072578125,2.6849200000000002e-08
10.0,0.0,203.5070078125,2.691635e-08
10.0,0.0,203.5067578125,2.675975e-08
10.0,0.0,203.5065078125,2.674795e-08
10.0,0.0,203.5062578125,2.66289e-08
10.0,0.0,203.5060078125,2.6583700000000002e-08
10.0,0.0,203.5057578125,2.6508800000000002e-08
10.0,0.0,203.5055078125,2.6647e-08
10.0,0.0,203.5052578125,2.66323e-08
10.0,0.0,203.5050078125,2.6718e-08
10.0,0.0,203.5047578125,2.65264e-08
10.0,0.0,203.5045078125,2.6600650000000002e-08
10.0,0.0,203.5042578125,2.650765e-08
10.0,0.0,203.5040078125,2.638915e-08
10.0,0.0,203.5037578125,2.633415e-08
10.0,0.0,203.5035078125,2.641185e-08
10.0,0.0,203.5032578125,2.63434e-08
10.0,0.0,203.5030078125,2.63386e-08
10.0,0.0,203.5027578125,2.62659e-08
10.0,0.0,203.5025078125,2.646345e-08
10.0,0.0,203.5022578125,2.62156e-08
10.0,0.0,203.5020078125,2.6283200000000002e-08
10.0,0.0,203.5017578125,2.6091000000000002e-08
10.0,0.0,203.5015078125,2.62178e-08
10.0,0.0,203.5012578125,2.632735e-08
10.0,0.0,203.5010078125,2.63375e-08
10.0,0.0,203.5007578125,2.6252300000000002e-08
10.0,0.0,203.5005078125,2.626365e-08
10.0,0.0,203.5002578125,2.62721e-08
10.0,0.0,203.5000078125,2.62208e-08
10.0,0.0,203.4997578125,2.63216e-08
10.0,0.0,203.4995078125,2.619595e-08
10.0,0.0,203.4992578125,2.65841e-08
10.0,0.0,203.4990078125,2.62618e-08
10.0,0.0,203.4987578125,2.6353500000000002e-08
10.0,0.0,203.4985078125,2.629135e-08
10.0,0.0,203.4982578125,2.6484450000000002e-08
10.0,0.0,203.4980078125,2.6600950000000002e-08
10.0,0.0,203.4977578125,2.6566750000000002e-08
10.0,0.0,203.4975078125,2.6749400000000002e-08
10.0,0.0,203.4972578125,2.68531e-08
10.0,0.0,203.4970078125,2.6997950000000002e-08
10.0,0.0,203.4967578125,2.7169650000000002e-08
10.0,0.0,203.4965078125,2.69987e-08
10.0,0.0,203.4962578125,2.70904e-08
10.0,0.0,203.4960078125,2.71295e-08
10.0,0.0,203.4957578125,2.72858e-08
10.0,0.0,203.4955078125,2.742665e-08
10.0,0.0,203.4952578125,2.74958e-08
10.0,0.0,203.4950078125,2.75323e-08
10.0,0.0,203.4947578125,2.7752600000000002e-08
10.0,0.0,203.4945078125,2.764035e-08
10.0,0.0,203.4942578125,2.76604e-08
10.0,0.0,203.4940078125,2.77739e-08
10.0,0.0,203.4937578125,2.77654e-08
10.0,0.0,203.4935078125,2.787705e-08
10.0,0.0,203.4932578125,2.7998700000000002e-08
10.0,0.0,203.4930078125,2.797985e-08
10.0,0.0,203.4927578125,2.79826e-08
10.0,0.0,203.4925078125,2.825965e-08
10.0,0.0,203.4922578125,2.81864e-08
10.0,0.0,203.4920078125,2.82812e-08
10.0,0.0,203.4917578125,2.822025e-08
10.0,0.0,203.4915078125,2.8188450000000002e-08
10.0,0.0,203.4912578125,2.83026e-08
10.0,0.0,203.4910078125,2.83699e-08
10.0,0.0,203.4907578125,2.84321e-08
10.0,0.0,203.4905078125,2.84502e-08
10.0,0.0,203.4902578125,2.85645e-08
10.0,0.0,203.4900078125,2.844325e-08
10.0,0.0,203.4897578125,2.853695e-08
10.0,0.0,203.4895078125,2.85287e-08
10.0,0.0,203.4892578125,2.86779e-08
10.0,0.0,203.4890078125,2.8434000000000002e-08
10.0,0.0,203.4887578125,2.85396e-08
10.0,0.0,203.4885078125,2.8576150000000002e-08
10.0,0.0,203.4882578125,2.82757e-08
10.0,0.0,203.4880078125,2.853145e-08
10.0,0.0,203.4877578125,2.835915e-08
10.0,0.0,203.4875078125,2.84211e-08
10.0,0.0,203.4872578125,2.84016e-08
10.0,0.0,203.4870078125,2.8630850000000002e-08
10.0,0.0,203.4867578125,2.84681e-08
10.0,0.0,203.4865078125,2.83471e-08
10.0,0.0,203.4862578125,2.8453950000000002e-08
10.0,0.0,203.4860078125,2.835785e-08
10.0,0.0,203.4857578125,2.8245600000000002e-08
10.0,0.0,203.4855078125,2.810715e-08
10.0,0.0,203.4852578125,2.7901e-08
10.0,0.0,203.4850078125,2.81639e-08
10.0,0.0,203.4847578125,2.801485e-08
10.0,0.0,203.4845078125,2.79505e-08
10.0,0.0,203.4842578125,2.800075e-08
10.0,0.0,203.4840078125,2.794825e-08
10.0,0.0,203.4837578125,2.79286e-08
10.0,0.0,203.4835078125,2.785975e-08
10.0,0.0,203.4832578125,2.80369e-08
10.0,0.0,203.4830078125,2.780415e-08
10.0,0.0,203.4827578125,2.7781300000000002e-08
10.0,0.0,203.4825078125,2.7671e-08
10.0,0.0,203.4822578125,2.748705e-08
10.0,0.0,203.4820078125,2.750245e-08
10.0,0.0,203.4817578125,2.748295e-08
10.0,0.0,203.4815078125,2.7469600000000002e-08
10.0,0.0,203.4812578125,2.72276e-08
10.0,0.0,203.4810078125,2.7224900000000002e-08
10.0,0.0,203.4807578125,2.731965e-08
10.0,0.0,203.4805078125,2.718915e-08
10.0,0.0,203.4802578125,2.69878e-08
10.0,0.0,203.4800078125,2.7080066666666667e-08
10.0,0.0,203.4797578125,2.67842e-08
10.0,0.0,203.4795078125,2.68103e-08
10.0,0.0,203.4792578125,2.68546e-08
10.0,0.0,203.4790078125,2.6744200000000002e-08
10.0,0.0,203.4787578125,2.661615e-08
10.0,0.0,203.4785078125,2.65439e-08
10.0,0.0,203.4782578125,2.64498e-08
10.0,0.0,203.4780078125,2.646135e-08
10.0,0.0,203.4777578125,2.644195e-08
10.0,0.0,203.4775078125,2.63622e-08
10.0,0.0,203.4772578125,2.618535e-08
10.0,0.0,203.4770078125,2.623995e-08
10.0,0.0,203.4767578125,2.5968e-08
10.0,0.0,203.4765078125,2.61039e-08
10.0,0.0,203.4762578125,2.6015000000000002e-08
10.0,0.0,203.4760078125,2.622735e-08
10.0,0.0,203.4757578125,2.594565e-08
10.0,0.0,203.4755078125,2.6058450000000002e-08
10.0,0.0,203.4752578125,2.57721e-08
10.0,0.0,203.4750078125,2.5838066666666665e-08
10.0,0.0,203.4747578125,2.591365e-08
10.0,0.0,203.4745078125,2.58736e-08
10.0,0.0,203.4742578125,2.59752e-08
10.0,0.0,203.4740078125,2.58685e-08
10.0,0.0,203.4737578125,2.574775e-08
10.0,0.0,203.4735078125,2.59011e-08
10.0,0.0,203.4732578125,2.566515e-08
10.0,0.0,203.4730078125,2.588065e-08
10.0,0.0,203.4727578125,2.560335e-08
10.0,0.0,203.4725078125,2.588195e-08
10.0,0.0,203.4722578125,2.573385e-08
10.0,0.0,203.4720078125,2.5888950000000002e-08
10.0,0.0,203.4717578125,2.602245e-08
10.0,0.0,203.4715078125,2.61338e-08
10.0,0.0,203.4712578125,2.600875e-08
10.0,0.0,203.4710078125,2.6015000000000002e-08
10.0,0.0,203.4707578125,2.60559e-08
10.0,0.0,203.4705078125,2.6001600000000002e-08
10.0,0.0,203.4702578125,2.6040700000000002e-08
10.0,0.0,203.4700078125,2.6063550000000003e-08
10.0,0.0,203.4697578125,2.599095e-08
10.0,0.0,203.4695078125,2.62097e-08
10.0,0.0,203.4692578125,2.62962e-08
10.0,0.0,203.4690078125,2.63129e-08
10.0,0.0,203.4687578125,2.63541e-08
10.0,0.0,203.4685078125,2.632475e-08
10.0,0.0,203.4682578125,2.632985e-08
10.0,0.0,203.4680078125,2.63448e-08
10.0,0.0,203.4677578125,2.62756e-08
10.0,0.0,203.4675078125,2.64152e-08
10.0,0.0,203.4672578125,2.64153e-08
10.0,0.0,203.4670078125,2.661465e-08
10.0,0.0,203.4667578125,2.64088e-08
10.0,0.0,203.4665078125,2.64248e-08
10.0,0.0,203.4662578125,2.63593e-08
10.0,0.0,203.4660078125,2.64678e-08
10.0,0.0,203.4657578125,2.640055e-08
10.0,0.0,203.4655078125,2.624635e-08
10.0,0.0,203.4652578125,2.60958e-08
10.0,0.0,203.4650078125,2.585225e-08
10.0,0.0,203.4647578125,2.599455e-08
10.0,0.0,203.4645078125,2.63102e-08
10.0,0.0,203.4642578125,2.581595e-08
10.0,0.0,203.4640078125,2.55327e-08
10.0,0.0,203.4637578125,2.56001e-08
10.0,0.0,203.4635078125,2.550675e-08
10.0,0.0,203.4632578125,2.536335e-08
10.0,0.0,203.4630078125,2.54213e-08
10.0,0.0,203.4627578125,2.51387e-08
10.0,0.0,203.4625078125,2.51413e-08
10.0,0.0,203.4622578125,2.5111600000000002e-08
10.0,0.0,203.4620078125,2.48544e-08
10.0,0.0,203.4617578125,2.484475e-08
10.0,0.0,203.4615078125,2.47975e-08
10.0,0.0,203.4612578125,2.462485e-08
10.0,0.0,203.4610078125,2.448563333333333e-08
10.0,0.0,203.4607578125,2.44974e-08
10.0,0.0,203.4605078125,2.4202450000000002e-08
10.0,0.0,203.4602578125,2.421e-08
10.0,0.0,203.4600078125,2.393185e-08
10.0,0.0,203.4597578125,2.38949e-08
10.0,0.0,203.4595078125,2.36451e-08
10.0,0.0,203.4592578125,2.375705e-08
10.0,0.0,203.4590078125,2.37391e-08
10.0,0.0,203.4587578125,2.369835e-08
10.0,0.0,203.4585078125,2.3400750000000002e-08
10.0,0.0,203.4582578125,2.34075e-08
10.0,0.0,203.4580078125,2.339595e-08
10.0,0.0,203.4577578125,2.3246000000000002e-08
10.0,0.0,203.4575078125,2.319835e-08
10.0,0.0,203.4572578125,2.30181e-08
10.0,0.0,203.4570078125,2.290405e-08
10.0,0.0,203.4567578125,2.29588e-08
10.0,0.0,203.4565078125,2.26239e-08
10.0,0.0,203.4562578125,2.262935000000001e-08
10.0,0.0,203.4560078125,2.2570850000000006e-08
10.0,0.0,203.4557578125,2.23515e-08
10.0,0.0,203.4555078125,2.2477950000000002e-08
10.0,0.0,203.4552578125,2.24614e-08
10.0,0.0,203.4550078125,2.23779e-08
10.0,0.0,203.4547578125,2.23662e-08
10.0,0.0,203.4545078125,2.227225e-08
10.0,0.0,203.4542578125,2.235495e-08
10.0,0.0,203.4540078125,2.2331650000000002e-08
10.0,0.0,203.4537578125,2.23039e-08
10.0,0.0,203.4535078125,2.20747e-08
10.0,0.0,203.4532578125,2.234215e-08
10.0,0.0,203.4530078125,2.23345e-08
10.0,0.0,203.4527578125,2.24997e-08
10.0,0.0,203.4525078125,2.25322e-08
10.0,0.0,203.4522578125,2.2358e-08
10.0,0.0,203.4520078125,2.2284250000000003e-08
10.0,0.0,203.4517578125,2.19739e-08
10.0,0.0,203.4515078125,2.19303e-08
10.0,0.0,203.4512578125,2.226065e-08
10.0,0.0,203.4510078125,2.192165e-08
10.0,0.0,203.4507578125,2.15253e-08
10.0,0.0,203.4505078125,2.155265e-08
10.0,0.0,203.4502578125,2.156725e-08
10.0,0.0,203.4500078125,2.184885e-08
10.0,0.0,203.4497578125,2.14615e-08
10.0,0.0,203.4495078125,2.128085e-08
10.0,0.0,203.4492578125,2.1428000000000002e-08
10.0,0.0,203.4490078125,2.13531e-08
10.0,0.0,203.4487578125,2.132425e-08
10.0,0.0,203.4485078125,2.14331e-08
10.0,0.0,203.4482578125,2.127025e-08
10.0,0.0,203.4480078125,2.1449250000000006e-08
10.0,0.0,203.4477578125,2.1497e-08
10.0,0.0,203.4475078125,2.13617e-08
10.0,0.0,203.4472578125,2.117285e-08
10.0,0.0,203.4470078125,2.128285e-08
10.0,0.0,203.4467578125,2.13222e-08
10.0,0.0,203.4465078125,2.1380400000000002e-08
10.0,0.0,203.4462578125,2.106605e-08
10.0,0.0,203.4460078125,2.08256e-08
10.0,0.0,203.4457578125,2.08268e-08
10.0,0.0,203.4455078125,2.067995e-08
10.0,0.0,203.4452578125,2.030405e-08
10.0,0.0,203.4450078125,2.041465e-08
10.0,0.0,203.4447578125,2.06545e-08
10.0,0.0,203.4445078125,2.0523e-08
10.0,0.0,203.4442578125,2.0571350000000002e-08
10.0,0.0,203.4440078125,2.00401e-08
10.0,0.0,203.4437578125,2.059055e-08
10.0,0.0,203.4435078125,2.0246400000000003e-08
10.0,0.0,203.4432578125,2.006895e-08
10.0,0.0,203.4430078125,2.01341e-08
10.0,0.0,203.4427578125,1.9862900000000002e-08
10.0,0.0,203.4425078125,1.978845e-08
10.0,0.0,203.4422578125,1.97748e-08
10.0,0.0,203.4420078125,1.98582e-08
10.0,0.0,203.4417578125,1.97945e-08
10.0,0.0,203.4415078125,1.9558933333333327e-08
10.0,0.0,203.4412578125,1.968005e-08
10.0,0.0,203.4410078125,1.98742e-08
10.0,0.0,203.4407578125,1.97934e-08
10.0,0.0,203.4405078125,1.96014e-08
10.0,0.0,203.4402578125,1.95645e-08
10.0,0.0,203.4400078125,1.9466e-08
10.0,0.0,203.4397578125,1.92482e-08
10.0,0.0,203.4395078125,1.93931e-08
10.0,0.0,203.4392578125,1.94852e-08
10.0,0.0,203.4390078125,1.928385e-08
10.0,0.0,203.4387578125,1.927505e-08
10.0,0.0,203.4385078125,1.93264e-08
10.0,0.0,203.4382578125,1.9265200000000002e-08
10.0,0.0,203.4380078125,1.9104e-08
10.0,0.0,203.4377578125,1.91461e-08
10.0,0.0,203.4375078125,1.924535e-08
10.0,0.0,203.4372578125,1.923535e-08
10.0,0.0,203.4370078125,1.922985e-08
10.0,0.0,203.4367578125,1.918905e-08
10.0,0.0,203.4365078125,1.92903e-08
10.0,0.0,203.4362578125,1.91925e-08
10.0,0.0,203.4360078125,1.9144e-08
10.0,0.0,203.4357578125,1.90443e-08
10.0,0.0,203.4355078125,1.9176e-08
10.0,0.0,203.4352578125,1.900405e-08
10.0,0.0,203.4350078125,1.8859e-08
10.0,0.0,203.4347578125,1.92599e-08
10.0,0.0,203.4345078125,1.8986300000000002e-08
10.0,0.0,203.4342578125,1.88786e-08
10.0,0.0,203.4340078125,1.8847950000000002e-08
10.0,0.0,203.4337578125,1.8855600000000002e-08
10.0,0.0,203.4335078125,1.9041700000000003e-08
10.0,0.0,203.4332578125,1.9061750000000002e-08
10.0,0.0,203.4330078125,1.8980000000000002e-08
10.0,0.0,203.4327578125,1.897595e-08
10.0,0.0,203.4325078125,1.904975e-08
10.0,0.0,203.4322578125,1.879705e-08
10.0,0.0,203.4320078125,1.90129e-08
10.0,0.0,203.4317578125,1.928715e-08
10.0,0.0,203.4315078125,1.90938e-08
10.0,0.0,203.4312578125,1.9174e-08
10.0,0.0,203.4310078125,1.88406e-08
10.0,0.0,203.4307578125,1.904805e-08
10.0,0.0,203.4305078125,1.883955e-08
10.0,0.0,203.4302578125,1.9076250000000002e-08
10.0,0.0,203.4300078125,1.8933250000000002e-08
10.0,0.0,203.4297578125,1.87936e-08
10.0,0.0,203.4295078125,1.90636e-08
10.0,0.0,203.4292578125,1.86868e-08
10.0,0.0,203.4290078125,1.88628e-08
10.0,0.0,203.4287578125,1.89777e-08
10.0,0.0,203.4285078125,1.903975e-08
10.0,0.0,203.4282578125,1.888525e-08
10.0,0.0,203.4280078125,1.917185e-08
10.0,0.0,203.4277578125,1.9016e-08
10.0,0.0,203.4275078125,1.877485e-08
10.0,0.0,203.4272578125,1.875085e-08
10.0,0.0,203.4270078125,1.8989300000000002e-08
10.0,0.0,203.4267578125,1.8861600000000002e-08
10.0,0.0,203.4265078125,1.87707e-08
10.0,0.0,203.4262578125,1.888735e-08
10.0,0.0,203.4260078125,1.88269e-08
10.0,0.0,203.4257578125,1.8722450000000002e-08
10.0,0.0,203.4255078125,1.897905e-08
10.0,0.0,203.4252578125,1.90385e-08
10.0,0.0,203.4250078125,1.87616e-08
10.0,0.0,203.4247578125,1.894915e-08
10.0,0.0,203.4245078125,1.88438e-08
10.0,0.0,203.4242578125,1.88656e-08
10.0,0.0,203.4240078125,1.89982e-08
10.0,0.0,203.4237578125,1.88237e-08
10.0,0.0,203.4235078125,1.914885e-08
10.0,0.0,203.4232578125,1.91126e-08
10.0,0.0,203.4230078125,1.93101e-08
10.0,0.0,203.4227578125,1.9334300000000006e-08
10.0,0.0,203.4225078125,1.92329e-08
10.0,0.0,203.4222578125,1.9115e-08
10.0,0.0,203.4220078125,1.908285e-08
10.0,0.0,203.4217578125,1.941965e-08
10.0,0.0,203.4215078125,1.947115e-08
10.0,0.0,203.4212578125,1.955965e-08
10.0,0.0,203.4210078125,1.9397e-08
10.0,0.0,203.4207578125,1.945485e-08
10.0,0.0,203.4205078125,1.949215e-08
10.0,0.0,203.4202578125,1.95213e-08
10.0,0.0,203.4200078125,1.9578250000000002e-08
10.0,0.0,203.4197578125,1.952555e-08
10.0,0.0,203.4195078125,1.970225e-08
10.0,0.0,203.4192578125,1.983385e-08
10.0,0.0,203.4190078125,1.954455e-08
10.0,0.0,203.4187578125,1.97705e-08
10.0,0.0,203.4185078125,1.97384e-08
10.0,0.0,203.4182578125,2.0227100000000002e-08
10.0,0.0,203.4180078125,1.987825e-08
10.0,0.0,203.4177578125,1.9725100000000002e-08
10.0,0.0,203.4175078125,1.984635e-08
10.0,0.0,203.4172578125,1.9942e-08
10.0,0.0,203.4170078125,2.009633333333333e-08
10.0,0.0,203.4167578125,2.00177e-08
10.0,0.0,203.4165078125,1.99989e-08
10.0,0.0,203.4162578125,2.01495e-08
10.0,0.0,203.4160078125,2.020155e-08
10.0,0.0,203.4157578125,2.0399350000000002e-08
10.0,0.0,203.4155078125,1.99795e-08
10.0,0.0,203.4152578125,2.00821e-08
10.0,0.0,203.4150078125,2.021285e-08
10.0,0.0,203.4147578125,2.01877e-08
10.0,0.0,203.4145078125,2.017715e-08
10.0,0.0,203.4142578125,2.026205e-08
10.0,0.0,203.4140078125,2.025765e-08
10.0,0.0,203.4137578125,2.02578e-08
10.0,0.0,203.4135078125,2.03613e-08
10.0,0.0,203.4132578125,2.05255e-08
10.0,0.0,203.4130078125,2.0549200000000002e-08
10.0,0.0,203.4127578125,2.057945e-08
10.0,0.0,203.4125078125,2.047445e-08
10.0,0.0,203.4122578125,2.077525e-08
10.0,0.0,203.4120078125,2.0552200000000002e-08
10.0,0.0,203.4117578125,2.068855e-08
10.0,0.0,203.4115078125,2.04756e-08
10.0,0.0,203.4112578125,2.04462e-08
10.0,0.0,203.4110078125,2.05968e-08
10.0,0.0,203.4107578125,2.041055e-08
10.0,0.0,203.4105078125,2.04827e-08
10.0,0.0,203.4102578125,2.070115e-08
10.0,0.0,203.4100078125,2.03358e-08
10.0,0.0,203.4097578125,2.073355e-08
10.0,0.0,203.4095078125,2.065875e-08
10.0,0.0,203.4092578125,2.07607e-08
10.0,0.0,203.4090078125,2.1006100000000002e-08
10.0,0.0,203.4087578125,2.0848600000000002e-08
10.0,0.0,203.4085078125,2.0705050000000002e-08
10.0,0.0,203.4082578125,2.09673e-08
10.0,0.0,203.4080078125,2.08889e-08
10.0,0.0,203.4077578125,2.0953250000000006e-08
10.0,0.0,203.4075078125,2.080535e-08
10.0,0.0,203.4072578125,2.1002000000000002e-08
10.0,0.0,203.4070078125,2.120765e-08
10.0,0.0,203.4067578125,2.118085e-08
10.0,0.0,203.4065078125,2.12935e-08
10.0,0.0,203.4062578125,2.11944e-08
10.0,0.0,203.4060078125,2.148045e-08
10.0,0.0,203.4057578125,2.136765e-08
10.0,0.0,203.4055078125,2.15784e-08
10.0,0.0,203.4052578125,2.15769e-08
10.0,0.0,203.4050078125,2.18228e-08
10.0,0.0,203.4047578125,2.1798e-08
10.0,0.0,203.4045078125,2.1656300000000002e-08
10.0,0.0,203.4042578125,2.18785e-08
10.0,0.0,203.4040078125,2.20136e-08
10.0,0.0,203.4037578125,2.19184e-08
10.0,0.0,203.4035078125,2.2007e-08
10.0,0.0,203.4032578125,2.1904e-08
10.0,0.0,203.4030078125,2.1849433333333334e-08
10.0,0.0,203.4027578125,2.219155e-08
10.0,0.0,203.4025078125,2.21179e-08
10.0,0.0,203.4022578125,2.210275e-08
10.0,0.0,203.4020078125,2.221015e-08
10.0,0.0,203.4017578125,2.226435e-08
10.0,0.0,203.4015078125,2.22872e-08
10.0,0.0,203.4012578125,2.23026e-08
10.0,0.0,203.4010078125,2.24282e-08
10.0,0.0,203.4007578125,2.25764e-08
10.0,0.0,203.4005078125,2.26568e-08
10.0,0.0,203.4002578125,2.251065e-08
10.0,0.0,203.4000078125,2.253245e-08
10.0,0.0,203.3997578125,2.26993e-08
10.0,0.0,203.3995078125,2.27741e-08
10.0,0.0,203.3992578125,2.29878e-08
10.0,0.0,203.3990078125,2.292743333333333e-08
10.0,0.0,203.3987578125,2.31242e-08
10.0,0.0,203.3985078125,2.29253e-08
10.0,0.0,203.3982578125,2.32679e-08
10.0,0.0,203.3980078125,2.32425e-08
10.0,0.0,203.3977578125,2.3247900000000002e-08
10.0,0.0,203.3975078125,2.35725e-08
10.0,0.0,203.3972578125,2.36677e-08
10.0,0.0,203.3970078125,2.36661e-08
10.0,0.0,203.3967578125,2.37446e-08
10.0,0.0,203.3965078125,2.377545e-08
10.0,0.0,203.3962578125,2.382685e-08
10.0,0.0,203.3960078125,2.391095e-08
10.0,0.0,203.3957578125,2.43432e-08
10.0,0.0,203.3955078125,2.41504e-08
10.0,0.0,203.3952578125,2.4268900000000002e-08
10.0,0.0,203.3950078125,2.4554600000000002e-08
10.0,0.0,203.3947578125,2.43068e-08
10.0,0.0,203.3945078125,2.45168e-08
10.0,0.0,203.3942578125,2.470505e-08
10.0,0.0,203.3940078125,2.50128e-08
10.0,0.0,203.3937578125,2.484235e-08
10.0,0.0,203.3935078125,2.499325e-08
10.0,0.0,203.3932578125,2.507055e-08
10.0,0.0,203.3930078125,2.5219750000000003e-08
10.0,0.0,203.3927578125,2.51584e-08
10.0,0.0,203.3925078125,2.52394e-08
10.0,0.0,203.3922578125,2.5444e-08
10.0,0.0,203.3920078125,2.562565e-08
10.0,0.0,203.3917578125,2.54826e-08
10.0,0.0,203.3915078125,2.563155e-08
10.0,0.0,203.3912578125,2.5706300000000002e-08
10.0,0.0,203.3910078125,2.59556e-08
10.0,0.0,203.3907578125,2.59082e-08
10.0,0.0,203.3905078125,2.62587e-08
10.0,0.0,203.3902578125,2.62363e-08
10.0,0.0,203.3900078125,2.6336200000000006e-08
10.0,0.0,203.3897578125,2.64177e-08
10.0,0.0,203.3895078125,2.6475150000000002e-08
10.0,0.0,203.3892578125,2.642035e-08
10.0,0.0,203.3890078125,2.65845e-08
10.0,0.0,203.3887578125,2.663545e-08
10.0,0.0,203.3885078125,2.65604e-08
10.0,0.0,203.3882578125,2.6961800000000006e-08
10.0,0.0,203.3880078125,2.715645e-08
10.0,0.0,203.3877578125,2.7184e-08
10.0,0.0,203.3875078125,2.74815e-08
10.0,0.0,203.3872578125,2.758815e-08
10.0,0.0,203.3870078125,2.7831900000000002e-08
10.0,0.0,203.3867578125,2.7715700000000002e-08
10.0,0.0,203.3865078125,2.797315e-08
10.0,0.0,203.3862578125,2.79296e-08
10.0,0.0,203.3860078125,2.79914e-08
10.0,0.0,203.3857578125,2.809065e-08
10.0,0.0,203.3855078125,2.79009e-08
10.0,0.0,203.3852578125,2.82276e-08
10.0,0.0,203.3850078125,2.831245e-08
10.0,0.0,203.3847578125,2.84498e-08
10.0,0.0,203.3845078125,2.8497e-08
10.0,0.0,203.3842578125,2.84204e-08
10.0,0.0,203.3840078125,2.84759e-08
10.0,0.0,203.3837578125,2.84927e-08
10.0,0.0,203.3835078125,2.86759e-08
10.0,0.0,203.3832578125,2.849505e-08
10.0,0.0,203.3830078125,2.852005e-08
10.0,0.0,203.3827578125,2.853715e-08
10.0,0.0,203.3825078125,2.83951e-08
10.0,0.0,203.3822578125,2.8263650000000002e-08
10.0,0.0,203.3820078125,2.80456e-08
10.0,0.0,203.3817578125,2.80056e-08
10.0,0.0,203.3815078125,2.775115e-08
10.0,0.0,203.3812578125,2.72397e-08
10.0,0.0,203.3810078125,2.71361e-08
10.0,0.0,203.3807578125,2.6894e-08
10.0,0.0,203.3805078125,2.647915e-08
10.0,0.0,203.3802578125,2.6186e-08
10.0,0.0,203.3800078125,2.570265e-08
10.0,0.0,203.3797578125,2.49997e-08
10.0,0.0,203.3795078125,2.48483e-08
10.0,0.0,203.3792578125,2.438695e-08
10.0,0.0,203.3790078125,2.38026e-08
10.0,0.0,203.3787578125,2.3168350000000002e-08
10.0,0.0,203.3785078125,2.255165e-08
10.0,0.0,203.3782578125,2.191215e-08
10.0,0.0,203.3780078125,2.11601e-08
10.0,0.0,203.3777578125,2.05836e-08
10.0,0.0,203.3775078125,1.982775e-08
10.0,0.0,203.3772578125,1.91973e-08
10.0,0.0,203.3770078125,1.856215e-08
10.0,0.0,203.3767578125,1.76326e-08
10.0,0.0,203.3765078125,1.698715e-08
10.0,0.0,203.3762578125,1.60025e-08
10.0,0.0,203.3760078125,1.49941e-08
10.0,0.0,203.3757578125,1.414555e-08
10.0,0.0,203.3755078125,1.32148e-08
10.0,0.0,203.3752578125,1.232645e-08
10.0,0.0,203.3750078125,1.151835e-08
10.0,0.0,203.3747578125,1.06139e-08
10.0,0.0,203.3745078125,1.0096865000000001e-08
10.0,0.0,203.3742578125,9.095214999999999e-09
10.0,0.0,203.3740078125,8.138279999999998e-09
10.0,0.0,203.3737578125,6.9638599999999996e-09
10.0,0.0,203.3735078125,5.9368099999999995e-09
10.0,0.0,203.3732578125,5.111375e-09
15.0,0.0,203.7662578125,-5.122505e-10
15.0,0.0,203.7660078125,-5.40914e-10
15.0,0.0,203.7657578125,-5.72406e-10
15.0,0.0,203.7655078125,-5.731725e-10
15.0,0.0,203.7652578125,-5.647376666666668e-10
15.0,0.0,203.7650078125,-4.745825e-10
15.0,0.0,203.7647578125,-4.26526e-10
15.0,0.0,203.7645078125,-2.2324749999999998e-10
15.0,0.0,203.7642578125,-2.24692e-11
15.0,0.0,203.7640078125,2.3771925e-10
15.0,0.0,203.7637578125,5.7568e-10
15.0,0.0,203.7635078125,7.091276666666665e-10
15.0,0.0,203.7632578125,9.453895e-10
15.0,0.0,203.7630078125,1.3485149999999997e-09
15.0,0.0,203.7627578125,1.5480999999999999e-09
15.0,0.0,203.7625078125,1.872815e-09
15.0,0.0,203.7622578125,2.043535e-09
15.0,0.0,203.7620078125,2.5454949999999996e-09
15.0,0.0,203.7617578125,2.9963799999999995e-09
15.0,0.0,203.7615078125,3.8874600000000006e-09
15.0,0.0,203.7612578125,4.7063899999999995e-09
15.0,0.0,203.7610078125,5.021199999999999e-09
15.0,0.0,203.7607578125,5.3695e-09
15.0,0.0,203.7605078125,5.791455e-09
15.0,0.0,203.7602578125,5.90548e-09
15.0,0.0,203.7600078125,5.805869999999999e-09
15.0,0.0,203.7597578125,5.646659999999999e-09
15.0,0.0,203.7595078125,5.512915e-09
15.0,0.0,203.7592578125,5.143344999999999e-09
15.0,0.0,203.7590078125,4.944875e-09
15.0,0.0,203.7587578125,5.094635e-09
15.0,0.0,203.7585078125,5.596715e-09
15.0,0.0,203.7582578125,6.480344999999999e-09
15.0,0.0,203.7580078125,7.3302599999999995e-09
15.0,0.0,203.7577578125,8.014419999999998e-09
15.0,0.0,203.7575078125,8.225704999999999e-09
15.0,0.0,203.7572578125,8.871915000000001e-09
15.0,0.0,203.7570078125,9.187754999999999e-09
15.0,0.0,203.7567578125,9.614844999999999e-09
15.0,0.0,203.7565078125,9.778359999999999e-09
15.0,0.0,203.7562578125,1.01864e-08
15.0,0.0,203.7560078125,1.05536e-08
15.0,0.0,203.7557578125,1.07806e-08
15.0,0.0,203.7555078125,1.09782e-08
15.0,0.0,203.7552578125,1.37921e-08
15.0,0.0,203.7550078125,1.68243e-08
15.0,0.0,203.7547578125,1.795895e-08
15.0,0.0,203.7545078125,1.8635500000000002e-08
15.0,0.0,203.7542578125,1.93295e-08
15.0,0.0,203.7540078125,2.038035e-08
15.0,0.0,203.7537578125,2.139185e-08
15.0,0.0,203.7535078125,2.2172e-08
15.0,0.0,203.7532578125,2.30208e-08
15.0,0.0,203.7530078125,2.3839600000000002e-08
15.0,0.0,203.7527578125,2.40622e-08
15.0,0.0,203.7525078125,2.48383e-08
15.0,0.0,203.7522578125,2.5490550000000002e-08
15.0,0.0,203.7520078125,2.608e-08
15.0,0.0,203.7517578125,2.67469e-08
15.0,0.0,203.7515078125,2.7324950000000002e-08
15.0,0.0,203.7512578125,2.7642950000000002e-08
15.0,0.0,203.7510078125,2.80081e-08
15.0,0.0,203.7507578125,2.822035e-08
15.0,0.0,203.7505078125,2.839825e-08
15.0,0.0,203.7502578125,2.85884e-08
15.0,0.0,203.7500078125,2.86197e-08
15.0,0.0,203.7497578125,2.873595e-08
15.0,0.0,203.7495078125,2.87811e-08
15.0,0.0,203.7492578125,2.8910550000000002e-08
15.0,0.0,203.7490078125,2.89054e-08
15.0,0.0,203.7487578125,2.90274e-08
15.0,0.0,203.7485078125,2.90084e-08
15.0,0.0,203.7482578125,2.912975e-08
15.0,0.0,203.7480078125,2.90423e-08
15.0,0.0,203.7477578125,2.915575e-08
15.0,0.0,203.7475078125,2.909235e-08
15.0,0.0,203.7472578125,2.902035e-08
15.0,0.0,203.7470078125,2.9276700000000002e-08
15.0,0.0,203.7467578125,2.91259e-08
15.0,0.0,203.7465078125,2.90926e-08
15.0,0.0,203.7462578125,2.911485e-08
15.0,0.0,203.7460078125,2.89672e-08
15.0,0.0,203.7457578125,2.8818150000000002e-08
15.0,0.0,203.7455078125,2.87274e-08
15.0,0.0,203.7452578125,2.84838e-08
15.0,0.0,203.7450078125,2.850445e-08
15.0,0.0,203.7447578125,2.84877e-08
15.0,0.0,203.7445078125,2.840315e-08
15.0,0.0,203.7442578125,2.8386400000000002e-08
15.0,0.0,203.7440078125,2.82564e-08
15.0,0.0,203.7437578125,2.8200150000000006e-08
15.0,0.0,203.7435078125,2.82262e-08
15.0,0.0,203.7432578125,2.812205e-08
15.0,0.0,203.7430078125,2.7936900000000002e-08
15.0,0.0,203.7427578125,2.78872e-08
15.0,0.0,203.7425078125,2.7781050000000002e-08
15.0,0.0,203.7422578125,2.778655e-08
15.0,0.0,203.7420078125,2.7684e-08
15.0,0.0,203.7417578125,2.7707750000000002e-08
15.0,0.0,203.7415078125,2.773165e-08
15.0,0.0,203.7412578125,2.76903e-08
15.0,0.0,203.7410078125,2.748675e-08
15.0,0.0,203.7407578125,2.75769e-08
15.0,0.0,203.7405078125,2.74065e-08
15.0,0.0,203.7402578125,2.73166e-08
15.0,0.0,203.7400078125,2.73593e-08
15.0,0.0,203.7397578125,2.723745e-08
15.0,0.0,203.7395078125,2.727265e-08
15.0,0.0,203.7392578125,2.722815e-08
15.0,0.0,203.7390078125,2.713455e-08
15.0,0.0,203.7387578125,2.71202e-08
15.0,0.0,203.7385078125,2.70885e-08
15.0,0.0,203.7382578125,2.71969e-08
15.0,0.0,203.7380078125,2.698925e-08
15.0,0.0,203.7377578125,2.70285e-08
15.0,0.0,203.7375078125,2.6971100000000006e-08
15.0,0.0,203.7372578125,2.69388e-08
15.0,0.0,203.7370078125,2.68396e-08
15.0,0.0,203.7367578125,2.6776750000000002e-08
15.0,0.0,203.7365078125,2.66954e-08
15.0,0.0,203.7362578125,2.66937e-08
15.0,0.0,203.7360078125,2.668865e-08
15.0,0.0,203.7357578125,2.66924e-08
15.0,0.0,203.7355078125,2.680995e-08
15.0,0.0,203.7352578125,2.67406e-08
15.0,0.0,203.7350078125,2.67503e-08
15.0,0.0,203.7347578125,2.666965e-08
15.0,0.0,203.7345078125,2.674665e-08
15.0,0.0,203.7342578125,2.66077e-08
15.0,0.0,203.7340078125,2.65194e-08
15.0,0.0,203.7337578125,2.636345e-08
15.0,0.0,203.7335078125,2.63957e-08
15.0,0.0,203.7332578125,2.61777e-08
15.0,0.0,203.7330078125,2.6191350000000002e-08
15.0,0.0,203.7327578125,2.609615e-08
15.0,0.0,203.7325078125,2.608065e-08
15.0,0.0,203.7322578125,2.59472e-08
15.0,0.0,203.7320078125,2.5980133333333333e-08
15.0,0.0,203.7317578125,2.59062e-08
15.0,0.0,203.7315078125,2.5887e-08
15.0,0.0,203.7312578125,2.59485e-08
15.0,0.0,203.7310078125,2.5815400000000002e-08
15.0,0.0,203.7307578125,2.572955e-08
15.0,0.0,203.7305078125,2.58299e-08
15.0,0.0,203.7302578125,2.5854e-08
15.0,0.0,203.7300078125,2.578503333333333e-08
15.0,0.0,203.7297578125,2.56695e-08
15.0,0.0,203.7295078125,2.5853950000000002e-08
15.0,0.0,203.7292578125,2.56333e-08
15.0,0.0,203.7290078125,2.56327e-08
15.0,0.0,203.7287578125,2.5591450000000002e-08
15.0,0.0,203.7285078125,2.564415e-08
15.0,0.0,203.7282578125,2.56965e-08
15.0,0.0,203.7280078125,2.5609500000000002e-08
15.0,0.0,203.7277578125,2.56169e-08
15.0,0.0,203.7275078125,2.56686e-08
15.0,0.0,203.7272578125,2.5642300000000002e-08
15.0,0.0,203.7270078125,2.561035e-08
15.0,0.0,203.7267578125,2.55702e-08
15.0,0.0,203.7265078125,2.55178e-08
15.0,0.0,203.7262578125,2.55832e-08
15.0,0.0,203.7260078125,2.552655e-08
15.0,0.0,203.7257578125,2.53884e-08
15.0,0.0,203.7255078125,2.53368e-08
15.0,0.0,203.7252578125,2.54188e-08
15.0,0.0,203.7250078125,2.53688e-08
15.0,0.0,203.7247578125,2.52999e-08
15.0,0.0,203.7245078125,2.538125e-08
15.0,0.0,203.7242578125,2.5401e-08
15.0,0.0,203.7240078125,2.54672e-08
15.0,0.0,203.7237578125,2.553535e-08
15.0,0.0,203.7235078125,2.55311e-08
15.0,0.0,203.7232578125,2.55066e-08
15.0,0.0,203.7230078125,2.55681e-08
15.0,0.0,203.7227578125,2.55545e-08
15.0,0.0,203.7225078125,2.55156e-08
15.0,0.0,203.7222578125,2.54379e-08
15.0,0.0,203.7220078125,2.5431500000000002e-08
15.0,0.0,203.7217578125,2.54343e-08
15.0,0.0,203.7215078125,2.551985e-08
15.0,0.0,203.7212578125,2.54681e-08
15.0,0.0,203.7210078125,2.5352e-08
15.0,0.0,203.7207578125,2.544415e-08
15.0,0.0,203.7205078125,2.5469500000000002e-08
15.0,0.0,203.7202578125,2.559325e-08
15.0,0.0,203.7200078125,2.568585e-08
15.0,0.0,203.7197578125,2.573085e-08
15.0,0.0,203.7195078125,2.5889e-08
15.0,0.0,203.7192578125,2.588685e-08
15.0,0.0,203.7190078125,2.596775e-08
15.0,0.0,203.7187578125,2.5960850000000002e-08
15.0,0.0,203.7185078125,2.59577e-08
15.0,0.0,203.7182578125,2.585205e-08
15.0,0.0,203.7180078125,2.57772e-08
15.0,0.0,203.7177578125,2.5706550000000002e-08
15.0,0.0,203.7175078125,2.54926e-08
15.0,0.0,203.7172578125,2.563145e-08
15.0,0.0,203.7170078125,2.5526650000000002e-08
15.0,0.0,203.7167578125,2.55337e-08
15.0,0.0,203.7165078125,2.5533750000000002e-08
15.0,0.0,203.7162578125,2.558075e-08
15.0,0.0,203.7160078125,2.55101e-08
15.0,0.0,203.7157578125,2.5561650000000002e-08
15.0,0.0,203.7155078125,2.5432600000000002e-08
15.0,0.0,203.7152578125,2.542265e-08
15.0,0.0,203.7150078125,2.559175e-08
15.0,0.0,203.7147578125,2.5544150000000002e-08
15.0,0.0,203.7145078125,2.55375e-08
15.0,0.0,203.7142578125,2.56556e-08
15.0,0.0,203.7140078125,2.57012e-08
15.0,0.0,203.7137578125,2.567855e-08
15.0,0.0,203.7135078125,2.5742650000000002e-08
15.0,0.0,203.7132578125,2.591315e-08
15.0,0.0,203.7130078125,2.595825e-08
15.0,0.0,203.7127578125,2.590985e-08
15.0,0.0,203.7125078125,2.58578e-08
15.0,0.0,203.7122578125,2.59062e-08
15.0,0.0,203.7120078125,2.5893e-08
15.0,0.0,203.7117578125,2.58679e-08
15.0,0.0,203.7115078125,2.590625e-08
15.0,0.0,203.7112578125,2.58766e-08
15.0,0.0,203.7110078125,2.5901250000000002e-08
15.0,0.0,203.7107578125,2.579865e-08
15.0,0.0,203.7105078125,2.56543e-08
15.0,0.0,203.7102578125,2.576715e-08
15.0,0.0,203.7100078125,2.577555e-08
15.0,0.0,203.7097578125,2.576655e-08
15.0,0.0,203.7095078125,2.577175e-08
15.0,0.0,203.7092578125,2.57334e-08
15.0,0.0,203.7090078125,2.582525e-08
15.0,0.0,203.7087578125,2.574005e-08
15.0,0.0,203.7085078125,2.57127e-08
15.0,0.0,203.7082578125,2.5681e-08
15.0,0.0,203.7080078125,2.567645e-08
15.0,0.0,203.7077578125,2.5677e-08
15.0,0.0,203.7075078125,2.5551800000000002e-08
15.0,0.0,203.7072578125,2.5679200000000002e-08
15.0,0.0,203.7070078125,2.568535e-08
15.0,0.0,203.7067578125,2.561925e-08
15.0,0.0,203.7065078125,2.576225e-08
15.0,0.0,203.7062578125,2.567875e-08
15.0,0.0,203.7060078125,2.56881e-08
15.0,0.0,203.7057578125,2.565315e-08
15.0,0.0,203.7055078125,2.56635e-08
15.0,0.0,203.7052578125,2.552535e-08
15.0,0.0,203.7050078125,2.5571200000000002e-08
15.0,0.0,203.7047578125,2.548815e-08
15.0,0.0,203.7045078125,2.54366e-08
15.0,0.0,203.7042578125,2.534065e-08
15.0,0.0,203.7040078125,2.53985e-08
15.0,0.0,203.7037578125,2.54095e-08
15.0,0.0,203.7035078125,2.52646e-08
15.0,0.0,203.7032578125,2.524895e-08
15.0,0.0,203.7030078125,2.5222600000000002e-08
15.0,0.0,203.7027578125,2.52223e-08
15.0,0.0,203.7025078125,2.515405e-08
15.0,0.0,203.7022578125,2.518985e-08
15.0,0.0,203.7020078125,2.51672e-08
15.0,0.0,203.7017578125,2.50915e-08
15.0,0.0,203.7015078125,2.5077300000000003e-08
15.0,0.0,203.7012578125,2.500815e-08
15.0,0.0,203.7010078125,2.499575e-08
15.0,0.0,203.7007578125,2.49576e-08
15.0,0.0,203.7005078125,2.494635e-08
15.0,0.0,203.7002578125,2.50753e-08
15.0,0.0,203.7000078125,2.486805e-08
15.0,0.0,203.6997578125,2.49116e-08
15.0,0.0,203.6995078125,2.49375e-08
15.0,0.0,203.6992578125,2.496335e-08
15.0,0.0,203.6990078125,2.490935e-08
15.0,0.0,203.6987578125,2.50303e-08
15.0,0.0,203.6985078125,2.502683333333333e-08
15.0,0.0,203.6982578125,2.498805e-08
15.0,0.0,203.6980078125,2.5137300000000002e-08
15.0,0.0,203.6977578125,2.4954900000000002e-08
15.0,0.0,203.6975078125,2.49961e-08
15.0,0.0,203.6972578125,2.500235e-08
15.0,0.0,203.6970078125,2.501825e-08
15.0,0.0,203.6967578125,2.48837e-08
15.0,0.0,203.6965078125,2.494925e-08
15.0,0.0,203.6962578125,2.4921000000000002e-08
15.0,0.0,203.6960078125,2.49466e-08
15.0,0.0,203.6957578125,2.495105e-08
15.0,0.0,203.6955078125,2.487115e-08
15.0,0.0,203.6952578125,2.49958e-08
15.0,0.0,203.6950078125,2.49895e-08
15.0,0.0,203.6947578125,2.50195e-08
15.0,0.0,203.6945078125,2.516295e-08
15.0,0.0,203.6942578125,2.508065e-08
15.0,0.0,203.6940078125,2.51956e-08
15.0,0.0,203.6937578125,2.50158e-08
15.0,0.0,203.6935078125,2.5191066666666673e-08
15.0,0.0,203.6932578125,2.50683e-08
15.0,0.0,203.6930078125,2.519345e-08
15.0,0.0,203.6927578125,2.50827e-08
15.0,0.0,203.6925078125,2.53096e-08
15.0,0.0,203.6922578125,2.52261e-08
15.0,0.0,203.6920078125,2.527485e-08
15.0,0.0,203.6917578125,2.52017e-08
15.0,0.0,203.6915078125,2.528555e-08
15.0,0.0,203.6912578125,2.52512e-08
15.0,0.0,203.6910078125,2.5388966666666664e-08
15.0,0.0,203.6907578125,2.53696e-08
15.0,0.0,203.6905078125,2.547355e-08
15.0,0.0,203.6902578125,2.537475e-08
15.0,0.0,203.6900078125,2.54748e-08
15.0,0.0,203.6897578125,2.56006e-08
15.0,0.0,203.6895078125,2.5576350000000006e-08
15.0,0.0,203.6892578125,2.54237e-08
15.0,0.0,203.6890078125,2.5465833333333337e-08
15.0,0.0,203.6887578125,2.54365e-08
15.0,0.0,203.6885078125,2.56069e-08
15.0,0.0,203.6882578125,2.561075e-08
15.0,0.0,203.6880078125,2.564755e-08
15.0,0.0,203.6877578125,2.56113e-08
15.0,0.0,203.6875078125,2.563225e-08
15.0,0.0,203.6872578125,2.5625900000000002e-08
15.0,0.0,203.6870078125,2.56983e-08
15.0,0.0,203.6867578125,2.565085e-08
15.0,0.0,203.6865078125,2.5755400000000003e-08
15.0,0.0,203.6862578125,2.576605e-08
15.0,0.0,203.6860078125,2.576095e-08
15.0,0.0,203.6857578125,2.57534e-08
15.0,0.0,203.6855078125,2.5821850000000003e-08
15.0,0.0,203.6852578125,2.58281e-08
15.0,0.0,203.6850078125,2.57598e-08
15.0,0.0,203.6847578125,2.57502e-08
15.0,0.0,203.6845078125,2.576075e-08
15.0,0.0,203.6842578125,2.57272e-08
15.0,0.0,203.6840078125,2.5801e-08
15.0,0.0,203.6837578125,2.58822e-08
15.0,0.0,203.6835078125,2.5804450000000002e-08
15.0,0.0,203.6832578125,2.588e-08
15.0,0.0,203.6830078125,2.585895e-08
15.0,0.0,203.6827578125,2.5976700000000002e-08
15.0,0.0,203.6825078125,2.5958400000000002e-08
15.0,0.0,203.6822578125,2.604055e-08
15.0,0.0,203.6820078125,2.600365e-08
15.0,0.0,203.6817578125,2.60369e-08
15.0,0.0,203.6815078125,2.60113e-08
15.0,0.0,203.6812578125,2.609635e-08
15.0,0.0,203.6810078125,2.61679e-08
15.0,0.0,203.6807578125,2.606685e-08
15.0,0.0,203.6805078125,2.60315e-08
15.0,0.0,203.6802578125,2.603725e-08
15.0,0.0,203.6800078125,2.61179e-08
15.0,0.0,203.6797578125,2.601625e-08
15.0,0.0,203.6795078125,2.60712e-08
15.0,0.0,203.6792578125,2.62484e-08
15.0,0.0,203.6790078125,2.6307000000000002e-08
15.0,0.0,203.6787578125,2.61561e-08
15.0,0.0,203.6785078125,2.624415e-08
15.0,0.0,203.6782578125,2.614035e-08
15.0,0.0,203.6780078125,2.61917e-08
15.0,0.0,203.6777578125,2.622025e-08
15.0,0.0,203.6775078125,2.62391e-08
15.0,0.0,203.6772578125,2.618745e-08
15.0,0.0,203.6770078125,2.60789e-08
15.0,0.0,203.6767578125,2.621285e-08
15.0,0.0,203.6765078125,2.616715e-08
15.0,0.0,203.6762578125,2.61237e-08
15.0,0.0,203.6760078125,2.608665e-08
15.0,0.0,203.6757578125,2.61914e-08
15.0,0.0,203.6755078125,2.6194533333333333e-08
15.0,0.0,203.6752578125,2.62144e-08
15.0,0.0,203.6750078125,2.6202000000000002e-08
15.0,0.0,203.6747578125,2.622135e-08
15.0,0.0,203.6745078125,2.625575e-08
15.0,0.0,203.6742578125,2.627025e-08
15.0,0.0,203.6740078125,2.61991e-08
15.0,0.0,203.6737578125,2.622465e-08
15.0,0.0,203.6735078125,2.61319e-08
15.0,0.0,203.6732578125,2.6068300000000002e-08
15.0,0.0,203.6730078125,2.60217e-08
15.0,0.0,203.6727578125,2.584725e-08
15.0,0.0,203.6725078125,2.589365e-08
15.0,0.0,203.6722578125,2.59864e-08
15.0,0.0,203.6720078125,2.57952e-08
15.0,0.0,203.6717578125,2.5857500000000002e-08
15.0,0.0,203.6715078125,2.57288e-08
15.0,0.0,203.6712578125,2.58547e-08
15.0,0.0,203.6710078125,2.57419e-08
15.0,0.0,203.6707578125,2.571795e-08
15.0,0.0,203.6705078125,2.5802250000000002e-08
15.0,0.0,203.6702578125,2.57568e-08
15.0,0.0,203.6700078125,2.5784200000000002e-08
15.0,0.0,203.6697578125,2.56666e-08
15.0,0.0,203.6695078125,2.57468e-08
15.0,0.0,203.6692578125,2.56818e-08
15.0,0.0,203.6690078125,2.566585e-08
15.0,0.0,203.6687578125,2.5527e-08
15.0,0.0,203.6685078125,2.54061e-08
15.0,0.0,203.6682578125,2.54318e-08
15.0,0.0,203.6680078125,2.5364e-08
15.0,0.0,203.6677578125,2.536255e-08
15.0,0.0,203.6675078125,2.5343450000000002e-08
15.0,0.0,203.6672578125,2.532845e-08
15.0,0.0,203.6670078125,2.53327e-08
15.0,0.0,203.6667578125,2.525315000000001e-08
15.0,0.0,203.6665078125,2.526325e-08
15.0,0.0,203.6662578125,2.529535e-08
15.0,0.0,203.6660078125,2.515705e-08
15.0,0.0,203.6657578125,2.520795e-08
15.0,0.0,203.6655078125,2.532665e-08
15.0,0.0,203.6652578125,2.52375e-08
15.0,0.0,203.6650078125,2.5227500000000002e-08
15.0,0.0,203.6647578125,2.5073e-08
15.0,0.0,203.6645078125,2.503825e-08
15.0,0.0,203.6642578125,2.49762e-08
15.0,0.0,203.6640078125,2.50743e-08
15.0,0.0,203.6637578125,2.49206e-08
15.0,0.0,203.6635078125,2.485575e-08
15.0,0.0,203.6632578125,2.48549e-08
15.0,0.0,203.6630078125,2.4805250000000003e-08
15.0,0.0,203.6627578125,2.4803700000000002e-08
15.0,0.0,203.6625078125,2.471405e-08
15.0,0.0,203.6622578125,2.474445e-08
15.0,0.0,203.6620078125,2.4779650000000002e-08
15.0,0.0,203.6617578125,2.47808e-08
15.0,0.0,203.6615078125,2.481105e-08
15.0,0.0,203.6612578125,2.46209e-08
15.0,0.0,203.6610078125,2.48261e-08
15.0,0.0,203.6607578125,2.45688e-08
15.0,0.0,203.6605078125,2.472665e-08
15.0,0.0,203.6602578125,2.465125e-08
15.0,0.0,203.6600078125,2.463725e-08
15.0,0.0,203.6597578125,2.4576750000000002e-08
15.0,0.0,203.6595078125,2.462705e-08
15.0,0.0,203.6592578125,2.45596e-08
15.0,0.0,203.6590078125,2.459765e-08
15.0,0.0,203.6587578125,2.4517700000000002e-08
15.0,0.0,203.6585078125,2.448015e-08
15.0,0.0,203.6582578125,2.4496100000000002e-08
15.0,0.0,203.6580078125,2.4423333333333332e-08
15.0,0.0,203.6577578125,2.444465e-08
15.0,0.0,203.6575078125,2.45231e-08
15.0,0.0,203.6572578125,2.43359e-08
15.0,0.0,203.6570078125,2.4363e-08
15.0,0.0,203.6567578125,2.436535e-08
15.0,0.0,203.6565078125,2.4270800000000002e-08
15.0,0.0,203.6562578125,2.42606e-08
15.0,0.0,203.6560078125,2.4277350000000002e-08
15.0,0.0,203.6557578125,2.425805e-08
15.0,0.0,203.6555078125,2.4039150000000006e-08
15.0,0.0,203.6552578125,2.414295e-08
15.0,0.0,203.6550078125,2.40732e-08
15.0,0.0,203.6547578125,2.404235e-08
15.0,0.0,203.6545078125,2.42012e-08
15.0,0.0,203.6542578125,2.41611e-08
15.0,0.0,203.6540078125,2.41556e-08
15.0,0.0,203.6537578125,2.42833e-08
15.0,0.0,203.6535078125,2.420075e-08
15.0,0.0,203.6532578125,2.42823e-08
15.0,0.0,203.6530078125,2.4298950000000002e-08
15.0,0.0,203.6527578125,2.42868e-08
15.0,0.0,203.6525078125,2.4290150000000006e-08
15.0,0.0,203.6522578125,2.4193700000000002e-08
15.0,0.0,203.6520078125,2.42353e-08
15.0,0.0,203.6517578125,2.434965e-08
15.0,0.0,203.6515078125,2.426435e-08
15.0,0.0,203.6512578125,2.43079e-08
15.0,0.0,203.6510078125,2.4336566666666663e-08
15.0,0.0,203.6507578125,2.42671e-08
15.0,0.0,203.6505078125,2.44139e-08
15.0,0.0,203.6502578125,2.46847e-08
15.0,0.0,203.6500078125,2.45171e-08
15.0,0.0,203.6497578125,2.472155e-08
15.0,0.0,203.6495078125,2.4756400000000002e-08
15.0,0.0,203.6492578125,2.47621e-08
15.0,0.0,203.6490078125,2.485395e-08
15.0,0.0,203.6487578125,2.4855650000000002e-08
15.0,0.0,203.6485078125,2.495005e-08
15.0,0.0,203.6482578125,2.49054e-08
15.0,0.0,203.6480078125,2.47899e-08
15.0,0.0,203.6477578125,2.485995e-08
15.0,0.0,203.6475078125,2.48539e-08
15.0,0.0,203.6472578125,2.47663e-08
15.0,0.0,203.6470078125,2.4806450000000002e-08
15.0,0.0,203.6467578125,2.46733e-08
15.0,0.0,203.6465078125,2.467325e-08
15.0,0.0,203.6462578125,2.47303e-08
15.0,0.0,203.6460078125,2.46961e-08
15.0,0.0,203.6457578125,2.46888e-08
15.0,0.0,203.6455078125,2.47473e-08
15.0,0.0,203.6452578125,2.480405e-08
15.0,0.0,203.6450078125,2.470865e-08
15.0,0.0,203.6447578125,2.4920450000000002e-08
15.0,0.0,203.6445078125,2.4947200000000006e-08
15.0,0.0,203.6442578125,2.48832e-08
15.0,0.0,203.6440078125,2.496405e-08
15.0,0.0,203.6437578125,2.50643e-08
15.0,0.0,203.6435078125,2.497395e-08
15.0,0.0,203.6432578125,2.4958750000000002e-08
15.0,0.0,203.6430078125,2.5053e-08
15.0,0.0,203.6427578125,2.50212e-08
15.0,0.0,203.6425078125,2.5002500000000002e-08
15.0,0.0,203.6422578125,2.506665e-08
15.0,0.0,203.6420078125,2.5214650000000002e-08
15.0,0.0,203.6417578125,2.52248e-08
15.0,0.0,203.6415078125,2.5280300000000002e-08
15.0,0.0,203.6412578125,2.53272e-08
15.0,0.0,203.6410078125,2.5376750000000006e-08
15.0,0.0,203.6407578125,2.539535e-08
15.0,0.0,203.6405078125,2.54745e-08
15.0,0.0,203.6402578125,2.543345e-08
15.0,0.0,203.6400078125,2.5474700000000002e-08
15.0,0.0,203.6397578125,2.550225e-08
15.0,0.0,203.6395078125,2.5472450000000006e-08
15.0,0.0,203.6392578125,2.5613e-08
15.0,0.0,203.6390078125,2.57493e-08
15.0,0.0,203.6387578125,2.585815e-08
15.0,0.0,203.6385078125,2.5806100000000002e-08
15.0,0.0,203.6382578125,2.60674e-08
15.0,0.0,203.6380078125,2.604685e-08
15.0,0.0,203.6377578125,2.6027550000000002e-08
15.0,0.0,203.6375078125,2.603e-08
15.0,0.0,203.6372578125,2.6216e-08
15.0,0.0,203.6370078125,2.6218950000000002e-08
15.0,0.0,203.6367578125,2.617545e-08
15.0,0.0,203.6365078125,2.59426e-08
15.0,0.0,203.6362578125,2.587065e-08
15.0,0.0,203.6360078125,2.565835e-08
15.0,0.0,203.6357578125,2.5380100000000002e-08
15.0,0.0,203.6355078125,2.50844e-08
15.0,0.0,203.6352578125,2.475085e-08
15.0,0.0,203.6350078125,2.4385e-08
15.0,0.0,203.6347578125,2.402845e-08
15.0,0.0,203.6345078125,2.392155e-08
15.0,0.0,203.6342578125,2.36671e-08
15.0,0.0,203.6340078125,2.366645e-08
15.0,0.0,203.6337578125,2.3546e-08
15.0,0.0,203.6335078125,2.35895e-08
15.0,0.0,203.6332578125,2.3568e-08
15.0,0.0,203.6330078125,2.362765e-08
15.0,0.0,203.6327578125,2.385065e-08
15.0,0.0,203.6325078125,2.410735e-08
15.0,0.0,203.6322578125,2.4058900000000002e-08
15.0,0.0,203.6320078125,2.413565e-08
15.0,0.0,203.6317578125,2.401835e-08
15.0,0.0,203.6315078125,2.39739e-08
15.0,0.0,203.6312578125,2.397335e-08
15.0,0.0,203.6310078125,2.40678e-08
15.0,0.0,203.6307578125,2.423045e-08
15.0,0.0,203.6305078125,2.428035e-08
15.0,0.0,203.6302578125,2.430975e-08
15.0,0.0,203.6300078125,2.434855e-08
15.0,0.0,203.6297578125,2.4496650000000002e-08
15.0,0.0,203.6295078125,2.45893e-08
15.0,0.0,203.6292578125,2.476435e-08
15.0,0.0,203.6290078125,2.49578e-08
15.0,0.0,203.6287578125,2.516405e-08
15.0,0.0,203.6285078125,2.54128e-08
15.0,0.0,203.6282578125,2.5586800000000002e-08
15.0,0.0,203.6280078125,2.5809100000000002e-08
15.0,0.0,203.6277578125,2.59938e-08
15.0,0.0,203.6275078125,2.61493e-08
15.0,0.0,203.6272578125,2.629025e-08
15.0,0.0,203.6270078125,2.64557e-08
15.0,0.0,203.6267578125,2.66156e-08
15.0,0.0,203.6265078125,2.65949e-08
15.0,0.0,203.6262578125,2.667375e-08
15.0,0.0,203.6260078125,2.660235e-08
15.0,0.0,203.6257578125,2.66878e-08
15.0,0.0,203.6255078125,2.682645e-08
15.0,0.0,203.6252578125,2.697685e-08
15.0,0.0,203.6250078125,2.70743e-08
15.0,0.0,203.6247578125,2.71454e-08
15.0,0.0,203.6245078125,2.73325e-08
15.0,0.0,203.6242578125,2.73927e-08
15.0,0.0,203.6240078125,2.76097e-08
15.0,0.0,203.6237578125,2.774465e-08
15.0,0.0,203.6235078125,2.79829e-08
15.0,0.0,203.6232578125,2.79973e-08
15.0,0.0,203.6230078125,2.792855e-08
15.0,0.0,203.6227578125,2.80702e-08
15.0,0.0,203.6225078125,2.8022200000000002e-08
15.0,0.0,203.6222578125,2.8137050000000002e-08
15.0,0.0,203.6220078125,2.8176e-08
15.0,0.0,203.6217578125,2.8207300000000002e-08
15.0,0.0,203.6215078125,2.8313950000000002e-08
15.0,0.0,203.6212578125,2.818505e-08
15.0,0.0,203.6210078125,2.818185e-08
15.0,0.0,203.6207578125,2.83732e-08
15.0,0.0,203.6205078125,2.8308750000000002e-08
15.0,0.0,203.6202578125,2.832565e-08
15.0,0.0,203.6200078125,2.839225e-08
15.0,0.0,203.6197578125,2.83811e-08
15.0,0.0,203.6195078125,2.833465e-08
15.0,0.0,203.6192578125,2.85276e-08
15.0,0.0,203.6190078125,2.86584e-08
15.0,0.0,203.6187578125,2.87525e-08
15.0,0.0,203.6185078125,2.896385e-08
15.0,0.0,203.6182578125,2.928e-08
15.0,0.0,203.6180078125,2.93824e-08
15.0,0.0,203.6177578125,2.95484e-08
15.0,0.0,203.6175078125,2.98156e-08
15.0,0.0,203.6172578125,3.0084200000000004e-08
15.0,0.0,203.6170078125,3.0270933333333334e-08
15.0,0.0,203.6167578125,3.07112e-08
15.0,0.0,203.6165078125,3.0746800000000006e-08
15.0,0.0,203.6162578125,3.082805e-08
15.0,0.0,203.6160078125,3.11541e-08
15.0,0.0,203.6157578125,3.12803e-08
15.0,0.0,203.6155078125,3.140375e-08
15.0,0.0,203.6152578125,3.164005e-08
15.0,0.0,203.6150078125,3.167105e-08
15.0,0.0,203.6147578125,3.15164e-08
15.0,0.0,203.6145078125,3.1711333333333334e-08
15.0,0.0,203.6142578125,3.17078e-08
15.0,0.0,203.6140078125,3.19028e-08
15.0,0.0,203.6137578125,3.16778e-08
15.0,0.0,203.6135078125,3.183205e-08
15.0,0.0,203.6132578125,3.17867e-08
15.0,0.0,203.6130078125,3.182475e-08
15.0,0.0,203.6127578125,3.19322e-08
15.0,0.0,203.6125078125,3.198405e-08
15.0,0.0,203.6122578125,3.21123e-08
15.0,0.0,203.6120078125,3.2366666666666665e-08
15.0,0.0,203.6117578125,3.25864e-08
15.0,0.0,203.6115078125,3.272245e-08
15.0,0.0,203.6112578125,3.273695e-08
15.0,0.0,203.6110078125,3.2853e-08
15.0,0.0,203.6107578125,3.301e-08
15.0,0.0,203.6105078125,3.30026e-08
15.0,0.0,203.6102578125,3.31026e-08
15.0,0.0,203.6100078125,3.327855e-08
15.0,0.0,203.6097578125,3.346495e-08
15.0,0.0,203.6095078125,3.3524500000000004e-08
15.0,0.0,203.6092578125,3.36106e-08
15.0,0.0,203.6090078125,3.362755e-08
15.0,0.0,203.6087578125,3.36405e-08
15.0,0.0,203.6085078125,3.37111e-08
15.0,0.0,203.6082578125,3.384255e-08
15.0,0.0,203.6080078125,3.386205e-08
15.0,0.0,203.6077578125,3.389315e-08
15.0,0.0,203.6075078125,3.416305e-08
15.0,0.0,203.6072578125,3.4183849999999995e-08
15.0,0.0,203.6070078125,3.40412e-08
15.0,0.0,203.6067578125,3.409705e-08
15.0,0.0,203.6065078125,3.41146e-08
15.0,0.0,203.6062578125,3.409005e-08
15.0,0.0,203.6060078125,3.40926e-08
15.0,0.0,203.6057578125,3.43206e-08
15.0,0.0,203.6055078125,3.4252e-08
15.0,0.0,203.6052578125,3.4280950000000005e-08
15.0,0.0,203.6050078125,3.4211e-08
15.0,0.0,203.6047578125,3.4102750000000004e-08
15.0,0.0,203.6045078125,3.423e-08
15.0,0.0,203.6042578125,3.4136400000000004e-08
15.0,0.0,203.6040078125,3.41249e-08
15.0,0.0,203.6037578125,3.41116e-08
15.0,0.0,203.6035078125,3.417765e-08
15.0,0.0,203.6032578125,3.4021850000000004e-08
15.0,0.0,203.6030078125,3.398605e-08
15.0,0.0,203.6027578125,3.38847e-08
15.0,0.0,203.6025078125,3.39019e-08
15.0,0.0,203.6022578125,3.37725e-08
15.0,0.0,203.6020078125,3.37036e-08
15.0,0.0,203.6017578125,3.370385e-08
15.0,0.0,203.6015078125,3.37183e-08
15.0,0.0,203.6012578125,3.3626950000000005e-08
15.0,0.0,203.6010078125,3.35705e-08
15.0,0.0,203.6007578125,3.370645e-08
15.0,0.0,203.6005078125,3.366075e-08
15.0,0.0,203.6002578125,3.3639100000000006e-08
15.0,0.0,203.6000078125,3.3416e-08
15.0,0.0,203.5997578125,3.350465e-08
15.0,0.0,203.5995078125,3.336775e-08
15.0,0.0,203.5992578125,3.32771e-08
15.0,0.0,203.5990078125,3.3316149999999994e-08
15.0,0.0,203.5987578125,3.30868e-08
15.0,0.0,203.5985078125,3.307805e-08
15.0,0.0,203.5982578125,3.292315e-08
15.0,0.0,203.5980078125,3.29411e-08
15.0,0.0,203.5977578125,3.29365e-08
15.0,0.0,203.5975078125,3.29714e-08
15.0,0.0,203.5972578125,3.293665e-08
15.0,0.0,203.5970078125,3.293935e-08
15.0,0.0,203.5967578125,3.291925e-08
15.0,0.0,203.5965078125,3.29157e-08
15.0,0.0,203.5962578125,3.288305e-08
15.0,0.0,203.5960078125,3.2779700000000003e-08
15.0,0.0,203.5957578125,3.289795e-08
15.0,0.0,203.5955078125,3.2687999999999995e-08
15.0,0.0,203.5952578125,3.25496e-08
15.0,0.0,203.5950078125,3.24386e-08
15.0,0.0,203.5947578125,3.237985e-08
15.0,0.0,203.5945078125,3.22878e-08
15.0,0.0,203.5942578125,3.222635e-08
15.0,0.0,203.5940078125,3.212785e-08
15.0,0.0,203.5937578125,3.20932e-08
15.0,0.0,203.5935078125,3.2042949999999995e-08
15.0,0.0,203.5932578125,3.20113e-08
15.0,0.0,203.5930078125,3.16842e-08
15.0,0.0,203.5927578125,3.182995e-08
15.0,0.0,203.5925078125,3.166115e-08
15.0,0.0,203.5922578125,3.152335e-08
15.0,0.0,203.5920078125,3.138465e-08
15.0,0.0,203.5917578125,3.1316300000000004e-08
15.0,0.0,203.5915078125,3.12411e-08
15.0,0.0,203.5912578125,3.1020900000000005e-08
15.0,0.0,203.5910078125,3.09955e-08
15.0,0.0,203.5907578125,3.094105e-08
15.0,0.0,203.5905078125,3.077705e-08
15.0,0.0,203.5902578125,3.07159e-08
15.0,0.0,203.5900078125,3.0704e-08
15.0,0.0,203.5897578125,3.07031e-08
15.0,0.0,203.5895078125,3.0791800000000004e-08
15.0,0.0,203.5892578125,3.07322e-08
15.0,0.0,203.5890078125,3.086475e-08
15.0,0.0,203.5887578125,3.090675e-08
15.0,0.0,203.5885078125,3.081065e-08
15.0,0.0,203.5882578125,3.08667e-08
15.0,0.0,203.5880078125,3.08081e-08
15.0,0.0,203.5877578125,3.1006649999999995e-08
15.0,0.0,203.5875078125,3.0762133333333326e-08
15.0,0.0,203.5872578125,3.05988e-08
15.0,0.0,203.5870078125,3.03744e-08
15.0,0.0,203.5867578125,3.02813e-08
15.0,0.0,203.5865078125,3.0236200000000004e-08
15.0,0.0,203.5862578125,3.03264e-08
15.0,0.0,203.5860078125,3.022255e-08
15.0,0.0,203.5857578125,3.0195249999999994e-08
15.0,0.0,203.5855078125,3.02655e-08
15.0,0.0,203.5852578125,3.02567e-08
15.0,0.0,203.5850078125,3.03338e-08
15.0,0.0,203.5847578125,3.02575e-08
15.0,0.0,203.5845078125,3.035005e-08
15.0,0.0,203.5842578125,3.02387e-08
15.0,0.0,203.5840078125,3.02188e-08
15.0,0.0,203.5837578125,3.024155e-08
15.0,0.0,203.5835078125,3.017995e-08
15.0,0.0,203.5832578125,2.993885e-08
15.0,0.0,203.5830078125,2.97801e-08
15.0,0.0,203.5827578125,2.97658e-08
15.0,0.0,203.5825078125,2.962535e-08
15.0,0.0,203.5822578125,2.94881e-08
15.0,0.0,203.5820078125,2.94952e-08
15.0,0.0,203.5817578125,2.937395e-08
15.0,0.0,203.5815078125,2.9320150000000002e-08
15.0,0.0,203.5812578125,2.909245e-08
15.0,0.0,203.5810078125,2.9042900000000002e-08
15.0,0.0,203.5807578125,2.90061e-08
15.0,0.0,203.5805078125,2.890055e-08
15.0,0.0,203.5802578125,2.87575e-08
15.0,0.0,203.5800078125,2.87865e-08
15.0,0.0,203.5797578125,2.8637950000000002e-08
15.0,0.0,203.5795078125,2.8497e-08
15.0,0.0,203.5792578125,2.86718e-08
15.0,0.0,203.5790078125,2.8416866666666667e-08
15.0,0.0,203.5787578125,2.8243400000000002e-08
15.0,0.0,203.5785078125,2.811155e-08
15.0,0.0,203.5782578125,2.80794e-08
15.0,0.0,203.5780078125,2.7931e-08
15.0,0.0,203.5777578125,2.79334e-08
15.0,0.0,203.5775078125,2.78868e-08
15.0,0.0,203.5772578125,2.77238e-08
15.0,0.0,203.5770078125,2.758465e-08
15.0,0.0,203.5767578125,2.75193e-08
15.0,0.0,203.5765078125,2.743205e-08
15.0,0.0,203.5762578125,2.7298700000000002e-08
15.0,0.0,203.5760078125,2.73142e-08
15.0,0.0,203.5757578125,2.71206e-08
15.0,0.0,203.5755078125,2.7062150000000006e-08
15.0,0.0,203.5752578125,2.69928e-08
15.0,0.0,203.5750078125,2.705245e-08
15.0,0.0,203.5747578125,2.685515e-08
15.0,0.0,203.5745078125,2.68316e-08
15.0,0.0,203.5742578125,2.6785500000000002e-08
15.0,0.0,203.5740078125,2.666745e-08
15.0,0.0,203.5737578125,2.6680500000000002e-08
15.0,0.0,203.5735078125,2.6645633333333334e-08
15.0,0.0,203.5732578125,2.6462e-08
15.0,0.0,203.5730078125,2.644175e-08
15.0,0.0,203.5727578125,2.640015e-08
15.0,0.0,203.5725078125,2.625985e-08
15.0,0.0,203.5722578125,2.62325e-08
15.0,0.0,203.5720078125,2.61434e-08
15.0,0.0,203.5717578125,2.6165900000000002e-08
15.0,0.0,203.5715078125,2.596065e-08
15.0,0.0,203.5712578125,2.5965e-08
15.0,0.0,203.5710078125,2.592615e-08
15.0,0.0,203.5707578125,2.589995e-08
15.0,0.0,203.5705078125,2.5849850000000002e-08
15.0,0.0,203.5702578125,2.56961e-08
15.0,0.0,203.5700078125,2.578985e-08
15.0,0.0,203.5697578125,2.575705e-08
15.0,0.0,203.5695078125,2.5531550000000002e-08
15.0,0.0,203.5692578125,2.55737e-08
15.0,0.0,203.5690078125,2.54266e-08
15.0,0.0,203.5687578125,2.532945e-08
15.0,0.0,203.5685078125,2.53335e-08
15.0,0.0,203.5682578125,2.524405e-08
15.0,0.0,203.5680078125,2.5240650000000002e-08
15.0,0.0,203.5677578125,2.5115e-08
15.0,0.0,203.5675078125,2.51838e-08
15.0,0.0,203.5672578125,2.5171750000000002e-08
15.0,0.0,203.5670078125,2.512305e-08
15.0,0.0,203.5667578125,2.498075e-08
15.0,0.0,203.5665078125,2.5051700000000002e-08
15.0,0.0,203.5662578125,2.49719e-08
15.0,0.0,203.5660078125,2.489975e-08
15.0,0.0,203.5657578125,2.4740000000000002e-08
15.0,0.0,203.5655078125,2.4819e-08
15.0,0.0,203.5652578125,2.46587e-08
15.0,0.0,203.5650078125,2.45219e-08
15.0,0.0,203.5647578125,2.4386233333333328e-08
15.0,0.0,203.5645078125,2.41889e-08
15.0,0.0,203.5642578125,2.416485e-08
15.0,0.0,203.5640078125,2.427755e-08
15.0,0.0,203.5637578125,2.42137e-08
15.0,0.0,203.5635078125,2.4083e-08
15.0,0.0,203.5632578125,2.408655e-08
15.0,0.0,203.5630078125,2.40145e-08
15.0,0.0,203.5627578125,2.39935e-08
15.0,0.0,203.5625078125,2.38067e-08
15.0,0.0,203.5622578125,2.39146e-08
15.0,0.0,203.5620078125,2.378445e-08
15.0,0.0,203.5617578125,2.373465e-08
15.0,0.0,203.5615078125,2.36612e-08
15.0,0.0,203.5612578125,2.35635e-08
15.0,0.0,203.5610078125,2.358165e-08
15.0,0.0,203.5607578125,2.3410600000000002e-08
15.0,0.0,203.5605078125,2.338945e-08
15.0,0.0,203.5602578125,2.331865e-08
15.0,0.0,203.5600078125,2.33107e-08
15.0,0.0,203.5597578125,2.3099700000000002e-08
15.0,0.0,203.5595078125,2.31608e-08
15.0,0.0,203.5592578125,2.310165e-08
15.0,0.0,203.5590078125,2.299355e-08
15.0,0.0,203.5587578125,2.306345e-08
15.0,0.0,203.5585078125,2.287835e-08
15.0,0.0,203.5582578125,2.285355e-08
15.0,0.0,203.5580078125,2.290185e-08
15.0,0.0,203.5577578125,2.29111e-08
15.0,0.0,203.5575078125,2.29695e-08
15.0,0.0,203.5572578125,2.283545e-08
15.0,0.0,203.5570078125,2.2972300000000002e-08
15.0,0.0,203.5567578125,2.28913e-08
15.0,0.0,203.5565078125,2.28696e-08
15.0,0.0,203.5562578125,2.291995e-08
15.0,0.0,203.5560078125,2.2956e-08
15.0,0.0,203.5557578125,2.29317e-08
15.0,0.0,203.5555078125,2.2865650000000002e-08
15.0,0.0,203.5552578125,2.293275e-08
15.0,0.0,203.5550078125,2.30066e-08
15.0,0.0,203.5547578125,2.3000450000000002e-08
15.0,0.0,203.5545078125,2.29443e-08
15.0,0.0,203.5542578125,2.31297e-08
15.0,0.0,203.5540078125,2.317045e-08
15.0,0.0,203.5537578125,2.3172e-08
15.0,0.0,203.5535078125,2.323565e-08
15.0,0.0,203.5532578125,2.315295e-08
15.0,0.0,203.5530078125,2.340195e-08
15.0,0.0,203.5527578125,2.345795e-08
15.0,0.0,203.5525078125,2.35092e-08
15.0,0.0,203.5522578125,2.346685e-08
15.0,0.0,203.5520078125,2.34979e-08
15.0,0.0,203.5517578125,2.350965e-08
15.0,0.0,203.5515078125,2.35726e-08
15.0,0.0,203.5512578125,2.3584500000000002e-08
15.0,0.0,203.5510078125,2.36141e-08
15.0,0.0,203.5507578125,2.37252e-08
15.0,0.0,203.5505078125,2.37026e-08
15.0,0.0,203.5502578125,2.36571e-08
15.0,0.0,203.5500078125,2.378565e-08
15.0,0.0,203.5497578125,2.37805e-08
15.0,0.0,203.5495078125,2.38549e-08
15.0,0.0,203.5492578125,2.38494e-08
15.0,0.0,203.5490078125,2.39069e-08
15.0,0.0,203.5487578125,2.37335e-08
15.0,0.0,203.5485078125,2.386035e-08
15.0,0.0,203.5482578125,2.390995e-08
15.0,0.0,203.5480078125,2.37617e-08
15.0,0.0,203.5477578125,2.38095e-08
15.0,0.0,203.5475078125,2.368175e-08
15.0,0.0,203.5472578125,2.371015e-08
15.0,0.0,203.5470078125,2.36355e-08
15.0,0.0,203.5467578125,2.34758e-08
15.0,0.0,203.5465078125,2.35565e-08
15.0,0.0,203.5462578125,2.3439050000000002e-08
15.0,0.0,203.5460078125,2.33531e-08
15.0,0.0,203.5457578125,2.32502e-08
15.0,0.0,203.5455078125,2.322915e-08
15.0,0.0,203.5452578125,2.3152750000000002e-08
15.0,0.0,203.5450078125,2.310975e-08
15.0,0.0,203.5447578125,2.320815e-08
15.0,0.0,203.5445078125,2.314135e-08
15.0,0.0,203.5442578125,2.31196e-08
15.0,0.0,203.5440078125,2.318705e-08
15.0,0.0,203.5437578125,2.30726e-08
15.0,0.0,203.5435078125,2.298495e-08
15.0,0.0,203.5432578125,2.312035e-08
15.0,0.0,203.5430078125,2.30718e-08
15.0,0.0,203.5427578125,2.29696e-08
15.0,0.0,203.5425078125,2.301665e-08
15.0,0.0,203.5422578125,2.29148e-08
15.0,0.0,203.5420078125,2.294975e-08
15.0,0.0,203.5417578125,2.26899e-08
15.0,0.0,203.5415078125,2.290675e-08
15.0,0.0,203.5412578125,2.288135e-08
15.0,0.0,203.5410078125,2.29304e-08
15.0,0.0,203.5407578125,2.30044e-08
15.0,0.0,203.5405078125,2.304096666666667e-08
15.0,0.0,203.5402578125,2.30971e-08
15.0,0.0,203.5400078125,2.3107100000000002e-08
15.0,0.0,203.5397578125,2.31334e-08
15.0,0.0,203.5395078125,2.305315e-08
15.0,0.0,203.5392578125,2.314545e-08
15.0,0.0,203.5390078125,2.3139100000000002e-08
15.0,0.0,203.5387578125,2.30637e-08
15.0,0.0,203.5385078125,2.32569e-08
15.0,0.0,203.5382578125,2.30852e-08
15.0,0.0,203.5380078125,2.3156300000000002e-08
15.0,0.0,203.5377578125,2.32139e-08
15.0,0.0,203.5375078125,2.313985e-08
15.0,0.0,203.5372578125,2.327815e-08
15.0,0.0,203.5370078125,2.32043e-08
15.0,0.0,203.5367578125,2.32846e-08
15.0,0.0,203.5365078125,2.32422e-08
15.0,0.0,203.5362578125,2.325960000000001e-08
15.0,0.0,203.5360078125,2.327095e-08
15.0,0.0,203.5357578125,2.325605e-08
15.0,0.0,203.5355078125,2.32858e-08
15.0,0.0,203.5352578125,2.325525e-08
15.0,0.0,203.5350078125,2.338555e-08
15.0,0.0,203.5347578125,2.33997e-08
15.0,0.0,203.5345078125,2.3486600000000002e-08
15.0,0.0,203.5342578125,2.358645e-08
15.0,0.0,203.5340078125,2.36289e-08
15.0,0.0,203.5337578125,2.36385e-08
15.0,0.0,203.5335078125,2.368325e-08
15.0,0.0,203.5332578125,2.401055e-08
15.0,0.0,203.5330078125,2.3895400000000002e-08
15.0,0.0,203.5327578125,2.391265e-08
15.0,0.0,203.5325078125,2.408565e-08
15.0,0.0,203.5322578125,2.404855e-08
15.0,0.0,203.5320078125,2.42175e-08
15.0,0.0,203.5317578125,2.4234e-08
15.0,0.0,203.5315078125,2.42509e-08
15.0,0.0,203.5312578125,2.432635e-08
15.0,0.0,203.5310078125,2.4278450000000002e-08
15.0,0.0,203.5307578125,2.42869e-08
15.0,0.0,203.5305078125,2.45052e-08
15.0,0.0,203.5302578125,2.455315e-08
15.0,0.0,203.5300078125,2.43983e-08
15.0,0.0,203.5297578125,2.4480800000000002e-08
15.0,0.0,203.5295078125,2.45446e-08
15.0,0.0,203.5292578125,2.4543e-08
15.0,0.0,203.5290078125,2.4529e-08
15.0,0.0,203.5287578125,2.45828e-08
15.0,0.0,203.5285078125,2.451465e-08
15.0,0.0,203.5282578125,2.457225e-08
15.0,0.0,203.5280078125,2.46085e-08
15.0,0.0,203.5277578125,2.46951e-08
15.0,0.0,203.5275078125,2.47807e-08
15.0,0.0,203.5272578125,2.47529e-08
15.0,0.0,203.5270078125,2.487115e-08
15.0,0.0,203.5267578125,2.490855e-08
15.0,0.0,203.5265078125,2.481815e-08
15.0,0.0,203.5262578125,2.49039e-08
15.0,0.0,203.5260078125,2.48877e-08
15.0,0.0,203.5257578125,2.512865e-08
15.0,0.0,203.5255078125,2.503265e-08
15.0,0.0,203.5252578125,2.51047e-08
15.0,0.0,203.5250078125,2.5146300000000002e-08
15.0,0.0,203.5247578125,2.51428e-08
15.0,0.0,203.5245078125,2.517045e-08
15.0,0.0,203.5242578125,2.525935e-08
15.0,0.0,203.5240078125,2.5391e-08
15.0,0.0,203.5237578125,2.5356200000000003e-08
15.0,0.0,203.5235078125,2.539335e-08
15.0,0.0,203.5232578125,2.555145e-08
15.0,0.0,203.5230078125,2.5388300000000002e-08
15.0,0.0,203.5227578125,2.54868e-08
15.0,0.0,203.5225078125,2.537085e-08
15.0,0.0,203.5222578125,2.568665e-08
15.0,0.0,203.5220078125,2.56193e-08
15.0,0.0,203.5217578125,2.569805e-08
15.0,0.0,203.5215078125,2.569965e-08
15.0,0.0,203.5212578125,2.574925e-08
15.0,0.0,203.5210078125,2.55851e-08
15.0,0.0,203.5207578125,2.58913e-08
15.0,0.0,203.5205078125,2.57824e-08
15.0,0.0,203.5202578125,2.59369e-08
15.0,0.0,203.5200078125,2.59453e-08
15.0,0.0,203.5197578125,2.59673e-08
15.0,0.0,203.5195078125,2.607365e-08
15.0,0.0,203.5192578125,2.603555e-08
15.0,0.0,203.5190078125,2.60878e-08
15.0,0.0,203.5187578125,2.613635e-08
15.0,0.0,203.5185078125,2.596465e-08
15.0,0.0,203.5182578125,2.61071e-08
15.0,0.0,203.5180078125,2.609415e-08
15.0,0.0,203.5177578125,2.6095650000000002e-08
15.0,0.0,203.5175078125,2.603335e-08
15.0,0.0,203.5172578125,2.6071e-08
15.0,0.0,203.5170078125,2.5888e-08
15.0,0.0,203.5167578125,2.5980800000000002e-08
15.0,0.0,203.5165078125,2.59104e-08
15.0,0.0,203.5162578125,2.60072e-08
15.0,0.0,203.5160078125,2.58596e-08
15.0,0.0,203.5157578125,2.58975e-08
15.0,0.0,203.5155078125,2.59276e-08
15.0,0.0,203.5152578125,2.6105150000000006e-08
15.0,0.0,203.5150078125,2.61428e-08
15.0,0.0,203.5147578125,2.612815e-08
15.0,0.0,203.5145078125,2.61324e-08
15.0,0.0,203.5142578125,2.6101650000000002e-08
15.0,0.0,203.5140078125,2.61012e-08
15.0,0.0,203.5137578125,2.621975e-08
15.0,0.0,203.5135078125,2.62129e-08
15.0,0.0,203.5132578125,2.61708e-08
15.0,0.0,203.5130078125,2.60577e-08
15.0,0.0,203.5127578125,2.5984e-08
15.0,0.0,203.5125078125,2.598525e-08
15.0,0.0,203.5122578125,2.58874e-08
15.0,0.0,203.5120078125,2.58207e-08
15.0,0.0,203.5117578125,2.59362e-08
15.0,0.0,203.5115078125,2.5825500000000002e-08
15.0,0.0,203.5112578125,2.61034e-08
15.0,0.0,203.5110078125,2.607245e-08
15.0,0.0,203.5107578125,2.64426e-08
15.0,0.0,203.5105078125,2.655285e-08
15.0,0.0,203.5102578125,2.66375e-08
15.0,0.0,203.5100078125,2.6596550000000002e-08
15.0,0.0,203.5097578125,2.66036e-08
15.0,0.0,203.5095078125,2.665e-08
15.0,0.0,203.5092578125,2.666595e-08
15.0,0.0,203.5090078125,2.67562e-08
15.0,0.0,203.5087578125,2.707475e-08
15.0,0.0,203.5085078125,2.67503e-08
15.0,0.0,203.5082578125,2.69977e-08
15.0,0.0,203.5080078125,2.700555e-08
15.0,0.0,203.5077578125,2.7105950000000002e-08
15.0,0.0,203.5075078125,2.6964300000000002e-08
15.0,0.0,203.5072578125,2.71561e-08
15.0,0.0,203.5070078125,2.714355e-08
15.0,0.0,203.5067578125,2.7145600000000002e-08
15.0,0.0,203.5065078125,2.7099950000000002e-08
15.0,0.0,203.5062578125,2.71273e-08
15.0,0.0,203.5060078125,2.71075e-08
15.0,0.0,203.5057578125,2.724415e-08
15.0,0.0,203.5055078125,2.7195650000000002e-08
15.0,0.0,203.5052578125,2.712e-08
15.0,0.0,203.5050078125,2.711565e-08
15.0,0.0,203.5047578125,2.715235e-08
15.0,0.0,203.5045078125,2.7089000000000002e-08
15.0,0.0,203.5042578125,2.6948e-08
15.0,0.0,203.5040078125,2.697455e-08
15.0,0.0,203.5037578125,2.6981800000000002e-08
15.0,0.0,203.5035078125,2.700025e-08
15.0,0.0,203.5032578125,2.6785e-08
15.0,0.0,203.5030078125,2.6961850000000002e-08
15.0,0.0,203.5027578125,2.69517e-08
15.0,0.0,203.5025078125,2.67719e-08
15.0,0.0,203.5022578125,2.69593e-08
15.0,0.0,203.5020078125,2.69113e-08
15.0,0.0,203.5017578125,2.6799e-08
15.0,0.0,203.5015078125,2.68679e-08
15.0,0.0,203.5012578125,2.69024e-08
15.0,0.0,203.5010078125,2.698965e-08
15.0,0.0,203.5007578125,2.69766e-08
15.0,0.0,203.5005078125,2.69721e-08
15.0,0.0,203.5002578125,2.70388e-08
15.0,0.0,203.5000078125,2.7030566666666668e-08
15.0,0.0,203.4997578125,2.69539e-08
15.0,0.0,203.4995078125,2.70649e-08
15.0,0.0,203.4992578125,2.69938e-08
15.0,0.0,203.4990078125,2.7125650000000002e-08
15.0,0.0,203.4987578125,2.71039e-08
15.0,0.0,203.4985078125,2.7028850000000002e-08
15.0,0.0,203.4982578125,2.69956e-08
15.0,0.0,203.4980078125,2.714075e-08
15.0,0.0,203.4977578125,2.718015e-08
15.0,0.0,203.4975078125,2.7235550000000002e-08
15.0,0.0,203.4972578125,2.74624e-08
15.0,0.0,203.4970078125,2.7608450000000006e-08
15.0,0.0,203.4967578125,2.759695e-08
15.0,0.0,203.4965078125,2.761785e-08
15.0,0.0,203.4962578125,2.78452e-08
15.0,0.0,203.4960078125,2.778435e-08
15.0,0.0,203.4957578125,2.785305e-08
15.0,0.0,203.4955078125,2.81626e-08
15.0,0.0,203.4952578125,2.8036700000000002e-08
15.0,0.0,203.4950078125,2.8050900000000002e-08
15.0,0.0,203.4947578125,2.8460533333333328e-08
15.0,0.0,203.4945078125,2.8439e-08
15.0,0.0,203.4942578125,2.849325e-08
15.0,0.0,203.4940078125,2.84478e-08
15.0,0.0,203.4937578125,2.854515e-08
15.0,0.0,203.4935078125,2.859195e-08
15.0,0.0,203.4932578125,2.87378e-08
15.0,0.0,203.4930078125,2.8672950000000002e-08
15.0,0.0,203.4927578125,2.873715e-08
15.0,0.0,203.4925078125,2.8812e-08
15.0,0.0,203.4922578125,2.887355e-08
15.0,0.0,203.4920078125,2.8941450000000002e-08
15.0,0.0,203.4917578125,2.9248500000000002e-08
15.0,0.0,203.4915078125,2.91256e-08
15.0,0.0,203.4912578125,2.937725e-08
15.0,0.0,203.4910078125,2.921295e-08
15.0,0.0,203.4907578125,2.935765e-08
15.0,0.0,203.4905078125,2.9404650000000002e-08
15.0,0.0,203.4902578125,2.94191e-08
15.0,0.0,203.4900078125,2.9542400000000006e-08
15.0,0.0,203.4897578125,2.96781e-08
15.0,0.0,203.4895078125,2.94598e-08
15.0,0.0,203.4892578125,2.97248e-08
15.0,0.0,203.4890078125,2.9703450000000006e-08
15.0,0.0,203.4887578125,2.973485e-08
15.0,0.0,203.4885078125,2.97712e-08
15.0,0.0,203.4882578125,2.95722e-08
15.0,0.0,203.4880078125,2.97461e-08
15.0,0.0,203.4877578125,2.98215e-08
15.0,0.0,203.4875078125,2.99013e-08
15.0,0.0,203.4872578125,2.9797550000000002e-08
15.0,0.0,203.4870078125,2.97342e-08
15.0,0.0,203.4867578125,2.986425e-08
15.0,0.0,203.4865078125,2.99438e-08
15.0,0.0,203.4862578125,3.00519e-08
15.0,0.0,203.4860078125,2.993975e-08
15.0,0.0,203.4857578125,2.98795e-08
15.0,0.0,203.4855078125,2.997955e-08
15.0,0.0,203.4852578125,2.982595e-08
15.0,0.0,203.4850078125,2.97461e-08
15.0,0.0,203.4847578125,2.984825e-08
15.0,0.0,203.4845078125,2.95776e-08
15.0,0.0,203.4842578125,2.978515e-08
15.0,0.0,203.4840078125,2.98375e-08
15.0,0.0,203.4837578125,2.97917e-08
15.0,0.0,203.4835078125,2.972535e-08
15.0,0.0,203.4832578125,2.9718750000000006e-08
15.0,0.0,203.4830078125,2.971045e-08
15.0,0.0,203.4827578125,2.963845e-08
15.0,0.0,203.4825078125,2.95472e-08
15.0,0.0,203.4822578125,2.957595e-08
15.0,0.0,203.4820078125,2.96063e-08
15.0,0.0,203.4817578125,2.96196e-08
15.0,0.0,203.4815078125,2.93741e-08
15.0,0.0,203.4812578125,2.9362250000000002e-08
15.0,0.0,203.4810078125,2.923615e-08
15.0,0.0,203.4807578125,2.903805e-08
15.0,0.0,203.4805078125,2.91297e-08
15.0,0.0,203.4802578125,2.900745e-08
15.0,0.0,203.4800078125,2.904655e-08
15.0,0.0,203.4797578125,2.88875e-08
15.0,0.0,203.4795078125,2.891425e-08
15.0,0.0,203.4792578125,2.874535e-08
15.0,0.0,203.4790078125,2.862845e-08
15.0,0.0,203.4787578125,2.844485e-08
15.0,0.0,203.4785078125,2.86362e-08
15.0,0.0,203.4782578125,2.82945e-08
15.0,0.0,203.4780078125,2.839985e-08
15.0,0.0,203.4777578125,2.8182150000000002e-08
15.0,0.0,203.4775078125,2.8078150000000003e-08
15.0,0.0,203.4772578125,2.80612e-08
15.0,0.0,203.4770078125,2.77953e-08
15.0,0.0,203.4767578125,2.77396e-08
15.0,0.0,203.4765078125,2.77426e-08
15.0,0.0,203.4762578125,2.746255e-08
15.0,0.0,203.4760078125,2.76671e-08
15.0,0.0,203.4757578125,2.7435450000000002e-08
15.0,0.0,203.4755078125,2.74752e-08
15.0,0.0,203.4752578125,2.73855e-08
15.0,0.0,203.4750078125,2.71684e-08
15.0,0.0,203.4747578125,2.725265e-08
15.0,0.0,203.4745078125,2.72791e-08
15.0,0.0,203.4742578125,2.73152e-08
15.0,0.0,203.4740078125,2.717395e-08
15.0,0.0,203.4737578125,2.71326e-08
15.0,0.0,203.4735078125,2.7083000000000002e-08
15.0,0.0,203.4732578125,2.70803e-08
15.0,0.0,203.4730078125,2.69686e-08
15.0,0.0,203.4727578125,2.6849e-08
15.0,0.0,203.4725078125,2.71593e-08
15.0,0.0,203.4722578125,2.7030500000000002e-08
15.0,0.0,203.4720078125,2.69322e-08
15.0,0.0,203.4717578125,2.66946e-08
15.0,0.0,203.4715078125,2.6506466666666664e-08
15.0,0.0,203.4712578125,2.68338e-08
15.0,0.0,203.4710078125,2.698393333333333e-08
15.0,0.0,203.4707578125,2.68687e-08
15.0,0.0,203.4705078125,2.67745e-08
15.0,0.0,203.4702578125,2.698095e-08
15.0,0.0,203.4700078125,2.6982100000000002e-08
15.0,0.0,203.4697578125,2.70057e-08
15.0,0.0,203.4695078125,2.717025e-08
15.0,0.0,203.4692578125,2.701905e-08
15.0,0.0,203.4690078125,2.7068033333333337e-08
15.0,0.0,203.4687578125,2.72675e-08
15.0,0.0,203.4685078125,2.720225e-08
15.0,0.0,203.4682578125,2.7302550000000002e-08
15.0,0.0,203.4680078125,2.731145e-08
15.0,0.0,203.4677578125,2.74034e-08
15.0,0.0,203.4675078125,2.70746e-08
15.0,0.0,203.4672578125,2.70293e-08
15.0,0.0,203.4670078125,2.69141e-08
15.0,0.0,203.4667578125,2.71118e-08
15.0,0.0,203.4665078125,2.69772e-08
15.0,0.0,203.4662578125,2.6931250000000002e-08
15.0,0.0,203.4660078125,2.697945e-08
15.0,0.0,203.4657578125,2.64632e-08
15.0,0.0,203.4655078125,2.6795900000000002e-08
15.0,0.0,203.4652578125,2.642565e-08
15.0,0.0,203.4650078125,2.67368e-08
15.0,0.0,203.4647578125,2.67195e-08
15.0,0.0,203.4645078125,2.64947e-08
15.0,0.0,203.4642578125,2.64906e-08
15.0,0.0,203.4640078125,2.6356100000000003e-08
15.0,0.0,203.4637578125,2.6275300000000002e-08
15.0,0.0,203.4635078125,2.640355e-08
15.0,0.0,203.4632578125,2.6221150000000002e-08
15.0,0.0,203.4630078125,2.61051e-08
15.0,0.0,203.4627578125,2.60056e-08
15.0,0.0,203.4625078125,2.554395e-08
15.0,0.0,203.4622578125,2.567615e-08
15.0,0.0,203.4620078125,2.5352e-08
15.0,0.0,203.4617578125,2.55114e-08
15.0,0.0,203.4615078125,2.54273e-08
15.0,0.0,203.4612578125,2.5409900000000002e-08
15.0,0.0,203.4610078125,2.5019650000000006e-08
15.0,0.0,203.4607578125,2.50101e-08
15.0,0.0,203.4605078125,2.487335e-08
15.0,0.0,203.4602578125,2.48585e-08
15.0,0.0,203.4600078125,2.480845e-08
15.0,0.0,203.4597578125,2.4438150000000002e-08
15.0,0.0,203.4595078125,2.44865e-08
15.0,0.0,203.4592578125,2.450885e-08
15.0,0.0,203.4590078125,2.41941e-08
15.0,0.0,203.4587578125,2.39841e-08
15.0,0.0,203.4585078125,2.3993550000000002e-08
15.0,0.0,203.4582578125,2.405755e-08
15.0,0.0,203.4580078125,2.362225e-08
15.0,0.0,203.4577578125,2.37179e-08
15.0,0.0,203.4575078125,2.3487150000000002e-08
15.0,0.0,203.4572578125,2.33123e-08
15.0,0.0,203.4570078125,2.33664e-08
15.0,0.0,203.4567578125,2.313215e-08
15.0,0.0,203.4565078125,2.317415e-08
15.0,0.0,203.4562578125,2.301215e-08
15.0,0.0,203.4560078125,2.3076200000000002e-08
15.0,0.0,203.4557578125,2.2750000000000002e-08
15.0,0.0,203.4555078125,2.253035e-08
15.0,0.0,203.4552578125,2.256705e-08
15.0,0.0,203.4550078125,2.2463450000000002e-08
15.0,0.0,203.4547578125,2.269045e-08
15.0,0.0,203.4545078125,2.225735e-08
15.0,0.0,203.4542578125,2.23824e-08
15.0,0.0,203.4540078125,2.23356e-08
15.0,0.0,203.4537578125,2.2186950000000006e-08
15.0,0.0,203.4535078125,2.230415e-08
15.0,0.0,203.4532578125,2.22907e-08
15.0,0.0,203.4530078125,2.222205e-08
15.0,0.0,203.4527578125,2.24401e-08
15.0,0.0,203.4525078125,2.25076e-08
15.0,0.0,203.4522578125,2.241945e-08
15.0,0.0,203.4520078125,2.22906e-08
15.0,0.0,203.4517578125,2.211575e-08
15.0,0.0,203.4515078125,2.2378700000000002e-08
15.0,0.0,203.4512578125,2.231505e-08
15.0,0.0,203.4510078125,2.2246e-08
15.0,0.0,203.4507578125,2.21927e-08
15.0,0.0,203.4505078125,2.219955e-08
15.0,0.0,203.4502578125,2.20973e-08
15.0,0.0,203.4500078125,2.21857e-08
15.0,0.0,203.4497578125,2.204535e-08
15.0,0.0,203.4495078125,2.19288e-08
15.0,0.0,203.4492578125,2.190045e-08
15.0,0.0,203.4490078125,2.17347e-08
15.0,0.0,203.4487578125,2.17344e-08
15.0,0.0,203.4485078125,2.162955e-08
15.0,0.0,203.4482578125,2.173225e-08
15.0,0.0,203.4480078125,2.19113e-08
15.0,0.0,203.4477578125,2.150705e-08
15.0,0.0,203.4475078125,2.20457e-08
15.0,0.0,203.4472578125,2.2005750000000002e-08
15.0,0.0,203.4470078125,2.16616e-08
15.0,0.0,203.4467578125,2.206495e-08
15.0,0.0,203.4465078125,2.1861100000000002e-08
15.0,0.0,203.4462578125,2.1995e-08
15.0,0.0,203.4460078125,2.2067000000000002e-08
15.0,0.0,203.4457578125,2.20918e-08
15.0,0.0,203.4455078125,2.1994800000000002e-08
15.0,0.0,203.4452578125,2.1856450000000002e-08
15.0,0.0,203.4450078125,2.19467e-08
15.0,0.0,203.4447578125,2.17177e-08
15.0,0.0,203.4445078125,2.1800950000000002e-08
15.0,0.0,203.4442578125,2.17761e-08
15.0,0.0,203.4440078125,2.1896900000000002e-08
15.0,0.0,203.4437578125,2.176015e-08
15.0,0.0,203.4435078125,2.19541e-08
15.0,0.0,203.4432578125,2.208765e-08
15.0,0.0,203.4430078125,2.17232e-08
15.0,0.0,203.4427578125,2.1744350000000002e-08
15.0,0.0,203.4425078125,2.188055e-08
15.0,0.0,203.4422578125,2.132515e-08
15.0,0.0,203.4420078125,2.142275e-08
15.0,0.0,203.4417578125,2.14051e-08
15.0,0.0,203.4415078125,2.143915e-08
15.0,0.0,203.4412578125,2.13103e-08
15.0,0.0,203.4410078125,2.15289e-08
15.0,0.0,203.4407578125,2.14688e-08
15.0,0.0,203.4405078125,2.1445200000000002e-08
15.0,0.0,203.4402578125,2.14079e-08
15.0,0.0,203.4400078125,2.1553750000000002e-08
15.0,0.0,203.4397578125,2.12673e-08
15.0,0.0,203.4395078125,2.123095e-08
15.0,0.0,203.4392578125,2.11924e-08
15.0,0.0,203.4390078125,2.13734e-08
15.0,0.0,203.4387578125,2.1546100000000002e-08
15.0,0.0,203.4385078125,2.15299e-08
15.0,0.0,203.4382578125,2.12901e-08
15.0,0.0,203.4380078125,2.15666e-08
15.0,0.0,203.4377578125,2.15156e-08
15.0,0.0,203.4375078125,2.16108e-08
15.0,0.0,203.4372578125,2.15939e-08
15.0,0.0,203.4370078125,2.17487e-08
15.0,0.0,203.4367578125,2.1635800000000002e-08
15.0,0.0,203.4365078125,2.166495e-08
15.0,0.0,203.4362578125,2.22105e-08
15.0,0.0,203.4360078125,2.1551300000000002e-08
15.0,0.0,203.4357578125,2.183755e-08
15.0,0.0,203.4355078125,2.17693e-08
15.0,0.0,203.4352578125,2.164615e-08
15.0,0.0,203.4350078125,2.18863e-08
15.0,0.0,203.4347578125,2.2021566666666666e-08
15.0,0.0,203.4345078125,2.155095e-08
15.0,0.0,203.4342578125,2.19271e-08
15.0,0.0,203.4340078125,2.20282e-08
15.0,0.0,203.4337578125,2.1848800000000002e-08
15.0,0.0,203.4335078125,2.217825e-08
15.0,0.0,203.4332578125,2.1944500000000002e-08
15.0,0.0,203.4330078125,2.220145e-08
15.0,0.0,203.4327578125,2.20482e-08
15.0,0.0,203.4325078125,2.206643333333333e-08
15.0,0.0,203.4322578125,2.2621500000000002e-08
15.0,0.0,203.4320078125,2.229035e-08
15.0,0.0,203.4317578125,2.21412e-08
15.0,0.0,203.4315078125,2.231015e-08
15.0,0.0,203.4312578125,2.2424e-08
15.0,0.0,203.4310078125,2.25539e-08
15.0,0.0,203.4307578125,2.25481e-08
15.0,0.0,203.4305078125,2.25365e-08
15.0,0.0,203.4302578125,2.23242e-08
15.0,0.0,203.4300078125,2.2658400000000002e-08
15.0,0.0,203.4297578125,2.290345e-08
15.0,0.0,203.4295078125,2.2467550000000002e-08
15.0,0.0,203.4292578125,2.25861e-08
15.0,0.0,203.4290078125,2.269485e-08
15.0,0.0,203.4287578125,2.258005e-08
15.0,0.0,203.4285078125,2.260735e-08
15.0,0.0,203.4282578125,2.25919e-08
15.0,0.0,203.4280078125,2.2535e-08
15.0,0.0,203.4277578125,2.21591e-08
15.0,0.0,203.4275078125,2.24346e-08
15.0,0.0,203.4272578125,2.25364e-08
15.0,0.0,203.4270078125,2.23034e-08
15.0,0.0,203.4267578125,2.23854e-08
15.0,0.0,203.4265078125,2.22811e-08
15.0,0.0,203.4262578125,2.24467e-08
15.0,0.0,203.4260078125,2.2374233333333336e-08
15.0,0.0,203.4257578125,2.22383e-08
15.0,0.0,203.4255078125,2.227235e-08
15.0,0.0,203.4252578125,2.23324e-08
15.0,0.0,203.4250078125,2.243195e-08
15.0,0.0,203.4247578125,2.26153e-08
15.0,0.0,203.4245078125,2.251095e-08
15.0,0.0,203.4242578125,2.26414e-08
15.0,0.0,203.4240078125,2.264055e-08
15.0,0.0,203.4237578125,2.25676e-08
15.0,0.0,203.4235078125,2.2554500000000002e-08
15.0,0.0,203.4232578125,2.24407e-08
15.0,0.0,203.4230078125,2.241055e-08
15.0,0.0,203.4227578125,2.245465e-08
15.0,0.0,203.4225078125,2.23409e-08
15.0,0.0,203.4222578125,2.24988e-08
15.0,0.0,203.4220078125,2.235645e-08
15.0,0.0,203.4217578125,2.2331e-08
15.0,0.0,203.4215078125,2.234155e-08
15.0,0.0,203.4212578125,2.238895e-08
15.0,0.0,203.4210078125,2.246855e-08
15.0,0.0,203.4207578125,2.2316900000000002e-08
15.0,0.0,203.4205078125,2.21328e-08
15.0,0.0,203.4202578125,2.23755e-08
15.0,0.0,203.4200078125,2.2068350000000002e-08
15.0,0.0,203.4197578125,2.21841e-08
15.0,0.0,203.4195078125,2.20868e-08
15.0,0.0,203.4192578125,2.190795e-08
15.0,0.0,203.4190078125,2.177655e-08
15.0,0.0,203.4187578125,2.167295e-08
15.0,0.0,203.4185078125,2.17704e-08
15.0,0.0,203.4182578125,2.172475e-08
15.0,0.0,203.4180078125,2.17994e-08
15.0,0.0,203.4177578125,2.16316e-08
15.0,0.0,203.4175078125,2.1719200000000002e-08
15.0,0.0,203.4172578125,2.159575e-08
15.0,0.0,203.4170078125,2.1879900000000006e-08
15.0,0.0,203.4167578125,2.15748e-08
15.0,0.0,203.4165078125,2.14808e-08
15.0,0.0,203.4162578125,2.142235e-08
15.0,0.0,203.4160078125,2.133960000000001e-08
15.0,0.0,203.4157578125,2.139825e-08
15.0,0.0,203.4155078125,2.14654e-08
15.0,0.0,203.4152578125,2.131285e-08
15.0,0.0,203.4150078125,2.1306850000000002e-08
15.0,0.0,203.4147578125,2.11482e-08
15.0,0.0,203.4145078125,2.112445e-08
15.0,0.0,203.4142578125,2.116275e-08
15.0,0.0,203.4140078125,2.11192e-08
15.0,0.0,203.4137578125,2.10258e-08
15.0,0.0,203.4135078125,2.09773e-08
15.0,0.0,203.4132578125,2.098335e-08
15.0,0.0,203.4130078125,2.091545e-08
15.0,0.0,203.4127578125,2.098275e-08
15.0,0.0,203.4125078125,2.0811700000000002e-08
15.0,0.0,203.4122578125,2.079925e-08
15.0,0.0,203.4120078125,2.074045e-08
15.0,0.0,203.4117578125,2.0433750000000006e-08
15.0,0.0,203.4115078125,2.04626e-08
15.0,0.0,203.4112578125,2.050575e-08
15.0,0.0,203.4110078125,2.043155e-08
15.0,0.0,203.4107578125,2.03592e-08
15.0,0.0,203.4105078125,2.04307e-08
15.0,0.0,203.4102578125,2.044835e-08
15.0,0.0,203.4100078125,2.027315e-08
15.0,0.0,203.4097578125,2.0245700000000002e-08
15.0,0.0,203.4095078125,2.03271e-08
15.0,0.0,203.4092578125,2.02832e-08
15.0,0.0,203.4090078125,2.017555e-08
15.0,0.0,203.4087578125,2.00481e-08
15.0,0.0,203.4085078125,2.006865e-08
15.0,0.0,203.4082578125,2.00203e-08
15.0,0.0,203.4080078125,1.99593e-08
15.0,0.0,203.4077578125,1.995815e-08
15.0,0.0,203.4075078125,2.0056e-08
15.0,0.0,203.4072578125,2.00482e-08
15.0,0.0,203.4070078125,1.9945950000000006e-08
15.0,0.0,203.4067578125,1.993785e-08
15.0,0.0,203.4065078125,1.99356e-08
15.0,0.0,203.4062578125,1.98637e-08
15.0,0.0,203.4060078125,2.007035e-08
15.0,0.0,203.4057578125,1.9842950000000002e-08
15.0,0.0,203.4055078125,1.99554e-08
15.0,0.0,203.4052578125,1.99658e-08
15.0,0.0,203.4050078125,2.00071e-08
15.0,0.0,203.4047578125,2.0193e-08
15.0,0.0,203.4045078125,2.00418e-08
15.0,0.0,203.4042578125,2.015445e-08
15.0,0.0,203.4040078125,2.0117450000000002e-08
15.0,0.0,203.4037578125,2.0099e-08
15.0,0.0,203.4035078125,2.01537e-08
15.0,0.0,203.4032578125,2.024725e-08
15.0,0.0,203.4030078125,2.0277950000000002e-08
15.0,0.0,203.4027578125,2.0282000000000006e-08
15.0,0.0,203.4025078125,2.03175e-08
15.0,0.0,203.4022578125,2.02783e-08
15.0,0.0,203.4020078125,2.028575e-08
15.0,0.0,203.4017578125,2.034405e-08
15.0,0.0,203.4015078125,2.042065e-08
15.0,0.0,203.4012578125,2.044705e-08
15.0,0.0,203.4010078125,2.04663e-08
15.0,0.0,203.4007578125,2.0487e-08
15.0,0.0,203.4005078125,2.038145e-08
15.0,0.0,203.4002578125,2.05362e-08
15.0,0.0,203.4000078125,2.05862e-08
15.0,0.0,203.3997578125,2.064535e-08
15.0,0.0,203.3995078125,2.071465e-08
15.0,0.0,203.3992578125,2.09643e-08
15.0,0.0,203.3990078125,2.1019033333333327e-08
15.0,0.0,203.3987578125,2.09276e-08
15.0,0.0,203.3985078125,2.11367e-08
15.0,0.0,203.3982578125,2.1397850000000006e-08
15.0,0.0,203.3980078125,2.1103e-08
15.0,0.0,203.3977578125,2.11665e-08
15.0,0.0,203.3975078125,2.13401e-08
15.0,0.0,203.3972578125,2.12734e-08
15.0,0.0,203.3970078125,2.12812e-08
15.0,0.0,203.3967578125,2.15314e-08
15.0,0.0,203.3965078125,2.16132e-08
15.0,0.0,203.3962578125,2.16695e-08
15.0,0.0,203.3960078125,2.1868e-08
15.0,0.0,203.3957578125,2.18896e-08
15.0,0.0,203.3955078125,2.207105e-08
15.0,0.0,203.3952578125,2.215235e-08
15.0,0.0,203.3950078125,2.21409e-08
15.0,0.0,203.3947578125,2.2249900000000002e-08
15.0,0.0,203.3945078125,2.2292566666666665e-08
15.0,0.0,203.3942578125,2.24158e-08
15.0,0.0,203.3940078125,2.2551500000000002e-08
15.0,0.0,203.3937578125,2.21875e-08
15.0,0.0,203.3935078125,2.26549e-08
15.0,0.0,203.3932578125,2.2851e-08
15.0,0.0,203.3930078125,2.282995e-08
15.0,0.0,203.3927578125,2.31014e-08
15.0,0.0,203.3925078125,2.2944950000000002e-08
15.0,0.0,203.3922578125,2.323645e-08
15.0,0.0,203.3920078125,2.3327166666666672e-08
15.0,0.0,203.3917578125,2.3081e-08
15.0,0.0,203.3915078125,2.33473e-08
15.0,0.0,203.3912578125,2.3474e-08
15.0,0.0,203.3910078125,2.366245e-08
15.0,0.0,203.3907578125,2.35813e-08
15.0,0.0,203.3905078125,2.378365e-08
15.0,0.0,203.3902578125,2.388135e-08
15.0,0.0,203.3900078125,2.38573e-08
15.0,0.0,203.3897578125,2.41336e-08
15.0,0.0,203.3895078125,2.4296500000000002e-08
15.0,0.0,203.3892578125,2.481105e-08
15.0,0.0,203.3890078125,2.44039e-08
15.0,0.0,203.3887578125,2.42067e-08
15.0,0.0,203.3885078125,2.4480250000000002e-08
15.0,0.0,203.3882578125,2.470675e-08
15.0,0.0,203.3880078125,2.46959e-08
15.0,0.0,203.3877578125,2.49553e-08
15.0,0.0,203.3875078125,2.5017800000000002e-08
15.0,0.0,203.3872578125,2.511845e-08
15.0,0.0,203.3870078125,2.51652e-08
15.0,0.0,203.3867578125,2.55523e-08
15.0,0.0,203.3865078125,2.53651e-08
15.0,0.0,203.3862578125,2.53665e-08
15.0,0.0,203.3860078125,2.534395e-08
15.0,0.0,203.3857578125,2.56122e-08
15.0,0.0,203.3855078125,2.5565e-08
15.0,0.0,203.3852578125,2.55664e-08
15.0,0.0,203.3850078125,2.5644733333333332e-08
15.0,0.0,203.3847578125,2.5836e-08
15.0,0.0,203.3845078125,2.59524e-08
15.0,0.0,203.3842578125,2.613435e-08
15.0,0.0,203.3840078125,2.62912e-08
15.0,0.0,203.3837578125,2.6501400000000002e-08
15.0,0.0,203.3835078125,2.63906e-08
15.0,0.0,203.3832578125,2.650015e-08
15.0,0.0,203.3830078125,2.65517e-08
15.0,0.0,203.3827578125,2.66391e-08
15.0,0.0,203.3825078125,2.62778e-08
15.0,0.0,203.3822578125,2.61715e-08
15.0,0.0,203.3820078125,2.60154e-08
15.0,0.0,203.3817578125,2.58965e-08
15.0,0.0,203.3815078125,2.573455e-08
15.0,0.0,203.3812578125,2.5611950000000002e-08
15.0,0.0,203.3810078125,2.5347550000000002e-08
15.0,0.0,203.3807578125,2.510305e-08
15.0,0.0,203.3805078125,2.4527000000000002e-08
15.0,0.0,203.3802578125,2.44648e-08
15.0,0.0,203.3800078125,2.4132e-08
15.0,0.0,203.3797578125,2.372645e-08
15.0,0.0,203.3795078125,2.32711e-08
15.0,0.0,203.3792578125,2.2731150000000002e-08
15.0,0.0,203.3790078125,2.23201e-08
15.0,0.0,203.3787578125,2.165075e-08
15.0,0.0,203.3785078125,2.117305e-08
15.0,0.0,203.3782578125,2.0466900000000002e-08
15.0,0.0,203.3780078125,1.98909e-08
15.0,0.0,203.3777578125,1.93454e-08
15.0,0.0,203.3775078125,1.8488100000000002e-08
15.0,0.0,203.3772578125,1.80444e-08
15.0,0.0,203.3770078125,1.71578e-08
15.0,0.0,203.3767578125,1.62343e-08
15.0,0.0,203.3765078125,1.5498599999999997e-08
15.0,0.0,203.3762578125,1.4539e-08
15.0,0.0,203.3760078125,1.35989e-08
15.0,0.0,203.3757578125,1.30669e-08
15.0,0.0,203.3755078125,1.228445e-08
15.0,0.0,203.3752578125,1.148595e-08
15.0,0.0,203.3750078125,1.07431e-08
15.0,0.0,203.3747578125,9.811795e-09
15.0,0.0,203.3745078125,8.894484999999998e-09
15.0,0.0,203.3742578125,8.202774999999998e-09
15.0,0.0,203.3740078125,7.305589999999998e-09
15.0,0.0,203.3737578125,6.336685e-09
15.0,0.0,203.3735078125,5.428404999999999e-09
15.0,0.0,203.3732578125,4.6581e-09
20.0,0.0,203.7662578125,-6.598203333333334e-10
20.0,0.0,203.7660078125,-6.786530000000001e-10
20.0,0.0,203.7657578125,-6.847019999999999e-10
20.0,0.0,203.7655078125,-5.874915000000001e-10
20.0,0.0,203.7652578125,-5.863554999999999e-10
20.0,0.0,203.7650078125,-6.31694e-10
20.0,0.0,203.7647578125,-6.046339999999999e-10
20.0,0.0,203.7645078125,-3.7546549999999996e-10
20.0,0.0,203.7642578125,-1.68642e-10
20.0,0.0,203.7640078125,5.699805e-11
20.0,0.0,203.7637578125,1.2107749999999996e-10
20.0,0.0,203.7635078125,4.2114e-10
20.0,0.0,203.7632578125,1.0001975e-09
20.0,0.0,203.7630078125,1.2672799999999998e-09
20.0,0.0,203.7627578125,1.509695e-09
20.0,0.0,203.7625078125,2.0885249999999997e-09
20.0,0.0,203.7622578125,2.6632599999999998e-09
20.0,0.0,203.7620078125,3.1596699999999997e-09
20.0,0.0,203.7617578125,3.93654e-09
20.0,0.0,203.7615078125,4.518395e-09
20.0,0.0,203.7612578125,4.94561e-09
20.0,0.0,203.7610078125,5.3697249999999995e-09
20.0,0.0,203.7607578125,5.565805e-09
20.0,0.0,203.7605078125,5.986309999999999e-09
20.0,0.0,203.7602578125,5.84518e-09
20.0,0.0,203.7600078125,5.884619999999999e-09
20.0,0.0,203.7597578125,6.096685e-09
20.0,0.0,203.7595078125,6.080454999999999e-09
20.0,0.0,203.7592578125,6.721569999999999e-09
20.0,0.0,203.7590078125,7.090575000000001e-09
20.0,0.0,203.7587578125,7.565695e-09
20.0,0.0,203.7585078125,8.034809999999998e-09
20.0,0.0,203.7582578125,8.429204999999998e-09
20.0,0.0,203.7580078125,9.077574999999999e-09
20.0,0.0,203.7577578125,9.410919999999998e-09
20.0,0.0,203.7575078125,1.0032065000000001e-08
20.0,0.0,203.7572578125,1.07491e-08
20.0,0.0,203.7570078125,1.11256e-08
20.0,0.0,203.7567578125,1.165195e-08
20.0,0.0,203.7565078125,1.21238e-08
20.0,0.0,203.7562578125,1.25514e-08
20.0,0.0,203.7560078125,1.2774950000000001e-08
20.0,0.0,203.7557578125,1.335955e-08
20.0,0.0,203.7555078125,1.38371e-08
20.0,0.0,203.7552578125,1.43728e-08
20.0,0.0,203.7550078125,1.617295e-08
20.0,0.0,203.7547578125,1.7876e-08
20.0,0.0,203.7545078125,1.895235e-08
20.0,0.0,203.7542578125,1.975e-08
20.0,0.0,203.7540078125,2.066955e-08
20.0,0.0,203.7537578125,2.136545e-08
20.0,0.0,203.7535078125,2.22226e-08
20.0,0.0,203.7532578125,2.28491e-08
20.0,0.0,203.7530078125,2.359755e-08
20.0,0.0,203.7527578125,2.4350100000000002e-08
20.0,0.0,203.7525078125,2.530155e-08
20.0,0.0,203.7522578125,2.572615e-08
20.0,0.0,203.7520078125,2.63053e-08
20.0,0.0,203.7517578125,2.69053e-08
20.0,0.0,203.7515078125,2.72168e-08
20.0,0.0,203.7512578125,2.765585e-08
20.0,0.0,203.7510078125,2.793465e-08
20.0,0.0,203.7507578125,2.82178e-08
20.0,0.0,203.7505078125,2.85331e-08
20.0,0.0,203.7502578125,2.863145e-08
20.0,0.0,203.7500078125,2.8858600000000002e-08
20.0,0.0,203.7497578125,2.88647e-08
20.0,0.0,203.7495078125,2.88652e-08
20.0,0.0,203.7492578125,2.9105250000000002e-08
20.0,0.0,203.7490078125,2.9126300000000002e-08
20.0,0.0,203.7487578125,2.918415e-08
20.0,0.0,203.7485078125,2.91005e-08
20.0,0.0,203.7482578125,2.90428e-08
20.0,0.0,203.7480078125,2.8523233333333334e-08
20.0,0.0,203.7477578125,2.8402000000000002e-08
20.0,0.0,203.7475078125,2.826915e-08
20.0,0.0,203.7472578125,2.81091e-08
20.0,0.0,203.7470078125,2.8194e-08
20.0,0.0,203.7467578125,2.8025500000000002e-08
20.0,0.0,203.7465078125,2.80652e-08
20.0,0.0,203.7462578125,2.820085e-08
20.0,0.0,203.7460078125,2.807615e-08
20.0,0.0,203.7457578125,2.82103e-08
20.0,0.0,203.7455078125,2.81947e-08
20.0,0.0,203.7452578125,2.82369e-08
20.0,0.0,203.7450078125,2.8331e-08
20.0,0.0,203.7447578125,2.8096300000000002e-08
20.0,0.0,203.7445078125,2.8248600000000002e-08
20.0,0.0,203.7442578125,2.808815e-08
20.0,0.0,203.7440078125,2.810185e-08
20.0,0.0,203.7437578125,2.8120350000000002e-08
20.0,0.0,203.7435078125,2.80242e-08
20.0,0.0,203.7432578125,2.801015e-08
20.0,0.0,203.7430078125,2.784535e-08
20.0,0.0,203.7427578125,2.78075e-08
20.0,0.0,203.7425078125,2.78815e-08
20.0,0.0,203.7422578125,2.7837100000000002e-08
20.0,0.0,203.7420078125,2.7781e-08
20.0,0.0,203.7417578125,2.787205e-08
20.0,0.0,203.7415078125,2.79114e-08
20.0,0.0,203.7412578125,2.78132e-08
20.0,0.0,203.7410078125,2.774243333333333e-08
20.0,0.0,203.7407578125,2.77798e-08
20.0,0.0,203.7405078125,2.77797e-08
20.0,0.0,203.7402578125,2.78132e-08
20.0,0.0,203.7400078125,2.76998e-08
20.0,0.0,203.7397578125,2.78148e-08
20.0,0.0,203.7395078125,2.763075e-08
20.0,0.0,203.7392578125,2.746815e-08
20.0,0.0,203.7390078125,2.7353466666666668e-08
20.0,0.0,203.7387578125,2.72855e-08
20.0,0.0,203.7385078125,2.729635e-08
20.0,0.0,203.7382578125,2.72582e-08
20.0,0.0,203.7380078125,2.71613e-08
20.0,0.0,203.7377578125,2.7259600000000002e-08
20.0,0.0,203.7375078125,2.7130000000000002e-08
20.0,0.0,203.7372578125,2.706455e-08
20.0,0.0,203.7370078125,2.7038950000000002e-08
20.0,0.0,203.7367578125,2.684205e-08
20.0,0.0,203.7365078125,2.684965e-08
20.0,0.0,203.7362578125,2.68335e-08
20.0,0.0,203.7360078125,2.68635e-08
20.0,0.0,203.7357578125,2.69251e-08
20.0,0.0,203.7355078125,2.688975e-08
20.0,0.0,203.7352578125,2.68707e-08
20.0,0.0,203.7350078125,2.690905e-08
20.0,0.0,203.7347578125,2.6938600000000002e-08
20.0,0.0,203.7345078125,2.677115e-08
20.0,0.0,203.7342578125,2.67301e-08
20.0,0.0,203.7340078125,2.6616333333333328e-08
20.0,0.0,203.7337578125,2.63093e-08
20.0,0.0,203.7335078125,2.628525e-08
20.0,0.0,203.7332578125,2.63183e-08
20.0,0.0,203.7330078125,2.6175200000000002e-08
20.0,0.0,203.7327578125,2.60604e-08
20.0,0.0,203.7325078125,2.61303e-08
20.0,0.0,203.7322578125,2.60253e-08
20.0,0.0,203.7320078125,2.5949850000000006e-08
20.0,0.0,203.7317578125,2.594425e-08
20.0,0.0,203.7315078125,2.58895e-08
20.0,0.0,203.7312578125,2.57964e-08
20.0,0.0,203.7310078125,2.58932e-08
20.0,0.0,203.7307578125,2.58659e-08
20.0,0.0,203.7305078125,2.5782300000000002e-08
20.0,0.0,203.7302578125,2.582125e-08
20.0,0.0,203.7300078125,2.586935e-08
20.0,0.0,203.7297578125,2.58446e-08
20.0,0.0,203.7295078125,2.56409e-08
20.0,0.0,203.7292578125,2.5753600000000002e-08
20.0,0.0,203.7290078125,2.571595e-08
20.0,0.0,203.7287578125,2.56465e-08
20.0,0.0,203.7285078125,2.572915e-08
20.0,0.0,203.7282578125,2.57878e-08
20.0,0.0,203.7280078125,2.58265e-08
20.0,0.0,203.7277578125,2.578835e-08
20.0,0.0,203.7275078125,2.583845e-08
20.0,0.0,203.7272578125,2.58585e-08
20.0,0.0,203.7270078125,2.572445e-08
20.0,0.0,203.7267578125,2.55423e-08
20.0,0.0,203.7265078125,2.55135e-08
20.0,0.0,203.7262578125,2.544295e-08
20.0,0.0,203.7260078125,2.53635e-08
20.0,0.0,203.7257578125,2.53225e-08
20.0,0.0,203.7255078125,2.518905e-08
20.0,0.0,203.7252578125,2.529635e-08
20.0,0.0,203.7250078125,2.51838e-08
20.0,0.0,203.7247578125,2.5253500000000002e-08
20.0,0.0,203.7245078125,2.528185e-08
20.0,0.0,203.7242578125,2.526785e-08
20.0,0.0,203.7240078125,2.531525e-08
20.0,0.0,203.7237578125,2.53363e-08
20.0,0.0,203.7235078125,2.52966e-08
20.0,0.0,203.7232578125,2.539315e-08
20.0,0.0,203.7230078125,2.5348850000000006e-08
20.0,0.0,203.7227578125,2.532905e-08
20.0,0.0,203.7225078125,2.53042e-08
20.0,0.0,203.7222578125,2.52907e-08
20.0,0.0,203.7220078125,2.52459e-08
20.0,0.0,203.7217578125,2.52566e-08
20.0,0.0,203.7215078125,2.529465e-08
20.0,0.0,203.7212578125,2.519985e-08
20.0,0.0,203.7210078125,2.529375e-08
20.0,0.0,203.7207578125,2.532935e-08
20.0,0.0,203.7205078125,2.5467050000000002e-08
20.0,0.0,203.7202578125,2.5571750000000002e-08
20.0,0.0,203.7200078125,2.55707e-08
20.0,0.0,203.7197578125,2.573675e-08
20.0,0.0,203.7195078125,2.59057e-08
20.0,0.0,203.7192578125,2.61102e-08
20.0,0.0,203.7190078125,2.6052e-08
20.0,0.0,203.7187578125,2.59944e-08
20.0,0.0,203.7185078125,2.59914e-08
20.0,0.0,203.7182578125,2.587995e-08
20.0,0.0,203.7180078125,2.58727e-08
20.0,0.0,203.7177578125,2.591095e-08
20.0,0.0,203.7175078125,2.575995e-08
20.0,0.0,203.7172578125,2.568455e-08
20.0,0.0,203.7170078125,2.566205e-08
20.0,0.0,203.7167578125,2.5739100000000002e-08
20.0,0.0,203.7165078125,2.5682333333333327e-08
20.0,0.0,203.7162578125,2.5564e-08
20.0,0.0,203.7160078125,2.562915e-08
20.0,0.0,203.7157578125,2.562675e-08
20.0,0.0,203.7155078125,2.566425e-08
20.0,0.0,203.7152578125,2.558905e-08
20.0,0.0,203.7150078125,2.57602e-08
20.0,0.0,203.7147578125,2.5572e-08
20.0,0.0,203.7145078125,2.5538e-08
20.0,0.0,203.7142578125,2.54753e-08
20.0,0.0,203.7140078125,2.550835e-08
20.0,0.0,203.7137578125,2.5649950000000002e-08
20.0,0.0,203.7135078125,2.549195e-08
20.0,0.0,203.7132578125,2.558035e-08
20.0,0.0,203.7130078125,2.5614700000000002e-08
20.0,0.0,203.7127578125,2.560695e-08
20.0,0.0,203.7125078125,2.5515150000000002e-08
20.0,0.0,203.7122578125,2.55541e-08
20.0,0.0,203.7120078125,2.562185e-08
20.0,0.0,203.7117578125,2.569225e-08
20.0,0.0,203.7115078125,2.5523650000000002e-08
20.0,0.0,203.7112578125,2.5698900000000002e-08
20.0,0.0,203.7110078125,2.57582e-08
20.0,0.0,203.7107578125,2.567685e-08
20.0,0.0,203.7105078125,2.568565e-08
20.0,0.0,203.7102578125,2.56624e-08
20.0,0.0,203.7100078125,2.578295e-08
20.0,0.0,203.7097578125,2.5768900000000002e-08
20.0,0.0,203.7095078125,2.582095e-08
20.0,0.0,203.7092578125,2.5799800000000002e-08
20.0,0.0,203.7090078125,2.57109e-08
20.0,0.0,203.7087578125,2.58382e-08
20.0,0.0,203.7085078125,2.57997e-08
20.0,0.0,203.7082578125,2.57868e-08
20.0,0.0,203.7080078125,2.59028e-08
20.0,0.0,203.7077578125,2.581775e-08
20.0,0.0,203.7075078125,2.58054e-08
20.0,0.0,203.7072578125,2.58269e-08
20.0,0.0,203.7070078125,2.58239e-08
20.0,0.0,203.7067578125,2.581585e-08
20.0,0.0,203.7065078125,2.584115e-08
20.0,0.0,203.7062578125,2.582215e-08
20.0,0.0,203.7060078125,2.58135e-08
20.0,0.0,203.7057578125,2.5885e-08
20.0,0.0,203.7055078125,2.576215e-08
20.0,0.0,203.7052578125,2.594545e-08
20.0,0.0,203.7050078125,2.57681e-08
20.0,0.0,203.7047578125,2.576995e-08
20.0,0.0,203.7045078125,2.5695350000000002e-08
20.0,0.0,203.7042578125,2.57401e-08
20.0,0.0,203.7040078125,2.566285e-08
20.0,0.0,203.7037578125,2.564045e-08
20.0,0.0,203.7035078125,2.5597e-08
20.0,0.0,203.7032578125,2.557055e-08
20.0,0.0,203.7030078125,2.55422e-08
20.0,0.0,203.7027578125,2.553795e-08
20.0,0.0,203.7025078125,2.564325e-08
20.0,0.0,203.7022578125,2.5555900000000002e-08
20.0,0.0,203.7020078125,2.55441e-08
20.0,0.0,203.7017578125,2.55063e-08
20.0,0.0,203.7015078125,2.541325e-08
20.0,0.0,203.7012578125,2.53815e-08
20.0,0.0,203.7010078125,2.5336900000000002e-08
20.0,0.0,203.7007578125,2.513605e-08
20.0,0.0,203.7005078125,2.515445e-08
20.0,0.0,203.7002578125,2.50305e-08
20.0,0.0,203.7000078125,2.50822e-08
20.0,0.0,203.6997578125,2.499645e-08
20.0,0.0,203.6995078125,2.494355e-08
20.0,0.0,203.6992578125,2.49585e-08
20.0,0.0,203.6990078125,2.49994e-08
20.0,0.0,203.6987578125,2.4979250000000002e-08
20.0,0.0,203.6985078125,2.4987533333333328e-08
20.0,0.0,203.6982578125,2.49641e-08
20.0,0.0,203.6980078125,2.487005e-08
20.0,0.0,203.6977578125,2.493285e-08
20.0,0.0,203.6975078125,2.4969950000000002e-08
20.0,0.0,203.6972578125,2.4857e-08
20.0,0.0,203.6970078125,2.493375e-08
20.0,0.0,203.6967578125,2.4968050000000002e-08
20.0,0.0,203.6965078125,2.494685e-08
20.0,0.0,203.6962578125,2.48828e-08
20.0,0.0,203.6960078125,2.48227e-08
20.0,0.0,203.6957578125,2.4872350000000002e-08
20.0,0.0,203.6955078125,2.494345e-08
20.0,0.0,203.6952578125,2.5039400000000002e-08
20.0,0.0,203.6950078125,2.495735e-08
20.0,0.0,203.6947578125,2.49684e-08
20.0,0.0,203.6945078125,2.502215e-08
20.0,0.0,203.6942578125,2.50672e-08
20.0,0.0,203.6940078125,2.50052e-08
20.0,0.0,203.6937578125,2.4983e-08
20.0,0.0,203.6935078125,2.501545e-08
20.0,0.0,203.6932578125,2.494625e-08
20.0,0.0,203.6930078125,2.4942050000000002e-08
20.0,0.0,203.6927578125,2.50273e-08
20.0,0.0,203.6925078125,2.49774e-08
20.0,0.0,203.6922578125,2.4907e-08
20.0,0.0,203.6920078125,2.506395e-08
20.0,0.0,203.6917578125,2.50496e-08
20.0,0.0,203.6915078125,2.516715e-08
20.0,0.0,203.6912578125,2.514635e-08
20.0,0.0,203.6910078125,2.517845e-08
20.0,0.0,203.6907578125,2.5319100000000002e-08
20.0,0.0,203.6905078125,2.533895e-08
20.0,0.0,203.6902578125,2.5240100000000002e-08
20.0,0.0,203.6900078125,2.543365e-08
20.0,0.0,203.6897578125,2.53006e-08
20.0,0.0,203.6895078125,2.538225e-08
20.0,0.0,203.6892578125,2.543875e-08
20.0,0.0,203.6890078125,2.543535e-08
20.0,0.0,203.6887578125,2.554845000000001e-08
20.0,0.0,203.6885078125,2.547145e-08
20.0,0.0,203.6882578125,2.55538e-08
20.0,0.0,203.6880078125,2.55684e-08
20.0,0.0,203.6877578125,2.55412e-08
20.0,0.0,203.6875078125,2.548635e-08
20.0,0.0,203.6872578125,2.55135e-08
20.0,0.0,203.6870078125,2.56495e-08
20.0,0.0,203.6867578125,2.55758e-08
20.0,0.0,203.6865078125,2.5578600000000002e-08
20.0,0.0,203.6862578125,2.5620700000000002e-08
20.0,0.0,203.6860078125,2.5681950000000002e-08
20.0,0.0,203.6857578125,2.566125e-08
20.0,0.0,203.6855078125,2.56728e-08
20.0,0.0,203.6852578125,2.56928e-08
20.0,0.0,203.6850078125,2.5742650000000002e-08
20.0,0.0,203.6847578125,2.5733900000000002e-08
20.0,0.0,203.6845078125,2.57936e-08
20.0,0.0,203.6842578125,2.57696e-08
20.0,0.0,203.6840078125,2.578665e-08
20.0,0.0,203.6837578125,2.566125e-08
20.0,0.0,203.6835078125,2.5850100000000002e-08
20.0,0.0,203.6832578125,2.58044e-08
20.0,0.0,203.6830078125,2.587185e-08
20.0,0.0,203.6827578125,2.586805e-08
20.0,0.0,203.6825078125,2.596565e-08
20.0,0.0,203.6822578125,2.595855e-08
20.0,0.0,203.6820078125,2.5929950000000002e-08
20.0,0.0,203.6817578125,2.588e-08
20.0,0.0,203.6815078125,2.6080600000000002e-08
20.0,0.0,203.6812578125,2.5931850000000002e-08
20.0,0.0,203.6810078125,2.60077e-08
20.0,0.0,203.6807578125,2.585915e-08
20.0,0.0,203.6805078125,2.594645e-08
20.0,0.0,203.6802578125,2.605665e-08
20.0,0.0,203.6800078125,2.600525e-08
20.0,0.0,203.6797578125,2.602335e-08
20.0,0.0,203.6795078125,2.59998e-08
20.0,0.0,203.6792578125,2.603855e-08
20.0,0.0,203.6790078125,2.60763e-08
20.0,0.0,203.6787578125,2.60972e-08
20.0,0.0,203.6785078125,2.61646e-08
20.0,0.0,203.6782578125,2.607265e-08
20.0,0.0,203.6780078125,2.60247e-08
20.0,0.0,203.6777578125,2.608725e-08
20.0,0.0,203.6775078125,2.6040700000000002e-08
20.0,0.0,203.6772578125,2.5955e-08
20.0,0.0,203.6770078125,2.60383e-08
20.0,0.0,203.6767578125,2.614215e-08
20.0,0.0,203.6765078125,2.59407e-08
20.0,0.0,203.6762578125,2.59062e-08
20.0,0.0,203.6760078125,2.59988e-08
20.0,0.0,203.6757578125,2.59907e-08
20.0,0.0,203.6755078125,2.60425e-08
20.0,0.0,203.6752578125,2.609495e-08
20.0,0.0,203.6750078125,2.6083600000000002e-08
20.0,0.0,203.6747578125,2.6097300000000002e-08
20.0,0.0,203.6745078125,2.6005700000000002e-08
20.0,0.0,203.6742578125,2.6015800000000002e-08
20.0,0.0,203.6740078125,2.6068e-08
20.0,0.0,203.6737578125,2.59695e-08
20.0,0.0,203.6735078125,2.607615e-08
20.0,0.0,203.6732578125,2.59765e-08
20.0,0.0,203.6730078125,2.5885650000000002e-08
20.0,0.0,203.6727578125,2.59421e-08
20.0,0.0,203.6725078125,2.58601e-08
20.0,0.0,203.6722578125,2.588315e-08
20.0,0.0,203.6720078125,2.589565e-08
20.0,0.0,203.6717578125,2.59224e-08
20.0,0.0,203.6715078125,2.583405e-08
20.0,0.0,203.6712578125,2.58177e-08
20.0,0.0,203.6710078125,2.591925e-08
20.0,0.0,203.6707578125,2.58536e-08
20.0,0.0,203.6705078125,2.58205e-08
20.0,0.0,203.6702578125,2.5908e-08
20.0,0.0,203.6700078125,2.580955e-08
20.0,0.0,203.6697578125,2.57137e-08
20.0,0.0,203.6695078125,2.58496e-08
20.0,0.0,203.6692578125,2.573425e-08
20.0,0.0,203.6690078125,2.57178e-08
20.0,0.0,203.6687578125,2.57208e-08
20.0,0.0,203.6685078125,2.560705e-08
20.0,0.0,203.6682578125,2.557535e-08
20.0,0.0,203.6680078125,2.54102e-08
20.0,0.0,203.6677578125,2.53539e-08
20.0,0.0,203.6675078125,2.54024e-08
20.0,0.0,203.6672578125,2.53832e-08
20.0,0.0,203.6670078125,2.537535e-08
20.0,0.0,203.6667578125,2.51918e-08
20.0,0.0,203.6665078125,2.518045e-08
20.0,0.0,203.6662578125,2.532085e-08
20.0,0.0,203.6660078125,2.523825e-08
20.0,0.0,203.6657578125,2.53922e-08
20.0,0.0,203.6655078125,2.5179650000000002e-08
20.0,0.0,203.6652578125,2.5234350000000002e-08
20.0,0.0,203.6650078125,2.52341e-08
20.0,0.0,203.6647578125,2.505975e-08
20.0,0.0,203.6645078125,2.50729e-08
20.0,0.0,203.6642578125,2.5078e-08
20.0,0.0,203.6640078125,2.5058833333333328e-08
20.0,0.0,203.6637578125,2.49749e-08
20.0,0.0,203.6635078125,2.493805e-08
20.0,0.0,203.6632578125,2.49568e-08
20.0,0.0,203.6630078125,2.49449e-08
20.0,0.0,203.6627578125,2.50151e-08
20.0,0.0,203.6625078125,2.493633333333333e-08
20.0,0.0,203.6622578125,2.49226e-08
20.0,0.0,203.6620078125,2.4949450000000002e-08
20.0,0.0,203.6617578125,2.49313e-08
20.0,0.0,203.6615078125,2.495485e-08
20.0,0.0,203.6612578125,2.48918e-08
20.0,0.0,203.6610078125,2.489905e-08
20.0,0.0,203.6607578125,2.49074e-08
20.0,0.0,203.6605078125,2.48384e-08
20.0,0.0,203.6602578125,2.49261e-08
20.0,0.0,203.6600078125,2.4801333333333337e-08
20.0,0.0,203.6597578125,2.48339e-08
20.0,0.0,203.6595078125,2.480595e-08
20.0,0.0,203.6592578125,2.4644850000000002e-08
20.0,0.0,203.6590078125,2.47075e-08
20.0,0.0,203.6587578125,2.4593e-08
20.0,0.0,203.6585078125,2.4710750000000002e-08
20.0,0.0,203.6582578125,2.472075e-08
20.0,0.0,203.6580078125,2.4586e-08
20.0,0.0,203.6577578125,2.474005e-08
20.0,0.0,203.6575078125,2.4584150000000002e-08
20.0,0.0,203.6572578125,2.454305e-08
20.0,0.0,203.6570078125,2.4545850000000002e-08
20.0,0.0,203.6567578125,2.44463e-08
20.0,0.0,203.6565078125,2.449825e-08
20.0,0.0,203.6562578125,2.445925e-08
20.0,0.0,203.6560078125,2.433645e-08
20.0,0.0,203.6557578125,2.42381e-08
20.0,0.0,203.6555078125,2.4237833333333334e-08
20.0,0.0,203.6552578125,2.42532e-08
20.0,0.0,203.6550078125,2.4219400000000002e-08
20.0,0.0,203.6547578125,2.41831e-08
20.0,0.0,203.6545078125,2.421485e-08
20.0,0.0,203.6542578125,2.430675e-08
20.0,0.0,203.6540078125,2.4345e-08
20.0,0.0,203.6537578125,2.43891e-08
20.0,0.0,203.6535078125,2.44377e-08
20.0,0.0,203.6532578125,2.430725e-08
20.0,0.0,203.6530078125,2.437815e-08
20.0,0.0,203.6527578125,2.42649e-08
20.0,0.0,203.6525078125,2.424415e-08
20.0,0.0,203.6522578125,2.422695e-08
20.0,0.0,203.6520078125,2.423725e-08
20.0,0.0,203.6517578125,2.42239e-08
20.0,0.0,203.6515078125,2.41473e-08
20.0,0.0,203.6512578125,2.41054e-08
20.0,0.0,203.6510078125,2.41592e-08
20.0,0.0,203.6507578125,2.43184e-08
20.0,0.0,203.6505078125,2.431165e-08
20.0,0.0,203.6502578125,2.438215e-08
20.0,0.0,203.6500078125,2.449705e-08
20.0,0.0,203.6497578125,2.45075e-08
20.0,0.0,203.6495078125,2.453085e-08
20.0,0.0,203.6492578125,2.47852e-08
20.0,0.0,203.6490078125,2.46526e-08
20.0,0.0,203.6487578125,2.482515e-08
20.0,0.0,203.6485078125,2.482775e-08
20.0,0.0,203.6482578125,2.47429e-08
20.0,0.0,203.6480078125,2.4667800000000002e-08
20.0,0.0,203.6477578125,2.4583050000000002e-08
20.0,0.0,203.6475078125,2.466385e-08
20.0,0.0,203.6472578125,2.46888e-08
20.0,0.0,203.6470078125,2.45977e-08
20.0,0.0,203.6467578125,2.46224e-08
20.0,0.0,203.6465078125,2.459525e-08
20.0,0.0,203.6462578125,2.4482700000000002e-08
20.0,0.0,203.6460078125,2.45485e-08
20.0,0.0,203.6457578125,2.453965e-08
20.0,0.0,203.6455078125,2.4688850000000002e-08
20.0,0.0,203.6452578125,2.46725e-08
20.0,0.0,203.6450078125,2.48319e-08
20.0,0.0,203.6447578125,2.47572e-08
20.0,0.0,203.6445078125,2.49047e-08
20.0,0.0,203.6442578125,2.4911450000000002e-08
20.0,0.0,203.6440078125,2.495605e-08
20.0,0.0,203.6437578125,2.5041050000000002e-08
20.0,0.0,203.6435078125,2.49976e-08
20.0,0.0,203.6432578125,2.490445e-08
20.0,0.0,203.6430078125,2.49657e-08
20.0,0.0,203.6427578125,2.503925e-08
20.0,0.0,203.6425078125,2.49133e-08
20.0,0.0,203.6422578125,2.500145e-08
20.0,0.0,203.6420078125,2.506225e-08
20.0,0.0,203.6417578125,2.49531e-08
20.0,0.0,203.6415078125,2.5103600000000006e-08
20.0,0.0,203.6412578125,2.50607e-08
20.0,0.0,203.6410078125,2.51347e-08
20.0,0.0,203.6407578125,2.51387e-08
20.0,0.0,203.6405078125,2.52299e-08
20.0,0.0,203.6402578125,2.5222050000000002e-08
20.0,0.0,203.6400078125,2.49268e-08
20.0,0.0,203.6397578125,2.46744e-08
20.0,0.0,203.6395078125,2.473685e-08
20.0,0.0,203.6392578125,2.46909e-08
20.0,0.0,203.6390078125,2.4754e-08
20.0,0.0,203.6387578125,2.49062e-08
20.0,0.0,203.6385078125,2.508175e-08
20.0,0.0,203.6382578125,2.532625e-08
20.0,0.0,203.6380078125,2.5378450000000002e-08
20.0,0.0,203.6377578125,2.562875e-08
20.0,0.0,203.6375078125,2.57653e-08
20.0,0.0,203.6372578125,2.56931e-08
20.0,0.0,203.6370078125,2.52996e-08
20.0,0.0,203.6367578125,2.501055e-08
20.0,0.0,203.6365078125,2.491895e-08
20.0,0.0,203.6362578125,2.49548e-08
20.0,0.0,203.6360078125,2.48868e-08
20.0,0.0,203.6357578125,2.4874800000000002e-08
20.0,0.0,203.6355078125,2.483785e-08
20.0,0.0,203.6352578125,2.44516e-08
20.0,0.0,203.6350078125,2.38979e-08
20.0,0.0,203.6347578125,2.365025e-08
20.0,0.0,203.6345078125,2.350925e-08
20.0,0.0,203.6342578125,2.3329e-08
20.0,0.0,203.6340078125,2.33957e-08
20.0,0.0,203.6337578125,2.3352100000000002e-08
20.0,0.0,203.6335078125,2.32641e-08
20.0,0.0,203.6332578125,2.31168e-08
20.0,0.0,203.6330078125,2.335585e-08
20.0,0.0,203.6327578125,2.36138e-08
20.0,0.0,203.6325078125,2.39275e-08
20.0,0.0,203.6322578125,2.39874e-08
20.0,0.0,203.6320078125,2.39174e-08
20.0,0.0,203.6317578125,2.3767e-08
20.0,0.0,203.6315078125,2.36742e-08
20.0,0.0,203.6312578125,2.3879800000000002e-08
20.0,0.0,203.6310078125,2.392145e-08
20.0,0.0,203.6307578125,2.4001e-08
20.0,0.0,203.6305078125,2.399895e-08
20.0,0.0,203.6302578125,2.41351e-08
20.0,0.0,203.6300078125,2.4169e-08
20.0,0.0,203.6297578125,2.4208450000000002e-08
20.0,0.0,203.6295078125,2.433055e-08
20.0,0.0,203.6292578125,2.450795e-08
20.0,0.0,203.6290078125,2.47454e-08
20.0,0.0,203.6287578125,2.4876e-08
20.0,0.0,203.6285078125,2.5065500000000004e-08
20.0,0.0,203.6282578125,2.53122e-08
20.0,0.0,203.6280078125,2.55506e-08
20.0,0.0,203.6277578125,2.58097e-08
20.0,0.0,203.6275078125,2.608455e-08
20.0,0.0,203.6272578125,2.60617e-08
20.0,0.0,203.6270078125,2.62763e-08
20.0,0.0,203.6267578125,2.62837e-08
20.0,0.0,203.6265078125,2.636875e-08
20.0,0.0,203.6262578125,2.64497e-08
20.0,0.0,203.6260078125,2.65214e-08
20.0,0.0,203.6257578125,2.661155e-08
20.0,0.0,203.6255078125,2.67253e-08
20.0,0.0,203.6252578125,2.6822400000000002e-08
20.0,0.0,203.6250078125,2.693885e-08
20.0,0.0,203.6247578125,2.716125e-08
20.0,0.0,203.6245078125,2.71595e-08
20.0,0.0,203.6242578125,2.7277e-08
20.0,0.0,203.6240078125,2.75558e-08
20.0,0.0,203.6237578125,2.7757800000000002e-08
20.0,0.0,203.6235078125,2.775875e-08
20.0,0.0,203.6232578125,2.7895900000000002e-08
20.0,0.0,203.6230078125,2.799225e-08
20.0,0.0,203.6227578125,2.82197e-08
20.0,0.0,203.6225078125,2.80793e-08
20.0,0.0,203.6222578125,2.82394e-08
20.0,0.0,203.6220078125,2.83099e-08
20.0,0.0,203.6217578125,2.827475e-08
20.0,0.0,203.6215078125,2.830095e-08
20.0,0.0,203.6212578125,2.81375e-08
20.0,0.0,203.6210078125,2.82573e-08
20.0,0.0,203.6207578125,2.82862e-08
20.0,0.0,203.6205078125,2.833675e-08
20.0,0.0,203.6202578125,2.83142e-08
20.0,0.0,203.6200078125,2.8456150000000002e-08
20.0,0.0,203.6197578125,2.84825e-08
20.0,0.0,203.6195078125,2.8445433333333332e-08
20.0,0.0,203.6192578125,2.85321e-08
20.0,0.0,203.6190078125,2.85976e-08
20.0,0.0,203.6187578125,2.88311e-08
20.0,0.0,203.6185078125,2.8941400000000006e-08
20.0,0.0,203.6182578125,2.91125e-08
20.0,0.0,203.6180078125,2.93614e-08
20.0,0.0,203.6177578125,2.959515000000001e-08
20.0,0.0,203.6175078125,2.9775400000000002e-08
20.0,0.0,203.6172578125,3.003895e-08
20.0,0.0,203.6170078125,3.041225e-08
20.0,0.0,203.6167578125,3.052205e-08
20.0,0.0,203.6165078125,3.0726700000000005e-08
20.0,0.0,203.6162578125,3.10915e-08
20.0,0.0,203.6160078125,3.1172349999999995e-08
20.0,0.0,203.6157578125,3.136615e-08
20.0,0.0,203.6155078125,3.14799e-08
20.0,0.0,203.6152578125,3.15861e-08
20.0,0.0,203.6150078125,3.1451050000000004e-08
20.0,0.0,203.6147578125,3.141985e-08
20.0,0.0,203.6145078125,3.14408e-08
20.0,0.0,203.6142578125,3.165865e-08
20.0,0.0,203.6140078125,3.163015e-08
20.0,0.0,203.6137578125,3.156435e-08
20.0,0.0,203.6135078125,3.130735e-08
20.0,0.0,203.6132578125,3.1395600000000004e-08
20.0,0.0,203.6130078125,3.149195e-08
20.0,0.0,203.6127578125,3.1548600000000005e-08
20.0,0.0,203.6125078125,3.179495e-08
20.0,0.0,203.6122578125,3.1982e-08
20.0,0.0,203.6120078125,3.21691e-08
20.0,0.0,203.6117578125,3.21956e-08
20.0,0.0,203.6115078125,3.245915e-08
20.0,0.0,203.6112578125,3.25923e-08
20.0,0.0,203.6110078125,3.25813e-08
20.0,0.0,203.6107578125,3.287155e-08
20.0,0.0,203.6105078125,3.291685e-08
20.0,0.0,203.6102578125,3.295765e-08
20.0,0.0,203.6100078125,3.302035e-08
20.0,0.0,203.6097578125,3.31977e-08
20.0,0.0,203.6095078125,3.33882e-08
20.0,0.0,203.6092578125,3.3336800000000005e-08
20.0,0.0,203.6090078125,3.3525600000000003e-08
20.0,0.0,203.6087578125,3.3495050000000006e-08
20.0,0.0,203.6085078125,3.35288e-08
20.0,0.0,203.6082578125,3.36789e-08
20.0,0.0,203.6080078125,3.3750050000000004e-08
20.0,0.0,203.6077578125,3.39112e-08
20.0,0.0,203.6075078125,3.38787e-08
20.0,0.0,203.6072578125,3.40609e-08
20.0,0.0,203.6070078125,3.3992600000000004e-08
20.0,0.0,203.6067578125,3.398805e-08
20.0,0.0,203.6065078125,3.40198e-08
20.0,0.0,203.6062578125,3.405555e-08
20.0,0.0,203.6060078125,3.40946e-08
20.0,0.0,203.6057578125,3.40623e-08
20.0,0.0,203.6055078125,3.42383e-08
20.0,0.0,203.6052578125,3.4111550000000003e-08
20.0,0.0,203.6050078125,3.422115e-08
20.0,0.0,203.6047578125,3.428185e-08
20.0,0.0,203.6045078125,3.42748e-08
20.0,0.0,203.6042578125,3.41566e-08
20.0,0.0,203.6040078125,3.41354e-08
20.0,0.0,203.6037578125,3.42488e-08
20.0,0.0,203.6035078125,3.409055e-08
20.0,0.0,203.6032578125,3.3972e-08
20.0,0.0,203.6030078125,3.4064e-08
20.0,0.0,203.6027578125,3.392695e-08
20.0,0.0,203.6025078125,3.37582e-08
20.0,0.0,203.6022578125,3.386005e-08
20.0,0.0,203.6020078125,3.378665e-08
20.0,0.0,203.6017578125,3.382745e-08
20.0,0.0,203.6015078125,3.393775e-08
20.0,0.0,203.6012578125,3.375615e-08
20.0,0.0,203.6010078125,3.37481e-08
20.0,0.0,203.6007578125,3.36017e-08
20.0,0.0,203.6005078125,3.36379e-08
20.0,0.0,203.6002578125,3.361235e-08
20.0,0.0,203.6000078125,3.3580550000000004e-08
20.0,0.0,203.5997578125,3.33908e-08
20.0,0.0,203.5995078125,3.32285e-08
20.0,0.0,203.5992578125,3.31782e-08
20.0,0.0,203.5990078125,3.298985e-08
20.0,0.0,203.5987578125,3.309335e-08
20.0,0.0,203.5985078125,3.30479e-08
20.0,0.0,203.5982578125,3.2865250000000004e-08
20.0,0.0,203.5980078125,3.305385e-08
20.0,0.0,203.5977578125,3.30265e-08
20.0,0.0,203.5975078125,3.29757e-08
20.0,0.0,203.5972578125,3.3003849999999994e-08
20.0,0.0,203.5970078125,3.2962633333333327e-08
20.0,0.0,203.5967578125,3.2918600000000003e-08
20.0,0.0,203.5965078125,3.29572e-08
20.0,0.0,203.5962578125,3.2997800000000004e-08
20.0,0.0,203.5960078125,3.2825299999999994e-08
20.0,0.0,203.5957578125,3.27732e-08
20.0,0.0,203.5955078125,3.26426e-08
20.0,0.0,203.5952578125,3.24523e-08
20.0,0.0,203.5950078125,3.240285e-08
20.0,0.0,203.5947578125,3.22978e-08
20.0,0.0,203.5945078125,3.239505e-08
20.0,0.0,203.5942578125,3.2161700000000004e-08
20.0,0.0,203.5940078125,3.22788e-08
20.0,0.0,203.5937578125,3.20881e-08
20.0,0.0,203.5935078125,3.20328e-08
20.0,0.0,203.5932578125,3.1938350000000004e-08
20.0,0.0,203.5930078125,3.191855e-08
20.0,0.0,203.5927578125,3.1829800000000004e-08
20.0,0.0,203.5925078125,3.169985e-08
20.0,0.0,203.5922578125,3.15917e-08
20.0,0.0,203.5920078125,3.15024e-08
20.0,0.0,203.5917578125,3.14037e-08
20.0,0.0,203.5915078125,3.135695e-08
20.0,0.0,203.5912578125,3.12572e-08
20.0,0.0,203.5910078125,3.112325e-08
20.0,0.0,203.5907578125,3.099515e-08
20.0,0.0,203.5905078125,3.0836700000000004e-08
20.0,0.0,203.5902578125,3.09388e-08
20.0,0.0,203.5900078125,3.08795e-08
20.0,0.0,203.5897578125,3.08018e-08
20.0,0.0,203.5895078125,3.077385e-08
20.0,0.0,203.5892578125,3.0758250000000003e-08
20.0,0.0,203.5890078125,3.0869250000000004e-08
20.0,0.0,203.5887578125,3.0884e-08
20.0,0.0,203.5885078125,3.07148e-08
20.0,0.0,203.5882578125,3.0774050000000004e-08
20.0,0.0,203.5880078125,3.0710133333333333e-08
20.0,0.0,203.5877578125,3.06499e-08
20.0,0.0,203.5875078125,3.066165e-08
20.0,0.0,203.5872578125,3.03688e-08
20.0,0.0,203.5870078125,3.0411200000000004e-08
20.0,0.0,203.5867578125,3.02083e-08
20.0,0.0,203.5865078125,3.040595e-08
20.0,0.0,203.5862578125,3.013785e-08
20.0,0.0,203.5860078125,3.022495e-08
20.0,0.0,203.5857578125,3.03565e-08
20.0,0.0,203.5855078125,3.0333250000000005e-08
20.0,0.0,203.5852578125,3.036675e-08
20.0,0.0,203.5850078125,3.055225e-08
20.0,0.0,203.5847578125,3.06213e-08
20.0,0.0,203.5845078125,3.05256e-08
20.0,0.0,203.5842578125,3.05503e-08
20.0,0.0,203.5840078125,3.051115e-08
20.0,0.0,203.5837578125,3.03011e-08
20.0,0.0,203.5835078125,3.0273866666666665e-08
20.0,0.0,203.5832578125,3.02273e-08
20.0,0.0,203.5830078125,3.010335e-08
20.0,0.0,203.5827578125,3.00869e-08
20.0,0.0,203.5825078125,2.98959e-08
20.0,0.0,203.5822578125,2.980225e-08
20.0,0.0,203.5820078125,2.97766e-08
20.0,0.0,203.5817578125,2.9517e-08
20.0,0.0,203.5815078125,2.954873333333333e-08
20.0,0.0,203.5812578125,2.9464800000000002e-08
20.0,0.0,203.5810078125,2.935825e-08
20.0,0.0,203.5807578125,2.9456600000000002e-08
20.0,0.0,203.5805078125,2.931465e-08
20.0,0.0,203.5802578125,2.915865e-08
20.0,0.0,203.5800078125,2.9119750000000002e-08
20.0,0.0,203.5797578125,2.91341e-08
20.0,0.0,203.5795078125,2.903055e-08
20.0,0.0,203.5792578125,2.882755e-08
20.0,0.0,203.5790078125,2.87223e-08
20.0,0.0,203.5787578125,2.86148e-08
20.0,0.0,203.5785078125,2.854235e-08
20.0,0.0,203.5782578125,2.838415e-08
20.0,0.0,203.5780078125,2.831345e-08
20.0,0.0,203.5777578125,2.8137e-08
20.0,0.0,203.5775078125,2.810025e-08
20.0,0.0,203.5772578125,2.799755e-08
20.0,0.0,203.5770078125,2.7885e-08
20.0,0.0,203.5767578125,2.776675e-08
20.0,0.0,203.5765078125,2.77024e-08
20.0,0.0,203.5762578125,2.760965e-08
20.0,0.0,203.5760078125,2.74654e-08
20.0,0.0,203.5757578125,2.74424e-08
20.0,0.0,203.5755078125,2.73264e-08
20.0,0.0,203.5752578125,2.718945e-08
20.0,0.0,203.5750078125,2.711295e-08
20.0,0.0,203.5747578125,2.70052e-08
20.0,0.0,203.5745078125,2.703225e-08
20.0,0.0,203.5742578125,2.69981e-08
20.0,0.0,203.5740078125,2.6957750000000002e-08
20.0,0.0,203.5737578125,2.6842900000000002e-08
20.0,0.0,203.5735078125,2.684245e-08
20.0,0.0,203.5732578125,2.678145e-08
20.0,0.0,203.5730078125,2.66379e-08
20.0,0.0,203.5727578125,2.6613800000000002e-08
20.0,0.0,203.5725078125,2.65082e-08
20.0,0.0,203.5722578125,2.63957e-08
20.0,0.0,203.5720078125,2.644895e-08
20.0,0.0,203.5717578125,2.633385e-08
20.0,0.0,203.5715078125,2.625335e-08
20.0,0.0,203.5712578125,2.617835e-08
20.0,0.0,203.5710078125,2.60321e-08
20.0,0.0,203.5707578125,2.60176e-08
20.0,0.0,203.5705078125,2.595285e-08
20.0,0.0,203.5702578125,2.587895e-08
20.0,0.0,203.5700078125,2.59702e-08
20.0,0.0,203.5697578125,2.5792150000000002e-08
20.0,0.0,203.5695078125,2.56268e-08
20.0,0.0,203.5692578125,2.55937e-08
20.0,0.0,203.5690078125,2.57185e-08
20.0,0.0,203.5687578125,2.546885e-08
20.0,0.0,203.5685078125,2.54392e-08
20.0,0.0,203.5682578125,2.5284e-08
20.0,0.0,203.5680078125,2.533565e-08
20.0,0.0,203.5677578125,2.5429250000000006e-08
20.0,0.0,203.5675078125,2.544975e-08
20.0,0.0,203.5672578125,2.53269e-08
20.0,0.0,203.5670078125,2.52067e-08
20.0,0.0,203.5667578125,2.520025e-08
20.0,0.0,203.5665078125,2.51925e-08
20.0,0.0,203.5662578125,2.50433e-08
20.0,0.0,203.5660078125,2.5094e-08
20.0,0.0,203.5657578125,2.49584e-08
20.0,0.0,203.5655078125,2.48319e-08
20.0,0.0,203.5652578125,2.472025e-08
20.0,0.0,203.5650078125,2.45584e-08
20.0,0.0,203.5647578125,2.44446e-08
20.0,0.0,203.5645078125,2.45277e-08
20.0,0.0,203.5642578125,2.466095e-08
20.0,0.0,203.5640078125,2.43996e-08
20.0,0.0,203.5637578125,2.43658e-08
20.0,0.0,203.5635078125,2.43937e-08
20.0,0.0,203.5632578125,2.425955e-08
20.0,0.0,203.5630078125,2.42673e-08
20.0,0.0,203.5627578125,2.41765e-08
20.0,0.0,203.5625078125,2.412875e-08
20.0,0.0,203.5622578125,2.403795e-08
20.0,0.0,203.5620078125,2.4037300000000002e-08
20.0,0.0,203.5617578125,2.399155e-08
20.0,0.0,203.5615078125,2.38192e-08
20.0,0.0,203.5612578125,2.38903e-08
20.0,0.0,203.5610078125,2.36675e-08
20.0,0.0,203.5607578125,2.384405e-08
20.0,0.0,203.5605078125,2.38362e-08
20.0,0.0,203.5602578125,2.36067e-08
20.0,0.0,203.5600078125,2.36256e-08
20.0,0.0,203.5597578125,2.34531e-08
20.0,0.0,203.5595078125,2.33864e-08
20.0,0.0,203.5592578125,2.336815e-08
20.0,0.0,203.5590078125,2.333045e-08
20.0,0.0,203.5587578125,2.31941e-08
20.0,0.0,203.5585078125,2.322525e-08
20.0,0.0,203.5582578125,2.318805e-08
20.0,0.0,203.5580078125,2.33368e-08
20.0,0.0,203.5577578125,2.301045e-08
20.0,0.0,203.5575078125,2.314025e-08
20.0,0.0,203.5572578125,2.29879e-08
20.0,0.0,203.5570078125,2.30271e-08
20.0,0.0,203.5567578125,2.29286e-08
20.0,0.0,203.5565078125,2.2766950000000002e-08
20.0,0.0,203.5562578125,2.28389e-08
20.0,0.0,203.5560078125,2.29755e-08
20.0,0.0,203.5557578125,2.27086e-08
20.0,0.0,203.5555078125,2.29119e-08
20.0,0.0,203.5552578125,2.285375e-08
20.0,0.0,203.5550078125,2.28228e-08
20.0,0.0,203.5547578125,2.3047500000000002e-08
20.0,0.0,203.5545078125,2.311125e-08
20.0,0.0,203.5542578125,2.322215e-08
20.0,0.0,203.5540078125,2.31133e-08
20.0,0.0,203.5537578125,2.30513e-08
20.0,0.0,203.5535078125,2.3181200000000002e-08
20.0,0.0,203.5532578125,2.31373e-08
20.0,0.0,203.5530078125,2.346565e-08
20.0,0.0,203.5527578125,2.327155e-08
20.0,0.0,203.5525078125,2.3387e-08
20.0,0.0,203.5522578125,2.344755e-08
20.0,0.0,203.5520078125,2.35985e-08
20.0,0.0,203.5517578125,2.3444500000000002e-08
20.0,0.0,203.5515078125,2.34535e-08
20.0,0.0,203.5512578125,2.34783e-08
20.0,0.0,203.5510078125,2.36533e-08
20.0,0.0,203.5507578125,2.346675e-08
20.0,0.0,203.5505078125,2.35844e-08
20.0,0.0,203.5502578125,2.35078e-08
20.0,0.0,203.5500078125,2.3678000000000002e-08
20.0,0.0,203.5497578125,2.37783e-08
20.0,0.0,203.5495078125,2.386265e-08
20.0,0.0,203.5492578125,2.37142e-08
20.0,0.0,203.5490078125,2.39034e-08
20.0,0.0,203.5487578125,2.386725e-08
20.0,0.0,203.5485078125,2.381135e-08
20.0,0.0,203.5482578125,2.38766e-08
20.0,0.0,203.5480078125,2.385675e-08
20.0,0.0,203.5477578125,2.38222e-08
20.0,0.0,203.5475078125,2.376465e-08
20.0,0.0,203.5472578125,2.3503e-08
20.0,0.0,203.5470078125,2.35375e-08
20.0,0.0,203.5467578125,2.3456550000000002e-08
20.0,0.0,203.5465078125,2.358045e-08
20.0,0.0,203.5462578125,2.35551e-08
20.0,0.0,203.5460078125,2.3469400000000002e-08
20.0,0.0,203.5457578125,2.33205e-08
20.0,0.0,203.5455078125,2.345425e-08
20.0,0.0,203.5452578125,2.32631e-08
20.0,0.0,203.5450078125,2.3347333333333333e-08
20.0,0.0,203.5447578125,2.337665e-08
20.0,0.0,203.5445078125,2.330280000000001e-08
20.0,0.0,203.5442578125,2.33414e-08
20.0,0.0,203.5440078125,2.316985e-08
20.0,0.0,203.5437578125,2.31389e-08
20.0,0.0,203.5435078125,2.300875e-08
20.0,0.0,203.5432578125,2.30018e-08
20.0,0.0,203.5430078125,2.29377e-08
20.0,0.0,203.5427578125,2.2917900000000002e-08
20.0,0.0,203.5425078125,2.281745e-08
20.0,0.0,203.5422578125,2.27681e-08
20.0,0.0,203.5420078125,2.283155e-08
20.0,0.0,203.5417578125,2.30188e-08
20.0,0.0,203.5415078125,2.28063e-08
20.0,0.0,203.5412578125,2.29129e-08
20.0,0.0,203.5410078125,2.2897650000000002e-08
20.0,0.0,203.5407578125,2.28007e-08
20.0,0.0,203.5405078125,2.28489e-08
20.0,0.0,203.5402578125,2.2646e-08
20.0,0.0,203.5400078125,2.27532e-08
20.0,0.0,203.5397578125,2.284345e-08
20.0,0.0,203.5395078125,2.289865e-08
20.0,0.0,203.5392578125,2.28907e-08
20.0,0.0,203.5390078125,2.2917600000000002e-08
20.0,0.0,203.5387578125,2.2922000000000002e-08
20.0,0.0,203.5385078125,2.298095e-08
20.0,0.0,203.5382578125,2.290335e-08
20.0,0.0,203.5380078125,2.287595e-08
20.0,0.0,203.5377578125,2.283935e-08
20.0,0.0,203.5375078125,2.2823000000000002e-08
20.0,0.0,203.5372578125,2.26858e-08
20.0,0.0,203.5370078125,2.279555e-08
20.0,0.0,203.5367578125,2.28687e-08
20.0,0.0,203.5365078125,2.2856900000000002e-08
20.0,0.0,203.5362578125,2.29016e-08
20.0,0.0,203.5360078125,2.2951833333333328e-08
20.0,0.0,203.5357578125,2.3012e-08
20.0,0.0,203.5355078125,2.31305e-08
20.0,0.0,203.5352578125,2.308425e-08
20.0,0.0,203.5350078125,2.30889e-08
20.0,0.0,203.5347578125,2.311755e-08
20.0,0.0,203.5345078125,2.326085e-08
20.0,0.0,203.5342578125,2.33876e-08
20.0,0.0,203.5340078125,2.3316750000000006e-08
20.0,0.0,203.5337578125,2.335655e-08
20.0,0.0,203.5335078125,2.340345e-08
20.0,0.0,203.5332578125,2.360025e-08
20.0,0.0,203.5330078125,2.365335e-08
20.0,0.0,203.5327578125,2.3571650000000002e-08
20.0,0.0,203.5325078125,2.36393e-08
20.0,0.0,203.5322578125,2.37366e-08
20.0,0.0,203.5320078125,2.38564e-08
20.0,0.0,203.5317578125,2.38474e-08
20.0,0.0,203.5315078125,2.404925e-08
20.0,0.0,203.5312578125,2.41325e-08
20.0,0.0,203.5310078125,2.40735e-08
20.0,0.0,203.5307578125,2.434205e-08
20.0,0.0,203.5305078125,2.43268e-08
20.0,0.0,203.5302578125,2.43362e-08
20.0,0.0,203.5300078125,2.43312e-08
20.0,0.0,203.5297578125,2.4387000000000002e-08
20.0,0.0,203.5295078125,2.4546400000000002e-08
20.0,0.0,203.5292578125,2.45934e-08
20.0,0.0,203.5290078125,2.445285e-08
20.0,0.0,203.5287578125,2.45197e-08
20.0,0.0,203.5285078125,2.46007e-08
20.0,0.0,203.5282578125,2.46915e-08
20.0,0.0,203.5280078125,2.4602450000000002e-08
20.0,0.0,203.5277578125,2.472275e-08
20.0,0.0,203.5275078125,2.46684e-08
20.0,0.0,203.5272578125,2.48628e-08
20.0,0.0,203.5270078125,2.4842333333333328e-08
20.0,0.0,203.5267578125,2.4869600000000002e-08
20.0,0.0,203.5265078125,2.49989e-08
20.0,0.0,203.5262578125,2.5031e-08
20.0,0.0,203.5260078125,2.50798e-08
20.0,0.0,203.5257578125,2.501555e-08
20.0,0.0,203.5255078125,2.51159e-08
20.0,0.0,203.5252578125,2.526765e-08
20.0,0.0,203.5250078125,2.524045e-08
20.0,0.0,203.5247578125,2.53007e-08
20.0,0.0,203.5245078125,2.52846e-08
20.0,0.0,203.5242578125,2.5419450000000002e-08
20.0,0.0,203.5240078125,2.5455550000000002e-08
20.0,0.0,203.5237578125,2.5314e-08
20.0,0.0,203.5235078125,2.5484800000000002e-08
20.0,0.0,203.5232578125,2.5409e-08
20.0,0.0,203.5230078125,2.54518e-08
20.0,0.0,203.5227578125,2.546405e-08
20.0,0.0,203.5225078125,2.551315e-08
20.0,0.0,203.5222578125,2.548765e-08
20.0,0.0,203.5220078125,2.563065e-08
20.0,0.0,203.5217578125,2.576715e-08
20.0,0.0,203.5215078125,2.56267e-08
20.0,0.0,203.5212578125,2.5592000000000002e-08
20.0,0.0,203.5210078125,2.56031e-08
20.0,0.0,203.5207578125,2.5727050000000002e-08
20.0,0.0,203.5205078125,2.57425e-08
20.0,0.0,203.5202578125,2.5762000000000006e-08
20.0,0.0,203.5200078125,2.603895e-08
20.0,0.0,203.5197578125,2.606915e-08
20.0,0.0,203.5195078125,2.6110400000000002e-08
20.0,0.0,203.5192578125,2.61305e-08
20.0,0.0,203.5190078125,2.618945e-08
20.0,0.0,203.5187578125,2.61135e-08
20.0,0.0,203.5185078125,2.6115050000000002e-08
20.0,0.0,203.5182578125,2.61982e-08
20.0,0.0,203.5180078125,2.5887366666666668e-08
20.0,0.0,203.5177578125,2.60159e-08
20.0,0.0,203.5175078125,2.59978e-08
20.0,0.0,203.5172578125,2.5866250000000002e-08
20.0,0.0,203.5170078125,2.60729e-08
20.0,0.0,203.5167578125,2.59166e-08
20.0,0.0,203.5165078125,2.60561e-08
20.0,0.0,203.5162578125,2.5931300000000002e-08
20.0,0.0,203.5160078125,2.5920100000000002e-08
20.0,0.0,203.5157578125,2.599845e-08
20.0,0.0,203.5155078125,2.60384e-08
20.0,0.0,203.5152578125,2.610835e-08
20.0,0.0,203.5150078125,2.604525e-08
20.0,0.0,203.5147578125,2.623e-08
20.0,0.0,203.5145078125,2.612165e-08
20.0,0.0,203.5142578125,2.62021e-08
20.0,0.0,203.5140078125,2.62399e-08
20.0,0.0,203.5137578125,2.6155700000000003e-08
20.0,0.0,203.5135078125,2.61391e-08
20.0,0.0,203.5132578125,2.6042500000000003e-08
20.0,0.0,203.5130078125,2.6099233333333328e-08
20.0,0.0,203.5127578125,2.60569e-08
20.0,0.0,203.5125078125,2.63265e-08
20.0,0.0,203.5122578125,2.61535e-08
20.0,0.0,203.5120078125,2.61173e-08
20.0,0.0,203.5117578125,2.5992000000000002e-08
20.0,0.0,203.5115078125,2.6164966666666673e-08
20.0,0.0,203.5112578125,2.62499e-08
20.0,0.0,203.5110078125,2.620105e-08
20.0,0.0,203.5107578125,2.66497e-08
20.0,0.0,203.5105078125,2.6782500000000002e-08
20.0,0.0,203.5102578125,2.69089e-08
20.0,0.0,203.5100078125,2.68458e-08
20.0,0.0,203.5097578125,2.67496e-08
20.0,0.0,203.5095078125,2.6848766666666667e-08
20.0,0.0,203.5092578125,2.67977e-08
20.0,0.0,203.5090078125,2.6975466666666666e-08
20.0,0.0,203.5087578125,2.69292e-08
20.0,0.0,203.5085078125,2.695135e-08
20.0,0.0,203.5082578125,2.70688e-08
20.0,0.0,203.5080078125,2.70768e-08
20.0,0.0,203.5077578125,2.70314e-08
20.0,0.0,203.5075078125,2.7085900000000003e-08
20.0,0.0,203.5072578125,2.71163e-08
20.0,0.0,203.5070078125,2.709385e-08
20.0,0.0,203.5067578125,2.70062e-08
20.0,0.0,203.5065078125,2.718575e-08
20.0,0.0,203.5062578125,2.7179250000000002e-08
20.0,0.0,203.5060078125,2.730795e-08
20.0,0.0,203.5057578125,2.7131100000000002e-08
20.0,0.0,203.5055078125,2.72243e-08
20.0,0.0,203.5052578125,2.720425e-08
20.0,0.0,203.5050078125,2.724885e-08
20.0,0.0,203.5047578125,2.7303e-08
20.0,0.0,203.5045078125,2.72727e-08
20.0,0.0,203.5042578125,2.73274e-08
20.0,0.0,203.5040078125,2.733135e-08
20.0,0.0,203.5037578125,2.7049e-08
20.0,0.0,203.5035078125,2.7161e-08
20.0,0.0,203.5032578125,2.7071e-08
20.0,0.0,203.5030078125,2.7204400000000002e-08
20.0,0.0,203.5027578125,2.7179500000000002e-08
20.0,0.0,203.5025078125,2.709835e-08
20.0,0.0,203.5022578125,2.71794e-08
20.0,0.0,203.5020078125,2.7123866666666664e-08
20.0,0.0,203.5017578125,2.70654e-08
20.0,0.0,203.5015078125,2.70085e-08
20.0,0.0,203.5012578125,2.68876e-08
20.0,0.0,203.5010078125,2.70657e-08
20.0,0.0,203.5007578125,2.7152e-08
20.0,0.0,203.5005078125,2.71187e-08
20.0,0.0,203.5002578125,2.70116e-08
20.0,0.0,203.5000078125,2.712215e-08
20.0,0.0,203.4997578125,2.71594e-08
20.0,0.0,203.4995078125,2.7010250000000002e-08
20.0,0.0,203.4992578125,2.73344e-08
20.0,0.0,203.4990078125,2.720995e-08
20.0,0.0,203.4987578125,2.69867e-08
20.0,0.0,203.4985078125,2.72125e-08
20.0,0.0,203.4982578125,2.727885e-08
20.0,0.0,203.4980078125,2.72213e-08
20.0,0.0,203.4977578125,2.74167e-08
20.0,0.0,203.4975078125,2.730545e-08
20.0,0.0,203.4972578125,2.745425e-08
20.0,0.0,203.4970078125,2.75425e-08
20.0,0.0,203.4967578125,2.746645e-08
20.0,0.0,203.4965078125,2.760705e-08
20.0,0.0,203.4962578125,2.76535e-08
20.0,0.0,203.4960078125,2.7803400000000006e-08
20.0,0.0,203.4957578125,2.7759700000000002e-08
20.0,0.0,203.4955078125,2.7884300000000003e-08
20.0,0.0,203.4952578125,2.791e-08
20.0,0.0,203.4950078125,2.80507e-08
20.0,0.0,203.4947578125,2.824465e-08
20.0,0.0,203.4945078125,2.8142500000000002e-08
20.0,0.0,203.4942578125,2.82709e-08
20.0,0.0,203.4940078125,2.84252e-08
20.0,0.0,203.4937578125,2.846255e-08
20.0,0.0,203.4935078125,2.8444e-08
20.0,0.0,203.4932578125,2.873405e-08
20.0,0.0,203.4930078125,2.86621e-08
20.0,0.0,203.4927578125,2.864905e-08
20.0,0.0,203.4925078125,2.88241e-08
20.0,0.0,203.4922578125,2.902565e-08
20.0,0.0,203.4920078125,2.89955e-08
20.0,0.0,203.4917578125,2.9301200000000003e-08
20.0,0.0,203.4915078125,2.92737e-08
20.0,0.0,203.4912578125,2.933975e-08
20.0,0.0,203.4910078125,2.93399e-08
20.0,0.0,203.4907578125,2.951195e-08
20.0,0.0,203.4905078125,2.95611e-08
20.0,0.0,203.4902578125,2.95519e-08
20.0,0.0,203.4900078125,2.96809e-08
20.0,0.0,203.4897578125,2.972335e-08
20.0,0.0,203.4895078125,2.981605e-08
20.0,0.0,203.4892578125,2.9838350000000005e-08
20.0,0.0,203.4890078125,3.0050550000000004e-08
20.0,0.0,203.4887578125,2.9934900000000004e-08
20.0,0.0,203.4885078125,3.0039900000000004e-08
20.0,0.0,203.4882578125,3.00428e-08
20.0,0.0,203.4880078125,3.00048e-08
20.0,0.0,203.4877578125,2.997675e-08
20.0,0.0,203.4875078125,3.01216e-08
20.0,0.0,203.4872578125,3.0101450000000004e-08
20.0,0.0,203.4870078125,3.00355e-08
20.0,0.0,203.4867578125,3.016985e-08
20.0,0.0,203.4865078125,3.003975e-08
20.0,0.0,203.4862578125,3.0069e-08
20.0,0.0,203.4860078125,3.009995e-08
20.0,0.0,203.4857578125,3.011245e-08
20.0,0.0,203.4855078125,3.0097050000000004e-08
20.0,0.0,203.4852578125,3.0026200000000005e-08
20.0,0.0,203.4850078125,3.01143e-08
20.0,0.0,203.4847578125,3.011595e-08
20.0,0.0,203.4845078125,3.023085e-08
20.0,0.0,203.4842578125,3.0184050000000004e-08
20.0,0.0,203.4840078125,3.00541e-08
20.0,0.0,203.4837578125,3.00215e-08
20.0,0.0,203.4835078125,2.9972700000000003e-08
20.0,0.0,203.4832578125,3.00163e-08
20.0,0.0,203.4830078125,3.00306e-08
20.0,0.0,203.4827578125,3.00594e-08
20.0,0.0,203.4825078125,3.0032e-08
20.0,0.0,203.4822578125,3.0068e-08
20.0,0.0,203.4820078125,2.9852050000000004e-08
20.0,0.0,203.4817578125,2.993165e-08
20.0,0.0,203.4815078125,2.99341e-08
20.0,0.0,203.4812578125,2.99017e-08
20.0,0.0,203.4810078125,2.97179e-08
20.0,0.0,203.4807578125,2.990605e-08
20.0,0.0,203.4805078125,2.955795e-08
20.0,0.0,203.4802578125,2.95899e-08
20.0,0.0,203.4800078125,2.967975e-08
20.0,0.0,203.4797578125,2.95533e-08
20.0,0.0,203.4795078125,2.97789e-08
20.0,0.0,203.4792578125,2.96215e-08
20.0,0.0,203.4790078125,2.919865e-08
20.0,0.0,203.4787578125,2.92522e-08
20.0,0.0,203.4785078125,2.92863e-08
20.0,0.0,203.4782578125,2.90961e-08
20.0,0.0,203.4780078125,2.90031e-08
20.0,0.0,203.4777578125,2.87131e-08
20.0,0.0,203.4775078125,2.8853833333333334e-08
20.0,0.0,203.4772578125,2.87254e-08
20.0,0.0,203.4770078125,2.877185e-08
20.0,0.0,203.4767578125,2.84715e-08
20.0,0.0,203.4765078125,2.849625e-08
20.0,0.0,203.4762578125,2.84312e-08
20.0,0.0,203.4760078125,2.83456e-08
20.0,0.0,203.4757578125,2.8235200000000002e-08
20.0,0.0,203.4755078125,2.838595e-08
20.0,0.0,203.4752578125,2.8163300000000002e-08
20.0,0.0,203.4750078125,2.81771e-08
20.0,0.0,203.4747578125,2.79832e-08
20.0,0.0,203.4745078125,2.795235e-08
20.0,0.0,203.4742578125,2.7958e-08
20.0,0.0,203.4740078125,2.773015e-08
20.0,0.0,203.4737578125,2.7727e-08
20.0,0.0,203.4735078125,2.76947e-08
20.0,0.0,203.4732578125,2.75041e-08
20.0,0.0,203.4730078125,2.75935e-08
20.0,0.0,203.4727578125,2.75564e-08
20.0,0.0,203.4725078125,2.7515800000000002e-08
20.0,0.0,203.4722578125,2.7637e-08
20.0,0.0,203.4720078125,2.76124e-08
20.0,0.0,203.4717578125,2.735275e-08
20.0,0.0,203.4715078125,2.7250600000000002e-08
20.0,0.0,203.4712578125,2.72672e-08
20.0,0.0,203.4710078125,2.7461399999999995e-08
20.0,0.0,203.4707578125,2.73592e-08
20.0,0.0,203.4705078125,2.72459e-08
20.0,0.0,203.4702578125,2.73503e-08
20.0,0.0,203.4700078125,2.73727e-08
20.0,0.0,203.4697578125,2.75546e-08
20.0,0.0,203.4695078125,2.7512000000000002e-08
20.0,0.0,203.4692578125,2.7442800000000002e-08
20.0,0.0,203.4690078125,2.769535e-08
20.0,0.0,203.4687578125,2.779785e-08
20.0,0.0,203.4685078125,2.7746133333333328e-08
20.0,0.0,203.4682578125,2.77478e-08
20.0,0.0,203.4680078125,2.79106e-08
20.0,0.0,203.4677578125,2.775165e-08
20.0,0.0,203.4675078125,2.7918850000000002e-08
20.0,0.0,203.4672578125,2.7962600000000002e-08
20.0,0.0,203.4670078125,2.780225e-08
20.0,0.0,203.4667578125,2.80253e-08
20.0,0.0,203.4665078125,2.76761e-08
20.0,0.0,203.4662578125,2.80906e-08
20.0,0.0,203.4660078125,2.7979233333333332e-08
20.0,0.0,203.4657578125,2.778675e-08
20.0,0.0,203.4655078125,2.802365e-08
20.0,0.0,203.4652578125,2.76432e-08
20.0,0.0,203.4650078125,2.776675e-08
20.0,0.0,203.4647578125,2.763895e-08
20.0,0.0,203.4645078125,2.78033e-08
20.0,0.0,203.4642578125,2.77032e-08
20.0,0.0,203.4640078125,2.79025e-08
20.0,0.0,203.4637578125,2.77344e-08
20.0,0.0,203.4635078125,2.7766733333333333e-08
20.0,0.0,203.4632578125,2.77419e-08
20.0,0.0,203.4630078125,2.77995e-08
20.0,0.0,203.4627578125,2.769785e-08
20.0,0.0,203.4625078125,2.75194e-08
20.0,0.0,203.4622578125,2.75077e-08
20.0,0.0,203.4620078125,2.7383200000000002e-08
20.0,0.0,203.4617578125,2.721705e-08
20.0,0.0,203.4615078125,2.70825e-08
20.0,0.0,203.4612578125,2.723235e-08
20.0,0.0,203.4610078125,2.708125e-08
20.0,0.0,203.4607578125,2.7076150000000002e-08
20.0,0.0,203.4605078125,2.6917550000000002e-08
20.0,0.0,203.4602578125,2.70005e-08
20.0,0.0,203.4600078125,2.6433e-08
20.0,0.0,203.4597578125,2.674235e-08
20.0,0.0,203.4595078125,2.6636150000000006e-08
20.0,0.0,203.4592578125,2.65149e-08
20.0,0.0,203.4590078125,2.61667e-08
20.0,0.0,203.4587578125,2.6146500000000002e-08
20.0,0.0,203.4585078125,2.6024000000000002e-08
20.0,0.0,203.4582578125,2.5874700000000002e-08
20.0,0.0,203.4580078125,2.58626e-08
20.0,0.0,203.4577578125,2.552065e-08
20.0,0.0,203.4575078125,2.579335e-08
20.0,0.0,203.4572578125,2.532585e-08
20.0,0.0,203.4570078125,2.542475e-08
20.0,0.0,203.4567578125,2.49476e-08
20.0,0.0,203.4565078125,2.49072e-08
20.0,0.0,203.4562578125,2.475155e-08
20.0,0.0,203.4560078125,2.4607650000000002e-08
20.0,0.0,203.4557578125,2.453005e-08
20.0,0.0,203.4555078125,2.43261e-08
20.0,0.0,203.4552578125,2.42579e-08
20.0,0.0,203.4550078125,2.39237e-08
20.0,0.0,203.4547578125,2.4101000000000002e-08
20.0,0.0,203.4545078125,2.39763e-08
20.0,0.0,203.4542578125,2.39127e-08
20.0,0.0,203.4540078125,2.38218e-08
20.0,0.0,203.4537578125,2.41788e-08
20.0,0.0,203.4535078125,2.39902e-08
20.0,0.0,203.4532578125,2.39555e-08
20.0,0.0,203.4530078125,2.38801e-08
20.0,0.0,203.4527578125,2.40979e-08
20.0,0.0,203.4525078125,2.392935e-08
20.0,0.0,203.4522578125,2.38576e-08
20.0,0.0,203.4520078125,2.374095e-08
20.0,0.0,203.4517578125,2.3760050000000002e-08
20.0,0.0,203.4515078125,2.38357e-08
20.0,0.0,203.4512578125,2.35832e-08
20.0,0.0,203.4510078125,2.34622e-08
20.0,0.0,203.4507578125,2.335095e-08
20.0,0.0,203.4505078125,2.319305e-08
20.0,0.0,203.4502578125,2.33152e-08
20.0,0.0,203.4500078125,2.34688e-08
20.0,0.0,203.4497578125,2.322645e-08
20.0,0.0,203.4495078125,2.35324e-08
20.0,0.0,203.4492578125,2.334425e-08
20.0,0.0,203.4490078125,2.303125e-08
20.0,0.0,203.4487578125,2.30307e-08
20.0,0.0,203.4485078125,2.32452e-08
20.0,0.0,203.4482578125,2.312275e-08
20.0,0.0,203.4480078125,2.33614e-08
20.0,0.0,203.4477578125,2.31824e-08
20.0,0.0,203.4475078125,2.3100800000000002e-08
20.0,0.0,203.4472578125,2.318485e-08
20.0,0.0,203.4470078125,2.317105e-08
20.0,0.0,203.4467578125,2.330545e-08
20.0,0.0,203.4465078125,2.31859e-08
20.0,0.0,203.4462578125,2.3218600000000006e-08
20.0,0.0,203.4460078125,2.27626e-08
20.0,0.0,203.4457578125,2.305335e-08
20.0,0.0,203.4455078125,2.292045e-08
20.0,0.0,203.4452578125,2.231135e-08
20.0,0.0,203.4450078125,2.2832850000000002e-08
20.0,0.0,203.4447578125,2.2618200000000002e-08
20.0,0.0,203.4445078125,2.2655e-08
20.0,0.0,203.4442578125,2.25344e-08
20.0,0.0,203.4440078125,2.2717e-08
20.0,0.0,203.4437578125,2.247745e-08
20.0,0.0,203.4435078125,2.238255e-08
20.0,0.0,203.4432578125,2.21117e-08
20.0,0.0,203.4430078125,2.221455e-08
20.0,0.0,203.4427578125,2.24101e-08
20.0,0.0,203.4425078125,2.21556e-08
20.0,0.0,203.4422578125,2.19419e-08
20.0,0.0,203.4420078125,2.2132050000000002e-08
20.0,0.0,203.4417578125,2.16463e-08
20.0,0.0,203.4415078125,2.20795e-08
20.0,0.0,203.4412578125,2.185005e-08
20.0,0.0,203.4410078125,2.128215e-08
20.0,0.0,203.4407578125,2.15646e-08
20.0,0.0,203.4405078125,2.1613100000000002e-08
20.0,0.0,203.4402578125,2.1637150000000002e-08
20.0,0.0,203.4400078125,2.155645e-08
20.0,0.0,203.4397578125,2.13709e-08
20.0,0.0,203.4395078125,2.14801e-08
20.0,0.0,203.4392578125,2.154125e-08
20.0,0.0,203.4390078125,2.129715e-08
20.0,0.0,203.4387578125,2.13408e-08
20.0,0.0,203.4385078125,2.127495e-08
20.0,0.0,203.4382578125,2.119265e-08
20.0,0.0,203.4380078125,2.131265e-08
20.0,0.0,203.4377578125,2.12959e-08
20.0,0.0,203.4375078125,2.1189300000000002e-08
20.0,0.0,203.4372578125,2.174195e-08
20.0,0.0,203.4370078125,2.168903333333333e-08
20.0,0.0,203.4367578125,2.15239e-08
20.0,0.0,203.4365078125,2.13904e-08
20.0,0.0,203.4362578125,2.152335e-08
20.0,0.0,203.4360078125,2.158915e-08
20.0,0.0,203.4357578125,2.1476e-08
20.0,0.0,203.4355078125,2.1651e-08
20.0,0.0,203.4352578125,2.17918e-08
20.0,0.0,203.4350078125,2.182975e-08
20.0,0.0,203.4347578125,2.16896e-08
20.0,0.0,203.4345078125,2.16926e-08
20.0,0.0,203.4342578125,2.183645e-08
20.0,0.0,203.4340078125,2.161285e-08
20.0,0.0,203.4337578125,2.15294e-08
20.0,0.0,203.4335078125,2.183235e-08
20.0,0.0,203.4332578125,2.16845e-08
20.0,0.0,203.4330078125,2.1966650000000002e-08
20.0,0.0,203.4327578125,2.20997e-08
20.0,0.0,203.4325078125,2.20685e-08
20.0,0.0,203.4322578125,2.21167e-08
20.0,0.0,203.4320078125,2.2100733333333327e-08
20.0,0.0,203.4317578125,2.24395e-08
20.0,0.0,203.4315078125,2.215155e-08
20.0,0.0,203.4312578125,2.23745e-08
20.0,0.0,203.4310078125,2.23733e-08
20.0,0.0,203.4307578125,2.23825e-08
20.0,0.0,203.4305078125,2.257495e-08
20.0,0.0,203.4302578125,2.242945e-08
20.0,0.0,203.4300078125,2.23896e-08
20.0,0.0,203.4297578125,2.27394e-08
20.0,0.0,203.4295078125,2.2860200000000002e-08
20.0,0.0,203.4292578125,2.317475e-08
20.0,0.0,203.4290078125,2.292025e-08
20.0,0.0,203.4287578125,2.2953e-08
20.0,0.0,203.4285078125,2.237355e-08
20.0,0.0,203.4282578125,2.29756e-08
20.0,0.0,203.4280078125,2.30785e-08
20.0,0.0,203.4277578125,2.331535e-08
20.0,0.0,203.4275078125,2.32662e-08
20.0,0.0,203.4272578125,2.30642e-08
20.0,0.0,203.4270078125,2.336145e-08
20.0,0.0,203.4267578125,2.3423e-08
20.0,0.0,203.4265078125,2.332875e-08
20.0,0.0,203.4262578125,2.33762e-08
20.0,0.0,203.4260078125,2.326275e-08
20.0,0.0,203.4257578125,2.3634800000000002e-08
20.0,0.0,203.4255078125,2.36054e-08
20.0,0.0,203.4252578125,2.381025e-08
20.0,0.0,203.4250078125,2.3695766666666665e-08
20.0,0.0,203.4247578125,2.38166e-08
20.0,0.0,203.4245078125,2.388945e-08
20.0,0.0,203.4242578125,2.379515e-08
20.0,0.0,203.4240078125,2.4067650000000002e-08
20.0,0.0,203.4237578125,2.40942e-08
20.0,0.0,203.4235078125,2.39988e-08
20.0,0.0,203.4232578125,2.42092e-08
20.0,0.0,203.4230078125,2.41946e-08
20.0,0.0,203.4227578125,2.435455e-08
20.0,0.0,203.4225078125,2.429865e-08
20.0,0.0,203.4222578125,2.39624e-08
20.0,0.0,203.4220078125,2.4344350000000002e-08
20.0,0.0,203.4217578125,2.42014e-08
20.0,0.0,203.4215078125,2.42387e-08
20.0,0.0,203.4212578125,2.45624e-08
20.0,0.0,203.4210078125,2.432645e-08
20.0,0.0,203.4207578125,2.45767e-08
20.0,0.0,203.4205078125,2.46142e-08
20.0,0.0,203.4202578125,2.4552150000000002e-08
20.0,0.0,203.4200078125,2.4480500000000002e-08
20.0,0.0,203.4197578125,2.45077e-08
20.0,0.0,203.4195078125,2.4546e-08
20.0,0.0,203.4192578125,2.469065e-08
20.0,0.0,203.4190078125,2.432025e-08
20.0,0.0,203.4187578125,2.44687e-08
20.0,0.0,203.4185078125,2.47023e-08
20.0,0.0,203.4182578125,2.452805e-08
20.0,0.0,203.4180078125,2.4744e-08
20.0,0.0,203.4177578125,2.46466e-08
20.0,0.0,203.4175078125,2.442975e-08
20.0,0.0,203.4172578125,2.462645e-08
20.0,0.0,203.4170078125,2.464995e-08
20.0,0.0,203.4167578125,2.46317e-08
20.0,0.0,203.4165078125,2.483555e-08
20.0,0.0,203.4162578125,2.45534e-08
20.0,0.0,203.4160078125,2.4572100000000002e-08
20.0,0.0,203.4157578125,2.454785e-08
20.0,0.0,203.4155078125,2.4778550000000002e-08
20.0,0.0,203.4152578125,2.458575e-08
20.0,0.0,203.4150078125,2.45056e-08
20.0,0.0,203.4147578125,2.444265e-08
20.0,0.0,203.4145078125,2.43425e-08
20.0,0.0,203.4142578125,2.438435e-08
20.0,0.0,203.4140078125,2.4338050000000002e-08
20.0,0.0,203.4137578125,2.4360200000000002e-08
20.0,0.0,203.4135078125,2.452985e-08
20.0,0.0,203.4132578125,2.441895e-08
20.0,0.0,203.4130078125,2.42956e-08
20.0,0.0,203.4127578125,2.445315e-08
20.0,0.0,203.4125078125,2.425375e-08
20.0,0.0,203.4122578125,2.4222400000000002e-08
20.0,0.0,203.4120078125,2.429255e-08
20.0,0.0,203.4117578125,2.41416e-08
20.0,0.0,203.4115078125,2.407835e-08
20.0,0.0,203.4112578125,2.369365e-08
20.0,0.0,203.4110078125,2.3837700000000002e-08
20.0,0.0,203.4107578125,2.39068e-08
20.0,0.0,203.4105078125,2.4099350000000002e-08
20.0,0.0,203.4102578125,2.38656e-08
20.0,0.0,203.4100078125,2.383455e-08
20.0,0.0,203.4097578125,2.35042e-08
20.0,0.0,203.4095078125,2.365485e-08
20.0,0.0,203.4092578125,2.34053e-08
20.0,0.0,203.4090078125,2.3447800000000002e-08
20.0,0.0,203.4087578125,2.368775e-08
20.0,0.0,203.4085078125,2.362405e-08
20.0,0.0,203.4082578125,2.3622500000000002e-08
20.0,0.0,203.4080078125,2.3283e-08
20.0,0.0,203.4077578125,2.34233e-08
20.0,0.0,203.4075078125,2.3197233333333333e-08
20.0,0.0,203.4072578125,2.331e-08
20.0,0.0,203.4070078125,2.3341700000000002e-08
20.0,0.0,203.4067578125,2.33364e-08
20.0,0.0,203.4065078125,2.328945e-08
20.0,0.0,203.4062578125,2.319115e-08
20.0,0.0,203.4060078125,2.3277700000000002e-08
20.0,0.0,203.4057578125,2.313205e-08
20.0,0.0,203.4055078125,2.3114750000000002e-08
20.0,0.0,203.4052578125,2.30778e-08
20.0,0.0,203.4050078125,2.30037e-08
20.0,0.0,203.4047578125,2.297385e-08
20.0,0.0,203.4045078125,2.3146750000000002e-08
20.0,0.0,203.4042578125,2.3183000000000003e-08
20.0,0.0,203.4040078125,2.31016e-08
20.0,0.0,203.4037578125,2.29125e-08
20.0,0.0,203.4035078125,2.28248e-08
20.0,0.0,203.4032578125,2.29663e-08
20.0,0.0,203.4030078125,2.315955e-08
20.0,0.0,203.4027578125,2.30183e-08
20.0,0.0,203.4025078125,2.317265e-08
20.0,0.0,203.4022578125,2.3025e-08
20.0,0.0,203.4020078125,2.31158e-08
20.0,0.0,203.4017578125,2.319955e-08
20.0,0.0,203.4015078125,2.2995750000000006e-08
20.0,0.0,203.4012578125,2.31116e-08
20.0,0.0,203.4010078125,2.323825e-08
20.0,0.0,203.4007578125,2.299345e-08
20.0,0.0,203.4005078125,2.277855e-08
20.0,0.0,203.4002578125,2.25653e-08
20.0,0.0,203.4000078125,2.27365e-08
20.0,0.0,203.3997578125,2.29124e-08
20.0,0.0,203.3995078125,2.2739600000000002e-08
20.0,0.0,203.3992578125,2.2937300000000002e-08
20.0,0.0,203.3990078125,2.2655366666666666e-08
20.0,0.0,203.3987578125,2.273275e-08
20.0,0.0,203.3985078125,2.264835e-08
20.0,0.0,203.3982578125,2.257e-08
20.0,0.0,203.3980078125,2.26102e-08
20.0,0.0,203.3977578125,2.284385e-08
20.0,0.0,203.3975078125,2.27789e-08
20.0,0.0,203.3972578125,2.28085e-08
20.0,0.0,203.3970078125,2.28973e-08
20.0,0.0,203.3967578125,2.26068e-08
20.0,0.0,203.3965078125,2.27523e-08
20.0,0.0,203.3962578125,2.27926e-08
20.0,0.0,203.3960078125,2.29553e-08
20.0,0.0,203.3957578125,2.28635e-08
20.0,0.0,203.3955078125,2.278295e-08
20.0,0.0,203.3952578125,2.28264e-08
20.0,0.0,203.3950078125,2.28223e-08
20.0,0.0,203.3947578125,2.301185e-08
20.0,0.0,203.3945078125,2.296415e-08
20.0,0.0,203.3942578125,2.2596600000000002e-08
20.0,0.0,203.3940078125,2.281555e-08
20.0,0.0,203.3937578125,2.28997e-08
20.0,0.0,203.3935078125,2.303625e-08
20.0,0.0,203.3932578125,2.28553e-08
20.0,0.0,203.3930078125,2.2959450000000002e-08
20.0,0.0,203.3927578125,2.299475e-08
20.0,0.0,203.3925078125,2.2912700000000002e-08
20.0,0.0,203.3922578125,2.29982e-08
20.0,0.0,203.3920078125,2.289965e-08
20.0,0.0,203.3917578125,2.28455e-08
20.0,0.0,203.3915078125,2.28707e-08
20.0,0.0,203.3912578125,2.28579e-08
20.0,0.0,203.3910078125,2.2795950000000002e-08
20.0,0.0,203.3907578125,2.276085e-08
20.0,0.0,203.3905078125,2.281035e-08
20.0,0.0,203.3902578125,2.27788e-08
20.0,0.0,203.3900078125,2.2903950000000002e-08
20.0,0.0,203.3897578125,2.29491e-08
20.0,0.0,203.3895078125,2.28214e-08
20.0,0.0,203.3892578125,2.2943600000000002e-08
20.0,0.0,203.3890078125,2.287775e-08
20.0,0.0,203.3887578125,2.29605e-08
20.0,0.0,203.3885078125,2.31031e-08
20.0,0.0,203.3882578125,2.31048e-08
20.0,0.0,203.3880078125,2.30321e-08
20.0,0.0,203.3877578125,2.31154e-08
20.0,0.0,203.3875078125,2.320965e-08
20.0,0.0,203.3872578125,2.320235e-08
20.0,0.0,203.3870078125,2.332015e-08
20.0,0.0,203.3867578125,2.327975e-08
20.0,0.0,203.3865078125,2.35075e-08
20.0,0.0,203.3862578125,2.32918e-08
20.0,0.0,203.3860078125,2.36559e-08
20.0,0.0,203.3857578125,2.37411e-08
20.0,0.0,203.3855078125,2.3592e-08
20.0,0.0,203.3852578125,2.39805e-08
20.0,0.0,203.3850078125,2.38165e-08
20.0,0.0,203.3847578125,2.384255e-08
20.0,0.0,203.3845078125,2.38004e-08
20.0,0.0,203.3842578125,2.379025e-08
20.0,0.0,203.3840078125,2.381115e-08
20.0,0.0,203.3837578125,2.3947050000000002e-08
20.0,0.0,203.3835078125,2.39257e-08
20.0,0.0,203.3832578125,2.39147e-08
20.0,0.0,203.3830078125,2.4064e-08
20.0,0.0,203.3827578125,2.37821e-08
20.0,0.0,203.3825078125,2.36533e-08
20.0,0.0,203.3822578125,2.34529e-08
20.0,0.0,203.3820078125,2.33813e-08
20.0,0.0,203.3817578125,2.332925e-08
20.0,0.0,203.3815078125,2.28343e-08
20.0,0.0,203.3812578125,2.29527e-08
20.0,0.0,203.3810078125,2.244965e-08
20.0,0.0,203.3807578125,2.235975e-08
20.0,0.0,203.3805078125,2.201785e-08
20.0,0.0,203.3802578125,2.16707e-08
20.0,0.0,203.3800078125,2.127205e-08
20.0,0.0,203.3797578125,2.08717e-08
20.0,0.0,203.3795078125,2.0719000000000002e-08
20.0,0.0,203.3792578125,2.025605e-08
20.0,0.0,203.3790078125,1.98193e-08
20.0,0.0,203.3787578125,1.9322050000000002e-08
20.0,0.0,203.3785078125,1.858095e-08
20.0,0.0,203.3782578125,1.818095e-08
20.0,0.0,203.3780078125,1.771865e-08
20.0,0.0,203.3777578125,1.69465e-08
20.0,0.0,203.3775078125,1.61513e-08
20.0,0.0,203.3772578125,1.57324e-08
20.0,0.0,203.3770078125,1.5050800000000003e-08
20.0,0.0,203.3767578125,1.453805e-08
20.0,0.0,203.3765078125,1.35396e-08
20.0,0.0,203.3762578125,1.29371e-08
20.0,0.0,203.3760078125,1.2225900000000001e-08
20.0,0.0,203.3757578125,1.140575e-08
20.0,0.0,203.3755078125,1.0413e-08
20.0,0.0,203.3752578125,1.001449e-08
20.0,0.0,203.3750078125,9.152469999999999e-09
20.0,0.0,203.3747578125,8.536975000000001e-09
20.0,0.0,203.3745078125,7.727959999999999e-09
20.0,0.0,203.3742578125,7.1677049999999995e-09
20.0,0.0,203.3740078125,6.495439999999999e-09
20.0,0.0,203.3737578125,5.755694999999999e-09
20.0,0.0,203.3735078125,4.6708399999999996e-09
20.0,0.0,203.3732578125,4.1617899999999995e-09
25.0,0.0,203.7662578125,-5.774985000000001e-10
25.0,0.0,203.7660078125,-6.67581e-10
25.0,0.0,203.7657578125,-5.37189e-10
25.0,0.0,203.7655078125,-5.801584999999998e-10
25.0,0.0,203.7652578125,-5.851325e-10
25.0,0.0,203.7650078125,-4.8447e-10
25.0,0.0,203.7647578125,-4.57799e-10
25.0,0.0,203.7645078125,-1.94677e-10
25.0,0.0,203.7642578125,-4.0244e-11
25.0,0.0,203.7640078125,2.3609749999999997e-10
25.0,0.0,203.7637578125,5.58767e-10
25.0,0.0,203.7635078125,9.000409999999999e-10
25.0,0.0,203.7632578125,1.2886049999999998e-09
25.0,0.0,203.7630078125,1.6445549999999998e-09
25.0,0.0,203.7627578125,2.3794449999999997e-09
25.0,0.0,203.7625078125,3.0458199999999997e-09
25.0,0.0,203.7622578125,3.3239749999999996e-09
25.0,0.0,203.7620078125,3.77686e-09
25.0,0.0,203.7617578125,4.3144349999999995e-09
25.0,0.0,203.7615078125,4.93462e-09
25.0,0.0,203.7612578125,5.311045e-09
25.0,0.0,203.7610078125,5.745214999999999e-09
25.0,0.0,203.7607578125,5.6955e-09
25.0,0.0,203.7605078125,5.76009e-09
25.0,0.0,203.7602578125,5.9408150000000015e-09
25.0,0.0,203.7600078125,6.11938e-09
25.0,0.0,203.7597578125,5.9442599999999995e-09
25.0,0.0,203.7595078125,5.73357e-09
25.0,0.0,203.7592578125,5.5146449999999994e-09
25.0,0.0,203.7590078125,5.208853333333332e-09
25.0,0.0,203.7587578125,5.3179099999999995e-09
25.0,0.0,203.7585078125,6.008209999999999e-09
25.0,0.0,203.7582578125,6.56662e-09
25.0,0.0,203.7580078125,6.9768599999999994e-09
25.0,0.0,203.7577578125,7.4489299999999994e-09
25.0,0.0,203.7575078125,7.781109999999999e-09
25.0,0.0,203.7572578125,8.057014999999997e-09
25.0,0.0,203.7570078125,8.349279999999999e-09
25.0,0.0,203.7567578125,8.774179999999999e-09
25.0,0.0,203.7565078125,8.9863e-09
25.0,0.0,203.7562578125,9.144869999999998e-09
25.0,0.0,203.7560078125,9.392164999999999e-09
25.0,0.0,203.7557578125,9.64037e-09
25.0,0.0,203.7555078125,9.896889999999999e-09
25.0,0.0,203.7552578125,1.6289549999999998e-08
25.0,0.0,203.7550078125,1.712485e-08
25.0,0.0,203.7547578125,1.7761e-08
25.0,0.0,203.7545078125,1.850585e-08
25.0,0.0,203.7542578125,1.93007e-08
25.0,0.0,203.7540078125,1.995605e-08
25.0,0.0,203.7537578125,2.0935000000000002e-08
25.0,0.0,203.7535078125,2.1593400000000002e-08
25.0,0.0,203.7532578125,2.20911e-08
25.0,0.0,203.7530078125,2.274795e-08
25.0,0.0,203.7527578125,2.35037e-08
25.0,0.0,203.7525078125,2.405595e-08
25.0,0.0,203.7522578125,2.467035e-08
25.0,0.0,203.7520078125,2.503535e-08
25.0,0.0,203.7517578125,2.56016e-08
25.0,0.0,203.7515078125,2.58767e-08
25.0,0.0,203.7512578125,2.61326e-08
25.0,0.0,203.7510078125,2.64082e-08
25.0,0.0,203.7507578125,2.673095e-08
25.0,0.0,203.7505078125,2.694805e-08
25.0,0.0,203.7502578125,2.710985e-08
25.0,0.0,203.7500078125,2.729455000000001e-08
25.0,0.0,203.7497578125,2.74601e-08
25.0,0.0,203.7495078125,2.7474550000000002e-08
25.0,0.0,203.7492578125,2.7455100000000002e-08
25.0,0.0,203.7490078125,2.757305e-08
25.0,0.0,203.7487578125,2.7626300000000002e-08
25.0,0.0,203.7485078125,2.770315e-08
25.0,0.0,203.7482578125,2.773715e-08
25.0,0.0,203.7480078125,2.778665e-08
25.0,0.0,203.7477578125,2.79143e-08
25.0,0.0,203.7475078125,2.788135e-08
25.0,0.0,203.7472578125,2.7882500000000002e-08
25.0,0.0,203.7470078125,2.810145e-08
25.0,0.0,203.7467578125,2.81833e-08
25.0,0.0,203.7465078125,2.787635e-08
25.0,0.0,203.7462578125,2.789985e-08
25.0,0.0,203.7460078125,2.795545e-08
25.0,0.0,203.7457578125,2.772595e-08
25.0,0.0,203.7455078125,2.7682600000000002e-08
25.0,0.0,203.7452578125,2.7439250000000002e-08
25.0,0.0,203.7450078125,2.724695e-08
25.0,0.0,203.7447578125,2.71926e-08
25.0,0.0,203.7445078125,2.7053e-08
25.0,0.0,203.7442578125,2.701665e-08
25.0,0.0,203.7440078125,2.69544e-08
25.0,0.0,203.7437578125,2.6845e-08
25.0,0.0,203.7435078125,2.67916e-08
25.0,0.0,203.7432578125,2.668595e-08
25.0,0.0,203.7430078125,2.652845e-08
25.0,0.0,203.7427578125,2.63191e-08
25.0,0.0,203.7425078125,2.63562e-08
25.0,0.0,203.7422578125,2.63545e-08
25.0,0.0,203.7420078125,2.6365250000000002e-08
25.0,0.0,203.7417578125,2.632355e-08
25.0,0.0,203.7415078125,2.631715e-08
25.0,0.0,203.7412578125,2.6283e-08
25.0,0.0,203.7410078125,2.6294600000000003e-08
25.0,0.0,203.7407578125,2.62459e-08
25.0,0.0,203.7405078125,2.62316e-08
25.0,0.0,203.7402578125,2.62905e-08
25.0,0.0,203.7400078125,2.63827e-08
25.0,0.0,203.7397578125,2.63306e-08
25.0,0.0,203.7395078125,2.6226133333333328e-08
25.0,0.0,203.7392578125,2.616405e-08
25.0,0.0,203.7390078125,2.62016e-08
25.0,0.0,203.7387578125,2.596965e-08
25.0,0.0,203.7385078125,2.5964400000000002e-08
25.0,0.0,203.7382578125,2.6043e-08
25.0,0.0,203.7380078125,2.59072e-08
25.0,0.0,203.7377578125,2.6002e-08
25.0,0.0,203.7375078125,2.602965e-08
25.0,0.0,203.7372578125,2.60227e-08
25.0,0.0,203.7370078125,2.6186700000000002e-08
25.0,0.0,203.7367578125,2.6089350000000002e-08
25.0,0.0,203.7365078125,2.61343e-08
25.0,0.0,203.7362578125,2.6080050000000002e-08
25.0,0.0,203.7360078125,2.60874e-08
25.0,0.0,203.7357578125,2.59167e-08
25.0,0.0,203.7355078125,2.60137e-08
25.0,0.0,203.7352578125,2.594245e-08
25.0,0.0,203.7350078125,2.595985e-08
25.0,0.0,203.7347578125,2.60636e-08
25.0,0.0,203.7345078125,2.5432300000000002e-08
25.0,0.0,203.7342578125,2.492e-08
25.0,0.0,203.7340078125,2.466915e-08
25.0,0.0,203.7337578125,2.44733e-08
25.0,0.0,203.7335078125,2.43559e-08
25.0,0.0,203.7332578125,2.4271350000000002e-08
25.0,0.0,203.7330078125,2.4338e-08
25.0,0.0,203.7327578125,2.433485e-08
25.0,0.0,203.7325078125,2.456895e-08
25.0,0.0,203.7322578125,2.460415e-08
25.0,0.0,203.7320078125,2.469205e-08
25.0,0.0,203.7317578125,2.48855e-08
25.0,0.0,203.7315078125,2.510485e-08
25.0,0.0,203.7312578125,2.5366150000000002e-08
25.0,0.0,203.7310078125,2.54821e-08
25.0,0.0,203.7307578125,2.5498150000000006e-08
25.0,0.0,203.7305078125,2.5487966666666673e-08
25.0,0.0,203.7302578125,2.54793e-08
25.0,0.0,203.7300078125,2.556175e-08
25.0,0.0,203.7297578125,2.5543050000000002e-08
25.0,0.0,203.7295078125,2.55669e-08
25.0,0.0,203.7292578125,2.553925e-08
25.0,0.0,203.7290078125,2.5431e-08
25.0,0.0,203.7287578125,2.549505e-08
25.0,0.0,203.7285078125,2.5545250000000002e-08
25.0,0.0,203.7282578125,2.55612e-08
25.0,0.0,203.7280078125,2.57203e-08
25.0,0.0,203.7277578125,2.55937e-08
25.0,0.0,203.7275078125,2.554285e-08
25.0,0.0,203.7272578125,2.5497e-08
25.0,0.0,203.7270078125,2.56738e-08
25.0,0.0,203.7267578125,2.5544e-08
25.0,0.0,203.7265078125,2.55102e-08
25.0,0.0,203.7262578125,2.552245e-08
25.0,0.0,203.7260078125,2.5440800000000002e-08
25.0,0.0,203.7257578125,2.53898e-08
25.0,0.0,203.7255078125,2.5323633333333333e-08
25.0,0.0,203.7252578125,2.51914e-08
25.0,0.0,203.7250078125,2.51789e-08
25.0,0.0,203.7247578125,2.522485e-08
25.0,0.0,203.7245078125,2.50912e-08
25.0,0.0,203.7242578125,2.507995e-08
25.0,0.0,203.7240078125,2.51937e-08
25.0,0.0,203.7237578125,2.51957e-08
25.0,0.0,203.7235078125,2.526325e-08
25.0,0.0,203.7232578125,2.524385e-08
25.0,0.0,203.7230078125,2.524605e-08
25.0,0.0,203.7227578125,2.51581e-08
25.0,0.0,203.7225078125,2.51646e-08
25.0,0.0,203.7222578125,2.508705e-08
25.0,0.0,203.7220078125,2.50631e-08
25.0,0.0,203.7217578125,2.504885e-08
25.0,0.0,203.7215078125,2.499015e-08
25.0,0.0,203.7212578125,2.502425e-08
25.0,0.0,203.7210078125,2.49498e-08
25.0,0.0,203.7207578125,2.508185e-08
25.0,0.0,203.7205078125,2.5082600000000002e-08
25.0,0.0,203.7202578125,2.514185e-08
25.0,0.0,203.7200078125,2.52895e-08
25.0,0.0,203.7197578125,2.538875e-08
25.0,0.0,203.7195078125,2.53401e-08
25.0,0.0,203.7192578125,2.559625e-08
25.0,0.0,203.7190078125,2.563915e-08
25.0,0.0,203.7187578125,2.568235e-08
25.0,0.0,203.7185078125,2.572935e-08
25.0,0.0,203.7182578125,2.5736100000000002e-08
25.0,0.0,203.7180078125,2.55957e-08
25.0,0.0,203.7177578125,2.568295e-08
25.0,0.0,203.7175078125,2.569715e-08
25.0,0.0,203.7172578125,2.56667e-08
25.0,0.0,203.7170078125,2.56312e-08
25.0,0.0,203.7167578125,2.55484e-08
25.0,0.0,203.7165078125,2.554335e-08
25.0,0.0,203.7162578125,2.54931e-08
25.0,0.0,203.7160078125,2.555295e-08
25.0,0.0,203.7157578125,2.56165e-08
25.0,0.0,203.7155078125,2.5468950000000002e-08
25.0,0.0,203.7152578125,2.5513e-08
25.0,0.0,203.7150078125,2.5573300000000003e-08
25.0,0.0,203.7147578125,2.550025e-08
25.0,0.0,203.7145078125,2.5539500000000002e-08
25.0,0.0,203.7142578125,2.5557550000000002e-08
25.0,0.0,203.7140078125,2.56034e-08
25.0,0.0,203.7137578125,2.55788e-08
25.0,0.0,203.7135078125,2.5567650000000002e-08
25.0,0.0,203.7132578125,2.5602100000000002e-08
25.0,0.0,203.7130078125,2.5509950000000002e-08
25.0,0.0,203.7127578125,2.55738e-08
25.0,0.0,203.7125078125,2.568045e-08
25.0,0.0,203.7122578125,2.569065e-08
25.0,0.0,203.7120078125,2.562175e-08
25.0,0.0,203.7117578125,2.5526650000000002e-08
25.0,0.0,203.7115078125,2.5558e-08
25.0,0.0,203.7112578125,2.5619900000000002e-08
25.0,0.0,203.7110078125,2.56696e-08
25.0,0.0,203.7107578125,2.57586e-08
25.0,0.0,203.7105078125,2.56941e-08
25.0,0.0,203.7102578125,2.5780650000000002e-08
25.0,0.0,203.7100078125,2.580235e-08
25.0,0.0,203.7097578125,2.579065e-08
25.0,0.0,203.7095078125,2.5839700000000002e-08
25.0,0.0,203.7092578125,2.59456e-08
25.0,0.0,203.7090078125,2.593895e-08
25.0,0.0,203.7087578125,2.5957000000000002e-08
25.0,0.0,203.7085078125,2.601765e-08
25.0,0.0,203.7082578125,2.59725e-08
25.0,0.0,203.7080078125,2.59749e-08
25.0,0.0,203.7077578125,2.59326e-08
25.0,0.0,203.7075078125,2.5909233333333328e-08
25.0,0.0,203.7072578125,2.58327e-08
25.0,0.0,203.7070078125,2.587105e-08
25.0,0.0,203.7067578125,2.57828e-08
25.0,0.0,203.7065078125,2.5895e-08
25.0,0.0,203.7062578125,2.60459e-08
25.0,0.0,203.7060078125,2.59866e-08
25.0,0.0,203.7057578125,2.5948000000000002e-08
25.0,0.0,203.7055078125,2.5911350000000002e-08
25.0,0.0,203.7052578125,2.60505e-08
25.0,0.0,203.7050078125,2.59309e-08
25.0,0.0,203.7047578125,2.5997200000000002e-08
25.0,0.0,203.7045078125,2.584125e-08
25.0,0.0,203.7042578125,2.60416e-08
25.0,0.0,203.7040078125,2.587895e-08
25.0,0.0,203.7037578125,2.574065e-08
25.0,0.0,203.7035078125,2.57855e-08
25.0,0.0,203.7032578125,2.570015e-08
25.0,0.0,203.7030078125,2.567405e-08
25.0,0.0,203.7027578125,2.56705e-08
25.0,0.0,203.7025078125,2.579605e-08
25.0,0.0,203.7022578125,2.56638e-08
25.0,0.0,203.7020078125,2.581845e-08
25.0,0.0,203.7017578125,2.56003e-08
25.0,0.0,203.7015078125,2.56534e-08
25.0,0.0,203.7012578125,2.556185e-08
25.0,0.0,203.7010078125,2.54425e-08
25.0,0.0,203.7007578125,2.5414250000000002e-08
25.0,0.0,203.7005078125,2.53755e-08
25.0,0.0,203.7002578125,2.5237850000000006e-08
25.0,0.0,203.7000078125,2.51525e-08
25.0,0.0,203.6997578125,2.470805e-08
25.0,0.0,203.6995078125,2.462245e-08
25.0,0.0,203.6992578125,2.4604e-08
25.0,0.0,203.6990078125,2.4630900000000002e-08
25.0,0.0,203.6987578125,2.4656050000000002e-08
25.0,0.0,203.6985078125,2.460505e-08
25.0,0.0,203.6982578125,2.458505e-08
25.0,0.0,203.6980078125,2.46118e-08
25.0,0.0,203.6977578125,2.4690250000000002e-08
25.0,0.0,203.6975078125,2.45935e-08
25.0,0.0,203.6972578125,2.46866e-08
25.0,0.0,203.6970078125,2.471755e-08
25.0,0.0,203.6967578125,2.46207e-08
25.0,0.0,203.6965078125,2.478635e-08
25.0,0.0,203.6962578125,2.477375e-08
25.0,0.0,203.6960078125,2.4793600000000002e-08
25.0,0.0,203.6957578125,2.478445e-08
25.0,0.0,203.6955078125,2.48277e-08
25.0,0.0,203.6952578125,2.489105e-08
25.0,0.0,203.6950078125,2.4892850000000002e-08
25.0,0.0,203.6947578125,2.48192e-08
25.0,0.0,203.6945078125,2.48921e-08
25.0,0.0,203.6942578125,2.4919e-08
25.0,0.0,203.6940078125,2.49379e-08
25.0,0.0,203.6937578125,2.49317e-08
25.0,0.0,203.6935078125,2.48436e-08
25.0,0.0,203.6932578125,2.48185e-08
25.0,0.0,203.6930078125,2.491345e-08
25.0,0.0,203.6927578125,2.49555e-08
25.0,0.0,203.6925078125,2.48373e-08
25.0,0.0,203.6922578125,2.49578e-08
25.0,0.0,203.6920078125,2.49912e-08
25.0,0.0,203.6917578125,2.51304e-08
25.0,0.0,203.6915078125,2.51587e-08
25.0,0.0,203.6912578125,2.5097650000000002e-08
25.0,0.0,203.6910078125,2.520995e-08
25.0,0.0,203.6907578125,2.5344550000000002e-08
25.0,0.0,203.6905078125,2.5354400000000002e-08
25.0,0.0,203.6902578125,2.537035e-08
25.0,0.0,203.6900078125,2.535395e-08
25.0,0.0,203.6897578125,2.546695e-08
25.0,0.0,203.6895078125,2.54101e-08
25.0,0.0,203.6892578125,2.5490550000000002e-08
25.0,0.0,203.6890078125,2.55123e-08
25.0,0.0,203.6887578125,2.555115e-08
25.0,0.0,203.6885078125,2.55441e-08
25.0,0.0,203.6882578125,2.55866e-08
25.0,0.0,203.6880078125,2.56372e-08
25.0,0.0,203.6877578125,2.57315e-08
25.0,0.0,203.6875078125,2.5757150000000002e-08
25.0,0.0,203.6872578125,2.574275e-08
25.0,0.0,203.6870078125,2.573e-08
25.0,0.0,203.6867578125,2.5822e-08
25.0,0.0,203.6865078125,2.58179e-08
25.0,0.0,203.6862578125,2.5840800000000002e-08
25.0,0.0,203.6860078125,2.583705e-08
25.0,0.0,203.6857578125,2.57699e-08
25.0,0.0,203.6855078125,2.59454e-08
25.0,0.0,203.6852578125,2.5881000000000002e-08
25.0,0.0,203.6850078125,2.578925e-08
25.0,0.0,203.6847578125,2.5835e-08
25.0,0.0,203.6845078125,2.58502e-08
25.0,0.0,203.6842578125,2.589745e-08
25.0,0.0,203.6840078125,2.58906e-08
25.0,0.0,203.6837578125,2.5897950000000002e-08
25.0,0.0,203.6835078125,2.59109e-08
25.0,0.0,203.6832578125,2.59413e-08
25.0,0.0,203.6830078125,2.599225e-08
25.0,0.0,203.6827578125,2.60999e-08
25.0,0.0,203.6825078125,2.58886e-08
25.0,0.0,203.6822578125,2.60814e-08
25.0,0.0,203.6820078125,2.598625e-08
25.0,0.0,203.6817578125,2.597465e-08
25.0,0.0,203.6815078125,2.6042600000000002e-08
25.0,0.0,203.6812578125,2.602925e-08
25.0,0.0,203.6810078125,2.6045e-08
25.0,0.0,203.6807578125,2.605575e-08
25.0,0.0,203.6805078125,2.59755e-08
25.0,0.0,203.6802578125,2.59628e-08
25.0,0.0,203.6800078125,2.594865e-08
25.0,0.0,203.6797578125,2.60398e-08
25.0,0.0,203.6795078125,2.60132e-08
25.0,0.0,203.6792578125,2.60021e-08
25.0,0.0,203.6790078125,2.59527e-08
25.0,0.0,203.6787578125,2.604655e-08
25.0,0.0,203.6785078125,2.60649e-08
25.0,0.0,203.6782578125,2.59636e-08
25.0,0.0,203.6780078125,2.6012250000000002e-08
25.0,0.0,203.6777578125,2.59535e-08
25.0,0.0,203.6775078125,2.59466e-08
25.0,0.0,203.6772578125,2.60674e-08
25.0,0.0,203.6770078125,2.59793e-08
25.0,0.0,203.6767578125,2.6032200000000002e-08
25.0,0.0,203.6765078125,2.59673e-08
25.0,0.0,203.6762578125,2.59738e-08
25.0,0.0,203.6760078125,2.5943833333333333e-08
25.0,0.0,203.6757578125,2.58358e-08
25.0,0.0,203.6755078125,2.5893600000000002e-08
25.0,0.0,203.6752578125,2.58484e-08
25.0,0.0,203.6750078125,2.5895e-08
25.0,0.0,203.6747578125,2.58825e-08
25.0,0.0,203.6745078125,2.600175e-08
25.0,0.0,203.6742578125,2.6001e-08
25.0,0.0,203.6740078125,2.605095e-08
25.0,0.0,203.6737578125,2.595355e-08
25.0,0.0,203.6735078125,2.5963300000000002e-08
25.0,0.0,203.6732578125,2.59361e-08
25.0,0.0,203.6730078125,2.595615e-08
25.0,0.0,203.6727578125,2.5841900000000002e-08
25.0,0.0,203.6725078125,2.5875250000000002e-08
25.0,0.0,203.6722578125,2.587515e-08
25.0,0.0,203.6720078125,2.5903e-08
25.0,0.0,203.6717578125,2.596775e-08
25.0,0.0,203.6715078125,2.590235e-08
25.0,0.0,203.6712578125,2.589815e-08
25.0,0.0,203.6710078125,2.595705e-08
25.0,0.0,203.6707578125,2.5977e-08
25.0,0.0,203.6705078125,2.601945e-08
25.0,0.0,203.6702578125,2.59288e-08
25.0,0.0,203.6700078125,2.59334e-08
25.0,0.0,203.6697578125,2.5905600000000002e-08
25.0,0.0,203.6695078125,2.58206e-08
25.0,0.0,203.6692578125,2.5908350000000002e-08
25.0,0.0,203.6690078125,2.58538e-08
25.0,0.0,203.6687578125,2.5622900000000002e-08
25.0,0.0,203.6685078125,2.562605e-08
25.0,0.0,203.6682578125,2.56781e-08
25.0,0.0,203.6680078125,2.567735e-08
25.0,0.0,203.6677578125,2.56597e-08
25.0,0.0,203.6675078125,2.56459e-08
25.0,0.0,203.6672578125,2.56294e-08
25.0,0.0,203.6670078125,2.5552900000000002e-08
25.0,0.0,203.6667578125,2.5528500000000006e-08
25.0,0.0,203.6665078125,2.5554200000000006e-08
25.0,0.0,203.6662578125,2.554695e-08
25.0,0.0,203.6660078125,2.55099e-08
25.0,0.0,203.6657578125,2.55978e-08
25.0,0.0,203.6655078125,2.54257e-08
25.0,0.0,203.6652578125,2.56664e-08
25.0,0.0,203.6650078125,2.542935e-08
25.0,0.0,203.6647578125,2.546955e-08
25.0,0.0,203.6645078125,2.54527e-08
25.0,0.0,203.6642578125,2.5342e-08
25.0,0.0,203.6640078125,2.5345650000000002e-08
25.0,0.0,203.6637578125,2.52529e-08
25.0,0.0,203.6635078125,2.538325e-08
25.0,0.0,203.6632578125,2.52724e-08
25.0,0.0,203.6630078125,2.520095e-08
25.0,0.0,203.6627578125,2.5249650000000002e-08
25.0,0.0,203.6625078125,2.534075e-08
25.0,0.0,203.6622578125,2.52946e-08
25.0,0.0,203.6620078125,2.5274000000000002e-08
25.0,0.0,203.6617578125,2.52613e-08
25.0,0.0,203.6615078125,2.52305e-08
25.0,0.0,203.6612578125,2.515655e-08
25.0,0.0,203.6610078125,2.51964e-08
25.0,0.0,203.6607578125,2.5285e-08
25.0,0.0,203.6605078125,2.5270566666666667e-08
25.0,0.0,203.6602578125,2.53266e-08
25.0,0.0,203.6600078125,2.528005e-08
25.0,0.0,203.6597578125,2.52508e-08
25.0,0.0,203.6595078125,2.5159450000000002e-08
25.0,0.0,203.6592578125,2.517125e-08
25.0,0.0,203.6590078125,2.51317e-08
25.0,0.0,203.6587578125,2.52009e-08
25.0,0.0,203.6585078125,2.517055e-08
25.0,0.0,203.6582578125,2.5123550000000006e-08
25.0,0.0,203.6580078125,2.517205e-08
25.0,0.0,203.6577578125,2.520405e-08
25.0,0.0,203.6575078125,2.51705e-08
25.0,0.0,203.6572578125,2.5080950000000002e-08
25.0,0.0,203.6570078125,2.49507e-08
25.0,0.0,203.6567578125,2.503975e-08
25.0,0.0,203.6565078125,2.49159e-08
25.0,0.0,203.6562578125,2.4913e-08
25.0,0.0,203.6560078125,2.484245e-08
25.0,0.0,203.6557578125,2.478e-08
25.0,0.0,203.6555078125,2.457535e-08
25.0,0.0,203.6552578125,2.469935e-08
25.0,0.0,203.6550078125,2.46204e-08
25.0,0.0,203.6547578125,2.47274e-08
25.0,0.0,203.6545078125,2.454755e-08
25.0,0.0,203.6542578125,2.45976e-08
25.0,0.0,203.6540078125,2.4725500000000002e-08
25.0,0.0,203.6537578125,2.462785e-08
25.0,0.0,203.6535078125,2.464695e-08
25.0,0.0,203.6532578125,2.4561450000000002e-08
25.0,0.0,203.6530078125,2.4512500000000002e-08
25.0,0.0,203.6527578125,2.43625e-08
25.0,0.0,203.6525078125,2.433735e-08
25.0,0.0,203.6522578125,2.43637e-08
25.0,0.0,203.6520078125,2.43789e-08
25.0,0.0,203.6517578125,2.43647e-08
25.0,0.0,203.6515078125,2.42488e-08
25.0,0.0,203.6512578125,2.4211750000000002e-08
25.0,0.0,203.6510078125,2.43269e-08
25.0,0.0,203.6507578125,2.437545000000001e-08
25.0,0.0,203.6505078125,2.431095e-08
25.0,0.0,203.6502578125,2.44604e-08
25.0,0.0,203.6500078125,2.45396e-08
25.0,0.0,203.6497578125,2.4551050000000002e-08
25.0,0.0,203.6495078125,2.45476e-08
25.0,0.0,203.6492578125,2.462385e-08
25.0,0.0,203.6490078125,2.465325e-08
25.0,0.0,203.6487578125,2.4794700000000002e-08
25.0,0.0,203.6485078125,2.454125e-08
25.0,0.0,203.6482578125,2.460015e-08
25.0,0.0,203.6480078125,2.43855e-08
25.0,0.0,203.6477578125,2.44855e-08
25.0,0.0,203.6475078125,2.445305e-08
25.0,0.0,203.6472578125,2.459505e-08
25.0,0.0,203.6470078125,2.45935e-08
25.0,0.0,203.6467578125,2.46489e-08
25.0,0.0,203.6465078125,2.458555e-08
25.0,0.0,203.6462578125,2.462385e-08
25.0,0.0,203.6460078125,2.46064e-08
25.0,0.0,203.6457578125,2.466455e-08
25.0,0.0,203.6455078125,2.46754e-08
25.0,0.0,203.6452578125,2.477485e-08
25.0,0.0,203.6450078125,2.47833e-08
25.0,0.0,203.6447578125,2.48996e-08
25.0,0.0,203.6445078125,2.499765e-08
25.0,0.0,203.6442578125,2.4855e-08
25.0,0.0,203.6440078125,2.50064e-08
25.0,0.0,203.6437578125,2.5076050000000002e-08
25.0,0.0,203.6435078125,2.49691e-08
25.0,0.0,203.6432578125,2.505475e-08
25.0,0.0,203.6430078125,2.50422e-08
25.0,0.0,203.6427578125,2.50484e-08
25.0,0.0,203.6425078125,2.5077e-08
25.0,0.0,203.6422578125,2.5162e-08
25.0,0.0,203.6420078125,2.516705e-08
25.0,0.0,203.6417578125,2.521185e-08
25.0,0.0,203.6415078125,2.529935e-08
25.0,0.0,203.6412578125,2.53116e-08
25.0,0.0,203.6410078125,2.52495e-08
25.0,0.0,203.6407578125,2.52938e-08
25.0,0.0,203.6405078125,2.536345e-08
25.0,0.0,203.6402578125,2.53588e-08
25.0,0.0,203.6400078125,2.54423e-08
25.0,0.0,203.6397578125,2.5460200000000002e-08
25.0,0.0,203.6395078125,2.5528300000000002e-08
25.0,0.0,203.6392578125,2.56204e-08
25.0,0.0,203.6390078125,2.557625e-08
25.0,0.0,203.6387578125,2.575375e-08
25.0,0.0,203.6385078125,2.5766e-08
25.0,0.0,203.6382578125,2.60155e-08
25.0,0.0,203.6380078125,2.61083e-08
25.0,0.0,203.6377578125,2.611605e-08
25.0,0.0,203.6375078125,2.603115e-08
25.0,0.0,203.6372578125,2.61185e-08
25.0,0.0,203.6370078125,2.60423e-08
25.0,0.0,203.6367578125,2.5998e-08
25.0,0.0,203.6365078125,2.59224e-08
25.0,0.0,203.6362578125,2.57817e-08
25.0,0.0,203.6360078125,2.571275e-08
25.0,0.0,203.6357578125,2.53113e-08
25.0,0.0,203.6355078125,2.493745e-08
25.0,0.0,203.6352578125,2.45339e-08
25.0,0.0,203.6350078125,2.388455e-08
25.0,0.0,203.6347578125,2.36075e-08
25.0,0.0,203.6345078125,2.339915e-08
25.0,0.0,203.6342578125,2.32286e-08
25.0,0.0,203.6340078125,2.3148e-08
25.0,0.0,203.6337578125,2.32917e-08
25.0,0.0,203.6335078125,2.33984e-08
25.0,0.0,203.6332578125,2.33743e-08
25.0,0.0,203.6330078125,2.35382e-08
25.0,0.0,203.6327578125,2.36992e-08
25.0,0.0,203.6325078125,2.375845e-08
25.0,0.0,203.6322578125,2.3659e-08
25.0,0.0,203.6320078125,2.366315e-08
25.0,0.0,203.6317578125,2.337865e-08
25.0,0.0,203.6315078125,2.342985e-08
25.0,0.0,203.6312578125,2.35985e-08
25.0,0.0,203.6310078125,2.369545e-08
25.0,0.0,203.6307578125,2.372005e-08
25.0,0.0,203.6305078125,2.373545e-08
25.0,0.0,203.6302578125,2.39155e-08
25.0,0.0,203.6300078125,2.392005e-08
25.0,0.0,203.6297578125,2.407935e-08
25.0,0.0,203.6295078125,2.4059e-08
25.0,0.0,203.6292578125,2.43889e-08
25.0,0.0,203.6290078125,2.4510400000000004e-08
25.0,0.0,203.6287578125,2.479505e-08
25.0,0.0,203.6285078125,2.49969e-08
25.0,0.0,203.6282578125,2.52613e-08
25.0,0.0,203.6280078125,2.55141e-08
25.0,0.0,203.6277578125,2.56565e-08
25.0,0.0,203.6275078125,2.5881550000000002e-08
25.0,0.0,203.6272578125,2.61478e-08
25.0,0.0,203.6270078125,2.61136e-08
25.0,0.0,203.6267578125,2.610015e-08
25.0,0.0,203.6265078125,2.6219e-08
25.0,0.0,203.6262578125,2.6241e-08
25.0,0.0,203.6260078125,2.641695e-08
25.0,0.0,203.6257578125,2.64281e-08
25.0,0.0,203.6255078125,2.65939e-08
25.0,0.0,203.6252578125,2.6702100000000002e-08
25.0,0.0,203.6250078125,2.682375e-08
25.0,0.0,203.6247578125,2.70854e-08
25.0,0.0,203.6245078125,2.72168e-08
25.0,0.0,203.6242578125,2.739995e-08
25.0,0.0,203.6240078125,2.7518550000000002e-08
25.0,0.0,203.6237578125,2.75981e-08
25.0,0.0,203.6235078125,2.77456e-08
25.0,0.0,203.6232578125,2.791915e-08
25.0,0.0,203.6230078125,2.798195e-08
25.0,0.0,203.6227578125,2.8053050000000006e-08
25.0,0.0,203.6225078125,2.81262e-08
25.0,0.0,203.6222578125,2.8091100000000002e-08
25.0,0.0,203.6220078125,2.81008e-08
25.0,0.0,203.6217578125,2.82252e-08
25.0,0.0,203.6215078125,2.81544e-08
25.0,0.0,203.6212578125,2.81574e-08
25.0,0.0,203.6210078125,2.81259e-08
25.0,0.0,203.6207578125,2.81963e-08
25.0,0.0,203.6205078125,2.83352e-08
25.0,0.0,203.6202578125,2.823825e-08
25.0,0.0,203.6200078125,2.8202833333333333e-08
25.0,0.0,203.6197578125,2.817785e-08
25.0,0.0,203.6195078125,2.82964e-08
25.0,0.0,203.6192578125,2.8341850000000002e-08
25.0,0.0,203.6190078125,2.84526e-08
25.0,0.0,203.6187578125,2.87612e-08
25.0,0.0,203.6185078125,2.89787e-08
25.0,0.0,203.6182578125,2.9092e-08
25.0,0.0,203.6180078125,2.93235e-08
25.0,0.0,203.6177578125,2.940965e-08
25.0,0.0,203.6175078125,2.9712800000000002e-08
25.0,0.0,203.6172578125,3.00633e-08
25.0,0.0,203.6170078125,3.019575e-08
25.0,0.0,203.6167578125,3.03738e-08
25.0,0.0,203.6165078125,3.06524e-08
25.0,0.0,203.6162578125,3.080005e-08
25.0,0.0,203.6160078125,3.1020349999999995e-08
25.0,0.0,203.6157578125,3.111995e-08
25.0,0.0,203.6155078125,3.1279950000000003e-08
25.0,0.0,203.6152578125,3.13119e-08
25.0,0.0,203.6150078125,3.116153333333333e-08
25.0,0.0,203.6147578125,3.11666e-08
25.0,0.0,203.6145078125,3.11797e-08
25.0,0.0,203.6142578125,3.1270249999999995e-08
25.0,0.0,203.6140078125,3.127635e-08
25.0,0.0,203.6137578125,3.116155e-08
25.0,0.0,203.6135078125,3.11496e-08
25.0,0.0,203.6132578125,3.1036300000000004e-08
25.0,0.0,203.6130078125,3.11143e-08
25.0,0.0,203.6127578125,3.12187e-08
25.0,0.0,203.6125078125,3.155645e-08
25.0,0.0,203.6122578125,3.16174e-08
25.0,0.0,203.6120078125,3.174485e-08
25.0,0.0,203.6117578125,3.20155e-08
25.0,0.0,203.6115078125,3.20827e-08
25.0,0.0,203.6112578125,3.23544e-08
25.0,0.0,203.6110078125,3.24025e-08
25.0,0.0,203.6107578125,3.25284e-08
25.0,0.0,203.6105078125,3.277025e-08
25.0,0.0,203.6102578125,3.294525e-08
25.0,0.0,203.6100078125,3.29405e-08
25.0,0.0,203.6097578125,3.306625e-08
25.0,0.0,203.6095078125,3.32366e-08
25.0,0.0,203.6092578125,3.3201e-08
25.0,0.0,203.6090078125,3.33871e-08
25.0,0.0,203.6087578125,3.326795e-08
25.0,0.0,203.6085078125,3.34653e-08
25.0,0.0,203.6082578125,3.3544399999999994e-08
25.0,0.0,203.6080078125,3.361165e-08
25.0,0.0,203.6077578125,3.37706e-08
25.0,0.0,203.6075078125,3.37787e-08
25.0,0.0,203.6072578125,3.3830200000000003e-08
25.0,0.0,203.6070078125,3.38615e-08
25.0,0.0,203.6067578125,3.39487e-08
25.0,0.0,203.6065078125,3.3947700000000004e-08
25.0,0.0,203.6062578125,3.39449e-08
25.0,0.0,203.6060078125,3.408546666666667e-08
25.0,0.0,203.6057578125,3.40382e-08
25.0,0.0,203.6055078125,3.413675e-08
25.0,0.0,203.6052578125,3.422575e-08
25.0,0.0,203.6050078125,3.4250000000000006e-08
25.0,0.0,203.6047578125,3.4332e-08
25.0,0.0,203.6045078125,3.41662e-08
25.0,0.0,203.6042578125,3.4272000000000004e-08
25.0,0.0,203.6040078125,3.43518e-08
25.0,0.0,203.6037578125,3.425455e-08
25.0,0.0,203.6035078125,3.421515e-08
25.0,0.0,203.6032578125,3.410405e-08
25.0,0.0,203.6030078125,3.41416e-08
25.0,0.0,203.6027578125,3.40261e-08
25.0,0.0,203.6025078125,3.397765e-08
25.0,0.0,203.6022578125,3.3957449999999995e-08
25.0,0.0,203.6020078125,3.3961699999999994e-08
25.0,0.0,203.6017578125,3.391535e-08
25.0,0.0,203.6015078125,3.382e-08
25.0,0.0,203.6012578125,3.3871950000000004e-08
25.0,0.0,203.6010078125,3.387685e-08
25.0,0.0,203.6007578125,3.37351e-08
25.0,0.0,203.6005078125,3.38075e-08
25.0,0.0,203.6002578125,3.36946e-08
25.0,0.0,203.6000078125,3.3654850000000004e-08
25.0,0.0,203.5997578125,3.3302650000000005e-08
25.0,0.0,203.5995078125,3.318035e-08
25.0,0.0,203.5992578125,3.312345e-08
25.0,0.0,203.5990078125,3.307285e-08
25.0,0.0,203.5987578125,3.29948e-08
25.0,0.0,203.5985078125,3.2961e-08
25.0,0.0,203.5982578125,3.29595e-08
25.0,0.0,203.5980078125,3.28676e-08
25.0,0.0,203.5977578125,3.29545e-08
25.0,0.0,203.5975078125,3.293805e-08
25.0,0.0,203.5972578125,3.29725e-08
25.0,0.0,203.5970078125,3.28449e-08
25.0,0.0,203.5967578125,3.29386e-08
25.0,0.0,203.5965078125,3.300955e-08
25.0,0.0,203.5962578125,3.29964e-08
25.0,0.0,203.5960078125,3.289075e-08
25.0,0.0,203.5957578125,3.27307e-08
25.0,0.0,203.5955078125,3.269995e-08
25.0,0.0,203.5952578125,3.2559300000000004e-08
25.0,0.0,203.5950078125,3.2495249999999994e-08
25.0,0.0,203.5947578125,3.24079e-08
25.0,0.0,203.5945078125,3.230095e-08
25.0,0.0,203.5942578125,3.23363e-08
25.0,0.0,203.5940078125,3.233945e-08
25.0,0.0,203.5937578125,3.22961e-08
25.0,0.0,203.5935078125,3.24049e-08
25.0,0.0,203.5932578125,3.23836e-08
25.0,0.0,203.5930078125,3.217435e-08
25.0,0.0,203.5927578125,3.216315e-08
25.0,0.0,203.5925078125,3.201925e-08
25.0,0.0,203.5922578125,3.19584e-08
25.0,0.0,203.5920078125,3.1817450000000004e-08
25.0,0.0,203.5917578125,3.16832e-08
25.0,0.0,203.5915078125,3.158655e-08
25.0,0.0,203.5912578125,3.16141e-08
25.0,0.0,203.5910078125,3.142655e-08
25.0,0.0,203.5907578125,3.135065e-08
25.0,0.0,203.5905078125,3.1215700000000003e-08
25.0,0.0,203.5902578125,3.1309450000000004e-08
25.0,0.0,203.5900078125,3.117005e-08
25.0,0.0,203.5897578125,3.11615e-08
25.0,0.0,203.5895078125,3.118605e-08
25.0,0.0,203.5892578125,3.12914e-08
25.0,0.0,203.5890078125,3.12049e-08
25.0,0.0,203.5887578125,3.11598e-08
25.0,0.0,203.5885078125,3.107686666666666e-08
25.0,0.0,203.5882578125,3.091645e-08
25.0,0.0,203.5880078125,3.1059300000000003e-08
25.0,0.0,203.5877578125,3.077365e-08
25.0,0.0,203.5875078125,3.07562e-08
25.0,0.0,203.5872578125,3.05271e-08
25.0,0.0,203.5870078125,3.034025e-08
25.0,0.0,203.5867578125,3.03944e-08
25.0,0.0,203.5865078125,3.04629e-08
25.0,0.0,203.5862578125,3.049275e-08
25.0,0.0,203.5860078125,3.04273e-08
25.0,0.0,203.5857578125,3.053285e-08
25.0,0.0,203.5855078125,3.06861e-08
25.0,0.0,203.5852578125,3.06277e-08
25.0,0.0,203.5850078125,3.07627e-08
25.0,0.0,203.5847578125,3.100345e-08
25.0,0.0,203.5845078125,3.098585e-08
25.0,0.0,203.5842578125,3.0940049999999994e-08
25.0,0.0,203.5840078125,3.085315e-08
25.0,0.0,203.5837578125,3.075745e-08
25.0,0.0,203.5835078125,3.07183e-08
25.0,0.0,203.5832578125,3.065745e-08
25.0,0.0,203.5830078125,3.05008e-08
25.0,0.0,203.5827578125,3.051365e-08
25.0,0.0,203.5825078125,3.041445e-08
25.0,0.0,203.5822578125,3.0288100000000005e-08
25.0,0.0,203.5820078125,3.013565e-08
25.0,0.0,203.5817578125,3.00833e-08
25.0,0.0,203.5815078125,3.01095e-08
25.0,0.0,203.5812578125,2.999195e-08
25.0,0.0,203.5810078125,2.98697e-08
25.0,0.0,203.5807578125,2.9905599999999995e-08
25.0,0.0,203.5805078125,2.97867e-08
25.0,0.0,203.5802578125,2.968745e-08
25.0,0.0,203.5800078125,2.97844e-08
25.0,0.0,203.5797578125,2.97842e-08
25.0,0.0,203.5795078125,2.95032e-08
25.0,0.0,203.5792578125,2.93088e-08
25.0,0.0,203.5790078125,2.92163e-08
25.0,0.0,203.5787578125,2.9104e-08
25.0,0.0,203.5785078125,2.8939000000000002e-08
25.0,0.0,203.5782578125,2.879405e-08
25.0,0.0,203.5780078125,2.88327e-08
25.0,0.0,203.5777578125,2.87537e-08
25.0,0.0,203.5775078125,2.85303e-08
25.0,0.0,203.5772578125,2.847095e-08
25.0,0.0,203.5770078125,2.827345e-08
25.0,0.0,203.5767578125,2.81788e-08
25.0,0.0,203.5765078125,2.8057200000000002e-08
25.0,0.0,203.5762578125,2.79633e-08
25.0,0.0,203.5760078125,2.78364e-08
25.0,0.0,203.5757578125,2.78299e-08
25.0,0.0,203.5755078125,2.753435e-08
25.0,0.0,203.5752578125,2.764935e-08
25.0,0.0,203.5750078125,2.76019e-08
25.0,0.0,203.5747578125,2.751795e-08
25.0,0.0,203.5745078125,2.748365e-08
25.0,0.0,203.5742578125,2.73819e-08
25.0,0.0,203.5740078125,2.7418200000000002e-08
25.0,0.0,203.5737578125,2.7312650000000002e-08
25.0,0.0,203.5735078125,2.73403e-08
25.0,0.0,203.5732578125,2.73015e-08
25.0,0.0,203.5730078125,2.71562e-08
25.0,0.0,203.5727578125,2.687605e-08
25.0,0.0,203.5725078125,2.695625e-08
25.0,0.0,203.5722578125,2.686115e-08
25.0,0.0,203.5720078125,2.677685e-08
25.0,0.0,203.5717578125,2.65753e-08
25.0,0.0,203.5715078125,2.66584e-08
25.0,0.0,203.5712578125,2.66483e-08
25.0,0.0,203.5710078125,2.6707e-08
25.0,0.0,203.5707578125,2.650345e-08
25.0,0.0,203.5705078125,2.645405e-08
25.0,0.0,203.5702578125,2.639435e-08
25.0,0.0,203.5700078125,2.6279100000000002e-08
25.0,0.0,203.5697578125,2.61229e-08
25.0,0.0,203.5695078125,2.5996100000000002e-08
25.0,0.0,203.5692578125,2.591885e-08
25.0,0.0,203.5690078125,2.59692e-08
25.0,0.0,203.5687578125,2.576085e-08
25.0,0.0,203.5685078125,2.56511e-08
25.0,0.0,203.5682578125,2.55913e-08
25.0,0.0,203.5680078125,2.55747e-08
25.0,0.0,203.5677578125,2.5709550000000002e-08
25.0,0.0,203.5675078125,2.561225e-08
25.0,0.0,203.5672578125,2.56719e-08
25.0,0.0,203.5670078125,2.557045e-08
25.0,0.0,203.5667578125,2.536975e-08
25.0,0.0,203.5665078125,2.53598e-08
25.0,0.0,203.5662578125,2.537375e-08
25.0,0.0,203.5660078125,2.5336900000000002e-08
25.0,0.0,203.5657578125,2.52832e-08
25.0,0.0,203.5655078125,2.5006300000000002e-08
25.0,0.0,203.5652578125,2.496955e-08
25.0,0.0,203.5650078125,2.480245e-08
25.0,0.0,203.5647578125,2.465815e-08
25.0,0.0,203.5645078125,2.46802e-08
25.0,0.0,203.5642578125,2.46769e-08
25.0,0.0,203.5640078125,2.4633350000000002e-08
25.0,0.0,203.5637578125,2.4558450000000002e-08
25.0,0.0,203.5635078125,2.464085e-08
25.0,0.0,203.5632578125,2.451545e-08
25.0,0.0,203.5630078125,2.447065e-08
25.0,0.0,203.5627578125,2.45365e-08
25.0,0.0,203.5625078125,2.43866e-08
25.0,0.0,203.5622578125,2.4291300000000002e-08
25.0,0.0,203.5620078125,2.429745e-08
25.0,0.0,203.5617578125,2.42026e-08
25.0,0.0,203.5615078125,2.419125e-08
25.0,0.0,203.5612578125,2.397915e-08
25.0,0.0,203.5610078125,2.403005e-08
25.0,0.0,203.5607578125,2.40046e-08
25.0,0.0,203.5605078125,2.382815e-08
25.0,0.0,203.5602578125,2.37372e-08
25.0,0.0,203.5600078125,2.373765e-08
25.0,0.0,203.5597578125,2.3651500000000002e-08
25.0,0.0,203.5595078125,2.365945e-08
25.0,0.0,203.5592578125,2.359755e-08
25.0,0.0,203.5590078125,2.35254e-08
25.0,0.0,203.5587578125,2.348785e-08
25.0,0.0,203.5585078125,2.3389550000000002e-08
25.0,0.0,203.5582578125,2.36161e-08
25.0,0.0,203.5580078125,2.334095e-08
25.0,0.0,203.5577578125,2.34965e-08
25.0,0.0,203.5575078125,2.321625e-08
25.0,0.0,203.5572578125,2.32484e-08
25.0,0.0,203.5570078125,2.3096966666666672e-08
25.0,0.0,203.5567578125,2.31523e-08
25.0,0.0,203.5565078125,2.31187e-08
25.0,0.0,203.5562578125,2.29293e-08
25.0,0.0,203.5560078125,2.29852e-08
25.0,0.0,203.5557578125,2.27701e-08
25.0,0.0,203.5555078125,2.31067e-08
25.0,0.0,203.5552578125,2.30018e-08
25.0,0.0,203.5550078125,2.313815e-08
25.0,0.0,203.5547578125,2.30796e-08
25.0,0.0,203.5545078125,2.299625e-08
25.0,0.0,203.5542578125,2.32147e-08
25.0,0.0,203.5540078125,2.32495e-08
25.0,0.0,203.5537578125,2.326615e-08
25.0,0.0,203.5535078125,2.3271e-08
25.0,0.0,203.5532578125,2.32733e-08
25.0,0.0,203.5530078125,2.339205e-08
25.0,0.0,203.5527578125,2.33666e-08
25.0,0.0,203.5525078125,2.342305e-08
25.0,0.0,203.5522578125,2.33148e-08
25.0,0.0,203.5520078125,2.3404566666666665e-08
25.0,0.0,203.5517578125,2.35171e-08
25.0,0.0,203.5515078125,2.3628e-08
25.0,0.0,203.5512578125,2.36749e-08
25.0,0.0,203.5510078125,2.366605e-08
25.0,0.0,203.5507578125,2.37274e-08
25.0,0.0,203.5505078125,2.37796e-08
25.0,0.0,203.5502578125,2.39361e-08
25.0,0.0,203.5500078125,2.387103333333333e-08
25.0,0.0,203.5497578125,2.39735e-08
25.0,0.0,203.5495078125,2.39484e-08
25.0,0.0,203.5492578125,2.4071750000000002e-08
25.0,0.0,203.5490078125,2.40241e-08
25.0,0.0,203.5487578125,2.401675e-08
25.0,0.0,203.5485078125,2.4255750000000002e-08
25.0,0.0,203.5482578125,2.41351e-08
25.0,0.0,203.5480078125,2.415045e-08
25.0,0.0,203.5477578125,2.39154e-08
25.0,0.0,203.5475078125,2.402455e-08
25.0,0.0,203.5472578125,2.3985350000000002e-08
25.0,0.0,203.5470078125,2.38576e-08
25.0,0.0,203.5467578125,2.386145e-08
25.0,0.0,203.5465078125,2.38829e-08
25.0,0.0,203.5462578125,2.397225e-08
25.0,0.0,203.5460078125,2.38573e-08
25.0,0.0,203.5457578125,2.376115e-08
25.0,0.0,203.5455078125,2.363845e-08
25.0,0.0,203.5452578125,2.37585e-08
25.0,0.0,203.5450078125,2.37457e-08
25.0,0.0,203.5447578125,2.369155e-08
25.0,0.0,203.5445078125,2.35731e-08
25.0,0.0,203.5442578125,2.3629e-08
25.0,0.0,203.5440078125,2.351425e-08
25.0,0.0,203.5437578125,2.351945e-08
25.0,0.0,203.5435078125,2.315965e-08
25.0,0.0,203.5432578125,2.3230400000000002e-08
25.0,0.0,203.5430078125,2.31448e-08
25.0,0.0,203.5427578125,2.31577e-08
25.0,0.0,203.5425078125,2.29889e-08
25.0,0.0,203.5422578125,2.304905e-08
25.0,0.0,203.5420078125,2.28821e-08
25.0,0.0,203.5417578125,2.28855e-08
25.0,0.0,203.5415078125,2.275715e-08
25.0,0.0,203.5412578125,2.27453e-08
25.0,0.0,203.5410078125,2.271363333333333e-08
25.0,0.0,203.5407578125,2.2666e-08
25.0,0.0,203.5405078125,2.26503e-08
25.0,0.0,203.5402578125,2.2590800000000006e-08
25.0,0.0,203.5400078125,2.261955e-08
25.0,0.0,203.5397578125,2.25636e-08
25.0,0.0,203.5395078125,2.2500100000000002e-08
25.0,0.0,203.5392578125,2.237865e-08
25.0,0.0,203.5390078125,2.244775e-08
25.0,0.0,203.5387578125,2.243495e-08
25.0,0.0,203.5385078125,2.217105e-08
25.0,0.0,203.5382578125,2.248045e-08
25.0,0.0,203.5380078125,2.231985e-08
25.0,0.0,203.5377578125,2.234605e-08
25.0,0.0,203.5375078125,2.22835e-08
25.0,0.0,203.5372578125,2.23733e-08
25.0,0.0,203.5370078125,2.23227e-08
25.0,0.0,203.5367578125,2.24141e-08
25.0,0.0,203.5365078125,2.24306e-08
25.0,0.0,203.5362578125,2.2319e-08
25.0,0.0,203.5360078125,2.2457150000000002e-08
25.0,0.0,203.5357578125,2.251605e-08
25.0,0.0,203.5355078125,2.26794e-08
25.0,0.0,203.5352578125,2.25796e-08
25.0,0.0,203.5350078125,2.2536e-08
25.0,0.0,203.5347578125,2.26965e-08
25.0,0.0,203.5345078125,2.24389e-08
25.0,0.0,203.5342578125,2.26818e-08
25.0,0.0,203.5340078125,2.2805500000000002e-08
25.0,0.0,203.5337578125,2.280645e-08
25.0,0.0,203.5335078125,2.28705e-08
25.0,0.0,203.5332578125,2.2956100000000006e-08
25.0,0.0,203.5330078125,2.3224400000000002e-08
25.0,0.0,203.5327578125,2.340475e-08
25.0,0.0,203.5325078125,2.35081e-08
25.0,0.0,203.5322578125,2.35067e-08
25.0,0.0,203.5320078125,2.36134e-08
25.0,0.0,203.5317578125,2.382205e-08
25.0,0.0,203.5315078125,2.380125e-08
25.0,0.0,203.5312578125,2.40989e-08
25.0,0.0,203.5310078125,2.415965e-08
25.0,0.0,203.5307578125,2.417825e-08
25.0,0.0,203.5305078125,2.43224e-08
25.0,0.0,203.5302578125,2.43611e-08
25.0,0.0,203.5300078125,2.423425e-08
25.0,0.0,203.5297578125,2.446965e-08
25.0,0.0,203.5295078125,2.457215e-08
25.0,0.0,203.5292578125,2.4645e-08
25.0,0.0,203.5290078125,2.461515e-08
25.0,0.0,203.5287578125,2.47409e-08
25.0,0.0,203.5285078125,2.4881900000000002e-08
25.0,0.0,203.5282578125,2.482035e-08
25.0,0.0,203.5280078125,2.47987e-08
25.0,0.0,203.5277578125,2.492315e-08
25.0,0.0,203.5275078125,2.51717e-08
25.0,0.0,203.5272578125,2.50099e-08
25.0,0.0,203.5270078125,2.5106650000000002e-08
25.0,0.0,203.5267578125,2.50833e-08
25.0,0.0,203.5265078125,2.511125e-08
25.0,0.0,203.5262578125,2.53046e-08
25.0,0.0,203.5260078125,2.5355e-08
25.0,0.0,203.5257578125,2.53938e-08
25.0,0.0,203.5255078125,2.540565e-08
25.0,0.0,203.5252578125,2.5537e-08
25.0,0.0,203.5250078125,2.534925e-08
25.0,0.0,203.5247578125,2.5558100000000002e-08
25.0,0.0,203.5245078125,2.550605e-08
25.0,0.0,203.5242578125,2.55305e-08
25.0,0.0,203.5240078125,2.56466e-08
25.0,0.0,203.5237578125,2.5823600000000002e-08
25.0,0.0,203.5235078125,2.56973e-08
25.0,0.0,203.5232578125,2.5719400000000002e-08
25.0,0.0,203.5230078125,2.57744e-08
25.0,0.0,203.5227578125,2.57262e-08
25.0,0.0,203.5225078125,2.58842e-08
25.0,0.0,203.5222578125,2.5779300000000002e-08
25.0,0.0,203.5220078125,2.5711466666666672e-08
25.0,0.0,203.5217578125,2.57997e-08
25.0,0.0,203.5215078125,2.587055e-08
25.0,0.0,203.5212578125,2.56667e-08
25.0,0.0,203.5210078125,2.582065e-08
25.0,0.0,203.5207578125,2.5906700000000002e-08
25.0,0.0,203.5205078125,2.583385e-08
25.0,0.0,203.5202578125,2.5884500000000006e-08
25.0,0.0,203.5200078125,2.58312e-08
25.0,0.0,203.5197578125,2.613915e-08
25.0,0.0,203.5195078125,2.614265e-08
25.0,0.0,203.5192578125,2.611705e-08
25.0,0.0,203.5190078125,2.621155e-08
25.0,0.0,203.5187578125,2.60504e-08
25.0,0.0,203.5185078125,2.61226e-08
25.0,0.0,203.5182578125,2.6182e-08
25.0,0.0,203.5180078125,2.60564e-08
25.0,0.0,203.5177578125,2.6107400000000002e-08
25.0,0.0,203.5175078125,2.62494e-08
25.0,0.0,203.5172578125,2.615665e-08
25.0,0.0,203.5170078125,2.616765e-08
25.0,0.0,203.5167578125,2.61062e-08
25.0,0.0,203.5165078125,2.637215e-08
25.0,0.0,203.5162578125,2.622125e-08
25.0,0.0,203.5160078125,2.61628e-08
25.0,0.0,203.5157578125,2.62155e-08
25.0,0.0,203.5155078125,2.631305e-08
25.0,0.0,203.5152578125,2.635495e-08
25.0,0.0,203.5150078125,2.647655e-08
25.0,0.0,203.5147578125,2.63836e-08
25.0,0.0,203.5145078125,2.63644e-08
25.0,0.0,203.5142578125,2.65256e-08
25.0,0.0,203.5140078125,2.63921e-08
25.0,0.0,203.5137578125,2.64182e-08
25.0,0.0,203.5135078125,2.661585e-08
25.0,0.0,203.5132578125,2.659775e-08
25.0,0.0,203.5130078125,2.652125e-08
25.0,0.0,203.5127578125,2.65508e-08
25.0,0.0,203.5125078125,2.66667e-08
25.0,0.0,203.5122578125,2.647615e-08
25.0,0.0,203.5120078125,2.67663e-08
25.0,0.0,203.5117578125,2.66892e-08
25.0,0.0,203.5115078125,2.670225e-08
25.0,0.0,203.5112578125,2.67184e-08
25.0,0.0,203.5110078125,2.64873e-08
25.0,0.0,203.5107578125,2.69433e-08
25.0,0.0,203.5105078125,2.6979800000000003e-08
25.0,0.0,203.5102578125,2.6901e-08
25.0,0.0,203.5100078125,2.7102400000000002e-08
25.0,0.0,203.5097578125,2.717005e-08
25.0,0.0,203.5095078125,2.692705e-08
25.0,0.0,203.5092578125,2.693065e-08
25.0,0.0,203.5090078125,2.70753e-08
25.0,0.0,203.5087578125,2.715265e-08
25.0,0.0,203.5085078125,2.71946e-08
25.0,0.0,203.5082578125,2.71384e-08
25.0,0.0,203.5080078125,2.72728e-08
25.0,0.0,203.5077578125,2.741605e-08
25.0,0.0,203.5075078125,2.72105e-08
25.0,0.0,203.5072578125,2.7138500000000002e-08
25.0,0.0,203.5070078125,2.71148e-08
25.0,0.0,203.5067578125,2.71327e-08
25.0,0.0,203.5065078125,2.71411e-08
25.0,0.0,203.5062578125,2.73293e-08
25.0,0.0,203.5060078125,2.727255e-08
25.0,0.0,203.5057578125,2.718145e-08
25.0,0.0,203.5055078125,2.737695e-08
25.0,0.0,203.5052578125,2.71399e-08
25.0,0.0,203.5050078125,2.72694e-08
25.0,0.0,203.5047578125,2.73172e-08
25.0,0.0,203.5045078125,2.72582e-08
25.0,0.0,203.5042578125,2.72911e-08
25.0,0.0,203.5040078125,2.73732e-08
25.0,0.0,203.5037578125,2.758875e-08
25.0,0.0,203.5035078125,2.74544e-08
25.0,0.0,203.5032578125,2.756375e-08
25.0,0.0,203.5030078125,2.75822e-08
25.0,0.0,203.5027578125,2.741375e-08
25.0,0.0,203.5025078125,2.7414100000000002e-08
25.0,0.0,203.5022578125,2.73289e-08
25.0,0.0,203.5020078125,2.737675e-08
25.0,0.0,203.5017578125,2.73618e-08
25.0,0.0,203.5015078125,2.73669e-08
25.0,0.0,203.5012578125,2.730075e-08
25.0,0.0,203.5010078125,2.73888e-08
25.0,0.0,203.5007578125,2.72277e-08
25.0,0.0,203.5005078125,2.736355e-08
25.0,0.0,203.5002578125,2.728955e-08
25.0,0.0,203.5000078125,2.71673e-08
25.0,0.0,203.4997578125,2.73566e-08
25.0,0.0,203.4995078125,2.72069e-08
25.0,0.0,203.4992578125,2.72442e-08
25.0,0.0,203.4990078125,2.71775e-08
25.0,0.0,203.4987578125,2.72194e-08
25.0,0.0,203.4985078125,2.72326e-08
25.0,0.0,203.4982578125,2.70487e-08
25.0,0.0,203.4980078125,2.73792e-08
25.0,0.0,203.4977578125,2.7318900000000006e-08
25.0,0.0,203.4975078125,2.7414566666666663e-08
25.0,0.0,203.4972578125,2.73036e-08
25.0,0.0,203.4970078125,2.76741e-08
25.0,0.0,203.4967578125,2.7491750000000002e-08
25.0,0.0,203.4965078125,2.765615e-08
25.0,0.0,203.4962578125,2.73989e-08
25.0,0.0,203.4960078125,2.75825e-08
25.0,0.0,203.4957578125,2.76357e-08
25.0,0.0,203.4955078125,2.770355e-08
25.0,0.0,203.4952578125,2.772055e-08
25.0,0.0,203.4950078125,2.77153e-08
25.0,0.0,203.4947578125,2.783225e-08
25.0,0.0,203.4945078125,2.79455e-08
25.0,0.0,203.4942578125,2.790205e-08
25.0,0.0,203.4940078125,2.80744e-08
25.0,0.0,203.4937578125,2.808595e-08
25.0,0.0,203.4935078125,2.823015e-08
25.0,0.0,203.4932578125,2.8367250000000002e-08
25.0,0.0,203.4930078125,2.84729e-08
25.0,0.0,203.4927578125,2.85318e-08
25.0,0.0,203.4925078125,2.8605e-08
25.0,0.0,203.4922578125,2.87224e-08
25.0,0.0,203.4920078125,2.8797100000000002e-08
25.0,0.0,203.4917578125,2.87231e-08
25.0,0.0,203.4915078125,2.883315e-08
25.0,0.0,203.4912578125,2.891625e-08
25.0,0.0,203.4910078125,2.9506100000000002e-08
25.0,0.0,203.4907578125,2.929075e-08
25.0,0.0,203.4905078125,2.9327433333333333e-08
25.0,0.0,203.4902578125,2.94625e-08
25.0,0.0,203.4900078125,2.95303e-08
25.0,0.0,203.4897578125,2.970635e-08
25.0,0.0,203.4895078125,2.962405e-08
25.0,0.0,203.4892578125,2.98136e-08
25.0,0.0,203.4890078125,2.9752e-08
25.0,0.0,203.4887578125,2.99883e-08
25.0,0.0,203.4885078125,2.983585e-08
25.0,0.0,203.4882578125,3.010455e-08
25.0,0.0,203.4880078125,3.015375e-08
25.0,0.0,203.4877578125,3.009335e-08
25.0,0.0,203.4875078125,3.015215e-08
25.0,0.0,203.4872578125,3.01589e-08
25.0,0.0,203.4870078125,3.01431e-08
25.0,0.0,203.4867578125,3.024285e-08
25.0,0.0,203.4865078125,3.02695e-08
25.0,0.0,203.4862578125,3.02655e-08
25.0,0.0,203.4860078125,3.0204000000000004e-08
25.0,0.0,203.4857578125,3.02818e-08
25.0,0.0,203.4855078125,3.0183100000000005e-08
25.0,0.0,203.4852578125,3.01977e-08
25.0,0.0,203.4850078125,3.01441e-08
25.0,0.0,203.4847578125,3.005105e-08
25.0,0.0,203.4845078125,3.019975e-08
25.0,0.0,203.4842578125,3.0211e-08
25.0,0.0,203.4840078125,3.03286e-08
25.0,0.0,203.4837578125,3.0289033333333334e-08
25.0,0.0,203.4835078125,3.016625e-08
25.0,0.0,203.4832578125,3.01592e-08
25.0,0.0,203.4830078125,3.01778e-08
25.0,0.0,203.4827578125,3.023415e-08
25.0,0.0,203.4825078125,3.00521e-08
25.0,0.0,203.4822578125,2.98958e-08
25.0,0.0,203.4820078125,3.017665e-08
25.0,0.0,203.4817578125,3.0182700000000003e-08
25.0,0.0,203.4815078125,3.0152033333333344e-08
25.0,0.0,203.4812578125,3.00452e-08
25.0,0.0,203.4810078125,2.9922499999999995e-08
25.0,0.0,203.4807578125,2.9916650000000003e-08
25.0,0.0,203.4805078125,2.982215e-08
25.0,0.0,203.4802578125,2.97833e-08
25.0,0.0,203.4800078125,2.967985e-08
25.0,0.0,203.4797578125,2.975045e-08
25.0,0.0,203.4795078125,2.973435e-08
25.0,0.0,203.4792578125,2.959435e-08
25.0,0.0,203.4790078125,2.96719e-08
25.0,0.0,203.4787578125,2.94921e-08
25.0,0.0,203.4785078125,2.93688e-08
25.0,0.0,203.4782578125,2.93446e-08
25.0,0.0,203.4780078125,2.93462e-08
25.0,0.0,203.4777578125,2.9267100000000002e-08
25.0,0.0,203.4775078125,2.91261e-08
25.0,0.0,203.4772578125,2.9070500000000002e-08
25.0,0.0,203.4770078125,2.92178e-08
25.0,0.0,203.4767578125,2.896235e-08
25.0,0.0,203.4765078125,2.885415e-08
25.0,0.0,203.4762578125,2.8949400000000002e-08
25.0,0.0,203.4760078125,2.881615e-08
25.0,0.0,203.4757578125,2.858395e-08
25.0,0.0,203.4755078125,2.87377e-08
25.0,0.0,203.4752578125,2.86531e-08
25.0,0.0,203.4750078125,2.89685e-08
25.0,0.0,203.4747578125,2.85299e-08
25.0,0.0,203.4745078125,2.84801e-08
25.0,0.0,203.4742578125,2.84347e-08
25.0,0.0,203.4740078125,2.84461e-08
25.0,0.0,203.4737578125,2.824575e-08
25.0,0.0,203.4735078125,2.81552e-08
25.0,0.0,203.4732578125,2.81369e-08
25.0,0.0,203.4730078125,2.804335e-08
25.0,0.0,203.4727578125,2.78927e-08
25.0,0.0,203.4725078125,2.806635e-08
25.0,0.0,203.4722578125,2.785655e-08
25.0,0.0,203.4720078125,2.763255e-08
25.0,0.0,203.4717578125,2.740415e-08
25.0,0.0,203.4715078125,2.77721e-08
25.0,0.0,203.4712578125,2.7538800000000002e-08
25.0,0.0,203.4710078125,2.76455e-08
25.0,0.0,203.4707578125,2.753e-08
25.0,0.0,203.4705078125,2.7573800000000002e-08
25.0,0.0,203.4702578125,2.748345e-08
25.0,0.0,203.4700078125,2.7472900000000002e-08
25.0,0.0,203.4697578125,2.75196e-08
25.0,0.0,203.4695078125,2.75903e-08
25.0,0.0,203.4692578125,2.77143e-08
25.0,0.0,203.4690078125,2.75492e-08
25.0,0.0,203.4687578125,2.76417e-08
25.0,0.0,203.4685078125,2.744995e-08
25.0,0.0,203.4682578125,2.768325e-08
25.0,0.0,203.4680078125,2.76758e-08
25.0,0.0,203.4677578125,2.77804e-08
25.0,0.0,203.4675078125,2.7688900000000002e-08
25.0,0.0,203.4672578125,2.77677e-08
25.0,0.0,203.4670078125,2.774535e-08
25.0,0.0,203.4667578125,2.7897250000000002e-08
25.0,0.0,203.4665078125,2.74883e-08
25.0,0.0,203.4662578125,2.7732e-08
25.0,0.0,203.4660078125,2.79219e-08
25.0,0.0,203.4657578125,2.77746e-08
25.0,0.0,203.4655078125,2.769885e-08
25.0,0.0,203.4652578125,2.766845e-08
25.0,0.0,203.4650078125,2.795395e-08
25.0,0.0,203.4647578125,2.7678500000000002e-08
25.0,0.0,203.4645078125,2.77618e-08
25.0,0.0,203.4642578125,2.7764650000000002e-08
25.0,0.0,203.4640078125,2.7644600000000002e-08
25.0,0.0,203.4637578125,2.778255e-08
25.0,0.0,203.4635078125,2.7690000000000002e-08
25.0,0.0,203.4632578125,2.768090000000001e-08
25.0,0.0,203.4630078125,2.7643800000000002e-08
25.0,0.0,203.4627578125,2.7621900000000002e-08
25.0,0.0,203.4625078125,2.75894e-08
25.0,0.0,203.4622578125,2.7580350000000002e-08
25.0,0.0,203.4620078125,2.7713500000000002e-08
25.0,0.0,203.4617578125,2.76202e-08
25.0,0.0,203.4615078125,2.749275e-08
25.0,0.0,203.4612578125,2.77596e-08
25.0,0.0,203.4610078125,2.765345e-08
25.0,0.0,203.4607578125,2.7497500000000002e-08
25.0,0.0,203.4605078125,2.76432e-08
25.0,0.0,203.4602578125,2.738625e-08
25.0,0.0,203.4600078125,2.74228e-08
25.0,0.0,203.4597578125,2.70153e-08
25.0,0.0,203.4595078125,2.73442e-08
25.0,0.0,203.4592578125,2.72064e-08
25.0,0.0,203.4590078125,2.7305266666666665e-08
25.0,0.0,203.4587578125,2.709945e-08
25.0,0.0,203.4585078125,2.72089e-08
25.0,0.0,203.4582578125,2.678025e-08
25.0,0.0,203.4580078125,2.67631e-08
25.0,0.0,203.4577578125,2.658385e-08
25.0,0.0,203.4575078125,2.65097e-08
25.0,0.0,203.4572578125,2.623915e-08
25.0,0.0,203.4570078125,2.6161800000000002e-08
25.0,0.0,203.4567578125,2.58175e-08
25.0,0.0,203.4565078125,2.566805e-08
25.0,0.0,203.4562578125,2.55232e-08
25.0,0.0,203.4560078125,2.53817e-08
25.0,0.0,203.4557578125,2.54166e-08
25.0,0.0,203.4555078125,2.49178e-08
25.0,0.0,203.4552578125,2.51158e-08
25.0,0.0,203.4550078125,2.50007e-08
25.0,0.0,203.4547578125,2.484995e-08
25.0,0.0,203.4545078125,2.47618e-08
25.0,0.0,203.4542578125,2.47929e-08
25.0,0.0,203.4540078125,2.48236e-08
25.0,0.0,203.4537578125,2.46323e-08
25.0,0.0,203.4535078125,2.468605e-08
25.0,0.0,203.4532578125,2.46808e-08
25.0,0.0,203.4530078125,2.46943e-08
25.0,0.0,203.4527578125,2.459475e-08
25.0,0.0,203.4525078125,2.46375e-08
25.0,0.0,203.4522578125,2.461145e-08
25.0,0.0,203.4520078125,2.4572166666666665e-08
25.0,0.0,203.4517578125,2.4210100000000002e-08
25.0,0.0,203.4515078125,2.44076e-08
25.0,0.0,203.4512578125,2.426775e-08
25.0,0.0,203.4510078125,2.41638e-08
25.0,0.0,203.4507578125,2.41432e-08
25.0,0.0,203.4505078125,2.4083950000000003e-08
25.0,0.0,203.4502578125,2.407095e-08
25.0,0.0,203.4500078125,2.4045933333333333e-08
25.0,0.0,203.4497578125,2.41059e-08
25.0,0.0,203.4495078125,2.40238e-08
25.0,0.0,203.4492578125,2.42368e-08
25.0,0.0,203.4490078125,2.385725e-08
25.0,0.0,203.4487578125,2.38875e-08
25.0,0.0,203.4485078125,2.37248e-08
25.0,0.0,203.4482578125,2.393495e-08
25.0,0.0,203.4480078125,2.4098800000000002e-08
25.0,0.0,203.4477578125,2.414135e-08
25.0,0.0,203.4475078125,2.4307e-08
25.0,0.0,203.4472578125,2.41403e-08
25.0,0.0,203.4470078125,2.40308e-08
25.0,0.0,203.4467578125,2.41262e-08
25.0,0.0,203.4465078125,2.4045500000000002e-08
25.0,0.0,203.4462578125,2.39368e-08
25.0,0.0,203.4460078125,2.38393e-08
25.0,0.0,203.4457578125,2.4234e-08
25.0,0.0,203.4455078125,2.38521e-08
25.0,0.0,203.4452578125,2.372435e-08
25.0,0.0,203.4450078125,2.38518e-08
25.0,0.0,203.4447578125,2.36905e-08
25.0,0.0,203.4445078125,2.3662700000000002e-08
25.0,0.0,203.4442578125,2.3851100000000002e-08
25.0,0.0,203.4440078125,2.37156e-08
25.0,0.0,203.4437578125,2.35431e-08
25.0,0.0,203.4435078125,2.36549e-08
25.0,0.0,203.4432578125,2.36697e-08
25.0,0.0,203.4430078125,2.3550666666666668e-08
25.0,0.0,203.4427578125,2.33894e-08
25.0,0.0,203.4425078125,2.351745e-08
25.0,0.0,203.4422578125,2.318565e-08
25.0,0.0,203.4420078125,2.3205250000000002e-08
25.0,0.0,203.4417578125,2.28667e-08
25.0,0.0,203.4415078125,2.310235e-08
25.0,0.0,203.4412578125,2.3126500000000002e-08
25.0,0.0,203.4410078125,2.3088e-08
25.0,0.0,203.4407578125,2.32426e-08
25.0,0.0,203.4405078125,2.293225e-08
25.0,0.0,203.4402578125,2.2935650000000002e-08
25.0,0.0,203.4400078125,2.29577e-08
25.0,0.0,203.4397578125,2.29305e-08
25.0,0.0,203.4395078125,2.2845e-08
25.0,0.0,203.4392578125,2.27818e-08
25.0,0.0,203.4390078125,2.2782550000000002e-08
25.0,0.0,203.4387578125,2.27212e-08
25.0,0.0,203.4385078125,2.2804e-08
25.0,0.0,203.4382578125,2.256425e-08
25.0,0.0,203.4380078125,2.28273e-08
25.0,0.0,203.4377578125,2.25681e-08
25.0,0.0,203.4375078125,2.275065e-08
25.0,0.0,203.4372578125,2.2846800000000002e-08
25.0,0.0,203.4370078125,2.29122e-08
25.0,0.0,203.4367578125,2.303035e-08
25.0,0.0,203.4365078125,2.272465e-08
25.0,0.0,203.4362578125,2.29185e-08
25.0,0.0,203.4360078125,2.29129e-08
25.0,0.0,203.4357578125,2.27758e-08
25.0,0.0,203.4355078125,2.287455e-08
25.0,0.0,203.4352578125,2.296555e-08
25.0,0.0,203.4350078125,2.28574e-08
25.0,0.0,203.4347578125,2.28527e-08
25.0,0.0,203.4345078125,2.2643900000000002e-08
25.0,0.0,203.4342578125,2.27163e-08
25.0,0.0,203.4340078125,2.30561e-08
25.0,0.0,203.4337578125,2.258395e-08
25.0,0.0,203.4335078125,2.297615e-08
25.0,0.0,203.4332578125,2.284005e-08
25.0,0.0,203.4330078125,2.3121300000000002e-08
25.0,0.0,203.4327578125,2.3094250000000002e-08
25.0,0.0,203.4325078125,2.32193e-08
25.0,0.0,203.4322578125,2.3421750000000006e-08
25.0,0.0,203.4320078125,2.35632e-08
25.0,0.0,203.4317578125,2.336895e-08
25.0,0.0,203.4315078125,2.358015e-08
25.0,0.0,203.4312578125,2.360605e-08
25.0,0.0,203.4310078125,2.3446700000000002e-08
25.0,0.0,203.4307578125,2.36018e-08
25.0,0.0,203.4305078125,2.355625e-08
25.0,0.0,203.4302578125,2.37232e-08
25.0,0.0,203.4300078125,2.37988e-08
25.0,0.0,203.4297578125,2.386955e-08
25.0,0.0,203.4295078125,2.40626e-08
25.0,0.0,203.4292578125,2.389255e-08
25.0,0.0,203.4290078125,2.38927e-08
25.0,0.0,203.4287578125,2.400085e-08
25.0,0.0,203.4285078125,2.40834e-08
25.0,0.0,203.4282578125,2.40825e-08
25.0,0.0,203.4280078125,2.400355e-08
25.0,0.0,203.4277578125,2.3976e-08
25.0,0.0,203.4275078125,2.422865e-08
25.0,0.0,203.4272578125,2.40839e-08
25.0,0.0,203.4270078125,2.42151e-08
25.0,0.0,203.4267578125,2.432135e-08
25.0,0.0,203.4265078125,2.39337e-08
25.0,0.0,203.4262578125,2.42746e-08
25.0,0.0,203.4260078125,2.42988e-08
25.0,0.0,203.4257578125,2.43465e-08
25.0,0.0,203.4255078125,2.43467e-08
25.0,0.0,203.4252578125,2.43808e-08
25.0,0.0,203.4250078125,2.45509e-08
25.0,0.0,203.4247578125,2.447415e-08
25.0,0.0,203.4245078125,2.48638e-08
25.0,0.0,203.4242578125,2.47044e-08
25.0,0.0,203.4240078125,2.468e-08
25.0,0.0,203.4237578125,2.483895e-08
25.0,0.0,203.4235078125,2.46144e-08
25.0,0.0,203.4232578125,2.4834600000000002e-08
25.0,0.0,203.4230078125,2.486405e-08
25.0,0.0,203.4227578125,2.4675750000000002e-08
25.0,0.0,203.4225078125,2.46407e-08
25.0,0.0,203.4222578125,2.47393e-08
25.0,0.0,203.4220078125,2.49203e-08
25.0,0.0,203.4217578125,2.467955e-08
25.0,0.0,203.4215078125,2.47396e-08
25.0,0.0,203.4212578125,2.4789750000000002e-08
25.0,0.0,203.4210078125,2.497575e-08
25.0,0.0,203.4207578125,2.46168e-08
25.0,0.0,203.4205078125,2.481995e-08
25.0,0.0,203.4202578125,2.4776900000000002e-08
25.0,0.0,203.4200078125,2.45991e-08
25.0,0.0,203.4197578125,2.47258e-08
25.0,0.0,203.4195078125,2.4518e-08
25.0,0.0,203.4192578125,2.46024e-08
25.0,0.0,203.4190078125,2.459715e-08
25.0,0.0,203.4187578125,2.45481e-08
25.0,0.0,203.4185078125,2.49852e-08
25.0,0.0,203.4182578125,2.45553e-08
25.0,0.0,203.4180078125,2.437475e-08
25.0,0.0,203.4177578125,2.470375e-08
25.0,0.0,203.4175078125,2.4793850000000002e-08
25.0,0.0,203.4172578125,2.484755e-08
25.0,0.0,203.4170078125,2.47641e-08
25.0,0.0,203.4167578125,2.48881e-08
25.0,0.0,203.4165078125,2.462e-08
25.0,0.0,203.4162578125,2.471405e-08
25.0,0.0,203.4160078125,2.476855e-08
25.0,0.0,203.4157578125,2.4886000000000002e-08
25.0,0.0,203.4155078125,2.490675e-08
25.0,0.0,203.4152578125,2.46467e-08
25.0,0.0,203.4150078125,2.4838700000000002e-08
25.0,0.0,203.4147578125,2.48013e-08
25.0,0.0,203.4145078125,2.503335e-08
25.0,0.0,203.4142578125,2.500315e-08
25.0,0.0,203.4140078125,2.46921e-08
25.0,0.0,203.4137578125,2.471215e-08
25.0,0.0,203.4135078125,2.47798e-08
25.0,0.0,203.4132578125,2.4810800000000002e-08
25.0,0.0,203.4130078125,2.49175e-08
25.0,0.0,203.4127578125,2.489225e-08
25.0,0.0,203.4125078125,2.4793850000000002e-08
25.0,0.0,203.4122578125,2.498e-08
25.0,0.0,203.4120078125,2.4950750000000006e-08
25.0,0.0,203.4117578125,2.482095e-08
25.0,0.0,203.4115078125,2.514826666666666e-08
25.0,0.0,203.4112578125,2.4988800000000002e-08
25.0,0.0,203.4110078125,2.49834e-08
25.0,0.0,203.4107578125,2.483465e-08
25.0,0.0,203.4105078125,2.507015e-08
25.0,0.0,203.4102578125,2.49187e-08
25.0,0.0,203.4100078125,2.506423333333333e-08
25.0,0.0,203.4097578125,2.4975e-08
25.0,0.0,203.4095078125,2.48144e-08
25.0,0.0,203.4092578125,2.50617e-08
25.0,0.0,203.4090078125,2.503045e-08
25.0,0.0,203.4087578125,2.517855e-08
25.0,0.0,203.4085078125,2.49214e-08
25.0,0.0,203.4082578125,2.50851e-08
25.0,0.0,203.4080078125,2.51191e-08
25.0,0.0,203.4077578125,2.51014e-08
25.0,0.0,203.4075078125,2.5110200000000002e-08
25.0,0.0,203.4072578125,2.52129e-08
25.0,0.0,203.4070078125,2.52935e-08
25.0,0.0,203.4067578125,2.5427650000000002e-08
25.0,0.0,203.4065078125,2.54748e-08
25.0,0.0,203.4062578125,2.49711e-08
25.0,0.0,203.4060078125,2.55921e-08
25.0,0.0,203.4057578125,2.544705e-08
25.0,0.0,203.4055078125,2.559755e-08
25.0,0.0,203.4052578125,2.54141e-08
25.0,0.0,203.4050078125,2.57028e-08
25.0,0.0,203.4047578125,2.557835e-08
25.0,0.0,203.4045078125,2.5857500000000002e-08
25.0,0.0,203.4042578125,2.62364e-08
25.0,0.0,203.4040078125,2.569485e-08
25.0,0.0,203.4037578125,2.599975e-08
25.0,0.0,203.4035078125,2.58221e-08
25.0,0.0,203.4032578125,2.60078e-08
25.0,0.0,203.4030078125,2.604385e-08
25.0,0.0,203.4027578125,2.593155e-08
25.0,0.0,203.4025078125,2.58543e-08
25.0,0.0,203.4022578125,2.59675e-08
25.0,0.0,203.4020078125,2.600345e-08
25.0,0.0,203.4017578125,2.671875e-08
25.0,0.0,203.4015078125,2.5997500000000002e-08
25.0,0.0,203.4012578125,2.59719e-08
25.0,0.0,203.4010078125,2.621965e-08
25.0,0.0,203.4007578125,2.606525e-08
25.0,0.0,203.4005078125,2.6e-08
25.0,0.0,203.4002578125,2.6237550000000002e-08
25.0,0.0,203.4000078125,2.64219e-08
25.0,0.0,203.3997578125,2.64349e-08
25.0,0.0,203.3995078125,2.6293050000000002e-08
25.0,0.0,203.3992578125,2.6492e-08
25.0,0.0,203.3990078125,2.64371e-08
25.0,0.0,203.3987578125,2.61157e-08
25.0,0.0,203.3985078125,2.63947e-08
25.0,0.0,203.3982578125,2.646715e-08
25.0,0.0,203.3980078125,2.6425e-08
25.0,0.0,203.3977578125,2.63929e-08
25.0,0.0,203.3975078125,2.66883e-08
25.0,0.0,203.3972578125,2.6715500000000002e-08
25.0,0.0,203.3970078125,2.648915e-08
25.0,0.0,203.3967578125,2.65813e-08
25.0,0.0,203.3965078125,2.64832e-08
25.0,0.0,203.3962578125,2.63875e-08
25.0,0.0,203.3960078125,2.67849e-08
25.0,0.0,203.3957578125,2.686105e-08
25.0,0.0,203.3955078125,2.68005e-08
25.0,0.0,203.3952578125,2.679975e-08
25.0,0.0,203.3950078125,2.6768000000000002e-08
25.0,0.0,203.3947578125,2.67513e-08
25.0,0.0,203.3945078125,2.6842100000000002e-08
25.0,0.0,203.3942578125,2.67783e-08
25.0,0.0,203.3940078125,2.68132e-08
25.0,0.0,203.3937578125,2.688965e-08
25.0,0.0,203.3935078125,2.662295e-08
25.0,0.0,203.3932578125,2.681405e-08
25.0,0.0,203.3930078125,2.6906e-08
25.0,0.0,203.3927578125,2.68819e-08
25.0,0.0,203.3925078125,2.6957500000000002e-08
25.0,0.0,203.3922578125,2.701265e-08
25.0,0.0,203.3920078125,2.6427050000000002e-08
25.0,0.0,203.3917578125,2.70265e-08
25.0,0.0,203.3915078125,2.67779e-08
25.0,0.0,203.3912578125,2.68554e-08
25.0,0.0,203.3910078125,2.69916e-08
25.0,0.0,203.3907578125,2.689e-08
25.0,0.0,203.3905078125,2.70898e-08
25.0,0.0,203.3902578125,2.706755e-08
25.0,0.0,203.3900078125,2.693035e-08
25.0,0.0,203.3897578125,2.682665e-08
25.0,0.0,203.3895078125,2.6866700000000002e-08
25.0,0.0,203.3892578125,2.72589e-08
25.0,0.0,203.3890078125,2.75908e-08
25.0,0.0,203.3887578125,2.715265e-08
25.0,0.0,203.3885078125,2.72836e-08
25.0,0.0,203.3882578125,2.729525e-08
25.0,0.0,203.3880078125,2.729415e-08
25.0,0.0,203.3877578125,2.71936e-08
25.0,0.0,203.3875078125,2.75257e-08
25.0,0.0,203.3872578125,2.757545e-08
25.0,0.0,203.3870078125,2.76551e-08
25.0,0.0,203.3867578125,2.784135e-08
25.0,0.0,203.3865078125,2.79962e-08
25.0,0.0,203.3862578125,2.79398e-08
25.0,0.0,203.3860078125,2.78968e-08
25.0,0.0,203.3857578125,2.758915e-08
25.0,0.0,203.3855078125,2.79565e-08
25.0,0.0,203.3852578125,2.8062950000000002e-08
25.0,0.0,203.3850078125,2.8065150000000002e-08
25.0,0.0,203.3847578125,2.81408e-08
25.0,0.0,203.3845078125,2.81318e-08
25.0,0.0,203.3842578125,2.81566e-08
25.0,0.0,203.3840078125,2.8111600000000002e-08
25.0,0.0,203.3837578125,2.80597e-08
25.0,0.0,203.3835078125,2.84756e-08
25.0,0.0,203.3832578125,2.8252650000000006e-08
25.0,0.0,203.3830078125,2.8202e-08
25.0,0.0,203.3827578125,2.7992400000000002e-08
25.0,0.0,203.3825078125,2.7829700000000002e-08
25.0,0.0,203.3822578125,2.78383e-08
25.0,0.0,203.3820078125,2.76227e-08
25.0,0.0,203.3817578125,2.72762e-08
25.0,0.0,203.3815078125,2.7034300000000002e-08
25.0,0.0,203.3812578125,2.709495e-08
25.0,0.0,203.3810078125,2.657955e-08
25.0,0.0,203.3807578125,2.611345e-08
25.0,0.0,203.3805078125,2.57608e-08
25.0,0.0,203.3802578125,2.5435050000000002e-08
25.0,0.0,203.3800078125,2.499655e-08
25.0,0.0,203.3797578125,2.46211e-08
25.0,0.0,203.3795078125,2.398875e-08
25.0,0.0,203.3792578125,2.363705e-08
25.0,0.0,203.3790078125,2.30158e-08
25.0,0.0,203.3787578125,2.2246350000000002e-08
25.0,0.0,203.3785078125,2.15547e-08
25.0,0.0,203.3782578125,2.119055e-08
25.0,0.0,203.3780078125,2.0205766666666665e-08
25.0,0.0,203.3777578125,1.92552e-08
25.0,0.0,203.3775078125,1.872605e-08
25.0,0.0,203.3772578125,1.7683549999999997e-08
25.0,0.0,203.3770078125,1.70131e-08
25.0,0.0,203.3767578125,1.6419e-08
25.0,0.0,203.3765078125,1.5622550000000002e-08
25.0,0.0,203.3762578125,1.455175e-08
25.0,0.0,203.3760078125,1.37637e-08
25.0,0.0,203.3757578125,1.28311e-08
25.0,0.0,203.3755078125,1.18216e-08
25.0,0.0,203.3752578125,1.0958e-08
25.0,0.0,203.3750078125,1.0131595000000001e-08
25.0,0.0,203.3747578125,8.895809999999998e-09
25.0,0.0,203.3745078125,8.653725000000001e-09
25.0,0.0,203.3742578125,7.777379999999998e-09
25.0,0.0,203.3740078125,7.103554999999999e-09
25.0,0.0,203.3737578125,6.5384e-09
25.0,0.0,203.3735078125,5.5184699999999995e-09
25.0,0.0,203.3732578125,4.79346e-09
30.0,0.0,203.7662578125,-9.035829999999999e-10
30.0,0.0,203.7660078125,-8.565486666666665e-10
30.0,0.0,203.7657578125,-8.278585e-10
30.0,0.0,203.7655078125,-8.672379999999998e-10
30.0,0.0,203.7652578125,-7.560449999999999e-10
30.0,0.0,203.7650078125,-6.734335e-10
30.0,0.0,203.7647578125,-6.312559999999998e-10
30.0,0.0,203.7645078125,-5.084175e-10
30.0,0.0,203.7642578125,-2.04094e-10
30.0,0.0,203.7640078125,1.6070766666666667e-10
30.0,0.0,203.7637578125,5.301665e-10
30.0,0.0,203.7635078125,6.96075e-10
30.0,0.0,203.7632578125,9.678555e-10
30.0,0.0,203.7630078125,1.5402e-09
30.0,0.0,203.7627578125,2.0821999999999997e-09
30.0,0.0,203.7625078125,2.9468749999999997e-09
30.0,0.0,203.7622578125,3.5713199999999996e-09
30.0,0.0,203.7620078125,3.808033333333333e-09
30.0,0.0,203.7617578125,4.193319999999999e-09
30.0,0.0,203.7615078125,4.4892199999999995e-09
30.0,0.0,203.7612578125,5.074984999999999e-09
30.0,0.0,203.7610078125,5.694885e-09
30.0,0.0,203.7607578125,5.872109999999999e-09
30.0,0.0,203.7605078125,5.97186e-09
30.0,0.0,203.7602578125,5.804354999999999e-09
30.0,0.0,203.7600078125,5.665156666666665e-09
30.0,0.0,203.7597578125,5.2858300000000006e-09
30.0,0.0,203.7595078125,5.062409999999999e-09
30.0,0.0,203.7592578125,4.833430000000001e-09
30.0,0.0,203.7590078125,5.2292250000000015e-09
30.0,0.0,203.7587578125,5.586974999999999e-09
30.0,0.0,203.7585078125,5.4911299999999994e-09
30.0,0.0,203.7582578125,5.8404399999999985e-09
30.0,0.0,203.7580078125,6.3954849999999994e-09
30.0,0.0,203.7577578125,7.057565e-09
30.0,0.0,203.7575078125,7.494544999999998e-09
30.0,0.0,203.7572578125,8.053545000000001e-09
30.0,0.0,203.7570078125,8.457389999999998e-09
30.0,0.0,203.7567578125,8.728289999999999e-09
30.0,0.0,203.7565078125,9.133609999999999e-09
30.0,0.0,203.7562578125,9.336899999999999e-09
30.0,0.0,203.7560078125,9.49697e-09
30.0,0.0,203.7557578125,9.81919e-09
30.0,0.0,203.7555078125,1.02963e-08
30.0,0.0,203.7552578125,1.03267e-08
30.0,0.0,203.7550078125,1.041945e-08
30.0,0.0,203.7547578125,1.05556e-08
30.0,0.0,203.7545078125,1.089435e-08
30.0,0.0,203.7542578125,1.683825e-08
30.0,0.0,203.7540078125,1.86586e-08
30.0,0.0,203.7537578125,1.92572e-08
30.0,0.0,203.7535078125,2.00118e-08
30.0,0.0,203.7532578125,2.043975e-08
30.0,0.0,203.7530078125,2.109585e-08
30.0,0.0,203.7527578125,2.169695e-08
30.0,0.0,203.7525078125,2.242875e-08
30.0,0.0,203.7522578125,2.295585e-08
30.0,0.0,203.7520078125,2.33661e-08
30.0,0.0,203.7517578125,2.38166e-08
30.0,0.0,203.7515078125,2.4268600000000002e-08
30.0,0.0,203.7512578125,2.464535e-08
30.0,0.0,203.7510078125,2.49001e-08
30.0,0.0,203.7507578125,2.513955e-08
30.0,0.0,203.7505078125,2.54335e-08
30.0,0.0,203.7502578125,2.551205e-08
30.0,0.0,203.7500078125,2.56785e-08
30.0,0.0,203.7497578125,2.58101e-08
30.0,0.0,203.7495078125,2.60074e-08
30.0,0.0,203.7492578125,2.6069950000000002e-08
30.0,0.0,203.7490078125,2.622625e-08
30.0,0.0,203.7487578125,2.62522e-08
30.0,0.0,203.7485078125,2.64736e-08
30.0,0.0,203.7482578125,2.646875e-08
30.0,0.0,203.7480078125,2.65646e-08
30.0,0.0,203.7477578125,2.661945e-08
30.0,0.0,203.7475078125,2.65491e-08
30.0,0.0,203.7472578125,2.65518e-08
30.0,0.0,203.7470078125,2.661385e-08
30.0,0.0,203.7467578125,2.660215e-08
30.0,0.0,203.7465078125,2.6531e-08
30.0,0.0,203.7462578125,2.65759e-08
30.0,0.0,203.7460078125,2.65024e-08
30.0,0.0,203.7457578125,2.648435e-08
30.0,0.0,203.7455078125,2.64474e-08
30.0,0.0,203.7452578125,2.6379200000000002e-08
30.0,0.0,203.7450078125,2.62797e-08
30.0,0.0,203.7447578125,2.627845e-08
30.0,0.0,203.7445078125,2.61333e-08
30.0,0.0,203.7442578125,2.62974e-08
30.0,0.0,203.7440078125,2.627565e-08
30.0,0.0,203.7437578125,2.618055e-08
30.0,0.0,203.7435078125,2.613265e-08
30.0,0.0,203.7432578125,2.6002350000000006e-08
30.0,0.0,203.7430078125,2.60082e-08
30.0,0.0,203.7427578125,2.57876e-08
30.0,0.0,203.7425078125,2.5922850000000002e-08
30.0,0.0,203.7422578125,2.58104e-08
30.0,0.0,203.7420078125,2.57378e-08
30.0,0.0,203.7417578125,2.5842450000000002e-08
30.0,0.0,203.7415078125,2.57254e-08
30.0,0.0,203.7412578125,2.576695e-08
30.0,0.0,203.7410078125,2.566135e-08
30.0,0.0,203.7407578125,2.56874e-08
30.0,0.0,203.7405078125,2.55729e-08
30.0,0.0,203.7402578125,2.548925e-08
30.0,0.0,203.7400078125,2.550655e-08
30.0,0.0,203.7397578125,2.538505e-08
30.0,0.0,203.7395078125,2.542555e-08
30.0,0.0,203.7392578125,2.5293950000000002e-08
30.0,0.0,203.7390078125,2.534295e-08
30.0,0.0,203.7387578125,2.52341e-08
30.0,0.0,203.7385078125,2.51615e-08
30.0,0.0,203.7382578125,2.51718e-08
30.0,0.0,203.7380078125,2.519155e-08
30.0,0.0,203.7377578125,2.5069e-08
30.0,0.0,203.7375078125,2.50891e-08
30.0,0.0,203.7372578125,2.50884e-08
30.0,0.0,203.7370078125,2.51108e-08
30.0,0.0,203.7367578125,2.51438e-08
30.0,0.0,203.7365078125,2.516345e-08
30.0,0.0,203.7362578125,2.515515e-08
30.0,0.0,203.7360078125,2.50926e-08
30.0,0.0,203.7357578125,2.50176e-08
30.0,0.0,203.7355078125,2.480845e-08
30.0,0.0,203.7352578125,2.454655e-08
30.0,0.0,203.7350078125,2.41273e-08
30.0,0.0,203.7347578125,2.403555e-08
30.0,0.0,203.7345078125,2.40277e-08
30.0,0.0,203.7342578125,2.39521e-08
30.0,0.0,203.7340078125,2.389475e-08
30.0,0.0,203.7337578125,2.39388e-08
30.0,0.0,203.7335078125,2.39817e-08
30.0,0.0,203.7332578125,2.413125e-08
30.0,0.0,203.7330078125,2.40959e-08
30.0,0.0,203.7327578125,2.4233600000000002e-08
30.0,0.0,203.7325078125,2.4139933333333334e-08
30.0,0.0,203.7322578125,2.4214200000000002e-08
30.0,0.0,203.7320078125,2.435875e-08
30.0,0.0,203.7317578125,2.4231e-08
30.0,0.0,203.7315078125,2.42805e-08
30.0,0.0,203.7312578125,2.439855e-08
30.0,0.0,203.7310078125,2.4415700000000002e-08
30.0,0.0,203.7307578125,2.44167e-08
30.0,0.0,203.7305078125,2.4356766666666664e-08
30.0,0.0,203.7302578125,2.433015e-08
30.0,0.0,203.7300078125,2.43746e-08
30.0,0.0,203.7297578125,2.44671e-08
30.0,0.0,203.7295078125,2.44569e-08
30.0,0.0,203.7292578125,2.43711e-08
30.0,0.0,203.7290078125,2.431115e-08
30.0,0.0,203.7287578125,2.42692e-08
30.0,0.0,203.7285078125,2.439585e-08
30.0,0.0,203.7282578125,2.43721e-08
30.0,0.0,203.7280078125,2.44543e-08
30.0,0.0,203.7277578125,2.44709e-08
30.0,0.0,203.7275078125,2.45298e-08
30.0,0.0,203.7272578125,2.447045e-08
30.0,0.0,203.7270078125,2.458285e-08
30.0,0.0,203.7267578125,2.45542e-08
30.0,0.0,203.7265078125,2.448285e-08
30.0,0.0,203.7262578125,2.451945e-08
30.0,0.0,203.7260078125,2.4457550000000002e-08
30.0,0.0,203.7257578125,2.433885e-08
30.0,0.0,203.7255078125,2.4289050000000006e-08
30.0,0.0,203.7252578125,2.433715e-08
30.0,0.0,203.7250078125,2.43343e-08
30.0,0.0,203.7247578125,2.4401e-08
30.0,0.0,203.7245078125,2.43002e-08
30.0,0.0,203.7242578125,2.42612e-08
30.0,0.0,203.7240078125,2.424245e-08
30.0,0.0,203.7237578125,2.4326300000000002e-08
30.0,0.0,203.7235078125,2.42941e-08
30.0,0.0,203.7232578125,2.42006e-08
30.0,0.0,203.7230078125,2.422035e-08
30.0,0.0,203.7227578125,2.407835e-08
30.0,0.0,203.7225078125,2.40642e-08
30.0,0.0,203.7222578125,2.3974950000000002e-08
30.0,0.0,203.7220078125,2.3911e-08
30.0,0.0,203.7217578125,2.39001e-08
30.0,0.0,203.7215078125,2.39032e-08
30.0,0.0,203.7212578125,2.3922e-08
30.0,0.0,203.7210078125,2.4015e-08
30.0,0.0,203.7207578125,2.4047950000000002e-08
30.0,0.0,203.7205078125,2.4155400000000002e-08
30.0,0.0,203.7202578125,2.42015e-08
30.0,0.0,203.7200078125,2.4281e-08
30.0,0.0,203.7197578125,2.44506e-08
30.0,0.0,203.7195078125,2.463215e-08
30.0,0.0,203.7192578125,2.46477e-08
30.0,0.0,203.7190078125,2.47428e-08
30.0,0.0,203.7187578125,2.478085e-08
30.0,0.0,203.7185078125,2.486135e-08
30.0,0.0,203.7182578125,2.491415e-08
30.0,0.0,203.7180078125,2.47816e-08
30.0,0.0,203.7177578125,2.4904600000000002e-08
30.0,0.0,203.7175078125,2.490315e-08
30.0,0.0,203.7172578125,2.48962e-08
30.0,0.0,203.7170078125,2.49471e-08
30.0,0.0,203.7167578125,2.49451e-08
30.0,0.0,203.7165078125,2.49688e-08
30.0,0.0,203.7162578125,2.51119e-08
30.0,0.0,203.7160078125,2.50667e-08
30.0,0.0,203.7157578125,2.50924e-08
30.0,0.0,203.7155078125,2.5111300000000002e-08
30.0,0.0,203.7152578125,2.50267e-08
30.0,0.0,203.7150078125,2.51757e-08
30.0,0.0,203.7147578125,2.51991e-08
30.0,0.0,203.7145078125,2.51686e-08
30.0,0.0,203.7142578125,2.528215e-08
30.0,0.0,203.7140078125,2.532915e-08
30.0,0.0,203.7137578125,2.52958e-08
30.0,0.0,203.7135078125,2.5335800000000002e-08
30.0,0.0,203.7132578125,2.54544e-08
30.0,0.0,203.7130078125,2.5192e-08
30.0,0.0,203.7127578125,2.5337700000000002e-08
30.0,0.0,203.7125078125,2.52668e-08
30.0,0.0,203.7122578125,2.527525e-08
30.0,0.0,203.7120078125,2.526735e-08
30.0,0.0,203.7117578125,2.5166550000000002e-08
30.0,0.0,203.7115078125,2.51819e-08
30.0,0.0,203.7112578125,2.50798e-08
30.0,0.0,203.7110078125,2.51142e-08
30.0,0.0,203.7107578125,2.513365e-08
30.0,0.0,203.7105078125,2.5195250000000002e-08
30.0,0.0,203.7102578125,2.52072e-08
30.0,0.0,203.7100078125,2.52254e-08
30.0,0.0,203.7097578125,2.533865e-08
30.0,0.0,203.7095078125,2.522815e-08
30.0,0.0,203.7092578125,2.53909e-08
30.0,0.0,203.7090078125,2.54599e-08
30.0,0.0,203.7087578125,2.555515e-08
30.0,0.0,203.7085078125,2.539195e-08
30.0,0.0,203.7082578125,2.552795e-08
30.0,0.0,203.7080078125,2.556775e-08
30.0,0.0,203.7077578125,2.56068e-08
30.0,0.0,203.7075078125,2.565655e-08
30.0,0.0,203.7072578125,2.56939e-08
30.0,0.0,203.7070078125,2.56438e-08
30.0,0.0,203.7067578125,2.576455e-08
30.0,0.0,203.7065078125,2.58551e-08
30.0,0.0,203.7062578125,2.5821400000000002e-08
30.0,0.0,203.7060078125,2.57218e-08
30.0,0.0,203.7057578125,2.59192e-08
30.0,0.0,203.7055078125,2.592315e-08
30.0,0.0,203.7052578125,2.5844e-08
30.0,0.0,203.7050078125,2.582045e-08
30.0,0.0,203.7047578125,2.587275e-08
30.0,0.0,203.7045078125,2.57899e-08
30.0,0.0,203.7042578125,2.57477e-08
30.0,0.0,203.7040078125,2.5841e-08
30.0,0.0,203.7037578125,2.574145e-08
30.0,0.0,203.7035078125,2.5735550000000002e-08
30.0,0.0,203.7032578125,2.568105e-08
30.0,0.0,203.7030078125,2.568275e-08
30.0,0.0,203.7027578125,2.57398e-08
30.0,0.0,203.7025078125,2.56618e-08
30.0,0.0,203.7022578125,2.57325e-08
30.0,0.0,203.7020078125,2.5618800000000002e-08
30.0,0.0,203.7017578125,2.5675950000000002e-08
30.0,0.0,203.7015078125,2.57308e-08
30.0,0.0,203.7012578125,2.551675e-08
30.0,0.0,203.7010078125,2.5518700000000002e-08
30.0,0.0,203.7007578125,2.545695e-08
30.0,0.0,203.7005078125,2.53677e-08
30.0,0.0,203.7002578125,2.51534e-08
30.0,0.0,203.7000078125,2.50449e-08
30.0,0.0,203.6997578125,2.494915e-08
30.0,0.0,203.6995078125,2.48724e-08
30.0,0.0,203.6992578125,2.474665e-08
30.0,0.0,203.6990078125,2.469385e-08
30.0,0.0,203.6987578125,2.472975e-08
30.0,0.0,203.6985078125,2.47497e-08
30.0,0.0,203.6982578125,2.4691e-08
30.0,0.0,203.6980078125,2.479285e-08
30.0,0.0,203.6977578125,2.491125e-08
30.0,0.0,203.6975078125,2.496945e-08
30.0,0.0,203.6972578125,2.49893e-08
30.0,0.0,203.6970078125,2.49123e-08
30.0,0.0,203.6967578125,2.4826400000000002e-08
30.0,0.0,203.6965078125,2.48043e-08
30.0,0.0,203.6962578125,2.4741900000000002e-08
30.0,0.0,203.6960078125,2.47714e-08
30.0,0.0,203.6957578125,2.478925e-08
30.0,0.0,203.6955078125,2.473195e-08
30.0,0.0,203.6952578125,2.47659e-08
30.0,0.0,203.6950078125,2.47673e-08
30.0,0.0,203.6947578125,2.47492e-08
30.0,0.0,203.6945078125,2.47284e-08
30.0,0.0,203.6942578125,2.4815e-08
30.0,0.0,203.6940078125,2.4732566666666666e-08
30.0,0.0,203.6937578125,2.472105e-08
30.0,0.0,203.6935078125,2.47915e-08
30.0,0.0,203.6932578125,2.48281e-08
30.0,0.0,203.6930078125,2.4844e-08
30.0,0.0,203.6927578125,2.487375e-08
30.0,0.0,203.6925078125,2.483895e-08
30.0,0.0,203.6922578125,2.48955e-08
30.0,0.0,203.6920078125,2.4898133333333334e-08
30.0,0.0,203.6917578125,2.4932750000000002e-08
30.0,0.0,203.6915078125,2.50047e-08
30.0,0.0,203.6912578125,2.49978e-08
30.0,0.0,203.6910078125,2.50912e-08
30.0,0.0,203.6907578125,2.50992e-08
30.0,0.0,203.6905078125,2.52283e-08
30.0,0.0,203.6902578125,2.51831e-08
30.0,0.0,203.6900078125,2.5271466666666663e-08
30.0,0.0,203.6897578125,2.530005e-08
30.0,0.0,203.6895078125,2.5282e-08
30.0,0.0,203.6892578125,2.550495e-08
30.0,0.0,203.6890078125,2.545295e-08
30.0,0.0,203.6887578125,2.5481e-08
30.0,0.0,203.6885078125,2.551700000000001e-08
30.0,0.0,203.6882578125,2.55154e-08
30.0,0.0,203.6880078125,2.56365e-08
30.0,0.0,203.6877578125,2.55731e-08
30.0,0.0,203.6875078125,2.5569e-08
30.0,0.0,203.6872578125,2.576275e-08
30.0,0.0,203.6870078125,2.564815e-08
30.0,0.0,203.6867578125,2.567625e-08
30.0,0.0,203.6865078125,2.56921e-08
30.0,0.0,203.6862578125,2.57666e-08
30.0,0.0,203.6860078125,2.5778750000000002e-08
30.0,0.0,203.6857578125,2.577905e-08
30.0,0.0,203.6855078125,2.566975e-08
30.0,0.0,203.6852578125,2.57327e-08
30.0,0.0,203.6850078125,2.57338e-08
30.0,0.0,203.6847578125,2.574935e-08
30.0,0.0,203.6845078125,2.57278e-08
30.0,0.0,203.6842578125,2.578795e-08
30.0,0.0,203.6840078125,2.574955e-08
30.0,0.0,203.6837578125,2.578515e-08
30.0,0.0,203.6835078125,2.57058e-08
30.0,0.0,203.6832578125,2.588015e-08
30.0,0.0,203.6830078125,2.58428e-08
30.0,0.0,203.6827578125,2.590855e-08
30.0,0.0,203.6825078125,2.5796e-08
30.0,0.0,203.6822578125,2.599675e-08
30.0,0.0,203.6820078125,2.592645e-08
30.0,0.0,203.6817578125,2.597075e-08
30.0,0.0,203.6815078125,2.59139e-08
30.0,0.0,203.6812578125,2.59443e-08
30.0,0.0,203.6810078125,2.6027633333333328e-08
30.0,0.0,203.6807578125,2.59839e-08
30.0,0.0,203.6805078125,2.59227e-08
30.0,0.0,203.6802578125,2.592835e-08
30.0,0.0,203.6800078125,2.597665e-08
30.0,0.0,203.6797578125,2.598785e-08
30.0,0.0,203.6795078125,2.5956e-08
30.0,0.0,203.6792578125,2.601705e-08
30.0,0.0,203.6790078125,2.599845e-08
30.0,0.0,203.6787578125,2.59927e-08
30.0,0.0,203.6785078125,2.59749e-08
30.0,0.0,203.6782578125,2.597025e-08
30.0,0.0,203.6780078125,2.59583e-08
30.0,0.0,203.6777578125,2.58083e-08
30.0,0.0,203.6775078125,2.58483e-08
30.0,0.0,203.6772578125,2.592785e-08
30.0,0.0,203.6770078125,2.584425e-08
30.0,0.0,203.6767578125,2.58632e-08
30.0,0.0,203.6765078125,2.587875e-08
30.0,0.0,203.6762578125,2.5857700000000006e-08
30.0,0.0,203.6760078125,2.58671e-08
30.0,0.0,203.6757578125,2.5859400000000002e-08
30.0,0.0,203.6755078125,2.59107e-08
30.0,0.0,203.6752578125,2.59389e-08
30.0,0.0,203.6750078125,2.58794e-08
30.0,0.0,203.6747578125,2.59285e-08
30.0,0.0,203.6745078125,2.58546e-08
30.0,0.0,203.6742578125,2.597305e-08
30.0,0.0,203.6740078125,2.595305e-08
30.0,0.0,203.6737578125,2.59449e-08
30.0,0.0,203.6735078125,2.59019e-08
30.0,0.0,203.6732578125,2.590785e-08
30.0,0.0,203.6730078125,2.58423e-08
30.0,0.0,203.6727578125,2.579425e-08
30.0,0.0,203.6725078125,2.58384e-08
30.0,0.0,203.6722578125,2.58986e-08
30.0,0.0,203.6720078125,2.57693e-08
30.0,0.0,203.6717578125,2.579915e-08
30.0,0.0,203.6715078125,2.583065e-08
30.0,0.0,203.6712578125,2.58395e-08
30.0,0.0,203.6710078125,2.58984e-08
30.0,0.0,203.6707578125,2.589335e-08
30.0,0.0,203.6705078125,2.5859e-08
30.0,0.0,203.6702578125,2.5879350000000002e-08
30.0,0.0,203.6700078125,2.59202e-08
30.0,0.0,203.6697578125,2.59361e-08
30.0,0.0,203.6695078125,2.594455e-08
30.0,0.0,203.6692578125,2.584255e-08
30.0,0.0,203.6690078125,2.579505e-08
30.0,0.0,203.6687578125,2.5868700000000002e-08
30.0,0.0,203.6685078125,2.5756050000000002e-08
30.0,0.0,203.6682578125,2.575735e-08
30.0,0.0,203.6680078125,2.56474e-08
30.0,0.0,203.6677578125,2.55978e-08
30.0,0.0,203.6675078125,2.563385e-08
30.0,0.0,203.6672578125,2.56468e-08
30.0,0.0,203.6670078125,2.5606900000000003e-08
30.0,0.0,203.6667578125,2.56153e-08
30.0,0.0,203.6665078125,2.558795e-08
30.0,0.0,203.6662578125,2.55587e-08
30.0,0.0,203.6660078125,2.554435e-08
30.0,0.0,203.6657578125,2.56261e-08
30.0,0.0,203.6655078125,2.549015e-08
30.0,0.0,203.6652578125,2.55183e-08
30.0,0.0,203.6650078125,2.5548250000000002e-08
30.0,0.0,203.6647578125,2.5556e-08
30.0,0.0,203.6645078125,2.549285e-08
30.0,0.0,203.6642578125,2.54401e-08
30.0,0.0,203.6640078125,2.54722e-08
30.0,0.0,203.6637578125,2.55051e-08
30.0,0.0,203.6635078125,2.538745e-08
30.0,0.0,203.6632578125,2.53098e-08
30.0,0.0,203.6630078125,2.5299e-08
30.0,0.0,203.6627578125,2.53411e-08
30.0,0.0,203.6625078125,2.528025e-08
30.0,0.0,203.6622578125,2.533205e-08
30.0,0.0,203.6620078125,2.532625e-08
30.0,0.0,203.6617578125,2.53527e-08
30.0,0.0,203.6615078125,2.53966e-08
30.0,0.0,203.6612578125,2.532365e-08
30.0,0.0,203.6610078125,2.530095e-08
30.0,0.0,203.6607578125,2.533375e-08
30.0,0.0,203.6605078125,2.531915e-08
30.0,0.0,203.6602578125,2.53998e-08
30.0,0.0,203.6600078125,2.5391300000000002e-08
30.0,0.0,203.6597578125,2.53892e-08
30.0,0.0,203.6595078125,2.5276e-08
30.0,0.0,203.6592578125,2.53875e-08
30.0,0.0,203.6590078125,2.529115e-08
30.0,0.0,203.6587578125,2.52445e-08
30.0,0.0,203.6585078125,2.5300633333333337e-08
30.0,0.0,203.6582578125,2.52826e-08
30.0,0.0,203.6580078125,2.527185e-08
30.0,0.0,203.6577578125,2.52223e-08
30.0,0.0,203.6575078125,2.51076e-08
30.0,0.0,203.6572578125,2.505685e-08
30.0,0.0,203.6570078125,2.510975e-08
30.0,0.0,203.6567578125,2.49835e-08
30.0,0.0,203.6565078125,2.509625e-08
30.0,0.0,203.6562578125,2.5027900000000002e-08
30.0,0.0,203.6560078125,2.48735e-08
30.0,0.0,203.6557578125,2.486435e-08
30.0,0.0,203.6555078125,2.4834e-08
30.0,0.0,203.6552578125,2.484815e-08
30.0,0.0,203.6550078125,2.4812e-08
30.0,0.0,203.6547578125,2.475e-08
30.0,0.0,203.6545078125,2.48512e-08
30.0,0.0,203.6542578125,2.481945e-08
30.0,0.0,203.6540078125,2.48594e-08
30.0,0.0,203.6537578125,2.47858e-08
30.0,0.0,203.6535078125,2.4867666666666665e-08
30.0,0.0,203.6532578125,2.473265e-08
30.0,0.0,203.6530078125,2.46364e-08
30.0,0.0,203.6527578125,2.46114e-08
30.0,0.0,203.6525078125,2.44995e-08
30.0,0.0,203.6522578125,2.451055e-08
30.0,0.0,203.6520078125,2.44052e-08
30.0,0.0,203.6517578125,2.44244e-08
30.0,0.0,203.6515078125,2.432053333333333e-08
30.0,0.0,203.6512578125,2.42925e-08
30.0,0.0,203.6510078125,2.44163e-08
30.0,0.0,203.6507578125,2.4344250000000003e-08
30.0,0.0,203.6505078125,2.442605e-08
30.0,0.0,203.6502578125,2.454045e-08
30.0,0.0,203.6500078125,2.4522e-08
30.0,0.0,203.6497578125,2.46292e-08
30.0,0.0,203.6495078125,2.4602333333333333e-08
30.0,0.0,203.6492578125,2.46356e-08
30.0,0.0,203.6490078125,2.469685e-08
30.0,0.0,203.6487578125,2.4615600000000002e-08
30.0,0.0,203.6485078125,2.446935e-08
30.0,0.0,203.6482578125,2.445305e-08
30.0,0.0,203.6480078125,2.4394100000000002e-08
30.0,0.0,203.6477578125,2.433535e-08
30.0,0.0,203.6475078125,2.427885e-08
30.0,0.0,203.6472578125,2.417685e-08
30.0,0.0,203.6470078125,2.427575e-08
30.0,0.0,203.6467578125,2.4298e-08
30.0,0.0,203.6465078125,2.43961e-08
30.0,0.0,203.6462578125,2.4451800000000002e-08
30.0,0.0,203.6460078125,2.43567e-08
30.0,0.0,203.6457578125,2.447545e-08
30.0,0.0,203.6455078125,2.460325e-08
30.0,0.0,203.6452578125,2.467955e-08
30.0,0.0,203.6450078125,2.4767900000000002e-08
30.0,0.0,203.6447578125,2.4863300000000002e-08
30.0,0.0,203.6445078125,2.483373333333333e-08
30.0,0.0,203.6442578125,2.49036e-08
30.0,0.0,203.6440078125,2.51169e-08
30.0,0.0,203.6437578125,2.49495e-08
30.0,0.0,203.6435078125,2.4975350000000006e-08
30.0,0.0,203.6432578125,2.492e-08
30.0,0.0,203.6430078125,2.51237e-08
30.0,0.0,203.6427578125,2.503495e-08
30.0,0.0,203.6425078125,2.510033333333333e-08
30.0,0.0,203.6422578125,2.5173100000000002e-08
30.0,0.0,203.6420078125,2.50781e-08
30.0,0.0,203.6417578125,2.513695e-08
30.0,0.0,203.6415078125,2.526545e-08
30.0,0.0,203.6412578125,2.52439e-08
30.0,0.0,203.6410078125,2.51832e-08
30.0,0.0,203.6407578125,2.51971e-08
30.0,0.0,203.6405078125,2.52211e-08
30.0,0.0,203.6402578125,2.5115700000000002e-08
30.0,0.0,203.6400078125,2.508845e-08
30.0,0.0,203.6397578125,2.52907e-08
30.0,0.0,203.6395078125,2.535675e-08
30.0,0.0,203.6392578125,2.54932e-08
30.0,0.0,203.6390078125,2.56253e-08
30.0,0.0,203.6387578125,2.561895e-08
30.0,0.0,203.6385078125,2.5803e-08
30.0,0.0,203.6382578125,2.587015e-08
30.0,0.0,203.6380078125,2.60091e-08
30.0,0.0,203.6377578125,2.59121e-08
30.0,0.0,203.6375078125,2.54294e-08
30.0,0.0,203.6372578125,2.51584e-08
30.0,0.0,203.6370078125,2.5297e-08
30.0,0.0,203.6367578125,2.540885e-08
30.0,0.0,203.6365078125,2.573875e-08
30.0,0.0,203.6362578125,2.5789e-08
30.0,0.0,203.6360078125,2.5439150000000002e-08
30.0,0.0,203.6357578125,2.51971e-08
30.0,0.0,203.6355078125,2.486570000000001e-08
30.0,0.0,203.6352578125,2.4108400000000002e-08
30.0,0.0,203.6350078125,2.35049e-08
30.0,0.0,203.6347578125,2.341155e-08
30.0,0.0,203.6345078125,2.328035e-08
30.0,0.0,203.6342578125,2.316885e-08
30.0,0.0,203.6340078125,2.30894e-08
30.0,0.0,203.6337578125,2.32205e-08
30.0,0.0,203.6335078125,2.32059e-08
30.0,0.0,203.6332578125,2.317365e-08
30.0,0.0,203.6330078125,2.331115e-08
30.0,0.0,203.6327578125,2.347605e-08
30.0,0.0,203.6325078125,2.36048e-08
30.0,0.0,203.6322578125,2.380965e-08
30.0,0.0,203.6320078125,2.35751e-08
30.0,0.0,203.6317578125,2.349625e-08
30.0,0.0,203.6315078125,2.3416e-08
30.0,0.0,203.6312578125,2.35753e-08
30.0,0.0,203.6310078125,2.35777e-08
30.0,0.0,203.6307578125,2.34485e-08
30.0,0.0,203.6305078125,2.3602550000000002e-08
30.0,0.0,203.6302578125,2.36283e-08
30.0,0.0,203.6300078125,2.369325e-08
30.0,0.0,203.6297578125,2.378105e-08
30.0,0.0,203.6295078125,2.388595e-08
30.0,0.0,203.6292578125,2.401565e-08
30.0,0.0,203.6290078125,2.425145e-08
30.0,0.0,203.6287578125,2.450945e-08
30.0,0.0,203.6285078125,2.47511e-08
30.0,0.0,203.6282578125,2.49926e-08
30.0,0.0,203.6280078125,2.513095e-08
30.0,0.0,203.6277578125,2.54459e-08
30.0,0.0,203.6275078125,2.5608950000000002e-08
30.0,0.0,203.6272578125,2.5689e-08
30.0,0.0,203.6270078125,2.583875e-08
30.0,0.0,203.6267578125,2.578895e-08
30.0,0.0,203.6265078125,2.58599e-08
30.0,0.0,203.6262578125,2.59692e-08
30.0,0.0,203.6260078125,2.60185e-08
30.0,0.0,203.6257578125,2.613795000000001e-08
30.0,0.0,203.6255078125,2.62497e-08
30.0,0.0,203.6252578125,2.65477e-08
30.0,0.0,203.6250078125,2.66084e-08
30.0,0.0,203.6247578125,2.668015e-08
30.0,0.0,203.6245078125,2.684135e-08
30.0,0.0,203.6242578125,2.6978000000000002e-08
30.0,0.0,203.6240078125,2.71651e-08
30.0,0.0,203.6237578125,2.73286e-08
30.0,0.0,203.6235078125,2.73874e-08
30.0,0.0,203.6232578125,2.74844e-08
30.0,0.0,203.6230078125,2.769695e-08
30.0,0.0,203.6227578125,2.77391e-08
30.0,0.0,203.6225078125,2.791485e-08
30.0,0.0,203.6222578125,2.79934e-08
30.0,0.0,203.6220078125,2.793895e-08
30.0,0.0,203.6217578125,2.79652e-08
30.0,0.0,203.6215078125,2.790815e-08
30.0,0.0,203.6212578125,2.7837900000000002e-08
30.0,0.0,203.6210078125,2.795395e-08
30.0,0.0,203.6207578125,2.794015e-08
30.0,0.0,203.6205078125,2.7921250000000006e-08
30.0,0.0,203.6202578125,2.789785e-08
30.0,0.0,203.6200078125,2.78507e-08
30.0,0.0,203.6197578125,2.79212e-08
30.0,0.0,203.6195078125,2.7948650000000002e-08
30.0,0.0,203.6192578125,2.80864e-08
30.0,0.0,203.6190078125,2.823105e-08
30.0,0.0,203.6187578125,2.83904e-08
30.0,0.0,203.6185078125,2.848335e-08
30.0,0.0,203.6182578125,2.86315e-08
30.0,0.0,203.6180078125,2.8961066666666663e-08
30.0,0.0,203.6177578125,2.9249600000000002e-08
30.0,0.0,203.6175078125,2.94474e-08
30.0,0.0,203.6172578125,2.9646100000000002e-08
30.0,0.0,203.6170078125,2.9854850000000003e-08
30.0,0.0,203.6167578125,3.000935e-08
30.0,0.0,203.6165078125,3.0287549999999995e-08
30.0,0.0,203.6162578125,3.04453e-08
30.0,0.0,203.6160078125,3.0596850000000004e-08
30.0,0.0,203.6157578125,3.072475e-08
30.0,0.0,203.6155078125,3.087535e-08
30.0,0.0,203.6152578125,3.0849800000000004e-08
30.0,0.0,203.6150078125,3.07286e-08
30.0,0.0,203.6147578125,3.079335e-08
30.0,0.0,203.6145078125,3.087415e-08
30.0,0.0,203.6142578125,3.0979e-08
30.0,0.0,203.6140078125,3.08655e-08
30.0,0.0,203.6137578125,3.074945e-08
30.0,0.0,203.6135078125,3.0738300000000003e-08
30.0,0.0,203.6132578125,3.06572e-08
30.0,0.0,203.6130078125,3.0676433333333344e-08
30.0,0.0,203.6127578125,3.070095e-08
30.0,0.0,203.6125078125,3.09761e-08
30.0,0.0,203.6122578125,3.119975e-08
30.0,0.0,203.6120078125,3.1343100000000004e-08
30.0,0.0,203.6117578125,3.15973e-08
30.0,0.0,203.6115078125,3.18504e-08
30.0,0.0,203.6112578125,3.19478e-08
30.0,0.0,203.6110078125,3.20752e-08
30.0,0.0,203.6107578125,3.2189600000000004e-08
30.0,0.0,203.6105078125,3.2376e-08
30.0,0.0,203.6102578125,3.26073e-08
30.0,0.0,203.6100078125,3.27176e-08
30.0,0.0,203.6097578125,3.278605e-08
30.0,0.0,203.6095078125,3.28204e-08
30.0,0.0,203.6092578125,3.294605e-08
30.0,0.0,203.6090078125,3.30382e-08
30.0,0.0,203.6087578125,3.312805e-08
30.0,0.0,203.6085078125,3.30387e-08
30.0,0.0,203.6082578125,3.321545e-08
30.0,0.0,203.6080078125,3.327295e-08
30.0,0.0,203.6077578125,3.34529e-08
30.0,0.0,203.6075078125,3.3440300000000003e-08
30.0,0.0,203.6072578125,3.34476e-08
30.0,0.0,203.6070078125,3.354455e-08
30.0,0.0,203.6067578125,3.3521450000000004e-08
30.0,0.0,203.6065078125,3.350305e-08
30.0,0.0,203.6062578125,3.36536e-08
30.0,0.0,203.6060078125,3.36598e-08
30.0,0.0,203.6057578125,3.375515e-08
30.0,0.0,203.6055078125,3.38722e-08
30.0,0.0,203.6052578125,3.397905e-08
30.0,0.0,203.6050078125,3.4069399999999994e-08
30.0,0.0,203.6047578125,3.409335e-08
30.0,0.0,203.6045078125,3.3954e-08
30.0,0.0,203.6042578125,3.39897e-08
30.0,0.0,203.6040078125,3.4068633333333337e-08
30.0,0.0,203.6037578125,3.399745e-08
30.0,0.0,203.6035078125,3.40388e-08
30.0,0.0,203.6032578125,3.39032e-08
30.0,0.0,203.6030078125,3.372205e-08
30.0,0.0,203.6027578125,3.3719899999999995e-08
30.0,0.0,203.6025078125,3.3642600000000004e-08
30.0,0.0,203.6022578125,3.363275e-08
30.0,0.0,203.6020078125,3.3697033333333334e-08
30.0,0.0,203.6017578125,3.36737e-08
30.0,0.0,203.6015078125,3.36698e-08
30.0,0.0,203.6012578125,3.37153e-08
30.0,0.0,203.6010078125,3.36178e-08
30.0,0.0,203.6007578125,3.370395e-08
30.0,0.0,203.6005078125,3.3532e-08
30.0,0.0,203.6002578125,3.35061e-08
30.0,0.0,203.6000078125,3.33116e-08
30.0,0.0,203.5997578125,3.32121e-08
30.0,0.0,203.5995078125,3.309905e-08
30.0,0.0,203.5992578125,3.29419e-08
30.0,0.0,203.5990078125,3.28572e-08
30.0,0.0,203.5987578125,3.2799450000000006e-08
30.0,0.0,203.5985078125,3.267e-08
30.0,0.0,203.5982578125,3.2705050000000003e-08
30.0,0.0,203.5980078125,3.2688499999999995e-08
30.0,0.0,203.5977578125,3.267635e-08
30.0,0.0,203.5975078125,3.261675e-08
30.0,0.0,203.5972578125,3.268015e-08
30.0,0.0,203.5970078125,3.263455e-08
30.0,0.0,203.5967578125,3.2679350000000003e-08
30.0,0.0,203.5965078125,3.28173e-08
30.0,0.0,203.5962578125,3.267225e-08
30.0,0.0,203.5960078125,3.27603e-08
30.0,0.0,203.5957578125,3.26565e-08
30.0,0.0,203.5955078125,3.25723e-08
30.0,0.0,203.5952578125,3.2376600000000004e-08
30.0,0.0,203.5950078125,3.241845e-08
30.0,0.0,203.5947578125,3.236835e-08
30.0,0.0,203.5945078125,3.22855e-08
30.0,0.0,203.5942578125,3.23474e-08
30.0,0.0,203.5940078125,3.25256e-08
30.0,0.0,203.5937578125,3.2381850000000004e-08
30.0,0.0,203.5935078125,3.2355e-08
30.0,0.0,203.5932578125,3.2360800000000003e-08
30.0,0.0,203.5930078125,3.22604e-08
30.0,0.0,203.5927578125,3.208795e-08
30.0,0.0,203.5925078125,3.2048549999999994e-08
30.0,0.0,203.5922578125,3.19967e-08
30.0,0.0,203.5920078125,3.1904649999999994e-08
30.0,0.0,203.5917578125,3.18897e-08
30.0,0.0,203.5915078125,3.16415e-08
30.0,0.0,203.5912578125,3.1547e-08
30.0,0.0,203.5910078125,3.1385899999999995e-08
30.0,0.0,203.5907578125,3.12691e-08
30.0,0.0,203.5905078125,3.1279950000000003e-08
30.0,0.0,203.5902578125,3.13122e-08
30.0,0.0,203.5900078125,3.123335e-08
30.0,0.0,203.5897578125,3.13239e-08
30.0,0.0,203.5895078125,3.1289699999999995e-08
30.0,0.0,203.5892578125,3.1344e-08
30.0,0.0,203.5890078125,3.11825e-08
30.0,0.0,203.5887578125,3.11419e-08
30.0,0.0,203.5885078125,3.10775e-08
30.0,0.0,203.5882578125,3.086605e-08
30.0,0.0,203.5880078125,3.096095e-08
30.0,0.0,203.5877578125,3.08026e-08
30.0,0.0,203.5875078125,3.07072e-08
30.0,0.0,203.5872578125,3.0369950000000004e-08
30.0,0.0,203.5870078125,3.031185e-08
30.0,0.0,203.5867578125,3.02936e-08
30.0,0.0,203.5865078125,3.023775e-08
30.0,0.0,203.5862578125,3.02258e-08
30.0,0.0,203.5860078125,3.039725e-08
30.0,0.0,203.5857578125,3.03955e-08
30.0,0.0,203.5855078125,3.0679850000000006e-08
30.0,0.0,203.5852578125,3.0795700000000004e-08
30.0,0.0,203.5850078125,3.08707e-08
30.0,0.0,203.5847578125,3.09475e-08
30.0,0.0,203.5845078125,3.101975e-08
30.0,0.0,203.5842578125,3.1164550000000004e-08
30.0,0.0,203.5840078125,3.1122299999999995e-08
30.0,0.0,203.5837578125,3.113445e-08
30.0,0.0,203.5835078125,3.1033e-08
30.0,0.0,203.5832578125,3.09572e-08
30.0,0.0,203.5830078125,3.08193e-08
30.0,0.0,203.5827578125,3.08233e-08
30.0,0.0,203.5825078125,3.08069e-08
30.0,0.0,203.5822578125,3.068515e-08
30.0,0.0,203.5820078125,3.0651050000000004e-08
30.0,0.0,203.5817578125,3.04799e-08
30.0,0.0,203.5815078125,3.03089e-08
30.0,0.0,203.5812578125,3.0320500000000003e-08
30.0,0.0,203.5810078125,3.0303500000000004e-08
30.0,0.0,203.5807578125,3.03229e-08
30.0,0.0,203.5805078125,3.02707e-08
30.0,0.0,203.5802578125,3.01496e-08
30.0,0.0,203.5800078125,3.0160550000000003e-08
30.0,0.0,203.5797578125,3.00468e-08
30.0,0.0,203.5795078125,2.99286e-08
30.0,0.0,203.5792578125,2.979225e-08
30.0,0.0,203.5790078125,2.95623e-08
30.0,0.0,203.5787578125,2.93726e-08
30.0,0.0,203.5785078125,2.93534e-08
30.0,0.0,203.5782578125,2.9053550000000002e-08
30.0,0.0,203.5780078125,2.90799e-08
30.0,0.0,203.5777578125,2.89381e-08
30.0,0.0,203.5775078125,2.884015e-08
30.0,0.0,203.5772578125,2.86708e-08
30.0,0.0,203.5770078125,2.84455e-08
30.0,0.0,203.5767578125,2.840765e-08
30.0,0.0,203.5765078125,2.828555e-08
30.0,0.0,203.5762578125,2.81595e-08
30.0,0.0,203.5760078125,2.795485e-08
30.0,0.0,203.5757578125,2.781e-08
30.0,0.0,203.5755078125,2.7872e-08
30.0,0.0,203.5752578125,2.77833e-08
30.0,0.0,203.5750078125,2.759545e-08
30.0,0.0,203.5747578125,2.752665e-08
30.0,0.0,203.5745078125,2.755515e-08
30.0,0.0,203.5742578125,2.74224e-08
30.0,0.0,203.5740078125,2.74239e-08
30.0,0.0,203.5737578125,2.738645e-08
30.0,0.0,203.5735078125,2.735165e-08
30.0,0.0,203.5732578125,2.727965e-08
30.0,0.0,203.5730078125,2.7153000000000002e-08
30.0,0.0,203.5727578125,2.70657e-08
30.0,0.0,203.5725078125,2.6962400000000002e-08
30.0,0.0,203.5722578125,2.678635e-08
30.0,0.0,203.5720078125,2.673295e-08
30.0,0.0,203.5717578125,2.679875e-08
30.0,0.0,203.5715078125,2.6611050000000002e-08
30.0,0.0,203.5712578125,2.668305e-08
30.0,0.0,203.5710078125,2.66452e-08
30.0,0.0,203.5707578125,2.644375e-08
30.0,0.0,203.5705078125,2.6505500000000002e-08
30.0,0.0,203.5702578125,2.6202000000000002e-08
30.0,0.0,203.5700078125,2.65176e-08
30.0,0.0,203.5697578125,2.60323e-08
30.0,0.0,203.5695078125,2.611035e-08
30.0,0.0,203.5692578125,2.586665e-08
30.0,0.0,203.5690078125,2.5828e-08
30.0,0.0,203.5687578125,2.578605e-08
30.0,0.0,203.5685078125,2.570155e-08
30.0,0.0,203.5682578125,2.566875e-08
30.0,0.0,203.5680078125,2.570105e-08
30.0,0.0,203.5677578125,2.569575e-08
30.0,0.0,203.5675078125,2.57131e-08
30.0,0.0,203.5672578125,2.58606e-08
30.0,0.0,203.5670078125,2.57329e-08
30.0,0.0,203.5667578125,2.5554550000000002e-08
30.0,0.0,203.5665078125,2.55844e-08
30.0,0.0,203.5662578125,2.5541700000000002e-08
30.0,0.0,203.5660078125,2.543415e-08
30.0,0.0,203.5657578125,2.5295050000000002e-08
30.0,0.0,203.5655078125,2.511415e-08
30.0,0.0,203.5652578125,2.506495e-08
30.0,0.0,203.5650078125,2.4963400000000002e-08
30.0,0.0,203.5647578125,2.4833800000000002e-08
30.0,0.0,203.5645078125,2.46746e-08
30.0,0.0,203.5642578125,2.489455e-08
30.0,0.0,203.5640078125,2.46067e-08
30.0,0.0,203.5637578125,2.469335e-08
30.0,0.0,203.5635078125,2.45675e-08
30.0,0.0,203.5632578125,2.4682e-08
30.0,0.0,203.5630078125,2.46329e-08
30.0,0.0,203.5627578125,2.448245e-08
30.0,0.0,203.5625078125,2.44677e-08
30.0,0.0,203.5622578125,2.42478e-08
30.0,0.0,203.5620078125,2.43024e-08
30.0,0.0,203.5617578125,2.4441400000000002e-08
30.0,0.0,203.5615078125,2.423815e-08
30.0,0.0,203.5612578125,2.42305e-08
30.0,0.0,203.5610078125,2.4177550000000002e-08
30.0,0.0,203.5607578125,2.41651e-08
30.0,0.0,203.5605078125,2.4177300000000002e-08
30.0,0.0,203.5602578125,2.414735e-08
30.0,0.0,203.5600078125,2.40924e-08
30.0,0.0,203.5597578125,2.408905e-08
30.0,0.0,203.5595078125,2.3881450000000002e-08
30.0,0.0,203.5592578125,2.375685e-08
30.0,0.0,203.5590078125,2.38133e-08
30.0,0.0,203.5587578125,2.36811e-08
30.0,0.0,203.5585078125,2.3575750000000002e-08
30.0,0.0,203.5582578125,2.360935e-08
30.0,0.0,203.5580078125,2.33391e-08
30.0,0.0,203.5577578125,2.348725e-08
30.0,0.0,203.5575078125,2.334915e-08
30.0,0.0,203.5572578125,2.337e-08
30.0,0.0,203.5570078125,2.35189e-08
30.0,0.0,203.5567578125,2.33517e-08
30.0,0.0,203.5565078125,2.31813e-08
30.0,0.0,203.5562578125,2.32936e-08
30.0,0.0,203.5560078125,2.311115e-08
30.0,0.0,203.5557578125,2.3283e-08
30.0,0.0,203.5555078125,2.31511e-08
30.0,0.0,203.5552578125,2.301675e-08
30.0,0.0,203.5550078125,2.33134e-08
30.0,0.0,203.5547578125,2.31188e-08
30.0,0.0,203.5545078125,2.3191050000000002e-08
30.0,0.0,203.5542578125,2.303495e-08
30.0,0.0,203.5540078125,2.314085e-08
30.0,0.0,203.5537578125,2.3377e-08
30.0,0.0,203.5535078125,2.32119e-08
30.0,0.0,203.5532578125,2.32806e-08
30.0,0.0,203.5530078125,2.31683e-08
30.0,0.0,203.5527578125,2.315965e-08
30.0,0.0,203.5525078125,2.298085e-08
30.0,0.0,203.5522578125,2.32195e-08
30.0,0.0,203.5520078125,2.329465e-08
30.0,0.0,203.5517578125,2.32182e-08
30.0,0.0,203.5515078125,2.332575e-08
30.0,0.0,203.5512578125,2.33023e-08
30.0,0.0,203.5510078125,2.34472e-08
30.0,0.0,203.5507578125,2.36089e-08
30.0,0.0,203.5505078125,2.37261e-08
30.0,0.0,203.5502578125,2.3711e-08
30.0,0.0,203.5500078125,2.37568e-08
30.0,0.0,203.5497578125,2.37855e-08
30.0,0.0,203.5495078125,2.380555e-08
30.0,0.0,203.5492578125,2.3943500000000002e-08
30.0,0.0,203.5490078125,2.391515e-08
30.0,0.0,203.5487578125,2.38665e-08
30.0,0.0,203.5485078125,2.397225e-08
30.0,0.0,203.5482578125,2.41238e-08
30.0,0.0,203.5480078125,2.4063433333333333e-08
30.0,0.0,203.5477578125,2.4046850000000002e-08
30.0,0.0,203.5475078125,2.41597e-08
30.0,0.0,203.5472578125,2.4106200000000002e-08
30.0,0.0,203.5470078125,2.409315e-08
30.0,0.0,203.5467578125,2.40513e-08
30.0,0.0,203.5465078125,2.41205e-08
30.0,0.0,203.5462578125,2.39672e-08
30.0,0.0,203.5460078125,2.4116600000000002e-08
30.0,0.0,203.5457578125,2.391115e-08
30.0,0.0,203.5455078125,2.390485e-08
30.0,0.0,203.5452578125,2.379005e-08
30.0,0.0,203.5450078125,2.38434e-08
30.0,0.0,203.5447578125,2.389235e-08
30.0,0.0,203.5445078125,2.386405e-08
30.0,0.0,203.5442578125,2.36849e-08
30.0,0.0,203.5440078125,2.372565e-08
30.0,0.0,203.5437578125,2.36528e-08
30.0,0.0,203.5435078125,2.349685e-08
30.0,0.0,203.5432578125,2.3574e-08
30.0,0.0,203.5430078125,2.3601033333333334e-08
30.0,0.0,203.5427578125,2.318305e-08
30.0,0.0,203.5425078125,2.3208200000000006e-08
30.0,0.0,203.5422578125,2.32075e-08
30.0,0.0,203.5420078125,2.30452e-08
30.0,0.0,203.5417578125,2.303515e-08
30.0,0.0,203.5415078125,2.278925e-08
30.0,0.0,203.5412578125,2.27875e-08
30.0,0.0,203.5410078125,2.2792600000000006e-08
30.0,0.0,203.5407578125,2.27919e-08
30.0,0.0,203.5405078125,2.25495e-08
30.0,0.0,203.5402578125,2.24043e-08
30.0,0.0,203.5400078125,2.260315e-08
30.0,0.0,203.5397578125,2.262275e-08
30.0,0.0,203.5395078125,2.258655e-08
30.0,0.0,203.5392578125,2.23566e-08
30.0,0.0,203.5390078125,2.229445e-08
30.0,0.0,203.5387578125,2.23949e-08
30.0,0.0,203.5385078125,2.239285e-08
30.0,0.0,203.5382578125,2.22771e-08
30.0,0.0,203.5380078125,2.236625e-08
30.0,0.0,203.5377578125,2.22065e-08
30.0,0.0,203.5375078125,2.21548e-08
30.0,0.0,203.5372578125,2.231485e-08
30.0,0.0,203.5370078125,2.2248550000000002e-08
30.0,0.0,203.5367578125,2.2330300000000002e-08
30.0,0.0,203.5365078125,2.2353750000000006e-08
30.0,0.0,203.5362578125,2.23371e-08
30.0,0.0,203.5360078125,2.253955e-08
30.0,0.0,203.5357578125,2.24862e-08
30.0,0.0,203.5355078125,2.25559e-08
30.0,0.0,203.5352578125,2.26206e-08
30.0,0.0,203.5350078125,2.268235e-08
30.0,0.0,203.5347578125,2.263725e-08
30.0,0.0,203.5345078125,2.2755e-08
30.0,0.0,203.5342578125,2.285465e-08
30.0,0.0,203.5340078125,2.291485e-08
30.0,0.0,203.5337578125,2.3196250000000002e-08
30.0,0.0,203.5335078125,2.29872e-08
30.0,0.0,203.5332578125,2.31053e-08
30.0,0.0,203.5330078125,2.315945e-08
30.0,0.0,203.5327578125,2.33593e-08
30.0,0.0,203.5325078125,2.3361e-08
30.0,0.0,203.5322578125,2.347425e-08
30.0,0.0,203.5320078125,2.3734466666666664e-08
30.0,0.0,203.5317578125,2.377135e-08
30.0,0.0,203.5315078125,2.4023e-08
30.0,0.0,203.5312578125,2.397055e-08
30.0,0.0,203.5310078125,2.41846e-08
30.0,0.0,203.5307578125,2.428845e-08
30.0,0.0,203.5305078125,2.42988e-08
30.0,0.0,203.5302578125,2.436335e-08
30.0,0.0,203.5300078125,2.43412e-08
30.0,0.0,203.5297578125,2.4446050000000002e-08
30.0,0.0,203.5295078125,2.44628e-08
30.0,0.0,203.5292578125,2.4437300000000002e-08
30.0,0.0,203.5290078125,2.4398e-08
30.0,0.0,203.5287578125,2.46351e-08
30.0,0.0,203.5285078125,2.47412e-08
30.0,0.0,203.5282578125,2.465225e-08
30.0,0.0,203.5280078125,2.4611200000000002e-08
30.0,0.0,203.5277578125,2.49342e-08
30.0,0.0,203.5275078125,2.50477e-08
30.0,0.0,203.5272578125,2.492645e-08
30.0,0.0,203.5270078125,2.49679e-08
30.0,0.0,203.5267578125,2.49061e-08
30.0,0.0,203.5265078125,2.5027900000000002e-08
30.0,0.0,203.5262578125,2.49794e-08
30.0,0.0,203.5260078125,2.5188150000000002e-08
30.0,0.0,203.5257578125,2.51573e-08
30.0,0.0,203.5255078125,2.53609e-08
30.0,0.0,203.5252578125,2.52672e-08
30.0,0.0,203.5250078125,2.52716e-08
30.0,0.0,203.5247578125,2.5259033333333328e-08
30.0,0.0,203.5245078125,2.55422e-08
30.0,0.0,203.5242578125,2.561445e-08
30.0,0.0,203.5240078125,2.5449250000000002e-08
30.0,0.0,203.5237578125,2.570395e-08
30.0,0.0,203.5235078125,2.55391e-08
30.0,0.0,203.5232578125,2.555335e-08
30.0,0.0,203.5230078125,2.557035e-08
30.0,0.0,203.5227578125,2.562095e-08
30.0,0.0,203.5225078125,2.57414e-08
30.0,0.0,203.5222578125,2.567775e-08
30.0,0.0,203.5220078125,2.558005e-08
30.0,0.0,203.5217578125,2.55882e-08
30.0,0.0,203.5215078125,2.5509e-08
30.0,0.0,203.5212578125,2.56636e-08
30.0,0.0,203.5210078125,2.57985e-08
30.0,0.0,203.5207578125,2.57433e-08
30.0,0.0,203.5205078125,2.592315e-08
30.0,0.0,203.5202578125,2.58008e-08
30.0,0.0,203.5200078125,2.57952e-08
30.0,0.0,203.5197578125,2.58736e-08
30.0,0.0,203.5195078125,2.60026e-08
30.0,0.0,203.5192578125,2.583185e-08
30.0,0.0,203.5190078125,2.58853e-08
30.0,0.0,203.5187578125,2.59697e-08
30.0,0.0,203.5185078125,2.590595e-08
30.0,0.0,203.5182578125,2.611195e-08
30.0,0.0,203.5180078125,2.597275e-08
30.0,0.0,203.5177578125,2.61701e-08
30.0,0.0,203.5175078125,2.598585e-08
30.0,0.0,203.5172578125,2.602355e-08
30.0,0.0,203.5170078125,2.611885e-08
30.0,0.0,203.5167578125,2.60842e-08
30.0,0.0,203.5165078125,2.63635e-08
30.0,0.0,203.5162578125,2.6048600000000002e-08
30.0,0.0,203.5160078125,2.6242266666666668e-08
30.0,0.0,203.5157578125,2.61637e-08
30.0,0.0,203.5155078125,2.614865e-08
30.0,0.0,203.5152578125,2.624155e-08
30.0,0.0,203.5150078125,2.63171e-08
30.0,0.0,203.5147578125,2.6266000000000002e-08
30.0,0.0,203.5145078125,2.613495e-08
30.0,0.0,203.5142578125,2.627755e-08
30.0,0.0,203.5140078125,2.6109050000000002e-08
30.0,0.0,203.5137578125,2.59989e-08
30.0,0.0,203.5135078125,2.58328e-08
30.0,0.0,203.5132578125,2.6017700000000002e-08
30.0,0.0,203.5130078125,2.580455e-08
30.0,0.0,203.5127578125,2.57467e-08
30.0,0.0,203.5125078125,2.55907e-08
30.0,0.0,203.5122578125,2.586505e-08
30.0,0.0,203.5120078125,2.60634e-08
30.0,0.0,203.5117578125,2.61466e-08
30.0,0.0,203.5115078125,2.63973e-08
30.0,0.0,203.5112578125,2.661125e-08
30.0,0.0,203.5110078125,2.6487750000000002e-08
30.0,0.0,203.5107578125,2.65443e-08
30.0,0.0,203.5105078125,2.670925e-08
30.0,0.0,203.5102578125,2.67164e-08
30.0,0.0,203.5100078125,2.6780850000000002e-08
30.0,0.0,203.5097578125,2.68146e-08
30.0,0.0,203.5095078125,2.703035e-08
30.0,0.0,203.5092578125,2.685835e-08
30.0,0.0,203.5090078125,2.6745e-08
30.0,0.0,203.5087578125,2.67449e-08
30.0,0.0,203.5085078125,2.682315e-08
30.0,0.0,203.5082578125,2.681535e-08
30.0,0.0,203.5080078125,2.68247e-08
30.0,0.0,203.5077578125,2.68385e-08
30.0,0.0,203.5075078125,2.6781400000000002e-08
30.0,0.0,203.5072578125,2.68362e-08
30.0,0.0,203.5070078125,2.699895e-08
30.0,0.0,203.5067578125,2.677995e-08
30.0,0.0,203.5065078125,2.684075e-08
30.0,0.0,203.5062578125,2.6860950000000002e-08
30.0,0.0,203.5060078125,2.697235e-08
30.0,0.0,203.5057578125,2.69721e-08
30.0,0.0,203.5055078125,2.6978800000000002e-08
30.0,0.0,203.5052578125,2.7071e-08
30.0,0.0,203.5050078125,2.707445e-08
30.0,0.0,203.5047578125,2.727855e-08
30.0,0.0,203.5045078125,2.71966e-08
30.0,0.0,203.5042578125,2.714865e-08
30.0,0.0,203.5040078125,2.71067e-08
30.0,0.0,203.5037578125,2.70475e-08
30.0,0.0,203.5035078125,2.704285e-08
30.0,0.0,203.5032578125,2.721865e-08
30.0,0.0,203.5030078125,2.722255e-08
30.0,0.0,203.5027578125,2.723135e-08
30.0,0.0,203.5025078125,2.719495e-08
30.0,0.0,203.5022578125,2.724825e-08
30.0,0.0,203.5020078125,2.7304200000000002e-08
30.0,0.0,203.5017578125,2.77036e-08
30.0,0.0,203.5015078125,2.732185e-08
30.0,0.0,203.5012578125,2.7211e-08
30.0,0.0,203.5010078125,2.72067e-08
30.0,0.0,203.5007578125,2.71511e-08
30.0,0.0,203.5005078125,2.72031e-08
30.0,0.0,203.5002578125,2.707895e-08
30.0,0.0,203.5000078125,2.7096400000000002e-08
30.0,0.0,203.4997578125,2.71113e-08
30.0,0.0,203.4995078125,2.7130300000000002e-08
30.0,0.0,203.4992578125,2.700155e-08
30.0,0.0,203.4990078125,2.71122e-08
30.0,0.0,203.4987578125,2.70323e-08
30.0,0.0,203.4985078125,2.70697e-08
30.0,0.0,203.4982578125,2.699695e-08
30.0,0.0,203.4980078125,2.71317e-08
30.0,0.0,203.4977578125,2.69375e-08
30.0,0.0,203.4975078125,2.716695e-08
30.0,0.0,203.4972578125,2.7284500000000002e-08
30.0,0.0,203.4970078125,2.73282e-08
30.0,0.0,203.4967578125,2.739285e-08
30.0,0.0,203.4965078125,2.7382950000000002e-08
30.0,0.0,203.4962578125,2.72794e-08
30.0,0.0,203.4960078125,2.733815e-08
30.0,0.0,203.4957578125,2.722485e-08
30.0,0.0,203.4955078125,2.740035e-08
30.0,0.0,203.4952578125,2.749275e-08
30.0,0.0,203.4950078125,2.74178e-08
30.0,0.0,203.4947578125,2.7564500000000002e-08
30.0,0.0,203.4945078125,2.74724e-08
30.0,0.0,203.4942578125,2.754875e-08
30.0,0.0,203.4940078125,2.7653e-08
30.0,0.0,203.4937578125,2.75266e-08
30.0,0.0,203.4935078125,2.7629066666666668e-08
30.0,0.0,203.4932578125,2.783745e-08
30.0,0.0,203.4930078125,2.7997e-08
30.0,0.0,203.4927578125,2.7921850000000002e-08
30.0,0.0,203.4925078125,2.80032e-08
30.0,0.0,203.4922578125,2.80454e-08
30.0,0.0,203.4920078125,2.81861e-08
30.0,0.0,203.4917578125,2.83035e-08
30.0,0.0,203.4915078125,2.85063e-08
30.0,0.0,203.4912578125,2.858445e-08
30.0,0.0,203.4910078125,2.86463e-08
30.0,0.0,203.4907578125,2.87962e-08
30.0,0.0,203.4905078125,2.8910850000000002e-08
30.0,0.0,203.4902578125,2.90189e-08
30.0,0.0,203.4900078125,2.89593e-08
30.0,0.0,203.4897578125,2.906935e-08
30.0,0.0,203.4895078125,2.923465e-08
30.0,0.0,203.4892578125,2.925415e-08
30.0,0.0,203.4890078125,2.941945e-08
30.0,0.0,203.4887578125,2.94643e-08
30.0,0.0,203.4885078125,2.934770000000001e-08
30.0,0.0,203.4882578125,2.96023e-08
30.0,0.0,203.4880078125,2.96894e-08
30.0,0.0,203.4877578125,2.97414e-08
30.0,0.0,203.4875078125,2.976355e-08
30.0,0.0,203.4872578125,2.980265e-08
30.0,0.0,203.4870078125,2.98408e-08
30.0,0.0,203.4867578125,2.99894e-08
30.0,0.0,203.4865078125,2.9683800000000002e-08
30.0,0.0,203.4862578125,2.987885e-08
30.0,0.0,203.4860078125,2.99839e-08
30.0,0.0,203.4857578125,2.97753e-08
30.0,0.0,203.4855078125,3.00015e-08
30.0,0.0,203.4852578125,2.9929500000000003e-08
30.0,0.0,203.4850078125,2.96588e-08
30.0,0.0,203.4847578125,3.0109e-08
30.0,0.0,203.4845078125,3.01877e-08
30.0,0.0,203.4842578125,3.005625e-08
30.0,0.0,203.4840078125,3.0177999999999994e-08
30.0,0.0,203.4837578125,3.04753e-08
30.0,0.0,203.4835078125,2.9966649999999994e-08
30.0,0.0,203.4832578125,3.0118350000000004e-08
30.0,0.0,203.4830078125,3.03794e-08
30.0,0.0,203.4827578125,3.017e-08
30.0,0.0,203.4825078125,3.00002e-08
30.0,0.0,203.4822578125,3.01074e-08
30.0,0.0,203.4820078125,3.00282e-08
30.0,0.0,203.4817578125,3.0085499999999995e-08
30.0,0.0,203.4815078125,3.012045e-08
30.0,0.0,203.4812578125,2.997975e-08
30.0,0.0,203.4810078125,2.9945e-08
30.0,0.0,203.4807578125,2.993e-08
30.0,0.0,203.4805078125,2.956335e-08
30.0,0.0,203.4802578125,3.005805e-08
30.0,0.0,203.4800078125,2.993395e-08
30.0,0.0,203.4797578125,2.979355e-08
30.0,0.0,203.4795078125,2.98604e-08
30.0,0.0,203.4792578125,2.98419e-08
30.0,0.0,203.4790078125,2.97772e-08
30.0,0.0,203.4787578125,2.97011e-08
30.0,0.0,203.4785078125,2.9542450000000002e-08
30.0,0.0,203.4782578125,2.96252e-08
30.0,0.0,203.4780078125,2.96347e-08
30.0,0.0,203.4777578125,2.946465e-08
30.0,0.0,203.4775078125,2.91294e-08
30.0,0.0,203.4772578125,2.92564e-08
30.0,0.0,203.4770078125,2.909905e-08
30.0,0.0,203.4767578125,2.935775e-08
30.0,0.0,203.4765078125,2.913715e-08
30.0,0.0,203.4762578125,2.92001e-08
30.0,0.0,203.4760078125,2.909605e-08
30.0,0.0,203.4757578125,2.908155e-08
30.0,0.0,203.4755078125,2.90875e-08
30.0,0.0,203.4752578125,2.895475e-08
30.0,0.0,203.4750078125,2.872575e-08
30.0,0.0,203.4747578125,2.8898800000000002e-08
30.0,0.0,203.4745078125,2.88192e-08
30.0,0.0,203.4742578125,2.85856e-08
30.0,0.0,203.4740078125,2.87276e-08
30.0,0.0,203.4737578125,2.83914e-08
30.0,0.0,203.4735078125,2.865595e-08
30.0,0.0,203.4732578125,2.84945e-08
30.0,0.0,203.4730078125,2.849745e-08
30.0,0.0,203.4727578125,2.82022e-08
30.0,0.0,203.4725078125,2.80254e-08
30.0,0.0,203.4722578125,2.77498e-08
30.0,0.0,203.4720078125,2.791945e-08
30.0,0.0,203.4717578125,2.780425e-08
30.0,0.0,203.4715078125,2.77852e-08
30.0,0.0,203.4712578125,2.76437e-08
30.0,0.0,203.4710078125,2.75556e-08
30.0,0.0,203.4707578125,2.77852e-08
30.0,0.0,203.4705078125,2.7495600000000002e-08
30.0,0.0,203.4702578125,2.68682e-08
30.0,0.0,203.4700078125,2.74834e-08
30.0,0.0,203.4697578125,2.742715e-08
30.0,0.0,203.4695078125,2.75151e-08
30.0,0.0,203.4692578125,2.748745e-08
30.0,0.0,203.4690078125,2.754095e-08
30.0,0.0,203.4687578125,2.749225e-08
30.0,0.0,203.4685078125,2.7641e-08
30.0,0.0,203.4682578125,2.74679e-08
30.0,0.0,203.4680078125,2.75625e-08
30.0,0.0,203.4677578125,2.7348e-08
30.0,0.0,203.4675078125,2.7308850000000002e-08
30.0,0.0,203.4672578125,2.74199e-08
30.0,0.0,203.4670078125,2.715e-08
30.0,0.0,203.4667578125,2.733185e-08
30.0,0.0,203.4665078125,2.702525e-08
30.0,0.0,203.4662578125,2.7311300000000002e-08
30.0,0.0,203.4660078125,2.72709e-08
30.0,0.0,203.4657578125,2.791915e-08
30.0,0.0,203.4655078125,2.7305000000000002e-08
30.0,0.0,203.4652578125,2.73062e-08
30.0,0.0,203.4650078125,2.73174e-08
30.0,0.0,203.4647578125,2.7277650000000002e-08
30.0,0.0,203.4645078125,2.727595e-08
30.0,0.0,203.4642578125,2.719545e-08
30.0,0.0,203.4640078125,2.72452e-08
30.0,0.0,203.4637578125,2.747505e-08
30.0,0.0,203.4635078125,2.734645e-08
30.0,0.0,203.4632578125,2.76314e-08
30.0,0.0,203.4630078125,2.741895e-08
30.0,0.0,203.4627578125,2.73264e-08
30.0,0.0,203.4625078125,2.742265e-08
30.0,0.0,203.4622578125,2.71639e-08
30.0,0.0,203.4620078125,2.73767e-08
30.0,0.0,203.4617578125,2.74013e-08
30.0,0.0,203.4615078125,2.72384e-08
30.0,0.0,203.4612578125,2.754415e-08
30.0,0.0,203.4610078125,2.752775e-08
30.0,0.0,203.4607578125,2.7742e-08
30.0,0.0,203.4605078125,2.752705e-08
30.0,0.0,203.4602578125,2.78645e-08
30.0,0.0,203.4600078125,2.7557466666666674e-08
30.0,0.0,203.4597578125,2.76109e-08
30.0,0.0,203.4595078125,2.78089e-08
30.0,0.0,203.4592578125,2.755305e-08
30.0,0.0,203.4590078125,2.77202e-08
30.0,0.0,203.4587578125,2.77184e-08
30.0,0.0,203.4585078125,2.74754e-08
30.0,0.0,203.4582578125,2.74546e-08
30.0,0.0,203.4580078125,2.7338466666666667e-08
30.0,0.0,203.4577578125,2.72851e-08
30.0,0.0,203.4575078125,2.70607e-08
30.0,0.0,203.4572578125,2.69392e-08
30.0,0.0,203.4570078125,2.660315e-08
30.0,0.0,203.4567578125,2.635615e-08
30.0,0.0,203.4565078125,2.62346e-08
30.0,0.0,203.4562578125,2.6235900000000002e-08
30.0,0.0,203.4560078125,2.6257500000000002e-08
30.0,0.0,203.4557578125,2.586865e-08
30.0,0.0,203.4555078125,2.539875e-08
30.0,0.0,203.4552578125,2.55612e-08
30.0,0.0,203.4550078125,2.52123e-08
30.0,0.0,203.4547578125,2.5530750000000002e-08
30.0,0.0,203.4545078125,2.53048e-08
30.0,0.0,203.4542578125,2.56037e-08
30.0,0.0,203.4540078125,2.53217e-08
30.0,0.0,203.4537578125,2.539105e-08
30.0,0.0,203.4535078125,2.55042e-08
30.0,0.0,203.4532578125,2.53773e-08
30.0,0.0,203.4530078125,2.5193550000000006e-08
30.0,0.0,203.4527578125,2.5305966666666666e-08
30.0,0.0,203.4525078125,2.50214e-08
30.0,0.0,203.4522578125,2.48969e-08
30.0,0.0,203.4520078125,2.496965e-08
30.0,0.0,203.4517578125,2.508665e-08
30.0,0.0,203.4515078125,2.5031200000000002e-08
30.0,0.0,203.4512578125,2.4840350000000002e-08
30.0,0.0,203.4510078125,2.4587833333333334e-08
30.0,0.0,203.4507578125,2.4259050000000002e-08
30.0,0.0,203.4505078125,2.4645400000000002e-08
30.0,0.0,203.4502578125,2.4540400000000002e-08
30.0,0.0,203.4500078125,2.41806e-08
30.0,0.0,203.4497578125,2.38085e-08
30.0,0.0,203.4495078125,2.40293e-08
30.0,0.0,203.4492578125,2.42692e-08
30.0,0.0,203.4490078125,2.41879e-08
30.0,0.0,203.4487578125,2.395735e-08
30.0,0.0,203.4485078125,2.39959e-08
30.0,0.0,203.4482578125,2.396465e-08
30.0,0.0,203.4480078125,2.428485e-08
30.0,0.0,203.4477578125,2.4338e-08
30.0,0.0,203.4475078125,2.37504e-08
30.0,0.0,203.4472578125,2.428325e-08
30.0,0.0,203.4470078125,2.43697e-08
30.0,0.0,203.4467578125,2.441495e-08
30.0,0.0,203.4465078125,2.43569e-08
30.0,0.0,203.4462578125,2.43623e-08
30.0,0.0,203.4460078125,2.4170833333333327e-08
30.0,0.0,203.4457578125,2.38146e-08
30.0,0.0,203.4455078125,2.40052e-08
30.0,0.0,203.4452578125,2.403635e-08
30.0,0.0,203.4450078125,2.38854e-08
30.0,0.0,203.4447578125,2.3732600000000003e-08
30.0,0.0,203.4445078125,2.35037e-08
30.0,0.0,203.4442578125,2.37593e-08
30.0,0.0,203.4440078125,2.352355e-08
30.0,0.0,203.4437578125,2.35277e-08
30.0,0.0,203.4435078125,2.37096e-08
30.0,0.0,203.4432578125,2.374275e-08
30.0,0.0,203.4430078125,2.352505e-08
30.0,0.0,203.4427578125,2.364115e-08
30.0,0.0,203.4425078125,2.34131e-08
30.0,0.0,203.4422578125,2.356805e-08
30.0,0.0,203.4420078125,2.340925e-08
30.0,0.0,203.4417578125,2.33857e-08
30.0,0.0,203.4415078125,2.321505e-08
30.0,0.0,203.4412578125,2.333345e-08
30.0,0.0,203.4410078125,2.30549e-08
30.0,0.0,203.4407578125,2.33397e-08
30.0,0.0,203.4405078125,2.332125e-08
30.0,0.0,203.4402578125,2.3167e-08
30.0,0.0,203.4400078125,2.296175e-08
30.0,0.0,203.4397578125,2.31682e-08
30.0,0.0,203.4395078125,2.338385e-08
30.0,0.0,203.4392578125,2.30842e-08
30.0,0.0,203.4390078125,2.28269e-08
30.0,0.0,203.4387578125,2.3153e-08
30.0,0.0,203.4385078125,2.298015e-08
30.0,0.0,203.4382578125,2.282075e-08
30.0,0.0,203.4380078125,2.302765e-08
30.0,0.0,203.4377578125,2.291745e-08
30.0,0.0,203.4375078125,2.31511e-08
30.0,0.0,203.4372578125,2.3114200000000002e-08
30.0,0.0,203.4370078125,2.327615e-08
30.0,0.0,203.4367578125,2.30996e-08
30.0,0.0,203.4365078125,2.32241e-08
30.0,0.0,203.4362578125,2.2819450000000002e-08
30.0,0.0,203.4360078125,2.294e-08
30.0,0.0,203.4357578125,2.31436e-08
30.0,0.0,203.4355078125,2.3122400000000002e-08
30.0,0.0,203.4352578125,2.29943e-08
30.0,0.0,203.4350078125,2.29517e-08
30.0,0.0,203.4347578125,2.300745e-08
30.0,0.0,203.4345078125,2.2926850000000006e-08
30.0,0.0,203.4342578125,2.283755e-08
30.0,0.0,203.4340078125,2.31675e-08
30.0,0.0,203.4337578125,2.29624e-08
30.0,0.0,203.4335078125,2.29317e-08
30.0,0.0,203.4332578125,2.295365e-08
30.0,0.0,203.4330078125,2.34077e-08
30.0,0.0,203.4327578125,2.35578e-08
30.0,0.0,203.4325078125,2.353715e-08
30.0,0.0,203.4322578125,2.335915e-08
30.0,0.0,203.4320078125,2.34842e-08
30.0,0.0,203.4317578125,2.35641e-08
30.0,0.0,203.4315078125,2.37274e-08
30.0,0.0,203.4312578125,2.37793e-08
30.0,0.0,203.4310078125,2.3928200000000002e-08
30.0,0.0,203.4307578125,2.399965e-08
30.0,0.0,203.4305078125,2.39717e-08
30.0,0.0,203.4302578125,2.423025e-08
30.0,0.0,203.4300078125,2.4099e-08
30.0,0.0,203.4297578125,2.4522900000000002e-08
30.0,0.0,203.4295078125,2.42364e-08
30.0,0.0,203.4292578125,2.42602e-08
30.0,0.0,203.4290078125,2.422115e-08
30.0,0.0,203.4287578125,2.440155e-08
30.0,0.0,203.4285078125,2.4678750000000002e-08
30.0,0.0,203.4282578125,2.45821e-08
30.0,0.0,203.4280078125,2.431010000000001e-08
30.0,0.0,203.4277578125,2.45974e-08
30.0,0.0,203.4275078125,2.4658500000000002e-08
30.0,0.0,203.4272578125,2.48572e-08
30.0,0.0,203.4270078125,2.477025e-08
30.0,0.0,203.4267578125,2.47328e-08
30.0,0.0,203.4265078125,2.48835e-08
30.0,0.0,203.4262578125,2.48343e-08
30.0,0.0,203.4260078125,2.49112e-08
30.0,0.0,203.4257578125,2.502075e-08
30.0,0.0,203.4255078125,2.518205e-08
30.0,0.0,203.4252578125,2.516055e-08
30.0,0.0,203.4250078125,2.53505e-08
30.0,0.0,203.4247578125,2.53512e-08
30.0,0.0,203.4245078125,2.5559e-08
30.0,0.0,203.4242578125,2.55501e-08
30.0,0.0,203.4240078125,2.53647e-08
30.0,0.0,203.4237578125,2.5544700000000002e-08
30.0,0.0,203.4235078125,2.5598000000000002e-08
30.0,0.0,203.4232578125,2.552605e-08
30.0,0.0,203.4230078125,2.55995e-08
30.0,0.0,203.4227578125,2.557925e-08
30.0,0.0,203.4225078125,2.56309e-08
30.0,0.0,203.4222578125,2.567325e-08
30.0,0.0,203.4220078125,2.578095e-08
30.0,0.0,203.4217578125,2.59618e-08
30.0,0.0,203.4215078125,2.58339e-08
30.0,0.0,203.4212578125,2.59165e-08
30.0,0.0,203.4210078125,2.56331e-08
30.0,0.0,203.4207578125,2.575135e-08
30.0,0.0,203.4205078125,2.59554e-08
30.0,0.0,203.4202578125,2.5650500000000002e-08
30.0,0.0,203.4200078125,2.5907250000000002e-08
30.0,0.0,203.4197578125,2.57827e-08
30.0,0.0,203.4195078125,2.5920966666666668e-08
30.0,0.0,203.4192578125,2.599865e-08
30.0,0.0,203.4190078125,2.59659e-08
30.0,0.0,203.4187578125,2.600455e-08
30.0,0.0,203.4185078125,2.609215e-08
30.0,0.0,203.4182578125,2.608185e-08
30.0,0.0,203.4180078125,2.6013900000000002e-08
30.0,0.0,203.4177578125,2.588355e-08
30.0,0.0,203.4175078125,2.60094e-08
30.0,0.0,203.4172578125,2.623265e-08
30.0,0.0,203.4170078125,2.6110900000000006e-08
30.0,0.0,203.4167578125,2.62354e-08
30.0,0.0,203.4165078125,2.616735e-08
30.0,0.0,203.4162578125,2.6314050000000006e-08
30.0,0.0,203.4160078125,2.6201e-08
30.0,0.0,203.4157578125,2.6212400000000002e-08
30.0,0.0,203.4155078125,2.62116e-08
30.0,0.0,203.4152578125,2.624435e-08
30.0,0.0,203.4150078125,2.63578e-08
30.0,0.0,203.4147578125,2.616135e-08
30.0,0.0,203.4145078125,2.6102633333333333e-08
30.0,0.0,203.4142578125,2.6066950000000002e-08
30.0,0.0,203.4140078125,2.60514e-08
30.0,0.0,203.4137578125,2.6191900000000002e-08
30.0,0.0,203.4135078125,2.6109e-08
30.0,0.0,203.4132578125,2.629735e-08
30.0,0.0,203.4130078125,2.55598e-08
30.0,0.0,203.4127578125,2.61704e-08
30.0,0.0,203.4125078125,2.6348300000000002e-08
30.0,0.0,203.4122578125,2.6197650000000002e-08
30.0,0.0,203.4120078125,2.6127900000000002e-08
30.0,0.0,203.4117578125,2.631735e-08
30.0,0.0,203.4115078125,2.60148e-08
30.0,0.0,203.4112578125,2.613085e-08
30.0,0.0,203.4110078125,2.6152e-08
30.0,0.0,203.4107578125,2.60972e-08
30.0,0.0,203.4105078125,2.61457e-08
30.0,0.0,203.4102578125,2.617225e-08
30.0,0.0,203.4100078125,2.608205e-08
30.0,0.0,203.4097578125,2.608405e-08
30.0,0.0,203.4095078125,2.615e-08
30.0,0.0,203.4092578125,2.613355e-08
30.0,0.0,203.4090078125,2.61962e-08
30.0,0.0,203.4087578125,2.6118900000000002e-08
30.0,0.0,203.4085078125,2.590075e-08
30.0,0.0,203.4082578125,2.612085e-08
30.0,0.0,203.4080078125,2.616275e-08
30.0,0.0,203.4077578125,2.62713e-08
30.0,0.0,203.4075078125,2.614985e-08
30.0,0.0,203.4072578125,2.6144e-08
30.0,0.0,203.4070078125,2.62768e-08
30.0,0.0,203.4067578125,2.627535e-08
30.0,0.0,203.4065078125,2.6256700000000002e-08
30.0,0.0,203.4062578125,2.621005e-08
30.0,0.0,203.4060078125,2.61289e-08
30.0,0.0,203.4057578125,2.636725e-08
30.0,0.0,203.4055078125,2.6280833333333328e-08
30.0,0.0,203.4052578125,2.6298e-08
30.0,0.0,203.4050078125,2.628635e-08
30.0,0.0,203.4047578125,2.622775e-08
30.0,0.0,203.4045078125,2.62948e-08
30.0,0.0,203.4042578125,2.61655e-08
30.0,0.0,203.4040078125,2.63514e-08
30.0,0.0,203.4037578125,2.631825e-08
30.0,0.0,203.4035078125,2.6278300000000002e-08
30.0,0.0,203.4032578125,2.6313300000000002e-08
30.0,0.0,203.4030078125,2.6326700000000002e-08
30.0,0.0,203.4027578125,2.6373450000000002e-08
30.0,0.0,203.4025078125,2.6634200000000003e-08
30.0,0.0,203.4022578125,2.6187500000000002e-08
30.0,0.0,203.4020078125,2.66524e-08
30.0,0.0,203.4017578125,2.64721e-08
30.0,0.0,203.4015078125,2.6575250000000002e-08
30.0,0.0,203.4012578125,2.6538500000000003e-08
30.0,0.0,203.4010078125,2.637025e-08
30.0,0.0,203.4007578125,2.645715e-08
30.0,0.0,203.4005078125,2.621065e-08
30.0,0.0,203.4002578125,2.62324e-08
30.0,0.0,203.4000078125,2.6234550000000002e-08
30.0,0.0,203.3997578125,2.628055e-08
30.0,0.0,203.3995078125,2.634635e-08
30.0,0.0,203.3992578125,2.637575e-08
30.0,0.0,203.3990078125,2.63723e-08
30.0,0.0,203.3987578125,2.64516e-08
30.0,0.0,203.3985078125,2.63886e-08
30.0,0.0,203.3982578125,2.62211e-08
30.0,0.0,203.3980078125,2.65456e-08
30.0,0.0,203.3977578125,2.639665e-08
30.0,0.0,203.3975078125,2.63775e-08
30.0,0.0,203.3972578125,2.66334e-08
30.0,0.0,203.3970078125,2.65299e-08
30.0,0.0,203.3967578125,2.66651e-08
30.0,0.0,203.3965078125,2.679435e-08
30.0,0.0,203.3962578125,2.68859e-08
30.0,0.0,203.3960078125,2.684825e-08
30.0,0.0,203.3957578125,2.69984e-08
30.0,0.0,203.3955078125,2.68908e-08
30.0,0.0,203.3952578125,2.70781e-08
30.0,0.0,203.3950078125,2.704105e-08
30.0,0.0,203.3947578125,2.720435e-08
30.0,0.0,203.3945078125,2.73706e-08
30.0,0.0,203.3942578125,2.71595e-08
30.0,0.0,203.3940078125,2.72668e-08
30.0,0.0,203.3937578125,2.73735e-08
30.0,0.0,203.3935078125,2.73543e-08
30.0,0.0,203.3932578125,2.74783e-08
30.0,0.0,203.3930078125,2.736525e-08
30.0,0.0,203.3927578125,2.761595e-08
30.0,0.0,203.3925078125,2.7489e-08
30.0,0.0,203.3922578125,2.77226e-08
30.0,0.0,203.3920078125,2.754545e-08
30.0,0.0,203.3917578125,2.784355e-08
30.0,0.0,203.3915078125,2.78932e-08
30.0,0.0,203.3912578125,2.80232e-08
30.0,0.0,203.3910078125,2.800145e-08
30.0,0.0,203.3907578125,2.8001150000000002e-08
30.0,0.0,203.3905078125,2.80171e-08
30.0,0.0,203.3902578125,2.80253e-08
30.0,0.0,203.3900078125,2.803185e-08
30.0,0.0,203.3897578125,2.824715e-08
30.0,0.0,203.3895078125,2.831665e-08
30.0,0.0,203.3892578125,2.8379e-08
30.0,0.0,203.3890078125,2.8517600000000006e-08
30.0,0.0,203.3887578125,2.8571250000000002e-08
30.0,0.0,203.3885078125,2.86524e-08
30.0,0.0,203.3882578125,2.85627e-08
30.0,0.0,203.3880078125,2.870843333333333e-08
30.0,0.0,203.3877578125,2.9135600000000002e-08
30.0,0.0,203.3875078125,2.8906750000000002e-08
30.0,0.0,203.3872578125,2.910025e-08
30.0,0.0,203.3870078125,2.91411e-08
30.0,0.0,203.3867578125,2.92278e-08
30.0,0.0,203.3865078125,2.928585e-08
30.0,0.0,203.3862578125,2.91831e-08
30.0,0.0,203.3860078125,2.946200000000001e-08
30.0,0.0,203.3857578125,2.94891e-08
30.0,0.0,203.3855078125,2.9562e-08
30.0,0.0,203.3852578125,2.977635e-08
30.0,0.0,203.3850078125,2.97111e-08
30.0,0.0,203.3847578125,2.98029e-08
30.0,0.0,203.3845078125,2.98732e-08
30.0,0.0,203.3842578125,2.98285e-08
30.0,0.0,203.3840078125,2.980715e-08
30.0,0.0,203.3837578125,2.99149e-08
30.0,0.0,203.3835078125,2.995425e-08
30.0,0.0,203.3832578125,2.9993400000000004e-08
30.0,0.0,203.3830078125,2.972385e-08
30.0,0.0,203.3827578125,2.98525e-08
30.0,0.0,203.3825078125,2.99525e-08
30.0,0.0,203.3822578125,2.948405e-08
30.0,0.0,203.3820078125,2.980625e-08
30.0,0.0,203.3817578125,2.9579900000000002e-08
30.0,0.0,203.3815078125,2.96168e-08
30.0,0.0,203.3812578125,2.931555e-08
30.0,0.0,203.3810078125,2.8952950000000002e-08
30.0,0.0,203.3807578125,2.86824e-08
30.0,0.0,203.3805078125,2.8204e-08
30.0,0.0,203.3802578125,2.7895900000000002e-08
30.0,0.0,203.3800078125,2.744765e-08
30.0,0.0,203.3797578125,2.698105e-08
30.0,0.0,203.3795078125,2.64947e-08
30.0,0.0,203.3792578125,2.60617e-08
30.0,0.0,203.3790078125,2.531216666666667e-08
30.0,0.0,203.3787578125,2.45961e-08
30.0,0.0,203.3785078125,2.39122e-08
30.0,0.0,203.3782578125,2.32179e-08
30.0,0.0,203.3780078125,2.242125e-08
30.0,0.0,203.3777578125,2.171095e-08
30.0,0.0,203.3775078125,2.09308e-08
30.0,0.0,203.3772578125,2.02011e-08
30.0,0.0,203.3770078125,1.945335e-08
30.0,0.0,203.3767578125,1.859425e-08
30.0,0.0,203.3765078125,1.73715e-08
30.0,0.0,203.3762578125,1.63679e-08
30.0,0.0,203.3760078125,1.54625e-08
30.0,0.0,203.3757578125,1.4691800000000001e-08
30.0,0.0,203.3755078125,1.33148e-08
30.0,0.0,203.3752578125,1.284825e-08
30.0,0.0,203.3750078125,1.18834e-08
30.0,0.0,203.3747578125,1.08753e-08
30.0,0.0,203.3745078125,1.00531e-08
30.0,0.0,203.3742578125,9.276254999999998e-09
30.0,0.0,203.3740078125,8.501079999999999e-09
30.0,0.0,203.3737578125,7.2833233333333325e-09
30.0,0.0,203.3735078125,6.009619999999999e-09
30.0,0.0,203.3732578125,5.52788e-09
35.0,0.0,203.7662578125,-8.166097499999998e-10
35.0,0.0,203.7660078125,-8.775204999999999e-10
35.0,0.0,203.7657578125,-8.34457e-10
35.0,0.0,203.7655078125,-9.07325e-10
35.0,0.0,203.7652578125,-8.207984999999999e-10
35.0,0.0,203.7650078125,-7.759876666666665e-10
35.0,0.0,203.7647578125,-6.826385e-10
35.0,0.0,203.7645078125,-5.60088e-10
35.0,0.0,203.7642578125,-2.9279449999999997e-10
35.0,0.0,203.7640078125,-2.2316649999999999e-10
35.0,0.0,203.7637578125,3.394815e-11
35.0,0.0,203.7635078125,4.55592e-10
35.0,0.0,203.7632578125,6.811439999999999e-10
35.0,0.0,203.7630078125,9.229616666666663e-10
35.0,0.0,203.7627578125,1.62537e-09
35.0,0.0,203.7625078125,2.0771099999999997e-09
35.0,0.0,203.7622578125,2.5312150000000003e-09
35.0,0.0,203.7620078125,3.15822e-09
35.0,0.0,203.7617578125,3.7921000000000006e-09
35.0,0.0,203.7615078125,4.11269e-09
35.0,0.0,203.7612578125,4.3289249999999995e-09
35.0,0.0,203.7610078125,4.89197e-09
35.0,0.0,203.7607578125,5.633604999999999e-09
35.0,0.0,203.7605078125,6.188895e-09
35.0,0.0,203.7602578125,6.13734e-09
35.0,0.0,203.7600078125,6.2585400000000014e-09
35.0,0.0,203.7597578125,6.3437200000000005e-09
35.0,0.0,203.7595078125,6.260169999999999e-09
35.0,0.0,203.7592578125,6.23565e-09
35.0,0.0,203.7590078125,6.142195e-09
35.0,0.0,203.7587578125,5.71272e-09
35.0,0.0,203.7585078125,5.4192099999999995e-09
35.0,0.0,203.7582578125,4.944639999999999e-09
35.0,0.0,203.7580078125,7.039429999999999e-09
35.0,0.0,203.7577578125,9.08861e-09
35.0,0.0,203.7575078125,9.769835e-09
35.0,0.0,203.7572578125,1.0160450000000001e-08
35.0,0.0,203.7570078125,1.089305e-08
35.0,0.0,203.7567578125,1.14645e-08
35.0,0.0,203.7565078125,1.22114e-08
35.0,0.0,203.7562578125,1.27138e-08
35.0,0.0,203.7560078125,1.33377e-08
35.0,0.0,203.7557578125,1.4069e-08
35.0,0.0,203.7555078125,1.4238450000000001e-08
35.0,0.0,203.7552578125,1.443855e-08
35.0,0.0,203.7550078125,1.4637650000000001e-08
35.0,0.0,203.7547578125,1.64376e-08
35.0,0.0,203.7545078125,1.71434e-08
35.0,0.0,203.7542578125,1.78572e-08
35.0,0.0,203.7540078125,1.851945e-08
35.0,0.0,203.7537578125,1.936285e-08
35.0,0.0,203.7535078125,2.033235e-08
35.0,0.0,203.7532578125,2.112235e-08
35.0,0.0,203.7530078125,2.187905e-08
35.0,0.0,203.7527578125,2.27411e-08
35.0,0.0,203.7525078125,2.312485e-08
35.0,0.0,203.7522578125,2.3761350000000006e-08
35.0,0.0,203.7520078125,2.441665e-08
35.0,0.0,203.7517578125,2.504315e-08
35.0,0.0,203.7515078125,2.5763e-08
35.0,0.0,203.7512578125,2.609875e-08
35.0,0.0,203.7510078125,2.6556900000000002e-08
35.0,0.0,203.7507578125,2.68352e-08
35.0,0.0,203.7505078125,2.72384e-08
35.0,0.0,203.7502578125,2.735305e-08
35.0,0.0,203.7500078125,2.752905e-08
35.0,0.0,203.7497578125,2.783335e-08
35.0,0.0,203.7495078125,2.792015000000001e-08
35.0,0.0,203.7492578125,2.80888e-08
35.0,0.0,203.7490078125,2.825745e-08
35.0,0.0,203.7487578125,2.82748e-08
35.0,0.0,203.7485078125,2.83187e-08
35.0,0.0,203.7482578125,2.8522850000000002e-08
35.0,0.0,203.7480078125,2.863165e-08
35.0,0.0,203.7477578125,2.87975e-08
35.0,0.0,203.7475078125,2.87597e-08
35.0,0.0,203.7472578125,2.84994e-08
35.0,0.0,203.7470078125,2.84596e-08
35.0,0.0,203.7467578125,2.82884e-08
35.0,0.0,203.7465078125,2.83368e-08
35.0,0.0,203.7462578125,2.821965e-08
35.0,0.0,203.7460078125,2.81647e-08
35.0,0.0,203.7457578125,2.81357e-08
35.0,0.0,203.7455078125,2.79439e-08
35.0,0.0,203.7452578125,2.79433e-08
35.0,0.0,203.7450078125,2.799965e-08
35.0,0.0,203.7447578125,2.798525e-08
35.0,0.0,203.7445078125,2.79543e-08
35.0,0.0,203.7442578125,2.80116e-08
35.0,0.0,203.7440078125,2.79583e-08
35.0,0.0,203.7437578125,2.79159e-08
35.0,0.0,203.7435078125,2.75605e-08
35.0,0.0,203.7432578125,2.752405e-08
35.0,0.0,203.7430078125,2.730895e-08
35.0,0.0,203.7427578125,2.727915e-08
35.0,0.0,203.7425078125,2.74415e-08
35.0,0.0,203.7422578125,2.72925e-08
35.0,0.0,203.7420078125,2.736165e-08
35.0,0.0,203.7417578125,2.7408100000000002e-08
35.0,0.0,203.7415078125,2.73941e-08
35.0,0.0,203.7412578125,2.73371e-08
35.0,0.0,203.7410078125,2.726785e-08
35.0,0.0,203.7407578125,2.72317e-08
35.0,0.0,203.7405078125,2.7334133333333333e-08
35.0,0.0,203.7402578125,2.721405e-08
35.0,0.0,203.7400078125,2.71193e-08
35.0,0.0,203.7397578125,2.714175e-08
35.0,0.0,203.7395078125,2.705e-08
35.0,0.0,203.7392578125,2.70877e-08
35.0,0.0,203.7390078125,2.6966250000000002e-08
35.0,0.0,203.7387578125,2.69579e-08
35.0,0.0,203.7385078125,2.686335e-08
35.0,0.0,203.7382578125,2.681785e-08
35.0,0.0,203.7380078125,2.67932e-08
35.0,0.0,203.7377578125,2.68337e-08
35.0,0.0,203.7375078125,2.690205e-08
35.0,0.0,203.7372578125,2.698705e-08
35.0,0.0,203.7370078125,2.6825e-08
35.0,0.0,203.7367578125,2.6811750000000002e-08
35.0,0.0,203.7365078125,2.685985e-08
35.0,0.0,203.7362578125,2.686275e-08
35.0,0.0,203.7360078125,2.69338e-08
35.0,0.0,203.7357578125,2.68881e-08
35.0,0.0,203.7355078125,2.6860400000000002e-08
35.0,0.0,203.7352578125,2.6789000000000006e-08
35.0,0.0,203.7350078125,2.67098e-08
35.0,0.0,203.7347578125,2.676075e-08
35.0,0.0,203.7345078125,2.6821850000000002e-08
35.0,0.0,203.7342578125,2.68099e-08
35.0,0.0,203.7340078125,2.6565100000000002e-08
35.0,0.0,203.7337578125,2.658215e-08
35.0,0.0,203.7335078125,2.642345e-08
35.0,0.0,203.7332578125,2.637575e-08
35.0,0.0,203.7330078125,2.63644e-08
35.0,0.0,203.7327578125,2.617605e-08
35.0,0.0,203.7325078125,2.615185e-08
35.0,0.0,203.7322578125,2.602385e-08
35.0,0.0,203.7320078125,2.60388e-08
35.0,0.0,203.7317578125,2.61391e-08
35.0,0.0,203.7315078125,2.60218e-08
35.0,0.0,203.7312578125,2.60867e-08
35.0,0.0,203.7310078125,2.60749e-08
35.0,0.0,203.7307578125,2.5913550000000002e-08
35.0,0.0,203.7305078125,2.609325e-08
35.0,0.0,203.7302578125,2.59766e-08
35.0,0.0,203.7300078125,2.58619e-08
35.0,0.0,203.7297578125,2.58778e-08
35.0,0.0,203.7295078125,2.596615e-08
35.0,0.0,203.7292578125,2.579115e-08
35.0,0.0,203.7290078125,2.590585e-08
35.0,0.0,203.7287578125,2.584785e-08
35.0,0.0,203.7285078125,2.579905e-08
35.0,0.0,203.7282578125,2.57999e-08
35.0,0.0,203.7280078125,2.58432e-08
35.0,0.0,203.7277578125,2.585635e-08
35.0,0.0,203.7275078125,2.573215e-08
35.0,0.0,203.7272578125,2.57049e-08
35.0,0.0,203.7270078125,2.55932e-08
35.0,0.0,203.7267578125,2.5521e-08
35.0,0.0,203.7265078125,2.545385e-08
35.0,0.0,203.7262578125,2.54374e-08
35.0,0.0,203.7260078125,2.55268e-08
35.0,0.0,203.7257578125,2.5474950000000002e-08
35.0,0.0,203.7255078125,2.532335e-08
35.0,0.0,203.7252578125,2.504695e-08
35.0,0.0,203.7250078125,2.49936e-08
35.0,0.0,203.7247578125,2.477375e-08
35.0,0.0,203.7245078125,2.465635e-08
35.0,0.0,203.7242578125,2.46378e-08
35.0,0.0,203.7240078125,2.452775e-08
35.0,0.0,203.7237578125,2.46109e-08
35.0,0.0,203.7235078125,2.45062e-08
35.0,0.0,203.7232578125,2.4666e-08
35.0,0.0,203.7230078125,2.4507300000000002e-08
35.0,0.0,203.7227578125,2.457125e-08
35.0,0.0,203.7225078125,2.452745e-08
35.0,0.0,203.7222578125,2.4497100000000003e-08
35.0,0.0,203.7220078125,2.449095e-08
35.0,0.0,203.7217578125,2.447245e-08
35.0,0.0,203.7215078125,2.45611e-08
35.0,0.0,203.7212578125,2.4524250000000002e-08
35.0,0.0,203.7210078125,2.45593e-08
35.0,0.0,203.7207578125,2.46367e-08
35.0,0.0,203.7205078125,2.4704450000000002e-08
35.0,0.0,203.7202578125,2.47609e-08
35.0,0.0,203.7200078125,2.49528e-08
35.0,0.0,203.7197578125,2.500455e-08
35.0,0.0,203.7195078125,2.504725e-08
35.0,0.0,203.7192578125,2.49566e-08
35.0,0.0,203.7190078125,2.5056250000000003e-08
35.0,0.0,203.7187578125,2.50514e-08
35.0,0.0,203.7185078125,2.50348e-08
35.0,0.0,203.7182578125,2.50248e-08
35.0,0.0,203.7180078125,2.51899e-08
35.0,0.0,203.7177578125,2.511015e-08
35.0,0.0,203.7175078125,2.5117e-08
35.0,0.0,203.7172578125,2.5344800000000002e-08
35.0,0.0,203.7170078125,2.523055e-08
35.0,0.0,203.7167578125,2.5122250000000002e-08
35.0,0.0,203.7165078125,2.52643e-08
35.0,0.0,203.7162578125,2.52783e-08
35.0,0.0,203.7160078125,2.52755e-08
35.0,0.0,203.7157578125,2.543735e-08
35.0,0.0,203.7155078125,2.545835e-08
35.0,0.0,203.7152578125,2.55316e-08
35.0,0.0,203.7150078125,2.56308e-08
35.0,0.0,203.7147578125,2.563555e-08
35.0,0.0,203.7145078125,2.587375e-08
35.0,0.0,203.7142578125,2.58951e-08
35.0,0.0,203.7140078125,2.583445000000001e-08
35.0,0.0,203.7137578125,2.57283e-08
35.0,0.0,203.7135078125,2.58323e-08
35.0,0.0,203.7132578125,2.5711200000000002e-08
35.0,0.0,203.7130078125,2.571085e-08
35.0,0.0,203.7127578125,2.58496e-08
35.0,0.0,203.7125078125,2.58428e-08
35.0,0.0,203.7122578125,2.57614e-08
35.0,0.0,203.7120078125,2.572365e-08
35.0,0.0,203.7117578125,2.569055e-08
35.0,0.0,203.7115078125,2.5784200000000002e-08
35.0,0.0,203.7112578125,2.579355e-08
35.0,0.0,203.7110078125,2.570035e-08
35.0,0.0,203.7107578125,2.56968e-08
35.0,0.0,203.7105078125,2.5605100000000002e-08
35.0,0.0,203.7102578125,2.5765900000000002e-08
35.0,0.0,203.7100078125,2.57908e-08
35.0,0.0,203.7097578125,2.571765e-08
35.0,0.0,203.7095078125,2.575755e-08
35.0,0.0,203.7092578125,2.57868e-08
35.0,0.0,203.7090078125,2.57529e-08
35.0,0.0,203.7087578125,2.566165e-08
35.0,0.0,203.7085078125,2.57731e-08
35.0,0.0,203.7082578125,2.5923400000000002e-08
35.0,0.0,203.7080078125,2.58759e-08
35.0,0.0,203.7077578125,2.59031e-08
35.0,0.0,203.7075078125,2.60611e-08
35.0,0.0,203.7072578125,2.60067e-08
35.0,0.0,203.7070078125,2.602215e-08
35.0,0.0,203.7067578125,2.6053250000000002e-08
35.0,0.0,203.7065078125,2.605465e-08
35.0,0.0,203.7062578125,2.6123250000000002e-08
35.0,0.0,203.7060078125,2.625755e-08
35.0,0.0,203.7057578125,2.6214050000000002e-08
35.0,0.0,203.7055078125,2.632015e-08
35.0,0.0,203.7052578125,2.61548e-08
35.0,0.0,203.7050078125,2.62941e-08
35.0,0.0,203.7047578125,2.619615e-08
35.0,0.0,203.7045078125,2.61948e-08
35.0,0.0,203.7042578125,2.61743e-08
35.0,0.0,203.7040078125,2.621326666666667e-08
35.0,0.0,203.7037578125,2.62682e-08
35.0,0.0,203.7035078125,2.6329150000000002e-08
35.0,0.0,203.7032578125,2.61745e-08
35.0,0.0,203.7030078125,2.627245e-08
35.0,0.0,203.7027578125,2.62371e-08
35.0,0.0,203.7025078125,2.626795e-08
35.0,0.0,203.7022578125,2.6280200000000002e-08
35.0,0.0,203.7020078125,2.6196033333333328e-08
35.0,0.0,203.7017578125,2.61734e-08
35.0,0.0,203.7015078125,2.59621e-08
35.0,0.0,203.7012578125,2.5994200000000002e-08
35.0,0.0,203.7010078125,2.59567e-08
35.0,0.0,203.7007578125,2.587475e-08
35.0,0.0,203.7005078125,2.57584e-08
35.0,0.0,203.7002578125,2.5622e-08
35.0,0.0,203.7000078125,2.5693233333333328e-08
35.0,0.0,203.6997578125,2.563835e-08
35.0,0.0,203.6995078125,2.5542e-08
35.0,0.0,203.6992578125,2.558475e-08
35.0,0.0,203.6990078125,2.5626e-08
35.0,0.0,203.6987578125,2.55031e-08
35.0,0.0,203.6985078125,2.55782e-08
35.0,0.0,203.6982578125,2.54606e-08
35.0,0.0,203.6980078125,2.549415e-08
35.0,0.0,203.6977578125,2.53866e-08
35.0,0.0,203.6975078125,2.523335e-08
35.0,0.0,203.6972578125,2.52459e-08
35.0,0.0,203.6970078125,2.50945e-08
35.0,0.0,203.6967578125,2.5188e-08
35.0,0.0,203.6965078125,2.5078500000000002e-08
35.0,0.0,203.6962578125,2.501715e-08
35.0,0.0,203.6960078125,2.50218e-08
35.0,0.0,203.6957578125,2.500895e-08
35.0,0.0,203.6955078125,2.498185e-08
35.0,0.0,203.6952578125,2.50603e-08
35.0,0.0,203.6950078125,2.5009600000000002e-08
35.0,0.0,203.6947578125,2.49452e-08
35.0,0.0,203.6945078125,2.50223e-08
35.0,0.0,203.6942578125,2.4927e-08
35.0,0.0,203.6940078125,2.490335e-08
35.0,0.0,203.6937578125,2.489255e-08
35.0,0.0,203.6935078125,2.49086e-08
35.0,0.0,203.6932578125,2.49778e-08
35.0,0.0,203.6930078125,2.4942050000000002e-08
35.0,0.0,203.6927578125,2.48881e-08
35.0,0.0,203.6925078125,2.486945e-08
35.0,0.0,203.6922578125,2.4940150000000002e-08
35.0,0.0,203.6920078125,2.48914e-08
35.0,0.0,203.6917578125,2.494635e-08
35.0,0.0,203.6915078125,2.49905e-08
35.0,0.0,203.6912578125,2.50365e-08
35.0,0.0,203.6910078125,2.50439e-08
35.0,0.0,203.6907578125,2.5157e-08
35.0,0.0,203.6905078125,2.5202900000000002e-08
35.0,0.0,203.6902578125,2.5252950000000002e-08
35.0,0.0,203.6900078125,2.52175e-08
35.0,0.0,203.6897578125,2.53026e-08
35.0,0.0,203.6895078125,2.54243e-08
35.0,0.0,203.6892578125,2.532825e-08
35.0,0.0,203.6890078125,2.53597e-08
35.0,0.0,203.6887578125,2.54614e-08
35.0,0.0,203.6885078125,2.53348e-08
35.0,0.0,203.6882578125,2.5442150000000002e-08
35.0,0.0,203.6880078125,2.5526e-08
35.0,0.0,203.6877578125,2.558995e-08
35.0,0.0,203.6875078125,2.56916e-08
35.0,0.0,203.6872578125,2.555185e-08
35.0,0.0,203.6870078125,2.561465e-08
35.0,0.0,203.6867578125,2.565115e-08
35.0,0.0,203.6865078125,2.57222e-08
35.0,0.0,203.6862578125,2.57828e-08
35.0,0.0,203.6860078125,2.56785e-08
35.0,0.0,203.6857578125,2.56627e-08
35.0,0.0,203.6855078125,2.56293e-08
35.0,0.0,203.6852578125,2.5678e-08
35.0,0.0,203.6850078125,2.570315e-08
35.0,0.0,203.6847578125,2.579305e-08
35.0,0.0,203.6845078125,2.5771e-08
35.0,0.0,203.6842578125,2.578265e-08
35.0,0.0,203.6840078125,2.58256e-08
35.0,0.0,203.6837578125,2.58379e-08
35.0,0.0,203.6835078125,2.59593e-08
35.0,0.0,203.6832578125,2.580915e-08
35.0,0.0,203.6830078125,2.59681e-08
35.0,0.0,203.6827578125,2.60651e-08
35.0,0.0,203.6825078125,2.59328e-08
35.0,0.0,203.6822578125,2.6106e-08
35.0,0.0,203.6820078125,2.601295e-08
35.0,0.0,203.6817578125,2.607735e-08
35.0,0.0,203.6815078125,2.603625e-08
35.0,0.0,203.6812578125,2.596435e-08
35.0,0.0,203.6810078125,2.5931250000000006e-08
35.0,0.0,203.6807578125,2.60131e-08
35.0,0.0,203.6805078125,2.5926950000000002e-08
35.0,0.0,203.6802578125,2.59325e-08
35.0,0.0,203.6800078125,2.5975050000000002e-08
35.0,0.0,203.6797578125,2.5953750000000002e-08
35.0,0.0,203.6795078125,2.589505e-08
35.0,0.0,203.6792578125,2.59858e-08
35.0,0.0,203.6790078125,2.587825e-08
35.0,0.0,203.6787578125,2.58597e-08
35.0,0.0,203.6785078125,2.5894400000000002e-08
35.0,0.0,203.6782578125,2.588625e-08
35.0,0.0,203.6780078125,2.58749e-08
35.0,0.0,203.6777578125,2.590255e-08
35.0,0.0,203.6775078125,2.599345e-08
35.0,0.0,203.6772578125,2.58413e-08
35.0,0.0,203.6770078125,2.581e-08
35.0,0.0,203.6767578125,2.59403e-08
35.0,0.0,203.6765078125,2.584455e-08
35.0,0.0,203.6762578125,2.581175e-08
35.0,0.0,203.6760078125,2.59122e-08
35.0,0.0,203.6757578125,2.58473e-08
35.0,0.0,203.6755078125,2.58908e-08
35.0,0.0,203.6752578125,2.5791600000000002e-08
35.0,0.0,203.6750078125,2.5765900000000002e-08
35.0,0.0,203.6747578125,2.562195e-08
35.0,0.0,203.6745078125,2.557545e-08
35.0,0.0,203.6742578125,2.54887e-08
35.0,0.0,203.6740078125,2.547e-08
35.0,0.0,203.6737578125,2.55632e-08
35.0,0.0,203.6735078125,2.55422e-08
35.0,0.0,203.6732578125,2.55295e-08
35.0,0.0,203.6730078125,2.561155e-08
35.0,0.0,203.6727578125,2.57786e-08
35.0,0.0,203.6725078125,2.569295e-08
35.0,0.0,203.6722578125,2.56813e-08
35.0,0.0,203.6720078125,2.5732750000000006e-08
35.0,0.0,203.6717578125,2.56589e-08
35.0,0.0,203.6715078125,2.569095e-08
35.0,0.0,203.6712578125,2.57833e-08
35.0,0.0,203.6710078125,2.570905e-08
35.0,0.0,203.6707578125,2.579575e-08
35.0,0.0,203.6705078125,2.568995e-08
35.0,0.0,203.6702578125,2.570805e-08
35.0,0.0,203.6700078125,2.569365e-08
35.0,0.0,203.6697578125,2.56772e-08
35.0,0.0,203.6695078125,2.564035e-08
35.0,0.0,203.6692578125,2.55708e-08
35.0,0.0,203.6690078125,2.54155e-08
35.0,0.0,203.6687578125,2.53687e-08
35.0,0.0,203.6685078125,2.5452033333333328e-08
35.0,0.0,203.6682578125,2.5451e-08
35.0,0.0,203.6680078125,2.5476433333333334e-08
35.0,0.0,203.6677578125,2.55401e-08
35.0,0.0,203.6675078125,2.55197e-08
35.0,0.0,203.6672578125,2.55667e-08
35.0,0.0,203.6670078125,2.5660900000000002e-08
35.0,0.0,203.6667578125,2.55646e-08
35.0,0.0,203.6665078125,2.553450000000001e-08
35.0,0.0,203.6662578125,2.549005e-08
35.0,0.0,203.6660078125,2.55408e-08
35.0,0.0,203.6657578125,2.5508600000000002e-08
35.0,0.0,203.6655078125,2.55183e-08
35.0,0.0,203.6652578125,2.5472250000000002e-08
35.0,0.0,203.6650078125,2.550265e-08
35.0,0.0,203.6647578125,2.54661e-08
35.0,0.0,203.6645078125,2.55125e-08
35.0,0.0,203.6642578125,2.545375e-08
35.0,0.0,203.6640078125,2.535835e-08
35.0,0.0,203.6637578125,2.5493850000000002e-08
35.0,0.0,203.6635078125,2.5377350000000002e-08
35.0,0.0,203.6632578125,2.5402250000000002e-08
35.0,0.0,203.6630078125,2.54877e-08
35.0,0.0,203.6627578125,2.547165e-08
35.0,0.0,203.6625078125,2.546095e-08
35.0,0.0,203.6622578125,2.548275e-08
35.0,0.0,203.6620078125,2.54418e-08
35.0,0.0,203.6617578125,2.5356e-08
35.0,0.0,203.6615078125,2.547743333333333e-08
35.0,0.0,203.6612578125,2.54756e-08
35.0,0.0,203.6610078125,2.52746e-08
35.0,0.0,203.6607578125,2.5376800000000002e-08
35.0,0.0,203.6605078125,2.54249e-08
35.0,0.0,203.6602578125,2.550935e-08
35.0,0.0,203.6600078125,2.54343e-08
35.0,0.0,203.6597578125,2.53875e-08
35.0,0.0,203.6595078125,2.5321666666666667e-08
35.0,0.0,203.6592578125,2.5306800000000002e-08
35.0,0.0,203.6590078125,2.535285e-08
35.0,0.0,203.6587578125,2.536715e-08
35.0,0.0,203.6585078125,2.528965e-08
35.0,0.0,203.6582578125,2.539495e-08
35.0,0.0,203.6580078125,2.5424e-08
35.0,0.0,203.6577578125,2.538625e-08
35.0,0.0,203.6575078125,2.5297e-08
35.0,0.0,203.6572578125,2.52897e-08
35.0,0.0,203.6570078125,2.52866e-08
35.0,0.0,203.6567578125,2.5261150000000002e-08
35.0,0.0,203.6565078125,2.515325e-08
35.0,0.0,203.6562578125,2.522985e-08
35.0,0.0,203.6560078125,2.51235e-08
35.0,0.0,203.6557578125,2.522525e-08
35.0,0.0,203.6555078125,2.510485e-08
35.0,0.0,203.6552578125,2.504345e-08
35.0,0.0,203.6550078125,2.51261e-08
35.0,0.0,203.6547578125,2.519735e-08
35.0,0.0,203.6545078125,2.51207e-08
35.0,0.0,203.6542578125,2.51297e-08
35.0,0.0,203.6540078125,2.51188e-08
35.0,0.0,203.6537578125,2.513925e-08
35.0,0.0,203.6535078125,2.508665e-08
35.0,0.0,203.6532578125,2.50296e-08
35.0,0.0,203.6530078125,2.49551e-08
35.0,0.0,203.6527578125,2.4898050000000002e-08
35.0,0.0,203.6525078125,2.477265e-08
35.0,0.0,203.6522578125,2.472375e-08
35.0,0.0,203.6520078125,2.47237e-08
35.0,0.0,203.6517578125,2.4654700000000002e-08
35.0,0.0,203.6515078125,2.456475e-08
35.0,0.0,203.6512578125,2.454865e-08
35.0,0.0,203.6510078125,2.46899e-08
35.0,0.0,203.6507578125,2.458355e-08
35.0,0.0,203.6505078125,2.4521000000000002e-08
35.0,0.0,203.6502578125,2.460285e-08
35.0,0.0,203.6500078125,2.457215e-08
35.0,0.0,203.6497578125,2.459725e-08
35.0,0.0,203.6495078125,2.4541500000000002e-08
35.0,0.0,203.6492578125,2.458985e-08
35.0,0.0,203.6490078125,2.4606e-08
35.0,0.0,203.6487578125,2.44874e-08
35.0,0.0,203.6485078125,2.4502400000000002e-08
35.0,0.0,203.6482578125,2.44234e-08
35.0,0.0,203.6480078125,2.437255e-08
35.0,0.0,203.6477578125,2.43642e-08
35.0,0.0,203.6475078125,2.423875e-08
35.0,0.0,203.6472578125,2.419075e-08
35.0,0.0,203.6470078125,2.41561e-08
35.0,0.0,203.6467578125,2.42167e-08
35.0,0.0,203.6465078125,2.408955e-08
35.0,0.0,203.6462578125,2.416285e-08
35.0,0.0,203.6460078125,2.42617e-08
35.0,0.0,203.6457578125,2.429175e-08
35.0,0.0,203.6455078125,2.4424750000000002e-08
35.0,0.0,203.6452578125,2.44789e-08
35.0,0.0,203.6450078125,2.4472600000000002e-08
35.0,0.0,203.6447578125,2.4550800000000002e-08
35.0,0.0,203.6445078125,2.461245e-08
35.0,0.0,203.6442578125,2.48103e-08
35.0,0.0,203.6440078125,2.4859500000000002e-08
35.0,0.0,203.6437578125,2.47959e-08
35.0,0.0,203.6435078125,2.48107e-08
35.0,0.0,203.6432578125,2.473435e-08
35.0,0.0,203.6430078125,2.47273e-08
35.0,0.0,203.6427578125,2.483715e-08
35.0,0.0,203.6425078125,2.492005e-08
35.0,0.0,203.6422578125,2.5092700000000002e-08
35.0,0.0,203.6420078125,2.492405e-08
35.0,0.0,203.6417578125,2.46539e-08
35.0,0.0,203.6415078125,2.432725e-08
35.0,0.0,203.6412578125,2.432185e-08
35.0,0.0,203.6410078125,2.44005e-08
35.0,0.0,203.6407578125,2.44345e-08
35.0,0.0,203.6405078125,2.45316e-08
35.0,0.0,203.6402578125,2.47797e-08
35.0,0.0,203.6400078125,2.48097e-08
35.0,0.0,203.6397578125,2.500525e-08
35.0,0.0,203.6395078125,2.50806e-08
35.0,0.0,203.6392578125,2.52387e-08
35.0,0.0,203.6390078125,2.54429e-08
35.0,0.0,203.6387578125,2.554145e-08
35.0,0.0,203.6385078125,2.559565e-08
35.0,0.0,203.6382578125,2.58045e-08
35.0,0.0,203.6380078125,2.58499e-08
35.0,0.0,203.6377578125,2.5945550000000002e-08
35.0,0.0,203.6375078125,2.58808e-08
35.0,0.0,203.6372578125,2.58344e-08
35.0,0.0,203.6370078125,2.5433833333333333e-08
35.0,0.0,203.6367578125,2.493775e-08
35.0,0.0,203.6365078125,2.484365e-08
35.0,0.0,203.6362578125,2.49639e-08
35.0,0.0,203.6360078125,2.47576e-08
35.0,0.0,203.6357578125,2.404725e-08
35.0,0.0,203.6355078125,2.3650400000000002e-08
35.0,0.0,203.6352578125,2.33513e-08
35.0,0.0,203.6350078125,2.31035e-08
35.0,0.0,203.6347578125,2.29165e-08
35.0,0.0,203.6345078125,2.28521e-08
35.0,0.0,203.6342578125,2.2749450000000002e-08
35.0,0.0,203.6340078125,2.280125e-08
35.0,0.0,203.6337578125,2.292995e-08
35.0,0.0,203.6335078125,2.29655e-08
35.0,0.0,203.6332578125,2.31084e-08
35.0,0.0,203.6330078125,2.30227e-08
35.0,0.0,203.6327578125,2.3309e-08
35.0,0.0,203.6325078125,2.32927e-08
35.0,0.0,203.6322578125,2.339205e-08
35.0,0.0,203.6320078125,2.34168e-08
35.0,0.0,203.6317578125,2.326655e-08
35.0,0.0,203.6315078125,2.32508e-08
35.0,0.0,203.6312578125,2.32445e-08
35.0,0.0,203.6310078125,2.3065550000000002e-08
35.0,0.0,203.6307578125,2.301785e-08
35.0,0.0,203.6305078125,2.30718e-08
35.0,0.0,203.6302578125,2.32229e-08
35.0,0.0,203.6300078125,2.325030000000001e-08
35.0,0.0,203.6297578125,2.345525e-08
35.0,0.0,203.6295078125,2.35738e-08
35.0,0.0,203.6292578125,2.36692e-08
35.0,0.0,203.6290078125,2.38011e-08
35.0,0.0,203.6287578125,2.40004e-08
35.0,0.0,203.6285078125,2.4315100000000002e-08
35.0,0.0,203.6282578125,2.46745e-08
35.0,0.0,203.6280078125,2.474005e-08
35.0,0.0,203.6277578125,2.496525e-08
35.0,0.0,203.6275078125,2.518475e-08
35.0,0.0,203.6272578125,2.532265e-08
35.0,0.0,203.6270078125,2.540865e-08
35.0,0.0,203.6267578125,2.55913e-08
35.0,0.0,203.6265078125,2.54486e-08
35.0,0.0,203.6262578125,2.5607300000000002e-08
35.0,0.0,203.6260078125,2.56921e-08
35.0,0.0,203.6257578125,2.57808e-08
35.0,0.0,203.6255078125,2.59631e-08
35.0,0.0,203.6252578125,2.61108e-08
35.0,0.0,203.6250078125,2.6306450000000002e-08
35.0,0.0,203.6247578125,2.64881e-08
35.0,0.0,203.6245078125,2.66124e-08
35.0,0.0,203.6242578125,2.67235e-08
35.0,0.0,203.6240078125,2.683195e-08
35.0,0.0,203.6237578125,2.702345e-08
35.0,0.0,203.6235078125,2.714475e-08
35.0,0.0,203.6232578125,2.73331e-08
35.0,0.0,203.6230078125,2.7418833333333328e-08
35.0,0.0,203.6227578125,2.741365e-08
35.0,0.0,203.6225078125,2.75573e-08
35.0,0.0,203.6222578125,2.760075e-08
35.0,0.0,203.6220078125,2.7588550000000002e-08
35.0,0.0,203.6217578125,2.757695e-08
35.0,0.0,203.6215078125,2.7607150000000002e-08
35.0,0.0,203.6212578125,2.76266e-08
35.0,0.0,203.6210078125,2.7595733333333328e-08
35.0,0.0,203.6207578125,2.755925e-08
35.0,0.0,203.6205078125,2.76104e-08
35.0,0.0,203.6202578125,2.75545e-08
35.0,0.0,203.6200078125,2.753455e-08
35.0,0.0,203.6197578125,2.75848e-08
35.0,0.0,203.6195078125,2.76094e-08
35.0,0.0,203.6192578125,2.76525e-08
35.0,0.0,203.6190078125,2.7816733333333333e-08
35.0,0.0,203.6187578125,2.799415e-08
35.0,0.0,203.6185078125,2.82197e-08
35.0,0.0,203.6182578125,2.838795e-08
35.0,0.0,203.6180078125,2.8491950000000002e-08
35.0,0.0,203.6177578125,2.8788900000000002e-08
35.0,0.0,203.6175078125,2.91218e-08
35.0,0.0,203.6172578125,2.92684e-08
35.0,0.0,203.6170078125,2.932775e-08
35.0,0.0,203.6167578125,2.94259e-08
35.0,0.0,203.6165078125,2.980755e-08
35.0,0.0,203.6162578125,3.000715e-08
35.0,0.0,203.6160078125,3.01251e-08
35.0,0.0,203.6157578125,3.0269299999999994e-08
35.0,0.0,203.6155078125,3.03833e-08
35.0,0.0,203.6152578125,3.0148e-08
35.0,0.0,203.6150078125,3.000945e-08
35.0,0.0,203.6147578125,2.996825e-08
35.0,0.0,203.6145078125,3.0180500000000003e-08
35.0,0.0,203.6142578125,3.008735e-08
35.0,0.0,203.6140078125,3.0054e-08
35.0,0.0,203.6137578125,3.0034800000000006e-08
35.0,0.0,203.6135078125,2.99417e-08
35.0,0.0,203.6132578125,2.99365e-08
35.0,0.0,203.6130078125,3.00512e-08
35.0,0.0,203.6127578125,3.01525e-08
35.0,0.0,203.6125078125,3.03148e-08
35.0,0.0,203.6122578125,3.03517e-08
35.0,0.0,203.6120078125,3.066995e-08
35.0,0.0,203.6117578125,3.08655e-08
35.0,0.0,203.6115078125,3.112755e-08
35.0,0.0,203.6112578125,3.133225e-08
35.0,0.0,203.6110078125,3.139015e-08
35.0,0.0,203.6107578125,3.144695e-08
35.0,0.0,203.6105078125,3.18016e-08
35.0,0.0,203.6102578125,3.189015e-08
35.0,0.0,203.6100078125,3.1915299999999995e-08
35.0,0.0,203.6097578125,3.2069050000000004e-08
35.0,0.0,203.6095078125,3.2280050000000005e-08
35.0,0.0,203.6092578125,3.228365e-08
35.0,0.0,203.6090078125,3.2518300000000003e-08
35.0,0.0,203.6087578125,3.2512200000000004e-08
35.0,0.0,203.6085078125,3.25657e-08
35.0,0.0,203.6082578125,3.26412e-08
35.0,0.0,203.6080078125,3.2688650000000003e-08
35.0,0.0,203.6077578125,3.27787e-08
35.0,0.0,203.6075078125,3.28772e-08
35.0,0.0,203.6072578125,3.3020550000000004e-08
35.0,0.0,203.6070078125,3.295525e-08
35.0,0.0,203.6067578125,3.29311e-08
35.0,0.0,203.6065078125,3.30986e-08
35.0,0.0,203.6062578125,3.307935e-08
35.0,0.0,203.6060078125,3.32276e-08
35.0,0.0,203.6057578125,3.328405e-08
35.0,0.0,203.6055078125,3.33571e-08
35.0,0.0,203.6052578125,3.342655e-08
35.0,0.0,203.6050078125,3.349985e-08
35.0,0.0,203.6047578125,3.349075e-08
35.0,0.0,203.6045078125,3.359745e-08
35.0,0.0,203.6042578125,3.34792e-08
35.0,0.0,203.6040078125,3.368325e-08
35.0,0.0,203.6037578125,3.35127e-08
35.0,0.0,203.6035078125,3.353425e-08
35.0,0.0,203.6032578125,3.3550350000000005e-08
35.0,0.0,203.6030078125,3.346365e-08
35.0,0.0,203.6027578125,3.344785e-08
35.0,0.0,203.6025078125,3.3326949999999995e-08
35.0,0.0,203.6022578125,3.34211e-08
35.0,0.0,203.6020078125,3.338995e-08
35.0,0.0,203.6017578125,3.33414e-08
35.0,0.0,203.6015078125,3.332695e-08
35.0,0.0,203.6012578125,3.341445e-08
35.0,0.0,203.6010078125,3.3265e-08
35.0,0.0,203.6007578125,3.33459e-08
35.0,0.0,203.6005078125,3.3232599999999995e-08
35.0,0.0,203.6002578125,3.3236300000000004e-08
35.0,0.0,203.6000078125,3.3050650000000004e-08
35.0,0.0,203.5997578125,3.30983e-08
35.0,0.0,203.5995078125,3.278265e-08
35.0,0.0,203.5992578125,3.25687e-08
35.0,0.0,203.5990078125,3.2557350000000004e-08
35.0,0.0,203.5987578125,3.23197e-08
35.0,0.0,203.5985078125,3.228985e-08
35.0,0.0,203.5982578125,3.215315e-08
35.0,0.0,203.5980078125,3.218645e-08
35.0,0.0,203.5977578125,3.21885e-08
35.0,0.0,203.5975078125,3.22243e-08
35.0,0.0,203.5972578125,3.22664e-08
35.0,0.0,203.5970078125,3.22421e-08
35.0,0.0,203.5967578125,3.22266e-08
35.0,0.0,203.5965078125,3.2310500000000003e-08
35.0,0.0,203.5962578125,3.23396e-08
35.0,0.0,203.5960078125,3.236495e-08
35.0,0.0,203.5957578125,3.21281e-08
35.0,0.0,203.5955078125,3.21207e-08
35.0,0.0,203.5952578125,3.196765e-08
35.0,0.0,203.5950078125,3.187355e-08
35.0,0.0,203.5947578125,3.18901e-08
35.0,0.0,203.5945078125,3.183265e-08
35.0,0.0,203.5942578125,3.2038049999999995e-08
35.0,0.0,203.5940078125,3.2035e-08
35.0,0.0,203.5937578125,3.2003e-08
35.0,0.0,203.5935078125,3.1995500000000004e-08
35.0,0.0,203.5932578125,3.2032950000000004e-08
35.0,0.0,203.5930078125,3.19567e-08
35.0,0.0,203.5927578125,3.19325e-08
35.0,0.0,203.5925078125,3.192615e-08
35.0,0.0,203.5922578125,3.17503e-08
35.0,0.0,203.5920078125,3.172545e-08
35.0,0.0,203.5917578125,3.164685e-08
35.0,0.0,203.5915078125,3.162645e-08
35.0,0.0,203.5912578125,3.144995e-08
35.0,0.0,203.5910078125,3.12573e-08
35.0,0.0,203.5907578125,3.12593e-08
35.0,0.0,203.5905078125,3.1192649999999994e-08
35.0,0.0,203.5902578125,3.1042200000000005e-08
35.0,0.0,203.5900078125,3.11039e-08
35.0,0.0,203.5897578125,3.10402e-08
35.0,0.0,203.5895078125,3.116035e-08
35.0,0.0,203.5892578125,3.122665e-08
35.0,0.0,203.5890078125,3.12272e-08
35.0,0.0,203.5887578125,3.1007550000000004e-08
35.0,0.0,203.5885078125,3.09742e-08
35.0,0.0,203.5882578125,3.0752e-08
35.0,0.0,203.5880078125,3.076495e-08
35.0,0.0,203.5877578125,3.05773e-08
35.0,0.0,203.5875078125,3.03879e-08
35.0,0.0,203.5872578125,3.0159700000000004e-08
35.0,0.0,203.5870078125,3.01e-08
35.0,0.0,203.5867578125,3.002575e-08
35.0,0.0,203.5865078125,2.9966500000000006e-08
35.0,0.0,203.5862578125,2.99444e-08
35.0,0.0,203.5860078125,3.00087e-08
35.0,0.0,203.5857578125,3.0116e-08
35.0,0.0,203.5855078125,3.033835e-08
35.0,0.0,203.5852578125,3.0401050000000005e-08
35.0,0.0,203.5850078125,3.0664599999999995e-08
35.0,0.0,203.5847578125,3.088685e-08
35.0,0.0,203.5845078125,3.086675e-08
35.0,0.0,203.5842578125,3.113455e-08
35.0,0.0,203.5840078125,3.10367e-08
35.0,0.0,203.5837578125,3.113635e-08
35.0,0.0,203.5835078125,3.09098e-08
35.0,0.0,203.5832578125,3.0898500000000004e-08
35.0,0.0,203.5830078125,3.0969000000000004e-08
35.0,0.0,203.5827578125,3.09518e-08
35.0,0.0,203.5825078125,3.0858e-08
35.0,0.0,203.5822578125,3.0797050000000004e-08
35.0,0.0,203.5820078125,3.07962e-08
35.0,0.0,203.5817578125,3.0656649999999995e-08
35.0,0.0,203.5815078125,3.062255e-08
35.0,0.0,203.5812578125,3.056925e-08
35.0,0.0,203.5810078125,3.065305e-08
35.0,0.0,203.5807578125,3.05213e-08
35.0,0.0,203.5805078125,3.05058e-08
35.0,0.0,203.5802578125,3.047755e-08
35.0,0.0,203.5800078125,3.06089e-08
35.0,0.0,203.5797578125,3.05117e-08
35.0,0.0,203.5795078125,3.025145e-08
35.0,0.0,203.5792578125,3.03054e-08
35.0,0.0,203.5790078125,3.00854e-08
35.0,0.0,203.5787578125,2.993955e-08
35.0,0.0,203.5785078125,2.980305e-08
35.0,0.0,203.5782578125,2.972075e-08
35.0,0.0,203.5780078125,2.937755e-08
35.0,0.0,203.5777578125,2.9179900000000002e-08
35.0,0.0,203.5775078125,2.90878e-08
35.0,0.0,203.5772578125,2.908815e-08
35.0,0.0,203.5770078125,2.88532e-08
35.0,0.0,203.5767578125,2.873375e-08
35.0,0.0,203.5765078125,2.855915e-08
35.0,0.0,203.5762578125,2.848535e-08
35.0,0.0,203.5760078125,2.840110000000001e-08
35.0,0.0,203.5757578125,2.823915e-08
35.0,0.0,203.5755078125,2.822715e-08
35.0,0.0,203.5752578125,2.812005e-08
35.0,0.0,203.5750078125,2.79005e-08
35.0,0.0,203.5747578125,2.78788e-08
35.0,0.0,203.5745078125,2.787445e-08
35.0,0.0,203.5742578125,2.7791e-08
35.0,0.0,203.5740078125,2.77657e-08
35.0,0.0,203.5737578125,2.7699550000000002e-08
35.0,0.0,203.5735078125,2.766625e-08
35.0,0.0,203.5732578125,2.75299e-08
35.0,0.0,203.5730078125,2.746595e-08
35.0,0.0,203.5727578125,2.736810000000001e-08
35.0,0.0,203.5725078125,2.7098300000000002e-08
35.0,0.0,203.5722578125,2.71636e-08
35.0,0.0,203.5720078125,2.69943e-08
35.0,0.0,203.5717578125,2.701625e-08
35.0,0.0,203.5715078125,2.6920300000000002e-08
35.0,0.0,203.5712578125,2.69316e-08
35.0,0.0,203.5710078125,2.671805e-08
35.0,0.0,203.5707578125,2.661455e-08
35.0,0.0,203.5705078125,2.6592450000000002e-08
35.0,0.0,203.5702578125,2.63826e-08
35.0,0.0,203.5700078125,2.6345000000000002e-08
35.0,0.0,203.5697578125,2.627805e-08
35.0,0.0,203.5695078125,2.597545e-08
35.0,0.0,203.5692578125,2.599785e-08
35.0,0.0,203.5690078125,2.58647e-08
35.0,0.0,203.5687578125,2.5917e-08
35.0,0.0,203.5685078125,2.58628e-08
35.0,0.0,203.5682578125,2.58345e-08
35.0,0.0,203.5680078125,2.572655e-08
35.0,0.0,203.5677578125,2.57303e-08
35.0,0.0,203.5675078125,2.585925e-08
35.0,0.0,203.5672578125,2.595605e-08
35.0,0.0,203.5670078125,2.57375e-08
35.0,0.0,203.5667578125,2.5749e-08
35.0,0.0,203.5665078125,2.5746200000000002e-08
35.0,0.0,203.5662578125,2.567e-08
35.0,0.0,203.5660078125,2.57213e-08
35.0,0.0,203.5657578125,2.551455e-08
35.0,0.0,203.5655078125,2.531735e-08
35.0,0.0,203.5652578125,2.5049e-08
35.0,0.0,203.5650078125,2.508805e-08
35.0,0.0,203.5647578125,2.505945e-08
35.0,0.0,203.5645078125,2.490005e-08
35.0,0.0,203.5642578125,2.49539e-08
35.0,0.0,203.5640078125,2.48886e-08
35.0,0.0,203.5637578125,2.480685e-08
35.0,0.0,203.5635078125,2.482615e-08
35.0,0.0,203.5632578125,2.48159e-08
35.0,0.0,203.5630078125,2.47744e-08
35.0,0.0,203.5627578125,2.46008e-08
35.0,0.0,203.5625078125,2.43672e-08
35.0,0.0,203.5622578125,2.46114e-08
35.0,0.0,203.5620078125,2.44048e-08
35.0,0.0,203.5617578125,2.45142e-08
35.0,0.0,203.5615078125,2.44747e-08
35.0,0.0,203.5612578125,2.42794e-08
35.0,0.0,203.5610078125,2.43008e-08
35.0,0.0,203.5607578125,2.424245e-08
35.0,0.0,203.5605078125,2.4147500000000002e-08
35.0,0.0,203.5602578125,2.39625e-08
35.0,0.0,203.5600078125,2.410665e-08
35.0,0.0,203.5597578125,2.40111e-08
35.0,0.0,203.5595078125,2.3773700000000002e-08
35.0,0.0,203.5592578125,2.37137e-08
35.0,0.0,203.5590078125,2.382455e-08
35.0,0.0,203.5587578125,2.3659700000000002e-08
35.0,0.0,203.5585078125,2.34638e-08
35.0,0.0,203.5582578125,2.33946e-08
35.0,0.0,203.5580078125,2.3413266666666666e-08
35.0,0.0,203.5577578125,2.322525e-08
35.0,0.0,203.5575078125,2.313095e-08
35.0,0.0,203.5572578125,2.31816e-08
35.0,0.0,203.5570078125,2.310795e-08
35.0,0.0,203.5567578125,2.30409e-08
35.0,0.0,203.5565078125,2.31319e-08
35.0,0.0,203.5562578125,2.31051e-08
35.0,0.0,203.5560078125,2.293095e-08
35.0,0.0,203.5557578125,2.308755e-08
35.0,0.0,203.5555078125,2.299015e-08
35.0,0.0,203.5552578125,2.287015e-08
35.0,0.0,203.5550078125,2.306485e-08
35.0,0.0,203.5547578125,2.30454e-08
35.0,0.0,203.5545078125,2.291745e-08
35.0,0.0,203.5542578125,2.31092e-08
35.0,0.0,203.5540078125,2.2925550000000002e-08
35.0,0.0,203.5537578125,2.306695e-08
35.0,0.0,203.5535078125,2.307775e-08
35.0,0.0,203.5532578125,2.30766e-08
35.0,0.0,203.5530078125,2.3009033333333327e-08
35.0,0.0,203.5527578125,2.293005e-08
35.0,0.0,203.5525078125,2.30055e-08
35.0,0.0,203.5522578125,2.34151e-08
35.0,0.0,203.5520078125,2.2953650000000006e-08
35.0,0.0,203.5517578125,2.30128e-08
35.0,0.0,203.5515078125,2.3130500000000003e-08
35.0,0.0,203.5512578125,2.33224e-08
35.0,0.0,203.5510078125,2.3299633333333328e-08
35.0,0.0,203.5507578125,2.34339e-08
35.0,0.0,203.5505078125,2.34438e-08
35.0,0.0,203.5502578125,2.334885e-08
35.0,0.0,203.5500078125,2.34096e-08
35.0,0.0,203.5497578125,2.387825e-08
35.0,0.0,203.5495078125,2.36017e-08
35.0,0.0,203.5492578125,2.3608000000000002e-08
35.0,0.0,203.5490078125,2.37107e-08
35.0,0.0,203.5487578125,2.37187e-08
35.0,0.0,203.5485078125,2.394255e-08
35.0,0.0,203.5482578125,2.37884e-08
35.0,0.0,203.5480078125,2.39421e-08
35.0,0.0,203.5477578125,2.37785e-08
35.0,0.0,203.5475078125,2.41143e-08
35.0,0.0,203.5472578125,2.413835e-08
35.0,0.0,203.5470078125,2.410605e-08
35.0,0.0,203.5467578125,2.406835e-08
35.0,0.0,203.5465078125,2.40528e-08
35.0,0.0,203.5462578125,2.40653e-08
35.0,0.0,203.5460078125,2.408605e-08
35.0,0.0,203.5457578125,2.39214e-08
35.0,0.0,203.5455078125,2.39607e-08
35.0,0.0,203.5452578125,2.39421e-08
35.0,0.0,203.5450078125,2.389205e-08
35.0,0.0,203.5447578125,2.384085e-08
35.0,0.0,203.5445078125,2.4334500000000002e-08
35.0,0.0,203.5442578125,2.3838500000000002e-08
35.0,0.0,203.5440078125,2.3790800000000003e-08
35.0,0.0,203.5437578125,2.363e-08
35.0,0.0,203.5435078125,2.35428e-08
35.0,0.0,203.5432578125,2.342875e-08
35.0,0.0,203.5430078125,2.35121e-08
35.0,0.0,203.5427578125,2.33392e-08
35.0,0.0,203.5425078125,2.29565e-08
35.0,0.0,203.5422578125,2.317445e-08
35.0,0.0,203.5420078125,2.3111100000000003e-08
35.0,0.0,203.5417578125,2.30779e-08
35.0,0.0,203.5415078125,2.27933e-08
35.0,0.0,203.5412578125,2.281575e-08
35.0,0.0,203.5410078125,2.267845e-08
35.0,0.0,203.5407578125,2.26886e-08
35.0,0.0,203.5405078125,2.26774e-08
35.0,0.0,203.5402578125,2.262415e-08
35.0,0.0,203.5400078125,2.24587e-08
35.0,0.0,203.5397578125,2.237415e-08
35.0,0.0,203.5395078125,2.21351e-08
35.0,0.0,203.5392578125,2.210355e-08
35.0,0.0,203.5390078125,2.22117e-08
35.0,0.0,203.5387578125,2.20725e-08
35.0,0.0,203.5385078125,2.19358e-08
35.0,0.0,203.5382578125,2.20035e-08
35.0,0.0,203.5380078125,2.206685e-08
35.0,0.0,203.5377578125,2.1890800000000003e-08
35.0,0.0,203.5375078125,2.17434e-08
35.0,0.0,203.5372578125,2.200295e-08
35.0,0.0,203.5370078125,2.196545e-08
35.0,0.0,203.5367578125,2.205895e-08
35.0,0.0,203.5365078125,2.19759e-08
35.0,0.0,203.5362578125,2.192865e-08
35.0,0.0,203.5360078125,2.19463e-08
35.0,0.0,203.5357578125,2.2083400000000002e-08
35.0,0.0,203.5355078125,2.18859e-08
35.0,0.0,203.5352578125,2.21641e-08
35.0,0.0,203.5350078125,2.19771e-08
35.0,0.0,203.5347578125,2.217365e-08
35.0,0.0,203.5345078125,2.228345e-08
35.0,0.0,203.5342578125,2.21807e-08
35.0,0.0,203.5340078125,2.23831e-08
35.0,0.0,203.5337578125,2.258615000000001e-08
35.0,0.0,203.5335078125,2.26002e-08
35.0,0.0,203.5332578125,2.264305e-08
35.0,0.0,203.5330078125,2.25183e-08
35.0,0.0,203.5327578125,2.29404e-08
35.0,0.0,203.5325078125,2.31247e-08
35.0,0.0,203.5322578125,2.31907e-08
35.0,0.0,203.5320078125,2.34066e-08
35.0,0.0,203.5317578125,2.355505e-08
35.0,0.0,203.5315078125,2.3501100000000002e-08
35.0,0.0,203.5312578125,2.3804600000000002e-08
35.0,0.0,203.5310078125,2.38499e-08
35.0,0.0,203.5307578125,2.39802e-08
35.0,0.0,203.5305078125,2.400725e-08
35.0,0.0,203.5302578125,2.401955e-08
35.0,0.0,203.5300078125,2.40314e-08
35.0,0.0,203.5297578125,2.41799e-08
35.0,0.0,203.5295078125,2.4162800000000002e-08
35.0,0.0,203.5292578125,2.442385e-08
35.0,0.0,203.5290078125,2.431435e-08
35.0,0.0,203.5287578125,2.440955e-08
35.0,0.0,203.5285078125,2.4411600000000002e-08
35.0,0.0,203.5282578125,2.460315e-08
35.0,0.0,203.5280078125,2.43453e-08
35.0,0.0,203.5277578125,2.43472e-08
35.0,0.0,203.5275078125,2.46847e-08
35.0,0.0,203.5272578125,2.46893e-08
35.0,0.0,203.5270078125,2.477345e-08
35.0,0.0,203.5267578125,2.48167e-08
35.0,0.0,203.5265078125,2.490075e-08
35.0,0.0,203.5262578125,2.50376e-08
35.0,0.0,203.5260078125,2.496205e-08
35.0,0.0,203.5257578125,2.492845e-08
35.0,0.0,203.5255078125,2.4923750000000002e-08
35.0,0.0,203.5252578125,2.51244e-08
35.0,0.0,203.5250078125,2.518555e-08
35.0,0.0,203.5247578125,2.52871e-08
35.0,0.0,203.5245078125,2.5231350000000002e-08
35.0,0.0,203.5242578125,2.533455e-08
35.0,0.0,203.5240078125,2.52391e-08
35.0,0.0,203.5237578125,2.5332250000000002e-08
35.0,0.0,203.5235078125,2.53297e-08
35.0,0.0,203.5232578125,2.522625e-08
35.0,0.0,203.5230078125,2.540725e-08
35.0,0.0,203.5227578125,2.55336e-08
35.0,0.0,203.5225078125,2.55492e-08
35.0,0.0,203.5222578125,2.5501200000000002e-08
35.0,0.0,203.5220078125,2.5774650000000002e-08
35.0,0.0,203.5217578125,2.565185e-08
35.0,0.0,203.5215078125,2.55505e-08
35.0,0.0,203.5212578125,2.562605e-08
35.0,0.0,203.5210078125,2.56458e-08
35.0,0.0,203.5207578125,2.5659800000000002e-08
35.0,0.0,203.5205078125,2.57594e-08
35.0,0.0,203.5202578125,2.5807450000000002e-08
35.0,0.0,203.5200078125,2.57113e-08
35.0,0.0,203.5197578125,2.582155e-08
35.0,0.0,203.5195078125,2.5914900000000002e-08
35.0,0.0,203.5192578125,2.59597e-08
35.0,0.0,203.5190078125,2.595615e-08
35.0,0.0,203.5187578125,2.59219e-08
35.0,0.0,203.5185078125,2.58929e-08
35.0,0.0,203.5182578125,2.62579e-08
35.0,0.0,203.5180078125,2.594165e-08
35.0,0.0,203.5177578125,2.5862700000000002e-08
35.0,0.0,203.5175078125,2.60243e-08
35.0,0.0,203.5172578125,2.61513e-08
35.0,0.0,203.5170078125,2.6063966666666665e-08
35.0,0.0,203.5167578125,2.63091e-08
35.0,0.0,203.5165078125,2.6332e-08
35.0,0.0,203.5162578125,2.65145e-08
35.0,0.0,203.5160078125,2.646415e-08
35.0,0.0,203.5157578125,2.63784e-08
35.0,0.0,203.5155078125,2.64888e-08
35.0,0.0,203.5152578125,2.6436600000000002e-08
35.0,0.0,203.5150078125,2.65256e-08
35.0,0.0,203.5147578125,2.6542150000000002e-08
35.0,0.0,203.5145078125,2.65972e-08
35.0,0.0,203.5142578125,2.65255e-08
35.0,0.0,203.5140078125,2.647865e-08
35.0,0.0,203.5137578125,2.64075e-08
35.0,0.0,203.5135078125,2.641465e-08
35.0,0.0,203.5132578125,2.6291150000000002e-08
35.0,0.0,203.5130078125,2.636755e-08
35.0,0.0,203.5127578125,2.63608e-08
35.0,0.0,203.5125078125,2.6369266666666663e-08
35.0,0.0,203.5122578125,2.639965e-08
35.0,0.0,203.5120078125,2.63989e-08
35.0,0.0,203.5117578125,2.659635e-08
35.0,0.0,203.5115078125,2.626445e-08
35.0,0.0,203.5112578125,2.65032e-08
35.0,0.0,203.5110078125,2.6427e-08
35.0,0.0,203.5107578125,2.64844e-08
35.0,0.0,203.5105078125,2.6605966666666667e-08
35.0,0.0,203.5102578125,2.64827e-08
35.0,0.0,203.5100078125,2.64886e-08
35.0,0.0,203.5097578125,2.671e-08
35.0,0.0,203.5095078125,2.63136e-08
35.0,0.0,203.5092578125,2.634605e-08
35.0,0.0,203.5090078125,2.6426500000000002e-08
35.0,0.0,203.5087578125,2.641215e-08
35.0,0.0,203.5085078125,2.6473e-08
35.0,0.0,203.5082578125,2.62446e-08
35.0,0.0,203.5080078125,2.6331350000000002e-08
35.0,0.0,203.5077578125,2.6349100000000002e-08
35.0,0.0,203.5075078125,2.653865e-08
35.0,0.0,203.5072578125,2.62368e-08
35.0,0.0,203.5070078125,2.6355400000000002e-08
35.0,0.0,203.5067578125,2.6367e-08
35.0,0.0,203.5065078125,2.63397e-08
35.0,0.0,203.5062578125,2.64291e-08
35.0,0.0,203.5060078125,2.633445e-08
35.0,0.0,203.5057578125,2.6283500000000002e-08
35.0,0.0,203.5055078125,2.63798e-08
35.0,0.0,203.5052578125,2.64871e-08
35.0,0.0,203.5050078125,2.63711e-08
35.0,0.0,203.5047578125,2.681085e-08
35.0,0.0,203.5045078125,2.669085e-08
35.0,0.0,203.5042578125,2.66072e-08
35.0,0.0,203.5040078125,2.67071e-08
35.0,0.0,203.5037578125,2.68571e-08
35.0,0.0,203.5035078125,2.700393333333333e-08
35.0,0.0,203.5032578125,2.687965e-08
35.0,0.0,203.5030078125,2.68785e-08
35.0,0.0,203.5027578125,2.70091e-08
35.0,0.0,203.5025078125,2.705545e-08
35.0,0.0,203.5022578125,2.70929e-08
35.0,0.0,203.5020078125,2.70454e-08
35.0,0.0,203.5017578125,2.6952850000000002e-08
35.0,0.0,203.5015078125,2.7073833333333333e-08
35.0,0.0,203.5012578125,2.68805e-08
35.0,0.0,203.5010078125,2.705655e-08
35.0,0.0,203.5007578125,2.70251e-08
35.0,0.0,203.5005078125,2.7154e-08
35.0,0.0,203.5002578125,2.698335e-08
35.0,0.0,203.5000078125,2.69327e-08
35.0,0.0,203.4997578125,2.679915e-08
35.0,0.0,203.4995078125,2.694275e-08
35.0,0.0,203.4992578125,2.67779e-08
35.0,0.0,203.4990078125,2.69383e-08
35.0,0.0,203.4987578125,2.66755e-08
35.0,0.0,203.4985078125,2.6730550000000002e-08
35.0,0.0,203.4982578125,2.67713e-08
35.0,0.0,203.4980078125,2.67974e-08
35.0,0.0,203.4977578125,2.675315e-08
35.0,0.0,203.4975078125,2.69439e-08
35.0,0.0,203.4972578125,2.68111e-08
35.0,0.0,203.4970078125,2.706265e-08
35.0,0.0,203.4967578125,2.682605e-08
35.0,0.0,203.4965078125,2.6831100000000006e-08
35.0,0.0,203.4962578125,2.6795e-08
35.0,0.0,203.4960078125,2.6917000000000002e-08
35.0,0.0,203.4957578125,2.708975e-08
35.0,0.0,203.4955078125,2.69424e-08
35.0,0.0,203.4952578125,2.70703e-08
35.0,0.0,203.4950078125,2.64453e-08
35.0,0.0,203.4947578125,2.693365e-08
35.0,0.0,203.4945078125,2.710505e-08
35.0,0.0,203.4942578125,2.721025e-08
35.0,0.0,203.4940078125,2.708595e-08
35.0,0.0,203.4937578125,2.71685e-08
35.0,0.0,203.4935078125,2.721125e-08
35.0,0.0,203.4932578125,2.748625e-08
35.0,0.0,203.4930078125,2.74747e-08
35.0,0.0,203.4927578125,2.747065e-08
35.0,0.0,203.4925078125,2.749545e-08
35.0,0.0,203.4922578125,2.75626e-08
35.0,0.0,203.4920078125,2.75671e-08
35.0,0.0,203.4917578125,2.77804e-08
35.0,0.0,203.4915078125,2.79308e-08
35.0,0.0,203.4912578125,2.81535e-08
35.0,0.0,203.4910078125,2.8130750000000002e-08
35.0,0.0,203.4907578125,2.82898e-08
35.0,0.0,203.4905078125,2.81203e-08
35.0,0.0,203.4902578125,2.8346750000000002e-08
35.0,0.0,203.4900078125,2.867865e-08
35.0,0.0,203.4897578125,2.89182e-08
35.0,0.0,203.4895078125,2.88122e-08
35.0,0.0,203.4892578125,2.89542e-08
35.0,0.0,203.4890078125,2.89732e-08
35.0,0.0,203.4887578125,2.91331e-08
35.0,0.0,203.4885078125,2.915435e-08
35.0,0.0,203.4882578125,2.931985e-08
35.0,0.0,203.4880078125,2.940265e-08
35.0,0.0,203.4877578125,2.94313e-08
35.0,0.0,203.4875078125,2.919885e-08
35.0,0.0,203.4872578125,2.95182e-08
35.0,0.0,203.4870078125,2.93111e-08
35.0,0.0,203.4867578125,2.95938e-08
35.0,0.0,203.4865078125,2.949335e-08
35.0,0.0,203.4862578125,2.97788e-08
35.0,0.0,203.4860078125,2.9669e-08
35.0,0.0,203.4857578125,2.95729e-08
35.0,0.0,203.4855078125,2.998615e-08
35.0,0.0,203.4852578125,2.98017e-08
35.0,0.0,203.4850078125,2.98024e-08
35.0,0.0,203.4847578125,2.994585e-08
35.0,0.0,203.4845078125,2.99282e-08
35.0,0.0,203.4842578125,2.98537e-08
35.0,0.0,203.4840078125,3.013095e-08
35.0,0.0,203.4837578125,3.011315e-08
35.0,0.0,203.4835078125,3.0035299999999994e-08
35.0,0.0,203.4832578125,3.0072149999999994e-08
35.0,0.0,203.4830078125,3.010065e-08
35.0,0.0,203.4827578125,3.003525e-08
35.0,0.0,203.4825078125,3.0069e-08
35.0,0.0,203.4822578125,2.99632e-08
35.0,0.0,203.4820078125,3.012085e-08
35.0,0.0,203.4817578125,3.0230550000000003e-08
35.0,0.0,203.4815078125,3.00868e-08
35.0,0.0,203.4812578125,3.0012350000000003e-08
35.0,0.0,203.4810078125,3.022105e-08
35.0,0.0,203.4807578125,3.005735e-08
35.0,0.0,203.4805078125,3.006715e-08
35.0,0.0,203.4802578125,3.01425e-08
35.0,0.0,203.4800078125,2.99022e-08
35.0,0.0,203.4797578125,2.981725e-08
35.0,0.0,203.4795078125,3.001575e-08
35.0,0.0,203.4792578125,2.982985e-08
35.0,0.0,203.4790078125,3.0178050000000003e-08
35.0,0.0,203.4787578125,2.99107e-08
35.0,0.0,203.4785078125,2.97627e-08
35.0,0.0,203.4782578125,2.98156e-08
35.0,0.0,203.4780078125,2.964245e-08
35.0,0.0,203.4777578125,2.971295e-08
35.0,0.0,203.4775078125,2.96309e-08
35.0,0.0,203.4772578125,2.94218e-08
35.0,0.0,203.4770078125,2.957905e-08
35.0,0.0,203.4767578125,2.94857e-08
35.0,0.0,203.4765078125,2.90682e-08
35.0,0.0,203.4762578125,2.939145e-08
35.0,0.0,203.4760078125,2.9306500000000002e-08
35.0,0.0,203.4757578125,2.9313050000000002e-08
35.0,0.0,203.4755078125,2.926925e-08
35.0,0.0,203.4752578125,2.92605e-08
35.0,0.0,203.4750078125,2.913745e-08
35.0,0.0,203.4747578125,2.9162e-08
35.0,0.0,203.4745078125,2.8773850000000002e-08
35.0,0.0,203.4742578125,2.89964e-08
35.0,0.0,203.4740078125,2.8952166666666668e-08
35.0,0.0,203.4737578125,2.891215e-08
35.0,0.0,203.4735078125,2.88181e-08
35.0,0.0,203.4732578125,2.86783e-08
35.0,0.0,203.4730078125,2.8742e-08
35.0,0.0,203.4727578125,2.839745e-08
35.0,0.0,203.4725078125,2.823425e-08
35.0,0.0,203.4722578125,2.83736e-08
35.0,0.0,203.4720078125,2.8163566666666672e-08
35.0,0.0,203.4717578125,2.81248e-08
35.0,0.0,203.4715078125,2.78988e-08
35.0,0.0,203.4712578125,2.76258e-08
35.0,0.0,203.4710078125,2.76234e-08
35.0,0.0,203.4707578125,2.766015e-08
35.0,0.0,203.4705078125,2.76907e-08
35.0,0.0,203.4702578125,2.75939e-08
35.0,0.0,203.4700078125,2.7407800000000002e-08
35.0,0.0,203.4697578125,2.753015e-08
35.0,0.0,203.4695078125,2.7673e-08
35.0,0.0,203.4692578125,2.7732e-08
35.0,0.0,203.4690078125,2.758975e-08
35.0,0.0,203.4687578125,2.746875e-08
35.0,0.0,203.4685078125,2.75514e-08
35.0,0.0,203.4682578125,2.7569950000000002e-08
35.0,0.0,203.4680078125,2.747805e-08
35.0,0.0,203.4677578125,2.744695e-08
35.0,0.0,203.4675078125,2.728525e-08
35.0,0.0,203.4672578125,2.72228e-08
35.0,0.0,203.4670078125,2.724235e-08
35.0,0.0,203.4667578125,2.722705e-08
35.0,0.0,203.4665078125,2.6978800000000002e-08
35.0,0.0,203.4662578125,2.74232e-08
35.0,0.0,203.4660078125,2.704845e-08
35.0,0.0,203.4657578125,2.693885e-08
35.0,0.0,203.4655078125,2.674085e-08
35.0,0.0,203.4652578125,2.704315e-08
35.0,0.0,203.4650078125,2.68532e-08
35.0,0.0,203.4647578125,2.68295e-08
35.0,0.0,203.4645078125,2.6808e-08
35.0,0.0,203.4642578125,2.704395e-08
35.0,0.0,203.4640078125,2.6880050000000006e-08
35.0,0.0,203.4637578125,2.7013800000000002e-08
35.0,0.0,203.4635078125,2.68701e-08
35.0,0.0,203.4632578125,2.702985e-08
35.0,0.0,203.4630078125,2.69395e-08
35.0,0.0,203.4627578125,2.706975e-08
35.0,0.0,203.4625078125,2.71453e-08
35.0,0.0,203.4622578125,2.720115e-08
35.0,0.0,203.4620078125,2.692665e-08
35.0,0.0,203.4617578125,2.684655e-08
35.0,0.0,203.4615078125,2.70736e-08
35.0,0.0,203.4612578125,2.71656e-08
35.0,0.0,203.4610078125,2.730693333333333e-08
35.0,0.0,203.4607578125,2.72792e-08
35.0,0.0,203.4605078125,2.72141e-08
35.0,0.0,203.4602578125,2.743465e-08
35.0,0.0,203.4600078125,2.7382950000000002e-08
35.0,0.0,203.4597578125,2.726925e-08
35.0,0.0,203.4595078125,2.72267e-08
35.0,0.0,203.4592578125,2.782465e-08
35.0,0.0,203.4590078125,2.76925e-08
35.0,0.0,203.4587578125,2.77089e-08
35.0,0.0,203.4585078125,2.758515e-08
35.0,0.0,203.4582578125,2.73582e-08
35.0,0.0,203.4580078125,2.74597e-08
35.0,0.0,203.4577578125,2.73548e-08
35.0,0.0,203.4575078125,2.70288e-08
35.0,0.0,203.4572578125,2.697605e-08
35.0,0.0,203.4570078125,2.69828e-08
35.0,0.0,203.4567578125,2.673735e-08
35.0,0.0,203.4565078125,2.67711e-08
35.0,0.0,203.4562578125,2.6625800000000002e-08
35.0,0.0,203.4560078125,2.634725e-08
35.0,0.0,203.4557578125,2.6287600000000002e-08
35.0,0.0,203.4555078125,2.611005e-08
35.0,0.0,203.4552578125,2.59708e-08
35.0,0.0,203.4550078125,2.615465e-08
35.0,0.0,203.4547578125,2.587625e-08
35.0,0.0,203.4545078125,2.60181e-08
35.0,0.0,203.4542578125,2.5928850000000002e-08
35.0,0.0,203.4540078125,2.577885e-08
35.0,0.0,203.4537578125,2.5805000000000002e-08
35.0,0.0,203.4535078125,2.59215e-08
35.0,0.0,203.4532578125,2.587995e-08
35.0,0.0,203.4530078125,2.57458e-08
35.0,0.0,203.4527578125,2.56088e-08
35.0,0.0,203.4525078125,2.537815e-08
35.0,0.0,203.4522578125,2.5619600000000002e-08
35.0,0.0,203.4520078125,2.5507950000000003e-08
35.0,0.0,203.4517578125,2.55618e-08
35.0,0.0,203.4515078125,2.5042e-08
35.0,0.0,203.4512578125,2.51797e-08
35.0,0.0,203.4510078125,2.509125e-08
35.0,0.0,203.4507578125,2.4994300000000002e-08
35.0,0.0,203.4505078125,2.482865e-08
35.0,0.0,203.4502578125,2.47136e-08
35.0,0.0,203.4500078125,2.50206e-08
35.0,0.0,203.4497578125,2.47807e-08
35.0,0.0,203.4495078125,2.451855e-08
35.0,0.0,203.4492578125,2.4398e-08
35.0,0.0,203.4490078125,2.457725e-08
35.0,0.0,203.4487578125,2.43534e-08
35.0,0.0,203.4485078125,2.445525e-08
35.0,0.0,203.4482578125,2.43763e-08
35.0,0.0,203.4480078125,2.41485e-08
35.0,0.0,203.4477578125,2.43455e-08
35.0,0.0,203.4475078125,2.44465e-08
35.0,0.0,203.4472578125,2.4557e-08
35.0,0.0,203.4470078125,2.5218e-08
35.0,0.0,203.4467578125,2.45604e-08
35.0,0.0,203.4465078125,2.448895e-08
35.0,0.0,203.4462578125,2.44171e-08
35.0,0.0,203.4460078125,2.4294850000000002e-08
35.0,0.0,203.4457578125,2.45038e-08
35.0,0.0,203.4455078125,2.417655e-08
35.0,0.0,203.4452578125,2.3853550000000002e-08
35.0,0.0,203.4450078125,2.457415e-08
35.0,0.0,203.4447578125,2.39043e-08
35.0,0.0,203.4445078125,2.37698e-08
35.0,0.0,203.4442578125,2.40918e-08
35.0,0.0,203.4440078125,2.4039e-08
35.0,0.0,203.4437578125,2.40949e-08
35.0,0.0,203.4435078125,2.400055e-08
35.0,0.0,203.4432578125,2.357485e-08
35.0,0.0,203.4430078125,2.35292e-08
35.0,0.0,203.4427578125,2.358295e-08
35.0,0.0,203.4425078125,2.328895e-08
35.0,0.0,203.4422578125,2.3360850000000002e-08
35.0,0.0,203.4420078125,2.345365e-08
35.0,0.0,203.4417578125,2.35726e-08
35.0,0.0,203.4415078125,2.341545e-08
35.0,0.0,203.4412578125,2.344535e-08
35.0,0.0,203.4410078125,2.3296850000000002e-08
35.0,0.0,203.4407578125,2.324685e-08
35.0,0.0,203.4405078125,2.347665e-08
35.0,0.0,203.4402578125,2.316365e-08
35.0,0.0,203.4400078125,2.339185e-08
35.0,0.0,203.4397578125,2.30169e-08
35.0,0.0,203.4395078125,2.308425e-08
35.0,0.0,203.4392578125,2.31217e-08
35.0,0.0,203.4390078125,2.30303e-08
35.0,0.0,203.4387578125,2.2931500000000006e-08
35.0,0.0,203.4385078125,2.265575e-08
35.0,0.0,203.4382578125,2.29301e-08
35.0,0.0,203.4380078125,2.29636e-08
35.0,0.0,203.4377578125,2.317725e-08
35.0,0.0,203.4375078125,2.27866e-08
35.0,0.0,203.4372578125,2.29121e-08
35.0,0.0,203.4370078125,2.32105e-08
35.0,0.0,203.4367578125,2.30487e-08
35.0,0.0,203.4365078125,2.28634e-08
35.0,0.0,203.4362578125,2.30727e-08
35.0,0.0,203.4360078125,2.30742e-08
35.0,0.0,203.4357578125,2.311485e-08
35.0,0.0,203.4355078125,2.295055e-08
35.0,0.0,203.4352578125,2.301855e-08
35.0,0.0,203.4350078125,2.2650200000000002e-08
35.0,0.0,203.4347578125,2.294855e-08
35.0,0.0,203.4345078125,2.279025e-08
35.0,0.0,203.4342578125,2.2736050000000002e-08
35.0,0.0,203.4340078125,2.3125e-08
35.0,0.0,203.4337578125,2.30386e-08
35.0,0.0,203.4335078125,2.31242e-08
35.0,0.0,203.4332578125,2.294275e-08
35.0,0.0,203.4330078125,2.35323e-08
35.0,0.0,203.4327578125,2.303665e-08
35.0,0.0,203.4325078125,2.3172450000000002e-08
35.0,0.0,203.4322578125,2.347255e-08
35.0,0.0,203.4320078125,2.35133e-08
35.0,0.0,203.4317578125,2.35007e-08
35.0,0.0,203.4315078125,2.375715e-08
35.0,0.0,203.4312578125,2.36799e-08
35.0,0.0,203.4310078125,2.37267e-08
35.0,0.0,203.4307578125,2.38125e-08
35.0,0.0,203.4305078125,2.388565e-08
35.0,0.0,203.4302578125,2.3813350000000002e-08
35.0,0.0,203.4300078125,2.3861750000000002e-08
35.0,0.0,203.4297578125,2.40793e-08
35.0,0.0,203.4295078125,2.40785e-08
35.0,0.0,203.4292578125,2.41603e-08
35.0,0.0,203.4290078125,2.37798e-08
35.0,0.0,203.4287578125,2.408895e-08
35.0,0.0,203.4285078125,2.438175e-08
35.0,0.0,203.4282578125,2.4291850000000002e-08
35.0,0.0,203.4280078125,2.44572e-08
35.0,0.0,203.4277578125,2.4356e-08
35.0,0.0,203.4275078125,2.454605e-08
35.0,0.0,203.4272578125,2.459145e-08
35.0,0.0,203.4270078125,2.459215e-08
35.0,0.0,203.4267578125,2.469335e-08
35.0,0.0,203.4265078125,2.483165e-08
35.0,0.0,203.4262578125,2.4914450000000002e-08
35.0,0.0,203.4260078125,2.49124e-08
35.0,0.0,203.4257578125,2.49558e-08
35.0,0.0,203.4255078125,2.49595e-08
35.0,0.0,203.4252578125,2.492385e-08
35.0,0.0,203.4250078125,2.54011e-08
35.0,0.0,203.4247578125,2.5228050000000002e-08
35.0,0.0,203.4245078125,2.529990000000001e-08
35.0,0.0,203.4242578125,2.5369700000000002e-08
35.0,0.0,203.4240078125,2.56123e-08
35.0,0.0,203.4237578125,2.53543e-08
35.0,0.0,203.4235078125,2.54343e-08
35.0,0.0,203.4232578125,2.54929e-08
35.0,0.0,203.4230078125,2.57338e-08
35.0,0.0,203.4227578125,2.555665e-08
35.0,0.0,203.4225078125,2.5740366666666663e-08
35.0,0.0,203.4222578125,2.561065e-08
35.0,0.0,203.4220078125,2.53566e-08
35.0,0.0,203.4217578125,2.5410700000000002e-08
35.0,0.0,203.4215078125,2.591625e-08
35.0,0.0,203.4212578125,2.588365e-08
35.0,0.0,203.4210078125,2.60144e-08
35.0,0.0,203.4207578125,2.589745e-08
35.0,0.0,203.4205078125,2.56008e-08
35.0,0.0,203.4202578125,2.564275e-08
35.0,0.0,203.4200078125,2.59539e-08
35.0,0.0,203.4197578125,2.5966250000000006e-08
35.0,0.0,203.4195078125,2.57617e-08
35.0,0.0,203.4192578125,2.60071e-08
35.0,0.0,203.4190078125,2.59996e-08
35.0,0.0,203.4187578125,2.586225e-08
35.0,0.0,203.4185078125,2.6e-08
35.0,0.0,203.4182578125,2.611675e-08
35.0,0.0,203.4180078125,2.62383e-08
35.0,0.0,203.4177578125,2.624825e-08
35.0,0.0,203.4175078125,2.622975e-08
35.0,0.0,203.4172578125,2.62749e-08
35.0,0.0,203.4170078125,2.6304550000000002e-08
35.0,0.0,203.4167578125,2.62871e-08
35.0,0.0,203.4165078125,2.61974e-08
35.0,0.0,203.4162578125,2.632945e-08
35.0,0.0,203.4160078125,2.632255e-08
35.0,0.0,203.4157578125,2.68253e-08
35.0,0.0,203.4155078125,2.6487400000000006e-08
35.0,0.0,203.4152578125,2.64731e-08
35.0,0.0,203.4150078125,2.652485e-08
35.0,0.0,203.4147578125,2.649555e-08
35.0,0.0,203.4145078125,2.650445e-08
35.0,0.0,203.4142578125,2.65887e-08
35.0,0.0,203.4140078125,2.656175e-08
35.0,0.0,203.4137578125,2.671395e-08
35.0,0.0,203.4135078125,2.669825e-08
35.0,0.0,203.4132578125,2.6762000000000002e-08
35.0,0.0,203.4130078125,2.659205e-08
35.0,0.0,203.4127578125,2.67807e-08
35.0,0.0,203.4125078125,2.69506e-08
35.0,0.0,203.4122578125,2.66203e-08
35.0,0.0,203.4120078125,2.65146e-08
35.0,0.0,203.4117578125,2.680555e-08
35.0,0.0,203.4115078125,2.666025e-08
35.0,0.0,203.4112578125,2.68229e-08
35.0,0.0,203.4110078125,2.68993e-08
35.0,0.0,203.4107578125,2.668695e-08
35.0,0.0,203.4105078125,2.664375e-08
35.0,0.0,203.4102578125,2.71118e-08
35.0,0.0,203.4100078125,2.673425e-08
35.0,0.0,203.4097578125,2.6778950000000002e-08
35.0,0.0,203.4095078125,2.679675e-08
35.0,0.0,203.4092578125,2.67981e-08
35.0,0.0,203.4090078125,2.6588100000000002e-08
35.0,0.0,203.4087578125,2.6855e-08
35.0,0.0,203.4085078125,2.676375e-08
35.0,0.0,203.4082578125,2.67696e-08
35.0,0.0,203.4080078125,2.68775e-08
35.0,0.0,203.4077578125,2.68247e-08
35.0,0.0,203.4075078125,2.68908e-08
35.0,0.0,203.4072578125,2.68119e-08
35.0,0.0,203.4070078125,2.68545e-08
35.0,0.0,203.4067578125,2.69269e-08
35.0,0.0,203.4065078125,2.6947650000000002e-08
35.0,0.0,203.4062578125,2.707115e-08
35.0,0.0,203.4060078125,2.71748e-08
35.0,0.0,203.4057578125,2.70174e-08
35.0,0.0,203.4055078125,2.73036e-08
35.0,0.0,203.4052578125,2.72836e-08
35.0,0.0,203.4050078125,2.7035700000000002e-08
35.0,0.0,203.4047578125,2.7204650000000002e-08
35.0,0.0,203.4045078125,2.730865e-08
35.0,0.0,203.4042578125,2.726525e-08
35.0,0.0,203.4040078125,2.73377e-08
35.0,0.0,203.4037578125,2.7400700000000002e-08
35.0,0.0,203.4035078125,2.74062e-08
35.0,0.0,203.4032578125,2.75008e-08
35.0,0.0,203.4030078125,2.743415e-08
35.0,0.0,203.4027578125,2.759445e-08
35.0,0.0,203.4025078125,2.754195e-08
35.0,0.0,203.4022578125,2.768505e-08
35.0,0.0,203.4020078125,2.785805e-08
35.0,0.0,203.4017578125,2.779895e-08
35.0,0.0,203.4015078125,2.77432e-08
35.0,0.0,203.4012578125,2.79372e-08
35.0,0.0,203.4010078125,2.779405e-08
35.0,0.0,203.4007578125,2.766835e-08
35.0,0.0,203.4005078125,2.79051e-08
35.0,0.0,203.4002578125,2.77418e-08
35.0,0.0,203.4000078125,2.795185e-08
35.0,0.0,203.3997578125,2.779275e-08
35.0,0.0,203.3995078125,2.78817e-08
35.0,0.0,203.3992578125,2.7897e-08
35.0,0.0,203.3990078125,2.7811e-08
35.0,0.0,203.3987578125,2.792015e-08
35.0,0.0,203.3985078125,2.7869100000000002e-08
35.0,0.0,203.3982578125,2.81758e-08
35.0,0.0,203.3980078125,2.79866e-08
35.0,0.0,203.3977578125,2.7977650000000002e-08
35.0,0.0,203.3975078125,2.75218e-08
35.0,0.0,203.3972578125,2.8000600000000002e-08
35.0,0.0,203.3970078125,2.81526e-08
35.0,0.0,203.3967578125,2.82041e-08
35.0,0.0,203.3965078125,2.85493e-08
35.0,0.0,203.3962578125,2.8318500000000003e-08
35.0,0.0,203.3960078125,2.859705e-08
35.0,0.0,203.3957578125,2.839745e-08
35.0,0.0,203.3955078125,2.860645e-08
35.0,0.0,203.3952578125,2.85419e-08
35.0,0.0,203.3950078125,2.846775e-08
35.0,0.0,203.3947578125,2.866755e-08
35.0,0.0,203.3945078125,2.86124e-08
35.0,0.0,203.3942578125,2.84511e-08
35.0,0.0,203.3940078125,2.8641450000000006e-08
35.0,0.0,203.3937578125,2.86241e-08
35.0,0.0,203.3935078125,2.8570700000000002e-08
35.0,0.0,203.3932578125,2.8849300000000002e-08
35.0,0.0,203.3930078125,2.8924833333333328e-08
35.0,0.0,203.3927578125,2.88278e-08
35.0,0.0,203.3925078125,2.8727e-08
35.0,0.0,203.3922578125,2.890505e-08
35.0,0.0,203.3920078125,2.879205e-08
35.0,0.0,203.3917578125,2.870555e-08
35.0,0.0,203.3915078125,2.90371e-08
35.0,0.0,203.3912578125,2.899945e-08
35.0,0.0,203.3910078125,2.89358e-08
35.0,0.0,203.3907578125,2.924025e-08
35.0,0.0,203.3905078125,2.90821e-08
35.0,0.0,203.3902578125,2.913025e-08
35.0,0.0,203.3900078125,2.917285e-08
35.0,0.0,203.3897578125,2.911415e-08
35.0,0.0,203.3895078125,2.9311e-08
35.0,0.0,203.3892578125,2.9383050000000002e-08
35.0,0.0,203.3890078125,2.919205e-08
35.0,0.0,203.3887578125,2.9539833333333337e-08
35.0,0.0,203.3885078125,2.9564e-08
35.0,0.0,203.3882578125,2.95081e-08
35.0,0.0,203.3880078125,2.950410000000001e-08
35.0,0.0,203.3877578125,2.945395e-08
35.0,0.0,203.3875078125,2.97652e-08
35.0,0.0,203.3872578125,2.98308e-08
35.0,0.0,203.3870078125,2.993525e-08
35.0,0.0,203.3867578125,2.99778e-08
35.0,0.0,203.3865078125,3.0053e-08
35.0,0.0,203.3862578125,3.008395e-08
35.0,0.0,203.3860078125,3.02409e-08
35.0,0.0,203.3857578125,3.041615e-08
35.0,0.0,203.3855078125,3.01223e-08
35.0,0.0,203.3852578125,3.0542250000000003e-08
35.0,0.0,203.3850078125,3.049655e-08
35.0,0.0,203.3847578125,3.0513650000000005e-08
35.0,0.0,203.3845078125,3.022e-08
35.0,0.0,203.3842578125,3.0602e-08
35.0,0.0,203.3840078125,3.0742e-08
35.0,0.0,203.3837578125,3.0554199999999994e-08
35.0,0.0,203.3835078125,3.07282e-08
35.0,0.0,203.3832578125,3.06049e-08
35.0,0.0,203.3830078125,3.056965e-08
35.0,0.0,203.3827578125,3.0434200000000004e-08
35.0,0.0,203.3825078125,3.00942e-08
35.0,0.0,203.3822578125,3.020345e-08
35.0,0.0,203.3820078125,2.9859133333333335e-08
35.0,0.0,203.3817578125,2.9996200000000004e-08
35.0,0.0,203.3815078125,2.97019e-08
35.0,0.0,203.3812578125,2.913435e-08
35.0,0.0,203.3810078125,2.9106900000000002e-08
35.0,0.0,203.3807578125,2.866325e-08
35.0,0.0,203.3805078125,2.84826e-08
35.0,0.0,203.3802578125,2.803375e-08
35.0,0.0,203.3800078125,2.76686e-08
35.0,0.0,203.3797578125,2.717965e-08
35.0,0.0,203.3795078125,2.658435e-08
35.0,0.0,203.3792578125,2.6026750000000002e-08
35.0,0.0,203.3790078125,2.539915e-08
35.0,0.0,203.3787578125,2.49871e-08
35.0,0.0,203.3785078125,2.415e-08
35.0,0.0,203.3782578125,2.37646e-08
35.0,0.0,203.3780078125,2.27975e-08
35.0,0.0,203.3777578125,2.20765e-08
35.0,0.0,203.3775078125,2.106865e-08
35.0,0.0,203.3772578125,2.029725e-08
35.0,0.0,203.3770078125,1.93588e-08
35.0,0.0,203.3767578125,1.86448e-08
35.0,0.0,203.3765078125,1.812425e-08
35.0,0.0,203.3762578125,1.70973e-08
35.0,0.0,203.3760078125,1.6277199999999998e-08
35.0,0.0,203.3757578125,1.55918e-08
35.0,0.0,203.3755078125,1.449855e-08
35.0,0.0,203.3752578125,1.37555e-08
35.0,0.0,203.3750078125,1.29628e-08
35.0,0.0,203.3747578125,1.152655e-08
35.0,0.0,203.3745078125,1.04886e-08
35.0,0.0,203.3742578125,9.664109999999998e-09
35.0,0.0,203.3740078125,8.681214999999998e-09
35.0,0.0,203.3737578125,7.94933e-09
35.0,0.0,203.3735078125,7.004769999999999e-09
35.0,0.0,203.3732578125,6.201434999999999e-09
40.0,0.0,203.7662578125,-8.744689999999998e-10
40.0,0.0,203.7660078125,-7.929165e-10
40.0,0.0,203.7657578125,-8.883969999999999e-10
40.0,0.0,203.7655078125,-7.093135e-10
40.0,0.0,203.7652578125,-8.113155e-10
40.0,0.0,203.7650078125,-7.633663333333334e-10
40.0,0.0,203.7647578125,-7.35585e-10
40.0,0.0,203.7645078125,-5.41658e-10
40.0,0.0,203.7642578125,-3.941285e-10
40.0,0.0,203.7640078125,-3.4639899999999997e-11
40.0,0.0,203.7637578125,3.0722e-10
40.0,0.0,203.7635078125,4.62632e-10
40.0,0.0,203.7632578125,7.527395e-10
40.0,0.0,203.7630078125,1.161755e-09
40.0,0.0,203.7627578125,1.7026399999999998e-09
40.0,0.0,203.7625078125,1.91952e-09
40.0,0.0,203.7622578125,2.24228e-09
40.0,0.0,203.7620078125,2.7162849999999996e-09
40.0,0.0,203.7617578125,3.1765599999999996e-09
40.0,0.0,203.7615078125,3.3003499999999997e-09
40.0,0.0,203.7612578125,3.8013499999999995e-09
40.0,0.0,203.7610078125,5.0489700000000014e-09
40.0,0.0,203.7607578125,5.3949499999999994e-09
40.0,0.0,203.7605078125,5.4051e-09
40.0,0.0,203.7602578125,5.524245e-09
40.0,0.0,203.7600078125,5.57545e-09
40.0,0.0,203.7597578125,5.90494e-09
40.0,0.0,203.7595078125,6.04041e-09
40.0,0.0,203.7592578125,5.802865e-09
40.0,0.0,203.7590078125,5.56759e-09
40.0,0.0,203.7587578125,5.0665599999999995e-09
40.0,0.0,203.7585078125,4.8478000000000006e-09
40.0,0.0,203.7582578125,5.4969e-09
40.0,0.0,203.7580078125,6.0003099999999995e-09
40.0,0.0,203.7577578125,6.6453199999999995e-09
40.0,0.0,203.7575078125,6.9503299999999995e-09
40.0,0.0,203.7572578125,7.556089999999999e-09
40.0,0.0,203.7570078125,7.799635e-09
40.0,0.0,203.7567578125,8.367899999999999e-09
40.0,0.0,203.7565078125,8.668684999999999e-09
40.0,0.0,203.7562578125,8.919505e-09
40.0,0.0,203.7560078125,9.287424999999999e-09
40.0,0.0,203.7557578125,9.579059999999999e-09
40.0,0.0,203.7555078125,9.597064999999999e-09
40.0,0.0,203.7552578125,9.804229999999999e-09
40.0,0.0,203.7550078125,1.094475e-08
40.0,0.0,203.7547578125,1.55958e-08
40.0,0.0,203.7545078125,1.5952600000000002e-08
40.0,0.0,203.7542578125,1.65434e-08
40.0,0.0,203.7540078125,1.72083e-08
40.0,0.0,203.7537578125,1.829775e-08
40.0,0.0,203.7535078125,1.89456e-08
40.0,0.0,203.7532578125,1.96688e-08
40.0,0.0,203.7530078125,2.04208e-08
40.0,0.0,203.7527578125,2.1075000000000002e-08
40.0,0.0,203.7525078125,2.1479950000000002e-08
40.0,0.0,203.7522578125,2.20884e-08
40.0,0.0,203.7520078125,2.2805250000000002e-08
40.0,0.0,203.7517578125,2.340335e-08
40.0,0.0,203.7515078125,2.381905e-08
40.0,0.0,203.7512578125,2.42231e-08
40.0,0.0,203.7510078125,2.4465e-08
40.0,0.0,203.7507578125,2.48314e-08
40.0,0.0,203.7505078125,2.51249e-08
40.0,0.0,203.7502578125,2.55107e-08
40.0,0.0,203.7500078125,2.582615e-08
40.0,0.0,203.7497578125,2.61608e-08
40.0,0.0,203.7495078125,2.648805e-08
40.0,0.0,203.7492578125,2.6714950000000002e-08
40.0,0.0,203.7490078125,2.69265e-08
40.0,0.0,203.7487578125,2.6945900000000003e-08
40.0,0.0,203.7485078125,2.716415e-08
40.0,0.0,203.7482578125,2.70487e-08
40.0,0.0,203.7480078125,2.72907e-08
40.0,0.0,203.7477578125,2.734635e-08
40.0,0.0,203.7475078125,2.7354e-08
40.0,0.0,203.7472578125,2.7311300000000002e-08
40.0,0.0,203.7470078125,2.729345e-08
40.0,0.0,203.7467578125,2.72326e-08
40.0,0.0,203.7465078125,2.725995e-08
40.0,0.0,203.7462578125,2.715275e-08
40.0,0.0,203.7460078125,2.71564e-08
40.0,0.0,203.7457578125,2.717045e-08
40.0,0.0,203.7455078125,2.712335e-08
40.0,0.0,203.7452578125,2.70134e-08
40.0,0.0,203.7450078125,2.69485e-08
40.0,0.0,203.7447578125,2.684385e-08
40.0,0.0,203.7445078125,2.6849e-08
40.0,0.0,203.7442578125,2.688235e-08
40.0,0.0,203.7440078125,2.6810100000000002e-08
40.0,0.0,203.7437578125,2.68527e-08
40.0,0.0,203.7435078125,2.69156e-08
40.0,0.0,203.7432578125,2.67955e-08
40.0,0.0,203.7430078125,2.684925e-08
40.0,0.0,203.7427578125,2.7100750000000002e-08
40.0,0.0,203.7425078125,2.71859e-08
40.0,0.0,203.7422578125,2.723195e-08
40.0,0.0,203.7420078125,2.71874e-08
40.0,0.0,203.7417578125,2.72462e-08
40.0,0.0,203.7415078125,2.710475e-08
40.0,0.0,203.7412578125,2.711385e-08
40.0,0.0,203.7410078125,2.6992e-08
40.0,0.0,203.7407578125,2.69401e-08
40.0,0.0,203.7405078125,2.70332e-08
40.0,0.0,203.7402578125,2.6938e-08
40.0,0.0,203.7400078125,2.68499e-08
40.0,0.0,203.7397578125,2.682855e-08
40.0,0.0,203.7395078125,2.67678e-08
40.0,0.0,203.7392578125,2.65466e-08
40.0,0.0,203.7390078125,2.6530400000000002e-08
40.0,0.0,203.7387578125,2.64706e-08
40.0,0.0,203.7385078125,2.641465e-08
40.0,0.0,203.7382578125,2.628515e-08
40.0,0.0,203.7380078125,2.61894e-08
40.0,0.0,203.7377578125,2.62114e-08
40.0,0.0,203.7375078125,2.6171e-08
40.0,0.0,203.7372578125,2.6180900000000006e-08
40.0,0.0,203.7370078125,2.59351e-08
40.0,0.0,203.7367578125,2.60041e-08
40.0,0.0,203.7365078125,2.595705e-08
40.0,0.0,203.7362578125,2.559525e-08
40.0,0.0,203.7360078125,2.51132e-08
40.0,0.0,203.7357578125,2.491645e-08
40.0,0.0,203.7355078125,2.48642e-08
40.0,0.0,203.7352578125,2.47943e-08
40.0,0.0,203.7350078125,2.4558700000000002e-08
40.0,0.0,203.7347578125,2.43785e-08
40.0,0.0,203.7345078125,2.43145e-08
40.0,0.0,203.7342578125,2.432235e-08
40.0,0.0,203.7340078125,2.4178e-08
40.0,0.0,203.7337578125,2.425475e-08
40.0,0.0,203.7335078125,2.41398e-08
40.0,0.0,203.7332578125,2.4304700000000002e-08
40.0,0.0,203.7330078125,2.423775e-08
40.0,0.0,203.7327578125,2.419625e-08
40.0,0.0,203.7325078125,2.43904e-08
40.0,0.0,203.7322578125,2.428405e-08
40.0,0.0,203.7320078125,2.38528e-08
40.0,0.0,203.7317578125,2.354605e-08
40.0,0.0,203.7315078125,2.30888e-08
40.0,0.0,203.7312578125,2.29503e-08
40.0,0.0,203.7310078125,2.29195e-08
40.0,0.0,203.7307578125,2.285055e-08
40.0,0.0,203.7305078125,2.2874350000000006e-08
40.0,0.0,203.7302578125,2.29317e-08
40.0,0.0,203.7300078125,2.295155e-08
40.0,0.0,203.7297578125,2.3015500000000002e-08
40.0,0.0,203.7295078125,2.3002666666666668e-08
40.0,0.0,203.7292578125,2.26642e-08
40.0,0.0,203.7290078125,2.334905e-08
40.0,0.0,203.7287578125,2.33184e-08
40.0,0.0,203.7285078125,2.341345e-08
40.0,0.0,203.7282578125,2.37902e-08
40.0,0.0,203.7280078125,2.408725e-08
40.0,0.0,203.7277578125,2.44143e-08
40.0,0.0,203.7275078125,2.43813e-08
40.0,0.0,203.7272578125,2.441475e-08
40.0,0.0,203.7270078125,2.451655e-08
40.0,0.0,203.7267578125,2.44041e-08
40.0,0.0,203.7265078125,2.4473400000000002e-08
40.0,0.0,203.7262578125,2.44635e-08
40.0,0.0,203.7260078125,2.4406050000000003e-08
40.0,0.0,203.7257578125,2.4323850000000002e-08
40.0,0.0,203.7255078125,2.42673e-08
40.0,0.0,203.7252578125,2.42826e-08
40.0,0.0,203.7250078125,2.4192600000000002e-08
40.0,0.0,203.7247578125,2.416e-08
40.0,0.0,203.7245078125,2.42189e-08
40.0,0.0,203.7242578125,2.4210100000000002e-08
40.0,0.0,203.7240078125,2.418765e-08
40.0,0.0,203.7237578125,2.419195e-08
40.0,0.0,203.7235078125,2.42264e-08
40.0,0.0,203.7232578125,2.41397e-08
40.0,0.0,203.7230078125,2.4126150000000002e-08
40.0,0.0,203.7227578125,2.406685e-08
40.0,0.0,203.7225078125,2.3876e-08
40.0,0.0,203.7222578125,2.38665e-08
40.0,0.0,203.7220078125,2.3799400000000002e-08
40.0,0.0,203.7217578125,2.373015e-08
40.0,0.0,203.7215078125,2.377985e-08
40.0,0.0,203.7212578125,2.38205e-08
40.0,0.0,203.7210078125,2.3833e-08
40.0,0.0,203.7207578125,2.384655e-08
40.0,0.0,203.7205078125,2.384575e-08
40.0,0.0,203.7202578125,2.397375e-08
40.0,0.0,203.7200078125,2.39814e-08
40.0,0.0,203.7197578125,2.41324e-08
40.0,0.0,203.7195078125,2.41998e-08
40.0,0.0,203.7192578125,2.43046e-08
40.0,0.0,203.7190078125,2.44453e-08
40.0,0.0,203.7187578125,2.44375e-08
40.0,0.0,203.7185078125,2.450045e-08
40.0,0.0,203.7182578125,2.437615e-08
40.0,0.0,203.7180078125,2.4413150000000003e-08
40.0,0.0,203.7177578125,2.43615e-08
40.0,0.0,203.7175078125,2.4472e-08
40.0,0.0,203.7172578125,2.4427e-08
40.0,0.0,203.7170078125,2.46124e-08
40.0,0.0,203.7167578125,2.447255e-08
40.0,0.0,203.7165078125,2.46906e-08
40.0,0.0,203.7162578125,2.47569e-08
40.0,0.0,203.7160078125,2.47058e-08
40.0,0.0,203.7157578125,2.48645e-08
40.0,0.0,203.7155078125,2.47645e-08
40.0,0.0,203.7152578125,2.48601e-08
40.0,0.0,203.7150078125,2.50043e-08
40.0,0.0,203.7147578125,2.507465e-08
40.0,0.0,203.7145078125,2.514895e-08
40.0,0.0,203.7142578125,2.51141e-08
40.0,0.0,203.7140078125,2.529265e-08
40.0,0.0,203.7137578125,2.536085e-08
40.0,0.0,203.7135078125,2.5312000000000002e-08
40.0,0.0,203.7132578125,2.546385e-08
40.0,0.0,203.7130078125,2.543495e-08
40.0,0.0,203.7127578125,2.538755e-08
40.0,0.0,203.7125078125,2.54989e-08
40.0,0.0,203.7122578125,2.558125e-08
40.0,0.0,203.7120078125,2.5337e-08
40.0,0.0,203.7117578125,2.54436e-08
40.0,0.0,203.7115078125,2.540165e-08
40.0,0.0,203.7112578125,2.53848e-08
40.0,0.0,203.7110078125,2.536555e-08
40.0,0.0,203.7107578125,2.53096e-08
40.0,0.0,203.7105078125,2.52359e-08
40.0,0.0,203.7102578125,2.52577e-08
40.0,0.0,203.7100078125,2.520275e-08
40.0,0.0,203.7097578125,2.5275e-08
40.0,0.0,203.7095078125,2.51919e-08
40.0,0.0,203.7092578125,2.52416e-08
40.0,0.0,203.7090078125,2.51603e-08
40.0,0.0,203.7087578125,2.51623e-08
40.0,0.0,203.7085078125,2.51242e-08
40.0,0.0,203.7082578125,2.5134000000000002e-08
40.0,0.0,203.7080078125,2.509915e-08
40.0,0.0,203.7077578125,2.50419e-08
40.0,0.0,203.7075078125,2.50317e-08
40.0,0.0,203.7072578125,2.5157e-08
40.0,0.0,203.7070078125,2.5183e-08
40.0,0.0,203.7067578125,2.5266e-08
40.0,0.0,203.7065078125,2.5197150000000002e-08
40.0,0.0,203.7062578125,2.530015e-08
40.0,0.0,203.7060078125,2.54343e-08
40.0,0.0,203.7057578125,2.54268e-08
40.0,0.0,203.7055078125,2.55379e-08
40.0,0.0,203.7052578125,2.549665e-08
40.0,0.0,203.7050078125,2.55117e-08
40.0,0.0,203.7047578125,2.55468e-08
40.0,0.0,203.7045078125,2.55454e-08
40.0,0.0,203.7042578125,2.565475e-08
40.0,0.0,203.7040078125,2.55971e-08
40.0,0.0,203.7037578125,2.558745e-08
40.0,0.0,203.7035078125,2.57017e-08
40.0,0.0,203.7032578125,2.571785e-08
40.0,0.0,203.7030078125,2.57157e-08
40.0,0.0,203.7027578125,2.5684e-08
40.0,0.0,203.7025078125,2.590875e-08
40.0,0.0,203.7022578125,2.590525e-08
40.0,0.0,203.7020078125,2.5748950000000002e-08
40.0,0.0,203.7017578125,2.57237e-08
40.0,0.0,203.7015078125,2.56109e-08
40.0,0.0,203.7012578125,2.565665e-08
40.0,0.0,203.7010078125,2.56006e-08
40.0,0.0,203.7007578125,2.5493300000000002e-08
40.0,0.0,203.7005078125,2.5422e-08
40.0,0.0,203.7002578125,2.54075e-08
40.0,0.0,203.7000078125,2.5217950000000002e-08
40.0,0.0,203.6997578125,2.52164e-08
40.0,0.0,203.6995078125,2.53108e-08
40.0,0.0,203.6992578125,2.521345e-08
40.0,0.0,203.6990078125,2.52944e-08
40.0,0.0,203.6987578125,2.51806e-08
40.0,0.0,203.6985078125,2.5230800000000002e-08
40.0,0.0,203.6982578125,2.522875e-08
40.0,0.0,203.6980078125,2.5218866666666667e-08
40.0,0.0,203.6977578125,2.5076300000000002e-08
40.0,0.0,203.6975078125,2.509205e-08
40.0,0.0,203.6972578125,2.492495e-08
40.0,0.0,203.6970078125,2.49198e-08
40.0,0.0,203.6967578125,2.48733e-08
40.0,0.0,203.6965078125,2.47301e-08
40.0,0.0,203.6962578125,2.47338e-08
40.0,0.0,203.6960078125,2.473985e-08
40.0,0.0,203.6957578125,2.4612300000000002e-08
40.0,0.0,203.6955078125,2.47304e-08
40.0,0.0,203.6952578125,2.46121e-08
40.0,0.0,203.6950078125,2.462255e-08
40.0,0.0,203.6947578125,2.4582500000000002e-08
40.0,0.0,203.6945078125,2.46737e-08
40.0,0.0,203.6942578125,2.465135e-08
40.0,0.0,203.6940078125,2.463895e-08
40.0,0.0,203.6937578125,2.46075e-08
40.0,0.0,203.6935078125,2.46726e-08
40.0,0.0,203.6932578125,2.458535e-08
40.0,0.0,203.6930078125,2.4663e-08
40.0,0.0,203.6927578125,2.4624050000000002e-08
40.0,0.0,203.6925078125,2.455255e-08
40.0,0.0,203.6922578125,2.457755e-08
40.0,0.0,203.6920078125,2.456305e-08
40.0,0.0,203.6917578125,2.4609e-08
40.0,0.0,203.6915078125,2.47137e-08
40.0,0.0,203.6912578125,2.4814900000000002e-08
40.0,0.0,203.6910078125,2.4738133333333328e-08
40.0,0.0,203.6907578125,2.48074e-08
40.0,0.0,203.6905078125,2.491405e-08
40.0,0.0,203.6902578125,2.49717e-08
40.0,0.0,203.6900078125,2.49707e-08
40.0,0.0,203.6897578125,2.49685e-08
40.0,0.0,203.6895078125,2.5056350000000002e-08
40.0,0.0,203.6892578125,2.513965e-08
40.0,0.0,203.6890078125,2.5244966666666672e-08
40.0,0.0,203.6887578125,2.5284100000000002e-08
40.0,0.0,203.6885078125,2.52613e-08
40.0,0.0,203.6882578125,2.53125e-08
40.0,0.0,203.6880078125,2.530315e-08
40.0,0.0,203.6877578125,2.52487e-08
40.0,0.0,203.6875078125,2.50792e-08
40.0,0.0,203.6872578125,2.52096e-08
40.0,0.0,203.6870078125,2.5131000000000002e-08
40.0,0.0,203.6867578125,2.52141e-08
40.0,0.0,203.6865078125,2.52907e-08
40.0,0.0,203.6862578125,2.528765e-08
40.0,0.0,203.6860078125,2.5363150000000002e-08
40.0,0.0,203.6857578125,2.54608e-08
40.0,0.0,203.6855078125,2.535745e-08
40.0,0.0,203.6852578125,2.535725e-08
40.0,0.0,203.6850078125,2.53873e-08
40.0,0.0,203.6847578125,2.54787e-08
40.0,0.0,203.6845078125,2.544525e-08
40.0,0.0,203.6842578125,2.535845e-08
40.0,0.0,203.6840078125,2.5488e-08
40.0,0.0,203.6837578125,2.54687e-08
40.0,0.0,203.6835078125,2.55301e-08
40.0,0.0,203.6832578125,2.5535950000000002e-08
40.0,0.0,203.6830078125,2.5518450000000002e-08
40.0,0.0,203.6827578125,2.56616e-08
40.0,0.0,203.6825078125,2.56794e-08
40.0,0.0,203.6822578125,2.55726e-08
40.0,0.0,203.6820078125,2.5646850000000003e-08
40.0,0.0,203.6817578125,2.569355e-08
40.0,0.0,203.6815078125,2.57931e-08
40.0,0.0,203.6812578125,2.5746200000000002e-08
40.0,0.0,203.6810078125,2.58082e-08
40.0,0.0,203.6807578125,2.58327e-08
40.0,0.0,203.6805078125,2.576975e-08
40.0,0.0,203.6802578125,2.5824400000000002e-08
40.0,0.0,203.6800078125,2.5843000000000002e-08
40.0,0.0,203.6797578125,2.575365e-08
40.0,0.0,203.6795078125,2.5822750000000002e-08
40.0,0.0,203.6792578125,2.581875e-08
40.0,0.0,203.6790078125,2.58002e-08
40.0,0.0,203.6787578125,2.57753e-08
40.0,0.0,203.6785078125,2.58122e-08
40.0,0.0,203.6782578125,2.58074e-08
40.0,0.0,203.6780078125,2.570915e-08
40.0,0.0,203.6777578125,2.575835e-08
40.0,0.0,203.6775078125,2.581535e-08
40.0,0.0,203.6772578125,2.571755e-08
40.0,0.0,203.6770078125,2.57687e-08
40.0,0.0,203.6767578125,2.58688e-08
40.0,0.0,203.6765078125,2.577215e-08
40.0,0.0,203.6762578125,2.57619e-08
40.0,0.0,203.6760078125,2.58281e-08
40.0,0.0,203.6757578125,2.59635e-08
40.0,0.0,203.6755078125,2.594455e-08
40.0,0.0,203.6752578125,2.59867e-08
40.0,0.0,203.6750078125,2.60027e-08
40.0,0.0,203.6747578125,2.595485e-08
40.0,0.0,203.6745078125,2.596535e-08
40.0,0.0,203.6742578125,2.59038e-08
40.0,0.0,203.6740078125,2.59051e-08
40.0,0.0,203.6737578125,2.58136e-08
40.0,0.0,203.6735078125,2.56501e-08
40.0,0.0,203.6732578125,2.561215e-08
40.0,0.0,203.6730078125,2.5724050000000002e-08
40.0,0.0,203.6727578125,2.56675e-08
40.0,0.0,203.6725078125,2.562005e-08
40.0,0.0,203.6722578125,2.555445e-08
40.0,0.0,203.6720078125,2.57338e-08
40.0,0.0,203.6717578125,2.567705e-08
40.0,0.0,203.6715078125,2.57184e-08
40.0,0.0,203.6712578125,2.574615e-08
40.0,0.0,203.6710078125,2.5614150000000002e-08
40.0,0.0,203.6707578125,2.572e-08
40.0,0.0,203.6705078125,2.556705e-08
40.0,0.0,203.6702578125,2.56815e-08
40.0,0.0,203.6700078125,2.5783e-08
40.0,0.0,203.6697578125,2.5645850000000002e-08
40.0,0.0,203.6695078125,2.56154e-08
40.0,0.0,203.6692578125,2.555445e-08
40.0,0.0,203.6690078125,2.5659200000000006e-08
40.0,0.0,203.6687578125,2.56119e-08
40.0,0.0,203.6685078125,2.55942e-08
40.0,0.0,203.6682578125,2.561565e-08
40.0,0.0,203.6680078125,2.55695e-08
40.0,0.0,203.6677578125,2.56041e-08
40.0,0.0,203.6675078125,2.55472e-08
40.0,0.0,203.6672578125,2.5626450000000002e-08
40.0,0.0,203.6670078125,2.5475500000000002e-08
40.0,0.0,203.6667578125,2.5482900000000002e-08
40.0,0.0,203.6665078125,2.557295e-08
40.0,0.0,203.6662578125,2.5575600000000002e-08
40.0,0.0,203.6660078125,2.5518e-08
40.0,0.0,203.6657578125,2.548595e-08
40.0,0.0,203.6655078125,2.54838e-08
40.0,0.0,203.6652578125,2.553355e-08
40.0,0.0,203.6650078125,2.5591e-08
40.0,0.0,203.6647578125,2.5419750000000002e-08
40.0,0.0,203.6645078125,2.542065e-08
40.0,0.0,203.6642578125,2.5461300000000002e-08
40.0,0.0,203.6640078125,2.54079e-08
40.0,0.0,203.6637578125,2.5410450000000002e-08
40.0,0.0,203.6635078125,2.54009e-08
40.0,0.0,203.6632578125,2.542935e-08
40.0,0.0,203.6630078125,2.52795e-08
40.0,0.0,203.6627578125,2.54229e-08
40.0,0.0,203.6625078125,2.53644e-08
40.0,0.0,203.6622578125,2.5329e-08
40.0,0.0,203.6620078125,2.5394250000000006e-08
40.0,0.0,203.6617578125,2.531735e-08
40.0,0.0,203.6615078125,2.5407150000000002e-08
40.0,0.0,203.6612578125,2.534695e-08
40.0,0.0,203.6610078125,2.5344000000000002e-08
40.0,0.0,203.6607578125,2.53417e-08
40.0,0.0,203.6605078125,2.52784e-08
40.0,0.0,203.6602578125,2.532255e-08
40.0,0.0,203.6600078125,2.52725e-08
40.0,0.0,203.6597578125,2.53353e-08
40.0,0.0,203.6595078125,2.51899e-08
40.0,0.0,203.6592578125,2.52526e-08
40.0,0.0,203.6590078125,2.523995e-08
40.0,0.0,203.6587578125,2.524385e-08
40.0,0.0,203.6585078125,2.528345e-08
40.0,0.0,203.6582578125,2.52631e-08
40.0,0.0,203.6580078125,2.52159e-08
40.0,0.0,203.6577578125,2.52673e-08
40.0,0.0,203.6575078125,2.5228900000000002e-08
40.0,0.0,203.6572578125,2.53304e-08
40.0,0.0,203.6570078125,2.523275e-08
40.0,0.0,203.6567578125,2.51674e-08
40.0,0.0,203.6565078125,2.52045e-08
40.0,0.0,203.6562578125,2.5218500000000002e-08
40.0,0.0,203.6560078125,2.51479e-08
40.0,0.0,203.6557578125,2.512255e-08
40.0,0.0,203.6555078125,2.50891e-08
40.0,0.0,203.6552578125,2.51082e-08
40.0,0.0,203.6550078125,2.51826e-08
40.0,0.0,203.6547578125,2.527685e-08
40.0,0.0,203.6545078125,2.5190266666666666e-08
40.0,0.0,203.6542578125,2.5189500000000002e-08
40.0,0.0,203.6540078125,2.5228e-08
40.0,0.0,203.6537578125,2.52434e-08
40.0,0.0,203.6535078125,2.52211e-08
40.0,0.0,203.6532578125,2.51307e-08
40.0,0.0,203.6530078125,2.5093250000000002e-08
40.0,0.0,203.6527578125,2.50308e-08
40.0,0.0,203.6525078125,2.4906033333333328e-08
40.0,0.0,203.6522578125,2.48656e-08
40.0,0.0,203.6520078125,2.476985e-08
40.0,0.0,203.6517578125,2.472535e-08
40.0,0.0,203.6515078125,2.4696e-08
40.0,0.0,203.6512578125,2.46676e-08
40.0,0.0,203.6510078125,2.45892e-08
40.0,0.0,203.6507578125,2.465245e-08
40.0,0.0,203.6505078125,2.46395e-08
40.0,0.0,203.6502578125,2.47175e-08
40.0,0.0,203.6500078125,2.47286e-08
40.0,0.0,203.6497578125,2.46466e-08
40.0,0.0,203.6495078125,2.4599e-08
40.0,0.0,203.6492578125,2.47346e-08
40.0,0.0,203.6490078125,2.46781e-08
40.0,0.0,203.6487578125,2.4682250000000006e-08
40.0,0.0,203.6485078125,2.45159e-08
40.0,0.0,203.6482578125,2.44505e-08
40.0,0.0,203.6480078125,2.439005e-08
40.0,0.0,203.6477578125,2.43115e-08
40.0,0.0,203.6475078125,2.434755e-08
40.0,0.0,203.6472578125,2.42711e-08
40.0,0.0,203.6470078125,2.4054800000000002e-08
40.0,0.0,203.6467578125,2.4146950000000002e-08
40.0,0.0,203.6465078125,2.40884e-08
40.0,0.0,203.6462578125,2.40936e-08
40.0,0.0,203.6460078125,2.40963e-08
40.0,0.0,203.6457578125,2.41117e-08
40.0,0.0,203.6455078125,2.4180966666666667e-08
40.0,0.0,203.6452578125,2.43511e-08
40.0,0.0,203.6450078125,2.433845e-08
40.0,0.0,203.6447578125,2.432635e-08
40.0,0.0,203.6445078125,2.4458e-08
40.0,0.0,203.6442578125,2.4587e-08
40.0,0.0,203.6440078125,2.454415e-08
40.0,0.0,203.6437578125,2.4572100000000002e-08
40.0,0.0,203.6435078125,2.448055e-08
40.0,0.0,203.6432578125,2.46922e-08
40.0,0.0,203.6430078125,2.475275e-08
40.0,0.0,203.6427578125,2.472565e-08
40.0,0.0,203.6425078125,2.488085e-08
40.0,0.0,203.6422578125,2.50047e-08
40.0,0.0,203.6420078125,2.48973e-08
40.0,0.0,203.6417578125,2.49857e-08
40.0,0.0,203.6415078125,2.50847e-08
40.0,0.0,203.6412578125,2.5103600000000006e-08
40.0,0.0,203.6410078125,2.52243e-08
40.0,0.0,203.6407578125,2.50871e-08
40.0,0.0,203.6405078125,2.5030650000000002e-08
40.0,0.0,203.6402578125,2.50808e-08
40.0,0.0,203.6400078125,2.52039e-08
40.0,0.0,203.6397578125,2.526155e-08
40.0,0.0,203.6395078125,2.5272350000000002e-08
40.0,0.0,203.6392578125,2.533335e-08
40.0,0.0,203.6390078125,2.546555e-08
40.0,0.0,203.6387578125,2.5677850000000002e-08
40.0,0.0,203.6385078125,2.5696e-08
40.0,0.0,203.6382578125,2.57766e-08
40.0,0.0,203.6380078125,2.584915e-08
40.0,0.0,203.6377578125,2.58959e-08
40.0,0.0,203.6375078125,2.580135e-08
40.0,0.0,203.6372578125,2.58103e-08
40.0,0.0,203.6370078125,2.586465e-08
40.0,0.0,203.6367578125,2.568775e-08
40.0,0.0,203.6365078125,2.54487e-08
40.0,0.0,203.6362578125,2.5353850000000002e-08
40.0,0.0,203.6360078125,2.50449e-08
40.0,0.0,203.6357578125,2.4869e-08
40.0,0.0,203.6355078125,2.46267e-08
40.0,0.0,203.6352578125,2.401065e-08
40.0,0.0,203.6350078125,2.36331e-08
40.0,0.0,203.6347578125,2.312125e-08
40.0,0.0,203.6345078125,2.282375e-08
40.0,0.0,203.6342578125,2.2656750000000002e-08
40.0,0.0,203.6340078125,2.251855e-08
40.0,0.0,203.6337578125,2.26616e-08
40.0,0.0,203.6335078125,2.26373e-08
40.0,0.0,203.6332578125,2.2694e-08
40.0,0.0,203.6330078125,2.265005e-08
40.0,0.0,203.6327578125,2.2877700000000002e-08
40.0,0.0,203.6325078125,2.307665e-08
40.0,0.0,203.6322578125,2.307255e-08
40.0,0.0,203.6320078125,2.309845e-08
40.0,0.0,203.6317578125,2.2984600000000002e-08
40.0,0.0,203.6315078125,2.29184e-08
40.0,0.0,203.6312578125,2.2802500000000002e-08
40.0,0.0,203.6310078125,2.296105e-08
40.0,0.0,203.6307578125,2.285415e-08
40.0,0.0,203.6305078125,2.285845e-08
40.0,0.0,203.6302578125,2.30468e-08
40.0,0.0,203.6300078125,2.30408e-08
40.0,0.0,203.6297578125,2.31675e-08
40.0,0.0,203.6295078125,2.33472e-08
40.0,0.0,203.6292578125,2.3446e-08
40.0,0.0,203.6290078125,2.365935e-08
40.0,0.0,203.6287578125,2.38886e-08
40.0,0.0,203.6285078125,2.414295e-08
40.0,0.0,203.6282578125,2.43498e-08
40.0,0.0,203.6280078125,2.4616866666666663e-08
40.0,0.0,203.6277578125,2.491725e-08
40.0,0.0,203.6275078125,2.51352e-08
40.0,0.0,203.6272578125,2.51027e-08
40.0,0.0,203.6270078125,2.52244e-08
40.0,0.0,203.6267578125,2.533725e-08
40.0,0.0,203.6265078125,2.54158e-08
40.0,0.0,203.6262578125,2.5433950000000002e-08
40.0,0.0,203.6260078125,2.5450350000000002e-08
40.0,0.0,203.6257578125,2.55779e-08
40.0,0.0,203.6255078125,2.5745100000000002e-08
40.0,0.0,203.6252578125,2.589365e-08
40.0,0.0,203.6250078125,2.598125e-08
40.0,0.0,203.6247578125,2.621025e-08
40.0,0.0,203.6245078125,2.63638e-08
40.0,0.0,203.6242578125,2.64958e-08
40.0,0.0,203.6240078125,2.66227e-08
40.0,0.0,203.6237578125,2.673395e-08
40.0,0.0,203.6235078125,2.70393e-08
40.0,0.0,203.6232578125,2.71059e-08
40.0,0.0,203.6230078125,2.728975e-08
40.0,0.0,203.6227578125,2.730875e-08
40.0,0.0,203.6225078125,2.74808e-08
40.0,0.0,203.6222578125,2.74553e-08
40.0,0.0,203.6220078125,2.75037e-08
40.0,0.0,203.6217578125,2.74733e-08
40.0,0.0,203.6215078125,2.737545e-08
40.0,0.0,203.6212578125,2.738615e-08
40.0,0.0,203.6210078125,2.73621e-08
40.0,0.0,203.6207578125,2.7451000000000002e-08
40.0,0.0,203.6205078125,2.731515e-08
40.0,0.0,203.6202578125,2.738535e-08
40.0,0.0,203.6200078125,2.73106e-08
40.0,0.0,203.6197578125,2.72929e-08
40.0,0.0,203.6195078125,2.73598e-08
40.0,0.0,203.6192578125,2.74166e-08
40.0,0.0,203.6190078125,2.75274e-08
40.0,0.0,203.6187578125,2.7738400000000002e-08
40.0,0.0,203.6185078125,2.77442e-08
40.0,0.0,203.6182578125,2.791325e-08
40.0,0.0,203.6180078125,2.8141700000000002e-08
40.0,0.0,203.6177578125,2.82718e-08
40.0,0.0,203.6175078125,2.85307e-08
40.0,0.0,203.6172578125,2.874975e-08
40.0,0.0,203.6170078125,2.889435e-08
40.0,0.0,203.6167578125,2.91761e-08
40.0,0.0,203.6165078125,2.941e-08
40.0,0.0,203.6162578125,2.96706e-08
40.0,0.0,203.6160078125,2.976625e-08
40.0,0.0,203.6157578125,2.98715e-08
40.0,0.0,203.6155078125,2.992345e-08
40.0,0.0,203.6152578125,2.96658e-08
40.0,0.0,203.6150078125,2.96161e-08
40.0,0.0,203.6147578125,2.9545e-08
40.0,0.0,203.6145078125,2.954325e-08
40.0,0.0,203.6142578125,2.9522500000000002e-08
40.0,0.0,203.6140078125,2.94244e-08
40.0,0.0,203.6137578125,2.92865e-08
40.0,0.0,203.6135078125,2.942755e-08
40.0,0.0,203.6132578125,2.94901e-08
40.0,0.0,203.6130078125,2.95215e-08
40.0,0.0,203.6127578125,2.97364e-08
40.0,0.0,203.6125078125,2.98429e-08
40.0,0.0,203.6122578125,2.99825e-08
40.0,0.0,203.6120078125,3.01946e-08
40.0,0.0,203.6117578125,3.06121e-08
40.0,0.0,203.6115078125,3.07872e-08
40.0,0.0,203.6112578125,3.1062000000000004e-08
40.0,0.0,203.6110078125,3.113205e-08
40.0,0.0,203.6107578125,3.12531e-08
40.0,0.0,203.6105078125,3.1320950000000004e-08
40.0,0.0,203.6102578125,3.154075e-08
40.0,0.0,203.6100078125,3.17417e-08
40.0,0.0,203.6097578125,3.18873e-08
40.0,0.0,203.6095078125,3.20012e-08
40.0,0.0,203.6092578125,3.1925e-08
40.0,0.0,203.6090078125,3.211505e-08
40.0,0.0,203.6087578125,3.22002e-08
40.0,0.0,203.6085078125,3.2217250000000003e-08
40.0,0.0,203.6082578125,3.220655e-08
40.0,0.0,203.6080078125,3.23777e-08
40.0,0.0,203.6077578125,3.24868e-08
40.0,0.0,203.6075078125,3.256335e-08
40.0,0.0,203.6072578125,3.255385e-08
40.0,0.0,203.6070078125,3.24715e-08
40.0,0.0,203.6067578125,3.2545100000000003e-08
40.0,0.0,203.6065078125,3.26358e-08
40.0,0.0,203.6062578125,3.26876e-08
40.0,0.0,203.6060078125,3.2750049999999995e-08
40.0,0.0,203.6057578125,3.2874300000000003e-08
40.0,0.0,203.6055078125,3.293835e-08
40.0,0.0,203.6052578125,3.30105e-08
40.0,0.0,203.6050078125,3.30357e-08
40.0,0.0,203.6047578125,3.31695e-08
40.0,0.0,203.6045078125,3.317395e-08
40.0,0.0,203.6042578125,3.31225e-08
40.0,0.0,203.6040078125,3.31725e-08
40.0,0.0,203.6037578125,3.31312e-08
40.0,0.0,203.6035078125,3.307715e-08
40.0,0.0,203.6032578125,3.293985e-08
40.0,0.0,203.6030078125,3.29294e-08
40.0,0.0,203.6027578125,3.29383e-08
40.0,0.0,203.6025078125,3.28503e-08
40.0,0.0,203.6022578125,3.29323e-08
40.0,0.0,203.6020078125,3.282165e-08
40.0,0.0,203.6017578125,3.29777e-08
40.0,0.0,203.6015078125,3.291755e-08
40.0,0.0,203.6012578125,3.2832049999999995e-08
40.0,0.0,203.6010078125,3.288585e-08
40.0,0.0,203.6007578125,3.28738e-08
40.0,0.0,203.6005078125,3.277485e-08
40.0,0.0,203.6002578125,3.268565e-08
40.0,0.0,203.6000078125,3.2567e-08
40.0,0.0,203.5997578125,3.232515e-08
40.0,0.0,203.5995078125,3.216985e-08
40.0,0.0,203.5992578125,3.202205e-08
40.0,0.0,203.5990078125,3.18485e-08
40.0,0.0,203.5987578125,3.175035e-08
40.0,0.0,203.5985078125,3.153175e-08
40.0,0.0,203.5982578125,3.1539e-08
40.0,0.0,203.5980078125,3.1422400000000003e-08
40.0,0.0,203.5977578125,3.1559549999999995e-08
40.0,0.0,203.5975078125,3.144095e-08
40.0,0.0,203.5972578125,3.1507299999999995e-08
40.0,0.0,203.5970078125,3.16221e-08
40.0,0.0,203.5967578125,3.15978e-08
40.0,0.0,203.5965078125,3.173605e-08
40.0,0.0,203.5962578125,3.167055e-08
40.0,0.0,203.5960078125,3.16926e-08
40.0,0.0,203.5957578125,3.17585e-08
40.0,0.0,203.5955078125,3.1598650000000005e-08
40.0,0.0,203.5952578125,3.15522e-08
40.0,0.0,203.5950078125,3.13834e-08
40.0,0.0,203.5947578125,3.15134e-08
40.0,0.0,203.5945078125,3.147155e-08
40.0,0.0,203.5942578125,3.1608e-08
40.0,0.0,203.5940078125,3.16137e-08
40.0,0.0,203.5937578125,3.168305e-08
40.0,0.0,203.5935078125,3.1797250000000004e-08
40.0,0.0,203.5932578125,3.178015e-08
40.0,0.0,203.5930078125,3.17839e-08
40.0,0.0,203.5927578125,3.1867250000000004e-08
40.0,0.0,203.5925078125,3.1789550000000004e-08
40.0,0.0,203.5922578125,3.178575e-08
40.0,0.0,203.5920078125,3.17333e-08
40.0,0.0,203.5917578125,3.154275e-08
40.0,0.0,203.5915078125,3.15038e-08
40.0,0.0,203.5912578125,3.13034e-08
40.0,0.0,203.5910078125,3.12169e-08
40.0,0.0,203.5907578125,3.11463e-08
40.0,0.0,203.5905078125,3.112175e-08
40.0,0.0,203.5902578125,3.106835e-08
40.0,0.0,203.5900078125,3.10934e-08
40.0,0.0,203.5897578125,3.109065e-08
40.0,0.0,203.5895078125,3.117225e-08
40.0,0.0,203.5892578125,3.122005e-08
40.0,0.0,203.5890078125,3.1018e-08
40.0,0.0,203.5887578125,3.0923950000000003e-08
40.0,0.0,203.5885078125,3.0827150000000004e-08
40.0,0.0,203.5882578125,3.0841500000000005e-08
40.0,0.0,203.5880078125,3.07041e-08
40.0,0.0,203.5877578125,3.04846e-08
40.0,0.0,203.5875078125,3.0236666666666665e-08
40.0,0.0,203.5872578125,3.00518e-08
40.0,0.0,203.5870078125,2.981145e-08
40.0,0.0,203.5867578125,2.98176e-08
40.0,0.0,203.5865078125,2.9760100000000002e-08
40.0,0.0,203.5862578125,2.97064e-08
40.0,0.0,203.5860078125,3.00226e-08
40.0,0.0,203.5857578125,2.99072e-08
40.0,0.0,203.5855078125,3.015e-08
40.0,0.0,203.5852578125,3.03249e-08
40.0,0.0,203.5850078125,3.035375e-08
40.0,0.0,203.5847578125,3.0602100000000004e-08
40.0,0.0,203.5845078125,3.071735e-08
40.0,0.0,203.5842578125,3.07941e-08
40.0,0.0,203.5840078125,3.07838e-08
40.0,0.0,203.5837578125,3.0886e-08
40.0,0.0,203.5835078125,3.078235e-08
40.0,0.0,203.5832578125,3.082925e-08
40.0,0.0,203.5830078125,3.09423e-08
40.0,0.0,203.5827578125,3.0833849999999995e-08
40.0,0.0,203.5825078125,3.0851599999999995e-08
40.0,0.0,203.5822578125,3.084605e-08
40.0,0.0,203.5820078125,3.0783500000000006e-08
40.0,0.0,203.5817578125,3.08774e-08
40.0,0.0,203.5815078125,3.066455e-08
40.0,0.0,203.5812578125,3.08403e-08
40.0,0.0,203.5810078125,3.067155e-08
40.0,0.0,203.5807578125,3.077475e-08
40.0,0.0,203.5805078125,3.076855e-08
40.0,0.0,203.5802578125,3.0673e-08
40.0,0.0,203.5800078125,3.06157e-08
40.0,0.0,203.5797578125,3.063605e-08
40.0,0.0,203.5795078125,3.051165e-08
40.0,0.0,203.5792578125,3.03783e-08
40.0,0.0,203.5790078125,3.034325e-08
40.0,0.0,203.5787578125,3.02784e-08
40.0,0.0,203.5785078125,2.99867e-08
40.0,0.0,203.5782578125,2.99496e-08
40.0,0.0,203.5780078125,2.98708e-08
40.0,0.0,203.5777578125,2.96576e-08
40.0,0.0,203.5775078125,2.953555e-08
40.0,0.0,203.5772578125,2.934645e-08
40.0,0.0,203.5770078125,2.9232100000000002e-08
40.0,0.0,203.5767578125,2.908455e-08
40.0,0.0,203.5765078125,2.896725e-08
40.0,0.0,203.5762578125,2.88013e-08
40.0,0.0,203.5760078125,2.873525e-08
40.0,0.0,203.5757578125,2.8595300000000002e-08
40.0,0.0,203.5755078125,2.8528e-08
40.0,0.0,203.5752578125,2.8357700000000002e-08
40.0,0.0,203.5750078125,2.82964e-08
40.0,0.0,203.5747578125,2.819905e-08
40.0,0.0,203.5745078125,2.815255e-08
40.0,0.0,203.5742578125,2.8247250000000002e-08
40.0,0.0,203.5740078125,2.806015e-08
40.0,0.0,203.5737578125,2.820915e-08
40.0,0.0,203.5735078125,2.797915e-08
40.0,0.0,203.5732578125,2.76861e-08
40.0,0.0,203.5730078125,2.7808e-08
40.0,0.0,203.5727578125,2.7598400000000002e-08
40.0,0.0,203.5725078125,2.7762e-08
40.0,0.0,203.5722578125,2.74792e-08
40.0,0.0,203.5720078125,2.734605e-08
40.0,0.0,203.5717578125,2.72152e-08
40.0,0.0,203.5715078125,2.65612e-08
40.0,0.0,203.5712578125,2.55282e-08
40.0,0.0,203.5710078125,2.539105e-08
40.0,0.0,203.5707578125,2.53859e-08
40.0,0.0,203.5705078125,2.520105e-08
40.0,0.0,203.5702578125,2.51432e-08
40.0,0.0,203.5700078125,2.513205e-08
40.0,0.0,203.5697578125,2.488445e-08
40.0,0.0,203.5695078125,2.48982e-08
40.0,0.0,203.5692578125,2.474415e-08
40.0,0.0,203.5690078125,2.46433e-08
40.0,0.0,203.5687578125,2.468565e-08
40.0,0.0,203.5685078125,2.4602200000000002e-08
40.0,0.0,203.5682578125,2.46379e-08
40.0,0.0,203.5680078125,2.460315e-08
40.0,0.0,203.5677578125,2.469745e-08
40.0,0.0,203.5675078125,2.48198e-08
40.0,0.0,203.5672578125,2.508305e-08
40.0,0.0,203.5670078125,2.55871e-08
40.0,0.0,203.5667578125,2.549315e-08
40.0,0.0,203.5665078125,2.547905e-08
40.0,0.0,203.5662578125,2.5376000000000002e-08
40.0,0.0,203.5660078125,2.5432e-08
40.0,0.0,203.5657578125,2.5235e-08
40.0,0.0,203.5655078125,2.50735e-08
40.0,0.0,203.5652578125,2.48547e-08
40.0,0.0,203.5650078125,2.484715e-08
40.0,0.0,203.5647578125,2.4876700000000002e-08
40.0,0.0,203.5645078125,2.479595e-08
40.0,0.0,203.5642578125,2.4793050000000002e-08
40.0,0.0,203.5640078125,2.47937e-08
40.0,0.0,203.5637578125,2.4760500000000002e-08
40.0,0.0,203.5635078125,2.490425e-08
40.0,0.0,203.5632578125,2.4420100000000002e-08
40.0,0.0,203.5630078125,2.475075e-08
40.0,0.0,203.5627578125,2.4726050000000002e-08
40.0,0.0,203.5625078125,2.4584700000000002e-08
40.0,0.0,203.5622578125,2.459185e-08
40.0,0.0,203.5620078125,2.449245e-08
40.0,0.0,203.5617578125,2.4369e-08
40.0,0.0,203.5615078125,2.4503500000000002e-08
40.0,0.0,203.5612578125,2.439595e-08
40.0,0.0,203.5610078125,2.4293e-08
40.0,0.0,203.5607578125,2.433605e-08
40.0,0.0,203.5605078125,2.423245e-08
40.0,0.0,203.5602578125,2.433755e-08
40.0,0.0,203.5600078125,2.417355e-08
40.0,0.0,203.5597578125,2.40771e-08
40.0,0.0,203.5595078125,2.40711e-08
40.0,0.0,203.5592578125,2.408075e-08
40.0,0.0,203.5590078125,2.394015e-08
40.0,0.0,203.5587578125,2.36848e-08
40.0,0.0,203.5585078125,2.38527e-08
40.0,0.0,203.5582578125,2.369275e-08
40.0,0.0,203.5580078125,2.356835e-08
40.0,0.0,203.5577578125,2.35365e-08
40.0,0.0,203.5575078125,2.35451e-08
40.0,0.0,203.5572578125,2.325645e-08
40.0,0.0,203.5570078125,2.334315e-08
40.0,0.0,203.5567578125,2.33895e-08
40.0,0.0,203.5565078125,2.29975e-08
40.0,0.0,203.5562578125,2.31668e-08
40.0,0.0,203.5560078125,2.315525e-08
40.0,0.0,203.5557578125,2.3035900000000003e-08
40.0,0.0,203.5555078125,2.29954e-08
40.0,0.0,203.5552578125,2.26084e-08
40.0,0.0,203.5550078125,2.2827e-08
40.0,0.0,203.5547578125,2.280845e-08
40.0,0.0,203.5545078125,2.28368e-08
40.0,0.0,203.5542578125,2.28223e-08
40.0,0.0,203.5540078125,2.263775e-08
40.0,0.0,203.5537578125,2.283115e-08
40.0,0.0,203.5535078125,2.282855e-08
40.0,0.0,203.5532578125,2.2725400000000002e-08
40.0,0.0,203.5530078125,2.291005e-08
40.0,0.0,203.5527578125,2.272385e-08
40.0,0.0,203.5525078125,2.26819e-08
40.0,0.0,203.5522578125,2.2882e-08
40.0,0.0,203.5520078125,2.287585e-08
40.0,0.0,203.5517578125,2.28933e-08
40.0,0.0,203.5515078125,2.284705e-08
40.0,0.0,203.5512578125,2.30299e-08
40.0,0.0,203.5510078125,2.34325e-08
40.0,0.0,203.5507578125,2.32837e-08
40.0,0.0,203.5505078125,2.3148e-08
40.0,0.0,203.5502578125,2.341975e-08
40.0,0.0,203.5500078125,2.3391200000000002e-08
40.0,0.0,203.5497578125,2.35818e-08
40.0,0.0,203.5495078125,2.34919e-08
40.0,0.0,203.5492578125,2.347095e-08
40.0,0.0,203.5490078125,2.388175e-08
40.0,0.0,203.5487578125,2.36904e-08
40.0,0.0,203.5485078125,2.3708100000000002e-08
40.0,0.0,203.5482578125,2.37039e-08
40.0,0.0,203.5480078125,2.374515e-08
40.0,0.0,203.5477578125,2.377955e-08
40.0,0.0,203.5475078125,2.37553e-08
40.0,0.0,203.5472578125,2.391825e-08
40.0,0.0,203.5470078125,2.4071750000000002e-08
40.0,0.0,203.5467578125,2.395025e-08
40.0,0.0,203.5465078125,2.3901950000000002e-08
40.0,0.0,203.5462578125,2.40016e-08
40.0,0.0,203.5460078125,2.4138400000000006e-08
40.0,0.0,203.5457578125,2.40347e-08
40.0,0.0,203.5455078125,2.40412e-08
40.0,0.0,203.5452578125,2.40832e-08
40.0,0.0,203.5450078125,2.407245e-08
40.0,0.0,203.5447578125,2.41653e-08
40.0,0.0,203.5445078125,2.40305e-08
40.0,0.0,203.5442578125,2.398865e-08
40.0,0.0,203.5440078125,2.395465e-08
40.0,0.0,203.5437578125,2.38148e-08
40.0,0.0,203.5435078125,2.373115e-08
40.0,0.0,203.5432578125,2.378605e-08
40.0,0.0,203.5430078125,2.357375e-08
40.0,0.0,203.5427578125,2.344675e-08
40.0,0.0,203.5425078125,2.327535e-08
40.0,0.0,203.5422578125,2.35017e-08
40.0,0.0,203.5420078125,2.32362e-08
40.0,0.0,203.5417578125,2.30355e-08
40.0,0.0,203.5415078125,2.301685e-08
40.0,0.0,203.5412578125,2.298775e-08
40.0,0.0,203.5410078125,2.2909150000000002e-08
40.0,0.0,203.5407578125,2.28152e-08
40.0,0.0,203.5405078125,2.255473333333333e-08
40.0,0.0,203.5402578125,2.25017e-08
40.0,0.0,203.5400078125,2.265233333333333e-08
40.0,0.0,203.5397578125,2.23451e-08
40.0,0.0,203.5395078125,2.2437200000000002e-08
40.0,0.0,203.5392578125,2.222305e-08
40.0,0.0,203.5390078125,2.22854e-08
40.0,0.0,203.5387578125,2.21948e-08
40.0,0.0,203.5385078125,2.18417e-08
40.0,0.0,203.5382578125,2.20197e-08
40.0,0.0,203.5380078125,2.2049200000000002e-08
40.0,0.0,203.5377578125,2.18666e-08
40.0,0.0,203.5375078125,2.198765e-08
40.0,0.0,203.5372578125,2.1924800000000002e-08
40.0,0.0,203.5370078125,2.20152e-08
40.0,0.0,203.5367578125,2.20624e-08
40.0,0.0,203.5365078125,2.19506e-08
40.0,0.0,203.5362578125,2.188835e-08
40.0,0.0,203.5360078125,2.20953e-08
40.0,0.0,203.5357578125,2.1935750000000002e-08
40.0,0.0,203.5355078125,2.19845e-08
40.0,0.0,203.5352578125,2.1942e-08
40.0,0.0,203.5350078125,2.194145e-08
40.0,0.0,203.5347578125,2.19968e-08
40.0,0.0,203.5345078125,2.19451e-08
40.0,0.0,203.5342578125,2.182175e-08
40.0,0.0,203.5340078125,2.217865e-08
40.0,0.0,203.5337578125,2.22988e-08
40.0,0.0,203.5335078125,2.23881e-08
40.0,0.0,203.5332578125,2.237615e-08
40.0,0.0,203.5330078125,2.25462e-08
40.0,0.0,203.5327578125,2.277895e-08
40.0,0.0,203.5325078125,2.292165e-08
40.0,0.0,203.5322578125,2.30995e-08
40.0,0.0,203.5320078125,2.308895e-08
40.0,0.0,203.5317578125,2.3338400000000002e-08
40.0,0.0,203.5315078125,2.33049e-08
40.0,0.0,203.5312578125,2.34118e-08
40.0,0.0,203.5310078125,2.356563333333333e-08
40.0,0.0,203.5307578125,2.3418e-08
40.0,0.0,203.5305078125,2.364365e-08
40.0,0.0,203.5302578125,2.3670300000000006e-08
40.0,0.0,203.5300078125,2.38137e-08
40.0,0.0,203.5297578125,2.3823200000000002e-08
40.0,0.0,203.5295078125,2.38575e-08
40.0,0.0,203.5292578125,2.40167e-08
40.0,0.0,203.5290078125,2.3999550000000002e-08
40.0,0.0,203.5287578125,2.40472e-08
40.0,0.0,203.5285078125,2.42016e-08
40.0,0.0,203.5282578125,2.418915e-08
40.0,0.0,203.5280078125,2.41664e-08
40.0,0.0,203.5277578125,2.40566e-08
40.0,0.0,203.5275078125,2.424515e-08
40.0,0.0,203.5272578125,2.444495e-08
40.0,0.0,203.5270078125,2.459765e-08
40.0,0.0,203.5267578125,2.45425e-08
40.0,0.0,203.5265078125,2.460983333333333e-08
40.0,0.0,203.5262578125,2.47847e-08
40.0,0.0,203.5260078125,2.4644300000000002e-08
40.0,0.0,203.5257578125,2.491000000000001e-08
40.0,0.0,203.5255078125,2.479855e-08
40.0,0.0,203.5252578125,2.486405e-08
40.0,0.0,203.5250078125,2.495535e-08
40.0,0.0,203.5247578125,2.48652e-08
40.0,0.0,203.5245078125,2.492035e-08
40.0,0.0,203.5242578125,2.50935e-08
40.0,0.0,203.5240078125,2.49796e-08
40.0,0.0,203.5237578125,2.501175e-08
40.0,0.0,203.5235078125,2.521675e-08
40.0,0.0,203.5232578125,2.52263e-08
40.0,0.0,203.5230078125,2.52756e-08
40.0,0.0,203.5227578125,2.52982e-08
40.0,0.0,203.5225078125,2.521075e-08
40.0,0.0,203.5222578125,2.53525e-08
40.0,0.0,203.5220078125,2.52293e-08
40.0,0.0,203.5217578125,2.519645e-08
40.0,0.0,203.5215078125,2.55696e-08
40.0,0.0,203.5212578125,2.5316650000000002e-08
40.0,0.0,203.5210078125,2.55262e-08
40.0,0.0,203.5207578125,2.548655e-08
40.0,0.0,203.5205078125,2.56264e-08
40.0,0.0,203.5202578125,2.548855e-08
40.0,0.0,203.5200078125,2.56692e-08
40.0,0.0,203.5197578125,2.56605e-08
40.0,0.0,203.5195078125,2.553575e-08
40.0,0.0,203.5192578125,2.573375e-08
40.0,0.0,203.5190078125,2.57952e-08
40.0,0.0,203.5187578125,2.5841100000000002e-08
40.0,0.0,203.5185078125,2.58528e-08
40.0,0.0,203.5182578125,2.611535e-08
40.0,0.0,203.5180078125,2.600235e-08
40.0,0.0,203.5177578125,2.60584e-08
40.0,0.0,203.5175078125,2.61369e-08
40.0,0.0,203.5172578125,2.61287e-08
40.0,0.0,203.5170078125,2.60137e-08
40.0,0.0,203.5167578125,2.62799e-08
40.0,0.0,203.5165078125,2.621315e-08
40.0,0.0,203.5162578125,2.61296e-08
40.0,0.0,203.5160078125,2.62595e-08
40.0,0.0,203.5157578125,2.6258350000000002e-08
40.0,0.0,203.5155078125,2.638105e-08
40.0,0.0,203.5152578125,2.63782e-08
40.0,0.0,203.5150078125,2.635305e-08
40.0,0.0,203.5147578125,2.631725e-08
40.0,0.0,203.5145078125,2.6428e-08
40.0,0.0,203.5142578125,2.63862e-08
40.0,0.0,203.5140078125,2.6470800000000002e-08
40.0,0.0,203.5137578125,2.6529300000000002e-08
40.0,0.0,203.5135078125,2.63285e-08
40.0,0.0,203.5132578125,2.637595e-08
40.0,0.0,203.5130078125,2.6332e-08
40.0,0.0,203.5127578125,2.618405e-08
40.0,0.0,203.5125078125,2.63153e-08
40.0,0.0,203.5122578125,2.618855e-08
40.0,0.0,203.5120078125,2.61825e-08
40.0,0.0,203.5117578125,2.613035e-08
40.0,0.0,203.5115078125,2.62781e-08
40.0,0.0,203.5112578125,2.63191e-08
40.0,0.0,203.5110078125,2.62825e-08
40.0,0.0,203.5107578125,2.6218150000000002e-08
40.0,0.0,203.5105078125,2.61947e-08
40.0,0.0,203.5102578125,2.625085e-08
40.0,0.0,203.5100078125,2.6076500000000002e-08
40.0,0.0,203.5097578125,2.60583e-08
40.0,0.0,203.5095078125,2.606605e-08
40.0,0.0,203.5092578125,2.622785e-08
40.0,0.0,203.5090078125,2.591415e-08
40.0,0.0,203.5087578125,2.58913e-08
40.0,0.0,203.5085078125,2.58732e-08
40.0,0.0,203.5082578125,2.61203e-08
40.0,0.0,203.5080078125,2.596145e-08
40.0,0.0,203.5077578125,2.57472e-08
40.0,0.0,203.5075078125,2.584685e-08
40.0,0.0,203.5072578125,2.6037e-08
40.0,0.0,203.5070078125,2.5791600000000002e-08
40.0,0.0,203.5067578125,2.59764e-08
40.0,0.0,203.5065078125,2.596935e-08
40.0,0.0,203.5062578125,2.59323e-08
40.0,0.0,203.5060078125,2.60561e-08
40.0,0.0,203.5057578125,2.606085e-08
40.0,0.0,203.5055078125,2.613015e-08
40.0,0.0,203.5052578125,2.6123800000000002e-08
40.0,0.0,203.5050078125,2.6205300000000002e-08
40.0,0.0,203.5047578125,2.62676e-08
40.0,0.0,203.5045078125,2.640765e-08
40.0,0.0,203.5042578125,2.63091e-08
40.0,0.0,203.5040078125,2.641625e-08
40.0,0.0,203.5037578125,2.6479250000000002e-08
40.0,0.0,203.5035078125,2.661855e-08
40.0,0.0,203.5032578125,2.64649e-08
40.0,0.0,203.5030078125,2.63962e-08
40.0,0.0,203.5027578125,2.65594e-08
40.0,0.0,203.5025078125,2.653685e-08
40.0,0.0,203.5022578125,2.66078e-08
40.0,0.0,203.5020078125,2.64934e-08
40.0,0.0,203.5017578125,2.659855e-08
40.0,0.0,203.5015078125,2.64301e-08
40.0,0.0,203.5012578125,2.65731e-08
40.0,0.0,203.5010078125,2.664235e-08
40.0,0.0,203.5007578125,2.655075e-08
40.0,0.0,203.5005078125,2.6675850000000002e-08
40.0,0.0,203.5002578125,2.68167e-08
40.0,0.0,203.5000078125,2.6688966666666665e-08
40.0,0.0,203.4997578125,2.670725e-08
40.0,0.0,203.4995078125,2.659995e-08
40.0,0.0,203.4992578125,2.6413100000000002e-08
40.0,0.0,203.4990078125,2.65273e-08
40.0,0.0,203.4987578125,2.6490750000000002e-08
40.0,0.0,203.4985078125,2.65019e-08
40.0,0.0,203.4982578125,2.64732e-08
40.0,0.0,203.4980078125,2.65469e-08
40.0,0.0,203.4977578125,2.640635e-08
40.0,0.0,203.4975078125,2.655185e-08
40.0,0.0,203.4972578125,2.6344750000000002e-08
40.0,0.0,203.4970078125,2.64671e-08
40.0,0.0,203.4967578125,2.642465e-08
40.0,0.0,203.4965078125,2.64293e-08
40.0,0.0,203.4962578125,2.6688700000000002e-08
40.0,0.0,203.4960078125,2.64215e-08
40.0,0.0,203.4957578125,2.632565e-08
40.0,0.0,203.4955078125,2.63762e-08
40.0,0.0,203.4952578125,2.63497e-08
40.0,0.0,203.4950078125,2.65557e-08
40.0,0.0,203.4947578125,2.648220000000001e-08
40.0,0.0,203.4945078125,2.6496733333333332e-08
40.0,0.0,203.4942578125,2.6625000000000002e-08
40.0,0.0,203.4940078125,2.66031e-08
40.0,0.0,203.4937578125,2.689445e-08
40.0,0.0,203.4935078125,2.6872450000000002e-08
40.0,0.0,203.4932578125,2.6781400000000002e-08
40.0,0.0,203.4930078125,2.673795e-08
40.0,0.0,203.4927578125,2.69855e-08
40.0,0.0,203.4925078125,2.703045e-08
40.0,0.0,203.4922578125,2.70271e-08
40.0,0.0,203.4920078125,2.699285e-08
40.0,0.0,203.4917578125,2.68564e-08
40.0,0.0,203.4915078125,2.7157850000000006e-08
40.0,0.0,203.4912578125,2.73047e-08
40.0,0.0,203.4910078125,2.735185e-08
40.0,0.0,203.4907578125,2.758015e-08
40.0,0.0,203.4905078125,2.736125e-08
40.0,0.0,203.4902578125,2.7689700000000002e-08
40.0,0.0,203.4900078125,2.774945e-08
40.0,0.0,203.4897578125,2.782955e-08
40.0,0.0,203.4895078125,2.815135e-08
40.0,0.0,203.4892578125,2.81813e-08
40.0,0.0,203.4890078125,2.83083e-08
40.0,0.0,203.4887578125,2.84446e-08
40.0,0.0,203.4885078125,2.856755e-08
40.0,0.0,203.4882578125,2.862405e-08
40.0,0.0,203.4880078125,2.88051e-08
40.0,0.0,203.4877578125,2.88484e-08
40.0,0.0,203.4875078125,2.86554e-08
40.0,0.0,203.4872578125,2.88997e-08
40.0,0.0,203.4870078125,2.907255e-08
40.0,0.0,203.4867578125,2.900225e-08
40.0,0.0,203.4865078125,2.89663e-08
40.0,0.0,203.4862578125,2.9058500000000002e-08
40.0,0.0,203.4860078125,2.91566e-08
40.0,0.0,203.4857578125,2.91611e-08
40.0,0.0,203.4855078125,2.9374550000000002e-08
40.0,0.0,203.4852578125,2.92095e-08
40.0,0.0,203.4850078125,2.929645e-08
40.0,0.0,203.4847578125,2.9352150000000002e-08
40.0,0.0,203.4845078125,2.94258e-08
40.0,0.0,203.4842578125,2.955295e-08
40.0,0.0,203.4840078125,2.94427e-08
40.0,0.0,203.4837578125,2.97255e-08
40.0,0.0,203.4835078125,2.9414200000000002e-08
40.0,0.0,203.4832578125,2.9654550000000002e-08
40.0,0.0,203.4830078125,2.96878e-08
40.0,0.0,203.4827578125,2.98704e-08
40.0,0.0,203.4825078125,2.974e-08
40.0,0.0,203.4822578125,2.990105e-08
40.0,0.0,203.4820078125,2.998565e-08
40.0,0.0,203.4817578125,2.9795650000000002e-08
40.0,0.0,203.4815078125,3.020215e-08
40.0,0.0,203.4812578125,2.97516e-08
40.0,0.0,203.4810078125,2.961755e-08
40.0,0.0,203.4807578125,2.96935e-08
40.0,0.0,203.4805078125,2.96927e-08
40.0,0.0,203.4802578125,2.94638e-08
40.0,0.0,203.4800078125,2.981295e-08
40.0,0.0,203.4797578125,2.975615e-08
40.0,0.0,203.4795078125,2.987315e-08
40.0,0.0,203.4792578125,2.97967e-08
40.0,0.0,203.4790078125,2.982285e-08
40.0,0.0,203.4787578125,2.963035e-08
40.0,0.0,203.4785078125,2.96028e-08
40.0,0.0,203.4782578125,2.951505e-08
40.0,0.0,203.4780078125,2.95125e-08
40.0,0.0,203.4777578125,3.00703e-08
40.0,0.0,203.4775078125,2.934785e-08
40.0,0.0,203.4772578125,2.9477100000000002e-08
40.0,0.0,203.4770078125,2.9453e-08
40.0,0.0,203.4767578125,2.89643e-08
40.0,0.0,203.4765078125,2.94051e-08
40.0,0.0,203.4762578125,2.9272600000000002e-08
40.0,0.0,203.4760078125,2.92519e-08
40.0,0.0,203.4757578125,2.9084750000000002e-08
40.0,0.0,203.4755078125,2.91847e-08
40.0,0.0,203.4752578125,2.930115e-08
40.0,0.0,203.4750078125,2.9119450000000002e-08
40.0,0.0,203.4747578125,2.9119750000000002e-08
40.0,0.0,203.4745078125,2.90374e-08
40.0,0.0,203.4742578125,2.90584e-08
40.0,0.0,203.4740078125,2.89868e-08
40.0,0.0,203.4737578125,2.882555e-08
40.0,0.0,203.4735078125,2.87553e-08
40.0,0.0,203.4732578125,2.87543e-08
40.0,0.0,203.4730078125,2.8800100000000002e-08
40.0,0.0,203.4727578125,2.86352e-08
40.0,0.0,203.4725078125,2.866085e-08
40.0,0.0,203.4722578125,2.847795e-08
40.0,0.0,203.4720078125,2.818445e-08
40.0,0.0,203.4717578125,2.80341e-08
40.0,0.0,203.4715078125,2.79011e-08
40.0,0.0,203.4712578125,2.771195e-08
40.0,0.0,203.4710078125,2.790505e-08
40.0,0.0,203.4707578125,2.76471e-08
40.0,0.0,203.4705078125,2.801115e-08
40.0,0.0,203.4702578125,2.75517e-08
40.0,0.0,203.4700078125,2.761910000000001e-08
40.0,0.0,203.4697578125,2.76266e-08
40.0,0.0,203.4695078125,2.739345e-08
40.0,0.0,203.4692578125,2.766505e-08
40.0,0.0,203.4690078125,2.774515e-08
40.0,0.0,203.4687578125,2.786300000000001e-08
40.0,0.0,203.4685078125,2.74645e-08
40.0,0.0,203.4682578125,2.7450750000000002e-08
40.0,0.0,203.4680078125,2.7416850000000002e-08
40.0,0.0,203.4677578125,2.70347e-08
40.0,0.0,203.4675078125,2.7210950000000002e-08
40.0,0.0,203.4672578125,2.728865e-08
40.0,0.0,203.4670078125,2.70492e-08
40.0,0.0,203.4667578125,2.7023100000000002e-08
40.0,0.0,203.4665078125,2.67183e-08
40.0,0.0,203.4662578125,2.678615e-08
40.0,0.0,203.4660078125,2.6336000000000002e-08
40.0,0.0,203.4657578125,2.6599300000000002e-08
40.0,0.0,203.4655078125,2.63733e-08
40.0,0.0,203.4652578125,2.639055e-08
40.0,0.0,203.4650078125,2.64725e-08
40.0,0.0,203.4647578125,2.66791e-08
40.0,0.0,203.4645078125,2.631725e-08
40.0,0.0,203.4642578125,2.618515e-08
40.0,0.0,203.4640078125,2.6366900000000002e-08
40.0,0.0,203.4637578125,2.61782e-08
40.0,0.0,203.4635078125,2.63642e-08
40.0,0.0,203.4632578125,2.6456550000000002e-08
40.0,0.0,203.4630078125,2.623405e-08
40.0,0.0,203.4627578125,2.62658e-08
40.0,0.0,203.4625078125,2.6484e-08
40.0,0.0,203.4622578125,2.65341e-08
40.0,0.0,203.4620078125,2.667985e-08
40.0,0.0,203.4617578125,2.68711e-08
40.0,0.0,203.4615078125,2.6681433333333334e-08
40.0,0.0,203.4612578125,2.681615e-08
40.0,0.0,203.4610078125,2.7045e-08
40.0,0.0,203.4607578125,2.6937e-08
40.0,0.0,203.4605078125,2.710025e-08
40.0,0.0,203.4602578125,2.68991e-08
40.0,0.0,203.4600078125,2.708265e-08
40.0,0.0,203.4597578125,2.7234e-08
40.0,0.0,203.4595078125,2.722825e-08
40.0,0.0,203.4592578125,2.72781e-08
40.0,0.0,203.4590078125,2.7438866666666663e-08
40.0,0.0,203.4587578125,2.72358e-08
40.0,0.0,203.4585078125,2.7372800000000002e-08
40.0,0.0,203.4582578125,2.73584e-08
40.0,0.0,203.4580078125,2.752395e-08
40.0,0.0,203.4577578125,2.75438e-08
40.0,0.0,203.4575078125,2.714135e-08
40.0,0.0,203.4572578125,2.707155e-08
40.0,0.0,203.4570078125,2.69354e-08
40.0,0.0,203.4567578125,2.692435e-08
40.0,0.0,203.4565078125,2.67632e-08
40.0,0.0,203.4562578125,2.654095e-08
40.0,0.0,203.4560078125,2.66534e-08
40.0,0.0,203.4557578125,2.65152e-08
40.0,0.0,203.4555078125,2.6530650000000002e-08
40.0,0.0,203.4552578125,2.645995e-08
40.0,0.0,203.4550078125,2.62051e-08
40.0,0.0,203.4547578125,2.63814e-08
40.0,0.0,203.4545078125,2.59723e-08
40.0,0.0,203.4542578125,2.61999e-08
40.0,0.0,203.4540078125,2.608215e-08
40.0,0.0,203.4537578125,2.59618e-08
40.0,0.0,203.4535078125,2.61277e-08
40.0,0.0,203.4532578125,2.596545e-08
40.0,0.0,203.4530078125,2.6388750000000002e-08
40.0,0.0,203.4527578125,2.60648e-08
40.0,0.0,203.4525078125,2.60009e-08
40.0,0.0,203.4522578125,2.5963300000000002e-08
40.0,0.0,203.4520078125,2.60535e-08
40.0,0.0,203.4517578125,2.573935e-08
40.0,0.0,203.4515078125,2.574115e-08
40.0,0.0,203.4512578125,2.5602400000000002e-08
40.0,0.0,203.4510078125,2.539735e-08
40.0,0.0,203.4507578125,2.52509e-08
40.0,0.0,203.4505078125,2.519995e-08
40.0,0.0,203.4502578125,2.49155e-08
40.0,0.0,203.4500078125,2.53852e-08
40.0,0.0,203.4497578125,2.489895e-08
40.0,0.0,203.4495078125,2.52849e-08
40.0,0.0,203.4492578125,2.48608e-08
40.0,0.0,203.4490078125,2.49444e-08
40.0,0.0,203.4487578125,2.4450150000000002e-08
40.0,0.0,203.4485078125,2.4555450000000002e-08
40.0,0.0,203.4482578125,2.481145e-08
40.0,0.0,203.4480078125,2.4639100000000002e-08
40.0,0.0,203.4477578125,2.47522e-08
40.0,0.0,203.4475078125,2.46149e-08
40.0,0.0,203.4472578125,2.46912e-08
40.0,0.0,203.4470078125,2.47912e-08
40.0,0.0,203.4467578125,2.44917e-08
40.0,0.0,203.4465078125,2.45446e-08
40.0,0.0,203.4462578125,2.4524000000000002e-08
40.0,0.0,203.4460078125,2.45004e-08
40.0,0.0,203.4457578125,2.3802700000000002e-08
40.0,0.0,203.4455078125,2.419995e-08
40.0,0.0,203.4452578125,2.4025550000000002e-08
40.0,0.0,203.4450078125,2.40595e-08
40.0,0.0,203.4447578125,2.40386e-08
40.0,0.0,203.4445078125,2.4154600000000002e-08
40.0,0.0,203.4442578125,2.4035650000000002e-08
40.0,0.0,203.4440078125,2.41373e-08
40.0,0.0,203.4437578125,2.410365e-08
40.0,0.0,203.4435078125,2.397185e-08
40.0,0.0,203.4432578125,2.36577e-08
40.0,0.0,203.4430078125,2.34955e-08
40.0,0.0,203.4427578125,2.371615e-08
40.0,0.0,203.4425078125,2.33964e-08
40.0,0.0,203.4422578125,2.3386000000000002e-08
40.0,0.0,203.4420078125,2.34461e-08
40.0,0.0,203.4417578125,2.323805e-08
40.0,0.0,203.4415078125,2.339415e-08
40.0,0.0,203.4412578125,2.343855e-08
40.0,0.0,203.4410078125,2.300725e-08
40.0,0.0,203.4407578125,2.32428e-08
40.0,0.0,203.4405078125,2.334775e-08
40.0,0.0,203.4402578125,2.33073e-08
40.0,0.0,203.4400078125,2.342e-08
40.0,0.0,203.4397578125,2.34155e-08
40.0,0.0,203.4395078125,2.317125e-08
40.0,0.0,203.4392578125,2.312e-08
40.0,0.0,203.4390078125,2.3043e-08
40.0,0.0,203.4387578125,2.29307e-08
40.0,0.0,203.4385078125,2.2878800000000002e-08
40.0,0.0,203.4382578125,2.28716e-08
40.0,0.0,203.4380078125,2.27939e-08
40.0,0.0,203.4377578125,2.27159e-08
40.0,0.0,203.4375078125,2.304545e-08
40.0,0.0,203.4372578125,2.29911e-08
40.0,0.0,203.4370078125,2.3014400000000002e-08
40.0,0.0,203.4367578125,2.278595e-08
40.0,0.0,203.4365078125,2.3323e-08
40.0,0.0,203.4362578125,2.293875e-08
40.0,0.0,203.4360078125,2.290895e-08
40.0,0.0,203.4357578125,2.2878e-08
40.0,0.0,203.4355078125,2.285695e-08
40.0,0.0,203.4352578125,2.2654e-08
40.0,0.0,203.4350078125,2.2787200000000002e-08
40.0,0.0,203.4347578125,2.27066e-08
40.0,0.0,203.4345078125,2.26638e-08
40.0,0.0,203.4342578125,2.25902e-08
40.0,0.0,203.4340078125,2.2867300000000002e-08
40.0,0.0,203.4337578125,2.26679e-08
40.0,0.0,203.4335078125,2.315755e-08
40.0,0.0,203.4332578125,2.2849150000000003e-08
40.0,0.0,203.4330078125,2.30974e-08
40.0,0.0,203.4327578125,2.30517e-08
40.0,0.0,203.4325078125,2.308145e-08
40.0,0.0,203.4322578125,2.31581e-08
40.0,0.0,203.4320078125,2.33444e-08
40.0,0.0,203.4317578125,2.348085e-08
40.0,0.0,203.4315078125,2.34718e-08
40.0,0.0,203.4312578125,2.35102e-08
40.0,0.0,203.4310078125,2.358865e-08
40.0,0.0,203.4307578125,2.35348e-08
40.0,0.0,203.4305078125,2.3728800000000006e-08
40.0,0.0,203.4302578125,2.3656e-08
40.0,0.0,203.4300078125,2.37476e-08
40.0,0.0,203.4297578125,2.38851e-08
40.0,0.0,203.4295078125,2.38546e-08
40.0,0.0,203.4292578125,2.39634e-08
40.0,0.0,203.4290078125,2.387775e-08
40.0,0.0,203.4287578125,2.40637e-08
40.0,0.0,203.4285078125,2.39458e-08
40.0,0.0,203.4282578125,2.4175100000000002e-08
40.0,0.0,203.4280078125,2.3914250000000002e-08
40.0,0.0,203.4277578125,2.417425e-08
40.0,0.0,203.4275078125,2.420005e-08
40.0,0.0,203.4272578125,2.4318e-08
40.0,0.0,203.4270078125,2.452e-08
40.0,0.0,203.4267578125,2.441175e-08
40.0,0.0,203.4265078125,2.434515e-08
40.0,0.0,203.4262578125,2.43826e-08
40.0,0.0,203.4260078125,2.4459e-08
40.0,0.0,203.4257578125,2.44763e-08
40.0,0.0,203.4255078125,2.460555e-08
40.0,0.0,203.4252578125,2.4433e-08
40.0,0.0,203.4250078125,2.484273333333333e-08
40.0,0.0,203.4247578125,2.491345e-08
40.0,0.0,203.4245078125,2.492325e-08
40.0,0.0,203.4242578125,2.54131e-08
40.0,0.0,203.4240078125,2.5185950000000002e-08
40.0,0.0,203.4237578125,2.50792e-08
40.0,0.0,203.4235078125,2.51038e-08
40.0,0.0,203.4232578125,2.52715e-08
40.0,0.0,203.4230078125,2.523973333333333e-08
40.0,0.0,203.4227578125,2.520085e-08
40.0,0.0,203.4225078125,2.530805e-08
40.0,0.0,203.4222578125,2.52321e-08
40.0,0.0,203.4220078125,2.5357e-08
40.0,0.0,203.4217578125,2.55647e-08
40.0,0.0,203.4215078125,2.5506700000000002e-08
40.0,0.0,203.4212578125,2.55817e-08
40.0,0.0,203.4210078125,2.55003e-08
40.0,0.0,203.4207578125,2.56787e-08
40.0,0.0,203.4205078125,2.5694833333333328e-08
40.0,0.0,203.4202578125,2.56998e-08
40.0,0.0,203.4200078125,2.573565e-08
40.0,0.0,203.4197578125,2.5709850000000002e-08
40.0,0.0,203.4195078125,2.583465e-08
40.0,0.0,203.4192578125,2.57521e-08
40.0,0.0,203.4190078125,2.585660000000001e-08
40.0,0.0,203.4187578125,2.57645e-08
40.0,0.0,203.4185078125,2.574595e-08
40.0,0.0,203.4182578125,2.585575e-08
40.0,0.0,203.4180078125,2.5888650000000002e-08
40.0,0.0,203.4177578125,2.581195e-08
40.0,0.0,203.4175078125,2.602615e-08
40.0,0.0,203.4172578125,2.59512e-08
40.0,0.0,203.4170078125,2.599785e-08
40.0,0.0,203.4167578125,2.601075e-08
40.0,0.0,203.4165078125,2.5946e-08
40.0,0.0,203.4162578125,2.60895e-08
40.0,0.0,203.4160078125,2.61976e-08
40.0,0.0,203.4157578125,2.622495e-08
40.0,0.0,203.4155078125,2.62467e-08
40.0,0.0,203.4152578125,2.6305900000000002e-08
40.0,0.0,203.4150078125,2.628165e-08
40.0,0.0,203.4147578125,2.6308650000000002e-08
40.0,0.0,203.4145078125,2.62985e-08
40.0,0.0,203.4142578125,2.64115e-08
40.0,0.0,203.4140078125,2.625795e-08
40.0,0.0,203.4137578125,2.634345e-08
40.0,0.0,203.4135078125,2.643455e-08
40.0,0.0,203.4132578125,2.6602e-08
40.0,0.0,203.4130078125,2.66062e-08
40.0,0.0,203.4127578125,2.6574e-08
40.0,0.0,203.4125078125,2.64944e-08
40.0,0.0,203.4122578125,2.66024e-08
40.0,0.0,203.4120078125,2.64799e-08
40.0,0.0,203.4117578125,2.65469e-08
40.0,0.0,203.4115078125,2.669235e-08
40.0,0.0,203.4112578125,2.666925e-08
40.0,0.0,203.4110078125,2.654285e-08
40.0,0.0,203.4107578125,2.674035e-08
40.0,0.0,203.4105078125,2.67234e-08
40.0,0.0,203.4102578125,2.6700450000000002e-08
40.0,0.0,203.4100078125,2.6692250000000002e-08
40.0,0.0,203.4097578125,2.667815e-08
40.0,0.0,203.4095078125,2.66066e-08
40.0,0.0,203.4092578125,2.674595e-08
40.0,0.0,203.4090078125,2.68837e-08
40.0,0.0,203.4087578125,2.67206e-08
40.0,0.0,203.4085078125,2.68333e-08
40.0,0.0,203.4082578125,2.670475e-08
40.0,0.0,203.4080078125,2.67194e-08
40.0,0.0,203.4077578125,2.66697e-08
40.0,0.0,203.4075078125,2.680320000000001e-08
40.0,0.0,203.4072578125,2.698075e-08
40.0,0.0,203.4070078125,2.707625e-08
40.0,0.0,203.4067578125,2.69859e-08
40.0,0.0,203.4065078125,2.7139e-08
40.0,0.0,203.4062578125,2.700375e-08
40.0,0.0,203.4060078125,2.69598e-08
40.0,0.0,203.4057578125,2.71053e-08
40.0,0.0,203.4055078125,2.71651e-08
40.0,0.0,203.4052578125,2.7087350000000002e-08
40.0,0.0,203.4050078125,2.7099e-08
40.0,0.0,203.4047578125,2.72129e-08
40.0,0.0,203.4045078125,2.709595e-08
40.0,0.0,203.4042578125,2.725235e-08
40.0,0.0,203.4040078125,2.72871e-08
40.0,0.0,203.4037578125,2.74792e-08
40.0,0.0,203.4035078125,2.74575e-08
40.0,0.0,203.4032578125,2.7585250000000002e-08
40.0,0.0,203.4030078125,2.77067e-08
40.0,0.0,203.4027578125,2.7652250000000002e-08
40.0,0.0,203.4025078125,2.758375e-08
40.0,0.0,203.4022578125,2.76742e-08
40.0,0.0,203.4020078125,2.779675e-08
40.0,0.0,203.4017578125,2.793e-08
40.0,0.0,203.4015078125,2.8001700000000002e-08
40.0,0.0,203.4012578125,2.7786e-08
40.0,0.0,203.4010078125,2.782885e-08
40.0,0.0,203.4007578125,2.782175e-08
40.0,0.0,203.4005078125,2.774875e-08
40.0,0.0,203.4002578125,2.791875e-08
40.0,0.0,203.4000078125,2.78541e-08
40.0,0.0,203.3997578125,2.788635e-08
40.0,0.0,203.3995078125,2.78541e-08
40.0,0.0,203.3992578125,2.802285e-08
40.0,0.0,203.3990078125,2.814905e-08
40.0,0.0,203.3987578125,2.811965e-08
40.0,0.0,203.3985078125,2.80014e-08
40.0,0.0,203.3982578125,2.81012e-08
40.0,0.0,203.3980078125,2.8099050000000002e-08
40.0,0.0,203.3977578125,2.83488e-08
40.0,0.0,203.3975078125,2.8533800000000002e-08
40.0,0.0,203.3972578125,2.854625e-08
40.0,0.0,203.3970078125,2.826e-08
40.0,0.0,203.3967578125,2.85383e-08
40.0,0.0,203.3965078125,2.83604e-08
40.0,0.0,203.3962578125,2.85586e-08
40.0,0.0,203.3960078125,2.857675e-08
40.0,0.0,203.3957578125,2.869035e-08
40.0,0.0,203.3955078125,2.86635e-08
40.0,0.0,203.3952578125,2.8674600000000002e-08
40.0,0.0,203.3950078125,2.8623950000000006e-08
40.0,0.0,203.3947578125,2.86661e-08
40.0,0.0,203.3945078125,2.89909e-08
40.0,0.0,203.3942578125,2.887215e-08
40.0,0.0,203.3940078125,2.885785e-08
40.0,0.0,203.3937578125,2.884735e-08
40.0,0.0,203.3935078125,2.8871400000000006e-08
40.0,0.0,203.3932578125,2.9065050000000002e-08
40.0,0.0,203.3930078125,2.90283e-08
40.0,0.0,203.3927578125,2.92471e-08
40.0,0.0,203.3925078125,2.910145e-08
40.0,0.0,203.3922578125,2.9136150000000002e-08
40.0,0.0,203.3920078125,2.9141900000000002e-08
40.0,0.0,203.3917578125,2.926775e-08
40.0,0.0,203.3915078125,2.9388800000000002e-08
40.0,0.0,203.3912578125,2.933675e-08
40.0,0.0,203.3910078125,2.930125e-08
40.0,0.0,203.3907578125,2.927e-08
40.0,0.0,203.3905078125,2.9402450000000002e-08
40.0,0.0,203.3902578125,2.94753e-08
40.0,0.0,203.3900078125,2.9446e-08
40.0,0.0,203.3897578125,2.97228e-08
40.0,0.0,203.3895078125,2.9737966666666672e-08
40.0,0.0,203.3892578125,2.983755e-08
40.0,0.0,203.3890078125,2.953085e-08
40.0,0.0,203.3887578125,2.99275e-08
40.0,0.0,203.3885078125,2.9993e-08
40.0,0.0,203.3882578125,2.99245e-08
40.0,0.0,203.3880078125,3.019425e-08
40.0,0.0,203.3877578125,3.02842e-08
40.0,0.0,203.3875078125,3.01907e-08
40.0,0.0,203.3872578125,3.066585e-08
40.0,0.0,203.3870078125,3.038455e-08
40.0,0.0,203.3867578125,3.05462e-08
40.0,0.0,203.3865078125,3.08681e-08
40.0,0.0,203.3862578125,3.063475e-08
40.0,0.0,203.3860078125,3.072295e-08
40.0,0.0,203.3857578125,3.12071e-08
40.0,0.0,203.3855078125,3.0957500000000004e-08
40.0,0.0,203.3852578125,3.0951199999999995e-08
40.0,0.0,203.3850078125,3.10528e-08
40.0,0.0,203.3847578125,3.11503e-08
40.0,0.0,203.3845078125,3.120325e-08
40.0,0.0,203.3842578125,3.103635e-08
40.0,0.0,203.3840078125,3.12827e-08
40.0,0.0,203.3837578125,3.16903e-08
40.0,0.0,203.3835078125,3.1395049999999994e-08
40.0,0.0,203.3832578125,3.12633e-08
40.0,0.0,203.3830078125,3.12767e-08
40.0,0.0,203.3827578125,3.13332e-08
40.0,0.0,203.3825078125,3.117116666666667e-08
40.0,0.0,203.3822578125,3.0892e-08
40.0,0.0,203.3820078125,3.08855e-08
40.0,0.0,203.3817578125,3.0591e-08
40.0,0.0,203.3815078125,3.0399e-08
40.0,0.0,203.3812578125,3.03225e-08
40.0,0.0,203.3810078125,3.000275e-08
40.0,0.0,203.3807578125,2.98214e-08
40.0,0.0,203.3805078125,2.93975e-08
40.0,0.0,203.3802578125,2.928705e-08
40.0,0.0,203.3800078125,2.87067e-08
40.0,0.0,203.3797578125,2.81011e-08
40.0,0.0,203.3795078125,2.767175e-08
40.0,0.0,203.3792578125,2.727065e-08
40.0,0.0,203.3790078125,2.63649e-08
40.0,0.0,203.3787578125,2.59875e-08
40.0,0.0,203.3785078125,2.54586e-08
40.0,0.0,203.3782578125,2.47938e-08
40.0,0.0,203.3780078125,2.3824850000000002e-08
40.0,0.0,203.3777578125,2.29937e-08
40.0,0.0,203.3775078125,2.219945e-08
40.0,0.0,203.3772578125,2.1276e-08
40.0,0.0,203.3770078125,2.03559e-08
40.0,0.0,203.3767578125,1.94375e-08
40.0,0.0,203.3765078125,1.87905e-08
40.0,0.0,203.3762578125,1.80117e-08
40.0,0.0,203.3760078125,1.673985e-08
40.0,0.0,203.3757578125,1.58458e-08
40.0,0.0,203.3755078125,1.4939966666666667e-08
40.0,0.0,203.3752578125,1.41365e-08
40.0,0.0,203.3750078125,1.32176e-08
40.0,0.0,203.3747578125,1.203025e-08
40.0,0.0,203.3745078125,1.12728e-08
40.0,0.0,203.3742578125,1.025015e-08
40.0,0.0,203.3740078125,9.037789999999999e-09
40.0,0.0,203.3737578125,8.315839999999998e-09
40.0,0.0,203.3735078125,7.421539999999999e-09
40.0,0.0,203.3732578125,6.4045649999999996e-09
45.0,0.0,203.7662578125,-7.670042499999998e-10
45.0,0.0,203.7660078125,-7.680499999999999e-10
45.0,0.0,203.7657578125,-8.301219999999999e-10
45.0,0.0,203.7655078125,-7.0785e-10
45.0,0.0,203.7652578125,-7.31063e-10
45.0,0.0,203.7650078125,-7.216419999999999e-10
45.0,0.0,203.7647578125,-6.634629999999999e-10
45.0,0.0,203.7645078125,-7.085795e-10
45.0,0.0,203.7642578125,-5.04104e-10
45.0,0.0,203.7640078125,-2.58916e-10
45.0,0.0,203.7637578125,-1.98136e-10
45.0,0.0,203.7635078125,1.449805e-10
45.0,0.0,203.7632578125,4.0281349999999996e-10
45.0,0.0,203.7630078125,6.266484999999999e-10
45.0,0.0,203.7627578125,1.0662199999999999e-09
45.0,0.0,203.7625078125,1.423465e-09
45.0,0.0,203.7622578125,1.91478e-09
45.0,0.0,203.7620078125,2.2442799999999996e-09
45.0,0.0,203.7617578125,2.9574849999999995e-09
45.0,0.0,203.7615078125,3.7184799999999998e-09
45.0,0.0,203.7612578125,4.161329999999999e-09
45.0,0.0,203.7610078125,4.29184e-09
45.0,0.0,203.7607578125,4.5873299999999985e-09
45.0,0.0,203.7605078125,4.810885e-09
45.0,0.0,203.7602578125,4.8774799999999996e-09
45.0,0.0,203.7600078125,4.839979999999999e-09
45.0,0.0,203.7597578125,4.7593599999999996e-09
45.0,0.0,203.7595078125,4.616049999999999e-09
45.0,0.0,203.7592578125,4.4249049999999994e-09
45.0,0.0,203.7590078125,4.240759999999999e-09
45.0,0.0,203.7587578125,3.92533e-09
45.0,0.0,203.7585078125,3.6888549999999997e-09
45.0,0.0,203.7582578125,3.6405999999999996e-09
45.0,0.0,203.7580078125,5.0206899999999995e-09
45.0,0.0,203.7577578125,5.3577350000000015e-09
45.0,0.0,203.7575078125,5.873975e-09
45.0,0.0,203.7572578125,6.147195e-09
45.0,0.0,203.7570078125,6.751579999999999e-09
45.0,0.0,203.7567578125,7.0609249999999996e-09
45.0,0.0,203.7565078125,7.407194999999999e-09
45.0,0.0,203.7562578125,7.663514999999998e-09
45.0,0.0,203.7560078125,7.928289999999998e-09
45.0,0.0,203.7557578125,8.269690000000001e-09
45.0,0.0,203.7555078125,8.50575e-09
45.0,0.0,203.7552578125,8.750759999999998e-09
45.0,0.0,203.7550078125,9.142509999999999e-09
45.0,0.0,203.7547578125,9.316569999999999e-09
45.0,0.0,203.7545078125,9.866559999999999e-09
45.0,0.0,203.7542578125,1.053795e-08
45.0,0.0,203.7540078125,1.1342e-08
45.0,0.0,203.7537578125,1.19795e-08
45.0,0.0,203.7535078125,1.2485800000000001e-08
45.0,0.0,203.7532578125,1.303175e-08
45.0,0.0,203.7530078125,1.36154e-08
45.0,0.0,203.7527578125,1.400505e-08
45.0,0.0,203.7525078125,1.4522950000000001e-08
45.0,0.0,203.7522578125,1.50247e-08
45.0,0.0,203.7520078125,1.5519549999999998e-08
45.0,0.0,203.7517578125,1.58787e-08
45.0,0.0,203.7515078125,1.627925e-08
45.0,0.0,203.7512578125,1.6768299999999998e-08
45.0,0.0,203.7510078125,1.71025e-08
45.0,0.0,203.7507578125,1.72851e-08
45.0,0.0,203.7505078125,1.74542e-08
45.0,0.0,203.7502578125,1.7822550000000002e-08
45.0,0.0,203.7500078125,1.812435e-08
45.0,0.0,203.7497578125,1.83698e-08
45.0,0.0,203.7495078125,1.859505e-08
45.0,0.0,203.7492578125,1.881915e-08
45.0,0.0,203.7490078125,1.88855e-08
45.0,0.0,203.7487578125,1.90574e-08
45.0,0.0,203.7485078125,1.9250700000000002e-08
45.0,0.0,203.7482578125,1.950575e-08
45.0,0.0,203.7480078125,1.97933e-08
45.0,0.0,203.7477578125,1.978785e-08
45.0,0.0,203.7475078125,2.00027e-08
45.0,0.0,203.7472578125,2.01556e-08
45.0,0.0,203.7470078125,2.0332650000000002e-08
45.0,0.0,203.7467578125,2.034595e-08
45.0,0.0,203.7465078125,2.04331e-08
45.0,0.0,203.7462578125,2.044185e-08
45.0,0.0,203.7460078125,2.05147e-08
45.0,0.0,203.7457578125,2.04994e-08
45.0,0.0,203.7455078125,2.0394700000000002e-08
45.0,0.0,203.7452578125,2.03869e-08
45.0,0.0,203.7450078125,2.04746e-08
45.0,0.0,203.7447578125,2.034075e-08
45.0,0.0,203.7445078125,2.03543e-08
45.0,0.0,203.7442578125,2.03678e-08
45.0,0.0,203.7440078125,2.040325e-08
45.0,0.0,203.7437578125,2.04839e-08
45.0,0.0,203.7435078125,2.05525e-08
45.0,0.0,203.7432578125,2.055345e-08
45.0,0.0,203.7430078125,2.0555200000000002e-08
45.0,0.0,203.7427578125,2.048825e-08
45.0,0.0,203.7425078125,2.05303e-08
45.0,0.0,203.7422578125,2.05657e-08
45.0,0.0,203.7420078125,2.0453500000000002e-08
45.0,0.0,203.7417578125,2.046265e-08
45.0,0.0,203.7415078125,2.03463e-08
45.0,0.0,203.7412578125,2.02904e-08
45.0,0.0,203.7410078125,2.02129e-08
45.0,0.0,203.7407578125,2.031115e-08
45.0,0.0,203.7405078125,2.03745e-08
45.0,0.0,203.7402578125,2.03027e-08
45.0,0.0,203.7400078125,2.049235e-08
45.0,0.0,203.7397578125,2.058725e-08
45.0,0.0,203.7395078125,2.061085e-08
45.0,0.0,203.7392578125,2.05613e-08
45.0,0.0,203.7390078125,2.0509600000000005e-08
45.0,0.0,203.7387578125,2.054175e-08
45.0,0.0,203.7385078125,2.047245e-08
45.0,0.0,203.7382578125,2.04156e-08
45.0,0.0,203.7380078125,2.05314e-08
45.0,0.0,203.7377578125,2.03885e-08
45.0,0.0,203.7375078125,2.040595e-08
45.0,0.0,203.7372578125,2.0194300000000002e-08
45.0,0.0,203.7370078125,2.02007e-08
45.0,0.0,203.7367578125,2.02737e-08
45.0,0.0,203.7365078125,2.02199e-08
45.0,0.0,203.7362578125,2.010575e-08
45.0,0.0,203.7360078125,2.01981e-08
45.0,0.0,203.7357578125,2.0067700000000002e-08
45.0,0.0,203.7355078125,2.004385e-08
45.0,0.0,203.7352578125,2.00745e-08
45.0,0.0,203.7350078125,2.004735e-08
45.0,0.0,203.7347578125,2.00756e-08
45.0,0.0,203.7345078125,2.0006e-08
45.0,0.0,203.7342578125,2.00539e-08
45.0,0.0,203.7340078125,1.991505e-08
45.0,0.0,203.7337578125,1.98638e-08
45.0,0.0,203.7335078125,1.969825e-08
45.0,0.0,203.7332578125,1.97104e-08
45.0,0.0,203.7330078125,1.9618450000000002e-08
45.0,0.0,203.7327578125,1.9478450000000002e-08
45.0,0.0,203.7325078125,1.95219e-08
45.0,0.0,203.7322578125,1.93294e-08
45.0,0.0,203.7320078125,1.94454e-08
45.0,0.0,203.7317578125,1.9391e-08
45.0,0.0,203.7315078125,1.9431733333333328e-08
45.0,0.0,203.7312578125,1.9478200000000002e-08
45.0,0.0,203.7310078125,1.941515e-08
45.0,0.0,203.7307578125,1.93769e-08
45.0,0.0,203.7305078125,1.94199e-08
45.0,0.0,203.7302578125,1.93206e-08
45.0,0.0,203.7300078125,1.9305866666666666e-08
45.0,0.0,203.7297578125,1.932515e-08
45.0,0.0,203.7295078125,1.92993e-08
45.0,0.0,203.7292578125,1.923145e-08
45.0,0.0,203.7290078125,1.9263550000000002e-08
45.0,0.0,203.7287578125,1.92081e-08
45.0,0.0,203.7285078125,1.927075e-08
45.0,0.0,203.7282578125,1.9316e-08
45.0,0.0,203.7280078125,1.9335450000000002e-08
45.0,0.0,203.7277578125,1.92323e-08
45.0,0.0,203.7275078125,1.9387950000000002e-08
45.0,0.0,203.7272578125,1.94233e-08
45.0,0.0,203.7270078125,1.932595e-08
45.0,0.0,203.7267578125,1.930415e-08
45.0,0.0,203.7265078125,1.92381e-08
45.0,0.0,203.7262578125,1.928575e-08
45.0,0.0,203.7260078125,1.912595e-08
45.0,0.0,203.7257578125,1.9050550000000002e-08
45.0,0.0,203.7255078125,1.89857e-08
45.0,0.0,203.7252578125,1.89973e-08
45.0,0.0,203.7250078125,1.89236e-08
45.0,0.0,203.7247578125,1.881655e-08
45.0,0.0,203.7245078125,1.891045e-08
45.0,0.0,203.7242578125,1.8881e-08
45.0,0.0,203.7240078125,1.8823600000000002e-08
45.0,0.0,203.7237578125,1.88578e-08
45.0,0.0,203.7235078125,1.90301e-08
45.0,0.0,203.7232578125,1.898505e-08
45.0,0.0,203.7230078125,1.904795e-08
45.0,0.0,203.7227578125,1.90574e-08
45.0,0.0,203.7225078125,1.88909e-08
45.0,0.0,203.7222578125,1.88756e-08
45.0,0.0,203.7220078125,1.8846e-08
45.0,0.0,203.7217578125,1.88736e-08
45.0,0.0,203.7215078125,1.88624e-08
45.0,0.0,203.7212578125,1.87698e-08
45.0,0.0,203.7210078125,1.87477e-08
45.0,0.0,203.7207578125,1.877345e-08
45.0,0.0,203.7205078125,1.883745e-08
45.0,0.0,203.7202578125,1.88557e-08
45.0,0.0,203.7200078125,1.89878e-08
45.0,0.0,203.7197578125,1.908175e-08
45.0,0.0,203.7195078125,1.9090200000000002e-08
45.0,0.0,203.7192578125,1.9128750000000002e-08
45.0,0.0,203.7190078125,1.9104350000000006e-08
45.0,0.0,203.7187578125,1.909695e-08
45.0,0.0,203.7185078125,1.91093e-08
45.0,0.0,203.7182578125,1.916735e-08
45.0,0.0,203.7180078125,1.9090200000000002e-08
45.0,0.0,203.7177578125,1.91629e-08
45.0,0.0,203.7175078125,1.91884e-08
45.0,0.0,203.7172578125,1.921675e-08
45.0,0.0,203.7170078125,1.924335e-08
45.0,0.0,203.7167578125,1.9342850000000002e-08
45.0,0.0,203.7165078125,1.93239e-08
45.0,0.0,203.7162578125,1.93919e-08
45.0,0.0,203.7160078125,1.94424e-08
45.0,0.0,203.7157578125,1.935285e-08
45.0,0.0,203.7155078125,1.94144e-08
45.0,0.0,203.7152578125,1.942775e-08
45.0,0.0,203.7150078125,1.95958e-08
45.0,0.0,203.7147578125,1.964625e-08
45.0,0.0,203.7145078125,1.95755e-08
45.0,0.0,203.7142578125,1.96798e-08
45.0,0.0,203.7140078125,1.972275e-08
45.0,0.0,203.7137578125,1.98089e-08
45.0,0.0,203.7135078125,1.98639e-08
45.0,0.0,203.7132578125,1.98825e-08
45.0,0.0,203.7130078125,1.98641e-08
45.0,0.0,203.7127578125,1.99008e-08
45.0,0.0,203.7125078125,1.99402e-08
45.0,0.0,203.7122578125,1.99603e-08
45.0,0.0,203.7120078125,1.990545e-08
45.0,0.0,203.7117578125,1.99215e-08
45.0,0.0,203.7115078125,1.99325e-08
45.0,0.0,203.7112578125,1.989645e-08
45.0,0.0,203.7110078125,1.991255e-08
45.0,0.0,203.7107578125,1.988425e-08
45.0,0.0,203.7105078125,2.00233e-08
45.0,0.0,203.7102578125,1.995725e-08
45.0,0.0,203.7100078125,1.99075e-08
45.0,0.0,203.7097578125,2.005815e-08
45.0,0.0,203.7095078125,2.00433e-08
45.0,0.0,203.7092578125,2.00581e-08
45.0,0.0,203.7090078125,2.000175e-08
45.0,0.0,203.7087578125,1.99319e-08
45.0,0.0,203.7085078125,1.99789e-08
45.0,0.0,203.7082578125,1.998775e-08
45.0,0.0,203.7080078125,1.9948750000000002e-08
45.0,0.0,203.7077578125,2.001295e-08
45.0,0.0,203.7075078125,1.99733e-08
45.0,0.0,203.7072578125,2.00017e-08
45.0,0.0,203.7070078125,2.01155e-08
45.0,0.0,203.7067578125,2.01416e-08
45.0,0.0,203.7065078125,2.018725e-08
45.0,0.0,203.7062578125,2.0202e-08
45.0,0.0,203.7060078125,2.02696e-08
45.0,0.0,203.7057578125,2.04635e-08
45.0,0.0,203.7055078125,2.04075e-08
45.0,0.0,203.7052578125,2.04757e-08
45.0,0.0,203.7050078125,2.041455e-08
45.0,0.0,203.7047578125,2.04832e-08
45.0,0.0,203.7045078125,2.066935e-08
45.0,0.0,203.7042578125,2.0588200000000003e-08
45.0,0.0,203.7040078125,2.065305e-08
45.0,0.0,203.7037578125,2.07054e-08
45.0,0.0,203.7035078125,2.06897e-08
45.0,0.0,203.7032578125,2.07558e-08
45.0,0.0,203.7030078125,2.083295e-08
45.0,0.0,203.7027578125,2.087765e-08
45.0,0.0,203.7025078125,2.08303e-08
45.0,0.0,203.7022578125,2.090655e-08
45.0,0.0,203.7020078125,2.0901100000000002e-08
45.0,0.0,203.7017578125,2.09162e-08
45.0,0.0,203.7015078125,2.0881150000000002e-08
45.0,0.0,203.7012578125,2.095665e-08
45.0,0.0,203.7010078125,2.0976500000000006e-08
45.0,0.0,203.7007578125,2.08695e-08
45.0,0.0,203.7005078125,2.08234e-08
45.0,0.0,203.7002578125,2.081965e-08
45.0,0.0,203.7000078125,2.085755000000001e-08
45.0,0.0,203.6997578125,2.08067e-08
45.0,0.0,203.6995078125,2.079795e-08
45.0,0.0,203.6992578125,2.09535e-08
45.0,0.0,203.6990078125,2.0916400000000002e-08
45.0,0.0,203.6987578125,2.1047100000000002e-08
45.0,0.0,203.6985078125,2.10373e-08
45.0,0.0,203.6982578125,2.0983400000000002e-08
45.0,0.0,203.6980078125,2.104623333333333e-08
45.0,0.0,203.6977578125,2.09932e-08
45.0,0.0,203.6975078125,2.096195e-08
45.0,0.0,203.6972578125,2.088435e-08
45.0,0.0,203.6970078125,2.091485e-08
45.0,0.0,203.6967578125,2.07788e-08
45.0,0.0,203.6965078125,2.080525e-08
45.0,0.0,203.6962578125,2.083125e-08
45.0,0.0,203.6960078125,2.07367e-08
45.0,0.0,203.6957578125,2.0877e-08
45.0,0.0,203.6955078125,2.08841e-08
45.0,0.0,203.6952578125,2.09534e-08
45.0,0.0,203.6950078125,2.095815e-08
45.0,0.0,203.6947578125,2.08947e-08
45.0,0.0,203.6945078125,2.097285e-08
45.0,0.0,203.6942578125,2.095425e-08
45.0,0.0,203.6940078125,2.10458e-08
45.0,0.0,203.6937578125,2.11195e-08
45.0,0.0,203.6935078125,2.10258e-08
45.0,0.0,203.6932578125,2.08922e-08
45.0,0.0,203.6930078125,2.0985533333333332e-08
45.0,0.0,203.6927578125,2.09697e-08
45.0,0.0,203.6925078125,2.09187e-08
45.0,0.0,203.6922578125,2.103555e-08
45.0,0.0,203.6920078125,2.0923800000000002e-08
45.0,0.0,203.6917578125,2.09465e-08
45.0,0.0,203.6915078125,2.1054500000000002e-08
45.0,0.0,203.6912578125,2.105335e-08
45.0,0.0,203.6910078125,2.11247e-08
45.0,0.0,203.6907578125,2.12261e-08
45.0,0.0,203.6905078125,2.118565e-08
45.0,0.0,203.6902578125,2.1186000000000002e-08
45.0,0.0,203.6900078125,2.123515e-08
45.0,0.0,203.6897578125,2.13617e-08
45.0,0.0,203.6895078125,2.13099e-08
45.0,0.0,203.6892578125,2.1350050000000002e-08
45.0,0.0,203.6890078125,2.142985e-08
45.0,0.0,203.6887578125,2.14019e-08
45.0,0.0,203.6885078125,2.1550200000000002e-08
45.0,0.0,203.6882578125,2.1585e-08
45.0,0.0,203.6880078125,2.1627600000000002e-08
45.0,0.0,203.6877578125,2.177845e-08
45.0,0.0,203.6875078125,2.171265e-08
45.0,0.0,203.6872578125,2.18409e-08
45.0,0.0,203.6870078125,2.191455e-08
45.0,0.0,203.6867578125,2.190735e-08
45.0,0.0,203.6865078125,2.184615e-08
45.0,0.0,203.6862578125,2.200475e-08
45.0,0.0,203.6860078125,2.1975e-08
45.0,0.0,203.6857578125,2.198265e-08
45.0,0.0,203.6855078125,2.20371e-08
45.0,0.0,203.6852578125,2.19966e-08
45.0,0.0,203.6850078125,2.20493e-08
45.0,0.0,203.6847578125,2.211515e-08
45.0,0.0,203.6845078125,2.22526e-08
45.0,0.0,203.6842578125,2.22362e-08
45.0,0.0,203.6840078125,2.223005e-08
45.0,0.0,203.6837578125,2.22577e-08
45.0,0.0,203.6835078125,2.23801e-08
45.0,0.0,203.6832578125,2.2445e-08
45.0,0.0,203.6830078125,2.24732e-08
45.0,0.0,203.6827578125,2.251725e-08
45.0,0.0,203.6825078125,2.25446e-08
45.0,0.0,203.6822578125,2.261645e-08
45.0,0.0,203.6820078125,2.268305e-08
45.0,0.0,203.6817578125,2.264425e-08
45.0,0.0,203.6815078125,2.269495e-08
45.0,0.0,203.6812578125,2.266085e-08
45.0,0.0,203.6810078125,2.26164e-08
45.0,0.0,203.6807578125,2.270175e-08
45.0,0.0,203.6805078125,2.271515e-08
45.0,0.0,203.6802578125,2.263535e-08
45.0,0.0,203.6800078125,2.271805e-08
45.0,0.0,203.6797578125,2.271695e-08
45.0,0.0,203.6795078125,2.27228e-08
45.0,0.0,203.6792578125,2.2669000000000006e-08
45.0,0.0,203.6790078125,2.27601e-08
45.0,0.0,203.6787578125,2.2870050000000002e-08
45.0,0.0,203.6785078125,2.286555e-08
45.0,0.0,203.6782578125,2.287975e-08
45.0,0.0,203.6780078125,2.2869500000000002e-08
45.0,0.0,203.6777578125,2.301615e-08
45.0,0.0,203.6775078125,2.29717e-08
45.0,0.0,203.6772578125,2.29077e-08
45.0,0.0,203.6770078125,2.29906e-08
45.0,0.0,203.6767578125,2.291245e-08
45.0,0.0,203.6765078125,2.287995e-08
45.0,0.0,203.6762578125,2.28812e-08
45.0,0.0,203.6760078125,2.29479e-08
45.0,0.0,203.6757578125,2.301895e-08
45.0,0.0,203.6755078125,2.309465e-08
45.0,0.0,203.6752578125,2.30558e-08
45.0,0.0,203.6750078125,2.3004850000000002e-08
45.0,0.0,203.6747578125,2.322565e-08
45.0,0.0,203.6745078125,2.319485e-08
45.0,0.0,203.6742578125,2.322675e-08
45.0,0.0,203.6740078125,2.33471e-08
45.0,0.0,203.6737578125,2.326085e-08
45.0,0.0,203.6735078125,2.333045e-08
45.0,0.0,203.6732578125,2.3265700000000002e-08
45.0,0.0,203.6730078125,2.3271e-08
45.0,0.0,203.6727578125,2.32941e-08
45.0,0.0,203.6725078125,2.32369e-08
45.0,0.0,203.6722578125,2.33054e-08
45.0,0.0,203.6720078125,2.32828e-08
45.0,0.0,203.6717578125,2.3326e-08
45.0,0.0,203.6715078125,2.334905e-08
45.0,0.0,203.6712578125,2.32301e-08
45.0,0.0,203.6710078125,2.335255e-08
45.0,0.0,203.6707578125,2.33538e-08
45.0,0.0,203.6705078125,2.338195e-08
45.0,0.0,203.6702578125,2.33608e-08
45.0,0.0,203.6700078125,2.34389e-08
45.0,0.0,203.6697578125,2.34255e-08
45.0,0.0,203.6695078125,2.3446700000000002e-08
45.0,0.0,203.6692578125,2.340995e-08
45.0,0.0,203.6690078125,2.342425e-08
45.0,0.0,203.6687578125,2.334295e-08
45.0,0.0,203.6685078125,2.342085e-08
45.0,0.0,203.6682578125,2.34689e-08
45.0,0.0,203.6680078125,2.338425e-08
45.0,0.0,203.6677578125,2.338015e-08
45.0,0.0,203.6675078125,2.343215e-08
45.0,0.0,203.6672578125,2.33965e-08
45.0,0.0,203.6670078125,2.347665e-08
45.0,0.0,203.6667578125,2.33578e-08
45.0,0.0,203.6665078125,2.3386800000000002e-08
45.0,0.0,203.6662578125,2.339135e-08
45.0,0.0,203.6660078125,2.329315e-08
45.0,0.0,203.6657578125,2.3353e-08
45.0,0.0,203.6655078125,2.334375e-08
45.0,0.0,203.6652578125,2.33351e-08
45.0,0.0,203.6650078125,2.33043e-08
45.0,0.0,203.6647578125,2.3348800000000002e-08
45.0,0.0,203.6645078125,2.32474e-08
45.0,0.0,203.6642578125,2.330215e-08
45.0,0.0,203.6640078125,2.3313800000000002e-08
45.0,0.0,203.6637578125,2.323515e-08
45.0,0.0,203.6635078125,2.3116950000000002e-08
45.0,0.0,203.6632578125,2.31467e-08
45.0,0.0,203.6630078125,2.313515e-08
45.0,0.0,203.6627578125,2.32318e-08
45.0,0.0,203.6625078125,2.32811e-08
45.0,0.0,203.6622578125,2.319235e-08
45.0,0.0,203.6620078125,2.333055e-08
45.0,0.0,203.6617578125,2.335765e-08
45.0,0.0,203.6615078125,2.3408400000000002e-08
45.0,0.0,203.6612578125,2.3529000000000002e-08
45.0,0.0,203.6610078125,2.35069e-08
45.0,0.0,203.6607578125,2.35016e-08
45.0,0.0,203.6605078125,2.357065e-08
45.0,0.0,203.6602578125,2.35217e-08
45.0,0.0,203.6600078125,2.3573733333333333e-08
45.0,0.0,203.6597578125,2.3628250000000002e-08
45.0,0.0,203.6595078125,2.36272e-08
45.0,0.0,203.6592578125,2.35716e-08
45.0,0.0,203.6590078125,2.3690850000000002e-08
45.0,0.0,203.6587578125,2.3803e-08
45.0,0.0,203.6585078125,2.37339e-08
45.0,0.0,203.6582578125,2.38632e-08
45.0,0.0,203.6580078125,2.390265e-08
45.0,0.0,203.6577578125,2.39741e-08
45.0,0.0,203.6575078125,2.4100533333333328e-08
45.0,0.0,203.6572578125,2.42423e-08
45.0,0.0,203.6570078125,2.42938e-08
45.0,0.0,203.6567578125,2.425875e-08
45.0,0.0,203.6565078125,2.422915e-08
45.0,0.0,203.6562578125,2.42578e-08
45.0,0.0,203.6560078125,2.41495e-08
45.0,0.0,203.6557578125,2.407705e-08
45.0,0.0,203.6555078125,2.413675e-08
45.0,0.0,203.6552578125,2.4073e-08
45.0,0.0,203.6550078125,2.41991e-08
45.0,0.0,203.6547578125,2.421685e-08
45.0,0.0,203.6545078125,2.44273e-08
45.0,0.0,203.6542578125,2.45197e-08
45.0,0.0,203.6540078125,2.449025e-08
45.0,0.0,203.6537578125,2.44493e-08
45.0,0.0,203.6535078125,2.4558450000000002e-08
45.0,0.0,203.6532578125,2.45886e-08
45.0,0.0,203.6530078125,2.45046e-08
45.0,0.0,203.6527578125,2.43902e-08
45.0,0.0,203.6525078125,2.44544e-08
45.0,0.0,203.6522578125,2.43755e-08
45.0,0.0,203.6520078125,2.43713e-08
45.0,0.0,203.6517578125,2.413165e-08
45.0,0.0,203.6515078125,2.407185e-08
45.0,0.0,203.6512578125,2.41611e-08
45.0,0.0,203.6510078125,2.41575e-08
45.0,0.0,203.6507578125,2.40863e-08
45.0,0.0,203.6505078125,2.4163600000000002e-08
45.0,0.0,203.6502578125,2.404985e-08
45.0,0.0,203.6500078125,2.416805e-08
45.0,0.0,203.6497578125,2.411115e-08
45.0,0.0,203.6495078125,2.41841e-08
45.0,0.0,203.6492578125,2.41501e-08
45.0,0.0,203.6490078125,2.422465e-08
45.0,0.0,203.6487578125,2.408655e-08
45.0,0.0,203.6485078125,2.399825e-08
45.0,0.0,203.6482578125,2.39248e-08
45.0,0.0,203.6480078125,2.379135e-08
45.0,0.0,203.6477578125,2.376135e-08
45.0,0.0,203.6475078125,2.37051e-08
45.0,0.0,203.6472578125,2.370175e-08
45.0,0.0,203.6470078125,2.3625250000000002e-08
45.0,0.0,203.6467578125,2.35442e-08
45.0,0.0,203.6465078125,2.350925e-08
45.0,0.0,203.6462578125,2.33917e-08
45.0,0.0,203.6460078125,2.3584633333333337e-08
45.0,0.0,203.6457578125,2.357035e-08
45.0,0.0,203.6455078125,2.36877e-08
45.0,0.0,203.6452578125,2.361165e-08
45.0,0.0,203.6450078125,2.372515e-08
45.0,0.0,203.6447578125,2.37199e-08
45.0,0.0,203.6445078125,2.3872e-08
45.0,0.0,203.6442578125,2.39318e-08
45.0,0.0,203.6440078125,2.39596e-08
45.0,0.0,203.6437578125,2.39945e-08
45.0,0.0,203.6435078125,2.40303e-08
45.0,0.0,203.6432578125,2.4017000000000006e-08
45.0,0.0,203.6430078125,2.408125e-08
45.0,0.0,203.6427578125,2.4176200000000002e-08
45.0,0.0,203.6425078125,2.42867e-08
45.0,0.0,203.6422578125,2.427965e-08
45.0,0.0,203.6420078125,2.436865e-08
45.0,0.0,203.6417578125,2.44047e-08
45.0,0.0,203.6415078125,2.44737e-08
45.0,0.0,203.6412578125,2.451915e-08
45.0,0.0,203.6410078125,2.464585e-08
45.0,0.0,203.6407578125,2.4669e-08
45.0,0.0,203.6405078125,2.46564e-08
45.0,0.0,203.6402578125,2.469275e-08
45.0,0.0,203.6400078125,2.474065e-08
45.0,0.0,203.6397578125,2.46371e-08
45.0,0.0,203.6395078125,2.423395e-08
45.0,0.0,203.6392578125,2.4390500000000006e-08
45.0,0.0,203.6390078125,2.4572600000000006e-08
45.0,0.0,203.6387578125,2.47178e-08
45.0,0.0,203.6385078125,2.50389e-08
45.0,0.0,203.6382578125,2.509995e-08
45.0,0.0,203.6380078125,2.548595e-08
45.0,0.0,203.6377578125,2.550825e-08
45.0,0.0,203.6375078125,2.5448450000000002e-08
45.0,0.0,203.6372578125,2.537785e-08
45.0,0.0,203.6370078125,2.5379000000000002e-08
45.0,0.0,203.6367578125,2.53333e-08
45.0,0.0,203.6365078125,2.52821e-08
45.0,0.0,203.6362578125,2.52067e-08
45.0,0.0,203.6360078125,2.4871250000000002e-08
45.0,0.0,203.6357578125,2.452375e-08
45.0,0.0,203.6355078125,2.42052e-08
45.0,0.0,203.6352578125,2.38078e-08
45.0,0.0,203.6350078125,2.33555e-08
45.0,0.0,203.6347578125,2.29006e-08
45.0,0.0,203.6345078125,2.258225e-08
45.0,0.0,203.6342578125,2.22661e-08
45.0,0.0,203.6340078125,2.22753e-08
45.0,0.0,203.6337578125,2.220375e-08
45.0,0.0,203.6335078125,2.22527e-08
45.0,0.0,203.6332578125,2.231925e-08
45.0,0.0,203.6330078125,2.239125e-08
45.0,0.0,203.6327578125,2.250645e-08
45.0,0.0,203.6325078125,2.270165e-08
45.0,0.0,203.6322578125,2.259275e-08
45.0,0.0,203.6320078125,2.25489e-08
45.0,0.0,203.6317578125,2.25477e-08
45.0,0.0,203.6315078125,2.24508e-08
45.0,0.0,203.6312578125,2.2413700000000002e-08
45.0,0.0,203.6310078125,2.24142e-08
45.0,0.0,203.6307578125,2.2393450000000002e-08
45.0,0.0,203.6305078125,2.25469e-08
45.0,0.0,203.6302578125,2.26064e-08
45.0,0.0,203.6300078125,2.254925e-08
45.0,0.0,203.6297578125,2.2689300000000002e-08
45.0,0.0,203.6295078125,2.2692300000000002e-08
45.0,0.0,203.6292578125,2.286055e-08
45.0,0.0,203.6290078125,2.299235e-08
45.0,0.0,203.6287578125,2.326995e-08
45.0,0.0,203.6285078125,2.35675e-08
45.0,0.0,203.6282578125,2.387065e-08
45.0,0.0,203.6280078125,2.41222e-08
45.0,0.0,203.6277578125,2.42621e-08
45.0,0.0,203.6275078125,2.44145e-08
45.0,0.0,203.6272578125,2.444875e-08
45.0,0.0,203.6270078125,2.460195e-08
45.0,0.0,203.6267578125,2.46572e-08
45.0,0.0,203.6265078125,2.47804e-08
45.0,0.0,203.6262578125,2.483795e-08
45.0,0.0,203.6260078125,2.49095e-08
45.0,0.0,203.6257578125,2.495445e-08
45.0,0.0,203.6255078125,2.51931e-08
45.0,0.0,203.6252578125,2.5327850000000002e-08
45.0,0.0,203.6250078125,2.549745e-08
45.0,0.0,203.6247578125,2.5744300000000002e-08
45.0,0.0,203.6245078125,2.5852850000000002e-08
45.0,0.0,203.6242578125,2.5971e-08
45.0,0.0,203.6240078125,2.613535e-08
45.0,0.0,203.6237578125,2.64026e-08
45.0,0.0,203.6235078125,2.640695e-08
45.0,0.0,203.6232578125,2.654905e-08
45.0,0.0,203.6230078125,2.681215e-08
45.0,0.0,203.6227578125,2.68428e-08
45.0,0.0,203.6225078125,2.69161e-08
45.0,0.0,203.6222578125,2.678435e-08
45.0,0.0,203.6220078125,2.68871e-08
45.0,0.0,203.6217578125,2.68907e-08
45.0,0.0,203.6215078125,2.691395e-08
45.0,0.0,203.6212578125,2.6818e-08
45.0,0.0,203.6210078125,2.6857150000000002e-08
45.0,0.0,203.6207578125,2.67861e-08
45.0,0.0,203.6205078125,2.672715e-08
45.0,0.0,203.6202578125,2.669235e-08
45.0,0.0,203.6200078125,2.66763e-08
45.0,0.0,203.6197578125,2.67968e-08
45.0,0.0,203.6195078125,2.6650233333333328e-08
45.0,0.0,203.6192578125,2.67391e-08
45.0,0.0,203.6190078125,2.6874533333333333e-08
45.0,0.0,203.6187578125,2.72516e-08
45.0,0.0,203.6185078125,2.718105e-08
45.0,0.0,203.6182578125,2.73693e-08
45.0,0.0,203.6180078125,2.757805e-08
45.0,0.0,203.6177578125,2.78646e-08
45.0,0.0,203.6175078125,2.798125e-08
45.0,0.0,203.6172578125,2.81566e-08
45.0,0.0,203.6170078125,2.82244e-08
45.0,0.0,203.6167578125,2.84975e-08
45.0,0.0,203.6165078125,2.865795e-08
45.0,0.0,203.6162578125,2.88016e-08
45.0,0.0,203.6160078125,2.908375e-08
45.0,0.0,203.6157578125,2.91943e-08
45.0,0.0,203.6155078125,2.926645e-08
45.0,0.0,203.6152578125,2.896645e-08
45.0,0.0,203.6150078125,2.8890350000000002e-08
45.0,0.0,203.6147578125,2.87466e-08
45.0,0.0,203.6145078125,2.885333333333333e-08
45.0,0.0,203.6142578125,2.8825000000000002e-08
45.0,0.0,203.6140078125,2.87371e-08
45.0,0.0,203.6137578125,2.8616850000000006e-08
45.0,0.0,203.6135078125,2.86687e-08
45.0,0.0,203.6132578125,2.86152e-08
45.0,0.0,203.6130078125,2.87992e-08
45.0,0.0,203.6127578125,2.90893e-08
45.0,0.0,203.6125078125,2.89648e-08
45.0,0.0,203.6122578125,2.9249e-08
45.0,0.0,203.6120078125,2.963235e-08
45.0,0.0,203.6117578125,2.97516e-08
45.0,0.0,203.6115078125,3.0129100000000003e-08
45.0,0.0,203.6112578125,3.0323950000000005e-08
45.0,0.0,203.6110078125,3.0521e-08
45.0,0.0,203.6107578125,3.070215e-08
45.0,0.0,203.6105078125,3.079555e-08
45.0,0.0,203.6102578125,3.09114e-08
45.0,0.0,203.6100078125,3.1136900000000004e-08
45.0,0.0,203.6097578125,3.12643e-08
45.0,0.0,203.6095078125,3.132985e-08
45.0,0.0,203.6092578125,3.14276e-08
45.0,0.0,203.6090078125,3.14609e-08
45.0,0.0,203.6087578125,3.1634500000000004e-08
45.0,0.0,203.6085078125,3.16968e-08
45.0,0.0,203.6082578125,3.174425e-08
45.0,0.0,203.6080078125,3.1868e-08
45.0,0.0,203.6077578125,3.19714e-08
45.0,0.0,203.6075078125,3.2008600000000004e-08
45.0,0.0,203.6072578125,3.202715e-08
45.0,0.0,203.6070078125,3.20105e-08
45.0,0.0,203.6067578125,3.19788e-08
45.0,0.0,203.6065078125,3.20228e-08
45.0,0.0,203.6062578125,3.212765e-08
45.0,0.0,203.6060078125,3.21022e-08
45.0,0.0,203.6057578125,3.21902e-08
45.0,0.0,203.6055078125,3.2423466666666666e-08
45.0,0.0,203.6052578125,3.2460300000000004e-08
45.0,0.0,203.6050078125,3.23581e-08
45.0,0.0,203.6047578125,3.248275e-08
45.0,0.0,203.6045078125,3.24929e-08
45.0,0.0,203.6042578125,3.2523350000000005e-08
45.0,0.0,203.6040078125,3.24501e-08
45.0,0.0,203.6037578125,3.246835e-08
45.0,0.0,203.6035078125,3.2497250000000003e-08
45.0,0.0,203.6032578125,3.2288799999999995e-08
45.0,0.0,203.6030078125,3.2208700000000004e-08
45.0,0.0,203.6027578125,3.2115550000000003e-08
45.0,0.0,203.6025078125,3.217695e-08
45.0,0.0,203.6022578125,3.22453e-08
45.0,0.0,203.6020078125,3.22965e-08
45.0,0.0,203.6017578125,3.227975e-08
45.0,0.0,203.6015078125,3.230065e-08
45.0,0.0,203.6012578125,3.2349050000000003e-08
45.0,0.0,203.6010078125,3.22182e-08
45.0,0.0,203.6007578125,3.2235400000000006e-08
45.0,0.0,203.6005078125,3.2206650000000006e-08
45.0,0.0,203.6002578125,3.20269e-08
45.0,0.0,203.6000078125,3.19325e-08
45.0,0.0,203.5997578125,3.1742550000000004e-08
45.0,0.0,203.5995078125,3.156655e-08
45.0,0.0,203.5992578125,3.1504400000000004e-08
45.0,0.0,203.5990078125,3.123975e-08
45.0,0.0,203.5987578125,3.107625e-08
45.0,0.0,203.5985078125,3.1116250000000006e-08
45.0,0.0,203.5982578125,3.09678e-08
45.0,0.0,203.5980078125,3.08704e-08
45.0,0.0,203.5977578125,3.080715e-08
45.0,0.0,203.5975078125,3.08461e-08
45.0,0.0,203.5972578125,3.09383e-08
45.0,0.0,203.5970078125,3.089655e-08
45.0,0.0,203.5967578125,3.08647e-08
45.0,0.0,203.5965078125,3.0978450000000006e-08
45.0,0.0,203.5962578125,3.1239200000000004e-08
45.0,0.0,203.5960078125,3.109045e-08
45.0,0.0,203.5957578125,3.10574e-08
45.0,0.0,203.5955078125,3.11136e-08
45.0,0.0,203.5952578125,3.09746e-08
45.0,0.0,203.5950078125,3.09781e-08
45.0,0.0,203.5947578125,3.09963e-08
45.0,0.0,203.5945078125,3.1107150000000003e-08
45.0,0.0,203.5942578125,3.1209600000000004e-08
45.0,0.0,203.5940078125,3.136235e-08
45.0,0.0,203.5937578125,3.140975e-08
45.0,0.0,203.5935078125,3.14374e-08
45.0,0.0,203.5932578125,3.13279e-08
45.0,0.0,203.5930078125,3.147015e-08
45.0,0.0,203.5927578125,3.165815e-08
45.0,0.0,203.5925078125,3.1480249999999995e-08
45.0,0.0,203.5922578125,3.147005e-08
45.0,0.0,203.5920078125,3.143125e-08
45.0,0.0,203.5917578125,3.1356850000000006e-08
45.0,0.0,203.5915078125,3.12408e-08
45.0,0.0,203.5912578125,3.10291e-08
45.0,0.0,203.5910078125,3.098225e-08
45.0,0.0,203.5907578125,3.09858e-08
45.0,0.0,203.5905078125,3.09008e-08
45.0,0.0,203.5902578125,3.08205e-08
45.0,0.0,203.5900078125,3.093835e-08
45.0,0.0,203.5897578125,3.098445e-08
45.0,0.0,203.5895078125,3.11669e-08
45.0,0.0,203.5892578125,3.109655e-08
45.0,0.0,203.5890078125,3.09908e-08
45.0,0.0,203.5887578125,3.07127e-08
45.0,0.0,203.5885078125,3.06392e-08
45.0,0.0,203.5882578125,3.05347e-08
45.0,0.0,203.5880078125,3.039045e-08
45.0,0.0,203.5877578125,3.0155050000000004e-08
45.0,0.0,203.5875078125,3.006455e-08
45.0,0.0,203.5872578125,2.9865250000000003e-08
45.0,0.0,203.5870078125,2.960005e-08
45.0,0.0,203.5867578125,2.940025e-08
45.0,0.0,203.5865078125,2.94398e-08
45.0,0.0,203.5862578125,2.94354e-08
45.0,0.0,203.5860078125,2.9468900000000002e-08
45.0,0.0,203.5857578125,2.961035e-08
45.0,0.0,203.5855078125,2.98045e-08
45.0,0.0,203.5852578125,3.0025e-08
45.0,0.0,203.5850078125,3.00568e-08
45.0,0.0,203.5847578125,3.0226e-08
45.0,0.0,203.5845078125,3.035735e-08
45.0,0.0,203.5842578125,3.0467449999999995e-08
45.0,0.0,203.5840078125,3.04016e-08
45.0,0.0,203.5837578125,3.0313650000000004e-08
45.0,0.0,203.5835078125,3.036935e-08
45.0,0.0,203.5832578125,3.03374e-08
45.0,0.0,203.5830078125,3.048885e-08
45.0,0.0,203.5827578125,3.041125e-08
45.0,0.0,203.5825078125,3.05127e-08
45.0,0.0,203.5822578125,3.055665e-08
45.0,0.0,203.5820078125,3.0416e-08
45.0,0.0,203.5817578125,3.0479500000000005e-08
45.0,0.0,203.5815078125,3.048255e-08
45.0,0.0,203.5812578125,3.0548e-08
45.0,0.0,203.5810078125,3.059465e-08
45.0,0.0,203.5807578125,3.070015e-08
45.0,0.0,203.5805078125,3.0728849999999995e-08
45.0,0.0,203.5802578125,3.05824e-08
45.0,0.0,203.5800078125,3.068035e-08
45.0,0.0,203.5797578125,3.060535e-08
45.0,0.0,203.5795078125,3.050535e-08
45.0,0.0,203.5792578125,3.03445e-08
45.0,0.0,203.5790078125,3.0312800000000004e-08
45.0,0.0,203.5787578125,3.0128250000000004e-08
45.0,0.0,203.5785078125,3.0107e-08
45.0,0.0,203.5782578125,2.994245e-08
45.0,0.0,203.5780078125,2.97082e-08
45.0,0.0,203.5777578125,2.949285e-08
45.0,0.0,203.5775078125,2.94933e-08
45.0,0.0,203.5772578125,2.94744e-08
45.0,0.0,203.5770078125,2.93489e-08
45.0,0.0,203.5767578125,2.911555e-08
45.0,0.0,203.5765078125,2.9111550000000002e-08
45.0,0.0,203.5762578125,2.90334e-08
45.0,0.0,203.5760078125,2.8829300000000006e-08
45.0,0.0,203.5757578125,2.86999e-08
45.0,0.0,203.5755078125,2.86085e-08
45.0,0.0,203.5752578125,2.845855e-08
45.0,0.0,203.5750078125,2.848025e-08
45.0,0.0,203.5747578125,2.832565e-08
45.0,0.0,203.5745078125,2.83337e-08
45.0,0.0,203.5742578125,2.826915e-08
45.0,0.0,203.5740078125,2.809855e-08
45.0,0.0,203.5737578125,2.7968050000000002e-08
45.0,0.0,203.5735078125,2.799995e-08
45.0,0.0,203.5732578125,2.79588e-08
45.0,0.0,203.5730078125,2.78492e-08
45.0,0.0,203.5727578125,2.765755e-08
45.0,0.0,203.5725078125,2.74687e-08
45.0,0.0,203.5722578125,2.7491200000000002e-08
45.0,0.0,203.5720078125,2.735305e-08
45.0,0.0,203.5717578125,2.729895e-08
45.0,0.0,203.5715078125,2.72398e-08
45.0,0.0,203.5712578125,2.71359e-08
45.0,0.0,203.5710078125,2.71452e-08
45.0,0.0,203.5707578125,2.690995e-08
45.0,0.0,203.5705078125,2.6896e-08
45.0,0.0,203.5702578125,2.66122e-08
45.0,0.0,203.5700078125,2.66502e-08
45.0,0.0,203.5697578125,2.6342550000000002e-08
45.0,0.0,203.5695078125,2.62046e-08
45.0,0.0,203.5692578125,2.6076500000000002e-08
45.0,0.0,203.5690078125,2.598625e-08
45.0,0.0,203.5687578125,2.58568e-08
45.0,0.0,203.5685078125,2.58801e-08
45.0,0.0,203.5682578125,2.582125e-08
45.0,0.0,203.5680078125,2.59371e-08
45.0,0.0,203.5677578125,2.59642e-08
45.0,0.0,203.5675078125,2.61213e-08
45.0,0.0,203.5672578125,2.592435e-08
45.0,0.0,203.5670078125,2.5956200000000002e-08
45.0,0.0,203.5667578125,2.576445e-08
45.0,0.0,203.5665078125,2.579095e-08
45.0,0.0,203.5662578125,2.5732550000000002e-08
45.0,0.0,203.5660078125,2.559185e-08
45.0,0.0,203.5657578125,2.544045e-08
45.0,0.0,203.5655078125,2.52623e-08
45.0,0.0,203.5652578125,2.5013150000000002e-08
45.0,0.0,203.5650078125,2.496225e-08
45.0,0.0,203.5647578125,2.496915e-08
45.0,0.0,203.5645078125,2.4985000000000002e-08
45.0,0.0,203.5642578125,2.47785e-08
45.0,0.0,203.5640078125,2.4878066666666672e-08
45.0,0.0,203.5637578125,2.483205e-08
45.0,0.0,203.5635078125,2.48352e-08
45.0,0.0,203.5632578125,2.48129e-08
45.0,0.0,203.5630078125,2.481775e-08
45.0,0.0,203.5627578125,2.480475e-08
45.0,0.0,203.5625078125,2.52205e-08
45.0,0.0,203.5622578125,2.45613e-08
45.0,0.0,203.5620078125,2.4578033333333333e-08
45.0,0.0,203.5617578125,2.464045e-08
45.0,0.0,203.5615078125,2.4448800000000002e-08
45.0,0.0,203.5612578125,2.4530500000000006e-08
45.0,0.0,203.5610078125,2.4360750000000002e-08
45.0,0.0,203.5607578125,2.422385e-08
45.0,0.0,203.5605078125,2.43404e-08
45.0,0.0,203.5602578125,2.42252e-08
45.0,0.0,203.5600078125,2.41812e-08
45.0,0.0,203.5597578125,2.4159500000000002e-08
45.0,0.0,203.5595078125,2.42847e-08
45.0,0.0,203.5592578125,2.398045e-08
45.0,0.0,203.5590078125,2.398935e-08
45.0,0.0,203.5587578125,2.38395e-08
45.0,0.0,203.5585078125,2.37328e-08
45.0,0.0,203.5582578125,2.3937750000000002e-08
45.0,0.0,203.5580078125,2.36716e-08
45.0,0.0,203.5577578125,2.344655e-08
45.0,0.0,203.5575078125,2.3437950000000002e-08
45.0,0.0,203.5572578125,2.3472550000000003e-08
45.0,0.0,203.5570078125,2.33777e-08
45.0,0.0,203.5567578125,2.33654e-08
45.0,0.0,203.5565078125,2.32325e-08
45.0,0.0,203.5562578125,2.31109e-08
45.0,0.0,203.5560078125,2.308885e-08
45.0,0.0,203.5557578125,2.304215e-08
45.0,0.0,203.5555078125,2.3138000000000002e-08
45.0,0.0,203.5552578125,2.29416e-08
45.0,0.0,203.5550078125,2.29175e-08
45.0,0.0,203.5547578125,2.289275e-08
45.0,0.0,203.5545078125,2.2912950000000002e-08
45.0,0.0,203.5542578125,2.27929e-08
45.0,0.0,203.5540078125,2.28977e-08
45.0,0.0,203.5537578125,2.26579e-08
45.0,0.0,203.5535078125,2.29524e-08
45.0,0.0,203.5532578125,2.278075e-08
45.0,0.0,203.5530078125,2.2951e-08
45.0,0.0,203.5527578125,2.270865e-08
45.0,0.0,203.5525078125,2.279395e-08
45.0,0.0,203.5522578125,2.27343e-08
45.0,0.0,203.5520078125,2.2735800000000002e-08
45.0,0.0,203.5517578125,2.25929e-08
45.0,0.0,203.5515078125,2.280095e-08
45.0,0.0,203.5512578125,2.293755e-08
45.0,0.0,203.5510078125,2.2997450000000002e-08
45.0,0.0,203.5507578125,2.3152750000000002e-08
45.0,0.0,203.5505078125,2.310585e-08
45.0,0.0,203.5502578125,2.3042e-08
45.0,0.0,203.5500078125,2.321815e-08
45.0,0.0,203.5497578125,2.29306e-08
45.0,0.0,203.5495078125,2.3269e-08
45.0,0.0,203.5492578125,2.3169e-08
45.0,0.0,203.5490078125,2.33317e-08
45.0,0.0,203.5487578125,2.3339250000000002e-08
45.0,0.0,203.5485078125,2.3403e-08
45.0,0.0,203.5482578125,2.359395e-08
45.0,0.0,203.5480078125,2.34589e-08
45.0,0.0,203.5477578125,2.35433e-08
45.0,0.0,203.5475078125,2.35795e-08
45.0,0.0,203.5472578125,2.355275e-08
45.0,0.0,203.5470078125,2.356165e-08
45.0,0.0,203.5467578125,2.37313e-08
45.0,0.0,203.5465078125,2.39698e-08
45.0,0.0,203.5462578125,2.35399e-08
45.0,0.0,203.5460078125,2.38923e-08
45.0,0.0,203.5457578125,2.395e-08
45.0,0.0,203.5455078125,2.403215e-08
45.0,0.0,203.5452578125,2.3921900000000002e-08
45.0,0.0,203.5450078125,2.3994350000000002e-08
45.0,0.0,203.5447578125,2.3948e-08
45.0,0.0,203.5445078125,2.409645e-08
45.0,0.0,203.5442578125,2.40219e-08
45.0,0.0,203.5440078125,2.396765e-08
45.0,0.0,203.5437578125,2.377995e-08
45.0,0.0,203.5435078125,2.39002e-08
45.0,0.0,203.5432578125,2.376135e-08
45.0,0.0,203.5430078125,2.38007e-08
45.0,0.0,203.5427578125,2.36372e-08
45.0,0.0,203.5425078125,2.352185e-08
45.0,0.0,203.5422578125,2.354165e-08
45.0,0.0,203.5420078125,2.347035e-08
45.0,0.0,203.5417578125,2.330325e-08
45.0,0.0,203.5415078125,2.35124e-08
45.0,0.0,203.5412578125,2.308005e-08
45.0,0.0,203.5410078125,2.3087950000000002e-08
45.0,0.0,203.5407578125,2.29588e-08
45.0,0.0,203.5405078125,2.2934550000000002e-08
45.0,0.0,203.5402578125,2.303205e-08
45.0,0.0,203.5400078125,2.27778e-08
45.0,0.0,203.5397578125,2.28116e-08
45.0,0.0,203.5395078125,2.26129e-08
45.0,0.0,203.5392578125,2.252065e-08
45.0,0.0,203.5390078125,2.25144e-08
45.0,0.0,203.5387578125,2.23449e-08
45.0,0.0,203.5385078125,2.237395e-08
45.0,0.0,203.5382578125,2.2193300000000002e-08
45.0,0.0,203.5380078125,2.214755e-08
45.0,0.0,203.5377578125,2.21346e-08
45.0,0.0,203.5375078125,2.205303333333333e-08
45.0,0.0,203.5372578125,2.20297e-08
45.0,0.0,203.5370078125,2.21014e-08
45.0,0.0,203.5367578125,2.212065e-08
45.0,0.0,203.5365078125,2.21298e-08
45.0,0.0,203.5362578125,2.21837e-08
45.0,0.0,203.5360078125,2.21869e-08
45.0,0.0,203.5357578125,2.191105e-08
45.0,0.0,203.5355078125,2.20296e-08
45.0,0.0,203.5352578125,2.19922e-08
45.0,0.0,203.5350078125,2.2302350000000006e-08
45.0,0.0,203.5347578125,2.200905e-08
45.0,0.0,203.5345078125,2.21741e-08
45.0,0.0,203.5342578125,2.2055e-08
45.0,0.0,203.5340078125,2.22501e-08
45.0,0.0,203.5337578125,2.2156950000000002e-08
45.0,0.0,203.5335078125,2.217575e-08
45.0,0.0,203.5332578125,2.229415e-08
45.0,0.0,203.5330078125,2.2405e-08
45.0,0.0,203.5327578125,2.24821e-08
45.0,0.0,203.5325078125,2.26402e-08
45.0,0.0,203.5322578125,2.2720650000000003e-08
45.0,0.0,203.5320078125,2.28169e-08
45.0,0.0,203.5317578125,2.292925e-08
45.0,0.0,203.5315078125,2.29569e-08
45.0,0.0,203.5312578125,2.31428e-08
45.0,0.0,203.5310078125,2.332615e-08
45.0,0.0,203.5307578125,2.32241e-08
45.0,0.0,203.5305078125,2.34174e-08
45.0,0.0,203.5302578125,2.348575e-08
45.0,0.0,203.5300078125,2.31985e-08
45.0,0.0,203.5297578125,2.3378e-08
45.0,0.0,203.5295078125,2.3682650000000002e-08
45.0,0.0,203.5292578125,2.3632350000000002e-08
45.0,0.0,203.5290078125,2.3582e-08
45.0,0.0,203.5287578125,2.373545e-08
45.0,0.0,203.5285078125,2.372905e-08
45.0,0.0,203.5282578125,2.3709e-08
45.0,0.0,203.5280078125,2.3864e-08
45.0,0.0,203.5277578125,2.3913700000000002e-08
45.0,0.0,203.5275078125,2.394125e-08
45.0,0.0,203.5272578125,2.38291e-08
45.0,0.0,203.5270078125,2.41276e-08
45.0,0.0,203.5267578125,2.398265e-08
45.0,0.0,203.5265078125,2.4170450000000002e-08
45.0,0.0,203.5262578125,2.4229800000000002e-08
45.0,0.0,203.5260078125,2.43227e-08
45.0,0.0,203.5257578125,2.43097e-08
45.0,0.0,203.5255078125,2.433215e-08
45.0,0.0,203.5252578125,2.4385650000000002e-08
45.0,0.0,203.5250078125,2.43177e-08
45.0,0.0,203.5247578125,2.4486250000000002e-08
45.0,0.0,203.5245078125,2.4554350000000002e-08
45.0,0.0,203.5242578125,2.44783e-08
45.0,0.0,203.5240078125,2.46075e-08
45.0,0.0,203.5237578125,2.46943e-08
45.0,0.0,203.5235078125,2.4733333333333333e-08
45.0,0.0,203.5232578125,2.467035e-08
45.0,0.0,203.5230078125,2.48202e-08
45.0,0.0,203.5227578125,2.487865e-08
45.0,0.0,203.5225078125,2.481915e-08
45.0,0.0,203.5222578125,2.483995e-08
45.0,0.0,203.5220078125,2.48021e-08
45.0,0.0,203.5217578125,2.49865e-08
45.0,0.0,203.5215078125,2.5077366666666666e-08
45.0,0.0,203.5212578125,2.5070300000000002e-08
45.0,0.0,203.5210078125,2.508235e-08
45.0,0.0,203.5207578125,2.51367e-08
45.0,0.0,203.5205078125,2.514145e-08
45.0,0.0,203.5202578125,2.510355e-08
45.0,0.0,203.5200078125,2.52696e-08
45.0,0.0,203.5197578125,2.52093e-08
45.0,0.0,203.5195078125,2.53066e-08
45.0,0.0,203.5192578125,2.53344e-08
45.0,0.0,203.5190078125,2.524850000000001e-08
45.0,0.0,203.5187578125,2.5442e-08
45.0,0.0,203.5185078125,2.55387e-08
45.0,0.0,203.5182578125,2.56421e-08
45.0,0.0,203.5180078125,2.55899e-08
45.0,0.0,203.5177578125,2.54001e-08
45.0,0.0,203.5175078125,2.557985e-08
45.0,0.0,203.5172578125,2.565475e-08
45.0,0.0,203.5170078125,2.58513e-08
45.0,0.0,203.5167578125,2.576435e-08
45.0,0.0,203.5165078125,2.582115e-08
45.0,0.0,203.5162578125,2.57868e-08
45.0,0.0,203.5160078125,2.584915e-08
45.0,0.0,203.5157578125,2.59091e-08
45.0,0.0,203.5155078125,2.594385e-08
45.0,0.0,203.5152578125,2.6116700000000002e-08
45.0,0.0,203.5150078125,2.59735e-08
45.0,0.0,203.5147578125,2.6059000000000002e-08
45.0,0.0,203.5145078125,2.610845e-08
45.0,0.0,203.5142578125,2.60814e-08
45.0,0.0,203.5140078125,2.60294e-08
45.0,0.0,203.5137578125,2.5936e-08
45.0,0.0,203.5135078125,2.60698e-08
45.0,0.0,203.5132578125,2.60267e-08
45.0,0.0,203.5130078125,2.59259e-08
45.0,0.0,203.5127578125,2.594785e-08
45.0,0.0,203.5125078125,2.60197e-08
45.0,0.0,203.5122578125,2.573395e-08
45.0,0.0,203.5120078125,2.59189e-08
45.0,0.0,203.5117578125,2.5899050000000002e-08
45.0,0.0,203.5115078125,2.586615e-08
45.0,0.0,203.5112578125,2.58822e-08
45.0,0.0,203.5110078125,2.58194e-08
45.0,0.0,203.5107578125,2.5880450000000002e-08
45.0,0.0,203.5105078125,2.59355e-08
45.0,0.0,203.5102578125,2.581e-08
45.0,0.0,203.5100078125,2.563885e-08
45.0,0.0,203.5097578125,2.57308e-08
45.0,0.0,203.5095078125,2.554285e-08
45.0,0.0,203.5092578125,2.55474e-08
45.0,0.0,203.5090078125,2.545135e-08
45.0,0.0,203.5087578125,2.54741e-08
45.0,0.0,203.5085078125,2.544115e-08
45.0,0.0,203.5082578125,2.540675e-08
45.0,0.0,203.5080078125,2.5417550000000002e-08
45.0,0.0,203.5077578125,2.54172e-08
45.0,0.0,203.5075078125,2.531865e-08
45.0,0.0,203.5072578125,2.52102e-08
45.0,0.0,203.5070078125,2.53001e-08
45.0,0.0,203.5067578125,2.51327e-08
45.0,0.0,203.5065078125,2.51341e-08
45.0,0.0,203.5062578125,2.53318e-08
45.0,0.0,203.5060078125,2.52294e-08
45.0,0.0,203.5057578125,2.52881e-08
45.0,0.0,203.5055078125,2.53989e-08
45.0,0.0,203.5052578125,2.542715e-08
45.0,0.0,203.5050078125,2.549675e-08
45.0,0.0,203.5047578125,2.5711200000000002e-08
45.0,0.0,203.5045078125,2.554945e-08
45.0,0.0,203.5042578125,2.5423300000000002e-08
45.0,0.0,203.5040078125,2.58254e-08
45.0,0.0,203.5037578125,2.57826e-08
45.0,0.0,203.5035078125,2.58108e-08
45.0,0.0,203.5032578125,2.592495e-08
45.0,0.0,203.5030078125,2.59525e-08
45.0,0.0,203.5027578125,2.600985e-08
45.0,0.0,203.5025078125,2.60673e-08
45.0,0.0,203.5022578125,2.56641e-08
45.0,0.0,203.5020078125,2.61111e-08
45.0,0.0,203.5017578125,2.60507e-08
45.0,0.0,203.5015078125,2.60864e-08
45.0,0.0,203.5012578125,2.608515e-08
45.0,0.0,203.5010078125,2.62006e-08
45.0,0.0,203.5007578125,2.626125e-08
45.0,0.0,203.5005078125,2.60293e-08
45.0,0.0,203.5002578125,2.62189e-08
45.0,0.0,203.5000078125,2.6241100000000002e-08
45.0,0.0,203.4997578125,2.60113e-08
45.0,0.0,203.4995078125,2.598715e-08
45.0,0.0,203.4992578125,2.60575e-08
45.0,0.0,203.4990078125,2.6124133333333328e-08
45.0,0.0,203.4987578125,2.609665e-08
45.0,0.0,203.4985078125,2.60453e-08
45.0,0.0,203.4982578125,2.608255e-08
45.0,0.0,203.4980078125,2.6092350000000002e-08
45.0,0.0,203.4977578125,2.615215e-08
45.0,0.0,203.4975078125,2.6029e-08
45.0,0.0,203.4972578125,2.618525e-08
45.0,0.0,203.4970078125,2.61183e-08
45.0,0.0,203.4967578125,2.6204200000000002e-08
45.0,0.0,203.4965078125,2.6101950000000002e-08
45.0,0.0,203.4962578125,2.6024000000000002e-08
45.0,0.0,203.4960078125,2.59946e-08
45.0,0.0,203.4957578125,2.605505e-08
45.0,0.0,203.4955078125,2.60192e-08
45.0,0.0,203.4952578125,2.602725e-08
45.0,0.0,203.4950078125,2.61328e-08
45.0,0.0,203.4947578125,2.59782e-08
45.0,0.0,203.4945078125,2.59331e-08
45.0,0.0,203.4942578125,2.59913e-08
45.0,0.0,203.4940078125,2.62196e-08
45.0,0.0,203.4937578125,2.61656e-08
45.0,0.0,203.4935078125,2.62765e-08
45.0,0.0,203.4932578125,2.6258600000000002e-08
45.0,0.0,203.4930078125,2.636575e-08
45.0,0.0,203.4927578125,2.639935e-08
45.0,0.0,203.4925078125,2.65086e-08
45.0,0.0,203.4922578125,2.64123e-08
45.0,0.0,203.4920078125,2.6457533333333333e-08
45.0,0.0,203.4917578125,2.6693350000000002e-08
45.0,0.0,203.4915078125,2.6842e-08
45.0,0.0,203.4912578125,2.667565e-08
45.0,0.0,203.4910078125,2.6842650000000002e-08
45.0,0.0,203.4907578125,2.682805e-08
45.0,0.0,203.4905078125,2.68508e-08
45.0,0.0,203.4902578125,2.707695e-08
45.0,0.0,203.4900078125,2.6986033333333337e-08
45.0,0.0,203.4897578125,2.72641e-08
45.0,0.0,203.4895078125,2.7128100000000002e-08
45.0,0.0,203.4892578125,2.738275e-08
45.0,0.0,203.4890078125,2.76103e-08
45.0,0.0,203.4887578125,2.757125000000001e-08
45.0,0.0,203.4885078125,2.76821e-08
45.0,0.0,203.4882578125,2.795785e-08
45.0,0.0,203.4880078125,2.79116e-08
45.0,0.0,203.4877578125,2.80496e-08
45.0,0.0,203.4875078125,2.81892e-08
45.0,0.0,203.4872578125,2.8265000000000002e-08
45.0,0.0,203.4870078125,2.83759e-08
45.0,0.0,203.4867578125,2.828475e-08
45.0,0.0,203.4865078125,2.8458600000000002e-08
45.0,0.0,203.4862578125,2.84755e-08
45.0,0.0,203.4860078125,2.8530950000000003e-08
45.0,0.0,203.4857578125,2.8648900000000002e-08
45.0,0.0,203.4855078125,2.87094e-08
45.0,0.0,203.4852578125,2.874005e-08
45.0,0.0,203.4850078125,2.86316e-08
45.0,0.0,203.4847578125,2.87806e-08
45.0,0.0,203.4845078125,2.886085e-08
45.0,0.0,203.4842578125,2.8976450000000002e-08
45.0,0.0,203.4840078125,2.9093e-08
45.0,0.0,203.4837578125,2.916835e-08
45.0,0.0,203.4835078125,2.90439e-08
45.0,0.0,203.4832578125,2.916e-08
45.0,0.0,203.4830078125,2.93152e-08
45.0,0.0,203.4827578125,2.9182900000000002e-08
45.0,0.0,203.4825078125,2.9361450000000002e-08
45.0,0.0,203.4822578125,2.927725e-08
45.0,0.0,203.4820078125,2.941165e-08
45.0,0.0,203.4817578125,2.92886e-08
45.0,0.0,203.4815078125,2.94076e-08
45.0,0.0,203.4812578125,2.93901e-08
45.0,0.0,203.4810078125,2.924295e-08
45.0,0.0,203.4807578125,2.92416e-08
45.0,0.0,203.4805078125,2.934815e-08
45.0,0.0,203.4802578125,2.948315e-08
45.0,0.0,203.4800078125,2.935195e-08
45.0,0.0,203.4797578125,2.92267e-08
45.0,0.0,203.4795078125,2.936165e-08
45.0,0.0,203.4792578125,2.942675e-08
45.0,0.0,203.4790078125,2.9398650000000002e-08
45.0,0.0,203.4787578125,2.94098e-08
45.0,0.0,203.4785078125,2.8957850000000002e-08
45.0,0.0,203.4782578125,2.928115e-08
45.0,0.0,203.4780078125,2.925313333333333e-08
45.0,0.0,203.4777578125,2.93968e-08
45.0,0.0,203.4775078125,2.91369e-08
45.0,0.0,203.4772578125,2.933965e-08
45.0,0.0,203.4770078125,2.92568e-08
45.0,0.0,203.4767578125,2.9185900000000002e-08
45.0,0.0,203.4765078125,2.917245e-08
45.0,0.0,203.4762578125,2.943125e-08
45.0,0.0,203.4760078125,2.943645e-08
45.0,0.0,203.4757578125,2.90998e-08
45.0,0.0,203.4755078125,2.9294450000000002e-08
45.0,0.0,203.4752578125,2.923815e-08
45.0,0.0,203.4750078125,2.91126e-08
45.0,0.0,203.4747578125,2.91284e-08
45.0,0.0,203.4745078125,2.907195e-08
45.0,0.0,203.4742578125,2.90537e-08
45.0,0.0,203.4740078125,2.91023e-08
45.0,0.0,203.4737578125,2.9258e-08
45.0,0.0,203.4735078125,2.871525e-08
45.0,0.0,203.4732578125,2.906335e-08
45.0,0.0,203.4730078125,2.8767666666666667e-08
45.0,0.0,203.4727578125,2.8720000000000002e-08
45.0,0.0,203.4725078125,2.865665e-08
45.0,0.0,203.4722578125,2.8456e-08
45.0,0.0,203.4720078125,2.85056e-08
45.0,0.0,203.4717578125,2.82985e-08
45.0,0.0,203.4715078125,2.82864e-08
45.0,0.0,203.4712578125,2.824875e-08
45.0,0.0,203.4710078125,2.7874366666666668e-08
45.0,0.0,203.4707578125,2.80549e-08
45.0,0.0,203.4705078125,2.787835e-08
45.0,0.0,203.4702578125,2.788295e-08
45.0,0.0,203.4700078125,2.78921e-08
45.0,0.0,203.4697578125,2.78303e-08
45.0,0.0,203.4695078125,2.77937e-08
45.0,0.0,203.4692578125,2.80872e-08
45.0,0.0,203.4690078125,2.799623333333333e-08
45.0,0.0,203.4687578125,2.7732900000000002e-08
45.0,0.0,203.4685078125,2.774435e-08
45.0,0.0,203.4682578125,2.78352e-08
45.0,0.0,203.4680078125,2.7393e-08
45.0,0.0,203.4677578125,2.72685e-08
45.0,0.0,203.4675078125,2.73956e-08
45.0,0.0,203.4672578125,2.74537e-08
45.0,0.0,203.4670078125,2.72081e-08
45.0,0.0,203.4667578125,2.730405e-08
45.0,0.0,203.4665078125,2.660675e-08
45.0,0.0,203.4662578125,2.682125e-08
45.0,0.0,203.4660078125,2.686465e-08
45.0,0.0,203.4657578125,2.68524e-08
45.0,0.0,203.4655078125,2.6294150000000002e-08
45.0,0.0,203.4652578125,2.65947e-08
45.0,0.0,203.4650078125,2.62579e-08
45.0,0.0,203.4647578125,2.63397e-08
45.0,0.0,203.4645078125,2.638655e-08
45.0,0.0,203.4642578125,2.618905e-08
45.0,0.0,203.4640078125,2.6072400000000002e-08
45.0,0.0,203.4637578125,2.62647e-08
45.0,0.0,203.4635078125,2.608265e-08
45.0,0.0,203.4632578125,2.6045600000000002e-08
45.0,0.0,203.4630078125,2.60137e-08
45.0,0.0,203.4627578125,2.59872e-08
45.0,0.0,203.4625078125,2.63799e-08
45.0,0.0,203.4622578125,2.6287250000000006e-08
45.0,0.0,203.4620078125,2.617915e-08
45.0,0.0,203.4617578125,2.62514e-08
45.0,0.0,203.4615078125,2.63404e-08
45.0,0.0,203.4612578125,2.629975e-08
45.0,0.0,203.4610078125,2.63341e-08
45.0,0.0,203.4607578125,2.637885e-08
45.0,0.0,203.4605078125,2.662825e-08
45.0,0.0,203.4602578125,2.65246e-08
45.0,0.0,203.4600078125,2.693245e-08
45.0,0.0,203.4597578125,2.692555e-08
45.0,0.0,203.4595078125,2.739885e-08
45.0,0.0,203.4592578125,2.713645e-08
45.0,0.0,203.4590078125,2.67411e-08
45.0,0.0,203.4587578125,2.714415e-08
45.0,0.0,203.4585078125,2.71472e-08
45.0,0.0,203.4582578125,2.740825e-08
45.0,0.0,203.4580078125,2.726475e-08
45.0,0.0,203.4577578125,2.712195e-08
45.0,0.0,203.4575078125,2.708905e-08
45.0,0.0,203.4572578125,2.6851300000000003e-08
45.0,0.0,203.4570078125,2.66174e-08
45.0,0.0,203.4567578125,2.679795e-08
45.0,0.0,203.4565078125,2.676165e-08
45.0,0.0,203.4562578125,2.66195e-08
45.0,0.0,203.4560078125,2.65776e-08
45.0,0.0,203.4557578125,2.675035e-08
45.0,0.0,203.4555078125,2.6547900000000002e-08
45.0,0.0,203.4552578125,2.657665e-08
45.0,0.0,203.4550078125,2.64835e-08
45.0,0.0,203.4547578125,2.660225e-08
45.0,0.0,203.4545078125,2.654e-08
45.0,0.0,203.4542578125,2.6596000000000002e-08
45.0,0.0,203.4540078125,2.6474900000000002e-08
45.0,0.0,203.4537578125,2.643145e-08
45.0,0.0,203.4535078125,2.649345e-08
45.0,0.0,203.4532578125,2.659325e-08
45.0,0.0,203.4530078125,2.640795e-08
45.0,0.0,203.4527578125,2.6684600000000002e-08
45.0,0.0,203.4525078125,2.64717e-08
45.0,0.0,203.4522578125,2.645835e-08
45.0,0.0,203.4520078125,2.64251e-08
45.0,0.0,203.4517578125,2.63452e-08
45.0,0.0,203.4515078125,2.605175e-08
45.0,0.0,203.4512578125,2.613595e-08
45.0,0.0,203.4510078125,2.58077e-08
45.0,0.0,203.4507578125,2.548935e-08
45.0,0.0,203.4505078125,2.542115e-08
45.0,0.0,203.4502578125,2.545095e-08
45.0,0.0,203.4500078125,2.54235e-08
45.0,0.0,203.4497578125,2.5467850000000002e-08
45.0,0.0,203.4495078125,2.50083e-08
45.0,0.0,203.4492578125,2.50674e-08
45.0,0.0,203.4490078125,2.51739e-08
45.0,0.0,203.4487578125,2.5129300000000006e-08
45.0,0.0,203.4485078125,2.49953e-08
45.0,0.0,203.4482578125,2.499825e-08
45.0,0.0,203.4480078125,2.46658e-08
45.0,0.0,203.4477578125,2.495315e-08
45.0,0.0,203.4475078125,2.492025e-08
45.0,0.0,203.4472578125,2.50939e-08
45.0,0.0,203.4470078125,2.48572e-08
45.0,0.0,203.4467578125,2.49691e-08
45.0,0.0,203.4465078125,2.4619e-08
45.0,0.0,203.4462578125,2.4733150000000002e-08
45.0,0.0,203.4460078125,2.43709e-08
45.0,0.0,203.4457578125,2.441225e-08
45.0,0.0,203.4455078125,2.4061300000000006e-08
45.0,0.0,203.4452578125,2.44867e-08
45.0,0.0,203.4450078125,2.40804e-08
45.0,0.0,203.4447578125,2.40739e-08
45.0,0.0,203.4445078125,2.39093e-08
45.0,0.0,203.4442578125,2.39255e-08
45.0,0.0,203.4440078125,2.42731e-08
45.0,0.0,203.4437578125,2.417205e-08
45.0,0.0,203.4435078125,2.37814e-08
45.0,0.0,203.4432578125,2.38568e-08
45.0,0.0,203.4430078125,2.3935300000000002e-08
45.0,0.0,203.4427578125,2.39296e-08
45.0,0.0,203.4425078125,2.3600350000000002e-08
45.0,0.0,203.4422578125,2.36568e-08
45.0,0.0,203.4420078125,2.34844e-08
45.0,0.0,203.4417578125,2.343185e-08
45.0,0.0,203.4415078125,2.349275e-08
45.0,0.0,203.4412578125,2.35237e-08
45.0,0.0,203.4410078125,2.34444e-08
45.0,0.0,203.4407578125,2.34163e-08
45.0,0.0,203.4405078125,2.34627e-08
45.0,0.0,203.4402578125,2.34362e-08
45.0,0.0,203.4400078125,2.3359966666666666e-08
45.0,0.0,203.4397578125,2.32691e-08
45.0,0.0,203.4395078125,2.33623e-08
45.0,0.0,203.4392578125,2.31149e-08
45.0,0.0,203.4390078125,2.326305e-08
45.0,0.0,203.4387578125,2.30701e-08
45.0,0.0,203.4385078125,2.32084e-08
45.0,0.0,203.4382578125,2.30301e-08
45.0,0.0,203.4380078125,2.31844e-08
45.0,0.0,203.4377578125,2.305495e-08
45.0,0.0,203.4375078125,2.3117866666666667e-08
45.0,0.0,203.4372578125,2.28887e-08
45.0,0.0,203.4370078125,2.29936e-08
45.0,0.0,203.4367578125,2.291055e-08
45.0,0.0,203.4365078125,2.29275e-08
45.0,0.0,203.4362578125,2.32316e-08
45.0,0.0,203.4360078125,2.30295e-08
45.0,0.0,203.4357578125,2.27998e-08
45.0,0.0,203.4355078125,2.2874400000000002e-08
45.0,0.0,203.4352578125,2.27208e-08
45.0,0.0,203.4350078125,2.2936566666666667e-08
45.0,0.0,203.4347578125,2.278435e-08
45.0,0.0,203.4345078125,2.248015e-08
45.0,0.0,203.4342578125,2.26484e-08
45.0,0.0,203.4340078125,2.2698050000000002e-08
45.0,0.0,203.4337578125,2.27701e-08
45.0,0.0,203.4335078125,2.272035e-08
45.0,0.0,203.4332578125,2.27291e-08
45.0,0.0,203.4330078125,2.27251e-08
45.0,0.0,203.4327578125,2.276785e-08
45.0,0.0,203.4325078125,2.30588e-08
45.0,0.0,203.4322578125,2.2835600000000002e-08
45.0,0.0,203.4320078125,2.294205e-08
45.0,0.0,203.4317578125,2.298385e-08
45.0,0.0,203.4315078125,2.319795e-08
45.0,0.0,203.4312578125,2.30492e-08
45.0,0.0,203.4310078125,2.334685e-08
45.0,0.0,203.4307578125,2.3332950000000002e-08
45.0,0.0,203.4305078125,2.3561800000000002e-08
45.0,0.0,203.4302578125,2.34499e-08
45.0,0.0,203.4300078125,2.35168e-08
45.0,0.0,203.4297578125,2.363075e-08
45.0,0.0,203.4295078125,2.36986e-08
45.0,0.0,203.4292578125,2.38857e-08
45.0,0.0,203.4290078125,2.37494e-08
45.0,0.0,203.4287578125,2.373035e-08
45.0,0.0,203.4285078125,2.379055e-08
45.0,0.0,203.4282578125,2.3699900000000002e-08
45.0,0.0,203.4280078125,2.3923000000000002e-08
45.0,0.0,203.4277578125,2.39529e-08
45.0,0.0,203.4275078125,2.3952000000000002e-08
45.0,0.0,203.4272578125,2.3992e-08
45.0,0.0,203.4270078125,2.40545e-08
45.0,0.0,203.4267578125,2.4102650000000002e-08
45.0,0.0,203.4265078125,2.416515e-08
45.0,0.0,203.4262578125,2.43097e-08
45.0,0.0,203.4260078125,2.423076666666667e-08
45.0,0.0,203.4257578125,2.41011e-08
45.0,0.0,203.4255078125,2.430855e-08
45.0,0.0,203.4252578125,2.45873e-08
45.0,0.0,203.4250078125,2.44903e-08
45.0,0.0,203.4247578125,2.45193e-08
45.0,0.0,203.4245078125,2.473685e-08
45.0,0.0,203.4242578125,2.4748200000000002e-08
45.0,0.0,203.4240078125,2.49103e-08
45.0,0.0,203.4237578125,2.500025e-08
45.0,0.0,203.4235078125,2.504835e-08
45.0,0.0,203.4232578125,2.4976e-08
45.0,0.0,203.4230078125,2.507925e-08
45.0,0.0,203.4227578125,2.52195e-08
45.0,0.0,203.4225078125,2.52653e-08
45.0,0.0,203.4222578125,2.5153e-08
45.0,0.0,203.4220078125,2.50531e-08
45.0,0.0,203.4217578125,2.52375e-08
45.0,0.0,203.4215078125,2.509535e-08
45.0,0.0,203.4212578125,2.53497e-08
45.0,0.0,203.4210078125,2.5097350000000002e-08
45.0,0.0,203.4207578125,2.555715e-08
45.0,0.0,203.4205078125,2.54664e-08
45.0,0.0,203.4202578125,2.533705e-08
45.0,0.0,203.4200078125,2.549945e-08
45.0,0.0,203.4197578125,2.55945e-08
45.0,0.0,203.4195078125,2.55735e-08
45.0,0.0,203.4192578125,2.567745e-08
45.0,0.0,203.4190078125,2.562795e-08
45.0,0.0,203.4187578125,2.571005e-08
45.0,0.0,203.4185078125,2.54663e-08
45.0,0.0,203.4182578125,2.57441e-08
45.0,0.0,203.4180078125,2.569485e-08
45.0,0.0,203.4177578125,2.56079e-08
45.0,0.0,203.4175078125,2.553450000000001e-08
45.0,0.0,203.4172578125,2.58896e-08
45.0,0.0,203.4170078125,2.557335e-08
45.0,0.0,203.4167578125,2.591235e-08
45.0,0.0,203.4165078125,2.59769e-08
45.0,0.0,203.4162578125,2.58444e-08
45.0,0.0,203.4160078125,2.58814e-08
45.0,0.0,203.4157578125,2.585505e-08
45.0,0.0,203.4155078125,2.61006e-08
45.0,0.0,203.4152578125,2.604525e-08
45.0,0.0,203.4150078125,2.613135e-08
45.0,0.0,203.4147578125,2.601305e-08
45.0,0.0,203.4145078125,2.612595e-08
45.0,0.0,203.4142578125,2.6006500000000002e-08
45.0,0.0,203.4140078125,2.608e-08
45.0,0.0,203.4137578125,2.5653e-08
45.0,0.0,203.4135078125,2.63621e-08
45.0,0.0,203.4132578125,2.62829e-08
45.0,0.0,203.4130078125,2.6227e-08
45.0,0.0,203.4127578125,2.634115e-08
45.0,0.0,203.4125078125,2.6450550000000002e-08
45.0,0.0,203.4122578125,2.62817e-08
45.0,0.0,203.4120078125,2.6395e-08
45.0,0.0,203.4117578125,2.630385e-08
45.0,0.0,203.4115078125,2.6404600000000002e-08
45.0,0.0,203.4112578125,2.6457950000000002e-08
45.0,0.0,203.4110078125,2.64207e-08
45.0,0.0,203.4107578125,2.65172e-08
45.0,0.0,203.4105078125,2.634905e-08
45.0,0.0,203.4102578125,2.650985e-08
45.0,0.0,203.4100078125,2.645585e-08
45.0,0.0,203.4097578125,2.64964e-08
45.0,0.0,203.4095078125,2.64956e-08
45.0,0.0,203.4092578125,2.641875e-08
45.0,0.0,203.4090078125,2.658225e-08
45.0,0.0,203.4087578125,2.66691e-08
45.0,0.0,203.4085078125,2.65917e-08
45.0,0.0,203.4082578125,2.66922e-08
45.0,0.0,203.4080078125,2.67323e-08
45.0,0.0,203.4077578125,2.68197e-08
45.0,0.0,203.4075078125,2.68647e-08
45.0,0.0,203.4072578125,2.68606e-08
45.0,0.0,203.4070078125,2.6793e-08
45.0,0.0,203.4067578125,2.663e-08
45.0,0.0,203.4065078125,2.68177e-08
45.0,0.0,203.4062578125,2.69156e-08
45.0,0.0,203.4060078125,2.68718e-08
45.0,0.0,203.4057578125,2.701925e-08
45.0,0.0,203.4055078125,2.7038e-08
45.0,0.0,203.4052578125,2.6996050000000002e-08
45.0,0.0,203.4050078125,2.688655e-08
45.0,0.0,203.4047578125,2.69327e-08
45.0,0.0,203.4045078125,2.70926e-08
45.0,0.0,203.4042578125,2.71288e-08
45.0,0.0,203.4040078125,2.7265100000000002e-08
45.0,0.0,203.4037578125,2.7268100000000002e-08
45.0,0.0,203.4035078125,2.71373e-08
45.0,0.0,203.4032578125,2.736505e-08
45.0,0.0,203.4030078125,2.734205e-08
45.0,0.0,203.4027578125,2.7425600000000002e-08
45.0,0.0,203.4025078125,2.742035e-08
45.0,0.0,203.4022578125,2.751725e-08
45.0,0.0,203.4020078125,2.76233e-08
45.0,0.0,203.4017578125,2.76986e-08
45.0,0.0,203.4015078125,2.75453e-08
45.0,0.0,203.4012578125,2.77451e-08
45.0,0.0,203.4010078125,2.78451e-08
45.0,0.0,203.4007578125,2.76655e-08
45.0,0.0,203.4005078125,2.767975e-08
45.0,0.0,203.4002578125,2.77519e-08
45.0,0.0,203.4000078125,2.77184e-08
45.0,0.0,203.3997578125,2.76419e-08
45.0,0.0,203.3995078125,2.7696033333333328e-08
45.0,0.0,203.3992578125,2.77241e-08
45.0,0.0,203.3990078125,2.7737e-08
45.0,0.0,203.3987578125,2.77128e-08
45.0,0.0,203.3985078125,2.79495e-08
45.0,0.0,203.3982578125,2.78916e-08
45.0,0.0,203.3980078125,2.7895350000000002e-08
45.0,0.0,203.3977578125,2.8104e-08
45.0,0.0,203.3975078125,2.80072e-08
45.0,0.0,203.3972578125,2.7990200000000002e-08
45.0,0.0,203.3970078125,2.812515e-08
45.0,0.0,203.3967578125,2.809585e-08
45.0,0.0,203.3965078125,2.824985e-08
45.0,0.0,203.3962578125,2.83909e-08
45.0,0.0,203.3960078125,2.837365e-08
45.0,0.0,203.3957578125,2.8249700000000002e-08
45.0,0.0,203.3955078125,2.8471450000000002e-08
45.0,0.0,203.3952578125,2.852855e-08
45.0,0.0,203.3950078125,2.85691e-08
45.0,0.0,203.3947578125,2.84027e-08
45.0,0.0,203.3945078125,2.85933e-08
45.0,0.0,203.3942578125,2.8532150000000002e-08
45.0,0.0,203.3940078125,2.8587366666666672e-08
45.0,0.0,203.3937578125,2.8656000000000002e-08
45.0,0.0,203.3935078125,2.86897e-08
45.0,0.0,203.3932578125,2.8766750000000002e-08
45.0,0.0,203.3930078125,2.89972e-08
45.0,0.0,203.3927578125,2.87029e-08
45.0,0.0,203.3925078125,2.8823900000000002e-08
45.0,0.0,203.3922578125,2.89053e-08
45.0,0.0,203.3920078125,2.89725e-08
45.0,0.0,203.3917578125,2.89789e-08
45.0,0.0,203.3915078125,2.9075150000000002e-08
45.0,0.0,203.3912578125,2.900575e-08
45.0,0.0,203.3910078125,2.8993700000000002e-08
45.0,0.0,203.3907578125,2.91871e-08
45.0,0.0,203.3905078125,2.908355e-08
45.0,0.0,203.3902578125,2.9163e-08
45.0,0.0,203.3900078125,2.936615e-08
45.0,0.0,203.3897578125,2.9332450000000002e-08
45.0,0.0,203.3895078125,2.94139e-08
45.0,0.0,203.3892578125,2.943915e-08
45.0,0.0,203.3890078125,2.955655e-08
45.0,0.0,203.3887578125,2.9689300000000002e-08
45.0,0.0,203.3885078125,2.9700750000000002e-08
45.0,0.0,203.3882578125,2.978245e-08
45.0,0.0,203.3880078125,2.9814350000000004e-08
45.0,0.0,203.3877578125,3.001105e-08
45.0,0.0,203.3875078125,3.01281e-08
45.0,0.0,203.3872578125,2.996515e-08
45.0,0.0,203.3870078125,3.03852e-08
45.0,0.0,203.3867578125,3.0215750000000004e-08
45.0,0.0,203.3865078125,3.040065e-08
45.0,0.0,203.3862578125,3.057595e-08
45.0,0.0,203.3860078125,3.0603200000000004e-08
45.0,0.0,203.3857578125,3.08561e-08
45.0,0.0,203.3855078125,3.08141e-08
45.0,0.0,203.3852578125,3.0762700000000006e-08
45.0,0.0,203.3850078125,3.0868150000000004e-08
45.0,0.0,203.3847578125,3.08844e-08
45.0,0.0,203.3845078125,3.0983e-08
45.0,0.0,203.3842578125,3.09361e-08
45.0,0.0,203.3840078125,3.11642e-08
45.0,0.0,203.3837578125,3.099345e-08
45.0,0.0,203.3835078125,3.12854e-08
45.0,0.0,203.3832578125,3.11653e-08
45.0,0.0,203.3830078125,3.1214850000000004e-08
45.0,0.0,203.3827578125,3.11239e-08
45.0,0.0,203.3825078125,3.10872e-08
45.0,0.0,203.3822578125,3.08869e-08
45.0,0.0,203.3820078125,3.07439e-08
45.0,0.0,203.3817578125,3.090145e-08
45.0,0.0,203.3815078125,3.0439600000000005e-08
45.0,0.0,203.3812578125,3.026325e-08
45.0,0.0,203.3810078125,2.997795e-08
45.0,0.0,203.3807578125,2.953985e-08
45.0,0.0,203.3805078125,2.93077e-08
45.0,0.0,203.3802578125,2.901385e-08
45.0,0.0,203.3800078125,2.84766e-08
45.0,0.0,203.3797578125,2.8096850000000002e-08
45.0,0.0,203.3795078125,2.768485e-08
45.0,0.0,203.3792578125,2.714085e-08
45.0,0.0,203.3790078125,2.6478450000000002e-08
45.0,0.0,203.3787578125,2.581175e-08
45.0,0.0,203.3785078125,2.51653e-08
45.0,0.0,203.3782578125,2.4528650000000002e-08
45.0,0.0,203.3780078125,2.37489e-08
45.0,0.0,203.3777578125,2.313655e-08
45.0,0.0,203.3775078125,2.248345e-08
45.0,0.0,203.3772578125,2.156205e-08
45.0,0.0,203.3770078125,2.04072e-08
45.0,0.0,203.3767578125,1.96251e-08
45.0,0.0,203.3765078125,1.87228e-08
45.0,0.0,203.3762578125,1.763615e-08
45.0,0.0,203.3760078125,1.67342e-08
45.0,0.0,203.3757578125,1.604e-08
45.0,0.0,203.3755078125,1.52588e-08
45.0,0.0,203.3752578125,1.432625e-08
45.0,0.0,203.3750078125,1.33154e-08
45.0,0.0,203.3747578125,1.2397e-08
45.0,0.0,203.3745078125,1.152835e-08
45.0,0.0,203.3742578125,1.064245e-08
45.0,0.0,203.3740078125,9.45226e-09
45.0,0.0,203.3737578125,8.69632e-09
45.0,0.0,203.3735078125,7.511649999999999e-09
45.0,0.0,203.3732578125,6.4747099999999995e-09
50.0,0.0,203.7662578125,-6.466040000000001e-10
50.0,0.0,203.7660078125,-7.211724999999998e-10
50.0,0.0,203.7657578125,-6.10712e-10
50.0,0.0,203.7655078125,-7.992939999999998e-10
50.0,0.0,203.7652578125,-6.977155e-10
50.0,0.0,203.7650078125,-7.406334999999999e-10
50.0,0.0,203.7647578125,-8.676299999999999e-10
50.0,0.0,203.7645078125,-7.914184999999998e-10
50.0,0.0,203.7642578125,-9.556215e-10
50.0,0.0,203.7640078125,-8.315215e-10
50.0,0.0,203.7637578125,-1.07296e-09
50.0,0.0,203.7635078125,-9.75123e-10
50.0,0.0,203.7632578125,-1.054198e-09
50.0,0.0,203.7630078125,-1.0012714999999999e-09
50.0,0.0,203.7627578125,-9.7613e-10
50.0,0.0,203.7625078125,-1.0177594999999998e-09
50.0,0.0,203.7622578125,-8.999449999999999e-10
50.0,0.0,203.7620078125,-7.881939999999998e-10
50.0,0.0,203.7617578125,-1.40991e-10
50.0,0.0,203.7615078125,4.904895e-10
50.0,0.0,203.7612578125,7.59498e-10
50.0,0.0,203.7610078125,9.382594999999999e-10
50.0,0.0,203.7607578125,1.2774649999999998e-09
50.0,0.0,203.7605078125,1.8863899999999997e-09
50.0,0.0,203.7602578125,2.154235e-09
50.0,0.0,203.7600078125,2.10679e-09
50.0,0.0,203.7597578125,1.89198e-09
50.0,0.0,203.7595078125,1.7795549999999999e-09
50.0,0.0,203.7592578125,1.8224799999999999e-09
50.0,0.0,203.7590078125,1.7777299999999998e-09
50.0,0.0,203.7587578125,2.0692e-09
50.0,0.0,203.7585078125,2.2678350000000004e-09
50.0,0.0,203.7582578125,2.5255549999999998e-09
50.0,0.0,203.7580078125,2.6918699999999997e-09
50.0,0.0,203.7577578125,2.8169599999999998e-09
50.0,0.0,203.7575078125,2.890605e-09
50.0,0.0,203.7572578125,3.129065e-09
50.0,0.0,203.7570078125,3.2010349999999996e-09
50.0,0.0,203.7567578125,3.4215199999999996e-09
50.0,0.0,203.7565078125,3.5118699999999998e-09
50.0,0.0,203.7562578125,3.669975e-09
50.0,0.0,203.7560078125,3.837365e-09
50.0,0.0,203.7557578125,3.9435249999999996e-09
50.0,0.0,203.7555078125,4.009740000000001e-09
50.0,0.0,203.7552578125,4.241104999999999e-09
50.0,0.0,203.7550078125,4.329344999999999e-09
50.0,0.0,203.7547578125,4.51456e-09
50.0,0.0,203.7545078125,4.6894900000000005e-09
50.0,0.0,203.7542578125,4.8483049999999994e-09
50.0,0.0,203.7540078125,5.0344399999999994e-09
50.0,0.0,203.7537578125,5.2608e-09
50.0,0.0,203.7535078125,5.538639999999999e-09
50.0,0.0,203.7532578125,5.643039999999999e-09
50.0,0.0,203.7530078125,5.786799999999999e-09
50.0,0.0,203.7527578125,5.89448e-09
50.0,0.0,203.7525078125,5.872299999999999e-09
50.0,0.0,203.7522578125,5.857269999999999e-09
50.0,0.0,203.7520078125,5.883934999999999e-09
50.0,0.0,203.7517578125,5.989799999999999e-09
50.0,0.0,203.7515078125,6.0234899999999994e-09
50.0,0.0,203.7512578125,5.925985e-09
50.0,0.0,203.7510078125,6.037319999999999e-09
50.0,0.0,203.7507578125,6.016625e-09
50.0,0.0,203.7505078125,6.0413999999999994e-09
50.0,0.0,203.7502578125,6.077719999999999e-09
50.0,0.0,203.7500078125,6.1400999999999995e-09
50.0,0.0,203.7497578125,6.192339999999999e-09
50.0,0.0,203.7495078125,6.357936666666665e-09
50.0,0.0,203.7492578125,6.3932999999999994e-09
50.0,0.0,203.7490078125,6.967535000000001e-09
50.0,0.0,203.7487578125,7.953644999999999e-09
50.0,0.0,203.7485078125,8.184024999999999e-09
50.0,0.0,203.7482578125,8.706429999999998e-09
50.0,0.0,203.7480078125,9.169589999999999e-09
50.0,0.0,203.7477578125,9.363505e-09
50.0,0.0,203.7475078125,9.332819999999999e-09
50.0,0.0,203.7472578125,9.431384999999999e-09
50.0,0.0,203.7470078125,9.540565e-09
50.0,0.0,203.7467578125,9.553194999999999e-09
50.0,0.0,203.7465078125,9.750499999999999e-09
50.0,0.0,203.7462578125,9.747395e-09
50.0,0.0,203.7460078125,9.882699999999999e-09
50.0,0.0,203.7457578125,9.942434999999999e-09
50.0,0.0,203.7455078125,1.053835e-08
50.0,0.0,203.7452578125,1.08396e-08
50.0,0.0,203.7450078125,1.104305e-08
50.0,0.0,203.7447578125,1.10594e-08
50.0,0.0,203.7445078125,1.142705e-08
50.0,0.0,203.7442578125,1.166145e-08
50.0,0.0,203.7440078125,1.18208e-08
50.0,0.0,203.7437578125,1.1854450000000001e-08
50.0,0.0,203.7435078125,1.199255e-08
50.0,0.0,203.7432578125,1.199155e-08
50.0,0.0,203.7430078125,1.191465e-08
50.0,0.0,203.7427578125,1.19918e-08
50.0,0.0,203.7425078125,1.2143366666666669e-08
50.0,0.0,203.7422578125,1.256965e-08
50.0,0.0,203.7420078125,1.25362e-08
50.0,0.0,203.7417578125,1.26199e-08
50.0,0.0,203.7415078125,1.2607200000000001e-08
50.0,0.0,203.7412578125,1.26231e-08
50.0,0.0,203.7410078125,1.2475400000000001e-08
50.0,0.0,203.7407578125,1.342735e-08
50.0,0.0,203.7405078125,1.3589033333333336e-08
50.0,0.0,203.7402578125,1.35411e-08
50.0,0.0,203.7400078125,1.356605e-08
50.0,0.0,203.7397578125,1.3589350000000001e-08
50.0,0.0,203.7395078125,1.369935e-08
50.0,0.0,203.7392578125,1.3656750000000001e-08
50.0,0.0,203.7390078125,1.36889e-08
50.0,0.0,203.7387578125,1.372275e-08
50.0,0.0,203.7385078125,1.361595e-08
50.0,0.0,203.7382578125,1.351055e-08
50.0,0.0,203.7380078125,1.341365e-08
50.0,0.0,203.7377578125,1.336795e-08
50.0,0.0,203.7375078125,1.342465e-08
50.0,0.0,203.7372578125,1.3370050000000001e-08
50.0,0.0,203.7370078125,1.3351600000000001e-08
50.0,0.0,203.7367578125,1.343505e-08
50.0,0.0,203.7365078125,1.33876e-08
50.0,0.0,203.7362578125,1.341605e-08
50.0,0.0,203.7360078125,1.351515e-08
50.0,0.0,203.7357578125,1.354275e-08
50.0,0.0,203.7355078125,1.349275e-08
50.0,0.0,203.7352578125,1.3629400000000001e-08
50.0,0.0,203.7350078125,1.36549e-08
50.0,0.0,203.7347578125,1.355485e-08
50.0,0.0,203.7345078125,1.37466e-08
50.0,0.0,203.7342578125,1.381685e-08
50.0,0.0,203.7340078125,1.3825300000000001e-08
50.0,0.0,203.7337578125,1.386515e-08
50.0,0.0,203.7335078125,1.382445e-08
50.0,0.0,203.7332578125,1.3941250000000001e-08
50.0,0.0,203.7330078125,1.39078e-08
50.0,0.0,203.7327578125,1.390355e-08
50.0,0.0,203.7325078125,1.393935e-08
50.0,0.0,203.7322578125,1.3905150000000001e-08
50.0,0.0,203.7320078125,1.40691e-08
50.0,0.0,203.7317578125,1.396165e-08
50.0,0.0,203.7315078125,1.40473e-08
50.0,0.0,203.7312578125,1.39166e-08
50.0,0.0,203.7310078125,1.3703500000000001e-08
50.0,0.0,203.7307578125,1.37126e-08
50.0,0.0,203.7305078125,1.36286e-08
50.0,0.0,203.7302578125,1.36456e-08
50.0,0.0,203.7300078125,1.3636e-08
50.0,0.0,203.7297578125,1.36142e-08
50.0,0.0,203.7295078125,1.358575e-08
50.0,0.0,203.7292578125,1.3692e-08
50.0,0.0,203.7290078125,1.363825e-08
50.0,0.0,203.7287578125,1.37193e-08
50.0,0.0,203.7285078125,1.39244e-08
50.0,0.0,203.7282578125,1.3973100000000001e-08
50.0,0.0,203.7280078125,1.41311e-08
50.0,0.0,203.7277578125,1.434765e-08
50.0,0.0,203.7275078125,1.45149e-08
50.0,0.0,203.7272578125,1.45957e-08
50.0,0.0,203.7270078125,1.4893566666666666e-08
50.0,0.0,203.7267578125,1.49857e-08
50.0,0.0,203.7265078125,1.5066666666666663e-08
50.0,0.0,203.7262578125,1.49085e-08
50.0,0.0,203.7260078125,1.5004699999999998e-08
50.0,0.0,203.7257578125,1.4846899999999998e-08
50.0,0.0,203.7255078125,1.48041e-08
50.0,0.0,203.7252578125,1.49142e-08
50.0,0.0,203.7250078125,1.477705e-08
50.0,0.0,203.7247578125,1.47669e-08
50.0,0.0,203.7245078125,1.478405e-08
50.0,0.0,203.7242578125,1.4805950000000001e-08
50.0,0.0,203.7240078125,1.4749e-08
50.0,0.0,203.7237578125,1.480135e-08
50.0,0.0,203.7235078125,1.472265e-08
50.0,0.0,203.7232578125,1.48354e-08
50.0,0.0,203.7230078125,1.48207e-08
50.0,0.0,203.7227578125,1.46774e-08
50.0,0.0,203.7225078125,1.470965e-08
50.0,0.0,203.7222578125,1.470435e-08
50.0,0.0,203.7220078125,1.467105e-08
50.0,0.0,203.7217578125,1.468905e-08
50.0,0.0,203.7215078125,1.465905e-08
50.0,0.0,203.7212578125,1.47033e-08
50.0,0.0,203.7210078125,1.46362e-08
50.0,0.0,203.7207578125,1.463385e-08
50.0,0.0,203.7205078125,1.4707800000000001e-08
50.0,0.0,203.7202578125,1.468645e-08
50.0,0.0,203.7200078125,1.4892350000000001e-08
50.0,0.0,203.7197578125,1.48735e-08
50.0,0.0,203.7195078125,1.49167e-08
50.0,0.0,203.7192578125,1.49355e-08
50.0,0.0,203.7190078125,1.5040400000000003e-08
50.0,0.0,203.7187578125,1.4943499999999997e-08
50.0,0.0,203.7185078125,1.493925e-08
50.0,0.0,203.7182578125,1.4929e-08
50.0,0.0,203.7180078125,1.5054666666666666e-08
50.0,0.0,203.7177578125,1.51191e-08
50.0,0.0,203.7175078125,1.51248e-08
50.0,0.0,203.7172578125,1.52449e-08
50.0,0.0,203.7170078125,1.510925e-08
50.0,0.0,203.7167578125,1.51906e-08
50.0,0.0,203.7165078125,1.51653e-08
50.0,0.0,203.7162578125,1.51234e-08
50.0,0.0,203.7160078125,1.51638e-08
50.0,0.0,203.7157578125,1.528755e-08
50.0,0.0,203.7155078125,1.52812e-08
50.0,0.0,203.7152578125,1.5281999999999997e-08
50.0,0.0,203.7150078125,1.53344e-08
50.0,0.0,203.7147578125,1.540565e-08
50.0,0.0,203.7145078125,1.5416100000000003e-08
50.0,0.0,203.7142578125,1.55799e-08
50.0,0.0,203.7140078125,1.5532149999999998e-08
50.0,0.0,203.7137578125,1.573815e-08
50.0,0.0,203.7135078125,1.5587800000000003e-08
50.0,0.0,203.7132578125,1.57321e-08
50.0,0.0,203.7130078125,1.5725033333333333e-08
50.0,0.0,203.7127578125,1.5649950000000002e-08
50.0,0.0,203.7125078125,1.56672e-08
50.0,0.0,203.7122578125,1.575835e-08
50.0,0.0,203.7120078125,1.577175e-08
50.0,0.0,203.7117578125,1.57255e-08
50.0,0.0,203.7115078125,1.58243e-08
50.0,0.0,203.7112578125,1.57259e-08
50.0,0.0,203.7110078125,1.57694e-08
50.0,0.0,203.7107578125,1.5707149999999998e-08
50.0,0.0,203.7105078125,1.57743e-08
50.0,0.0,203.7102578125,1.58466e-08
50.0,0.0,203.7100078125,1.5692800000000003e-08
50.0,0.0,203.7097578125,1.576145e-08
50.0,0.0,203.7095078125,1.57878e-08
50.0,0.0,203.7092578125,1.5747899999999998e-08
50.0,0.0,203.7090078125,1.5810533333333334e-08
50.0,0.0,203.7087578125,1.578085e-08
50.0,0.0,203.7085078125,1.57934e-08
50.0,0.0,203.7082578125,1.5644499999999998e-08
50.0,0.0,203.7080078125,1.56979e-08
50.0,0.0,203.7077578125,1.56684e-08
50.0,0.0,203.7075078125,1.55262e-08
50.0,0.0,203.7072578125,1.566785e-08
50.0,0.0,203.7070078125,1.566795e-08
50.0,0.0,203.7067578125,1.566205e-08
50.0,0.0,203.7065078125,1.570365e-08
50.0,0.0,203.7062578125,1.57406e-08
50.0,0.0,203.7060078125,1.57091e-08
50.0,0.0,203.7057578125,1.5828549999999998e-08
50.0,0.0,203.7055078125,1.58114e-08
50.0,0.0,203.7052578125,1.57827e-08
50.0,0.0,203.7050078125,1.57647e-08
50.0,0.0,203.7047578125,1.5785550000000002e-08
50.0,0.0,203.7045078125,1.585945e-08
50.0,0.0,203.7042578125,1.58592e-08
50.0,0.0,203.7040078125,1.5772866666666667e-08
50.0,0.0,203.7037578125,1.57754e-08
50.0,0.0,203.7035078125,1.57226e-08
50.0,0.0,203.7032578125,1.580875e-08
50.0,0.0,203.7030078125,1.57854e-08
50.0,0.0,203.7027578125,1.5763799999999997e-08
50.0,0.0,203.7025078125,1.58728e-08
50.0,0.0,203.7022578125,1.5760749999999998e-08
50.0,0.0,203.7020078125,1.58205e-08
50.0,0.0,203.7017578125,1.58926e-08
50.0,0.0,203.7015078125,1.58827e-08
50.0,0.0,203.7012578125,1.597335e-08
50.0,0.0,203.7010078125,1.596285e-08
50.0,0.0,203.7007578125,1.59587e-08
50.0,0.0,203.7005078125,1.59652e-08
50.0,0.0,203.7002578125,1.5998000000000002e-08
50.0,0.0,203.7000078125,1.6002766666666667e-08
50.0,0.0,203.6997578125,1.59473e-08
50.0,0.0,203.6995078125,1.6069399999999998e-08
50.0,0.0,203.6992578125,1.609e-08
50.0,0.0,203.6990078125,1.6197850000000002e-08
50.0,0.0,203.6987578125,1.618685e-08
50.0,0.0,203.6985078125,1.61757e-08
50.0,0.0,203.6982578125,1.6170800000000002e-08
50.0,0.0,203.6980078125,1.63174e-08
50.0,0.0,203.6977578125,1.637325e-08
50.0,0.0,203.6975078125,1.6261600000000002e-08
50.0,0.0,203.6972578125,1.635495e-08
50.0,0.0,203.6970078125,1.6306199999999998e-08
50.0,0.0,203.6967578125,1.6208750000000003e-08
50.0,0.0,203.6965078125,1.6217e-08
50.0,0.0,203.6962578125,1.615305e-08
50.0,0.0,203.6960078125,1.62717e-08
50.0,0.0,203.6957578125,1.625055e-08
50.0,0.0,203.6955078125,1.62307e-08
50.0,0.0,203.6952578125,1.6297700000000002e-08
50.0,0.0,203.6950078125,1.6280249999999998e-08
50.0,0.0,203.6947578125,1.63299e-08
50.0,0.0,203.6945078125,1.64474e-08
50.0,0.0,203.6942578125,1.640915e-08
50.0,0.0,203.6940078125,1.63718e-08
50.0,0.0,203.6937578125,1.647845e-08
50.0,0.0,203.6935078125,1.64205e-08
50.0,0.0,203.6932578125,1.64826e-08
50.0,0.0,203.6930078125,1.6402350000000006e-08
50.0,0.0,203.6927578125,1.646525e-08
50.0,0.0,203.6925078125,1.6398050000000002e-08
50.0,0.0,203.6922578125,1.644165e-08
50.0,0.0,203.6920078125,1.64069e-08
50.0,0.0,203.6917578125,1.64034e-08
50.0,0.0,203.6915078125,1.63978e-08
50.0,0.0,203.6912578125,1.652775e-08
50.0,0.0,203.6910078125,1.6494049999999998e-08
50.0,0.0,203.6907578125,1.6582600000000002e-08
50.0,0.0,203.6905078125,1.65531e-08
50.0,0.0,203.6902578125,1.65962e-08
50.0,0.0,203.6900078125,1.66227e-08
50.0,0.0,203.6897578125,1.66728e-08
50.0,0.0,203.6895078125,1.666515e-08
50.0,0.0,203.6892578125,1.672745e-08
50.0,0.0,203.6890078125,1.6708e-08
50.0,0.0,203.6887578125,1.669105e-08
50.0,0.0,203.6885078125,1.681325e-08
50.0,0.0,203.6882578125,1.677605e-08
50.0,0.0,203.6880078125,1.690945e-08
50.0,0.0,203.6877578125,1.68642e-08
50.0,0.0,203.6875078125,1.691585e-08
50.0,0.0,203.6872578125,1.692205e-08
50.0,0.0,203.6870078125,1.6992100000000003e-08
50.0,0.0,203.6867578125,1.70862e-08
50.0,0.0,203.6865078125,1.7070650000000002e-08
50.0,0.0,203.6862578125,1.712945e-08
50.0,0.0,203.6860078125,1.716235e-08
50.0,0.0,203.6857578125,1.716055e-08
50.0,0.0,203.6855078125,1.71807e-08
50.0,0.0,203.6852578125,1.7225100000000002e-08
50.0,0.0,203.6850078125,1.72045e-08
50.0,0.0,203.6847578125,1.73545e-08
50.0,0.0,203.6845078125,1.73291e-08
50.0,0.0,203.6842578125,1.737095e-08
50.0,0.0,203.6840078125,1.745085e-08
50.0,0.0,203.6837578125,1.7466e-08
50.0,0.0,203.6835078125,1.74928e-08
50.0,0.0,203.6832578125,1.7483949999999997e-08
50.0,0.0,203.6830078125,1.7569149999999998e-08
50.0,0.0,203.6827578125,1.74216e-08
50.0,0.0,203.6825078125,1.753735e-08
50.0,0.0,203.6822578125,1.7686100000000002e-08
50.0,0.0,203.6820078125,1.7609850000000002e-08
50.0,0.0,203.6817578125,1.76562e-08
50.0,0.0,203.6815078125,1.765655e-08
50.0,0.0,203.6812578125,1.7697250000000003e-08
50.0,0.0,203.6810078125,1.777175e-08
50.0,0.0,203.6807578125,1.77524e-08
50.0,0.0,203.6805078125,1.774455e-08
50.0,0.0,203.6802578125,1.76415e-08
50.0,0.0,203.6800078125,1.77013e-08
50.0,0.0,203.6797578125,1.773615e-08
50.0,0.0,203.6795078125,1.77465e-08
50.0,0.0,203.6792578125,1.768385e-08
50.0,0.0,203.6790078125,1.77587e-08
50.0,0.0,203.6787578125,1.76848e-08
50.0,0.0,203.6785078125,1.78705e-08
50.0,0.0,203.6782578125,1.778635e-08
50.0,0.0,203.6780078125,1.7772000000000002e-08
50.0,0.0,203.6777578125,1.79836e-08
50.0,0.0,203.6775078125,1.7891733333333332e-08
50.0,0.0,203.6772578125,1.783815e-08
50.0,0.0,203.6770078125,1.7833e-08
50.0,0.0,203.6767578125,1.78623e-08
50.0,0.0,203.6765078125,1.790385e-08
50.0,0.0,203.6762578125,1.79307e-08
50.0,0.0,203.6760078125,1.7840900000000002e-08
50.0,0.0,203.6757578125,1.78439e-08
50.0,0.0,203.6755078125,1.78917e-08
50.0,0.0,203.6752578125,1.7933349999999998e-08
50.0,0.0,203.6750078125,1.7774450000000002e-08
50.0,0.0,203.6747578125,1.7875949999999998e-08
50.0,0.0,203.6745078125,1.8020000000000002e-08
50.0,0.0,203.6742578125,1.803455e-08
50.0,0.0,203.6740078125,1.8043e-08
50.0,0.0,203.6737578125,1.79522e-08
50.0,0.0,203.6735078125,1.7997300000000002e-08
50.0,0.0,203.6732578125,1.79435e-08
50.0,0.0,203.6730078125,1.80278e-08
50.0,0.0,203.6727578125,1.80143e-08
50.0,0.0,203.6725078125,1.7978033333333334e-08
50.0,0.0,203.6722578125,1.79396e-08
50.0,0.0,203.6720078125,1.80018e-08
50.0,0.0,203.6717578125,1.797545e-08
50.0,0.0,203.6715078125,1.787525e-08
50.0,0.0,203.6712578125,1.790695e-08
50.0,0.0,203.6710078125,1.79458e-08
50.0,0.0,203.6707578125,1.788115e-08
50.0,0.0,203.6705078125,1.795155e-08
50.0,0.0,203.6702578125,1.8001749999999998e-08
50.0,0.0,203.6700078125,1.80288e-08
50.0,0.0,203.6697578125,1.79048e-08
50.0,0.0,203.6695078125,1.7873450000000002e-08
50.0,0.0,203.6692578125,1.796015e-08
50.0,0.0,203.6690078125,1.7829e-08
50.0,0.0,203.6687578125,1.799855e-08
50.0,0.0,203.6685078125,1.792525e-08
50.0,0.0,203.6682578125,1.78857e-08
50.0,0.0,203.6680078125,1.774455e-08
50.0,0.0,203.6677578125,1.79225e-08
50.0,0.0,203.6675078125,1.78791e-08
50.0,0.0,203.6672578125,1.7896e-08
50.0,0.0,203.6670078125,1.7914e-08
50.0,0.0,203.6667578125,1.790365e-08
50.0,0.0,203.6665078125,1.7925e-08
50.0,0.0,203.6662578125,1.80185e-08
50.0,0.0,203.6660078125,1.803685e-08
50.0,0.0,203.6657578125,1.807175e-08
50.0,0.0,203.6655078125,1.807505e-08
50.0,0.0,203.6652578125,1.81089e-08
50.0,0.0,203.6650078125,1.80291e-08
50.0,0.0,203.6647578125,1.811575e-08
50.0,0.0,203.6645078125,1.81717e-08
50.0,0.0,203.6642578125,1.82362e-08
50.0,0.0,203.6640078125,1.82519e-08
50.0,0.0,203.6637578125,1.8155900000000002e-08
50.0,0.0,203.6635078125,1.8158966666666668e-08
50.0,0.0,203.6632578125,1.823945e-08
50.0,0.0,203.6630078125,1.83078e-08
50.0,0.0,203.6627578125,1.83318e-08
50.0,0.0,203.6625078125,1.842625e-08
50.0,0.0,203.6622578125,1.843295e-08
50.0,0.0,203.6620078125,1.84349e-08
50.0,0.0,203.6617578125,1.847045e-08
50.0,0.0,203.6615078125,1.8471733333333328e-08
50.0,0.0,203.6612578125,1.85213e-08
50.0,0.0,203.6610078125,1.853045e-08
50.0,0.0,203.6607578125,1.860875e-08
50.0,0.0,203.6605078125,1.860045e-08
50.0,0.0,203.6602578125,1.86304e-08
50.0,0.0,203.6600078125,1.86476e-08
50.0,0.0,203.6597578125,1.86084e-08
50.0,0.0,203.6595078125,1.86976e-08
50.0,0.0,203.6592578125,1.860215e-08
50.0,0.0,203.6590078125,1.85895e-08
50.0,0.0,203.6587578125,1.862515e-08
50.0,0.0,203.6585078125,1.86844e-08
50.0,0.0,203.6582578125,1.87057e-08
50.0,0.0,203.6580078125,1.86296e-08
50.0,0.0,203.6577578125,1.8788600000000002e-08
50.0,0.0,203.6575078125,1.86984e-08
50.0,0.0,203.6572578125,1.874235e-08
50.0,0.0,203.6570078125,1.88073e-08
50.0,0.0,203.6567578125,1.885265e-08
50.0,0.0,203.6565078125,1.886825e-08
50.0,0.0,203.6562578125,1.87299e-08
50.0,0.0,203.6560078125,1.878045e-08
50.0,0.0,203.6557578125,1.87736e-08
50.0,0.0,203.6555078125,1.876695e-08
50.0,0.0,203.6552578125,1.882355e-08
50.0,0.0,203.6550078125,1.88844e-08
50.0,0.0,203.6547578125,1.88927e-08
50.0,0.0,203.6545078125,1.91095e-08
50.0,0.0,203.6542578125,1.9033050000000002e-08
50.0,0.0,203.6540078125,1.90682e-08
50.0,0.0,203.6537578125,1.91597e-08
50.0,0.0,203.6535078125,1.92099e-08
50.0,0.0,203.6532578125,1.92694e-08
50.0,0.0,203.6530078125,1.92019e-08
50.0,0.0,203.6527578125,1.91503e-08
50.0,0.0,203.6525078125,1.92155e-08
50.0,0.0,203.6522578125,1.924915e-08
50.0,0.0,203.6520078125,1.9171950000000002e-08
50.0,0.0,203.6517578125,1.911325e-08
50.0,0.0,203.6515078125,1.91555e-08
50.0,0.0,203.6512578125,1.90428e-08
50.0,0.0,203.6510078125,1.903125e-08
50.0,0.0,203.6507578125,1.90881e-08
50.0,0.0,203.6505078125,1.9076800000000002e-08
50.0,0.0,203.6502578125,1.911395e-08
50.0,0.0,203.6500078125,1.916315e-08
50.0,0.0,203.6497578125,1.911525e-08
50.0,0.0,203.6495078125,1.9341200000000002e-08
50.0,0.0,203.6492578125,1.92791e-08
50.0,0.0,203.6490078125,1.92394e-08
50.0,0.0,203.6487578125,1.92285e-08
50.0,0.0,203.6485078125,1.9360900000000002e-08
50.0,0.0,203.6482578125,1.931075e-08
50.0,0.0,203.6480078125,1.921445e-08
50.0,0.0,203.6477578125,1.918305e-08
50.0,0.0,203.6475078125,1.937105e-08
50.0,0.0,203.6472578125,1.92902e-08
50.0,0.0,203.6470078125,1.92655e-08
50.0,0.0,203.6467578125,1.9347e-08
50.0,0.0,203.6465078125,1.93541e-08
50.0,0.0,203.6462578125,1.95205e-08
50.0,0.0,203.6460078125,1.963125e-08
50.0,0.0,203.6457578125,1.955915e-08
50.0,0.0,203.6455078125,1.9678550000000006e-08
50.0,0.0,203.6452578125,1.97224e-08
50.0,0.0,203.6450078125,1.973605e-08
50.0,0.0,203.6447578125,1.997175e-08
50.0,0.0,203.6445078125,1.997835e-08
50.0,0.0,203.6442578125,2.00547e-08
50.0,0.0,203.6440078125,2.020345e-08
50.0,0.0,203.6437578125,2.016055e-08
50.0,0.0,203.6435078125,2.032735e-08
50.0,0.0,203.6432578125,2.03885e-08
50.0,0.0,203.6430078125,2.042255e-08
50.0,0.0,203.6427578125,2.0525400000000002e-08
50.0,0.0,203.6425078125,2.058785e-08
50.0,0.0,203.6422578125,2.07029e-08
50.0,0.0,203.6420078125,2.07369e-08
50.0,0.0,203.6417578125,2.0855150000000002e-08
50.0,0.0,203.6415078125,2.088835e-08
50.0,0.0,203.6412578125,2.1031450000000006e-08
50.0,0.0,203.6410078125,2.1128600000000002e-08
50.0,0.0,203.6407578125,2.11842e-08
50.0,0.0,203.6405078125,2.12531e-08
50.0,0.0,203.6402578125,2.1345700000000002e-08
50.0,0.0,203.6400078125,2.140845e-08
50.0,0.0,203.6397578125,2.1478300000000002e-08
50.0,0.0,203.6395078125,2.16769e-08
50.0,0.0,203.6392578125,2.183805e-08
50.0,0.0,203.6390078125,2.1853e-08
50.0,0.0,203.6387578125,2.211095e-08
50.0,0.0,203.6385078125,2.22865e-08
50.0,0.0,203.6382578125,2.23937e-08
50.0,0.0,203.6380078125,2.272245e-08
50.0,0.0,203.6377578125,2.29877e-08
50.0,0.0,203.6375078125,2.32619e-08
50.0,0.0,203.6372578125,2.36144e-08
50.0,0.0,203.6370078125,2.38322e-08
50.0,0.0,203.6367578125,2.392675e-08
50.0,0.0,203.6365078125,2.40818e-08
50.0,0.0,203.6362578125,2.40782e-08
50.0,0.0,203.6360078125,2.395925e-08
50.0,0.0,203.6357578125,2.379705e-08
50.0,0.0,203.6355078125,2.35969e-08
50.0,0.0,203.6352578125,2.314605e-08
50.0,0.0,203.6350078125,2.288695e-08
50.0,0.0,203.6347578125,2.235935e-08
50.0,0.0,203.6345078125,2.190435e-08
50.0,0.0,203.6342578125,2.15984e-08
50.0,0.0,203.6340078125,2.1170366666666666e-08
50.0,0.0,203.6337578125,2.091325e-08
50.0,0.0,203.6335078125,2.09533e-08
50.0,0.0,203.6332578125,2.1114800000000003e-08
50.0,0.0,203.6330078125,2.13067e-08
50.0,0.0,203.6327578125,2.16065e-08
50.0,0.0,203.6325078125,2.16297e-08
50.0,0.0,203.6322578125,2.158695e-08
50.0,0.0,203.6320078125,2.1580066666666668e-08
50.0,0.0,203.6317578125,2.147795e-08
50.0,0.0,203.6315078125,2.15534e-08
50.0,0.0,203.6312578125,2.15717e-08
50.0,0.0,203.6310078125,2.151195e-08
50.0,0.0,203.6307578125,2.12341e-08
50.0,0.0,203.6305078125,2.0965350000000002e-08
50.0,0.0,203.6302578125,2.08174e-08
50.0,0.0,203.6300078125,2.0629133333333334e-08
50.0,0.0,203.6297578125,2.05119e-08
50.0,0.0,203.6295078125,2.06422e-08
50.0,0.0,203.6292578125,2.0806150000000006e-08
50.0,0.0,203.6290078125,2.0965e-08
50.0,0.0,203.6287578125,2.120685e-08
50.0,0.0,203.6285078125,2.13006e-08
50.0,0.0,203.6282578125,2.1554300000000002e-08
50.0,0.0,203.6280078125,2.169545e-08
50.0,0.0,203.6277578125,2.196535e-08
50.0,0.0,203.6275078125,2.20133e-08
50.0,0.0,203.6272578125,2.217595e-08
50.0,0.0,203.6270078125,2.22637e-08
50.0,0.0,203.6267578125,2.2440200000000002e-08
50.0,0.0,203.6265078125,2.2376500000000002e-08
50.0,0.0,203.6262578125,2.239285e-08
50.0,0.0,203.6260078125,2.240745e-08
50.0,0.0,203.6257578125,2.250845e-08
50.0,0.0,203.6255078125,2.26958e-08
50.0,0.0,203.6252578125,2.281245e-08
50.0,0.0,203.6250078125,2.290305e-08
50.0,0.0,203.6247578125,2.305655e-08
50.0,0.0,203.6245078125,2.324725e-08
50.0,0.0,203.6242578125,2.35201e-08
50.0,0.0,203.6240078125,2.35482e-08
50.0,0.0,203.6237578125,2.36424e-08
50.0,0.0,203.6235078125,2.38592e-08
50.0,0.0,203.6232578125,2.40324e-08
50.0,0.0,203.6230078125,2.41677e-08
50.0,0.0,203.6227578125,2.42661e-08
50.0,0.0,203.6225078125,2.43458e-08
50.0,0.0,203.6222578125,2.442025e-08
50.0,0.0,203.6220078125,2.454125e-08
50.0,0.0,203.6217578125,2.457665e-08
50.0,0.0,203.6215078125,2.44409e-08
50.0,0.0,203.6212578125,2.448865e-08
50.0,0.0,203.6210078125,2.447755e-08
50.0,0.0,203.6207578125,2.43647e-08
50.0,0.0,203.6205078125,2.43105e-08
50.0,0.0,203.6202578125,2.43784e-08
50.0,0.0,203.6200078125,2.4306500000000003e-08
50.0,0.0,203.6197578125,2.42015e-08
50.0,0.0,203.6195078125,2.441195e-08
50.0,0.0,203.6192578125,2.444315e-08
50.0,0.0,203.6190078125,2.4587e-08
50.0,0.0,203.6187578125,2.467755e-08
50.0,0.0,203.6185078125,2.47565e-08
50.0,0.0,203.6182578125,2.48583e-08
50.0,0.0,203.6180078125,2.506955e-08
50.0,0.0,203.6177578125,2.52443e-08
50.0,0.0,203.6175078125,2.549045e-08
50.0,0.0,203.6172578125,2.570115e-08
50.0,0.0,203.6170078125,2.58662e-08
50.0,0.0,203.6167578125,2.5938700000000002e-08
50.0,0.0,203.6165078125,2.61204e-08
50.0,0.0,203.6162578125,2.62771e-08
50.0,0.0,203.6160078125,2.66214e-08
50.0,0.0,203.6157578125,2.688855e-08
50.0,0.0,203.6155078125,2.72272e-08
50.0,0.0,203.6152578125,2.7169950000000002e-08
50.0,0.0,203.6150078125,2.7312400000000002e-08
50.0,0.0,203.6147578125,2.745615e-08
50.0,0.0,203.6145078125,2.748005e-08
50.0,0.0,203.6142578125,2.751045e-08
50.0,0.0,203.6140078125,2.7287800000000002e-08
50.0,0.0,203.6137578125,2.69737e-08
50.0,0.0,203.6135078125,2.7005600000000002e-08
50.0,0.0,203.6132578125,2.69524e-08
50.0,0.0,203.6130078125,2.698365e-08
50.0,0.0,203.6127578125,2.71425e-08
50.0,0.0,203.6125078125,2.74105e-08
50.0,0.0,203.6122578125,2.76875e-08
50.0,0.0,203.6120078125,2.79269e-08
50.0,0.0,203.6117578125,2.81357e-08
50.0,0.0,203.6115078125,2.82853e-08
50.0,0.0,203.6112578125,2.84571e-08
50.0,0.0,203.6110078125,2.87802e-08
50.0,0.0,203.6107578125,2.908575e-08
50.0,0.0,203.6105078125,2.9219800000000002e-08
50.0,0.0,203.6102578125,2.938245e-08
50.0,0.0,203.6100078125,2.94065e-08
50.0,0.0,203.6097578125,2.96093e-08
50.0,0.0,203.6095078125,2.96393e-08
50.0,0.0,203.6092578125,2.9880800000000004e-08
50.0,0.0,203.6090078125,2.9967649999999995e-08
50.0,0.0,203.6087578125,3.01225e-08
50.0,0.0,203.6085078125,3.01625e-08
50.0,0.0,203.6082578125,3.023735e-08
50.0,0.0,203.6080078125,3.042046666666667e-08
50.0,0.0,203.6077578125,3.05254e-08
50.0,0.0,203.6075078125,3.06604e-08
50.0,0.0,203.6072578125,3.079755e-08
50.0,0.0,203.6070078125,3.071365e-08
50.0,0.0,203.6067578125,3.05975e-08
50.0,0.0,203.6065078125,3.06878e-08
50.0,0.0,203.6062578125,3.08796e-08
50.0,0.0,203.6060078125,3.0900350000000004e-08
50.0,0.0,203.6057578125,3.102515e-08
50.0,0.0,203.6055078125,3.1126750000000004e-08
50.0,0.0,203.6052578125,3.1153900000000003e-08
50.0,0.0,203.6050078125,3.132935e-08
50.0,0.0,203.6047578125,3.13728e-08
50.0,0.0,203.6045078125,3.131395e-08
50.0,0.0,203.6042578125,3.1350600000000005e-08
50.0,0.0,203.6040078125,3.131405e-08
50.0,0.0,203.6037578125,3.12552e-08
50.0,0.0,203.6035078125,3.1122833333333336e-08
50.0,0.0,203.6032578125,3.1059100000000006e-08
50.0,0.0,203.6030078125,3.099475e-08
50.0,0.0,203.6027578125,3.11221e-08
50.0,0.0,203.6025078125,3.100085e-08
50.0,0.0,203.6022578125,3.09587e-08
50.0,0.0,203.6020078125,3.09507e-08
50.0,0.0,203.6017578125,3.09851e-08
50.0,0.0,203.6015078125,3.104893333333333e-08
50.0,0.0,203.6012578125,3.104945e-08
50.0,0.0,203.6010078125,3.10488e-08
50.0,0.0,203.6007578125,3.095915e-08
50.0,0.0,203.6005078125,3.08645e-08
50.0,0.0,203.6002578125,3.07812e-08
50.0,0.0,203.6000078125,3.065445e-08
50.0,0.0,203.5997578125,3.0715e-08
50.0,0.0,203.5995078125,3.048955e-08
50.0,0.0,203.5992578125,3.0221e-08
50.0,0.0,203.5990078125,3.013885e-08
50.0,0.0,203.5987578125,3.000335e-08
50.0,0.0,203.5985078125,2.984435e-08
50.0,0.0,203.5982578125,2.993125e-08
50.0,0.0,203.5980078125,2.98749e-08
50.0,0.0,203.5977578125,2.9937950000000004e-08
50.0,0.0,203.5975078125,2.994645e-08
50.0,0.0,203.5972578125,2.998535e-08
50.0,0.0,203.5970078125,2.996445e-08
50.0,0.0,203.5967578125,3.006325e-08
50.0,0.0,203.5965078125,3.01348e-08
50.0,0.0,203.5962578125,3.02606e-08
50.0,0.0,203.5960078125,3.04615e-08
50.0,0.0,203.5957578125,3.031665e-08
50.0,0.0,203.5955078125,3.01959e-08
50.0,0.0,203.5952578125,3.0370399999999995e-08
50.0,0.0,203.5950078125,3.02457e-08
50.0,0.0,203.5947578125,3.027485e-08
50.0,0.0,203.5945078125,3.027515e-08
50.0,0.0,203.5942578125,3.039365e-08
50.0,0.0,203.5940078125,3.05236e-08
50.0,0.0,203.5937578125,3.07772e-08
50.0,0.0,203.5935078125,3.0831200000000004e-08
50.0,0.0,203.5932578125,3.0931300000000004e-08
50.0,0.0,203.5930078125,3.09418e-08
50.0,0.0,203.5927578125,3.0940199999999995e-08
50.0,0.0,203.5925078125,3.099525e-08
50.0,0.0,203.5922578125,3.0899600000000004e-08
50.0,0.0,203.5920078125,3.08962e-08
50.0,0.0,203.5917578125,3.08333e-08
50.0,0.0,203.5915078125,3.068805e-08
50.0,0.0,203.5912578125,3.0663249999999995e-08
50.0,0.0,203.5910078125,3.06663e-08
50.0,0.0,203.5907578125,3.0356750000000005e-08
50.0,0.0,203.5905078125,3.038095e-08
50.0,0.0,203.5902578125,3.0452800000000004e-08
50.0,0.0,203.5900078125,3.05489e-08
50.0,0.0,203.5897578125,3.0555350000000004e-08
50.0,0.0,203.5895078125,3.066085e-08
50.0,0.0,203.5892578125,3.06687e-08
50.0,0.0,203.5890078125,3.05966e-08
50.0,0.0,203.5887578125,3.03445e-08
50.0,0.0,203.5885078125,3.0311100000000005e-08
50.0,0.0,203.5882578125,3.039245e-08
50.0,0.0,203.5880078125,3.013845e-08
50.0,0.0,203.5877578125,2.972955e-08
50.0,0.0,203.5875078125,2.946075e-08
50.0,0.0,203.5872578125,2.922895e-08
50.0,0.0,203.5870078125,2.91811e-08
50.0,0.0,203.5867578125,2.89396e-08
50.0,0.0,203.5865078125,2.89865e-08
50.0,0.0,203.5862578125,2.8821100000000006e-08
50.0,0.0,203.5860078125,2.89965e-08
50.0,0.0,203.5857578125,2.9056e-08
50.0,0.0,203.5855078125,2.91876e-08
50.0,0.0,203.5852578125,2.9283250000000002e-08
50.0,0.0,203.5850078125,2.941405e-08
50.0,0.0,203.5847578125,2.948345e-08
50.0,0.0,203.5845078125,2.96054e-08
50.0,0.0,203.5842578125,2.995705e-08
50.0,0.0,203.5840078125,2.99431e-08
50.0,0.0,203.5837578125,2.98321e-08
50.0,0.0,203.5835078125,2.979415e-08
50.0,0.0,203.5832578125,2.979015e-08
50.0,0.0,203.5830078125,2.979925e-08
50.0,0.0,203.5827578125,2.976055e-08
50.0,0.0,203.5825078125,2.98122e-08
50.0,0.0,203.5822578125,2.9817050000000004e-08
50.0,0.0,203.5820078125,2.98001e-08
50.0,0.0,203.5817578125,2.9782e-08
50.0,0.0,203.5815078125,2.979315e-08
50.0,0.0,203.5812578125,2.984345e-08
50.0,0.0,203.5810078125,3.0053250000000005e-08
50.0,0.0,203.5807578125,3.0240750000000006e-08
50.0,0.0,203.5805078125,3.02398e-08
50.0,0.0,203.5802578125,3.01889e-08
50.0,0.0,203.5800078125,3.0237650000000003e-08
50.0,0.0,203.5797578125,3.03875e-08
50.0,0.0,203.5795078125,3.026735e-08
50.0,0.0,203.5792578125,3.025375e-08
50.0,0.0,203.5790078125,3.010125e-08
50.0,0.0,203.5787578125,2.99547e-08
50.0,0.0,203.5785078125,2.9981400000000004e-08
50.0,0.0,203.5782578125,2.9852400000000003e-08
50.0,0.0,203.5780078125,2.95351e-08
50.0,0.0,203.5777578125,2.95688e-08
50.0,0.0,203.5775078125,2.9266550000000002e-08
50.0,0.0,203.5772578125,2.9306500000000002e-08
50.0,0.0,203.5770078125,2.9109466666666664e-08
50.0,0.0,203.5767578125,2.905155e-08
50.0,0.0,203.5765078125,2.881565e-08
50.0,0.0,203.5762578125,2.89586e-08
50.0,0.0,203.5760078125,2.880705e-08
50.0,0.0,203.5757578125,2.878665e-08
50.0,0.0,203.5755078125,2.859075e-08
50.0,0.0,203.5752578125,2.84456e-08
50.0,0.0,203.5750078125,2.835155e-08
50.0,0.0,203.5747578125,2.8224250000000002e-08
50.0,0.0,203.5745078125,2.81052e-08
50.0,0.0,203.5742578125,2.801945e-08
50.0,0.0,203.5740078125,2.80323e-08
50.0,0.0,203.5737578125,2.79764e-08
50.0,0.0,203.5735078125,2.78017e-08
50.0,0.0,203.5732578125,2.7820400000000002e-08
50.0,0.0,203.5730078125,2.765845e-08
50.0,0.0,203.5727578125,2.76177e-08
50.0,0.0,203.5725078125,2.752615e-08
50.0,0.0,203.5722578125,2.72936e-08
50.0,0.0,203.5720078125,2.7287e-08
50.0,0.0,203.5717578125,2.720715e-08
50.0,0.0,203.5715078125,2.709165e-08
50.0,0.0,203.5712578125,2.70689e-08
50.0,0.0,203.5710078125,2.70719e-08
50.0,0.0,203.5707578125,2.688865e-08
50.0,0.0,203.5705078125,2.6854950000000002e-08
50.0,0.0,203.5702578125,2.65314e-08
50.0,0.0,203.5700078125,2.6518e-08
50.0,0.0,203.5697578125,2.631825e-08
50.0,0.0,203.5695078125,2.624105e-08
50.0,0.0,203.5692578125,2.60168e-08
50.0,0.0,203.5690078125,2.57013e-08
50.0,0.0,203.5687578125,2.580915e-08
50.0,0.0,203.5685078125,2.571385e-08
50.0,0.0,203.5682578125,2.56756e-08
50.0,0.0,203.5680078125,2.581215e-08
50.0,0.0,203.5677578125,2.5784500000000002e-08
50.0,0.0,203.5675078125,2.57128e-08
50.0,0.0,203.5672578125,2.57389e-08
50.0,0.0,203.5670078125,2.57612e-08
50.0,0.0,203.5667578125,2.57809e-08
50.0,0.0,203.5665078125,2.5423500000000006e-08
50.0,0.0,203.5662578125,2.56658e-08
50.0,0.0,203.5660078125,2.5510500000000002e-08
50.0,0.0,203.5657578125,2.530895e-08
50.0,0.0,203.5655078125,2.5070300000000002e-08
50.0,0.0,203.5652578125,2.48866e-08
50.0,0.0,203.5650078125,2.46945e-08
50.0,0.0,203.5647578125,2.477165e-08
50.0,0.0,203.5645078125,2.4677e-08
50.0,0.0,203.5642578125,2.41827e-08
50.0,0.0,203.5640078125,2.457325e-08
50.0,0.0,203.5637578125,2.44512e-08
50.0,0.0,203.5635078125,2.460915e-08
50.0,0.0,203.5632578125,2.46174e-08
50.0,0.0,203.5630078125,2.4580933333333328e-08
50.0,0.0,203.5627578125,2.44769e-08
50.0,0.0,203.5625078125,2.45164e-08
50.0,0.0,203.5622578125,2.44328e-08
50.0,0.0,203.5620078125,2.433635e-08
50.0,0.0,203.5617578125,2.4248100000000002e-08
50.0,0.0,203.5615078125,2.43526e-08
50.0,0.0,203.5612578125,2.4172100000000002e-08
50.0,0.0,203.5610078125,2.412485e-08
50.0,0.0,203.5607578125,2.41938e-08
50.0,0.0,203.5605078125,2.429845e-08
50.0,0.0,203.5602578125,2.427925e-08
50.0,0.0,203.5600078125,2.397325e-08
50.0,0.0,203.5597578125,2.39676e-08
50.0,0.0,203.5595078125,2.39226e-08
50.0,0.0,203.5592578125,2.355995e-08
50.0,0.0,203.5590078125,2.38535e-08
50.0,0.0,203.5587578125,2.370185e-08
50.0,0.0,203.5585078125,2.36915e-08
50.0,0.0,203.5582578125,2.3570550000000002e-08
50.0,0.0,203.5580078125,2.3450566666666665e-08
50.0,0.0,203.5577578125,2.365565e-08
50.0,0.0,203.5575078125,2.32817e-08
50.0,0.0,203.5572578125,2.33607e-08
50.0,0.0,203.5570078125,2.32757e-08
50.0,0.0,203.5567578125,2.323275e-08
50.0,0.0,203.5565078125,2.30385e-08
50.0,0.0,203.5562578125,2.291785e-08
50.0,0.0,203.5560078125,2.29049e-08
50.0,0.0,203.5557578125,2.27e-08
50.0,0.0,203.5555078125,2.268815e-08
50.0,0.0,203.5552578125,2.268805e-08
50.0,0.0,203.5550078125,2.275375e-08
50.0,0.0,203.5547578125,2.28001e-08
50.0,0.0,203.5545078125,2.27364e-08
50.0,0.0,203.5542578125,2.2536450000000002e-08
50.0,0.0,203.5540078125,2.2679450000000002e-08
50.0,0.0,203.5537578125,2.295345e-08
50.0,0.0,203.5535078125,2.26171e-08
50.0,0.0,203.5532578125,2.268675e-08
50.0,0.0,203.5530078125,2.2400300000000002e-08
50.0,0.0,203.5527578125,2.26586e-08
50.0,0.0,203.5525078125,2.26545e-08
50.0,0.0,203.5522578125,2.267555e-08
50.0,0.0,203.5520078125,2.263665e-08
50.0,0.0,203.5517578125,2.28147e-08
50.0,0.0,203.5515078125,2.27041e-08
50.0,0.0,203.5512578125,2.266475e-08
50.0,0.0,203.5510078125,2.2732166666666666e-08
50.0,0.0,203.5507578125,2.27293e-08
50.0,0.0,203.5505078125,2.2829300000000002e-08
50.0,0.0,203.5502578125,2.29057e-08
50.0,0.0,203.5500078125,2.29142e-08
50.0,0.0,203.5497578125,2.28111e-08
50.0,0.0,203.5495078125,2.28126e-08
50.0,0.0,203.5492578125,2.29413e-08
50.0,0.0,203.5490078125,2.3016600000000002e-08
50.0,0.0,203.5487578125,2.29731e-08
50.0,0.0,203.5485078125,2.292875e-08
50.0,0.0,203.5482578125,2.31165e-08
50.0,0.0,203.5480078125,2.324445e-08
50.0,0.0,203.5477578125,2.32502e-08
50.0,0.0,203.5475078125,2.31702e-08
50.0,0.0,203.5472578125,2.3257150000000006e-08
50.0,0.0,203.5470078125,2.32711e-08
50.0,0.0,203.5467578125,2.327945e-08
50.0,0.0,203.5465078125,2.3367400000000002e-08
50.0,0.0,203.5462578125,2.34048e-08
50.0,0.0,203.5460078125,2.356183333333333e-08
50.0,0.0,203.5457578125,2.3639450000000002e-08
50.0,0.0,203.5455078125,2.3725e-08
50.0,0.0,203.5452578125,2.360805e-08
50.0,0.0,203.5450078125,2.36375e-08
50.0,0.0,203.5447578125,2.36525e-08
50.0,0.0,203.5445078125,2.32106e-08
50.0,0.0,203.5442578125,2.37082e-08
50.0,0.0,203.5440078125,2.36051e-08
50.0,0.0,203.5437578125,2.35676e-08
50.0,0.0,203.5435078125,2.363335e-08
50.0,0.0,203.5432578125,2.35631e-08
50.0,0.0,203.5430078125,2.346815e-08
50.0,0.0,203.5427578125,2.3504e-08
50.0,0.0,203.5425078125,2.35091e-08
50.0,0.0,203.5422578125,2.34745e-08
50.0,0.0,203.5420078125,2.3243250000000002e-08
50.0,0.0,203.5417578125,2.335355e-08
50.0,0.0,203.5415078125,2.307735e-08
50.0,0.0,203.5412578125,2.31829e-08
50.0,0.0,203.5410078125,2.29281e-08
50.0,0.0,203.5407578125,2.28012e-08
50.0,0.0,203.5405078125,2.29329e-08
50.0,0.0,203.5402578125,2.289685e-08
50.0,0.0,203.5400078125,2.28657e-08
50.0,0.0,203.5397578125,2.26171e-08
50.0,0.0,203.5395078125,2.266465e-08
50.0,0.0,203.5392578125,2.23007e-08
50.0,0.0,203.5390078125,2.227935e-08
50.0,0.0,203.5387578125,2.2053e-08
50.0,0.0,203.5385078125,2.22355e-08
50.0,0.0,203.5382578125,2.21972e-08
50.0,0.0,203.5380078125,2.21617e-08
50.0,0.0,203.5377578125,2.20803e-08
50.0,0.0,203.5375078125,2.2061e-08
50.0,0.0,203.5372578125,2.1970950000000006e-08
50.0,0.0,203.5370078125,2.19968e-08
50.0,0.0,203.5367578125,2.20613e-08
50.0,0.0,203.5365078125,2.20418e-08
50.0,0.0,203.5362578125,2.2061400000000003e-08
50.0,0.0,203.5360078125,2.204095e-08
50.0,0.0,203.5357578125,2.19724e-08
50.0,0.0,203.5355078125,2.193535e-08
50.0,0.0,203.5352578125,2.2060900000000006e-08
50.0,0.0,203.5350078125,2.182975e-08
50.0,0.0,203.5347578125,2.191535e-08
50.0,0.0,203.5345078125,2.19665e-08
50.0,0.0,203.5342578125,2.20076e-08
50.0,0.0,203.5340078125,2.20337e-08
50.0,0.0,203.5337578125,2.18283e-08
50.0,0.0,203.5335078125,2.21431e-08
50.0,0.0,203.5332578125,2.216875e-08
50.0,0.0,203.5330078125,2.20692e-08
50.0,0.0,203.5327578125,2.2272500000000003e-08
50.0,0.0,203.5325078125,2.232215e-08
50.0,0.0,203.5322578125,2.240885e-08
50.0,0.0,203.5320078125,2.235975e-08
50.0,0.0,203.5317578125,2.269e-08
50.0,0.0,203.5315078125,2.264505e-08
50.0,0.0,203.5312578125,2.267895e-08
50.0,0.0,203.5310078125,2.26786e-08
50.0,0.0,203.5307578125,2.282215e-08
50.0,0.0,203.5305078125,2.275455e-08
50.0,0.0,203.5302578125,2.29575e-08
50.0,0.0,203.5300078125,2.29807e-08
50.0,0.0,203.5297578125,2.28366e-08
50.0,0.0,203.5295078125,2.284755e-08
50.0,0.0,203.5292578125,2.319085e-08
50.0,0.0,203.5290078125,2.297925e-08
50.0,0.0,203.5287578125,2.3096700000000002e-08
50.0,0.0,203.5285078125,2.297705e-08
50.0,0.0,203.5282578125,2.30726e-08
50.0,0.0,203.5280078125,2.33723e-08
50.0,0.0,203.5277578125,2.32828e-08
50.0,0.0,203.5275078125,2.341065e-08
50.0,0.0,203.5272578125,2.37041e-08
50.0,0.0,203.5270078125,2.353005e-08
50.0,0.0,203.5267578125,2.33249e-08
50.0,0.0,203.5265078125,2.36068e-08
50.0,0.0,203.5262578125,2.364865e-08
50.0,0.0,203.5260078125,2.38367e-08
50.0,0.0,203.5257578125,2.368525e-08
50.0,0.0,203.5255078125,2.37823e-08
50.0,0.0,203.5252578125,2.390725e-08
50.0,0.0,203.5250078125,2.388535e-08
50.0,0.0,203.5247578125,2.3816900000000002e-08
50.0,0.0,203.5245078125,2.396805e-08
50.0,0.0,203.5242578125,2.39969e-08
50.0,0.0,203.5240078125,2.405585e-08
50.0,0.0,203.5237578125,2.42196e-08
50.0,0.0,203.5235078125,2.42133e-08
50.0,0.0,203.5232578125,2.4263150000000002e-08
50.0,0.0,203.5230078125,2.4450700000000002e-08
50.0,0.0,203.5227578125,2.43992e-08
50.0,0.0,203.5225078125,2.45484e-08
50.0,0.0,203.5222578125,2.46388e-08
50.0,0.0,203.5220078125,2.448255e-08
50.0,0.0,203.5217578125,2.45342e-08
50.0,0.0,203.5215078125,2.4596450000000002e-08
50.0,0.0,203.5212578125,2.46069e-08
50.0,0.0,203.5210078125,2.4814100000000002e-08
50.0,0.0,203.5207578125,2.46991e-08
50.0,0.0,203.5205078125,2.47958e-08
50.0,0.0,203.5202578125,2.4669400000000006e-08
50.0,0.0,203.5200078125,2.48897e-08
50.0,0.0,203.5197578125,2.49192e-08
50.0,0.0,203.5195078125,2.49458e-08
50.0,0.0,203.5192578125,2.491345e-08
50.0,0.0,203.5190078125,2.50202e-08
50.0,0.0,203.5187578125,2.4981700000000002e-08
50.0,0.0,203.5185078125,2.51364e-08
50.0,0.0,203.5182578125,2.50685e-08
50.0,0.0,203.5180078125,2.51248e-08
50.0,0.0,203.5177578125,2.52497e-08
50.0,0.0,203.5175078125,2.51595e-08
50.0,0.0,203.5172578125,2.51979e-08
50.0,0.0,203.5170078125,2.533565e-08
50.0,0.0,203.5167578125,2.525475e-08
50.0,0.0,203.5165078125,2.542585e-08
50.0,0.0,203.5162578125,2.547595e-08
50.0,0.0,203.5160078125,2.54525e-08
50.0,0.0,203.5157578125,2.54286e-08
50.0,0.0,203.5155078125,2.537445e-08
50.0,0.0,203.5152578125,2.5471950000000002e-08
50.0,0.0,203.5150078125,2.54004e-08
50.0,0.0,203.5147578125,2.5499666666666667e-08
50.0,0.0,203.5145078125,2.560955e-08
50.0,0.0,203.5142578125,2.562405e-08
50.0,0.0,203.5140078125,2.5543600000000002e-08
50.0,0.0,203.5137578125,2.5360400000000002e-08
50.0,0.0,203.5135078125,2.5643950000000002e-08
50.0,0.0,203.5132578125,2.545405e-08
50.0,0.0,203.5130078125,2.5124700000000002e-08
50.0,0.0,203.5127578125,2.530765e-08
50.0,0.0,203.5125078125,2.533895e-08
50.0,0.0,203.5122578125,2.525715e-08
50.0,0.0,203.5120078125,2.529215e-08
50.0,0.0,203.5117578125,2.512285e-08
50.0,0.0,203.5115078125,2.52448e-08
50.0,0.0,203.5112578125,2.513245e-08
50.0,0.0,203.5110078125,2.52643e-08
50.0,0.0,203.5107578125,2.51756e-08
50.0,0.0,203.5105078125,2.513335e-08
50.0,0.0,203.5102578125,2.52201e-08
50.0,0.0,203.5100078125,2.5017e-08
50.0,0.0,203.5097578125,2.50503e-08
50.0,0.0,203.5095078125,2.50373e-08
50.0,0.0,203.5092578125,2.486025e-08
50.0,0.0,203.5090078125,2.51521e-08
50.0,0.0,203.5087578125,2.49898e-08
50.0,0.0,203.5085078125,2.488345e-08
50.0,0.0,203.5082578125,2.4808350000000002e-08
50.0,0.0,203.5080078125,2.48702e-08
50.0,0.0,203.5077578125,2.4820100000000002e-08
50.0,0.0,203.5075078125,2.461495e-08
50.0,0.0,203.5072578125,2.471175e-08
50.0,0.0,203.5070078125,2.47163e-08
50.0,0.0,203.5067578125,2.45921e-08
50.0,0.0,203.5065078125,2.468735e-08
50.0,0.0,203.5062578125,2.461755e-08
50.0,0.0,203.5060078125,2.46385e-08
50.0,0.0,203.5057578125,2.478795e-08
50.0,0.0,203.5055078125,2.49513e-08
50.0,0.0,203.5052578125,2.49791e-08
50.0,0.0,203.5050078125,2.4997300000000002e-08
50.0,0.0,203.5047578125,2.507335e-08
50.0,0.0,203.5045078125,2.5088e-08
50.0,0.0,203.5042578125,2.516885e-08
50.0,0.0,203.5040078125,2.52661e-08
50.0,0.0,203.5037578125,2.509945e-08
50.0,0.0,203.5035078125,2.5263e-08
50.0,0.0,203.5032578125,2.523645e-08
50.0,0.0,203.5030078125,2.5453900000000002e-08
50.0,0.0,203.5027578125,2.54626e-08
50.0,0.0,203.5025078125,2.55541e-08
50.0,0.0,203.5022578125,2.56156e-08
50.0,0.0,203.5020078125,2.563085e-08
50.0,0.0,203.5017578125,2.53993e-08
50.0,0.0,203.5015078125,2.53929e-08
50.0,0.0,203.5012578125,2.55632e-08
50.0,0.0,203.5010078125,2.5684950000000002e-08
50.0,0.0,203.5007578125,2.5579150000000002e-08
50.0,0.0,203.5005078125,2.565065e-08
50.0,0.0,203.5002578125,2.55265e-08
50.0,0.0,203.5000078125,2.57333e-08
50.0,0.0,203.4997578125,2.578305e-08
50.0,0.0,203.4995078125,2.57809e-08
50.0,0.0,203.4992578125,2.56254e-08
50.0,0.0,203.4990078125,2.583885e-08
50.0,0.0,203.4987578125,2.576515e-08
50.0,0.0,203.4985078125,2.57157e-08
50.0,0.0,203.4982578125,2.57365e-08
50.0,0.0,203.4980078125,2.583985e-08
50.0,0.0,203.4977578125,2.59047e-08
50.0,0.0,203.4975078125,2.59288e-08
50.0,0.0,203.4972578125,2.590255e-08
50.0,0.0,203.4970078125,2.61548e-08
50.0,0.0,203.4967578125,2.5931600000000002e-08
50.0,0.0,203.4965078125,2.576055e-08
50.0,0.0,203.4962578125,2.57445e-08
50.0,0.0,203.4960078125,2.592245e-08
50.0,0.0,203.4957578125,2.570675e-08
50.0,0.0,203.4955078125,2.57119e-08
50.0,0.0,203.4952578125,2.58653e-08
50.0,0.0,203.4950078125,2.569685e-08
50.0,0.0,203.4947578125,2.58158e-08
50.0,0.0,203.4945078125,2.58559e-08
50.0,0.0,203.4942578125,2.584715e-08
50.0,0.0,203.4940078125,2.574315e-08
50.0,0.0,203.4937578125,2.571385e-08
50.0,0.0,203.4935078125,2.57547e-08
50.0,0.0,203.4932578125,2.59174e-08
50.0,0.0,203.4930078125,2.58606e-08
50.0,0.0,203.4927578125,2.56591e-08
50.0,0.0,203.4925078125,2.5835600000000002e-08
50.0,0.0,203.4922578125,2.576525e-08
50.0,0.0,203.4920078125,2.585195000000001e-08
50.0,0.0,203.4917578125,2.60019e-08
50.0,0.0,203.4915078125,2.617645e-08
50.0,0.0,203.4912578125,2.61163e-08
50.0,0.0,203.4910078125,2.640235e-08
50.0,0.0,203.4907578125,2.6536900000000006e-08
50.0,0.0,203.4905078125,2.638485e-08
50.0,0.0,203.4902578125,2.649805e-08
50.0,0.0,203.4900078125,2.662405e-08
50.0,0.0,203.4897578125,2.657895e-08
50.0,0.0,203.4895078125,2.67735e-08
50.0,0.0,203.4892578125,2.69282e-08
50.0,0.0,203.4890078125,2.68762e-08
50.0,0.0,203.4887578125,2.70504e-08
50.0,0.0,203.4885078125,2.701925e-08
50.0,0.0,203.4882578125,2.73462e-08
50.0,0.0,203.4880078125,2.7264333333333328e-08
50.0,0.0,203.4877578125,2.75266e-08
50.0,0.0,203.4875078125,2.719585e-08
50.0,0.0,203.4872578125,2.745295e-08
50.0,0.0,203.4870078125,2.741915e-08
50.0,0.0,203.4867578125,2.73937e-08
50.0,0.0,203.4865078125,2.753105e-08
50.0,0.0,203.4862578125,2.75194e-08
50.0,0.0,203.4860078125,2.8021400000000002e-08
50.0,0.0,203.4857578125,2.77264e-08
50.0,0.0,203.4855078125,2.78059e-08
50.0,0.0,203.4852578125,2.79848e-08
50.0,0.0,203.4850078125,2.7916400000000002e-08
50.0,0.0,203.4847578125,2.82316e-08
50.0,0.0,203.4845078125,2.82949e-08
50.0,0.0,203.4842578125,2.864475e-08
50.0,0.0,203.4840078125,2.852665e-08
50.0,0.0,203.4837578125,2.828595e-08
50.0,0.0,203.4835078125,2.851395e-08
50.0,0.0,203.4832578125,2.863835e-08
50.0,0.0,203.4830078125,2.8669350000000006e-08
50.0,0.0,203.4827578125,2.865705e-08
50.0,0.0,203.4825078125,2.88687e-08
50.0,0.0,203.4822578125,2.849255e-08
50.0,0.0,203.4820078125,2.8879e-08
50.0,0.0,203.4817578125,2.89167e-08
50.0,0.0,203.4815078125,2.8810200000000002e-08
50.0,0.0,203.4812578125,2.884655e-08
50.0,0.0,203.4810078125,2.857435e-08
50.0,0.0,203.4807578125,2.873425e-08
50.0,0.0,203.4805078125,2.87939e-08
50.0,0.0,203.4802578125,2.878645e-08
50.0,0.0,203.4800078125,2.894055e-08
50.0,0.0,203.4797578125,2.878665e-08
50.0,0.0,203.4795078125,2.897705e-08
50.0,0.0,203.4792578125,2.87124e-08
50.0,0.0,203.4790078125,2.89422e-08
50.0,0.0,203.4787578125,2.874745e-08
50.0,0.0,203.4785078125,2.86979e-08
50.0,0.0,203.4782578125,2.8779850000000002e-08
50.0,0.0,203.4780078125,2.885665e-08
50.0,0.0,203.4777578125,2.8766450000000002e-08
50.0,0.0,203.4775078125,2.8688800000000002e-08
50.0,0.0,203.4772578125,2.87168e-08
50.0,0.0,203.4770078125,2.857775e-08
50.0,0.0,203.4767578125,2.870705e-08
50.0,0.0,203.4765078125,2.864905e-08
50.0,0.0,203.4762578125,2.86332e-08
50.0,0.0,203.4760078125,2.855175e-08
50.0,0.0,203.4757578125,2.876165e-08
50.0,0.0,203.4755078125,2.87537e-08
50.0,0.0,203.4752578125,2.88121e-08
50.0,0.0,203.4750078125,2.87185e-08
50.0,0.0,203.4747578125,2.8724900000000002e-08
50.0,0.0,203.4745078125,2.86212e-08
50.0,0.0,203.4742578125,2.86814e-08
50.0,0.0,203.4740078125,2.8737033333333327e-08
50.0,0.0,203.4737578125,2.87379e-08
50.0,0.0,203.4735078125,2.85795e-08
50.0,0.0,203.4732578125,2.869105e-08
50.0,0.0,203.4730078125,2.849725e-08
50.0,0.0,203.4727578125,2.8425500000000002e-08
50.0,0.0,203.4725078125,2.8514100000000002e-08
50.0,0.0,203.4722578125,2.830935e-08
50.0,0.0,203.4720078125,2.81587e-08
50.0,0.0,203.4717578125,2.80101e-08
50.0,0.0,203.4715078125,2.79474e-08
50.0,0.0,203.4712578125,2.7760000000000002e-08
50.0,0.0,203.4710078125,2.76792e-08
50.0,0.0,203.4707578125,2.759635e-08
50.0,0.0,203.4705078125,2.76783e-08
50.0,0.0,203.4702578125,2.76396e-08
50.0,0.0,203.4700078125,2.7841433333333332e-08
50.0,0.0,203.4697578125,2.77737e-08
50.0,0.0,203.4695078125,2.7657e-08
50.0,0.0,203.4692578125,2.76242e-08
50.0,0.0,203.4690078125,2.78421e-08
50.0,0.0,203.4687578125,2.770865e-08
50.0,0.0,203.4685078125,2.7665100000000002e-08
50.0,0.0,203.4682578125,2.7830200000000006e-08
50.0,0.0,203.4680078125,2.7440350000000002e-08
50.0,0.0,203.4677578125,2.749455e-08
50.0,0.0,203.4675078125,2.764825e-08
50.0,0.0,203.4672578125,2.72895e-08
50.0,0.0,203.4670078125,2.7236100000000002e-08
50.0,0.0,203.4667578125,2.71011e-08
50.0,0.0,203.4665078125,2.700625e-08
50.0,0.0,203.4662578125,2.692625e-08
50.0,0.0,203.4660078125,2.6615700000000002e-08
50.0,0.0,203.4657578125,2.650275e-08
50.0,0.0,203.4655078125,2.6429e-08
50.0,0.0,203.4652578125,2.61545e-08
50.0,0.0,203.4650078125,2.61305e-08
50.0,0.0,203.4647578125,2.61026e-08
50.0,0.0,203.4645078125,2.57611e-08
50.0,0.0,203.4642578125,2.57787e-08
50.0,0.0,203.4640078125,2.57128e-08
50.0,0.0,203.4637578125,2.55094e-08
50.0,0.0,203.4635078125,2.56723e-08
50.0,0.0,203.4632578125,2.554380000000001e-08
50.0,0.0,203.4630078125,2.5142666666666663e-08
50.0,0.0,203.4627578125,2.5464300000000002e-08
50.0,0.0,203.4625078125,2.5507e-08
50.0,0.0,203.4622578125,2.538795e-08
50.0,0.0,203.4620078125,2.53658e-08
50.0,0.0,203.4617578125,2.49224e-08
50.0,0.0,203.4615078125,2.548075e-08
50.0,0.0,203.4612578125,2.560615e-08
50.0,0.0,203.4610078125,2.5485e-08
50.0,0.0,203.4607578125,2.554675e-08
50.0,0.0,203.4605078125,2.576105e-08
50.0,0.0,203.4602578125,2.576995e-08
50.0,0.0,203.4600078125,2.58911e-08
50.0,0.0,203.4597578125,2.61999e-08
50.0,0.0,203.4595078125,2.6075950000000002e-08
50.0,0.0,203.4592578125,2.6285950000000002e-08
50.0,0.0,203.4590078125,2.623995e-08
50.0,0.0,203.4587578125,2.64263e-08
50.0,0.0,203.4585078125,2.66183e-08
50.0,0.0,203.4582578125,2.65235e-08
50.0,0.0,203.4580078125,2.64862e-08
50.0,0.0,203.4577578125,2.69383e-08
50.0,0.0,203.4575078125,2.6497050000000002e-08
50.0,0.0,203.4572578125,2.65851e-08
50.0,0.0,203.4570078125,2.629535e-08
50.0,0.0,203.4567578125,2.61082e-08
50.0,0.0,203.4565078125,2.6537633333333334e-08
50.0,0.0,203.4562578125,2.62897e-08
50.0,0.0,203.4560078125,2.62933e-08
50.0,0.0,203.4557578125,2.63385e-08
50.0,0.0,203.4555078125,2.62859e-08
50.0,0.0,203.4552578125,2.606835e-08
50.0,0.0,203.4550078125,2.626885e-08
50.0,0.0,203.4547578125,2.61589e-08
50.0,0.0,203.4545078125,2.63917e-08
50.0,0.0,203.4542578125,2.6241650000000002e-08
50.0,0.0,203.4540078125,2.64854e-08
50.0,0.0,203.4537578125,2.625265e-08
50.0,0.0,203.4535078125,2.64774e-08
50.0,0.0,203.4532578125,2.61813e-08
50.0,0.0,203.4530078125,2.631565e-08
50.0,0.0,203.4527578125,2.62046e-08
50.0,0.0,203.4525078125,2.65669e-08
50.0,0.0,203.4522578125,2.6165350000000002e-08
50.0,0.0,203.4520078125,2.621975e-08
50.0,0.0,203.4517578125,2.628015e-08
50.0,0.0,203.4515078125,2.651205e-08
50.0,0.0,203.4512578125,2.60503e-08
50.0,0.0,203.4510078125,2.574985e-08
50.0,0.0,203.4507578125,2.5749200000000002e-08
50.0,0.0,203.4505078125,2.56121e-08
50.0,0.0,203.4502578125,2.52239e-08
50.0,0.0,203.4500078125,2.53293e-08
50.0,0.0,203.4497578125,2.49958e-08
50.0,0.0,203.4495078125,2.508965e-08
50.0,0.0,203.4492578125,2.503185e-08
50.0,0.0,203.4490078125,2.48799e-08
50.0,0.0,203.4487578125,2.5002150000000006e-08
50.0,0.0,203.4485078125,2.495005e-08
50.0,0.0,203.4482578125,2.47442e-08
50.0,0.0,203.4480078125,2.470245e-08
50.0,0.0,203.4477578125,2.50865e-08
50.0,0.0,203.4475078125,2.493065e-08
50.0,0.0,203.4472578125,2.48332e-08
50.0,0.0,203.4470078125,2.475215e-08
50.0,0.0,203.4467578125,2.490665e-08
50.0,0.0,203.4465078125,2.472775e-08
50.0,0.0,203.4462578125,2.471065e-08
50.0,0.0,203.4460078125,2.45317e-08
50.0,0.0,203.4457578125,2.44766e-08
50.0,0.0,203.4455078125,2.4206000000000002e-08
50.0,0.0,203.4452578125,2.404315e-08
50.0,0.0,203.4450078125,2.365245e-08
50.0,0.0,203.4447578125,2.38674e-08
50.0,0.0,203.4445078125,2.407735e-08
50.0,0.0,203.4442578125,2.39395e-08
50.0,0.0,203.4440078125,2.40342e-08
50.0,0.0,203.4437578125,2.3873500000000002e-08
50.0,0.0,203.4435078125,2.391095e-08
50.0,0.0,203.4432578125,2.384005e-08
50.0,0.0,203.4430078125,2.35013e-08
50.0,0.0,203.4427578125,2.358545e-08
50.0,0.0,203.4425078125,2.359045e-08
50.0,0.0,203.4422578125,2.344545e-08
50.0,0.0,203.4420078125,2.31605e-08
50.0,0.0,203.4417578125,2.332975e-08
50.0,0.0,203.4415078125,2.339105e-08
50.0,0.0,203.4412578125,2.34686e-08
50.0,0.0,203.4410078125,2.317405e-08
50.0,0.0,203.4407578125,2.317805e-08
50.0,0.0,203.4405078125,2.3313800000000002e-08
50.0,0.0,203.4402578125,2.317395e-08
50.0,0.0,203.4400078125,2.31868e-08
50.0,0.0,203.4397578125,2.310495e-08
50.0,0.0,203.4395078125,2.302475e-08
50.0,0.0,203.4392578125,2.324085e-08
50.0,0.0,203.4390078125,2.2791e-08
50.0,0.0,203.4387578125,2.3047750000000002e-08
50.0,0.0,203.4385078125,2.3051866666666665e-08
50.0,0.0,203.4382578125,2.26635e-08
50.0,0.0,203.4380078125,2.26155e-08
50.0,0.0,203.4377578125,2.27171e-08
50.0,0.0,203.4375078125,2.2765850000000002e-08
50.0,0.0,203.4372578125,2.291485e-08
50.0,0.0,203.4370078125,2.25744e-08
50.0,0.0,203.4367578125,2.2794e-08
50.0,0.0,203.4365078125,2.269345e-08
50.0,0.0,203.4362578125,2.274325e-08
50.0,0.0,203.4360078125,2.2670450000000002e-08
50.0,0.0,203.4357578125,2.244165e-08
50.0,0.0,203.4355078125,2.25758e-08
50.0,0.0,203.4352578125,2.260285e-08
50.0,0.0,203.4350078125,2.23985e-08
50.0,0.0,203.4347578125,2.22054e-08
50.0,0.0,203.4345078125,2.225235e-08
50.0,0.0,203.4342578125,2.27555e-08
50.0,0.0,203.4340078125,2.24851e-08
50.0,0.0,203.4337578125,2.249165e-08
50.0,0.0,203.4335078125,2.248945e-08
50.0,0.0,203.4332578125,2.246775e-08
50.0,0.0,203.4330078125,2.263725e-08
50.0,0.0,203.4327578125,2.24802e-08
50.0,0.0,203.4325078125,2.25264e-08
50.0,0.0,203.4322578125,2.255605e-08
50.0,0.0,203.4320078125,2.25888e-08
50.0,0.0,203.4317578125,2.260885e-08
50.0,0.0,203.4315078125,2.2835566666666672e-08
50.0,0.0,203.4312578125,2.29538e-08
50.0,0.0,203.4310078125,2.26342e-08
50.0,0.0,203.4307578125,2.28907e-08
50.0,0.0,203.4305078125,2.288485e-08
50.0,0.0,203.4302578125,2.33353e-08
50.0,0.0,203.4300078125,2.29613e-08
50.0,0.0,203.4297578125,2.30873e-08
50.0,0.0,203.4295078125,2.308555e-08
50.0,0.0,203.4292578125,2.31331e-08
50.0,0.0,203.4290078125,2.33466e-08
50.0,0.0,203.4287578125,2.321225e-08
50.0,0.0,203.4285078125,2.335805e-08
50.0,0.0,203.4282578125,2.34309e-08
50.0,0.0,203.4280078125,2.3308900000000002e-08
50.0,0.0,203.4277578125,2.29907e-08
50.0,0.0,203.4275078125,2.355455e-08
50.0,0.0,203.4272578125,2.353915e-08
50.0,0.0,203.4270078125,2.379035e-08
50.0,0.0,203.4267578125,2.33935e-08
50.0,0.0,203.4265078125,2.377405e-08
50.0,0.0,203.4262578125,2.37683e-08
50.0,0.0,203.4260078125,2.3678300000000002e-08
50.0,0.0,203.4257578125,2.371775e-08
50.0,0.0,203.4255078125,2.38565e-08
50.0,0.0,203.4252578125,2.40112e-08
50.0,0.0,203.4250078125,2.39195e-08
50.0,0.0,203.4247578125,2.410385e-08
50.0,0.0,203.4245078125,2.3966766666666668e-08
50.0,0.0,203.4242578125,2.43994e-08
50.0,0.0,203.4240078125,2.4454000000000002e-08
50.0,0.0,203.4237578125,2.414335e-08
50.0,0.0,203.4235078125,2.444355e-08
50.0,0.0,203.4232578125,2.45489e-08
50.0,0.0,203.4230078125,2.46049e-08
50.0,0.0,203.4227578125,2.465865e-08
50.0,0.0,203.4225078125,2.4296333333333334e-08
50.0,0.0,203.4222578125,2.49073e-08
50.0,0.0,203.4220078125,2.47692e-08
50.0,0.0,203.4217578125,2.480885e-08
50.0,0.0,203.4215078125,2.47306e-08
50.0,0.0,203.4212578125,2.4829400000000002e-08
50.0,0.0,203.4210078125,2.500875e-08
50.0,0.0,203.4207578125,2.4952e-08
50.0,0.0,203.4205078125,2.501245e-08
50.0,0.0,203.4202578125,2.52541e-08
50.0,0.0,203.4200078125,2.497835e-08
50.0,0.0,203.4197578125,2.50403e-08
50.0,0.0,203.4195078125,2.530675e-08
50.0,0.0,203.4192578125,2.48868e-08
50.0,0.0,203.4190078125,2.5107200000000002e-08
50.0,0.0,203.4187578125,2.50801e-08
50.0,0.0,203.4185078125,2.51681e-08
50.0,0.0,203.4182578125,2.513475e-08
50.0,0.0,203.4180078125,2.52028e-08
50.0,0.0,203.4177578125,2.515875e-08
50.0,0.0,203.4175078125,2.50749e-08
50.0,0.0,203.4172578125,2.53705e-08
50.0,0.0,203.4170078125,2.5306550000000002e-08
50.0,0.0,203.4167578125,2.52925e-08
50.0,0.0,203.4165078125,2.55412e-08
50.0,0.0,203.4162578125,2.51342e-08
50.0,0.0,203.4160078125,2.52322e-08
50.0,0.0,203.4157578125,2.5600750000000002e-08
50.0,0.0,203.4155078125,2.5531300000000002e-08
50.0,0.0,203.4152578125,2.56098e-08
50.0,0.0,203.4150078125,2.54259e-08
50.0,0.0,203.4147578125,2.55068e-08
50.0,0.0,203.4145078125,2.548715e-08
50.0,0.0,203.4142578125,2.53612e-08
50.0,0.0,203.4140078125,2.53173e-08
50.0,0.0,203.4137578125,2.511375e-08
50.0,0.0,203.4135078125,2.5600750000000002e-08
50.0,0.0,203.4132578125,2.578085e-08
50.0,0.0,203.4130078125,2.58008e-08
50.0,0.0,203.4127578125,2.57867e-08
50.0,0.0,203.4125078125,2.5754950000000002e-08
50.0,0.0,203.4122578125,2.58238e-08
50.0,0.0,203.4120078125,2.5710400000000002e-08
50.0,0.0,203.4117578125,2.583995e-08
50.0,0.0,203.4115078125,2.573125e-08
50.0,0.0,203.4112578125,2.5780650000000002e-08
50.0,0.0,203.4110078125,2.55659e-08
50.0,0.0,203.4107578125,2.585075e-08
50.0,0.0,203.4105078125,2.58811e-08
50.0,0.0,203.4102578125,2.597135e-08
50.0,0.0,203.4100078125,2.599225e-08
50.0,0.0,203.4097578125,2.61561e-08
50.0,0.0,203.4095078125,2.59747e-08
50.0,0.0,203.4092578125,2.5980000000000002e-08
50.0,0.0,203.4090078125,2.599055e-08
50.0,0.0,203.4087578125,2.57381e-08
50.0,0.0,203.4085078125,2.59035e-08
50.0,0.0,203.4082578125,2.6219450000000006e-08
50.0,0.0,203.4080078125,2.590625e-08
50.0,0.0,203.4077578125,2.586455e-08
50.0,0.0,203.4075078125,2.60734e-08
50.0,0.0,203.4072578125,2.61499e-08
50.0,0.0,203.4070078125,2.620155e-08
50.0,0.0,203.4067578125,2.60411e-08
50.0,0.0,203.4065078125,2.628195e-08
50.0,0.0,203.4062578125,2.62577e-08
50.0,0.0,203.4060078125,2.6207e-08
50.0,0.0,203.4057578125,2.6172750000000002e-08
50.0,0.0,203.4055078125,2.6305e-08
50.0,0.0,203.4052578125,2.62378e-08
50.0,0.0,203.4050078125,2.62903e-08
50.0,0.0,203.4047578125,2.63032e-08
50.0,0.0,203.4045078125,2.631395e-08
50.0,0.0,203.4042578125,2.6348550000000002e-08
50.0,0.0,203.4040078125,2.63266e-08
50.0,0.0,203.4037578125,2.635795e-08
50.0,0.0,203.4035078125,2.6461200000000002e-08
50.0,0.0,203.4032578125,2.643615e-08
50.0,0.0,203.4030078125,2.648695e-08
50.0,0.0,203.4027578125,2.660115e-08
50.0,0.0,203.4025078125,2.66707e-08
50.0,0.0,203.4022578125,2.676375e-08
50.0,0.0,203.4020078125,2.693345e-08
50.0,0.0,203.4017578125,2.697095e-08
50.0,0.0,203.4015078125,2.68368e-08
50.0,0.0,203.4012578125,2.67574e-08
50.0,0.0,203.4010078125,2.699625e-08
50.0,0.0,203.4007578125,2.696785e-08
50.0,0.0,203.4005078125,2.70252e-08
50.0,0.0,203.4002578125,2.7087100000000002e-08
50.0,0.0,203.4000078125,2.7015266666666667e-08
50.0,0.0,203.3997578125,2.688275e-08
50.0,0.0,203.3995078125,2.74415e-08
50.0,0.0,203.3992578125,2.701205e-08
50.0,0.0,203.3990078125,2.716825e-08
50.0,0.0,203.3987578125,2.69774e-08
50.0,0.0,203.3985078125,2.70432e-08
50.0,0.0,203.3982578125,2.70397e-08
50.0,0.0,203.3980078125,2.7093166666666664e-08
50.0,0.0,203.3977578125,2.69125e-08
50.0,0.0,203.3975078125,2.727865e-08
50.0,0.0,203.3972578125,2.724045e-08
50.0,0.0,203.3970078125,2.74043e-08
50.0,0.0,203.3967578125,2.747355e-08
50.0,0.0,203.3965078125,2.75211e-08
50.0,0.0,203.3962578125,2.7577600000000002e-08
50.0,0.0,203.3960078125,2.760785e-08
50.0,0.0,203.3957578125,2.762525e-08
50.0,0.0,203.3955078125,2.756605e-08
50.0,0.0,203.3952578125,2.76567e-08
50.0,0.0,203.3950078125,2.7701633333333337e-08
50.0,0.0,203.3947578125,2.78939e-08
50.0,0.0,203.3945078125,2.79288e-08
50.0,0.0,203.3942578125,2.79227e-08
50.0,0.0,203.3940078125,2.80178e-08
50.0,0.0,203.3937578125,2.795425e-08
50.0,0.0,203.3935078125,2.8009900000000002e-08
50.0,0.0,203.3932578125,2.7979000000000002e-08
50.0,0.0,203.3930078125,2.787025e-08
50.0,0.0,203.3927578125,2.8039700000000002e-08
50.0,0.0,203.3925078125,2.82074e-08
50.0,0.0,203.3922578125,2.820135e-08
50.0,0.0,203.3920078125,2.82805e-08
50.0,0.0,203.3917578125,2.834025e-08
50.0,0.0,203.3915078125,2.82358e-08
50.0,0.0,203.3912578125,2.84014e-08
50.0,0.0,203.3910078125,2.829295e-08
50.0,0.0,203.3907578125,2.832115e-08
50.0,0.0,203.3905078125,2.835405e-08
50.0,0.0,203.3902578125,2.8439450000000002e-08
50.0,0.0,203.3900078125,2.845815e-08
50.0,0.0,203.3897578125,2.86224e-08
50.0,0.0,203.3895078125,2.862915e-08
50.0,0.0,203.3892578125,2.88826e-08
50.0,0.0,203.3890078125,2.86938e-08
50.0,0.0,203.3887578125,2.8858e-08
50.0,0.0,203.3885078125,2.91255e-08
50.0,0.0,203.3882578125,2.89591e-08
50.0,0.0,203.3880078125,2.910425e-08
50.0,0.0,203.3877578125,2.89881e-08
50.0,0.0,203.3875078125,2.927845e-08
50.0,0.0,203.3872578125,2.915615e-08
50.0,0.0,203.3870078125,2.93738e-08
50.0,0.0,203.3867578125,2.971315e-08
50.0,0.0,203.3865078125,2.969835e-08
50.0,0.0,203.3862578125,2.98554e-08
50.0,0.0,203.3860078125,2.97851e-08
50.0,0.0,203.3857578125,2.97145e-08
50.0,0.0,203.3855078125,3.00468e-08
50.0,0.0,203.3852578125,2.9850700000000004e-08
50.0,0.0,203.3850078125,2.9978350000000005e-08
50.0,0.0,203.3847578125,3.00313e-08
50.0,0.0,203.3845078125,3.01634e-08
50.0,0.0,203.3842578125,3.03352e-08
50.0,0.0,203.3840078125,3.0313700000000006e-08
50.0,0.0,203.3837578125,3.03266e-08
50.0,0.0,203.3835078125,3.0213700000000005e-08
50.0,0.0,203.3832578125,3.010505e-08
50.0,0.0,203.3830078125,3.032455e-08
50.0,0.0,203.3827578125,3.02457e-08
50.0,0.0,203.3825078125,3.006905e-08
50.0,0.0,203.3822578125,3.007115e-08
50.0,0.0,203.3820078125,3.003005e-08
50.0,0.0,203.3817578125,2.9860150000000005e-08
50.0,0.0,203.3815078125,2.9730550000000002e-08
50.0,0.0,203.3812578125,2.95401e-08
50.0,0.0,203.3810078125,2.9231e-08
50.0,0.0,203.3807578125,2.87623e-08
50.0,0.0,203.3805078125,2.86402e-08
50.0,0.0,203.3802578125,2.84013e-08
50.0,0.0,203.3800078125,2.80105e-08
50.0,0.0,203.3797578125,2.7284e-08
50.0,0.0,203.3795078125,2.66874e-08
50.0,0.0,203.3792578125,2.6178e-08
50.0,0.0,203.3790078125,2.5736650000000002e-08
50.0,0.0,203.3787578125,2.51437e-08
50.0,0.0,203.3785078125,2.468305e-08
50.0,0.0,203.3782578125,2.395595e-08
50.0,0.0,203.3780078125,2.352555e-08
50.0,0.0,203.3777578125,2.25529e-08
50.0,0.0,203.3775078125,2.18292e-08
50.0,0.0,203.3772578125,2.10381e-08
50.0,0.0,203.3770078125,2.013695e-08
50.0,0.0,203.3767578125,1.92516e-08
50.0,0.0,203.3765078125,1.85199e-08
50.0,0.0,203.3762578125,1.779905e-08
50.0,0.0,203.3760078125,1.689095e-08
50.0,0.0,203.3757578125,1.60101e-08
50.0,0.0,203.3755078125,1.532295e-08
50.0,0.0,203.3752578125,1.422385e-08
50.0,0.0,203.3750078125,1.338405e-08
50.0,0.0,203.3747578125,1.20558e-08
50.0,0.0,203.3745078125,1.1357e-08
50.0,0.0,203.3742578125,1.03596e-08
50.0,0.0,203.3740078125,9.370414999999999e-09
50.0,0.0,203.3737578125,8.430519999999999e-09
50.0,0.0,203.3735078125,7.818289999999999e-09
50.0,0.0,203.3732578125,6.9190249999999995e-09
