True_depth(m),Y_dimension(mm),meas,Button,Button_raw
208.4289375,0.0,2.21925e-05,0.0,0.0
208.42889338653188,0.0,-2.286848e-06,0.0,0.0
208.42880514161675,0.0,-1.340959e-06,0.0,0.0
208.42871688742548,0.0,-7.322959999999998e-07,0.0,0.0
208.42857432033176,0.0,-2.747693e-07,0.0,0.0
208.42838956072865,0.0,7.670314999999998e-08,0.0,0.0
208.42814294752927,0.0,3.120076000000001e-07,0.0,0.0
208.42789607657488,0.0,4.263857e-07,0.0,0.0
208.4275783369118,0.0,4.4137410000000004e-07,0.0,0.0
208.42721077301087,0.0,5.222973e-07,0.0,0.0
208.42683684807167,0.0,4.861649e-07,0.0,0.0
208.42641521210447,0.0,5.764450000000001e-07,0.0,0.0
208.426014081324,0.0,7.441995000000001e-07,0.0,0.0
208.42558986722173,0.0,9.180512e-07,0.0,0.0
208.42514889573948,0.0,8.689967e-07,0.0,0.0
208.42476725296112,0.0,8.969218e-07,0.0,0.0
208.4243328608152,0.0,9.415089000000002e-07,0.0,0.0
208.42392141308525,0.0,1.069566e-06,0.0,0.0
208.42352078281792,0.0,1.158944e-06,0.0,0.0
208.4230823945427,0.0,1.120075e-06,0.0,0.0
208.4226514666376,0.0,9.680371000000002e-07,0.0,0.0
208.4222283450237,0.0,7.230265000000001e-07,0.0,0.0
208.42181294026912,0.0,9.433716e-07,0.0,0.0
208.42138200842675,0.0,1.066408e-06,0.0,0.0
208.42099671603063,0.0,1.049033e-06,0.0,0.0
208.42055403284675,0.0,1.090681e-06,0.0,0.0
208.42011291559328,0.0,1.121152e-06,0.0,0.0
208.41971815944927,0.0,1.07284e-06,0.0,0.0
208.41930772497184,0.0,1.041772e-06,0.0,0.0
208.4188784090871,0.0,1.016189e-06,0.0,0.0
208.41847739227228,0.0,8.67105e-07,0.0,0.0
208.4180614544948,0.0,1.066524e-06,0.0,0.0
208.4176196020064,0.0,1.137058e-06,0.0,0.0
208.4172342797181,0.0,1.145221e-06,0.0,0.0
208.41680182916647,0.0,1.17661e-06,0.0,0.0
208.41638668011464,0.0,9.995565e-07,0.0,0.0
208.41598354756567,0.0,9.358773e-07,0.0,0.0
208.4155570946949,0.0,9.850337000000002e-07,0.0,0.0
208.41513147987789,0.0,9.669748e-07,0.0,0.0
208.41472517633824,0.0,1.070235e-06,0.0,0.0
208.41430985945587,0.0,1.068736e-06,0.0,0.0
208.4138943312644,0.0,8.574134e-07,0.0,0.0
208.41347165963649,0.0,7.854542e-07,0.0,0.0
208.4130531149256,0.0,7.221096999999999e-07,0.0,0.0
208.41263274066927,0.0,7.703783999999999e-07,0.0,0.0
208.412205049653,0.0,9.216747e-07,0.0,0.0
208.41177950716693,0.0,1.135602e-06,0.0,0.0
208.41135539408305,0.0,1.123801e-06,0.0,0.0
208.41093192899285,0.0,9.937648e-07,0.0,0.0
208.4105326888098,0.0,1.011897e-06,0.0,0.0
208.4101090710097,0.0,1.046006e-06,0.0,0.0
208.409662834738,0.0,1.004752e-06,0.0,0.0
208.40927748777423,0.0,1.059569e-06,0.0,0.0
208.4088545541744,0.0,9.675568e-07,0.0,0.0
208.4084597113913,0.0,9.761716000000002e-07,0.0,0.0
208.4080404053712,0.0,9.314099e-07,0.0,0.0
208.407600559716,0.0,1.016e-06,0.0,0.0
208.4072150668758,0.0,1.075023e-06,0.0,0.0
208.4067778568761,0.0,1.103661e-06,0.0,0.0
208.4063627918494,0.0,1.040971e-06,0.0,0.0
208.40594545663504,0.0,9.233336e-07,0.0,0.0
208.40554761009955,0.0,8.834468e-07,0.0,0.0
208.40510708898864,0.0,9.337818e-07,0.0,0.0
208.40467714958115,0.0,9.903888e-07,0.0,0.0
208.40428603110152,0.0,9.833602e-07,0.0,0.0
208.40387043858465,0.0,1.00609e-06,0.0,0.0
208.4034517516831,0.0,9.841897000000002e-07,0.0,0.0
208.40302087153248,0.0,1.003835e-06,0.0,0.0
208.4026128139105,0.0,9.880896e-07,0.0,0.0
208.40218197543848,0.0,9.647483e-07,0.0,0.0
208.40176508897977,0.0,9.606447e-07,0.0,0.0
208.40133323931144,0.0,9.571086e-07,0.0,0.0
208.40090622195083,0.0,7.469935e-07,0.0,0.0
208.4004809833611,0.0,1.016146e-06,0.0,0.0
208.4000866109828,0.0,9.904179e-07,0.0,0.0
208.3996421327476,0.0,9.538053e-07,0.0,0.0
208.39921697579229,0.0,8.284405e-07,0.0,0.0
208.39881528586736,0.0,7.938943000000001e-07,0.0,0.0
208.3984141872468,0.0,8.384086e-07,0.0,0.0
208.39798772779253,0.0,9.188661e-07,0.0,0.0
208.39757952992707,0.0,1.042892e-06,0.0,0.0
208.39714860513948,0.0,1.086519e-06,0.0,0.0
208.39674575319228,0.0,1.102788e-06,0.0,0.0
208.39633639380568,0.0,1.157256e-06,0.0,0.0
208.39592087446945,0.0,1.10027e-06,0.0,0.0
208.39550922906903,0.0,1.137712e-06,0.0,0.0
208.39508518824792,0.0,1.147986e-06,0.0,0.0
208.3946543301182,0.0,1.096676e-06,0.0,0.0
208.39423180008524,0.0,1.14966e-06,0.0,0.0
208.3938444491096,0.0,1.106833e-06,0.0,0.0
208.3934293184456,0.0,1.117398e-06,0.0,0.0
208.39299988447084,0.0,1.221502e-06,0.0,0.0
208.3925570809148,0.0,1.223263e-06,0.0,0.0
208.39212720817167,0.0,1.231398e-06,0.0,0.0
208.3916986297125,0.0,1.197608e-06,0.0,0.0
208.39131083315704,0.0,1.071516e-06,0.0,0.0
208.39089527895976,0.0,1.155524e-06,0.0,0.0
208.39047237115173,0.0,1.153181e-06,0.0,0.0
208.3900536169692,0.0,1.142966e-06,0.0,0.0
208.389633186034,0.0,1.209497e-06,0.0,0.0
208.38920531726168,0.0,1.239488e-06,0.0,0.0
208.388793927226,0.0,1.224194e-06,0.0,0.0
208.3884024448626,0.0,1.192428e-06,0.0,0.0
208.3879571569632,0.0,1.090128e-06,0.0,0.0
208.38757012977584,0.0,1.072345e-06,0.0,0.0
208.387134827866,0.0,1.103312e-06,0.0,0.0
208.38671092950327,0.0,9.952346000000002e-07,0.0,0.0
208.386326124492,0.0,1.185195e-06,0.0,0.0
208.38588847477556,0.0,1.290115e-06,0.0,0.0
208.38546460683207,0.0,1.284599e-06,0.0,0.0
208.38504450888647,0.0,1.281456e-06,0.0,0.0
208.38464212168503,0.0,1.216977e-06,0.0,0.0
208.38419378122543,0.0,1.244844e-06,0.0,0.0
208.38380719180003,0.0,1.285909e-06,0.0,0.0
208.3833904368043,0.0,1.260749e-06,0.0,0.0
208.38296834593928,0.0,1.21037e-06,0.0,0.0
208.38253748594457,0.0,1.193213e-06,0.0,0.0
208.3821065354048,0.0,1.227512e-06,0.0,0.0
208.38167586533825,0.0,1.276683e-06,0.0,0.0
208.38125787118756,0.0,1.27808e-06,0.0,0.0
208.380836946504,0.0,1.214707e-06,0.0,0.0
208.3804518806189,0.0,1.198059e-06,0.0,0.0
208.38000443078167,0.0,1.2362e-06,0.0,0.0
208.379580537824,0.0,1.248773e-06,0.0,0.0
208.37918150134047,0.0,1.241118e-06,0.0,0.0
208.3787575833684,0.0,1.314664e-06,0.0,0.0
208.37834337595228,0.0,1.312103e-06,0.0,0.0
208.3779578847113,0.0,1.357199e-06,0.0,0.0
208.37751115347783,0.0,1.320528e-06,0.0,0.0
208.3771192846827,0.0,1.34224e-06,0.0,0.0
208.37668874451347,0.0,1.354172e-06,0.0,0.0
208.37626475211573,0.0,1.300621e-06,0.0,0.0
208.3758497813212,0.0,1.290216e-06,0.0,0.0
208.37544214189697,0.0,1.564782e-06,0.0,0.0
208.37501832398223,0.0,1.856693e-06,0.0,0.0
208.3745891746321,0.0,1.685534e-06,0.0,0.0
208.37419528851973,0.0,1.521621e-06,0.0,0.0
208.373752893223,0.0,1.327149e-06,0.0,0.0
208.3733377593992,0.0,1.388922e-06,0.0,0.0
208.37292248976624,0.0,1.370616e-06,0.0,0.0
208.3724944938044,0.0,1.431108e-06,0.0,0.0
208.372063751543,0.0,1.463239e-06,0.0,0.0
208.37165580655832,0.0,1.497436e-06,0.0,0.0
208.37123363272065,0.0,1.47456e-06,0.0,0.0
208.37081822728027,0.0,1.402324e-06,0.0,0.0
208.37040648938688,0.0,1.4244e-06,0.0,0.0
208.3700010832397,0.0,1.382155e-06,0.0,0.0
208.36955842616868,0.0,1.359062e-06,0.0,0.0
208.36916205612584,0.0,1.302178e-06,0.0,0.0
208.36874110435505,0.0,1.358087e-06,0.0,0.0
208.36832313481136,0.0,1.348162e-06,0.0,0.0
208.36791019786725,0.0,1.299079e-06,0.0,0.0
208.36748444585984,0.0,1.315813e-06,0.0,0.0
208.36709037326813,0.0,1.289111e-06,0.0,0.0
208.3666454414862,0.0,1.473585e-06,0.0,0.0
208.36622099777057,0.0,1.451408e-06,0.0,0.0
208.36583329973004,0.0,1.445049e-06,0.0,0.0
208.3654177526828,0.0,1.448367e-06,0.0,0.0
208.36499055898585,0.0,1.479217e-06,0.0,0.0
208.36458240432165,0.0,1.332388e-06,0.0,0.0
208.36415172646667,0.0,1.306413e-06,0.0,0.0
208.3637283125261,0.0,1.353867e-06,0.0,0.0
208.363340576808,0.0,1.244902e-06,0.0,0.0
208.3629015258903,0.0,1.347376e-06,0.0,0.0
208.36247756289768,0.0,1.44665e-06,0.0,0.0
208.3620433566929,0.0,1.410401e-06,0.0,0.0
208.36163520201225,0.0,1.437656e-06,0.0,0.0
208.36120833809005,0.0,1.440334e-06,0.0,0.0
208.36079319850327,0.0,1.360429e-06,0.0,0.0
208.36035857433703,0.0,1.398395e-06,0.0,0.0
208.35997654347244,0.0,1.435983e-06,0.0,0.0
208.35953533875988,0.0,1.431137e-06,0.0,0.0
208.3590955639837,0.0,1.424312e-06,0.0,0.0
208.35871036676687,0.0,1.46711e-06,0.0,0.0
208.3582725713927,0.0,1.503256e-06,0.0,0.0
208.35786561108165,0.0,1.505628e-06,0.0,0.0
208.35746352295016,0.0,1.411085e-06,0.0,0.0
208.35703273711687,0.0,1.40944e-06,0.0,0.0
208.3566245413168,0.0,1.473294e-06,0.0,0.0
208.356195363876,0.0,1.463704e-06,0.0,0.0
208.3558080884808,0.0,1.537395e-06,0.0,0.0
208.35539272023505,0.0,1.211316e-06,0.0,0.0
208.35494840806663,0.0,1.316919e-06,0.0,0.0
208.3545620521976,0.0,1.336186e-06,0.0,0.0
208.3541259438421,0.0,1.390843e-06,0.0,0.0
208.353678018936,0.0,1.382781e-06,0.0,0.0
208.35327825728737,0.0,1.356166e-06,0.0,0.0
208.35287270824213,0.0,1.370325e-06,0.0,0.0
208.3524538253963,0.0,1.393957e-06,0.0,0.0
208.3520062053641,0.0,1.427514e-06,0.0,0.0
208.3515998390506,0.0,1.454828e-06,0.0,0.0
208.3511836952028,0.0,1.390668e-06,0.0,0.0
208.35074011311417,0.0,1.372056e-06,0.0,0.0
208.3503452814484,0.0,1.336666e-06,0.0,0.0
208.34993752317595,0.0,1.248103e-06,0.0,0.0
208.34950675070036,0.0,1.354201e-06,0.0,0.0
208.3490988469564,0.0,1.319073e-06,0.0,0.0
208.34866976171847,0.0,1.322391e-06,0.0,0.0
208.34827636383883,0.0,1.354594e-06,0.0,0.0
208.34786130992964,0.0,1.371285e-06,0.0,0.0
208.3474215832159,0.0,1.384353e-06,0.0,0.0
208.34703638699827,0.0,1.402441e-06,0.0,0.0
208.3465973812808,0.0,1.334934e-06,0.0,0.0
208.34619735867136,0.0,1.22565e-06,0.0,0.0
208.34575655358657,0.0,1.228036e-06,0.0,0.0
208.345340752906,0.0,1.287641e-06,0.0,0.0
208.3449489716355,0.0,1.278881e-06,0.0,0.0
208.3445190436712,0.0,1.304245e-06,0.0,0.0
208.3440882090012,0.0,1.334265e-06,0.0,0.0
208.34368041503856,0.0,1.335473e-06,0.0,0.0
208.34326354313427,0.0,1.315275e-06,0.0,0.0
208.3428322017316,0.0,1.34742e-06,0.0,0.0
208.34241098531956,0.0,1.163105e-06,0.0,0.0
208.3420095915129,0.0,1.293825e-06,0.0,0.0
208.3415721801865,0.0,1.327178e-06,0.0,0.0
208.34114166388,0.0,1.29448e-06,0.0,0.0
208.34071598582244,0.0,1.303968e-06,0.0,0.0
208.3403030179288,0.0,1.301567e-06,0.0,0.0
208.33991348184128,0.0,1.286884e-06,0.0,0.0
208.3394672653181,0.0,1.265667e-06,0.0,0.0
208.3390683920072,0.0,1.257766e-06,0.0,0.0
208.3386444549846,0.0,1.264518e-06,0.0,0.0
208.33823992024435,0.0,1.301698e-06,0.0,0.0
208.33780819125144,0.0,1.248947e-06,0.0,0.0
208.33740070116303,0.0,1.29691e-06,0.0,0.0
208.33699773368687,0.0,1.348206e-06,0.0,0.0
208.33656151406933,0.0,1.348963e-06,0.0,0.0
208.33613560712007,0.0,1.402979e-06,0.0,0.0
208.335730595566,0.0,1.416396e-06,0.0,0.0
208.3353154304816,0.0,1.413777e-06,0.0,0.0
208.33492771727185,0.0,1.350418e-06,0.0,0.0
208.3344799578304,0.0,1.331297e-06,0.0,0.0
208.3340564400877,0.0,1.378488e-06,0.0,0.0
208.33362087105164,0.0,1.345179e-06,0.0,0.0
208.3332112820055,0.0,1.353037e-06,0.0,0.0
208.33279581844647,0.0,1.355773e-06,0.0,0.0
208.332380243082,0.0,1.30893e-06,0.0,0.0
208.33193707390225,0.0,1.321765e-06,0.0,0.0
208.33155171455888,0.0,1.370136e-06,0.0,0.0
208.33111446513752,0.0,1.352935e-06,0.0,0.0
208.3306689974628,0.0,1.321852e-06,0.0,0.0
208.3302752614228,0.0,1.305161e-06,0.0,0.0
208.3298594637081,0.0,1.317967e-06,0.0,0.0
208.329463328969,0.0,1.271328e-06,0.0,0.0
208.3290351677812,0.0,1.269436e-06,0.0,0.0
208.32861132441693,0.0,1.309629e-06,0.0,0.0
208.32819824620765,0.0,1.341483e-06,0.0,0.0
208.3277827011604,0.0,1.339504e-06,0.0,0.0
208.32739484619893,0.0,1.348133e-06,0.0,0.0
208.32697169871284,0.0,1.3877e-06,0.0,0.0
208.3265532116896,0.0,1.352702e-06,0.0,0.0
208.3261273387141,0.0,1.316206e-06,0.0,0.0
208.32570334569897,0.0,1.357359e-06,0.0,0.0
208.3252939119465,0.0,1.338383e-06,0.0,0.0
208.32487431696904,0.0,1.361012e-06,0.0,0.0
208.32445510681345,0.0,1.433e-06,0.0,0.0
208.3240379998064,0.0,1.399094e-06,0.0,0.0
208.32361626162165,0.0,1.399094e-06,0.0,0.0
208.32318556335116,0.0,1.401e-06,0.0,0.0
208.322769495446,0.0,1.386419e-06,0.0,0.0
208.322381425798,0.0,1.348177e-06,0.0,0.0
208.32193814112023,0.0,1.345921e-06,0.0,0.0
208.32150749832195,0.0,1.349501e-06,0.0,0.0
208.32107675221116,0.0,1.345252e-06,0.0,0.0
208.32064963515884,0.0,1.399676e-06,0.0,0.0
208.32024957767928,0.0,1.393986e-06,0.0,0.0
208.31981937674817,0.0,1.394743e-06,0.0,0.0
208.3194444251138,0.0,1.37488e-06,0.0,0.0
208.31899679750765,0.0,1.434033e-06,0.0,0.0
208.31856090772035,0.0,1.349821e-06,0.0,0.0
208.3181742316702,0.0,1.359032e-06,0.0,0.0
208.31772949314995,0.0,1.31999e-06,0.0,0.0
208.31734191864973,0.0,1.298889e-06,0.0,0.0
208.3169265315059,0.0,1.313136e-06,0.0,0.0
208.31651370122796,0.0,1.349414e-06,0.0,0.0
208.31608972587165,0.0,1.359091e-06,0.0,0.0
208.31566123414723,0.0,1.401044e-06,0.0,0.0
208.31526440977305,0.0,1.362409e-06,0.0,0.0
208.31484863322552,0.0,1.323468e-06,0.0,0.0
208.314405252408,0.0,1.338281e-06,0.0,0.0
208.313997824968,0.0,1.367516e-06,0.0,0.0
208.31358627244927,0.0,1.372915e-06,0.0,0.0
208.3131418889884,0.0,1.344946e-06,0.0,0.0
208.3127162277449,0.0,1.389562e-06,0.0,0.0
208.31230322419808,0.0,1.37293e-06,0.0,0.0
208.3119136681762,0.0,1.397537e-06,0.0,0.0
208.3114672329043,0.0,1.40605e-06,0.0,0.0
208.31106724202857,0.0,1.366177e-06,0.0,0.0
208.3106441223988,0.0,1.324937e-06,0.0,0.0
208.3101960106476,0.0,1.361012e-06,0.0,0.0
208.30980930903016,0.0,1.40474e-06,0.0,0.0
208.30939319453384,0.0,1.409513e-06,0.0,0.0
208.3089706429804,0.0,1.412074e-06,0.0,0.0
208.308562851721,0.0,1.360459e-06,0.0,0.0
208.3081317014058,0.0,1.357141e-06,0.0,0.0
208.3077268788512,0.0,1.291177e-06,0.0,0.0
208.30731551226796,0.0,1.348497e-06,0.0,0.0
208.3069037501004,0.0,1.302789e-06,0.0,0.0
208.3064989126075,0.0,1.304696e-06,0.0,0.0
208.30605643268828,0.0,1.379987e-06,0.0,0.0
208.30564176340235,0.0,1.331107e-06,0.0,0.0
208.30523917073003,0.0,1.34953e-06,0.0,0.0
208.30479587243903,0.0,1.371649e-06,0.0,0.0
208.30439108000132,0.0,1.362117e-06,0.0,0.0
208.3039877302519,0.0,1.408276e-06,0.0,0.0
208.30355250668595,0.0,1.418986e-06,0.0,0.0
208.30312153557432,0.0,1.39809e-06,0.0,0.0
208.3027159268271,0.0,1.368011e-06,0.0,0.0
208.30230364317848,0.0,1.396838e-06,0.0,0.0
208.3018679621844,0.0,1.40343e-06,0.0,0.0
208.301444217814,0.0,1.424254e-06,0.0,0.0
208.30101291413789,0.0,1.425797e-06,0.0,0.0
208.30059082107445,0.0,1.474109e-06,0.0,0.0
208.3001740862646,0.0,1.451655e-06,0.0,0.0
208.29975583572264,0.0,1.45167e-06,0.0,0.0
208.2993354630537,0.0,1.427776e-06,0.0,0.0
208.29895042501863,0.0,1.467677e-06,0.0,0.0
208.29853373092712,0.0,1.425986e-06,0.0,0.0
208.29810385659283,0.0,1.4588e-06,0.0,0.0
208.29768126141127,0.0,1.454144e-06,0.0,0.0
208.29729158340032,0.0,1.425622e-06,0.0,0.0
208.2968486213936,0.0,1.34045e-06,0.0,0.0
208.29643412866952,0.0,1.386768e-06,0.0,0.0
208.2960347682119,0.0,1.460838e-06,0.0,0.0
208.29559498250572,0.0,1.398177e-06,0.0,0.0
208.29520978528896,0.0,1.263499e-06,0.0,0.0
208.2947714438172,0.0,1.266322e-06,0.0,0.0
208.2943560586077,0.0,1.350636e-06,0.0,0.0
208.29394000904435,0.0,1.37712e-06,0.0,0.0
208.29353181117884,0.0,1.358916e-06,0.0,0.0
208.29309710651603,0.0,1.36903e-06,0.0,0.0
208.29265922566356,0.0,1.368011e-06,0.0,0.0
208.29223792339087,0.0,1.344088e-06,0.0,0.0
208.29185032832643,0.0,1.318389e-06,0.0,0.0
208.29143511006177,0.0,1.342123e-06,0.0,0.0
208.2909964662288,0.0,1.351e-06,0.0,0.0
208.29056856607343,0.0,1.361361e-06,0.0,0.0
208.2901646272836,0.0,1.352615e-06,0.0,0.0
208.28971915795995,0.0,1.355293e-06,0.0,0.0
208.28931713070529,0.0,1.336186e-06,0.0,0.0
208.28891711439252,0.0,1.360822e-06,0.0,0.0
208.28850922517512,0.0,1.415639e-06,0.0,0.0
208.28808211151977,0.0,1.41011e-06,0.0,0.0
208.28765175429447,0.0,1.419074e-06,0.0,0.0
208.2872495579516,0.0,1.401451e-06,0.0,0.0
208.2868273939908,0.0,1.348511e-06,0.0,0.0
208.2864056973689,0.0,1.369073e-06,0.0,0.0
208.28602032813,0.0,1.389359e-06,0.0,0.0
208.28558000274288,0.0,1.414111e-06,0.0,0.0
208.2851360692472,0.0,1.39499e-06,0.0,0.0
208.28475105604025,0.0,1.408305e-06,0.0,0.0
208.28432295918407,0.0,1.406632e-06,0.0,0.0
208.28391119121503,0.0,1.408334e-06,0.0,0.0
208.28350581232283,0.0,1.390901e-06,0.0,0.0
208.28307500875783,0.0,1.394525e-06,0.0,0.0
208.28264021139384,0.0,1.33604e-06,0.0,0.0
208.28223708155247,0.0,1.383334e-06,0.0,0.0
208.28181828949144,0.0,1.328488e-06,0.0,0.0
208.28138954934943,0.0,1.355598e-06,0.0,0.0
208.28095735961247,0.0,1.307897e-06,0.0,0.0
208.28053299780103,0.0,1.318869e-06,0.0,0.0
208.28013910878184,0.0,1.369262e-06,0.0,0.0
208.27970172625152,0.0,1.416513e-06,0.0,0.0
208.27929103269977,0.0,1.402106e-06,0.0,0.0
208.2788854419908,0.0,1.414039e-06,0.0,0.0
208.2784645421644,0.0,1.449676e-06,0.0,0.0
208.2780568678232,0.0,1.417124e-06,0.0,0.0
208.27763086365937,0.0,1.441033e-06,0.0,0.0
208.27722459879192,0.0,1.431545e-06,0.0,0.0
208.2767976423873,0.0,1.467255e-06,0.0,0.0
208.27638011305928,0.0,1.466993e-06,0.0,0.0
208.27597609704628,0.0,1.469292e-06,0.0,0.0
208.27554175889944,0.0,1.475404e-06,0.0,0.0
208.27515528387903,0.0,1.455206e-06,0.0,0.0
208.2747087095624,0.0,1.505032e-06,0.0,0.0
208.27429263133493,0.0,1.590335e-06,0.0,0.0
208.2738832364248,0.0,1.594468e-06,0.0,0.0
208.27348033531484,0.0,1.469205e-06,0.0,0.0
208.27304339824764,0.0,1.42114e-06,0.0,0.0
208.272612798213,0.0,1.441833e-06,0.0,0.0
208.2721765577004,0.0,1.461114e-06,0.0,0.0
208.27176940373693,0.0,1.469773e-06,0.0,0.0
208.2713535282018,0.0,1.491717e-06,0.0,0.0
208.27092837863097,0.0,1.419714e-06,0.0,0.0
208.27051490682945,0.0,1.431574e-06,0.0,0.0
208.27010647470988,0.0,1.429027e-06,0.0,0.0
208.26966039207068,0.0,1.390188e-06,0.0,0.0
208.26925924211147,0.0,1.3729e-06,0.0,0.0
208.26885172497668,0.0,1.413326e-06,0.0,0.0
208.26843668486413,0.0,1.431734e-06,0.0,0.0
208.26802862392023,0.0,1.453824e-06,0.0,0.0
208.2675977229764,0.0,1.410852e-06,0.0,0.0
208.26718975646327,0.0,1.439417e-06,0.0,0.0
208.26677495990552,0.0,1.337365e-06,0.0,0.0
208.26635126734868,0.0,1.455002e-06,0.0,0.0
208.2659661623414,0.0,1.406879e-06,0.0,0.0
208.26552048597424,0.0,1.423061e-06,0.0,0.0
208.26509111918608,0.0,1.422784e-06,0.0,0.0
208.2646978064305,0.0,1.416091e-06,0.0,0.0
208.26425554242687,0.0,1.441746e-06,0.0,0.0
208.26384956453887,0.0,1.46823e-06,0.0,0.0
208.26344954290167,0.0,1.473032e-06,0.0,0.0
208.26301889557533,0.0,1.434892e-06,0.0,0.0
208.26259632500356,0.0,1.448439e-06,0.0,0.0
208.26218008518143,0.0,1.442037e-06,0.0,0.0
208.26176336875392,0.0,1.414126e-06,0.0,0.0
208.2613200982568,0.0,1.425316e-06,0.0,0.0
208.26090452376636,0.0,1.443012e-06,0.0,0.0
208.260479894274,0.0,1.408334e-06,0.0,0.0
208.26007205774903,0.0,1.394219e-06,0.0,0.0
208.25963669212385,0.0,1.357912e-06,0.0,0.0
208.2592334543602,0.0,1.404871e-06,0.0,0.0
208.25882818135435,0.0,1.371809e-06,0.0,0.0
208.2583944263122,0.0,1.330554e-06,0.0,0.0
208.2579913966433,0.0,1.383189e-06,0.0,0.0
208.25756743460644,0.0,1.350214e-06,0.0,0.0
208.25716845627096,0.0,1.350272e-06,0.0,0.0
208.25672325023808,0.0,1.369379e-06,0.0,0.0
208.25633136962068,0.0,1.322638e-06,0.0,0.0
208.25591976526607,0.0,1.298366e-06,0.0,0.0
208.25549217790328,0.0,1.277294e-06,0.0,0.0
208.2550839822828,0.0,1.284017e-06,0.0,0.0
208.2546532190102,0.0,1.286331e-06,0.0,0.0
208.25423002544605,0.0,1.296547e-06,0.0,0.0
208.2538140900919,0.0,1.301843e-06,0.0,0.0
208.25339923202776,0.0,1.300505e-06,0.0,0.0
208.2529751311988,0.0,1.30196e-06,0.0,0.0
208.25254432237404,0.0,1.271939e-06,0.0,0.0
208.2521360759229,0.0,1.219596e-06,0.0,0.0
208.2517094895896,0.0,1.374574e-06,0.0,0.0
208.25129421995672,0.0,1.318913e-06,0.0,0.0
208.25086671442463,0.0,1.245135e-06,0.0,0.0
208.2504606182652,0.0,1.275141e-06,0.0,0.0
208.25002800025268,0.0,1.321168e-06,0.0,0.0
208.24960477533665,0.0,1.316876e-06,0.0,0.0
208.249189571768,0.0,1.322827e-06,0.0,0.0
208.2487904222457,0.0,1.326029e-06,0.0,0.0
208.2483860342095,0.0,1.321561e-06,0.0,0.0
208.2479649025682,0.0,1.330249e-06,0.0,0.0
208.2475569039433,0.0,1.340144e-06,0.0,0.0
208.2471263648966,0.0,1.3604e-06,0.0,0.0
208.24669757127225,0.0,1.404711e-06,0.0,0.0
208.2463100248328,0.0,1.434702e-06,0.0,0.0
208.245867087861,0.0,1.401248e-06,0.0,0.0
208.24546890124017,0.0,1.400316e-06,0.0,0.0
208.24505134392373,0.0,1.416673e-06,0.0,0.0
208.24461043246467,0.0,1.47814e-06,0.0,0.0
208.24420378313727,0.0,1.48073e-06,0.0,0.0
208.24379012551316,0.0,1.434426e-06,0.0,0.0
208.24337460845643,0.0,1.473425e-06,0.0,0.0
208.2429324129844,0.0,1.467954e-06,0.0,0.0
208.2425472210789,0.0,1.456283e-06,0.0,0.0
208.24210960006647,0.0,1.435503e-06,0.0,0.0
208.24166286891952,0.0,1.453809e-06,0.0,0.0
208.24124164710017,0.0,1.44857e-06,0.0,0.0
208.24083732084915,0.0,1.413602e-06,0.0,0.0
208.24043820763643,0.0,1.430293e-06,0.0,0.0
208.24000766858967,0.0,1.381894e-06,0.0,0.0
208.23958610893163,0.0,1.362772e-06,0.0,0.0
208.2391669997579,0.0,1.383101e-06,0.0,0.0
208.2387607565522,0.0,1.329012e-06,0.0,0.0
208.2383445706034,0.0,1.282038e-06,0.0,0.0
208.2379220929484,0.0,1.262539e-06,0.0,0.0
208.2375218793777,0.0,1.210341e-06,0.0,0.0
208.23708380270807,0.0,1.223074e-06,0.0,0.0
208.236698204634,0.0,1.269625e-06,0.0,0.0
208.23625770212024,0.0,1.27645e-06,0.0,0.0
208.23584249059328,0.0,1.244116e-06,0.0,0.0
208.23545043528048,0.0,1.114444e-06,0.0,0.0
208.2350208445108,0.0,1.182823e-06,0.0,0.0
208.23458026059217,0.0,1.101173e-06,0.0,0.0
208.23418158226943,0.0,1.223161e-06,0.0,0.0
208.23376488566336,0.0,1.22044e-06,0.0,0.0
208.23332122958016,0.0,1.232765e-06,0.0,0.0
208.23290596078328,0.0,1.143882e-06,0.0,0.0
208.23249812696284,0.0,1.197099e-06,0.0,0.0
208.23207271006103,0.0,1.208944e-06,0.0,0.0
208.2316378991232,0.0,1.174922e-06,0.0,0.0
208.23123399982973,0.0,1.216031e-06,0.0,0.0
208.2308292292965,0.0,1.249791e-06,0.0,0.0
208.2303858476241,0.0,1.267807e-06,0.0,0.0
208.2299645457755,0.0,1.302658e-06,0.0,0.0
208.22956850878745,0.0,1.286724e-06,0.0,0.0
208.22912610374163,0.0,1.292748e-06,0.0,0.0
208.22872129739537,0.0,1.278109e-06,0.0,0.0
208.22830947829243,0.0,1.284076e-06,0.0,0.0
208.22789858792555,0.0,1.281456e-06,0.0,0.0
208.2274941508076,0.0,1.270644e-06,0.0,0.0
208.22705068402323,0.0,1.22872e-06,0.0,0.0
208.22665507698457,0.0,1.214226e-06,0.0,0.0
208.22623254645856,0.0,1.237335e-06,0.0,0.0
208.2258161835215,0.0,1.218039e-06,0.0,0.0
208.22542922983124,0.0,1.225257e-06,0.0,0.0
208.22498147331547,0.0,1.221139e-06,0.0,0.0
208.22455860313733,0.0,1.228109e-06,0.0,0.0
208.2241592094316,0.0,1.206732e-06,0.0,0.0
208.2237129622173,0.0,1.19365e-06,0.0,0.0
208.22331189579216,0.0,1.173175e-06,0.0,0.0
208.2229105905785,0.0,1.169246e-06,0.0,0.0
208.2224846031561,0.0,1.127119e-06,0.0,0.0
208.22204064515896,0.0,1.15663e-06,0.0,0.0
208.22161710836585,0.0,1.171327e-06,0.0,0.0
208.2212153732821,0.0,1.164692e-06,0.0,0.0
208.2207691914148,0.0,1.189503e-06,0.0,0.0
208.22036302861403,0.0,1.152846e-06,0.0,0.0
208.21994562459497,0.0,1.161432e-06,0.0,0.0
208.21952926609808,0.0,1.146211e-06,0.0,0.0
208.2191067057607,0.0,1.149238e-06,0.0,0.0
208.21870003395472,0.0,1.126449e-06,0.0,0.0
208.2182859346701,0.0,1.146749e-06,0.0,0.0
208.21786013482708,0.0,1.192282e-06,0.0,0.0
208.21747494222,0.0,1.174369e-06,0.0,0.0
208.2170300652724,0.0,1.144348e-06,0.0,0.0
208.2166312457458,0.0,1.191918e-06,0.0,0.0
208.21620758340188,0.0,1.160181e-06,0.0,0.0
208.21576660057283,0.0,1.216642e-06,0.0,0.0
208.21537899827888,0.0,1.191787e-06,0.0,0.0
208.214959091186,0.0,1.196138e-06,0.0,0.0
208.2145284206511,0.0,1.218927e-06,0.0,0.0
208.21412063211025,0.0,1.203414e-06,0.0,0.0
208.2136904191711,0.0,1.213848e-06,0.0,0.0
208.21327537851496,0.0,1.187422e-06,0.0,0.0
208.21285117777887,0.0,1.197128e-06,0.0,0.0
208.2124434239558,0.0,1.207547e-06,0.0,0.0
208.2120195600187,0.0,1.215682e-06,0.0,0.0
208.21158115326344,0.0,1.221415e-06,0.0,0.0
208.21115362488408,0.0,1.233464e-06,0.0,0.0
208.21075479013032,0.0,1.193621e-06,0.0,0.0
208.21033976537845,0.0,1.192486e-06,0.0,0.0
208.2099254229703,0.0,1.216147e-06,0.0,0.0
208.20951868688448,0.0,1.206688e-06,0.0,0.0
208.209077789758,0.0,1.160792e-06,0.0,0.0
208.208679927232,0.0,1.12642e-06,0.0,0.0
208.2082631136861,0.0,1.112217e-06,0.0,0.0
208.20784149136483,0.0,1.138687e-06,0.0,0.0
208.2074333230973,0.0,1.162291e-06,0.0,0.0
208.2070095802256,0.0,1.151056e-06,0.0,0.0
208.2065820519436,0.0,1.156805e-06,0.0,0.0
208.2061644950857,0.0,1.167762e-06,0.0,0.0
208.20574361282607,0.0,1.162742e-06,0.0,0.0
208.20535556800337,0.0,1.167922e-06,0.0,0.0
208.2049394975864,0.0,1.168519e-06,0.0,0.0
208.20450863629705,0.0,1.17172e-06,0.0,0.0
208.2040871503776,0.0,1.156688e-06,0.0,0.0
208.2036703630289,0.0,1.138993e-06,0.0,0.0
208.2032511956357,0.0,1.137014e-06,0.0,0.0
208.2028316870827,0.0,1.145672e-06,0.0,0.0
208.20242254088777,0.0,1.126697e-06,0.0,0.0
208.2019987479874,0.0,1.125794e-06,0.0,0.0
208.2015624410964,0.0,1.155873e-06,0.0,0.0
208.20113151174183,0.0,1.125445e-06,0.0,0.0
208.20070383288032,0.0,1.126158e-06,0.0,0.0
208.200316196166,0.0,1.145163e-06,0.0,0.0
208.19987928458733,0.0,1.126813e-06,0.0,0.0
208.1994554962621,0.0,1.111606e-06,0.0,0.0
208.1990566289151,0.0,1.097098e-06,0.0,0.0
208.19862086164537,0.0,1.075648e-06,0.0,0.0
208.19821085256868,0.0,1.063425e-06,0.0,0.0
208.19779522223564,0.0,1.068591e-06,0.0,0.0
208.19740756435408,0.0,1.064749e-06,0.0,0.0
208.19698249545624,0.0,1.049862e-06,0.0,0.0
208.19657469949408,0.0,1.103414e-06,0.0,0.0
208.19614395876044,0.0,1.056222e-06,0.0,0.0
208.1957187073085,0.0,1.04295e-06,0.0,0.0
208.19533141355808,0.0,1.048087e-06,0.0,0.0
208.194892957234,0.0,1.08211e-06,0.0,0.0
208.1944690590652,0.0,1.082619e-06,0.0,0.0
208.19407049431,0.0,1.126624e-06,0.0,0.0
208.19362754878316,0.0,1.125343e-06,0.0,0.0
208.19319887292315,0.0,1.122185e-06,0.0,0.0
208.19279902164612,0.0,1.115375e-06,0.0,0.0
208.19239597320248,0.0,1.107619e-06,0.0,0.0
208.19195118239847,0.0,1.148597e-06,0.0,0.0
208.19152713935475,0.0,1.144566e-06,0.0,0.0
208.19112810287123,0.0,1.1597e-06,0.0,0.0
208.1906797356293,0.0,1.139721e-06,0.0,0.0
208.19026235142204,0.0,1.150547e-06,0.0,0.0
208.1898562198584,0.0,1.154956e-06,0.0,0.0
208.189455596838,0.0,1.145454e-06,0.0,0.0
208.18900853802512,0.0,1.122069e-06,0.0,0.0
208.18861694439727,0.0,1.138251e-06,0.0,0.0
208.1881860337926,0.0,1.115477e-06,0.0,0.0
208.187778168494,0.0,1.168795e-06,0.0,0.0
208.1873633693847,0.0,1.134482e-06,0.0,0.0
208.1869397307658,0.0,1.131702e-06,0.0,0.0
208.18654076336145,0.0,1.13956e-06,0.0,0.0
208.18610074369036,0.0,1.174398e-06,0.0,0.0
208.18569345257632,0.0,1.162232e-06,0.0,0.0
208.18527859437208,0.0,1.185952e-06,0.0,0.0
208.18487064238488,0.0,1.170323e-06,0.0,0.0
208.18446850462524,0.0,1.141118e-06,0.0,0.0
208.18402310661276,0.0,1.197943e-06,0.0,0.0
208.1836138449576,0.0,1.185472e-06,0.0,0.0
208.18320180150712,0.0,1.174732e-06,0.0,0.0
208.18277663441447,0.0,1.173932e-06,0.0,0.0
208.18234349035384,0.0,1.212e-06,0.0,0.0
208.1819279364101,0.0,1.16782e-06,0.0,0.0
208.18151471323657,0.0,1.14768e-06,0.0,0.0
208.18109128468825,0.0,1.126609e-06,0.0,0.0
208.1806579200558,0.0,9.206997e-07,0.0,0.0
208.18023417718408,0.0,9.832584e-07,0.0,0.0
208.17982198890564,0.0,1.118766e-06,0.0,0.0
208.17941144189365,0.0,1.126857e-06,0.0,0.0
208.17898770378807,0.0,1.111941e-06,0.0,0.0
208.1785887102104,0.0,1.123568e-06,0.0,0.0
208.17814406183908,0.0,1.132139e-06,0.0,0.0
208.17775861387923,0.0,1.135617e-06,0.0,0.0
208.1773313711204,0.0,1.144246e-06,0.0,0.0
208.1769182413898,0.0,1.13601e-06,0.0,0.0
208.17651158968272,0.0,1.156179e-06,0.0,0.0
208.17608068679183,0.0,1.175184e-06,0.0,0.0
208.1756529269717,0.0,1.158522e-06,0.0,0.0
208.1752536332669,0.0,1.169581e-06,0.0,0.0
208.17483836763287,0.0,1.179957e-06,0.0,0.0
208.17444753409032,0.0,1.123495e-06,0.0,0.0
208.17400054312412,0.0,1.093504e-06,0.0,0.0
208.1735768013893,0.0,1.083099e-06,0.0,0.0
208.17313323323728,0.0,1.078733e-06,0.0,0.0
208.1727293189689,0.0,1.055014e-06,0.0,0.0
208.17231841807356,0.0,1.100067e-06,0.0,0.0
208.17190286571227,0.0,1.075809e-06,0.0,0.0
208.17147849231227,0.0,1.05967e-06,0.0,0.0
208.1710592480532,0.0,1.030421e-06,0.0,0.0
208.17063485477652,0.0,1.049193e-06,0.0,0.0
208.1702111173053,0.0,1.068605e-06,0.0,0.0
208.16980102006076,0.0,1.011562e-06,0.0,0.0
208.16938264183204,0.0,9.606447e-07,0.0,0.0
208.16896171760183,0.0,9.414071e-07,0.0,0.0
208.1685535424766,0.0,1.003384e-06,0.0,0.0
208.1681228669884,0.0,1.015607e-06,0.0,0.0
208.1677178551282,0.0,1.029635e-06,0.0,0.0
208.16730574296443,0.0,1.051347e-06,0.0,0.0
208.16689517611056,0.0,1.049528e-06,0.0,0.0
208.16649107609763,0.0,1.06715e-06,0.0,0.0
208.1660479464744,0.0,1.060442e-06,0.0,0.0
208.16565268028927,0.0,1.047127e-06,0.0,0.0
208.1652293948,0.0,1.022127e-06,0.0,0.0
208.16480171573087,0.0,1.020962e-06,0.0,0.0
208.1643831596092,0.0,1.018736e-06,0.0,0.0
208.16397923330848,0.0,1.001215e-06,0.0,0.0
208.16354476612707,0.0,1.013628e-06,0.0,0.0
208.1631199976228,0.0,9.643554e-07,0.0,0.0
208.1627097271773,0.0,9.365613e-07,0.0,0.0
208.16229446133588,0.0,9.202777e-07,0.0,0.0
208.16185977448364,0.0,9.139185e-07,0.0,0.0
208.1614358618268,0.0,8.744682000000001e-07,0.0,0.0
208.16100525679207,0.0,8.687493e-07,0.0,0.0
208.1605970870885,0.0,8.714704999999999e-07,0.0,0.0
208.16016641160024,0.0,8.689239999999999e-07,0.0,0.0
208.15976556043464,0.0,8.725765000000001e-07,0.0,0.0
208.15935868438635,0.0,8.507485999999999e-07,0.0,0.0
208.15893128045323,0.0,8.833449000000001e-07,0.0,0.0
208.15853141592163,0.0,9.357027e-07,0.0,0.0
208.1580924352614,0.0,1.00676e-06,0.0,0.0
208.15770698290265,0.0,1.029242e-06,0.0,0.0
208.15726826602872,0.0,1.029242e-06,0.0,0.0
208.15686144503115,0.0,1.017004e-06,0.0,0.0
208.1564604164712,0.0,1.017033e-06,0.0,0.0
208.15602974147987,0.0,1.060238e-06,0.0,0.0
208.15560622557115,0.0,1.091539e-06,0.0,0.0
208.15519135984783,0.0,1.141176e-06,0.0,0.0
208.1547758189037,0.0,1.148321e-06,0.0,0.0
208.15435158544767,0.0,1.096065e-06,0.0,0.0
208.15394422770103,0.0,1.073917e-06,0.0,0.0
208.1535122816508,0.0,1.105611e-06,0.0,0.0
208.1530816045408,0.0,1.107881e-06,0.0,0.0
208.15267365681808,0.0,1.071268e-06,0.0,0.0
208.15225531567003,0.0,1.109976e-06,0.0,0.0
208.15183976989687,0.0,1.085791e-06,0.0,0.0
208.15140436354056,0.0,1.09589e-06,0.0,0.0
208.15100230754024,0.0,1.114196e-06,0.0,0.0
208.1505771801162,0.0,1.081382e-06,0.0,0.0
208.15014971327608,0.0,1.071458e-06,0.0,0.0
208.1497496268939,0.0,1.107735e-06,0.0,0.0
208.14930640655788,0.0,1.141452e-06,0.0,0.0
208.1489204271404,0.0,1.087887e-06,0.0,0.0
208.1484964386832,0.0,1.098553e-06,0.0,0.0
208.14807099764744,0.0,1.106426e-06,0.0,0.0
208.14765223040467,0.0,1.109845e-06,0.0,0.0
208.1472291282308,0.0,1.145221e-06,0.0,0.0
208.14684163269223,0.0,1.135544e-06,0.0,0.0
208.14642580718368,0.0,1.094901e-06,0.0,0.0
208.14599703030555,0.0,1.108448e-06,0.0,0.0
208.1455893132778,0.0,1.105291e-06,0.0,0.0
208.1451559980214,0.0,1.09445e-06,0.0,0.0
208.14473200500632,0.0,1.105698e-06,0.0,0.0
208.14434918536716,0.0,1.119624e-06,0.0,0.0
208.14390617111664,0.0,1.090681e-06,0.0,0.0
208.14348120210923,0.0,1.125285e-06,0.0,0.0
208.1430869237282,0.0,1.113716e-06,0.0,0.0
208.14264254288344,0.0,1.094086e-06,0.0,0.0
208.1422170045776,0.0,1.095032e-06,0.0,0.0
208.14180202006463,0.0,1.101493e-06,0.0,0.0
208.14137324960595,0.0,1.031556e-06,0.0,0.0
208.14096807690348,0.0,1.117078e-06,0.0,0.0
208.1405440831589,0.0,1.120367e-06,0.0,0.0
208.140103947297,0.0,1.085136e-06,0.0,0.0
208.1396966033793,0.0,1.006396e-06,0.0,0.0
208.13928178938423,0.0,1.07041e-06,0.0,0.0
208.1388736179456,0.0,1.117223e-06,0.0,0.0
208.1384714778083,0.0,1.104971e-06,0.0,0.0
208.13804057491743,0.0,1.064254e-06,0.0,0.0
208.1376326283848,0.0,1.099324e-06,0.0,0.0
208.13720489197075,0.0,1.112901e-06,0.0,0.0
208.13681767216315,0.0,1.119377e-06,0.0,0.0
208.1363809131145,0.0,1.150605e-06,0.0,0.0
208.1359571748568,0.0,1.190725e-06,0.0,0.0
208.1355585371816,0.0,1.20292e-06,0.0,0.0
208.13511676144955,0.0,1.225912e-06,0.0,0.0
208.1347313146738,0.0,1.207154e-06,0.0,0.0
208.13429800454048,0.0,1.177948e-06,0.0,0.0
208.13388245696976,0.0,1.20372e-06,0.0,0.0
208.1334615621197,0.0,1.177075e-06,0.0,0.0
208.1330152308848,0.0,1.159875e-06,0.0,0.0
208.1326159823588,0.0,1.153865e-06,0.0,0.0
208.13219173920035,0.0,1.155262e-06,0.0,0.0
208.1317488891497,0.0,1.121807e-06,0.0,0.0
208.13134077125588,0.0,1.196662e-06,0.0,0.0
208.13095531886097,0.0,1.118344e-06,0.0,0.0
208.130508106753,0.0,1.13601e-06,0.0,0.0
208.1300807198286,0.0,1.102599e-06,0.0,0.0
208.12968537742643,0.0,1.087974e-06,0.0,0.0
208.1292776226692,0.0,1.075998e-06,0.0,0.0
208.128854322158,0.0,1.107328e-06,0.0,0.0
208.12843877208323,0.0,1.084321e-06,0.0,0.0
208.12800786916483,0.0,1.090142e-06,0.0,0.0
208.12759969594376,0.0,1.030581e-06,0.0,0.0
208.12717056333585,0.0,1.070061e-06,0.0,0.0
208.1267771423972,0.0,1.046705e-06,0.0,0.0
208.1263618727643,0.0,1.047374e-06,0.0,0.0
208.12592199823425,0.0,1.059321e-06,0.0,0.0
208.1255365508746,0.0,1.126828e-06,0.0,0.0
208.1250974625869,0.0,1.120003e-06,0.0,0.0
208.12469746765296,0.0,1.179535e-06,0.0,0.0
208.1242563659991,0.0,1.147549e-06,0.0,0.0
208.12384081545252,0.0,1.142122e-06,0.0,0.0
208.12342699166027,0.0,1.156994e-06,0.0,0.0
208.12302000445573,0.0,1.134977e-06,0.0,0.0
208.12258918045765,0.0,1.110966e-06,0.0,0.0
208.12215551265103,0.0,1.113411e-06,0.0,0.0
208.12170891026,0.0,1.102482e-06,0.0,0.0
208.12131957546316,0.0,1.12511e-06,0.0,0.0
208.12090587819705,0.0,1.098044e-06,0.0,0.0
208.12048134507583,0.0,1.09445e-06,0.0,0.0
208.12005050416644,0.0,1.076027e-06,0.0,0.0
208.1196423290412,0.0,1.084554e-06,0.0,0.0
208.1192167432136,0.0,1.051842e-06,0.0,0.0
208.1188153326544,0.0,1.106688e-06,0.0,0.0
208.11841426039967,0.0,1.081469e-06,0.0,0.0
208.11798758298235,0.0,1.108434e-06,0.0,0.0
208.1175811881414,0.0,1.118024e-06,0.0,0.0
208.11713722349927,0.0,1.094915e-06,0.0,0.0
208.11673320320148,0.0,1.133521e-06,0.0,0.0
208.1163224547496,0.0,1.175213e-06,0.0,0.0
208.1159104668208,0.0,1.185123e-06,0.0,0.0
208.1155049767132,0.0,1.208464e-06,0.0,0.0
208.11507453107737,0.0,1.208842e-06,0.0,0.0
208.11464728616832,0.0,1.195294e-06,0.0,0.0
208.1142461065852,0.0,1.175096e-06,0.0,0.0
208.11381675593887,0.0,1.170803e-06,0.0,0.0
208.11338779543192,0.0,1.132837e-06,0.0,0.0
208.11296592993125,0.0,1.192791e-06,0.0,0.0
208.11255797939967,0.0,1.184773e-06,0.0,0.0
208.1121341152208,0.0,1.198117e-06,0.0,0.0
208.11168556527585,0.0,1.226232e-06,0.0,0.0
208.11128638529783,0.0,1.219712e-06,0.0,0.0
208.1108818237979,0.0,1.205699e-06,0.0,0.0
208.11046103985817,0.0,1.164561e-06,0.0,0.0
208.11004325578395,0.0,1.163746e-06,0.0,0.0
208.1096217398612,0.0,1.183944e-06,0.0,0.0
208.10919157853897,0.0,1.176973e-06,0.0,0.0
208.10878243986423,0.0,1.22936e-06,0.0,0.0
208.10836818524152,0.0,8.761417e-07,0.0,0.0
208.10798495278007,0.0,1.350578e-06,0.0,0.0
208.1075457034771,0.0,1.257984e-06,0.0,0.0
208.10710519344232,0.0,1.259934e-06,0.0,0.0
208.1067199253856,0.0,1.242108e-06,0.0,0.0
208.10628413523307,0.0,1.265333e-06,0.0,0.0
208.1058754850244,0.0,1.25567e-06,0.0,0.0
208.1054731751491,0.0,1.261855e-06,0.0,0.0
208.10504272706336,0.0,1.290828e-06,0.0,0.0
208.10461171011173,0.0,1.262597e-06,0.0,0.0
208.1042050138472,0.0,1.310909e-06,0.0,0.0
208.10379169024887,0.0,1.300767e-06,0.0,0.0
208.10335777824707,0.0,1.353284e-06,0.0,0.0
208.1029343557697,0.0,1.379958e-06,0.0,0.0
208.10253504528364,0.0,1.383101e-06,0.0,0.0
208.10209528117545,0.0,1.367152e-06,0.0,0.0
208.1016643748628,0.0,1.384789e-06,0.0,0.0
208.1012439661744,0.0,1.443899e-06,0.0,0.0
208.10083932700348,0.0,1.344975e-06,0.0,0.0
208.100440309653,0.0,1.367094e-06,0.0,0.0
208.0999918425564,0.0,1.351364e-06,0.0,0.0
208.0995877906005,0.0,1.301873e-06,0.0,0.0
208.09916886179008,0.0,1.367924e-06,0.0,0.0
208.09872374267604,0.0,1.371765e-06,0.0,0.0
208.09834612431985,0.0,1.388224e-06,0.0,0.0
208.09792118633092,0.0,1.419467e-06,0.0,0.0
208.09750949262704,0.0,1.491862e-06,0.0,0.0
208.0970851346624,0.0,1.468507e-06,0.0,0.0
208.09665721323316,0.0,1.456487e-06,0.0,0.0
208.09625935414368,0.0,1.51596e-06,0.0,0.0
208.09584379994644,0.0,1.487759e-06,0.0,0.0
208.0954518149792,0.0,1.479784e-06,0.0,0.0
208.0950222170628,0.0,1.5353e-06,0.0,0.0
208.09458169738065,0.0,1.500899e-06,0.0,0.0
208.0941577036548,0.0,1.454697e-06,0.0,0.0
208.09375269138445,0.0,1.483757e-06,0.0,0.0
208.093323854386,0.0,1.514185e-06,0.0,0.0
208.09290858475308,0.0,1.438777e-06,0.0,0.0
208.09248317112767,0.0,1.440232e-06,0.0,0.0
208.09207522196047,0.0,1.466513e-06,0.0,0.0
208.09164454348556,0.0,1.351145e-06,0.0,0.0
208.09121944976965,0.0,1.405642e-06,0.0,0.0
208.09080547089107,0.0,1.405206e-06,0.0,0.0
208.09041586183105,0.0,1.360619e-06,0.0,0.0
208.08996902687628,0.0,1.369917e-06,0.0,0.0
208.08954815553756,0.0,1.393157e-06,0.0,0.0
208.08914654694092,0.0,1.312059e-06,0.0,0.0
208.08869894833356,0.0,1.370892e-06,0.0,0.0
208.0883114605556,0.0,1.328983e-06,0.0,0.0
208.0878956317062,0.0,1.314227e-06,0.0,0.0
208.08749048008943,0.0,1.29448e-06,0.0,0.0
208.0870643963445,0.0,1.277542e-06,0.0,0.0
208.08663799661133,0.0,1.302629e-06,0.0,0.0
208.0862337259877,0.0,1.292894e-06,0.0,0.0
208.0858181717905,0.0,1.30033e-06,0.0,0.0
208.0853862430644,0.0,1.269786e-06,0.0,0.0
208.08498237497315,0.0,1.279521e-06,0.0,0.0
208.08455905964,0.0,1.286811e-06,0.0,0.0
208.0841508798872,0.0,1.280612e-06,0.0,0.0
208.08372719995387,0.0,1.269611e-06,0.0,0.0
208.08329948699205,0.0,1.29074e-06,0.0,0.0
208.0828813584129,0.0,1.307999e-06,0.0,0.0
208.0824770068664,0.0,1.379478e-06,0.0,0.0
208.0820532617348,0.0,1.356078e-06,0.0,0.0
208.08161205971373,0.0,1.313587e-06,0.0,0.0
208.08118139454623,0.0,1.321197e-06,0.0,0.0
208.0807651161804,0.0,1.315944e-06,0.0,0.0
208.08034282803013,0.0,1.340304e-06,0.0,0.0
208.07993405020943,0.0,1.362496e-06,0.0,0.0
208.0795098054084,0.0,1.298366e-06,0.0,0.0
208.07911106485795,0.0,1.333756e-06,0.0,0.0
208.0786875721296,0.0,1.287219e-06,0.0,0.0
208.07827939586863,0.0,1.309658e-06,0.0,0.0
208.07785676956715,0.0,1.270324e-06,0.0,0.0
208.07744053989933,0.0,1.225373e-06,0.0,0.0
208.0770421050172,0.0,1.27955e-06,0.0,0.0
208.0766021494468,0.0,1.235385e-06,0.0,0.0
208.07619462176916,0.0,1.302033e-06,0.0,0.0
208.0757801451801,0.0,1.257882e-06,0.0,0.0
208.075364873832,0.0,1.272507e-06,0.0,0.0
208.0749672033847,0.0,1.236112e-06,0.0,0.0
208.074539087797,0.0,1.22351e-06,0.0,0.0
208.0741004097977,0.0,1.234308e-06,0.0,0.0
208.07367617025525,0.0,1.255408e-06,0.0,0.0
208.0732690199532,0.0,1.223554e-06,0.0,0.0
208.07285318509167,0.0,1.219683e-06,0.0,0.0
208.07242826894955,0.0,1.199427e-06,0.0,0.0
208.0719988170653,0.0,1.223249e-06,0.0,0.0
208.07157766922268,0.0,1.168097e-06,0.0,0.0
208.0711599664518,0.0,1.17434e-06,0.0,0.0
208.07073830015264,0.0,1.247361e-06,0.0,0.0
208.07032111583828,0.0,1.222463e-06,0.0,0.0
208.06993582396527,0.0,1.192369e-06,0.0,0.0
208.0694869931781,0.0,1.141423e-06,0.0,0.0
208.0690883828996,0.0,1.151362e-06,0.0,0.0
208.06866451281425,0.0,1.180655e-06,0.0,0.0
208.06825865488105,0.0,1.167078e-06,0.0,0.0
208.0678311414112,0.0,1.204171e-06,0.0,0.0
208.0674156081037,0.0,1.193039e-06,0.0,0.0
208.06700549890343,0.0,1.251334e-06,0.0,0.0
208.06658118105656,0.0,1.274588e-06,0.0,0.0
208.06615358849888,0.0,1.311695e-06,0.0,0.0
208.06575424222856,0.0,1.371649e-06,0.0,0.0
208.0653386898004,0.0,1.337467e-06,0.0,0.0
208.0649030250244,0.0,1.361885e-06,0.0,0.0
208.06451735395208,0.0,1.346765e-06,0.0,0.0
208.06407634783127,0.0,1.320674e-06,0.0,0.0
208.0636377946316,0.0,1.299311e-06,0.0,0.0
208.06323345137065,0.0,1.293578e-06,0.0,0.0
208.06281846630208,0.0,1.26948e-06,0.0,0.0
208.06240347460704,0.0,1.258828e-06,0.0,0.0
208.06195813375936,0.0,1.264183e-06,0.0,0.0
208.06157104086137,0.0,1.179564e-06,0.0,0.0
208.06113589875568,0.0,1.195905e-06,0.0,0.0
208.06071190574056,0.0,1.246575e-06,0.0,0.0
208.06027185174293,0.0,1.226654e-06,0.0,0.0
208.05986442596097,0.0,1.209832e-06,0.0,0.0
208.05946312147685,0.0,1.161447e-06,0.0,0.0
208.059032218586,0.0,1.148204e-06,0.0,0.0
208.05862427086333,0.0,1.099601e-06,0.0,0.0
208.05819494993875,0.0,9.897194000000003e-07,0.0,0.0
208.0578069029443,0.0,1.025619e-06,0.0,0.0
208.05739596497327,0.0,1.045322e-06,0.0,0.0
208.0569917977649,0.0,1.024717e-06,0.0,0.0
208.05654823405948,0.0,9.863725000000002e-07,0.0,0.0
208.056124747295,0.0,9.586947e-07,0.0,0.0
208.05572250448745,0.0,9.453506e-07,0.0,0.0
208.0553020087724,0.0,9.343348e-07,0.0,0.0
208.0548834210496,0.0,9.019132e-07,0.0,0.0
208.0544792757176,0.0,8.849602e-07,0.0,0.0
208.05405578398577,0.0,8.927746e-07,0.0,0.0
208.05361412936327,0.0,8.86721e-07,0.0,0.0
208.0531837944964,0.0,7.938361000000001e-07,0.0,0.0
208.05279533958648,0.0,9.802607e-07,0.0,0.0
208.0523800699536,0.0,9.026262e-07,0.0,0.0
208.051937618266,0.0,8.946663e-07,0.0,0.0
208.0515128324325,0.0,8.77335e-07,0.0,0.0
208.05111382984356,0.0,8.430943000000001e-07,0.0,0.0
208.05066690089,0.0,8.687202e-07,0.0,0.0
208.05026585398363,0.0,8.397764999999999e-07,0.0,0.0
208.04985873470403,0.0,8.364004e-07,0.0,0.0
208.04944215308663,0.0,8.150091000000001e-07,0.0,0.0
208.04902614642347,0.0,8.189381e-07,0.0,0.0
208.04860375727836,0.0,8.818897000000001e-07,0.0,0.0
208.0481740751463,0.0,9.094801e-07,0.0,0.0
208.04778183729047,0.0,8.199276999999999e-07,0.0,0.0
208.04736656765763,0.0,7.578055e-07,0.0,0.0
208.04692582864868,0.0,4.397589000000001e-07,0.0,0.0
208.0465260655524,0.0,2.3316530000000001e-07,0.0,0.0
208.0461019321592,0.0,1.4166290000000002e-07,0.0,0.0
208.0457019909024,0.0,8.750067e-08,0.0,0.0
208.04526188510349,0.0,6.084156e-08,0.0,0.0
208.0448463375328,0.0,4.710455e-08,0.0,0.0
208.04445371815635,0.0,3.38041e-08,0.0,0.0
208.04402474448048,0.0,2.501474e-08,0.0,0.0
208.0435938415896,0.0,1.987792e-08,0.0,0.0
208.04318544443893,0.0,1.692388e-08,0.0,0.0
208.0427697114305,0.0,1.564331e-08,0.0,0.0
208.0423372493244,0.0,1.273293e-08,0.0,0.0
208.04191056646377,0.0,1.293665e-08,0.0,0.0
208.04148501549088,0.0,1.039007e-08,0.0,0.0
208.04107683796573,0.0,9.895302e-09,0.0,0.0
208.4289375,5.0,2.25741e-05,0.0,0.0
208.4289375,5.0,-2.068118e-06,0.0,0.0
208.4289375,5.0,-1.12303e-06,0.0,0.0
208.4289375,5.0,-5.188776000000001e-07,0.0,0.0
208.42881921555016,5.0,-6.365008e-08,0.0,0.0
208.42864221227333,5.0,2.841698e-07,0.0,0.0
208.42840296796476,5.0,5.582697e-07,0.0,0.0
208.42813483138465,5.0,5.225302e-07,0.0,0.0
208.42784636453092,5.0,5.659676000000001e-07,0.0,0.0
208.42748587253,5.0,6.054906000000001e-07,0.0,0.0
208.4270964232528,5.0,8.069474e-07,0.0,0.0
208.4266883939219,5.0,8.129426999999999e-07,0.0,0.0
208.4262575303064,5.0,9.078503e-07,0.0,0.0
208.4258269820408,5.0,1.005115e-06,0.0,0.0
208.42541875654257,5.0,1.011475e-06,0.0,0.0
208.42499893304452,5.0,9.060168e-07,0.0,0.0
208.42458305750725,5.0,1.051827e-06,0.0,0.0
208.42419364704503,5.0,1.103152e-06,0.0,0.0
208.42376324915227,5.0,9.820651e-07,0.0,0.0
208.42333239174195,5.0,9.825453e-07,0.0,0.0
208.4229015093173,5.0,9.788782000000002e-07,0.0,0.0
208.42249900228708,5.0,9.308133e-07,0.0,0.0
208.4220628547145,5.0,9.318464e-07,0.0,0.0
208.42167529457288,5.0,9.898504e-07,0.0,0.0
208.42122786422968,5.0,1.024557e-06,0.0,0.0
208.4208042699036,5.0,9.69274e-07,0.0,0.0
208.4203626967601,5.0,9.696523e-07,0.0,0.0
208.4199446636561,5.0,9.956711e-07,0.0,0.0
208.41955777542464,5.0,8.621137000000001e-07,0.0,0.0
208.41912881573984,5.0,8.043280000000001e-07,0.0,0.0
208.41872798493137,5.0,1.047796e-06,0.0,0.0
208.4183007875829,5.0,1.064545e-06,0.0,0.0
208.41786995123007,5.0,1.045846e-06,0.0,0.0
208.4174845351156,5.0,9.47417e-07,0.0,0.0
208.4170515281456,5.0,9.630457e-07,0.0,0.0
208.41664538656505,5.0,1.048553e-06,0.0,0.0
208.41624235034203,5.0,1.034598e-06,0.0,0.0
208.4158065882937,5.0,9.685755e-07,0.0,0.0
208.4153757408532,5.0,9.879150000000003e-07,0.0,0.0
208.41497075247565,5.0,1.086461e-06,0.0,0.0
208.41455898247665,5.0,1.002278e-06,0.0,0.0
208.4141438608668,5.0,1.037159e-06,0.0,0.0
208.4137208583528,5.0,1.137421e-06,0.0,0.0
208.41330219480247,5.0,1.157081e-06,0.0,0.0
208.41288209080585,5.0,1.135486e-06,0.0,0.0
208.41245453446888,5.0,1.131382e-06,0.0,0.0
208.41202920527067,5.0,1.113891e-06,0.0,0.0
208.4115965206254,5.0,1.121167e-06,0.0,0.0
208.41118243010584,5.0,1.097549e-06,0.0,0.0
208.4107831007832,5.0,1.114007e-06,0.0,0.0
208.41034367978884,5.0,1.153356e-06,0.0,0.0
208.4099148820366,5.0,1.120789e-06,0.0,0.0
208.40951960292367,5.0,1.10027e-06,0.0,0.0
208.40910401027983,5.0,1.096443e-06,0.0,0.0
208.40870932050856,5.0,1.072607e-06,0.0,0.0
208.4082804397433,5.0,1.073524e-06,0.0,0.0
208.407856930033,5.0,1.037872e-06,0.0,0.0
208.40744254819407,5.0,1.058099e-06,0.0,0.0
208.4070271660772,5.0,1.177366e-06,0.0,0.0
208.40663929378087,5.0,1.203502e-06,0.0,0.0
208.40621712377964,5.0,1.171415e-06,0.0,0.0
208.40577129598967,5.0,1.193694e-06,0.0,0.0
208.4053726557707,5.0,1.079999e-06,0.0,0.0
208.40494868776992,5.0,1.057429e-06,0.0,0.0
208.40450649362853,5.0,1.078486e-06,0.0,0.0
208.40411874756148,5.0,1.085995e-06,0.0,0.0
208.40370041753647,5.0,9.973010000000002e-07,0.0,0.0
208.4032694691652,5.0,9.661308e-07,0.0,0.0
208.4028468960973,5.0,9.709183e-07,0.0,0.0
208.40243046463897,5.0,1.038279e-06,0.0,0.0
208.40201337496697,5.0,1.056396e-06,0.0,0.0
208.4015700519953,5.0,1.019842e-06,0.0,0.0
208.40115484146344,5.0,1.02607e-06,0.0,0.0
208.40074715806443,5.0,1.059059e-06,0.0,0.0
208.40032201985548,5.0,1.063891e-06,0.0,0.0
208.39989105315823,5.0,1.098131e-06,0.0,0.0
208.39948761120337,5.0,1.049033e-06,0.0,0.0
208.39907763460388,5.0,1.125183e-06,0.0,0.0
208.39864429682507,5.0,1.144188e-06,0.0,0.0
208.3982591495736,5.0,1.085238e-06,0.0,0.0
208.3978172681935,5.0,1.091073e-06,0.0,0.0
208.3974186483439,5.0,1.037261e-06,0.0,0.0
208.3969946358286,5.0,1.107357e-06,0.0,0.0
208.39658126642448,5.0,1.143024e-06,0.0,0.0
208.39617170004647,5.0,1.132532e-06,0.0,0.0
208.3957477559996,5.0,1.159366e-06,0.0,0.0
208.3953490130508,5.0,1.137407e-06,0.0,0.0
208.39490336053512,5.0,1.131048e-06,0.0,0.0
208.394479925986,5.0,1.135704e-06,0.0,0.0
208.39406462968384,5.0,1.085005e-06,0.0,0.0
208.3936767984131,5.0,1.074994e-06,0.0,0.0
208.3932482092568,5.0,1.003253e-06,0.0,0.0
208.392805288164,5.0,9.590876000000002e-07,0.0,0.0
208.3923636997663,5.0,1.076987e-06,0.0,0.0
208.39197833883165,5.0,1.154127e-06,0.0,0.0
208.39154439955905,5.0,1.154593e-06,0.0,0.0
208.3911289353697,5.0,1.137916e-06,0.0,0.0
208.3907280037751,5.0,1.163746e-06,0.0,0.0
208.39030075880737,5.0,1.135762e-06,0.0,0.0
208.38986324413472,5.0,1.132837e-06,0.0,0.0
208.38946208768368,5.0,1.120832e-06,0.0,0.0
208.38904090557656,5.0,1.078268e-06,0.0,0.0
208.3886650193316,5.0,1.074892e-06,0.0,0.0
208.38821847395528,5.0,1.199078e-06,0.0,0.0
208.38779744805444,5.0,1.198903e-06,0.0,0.0
208.3873763299212,5.0,1.146633e-06,0.0,0.0
208.38694737683105,5.0,1.185399e-06,0.0,0.0
208.386559728701,5.0,1.259352e-06,0.0,0.0
208.3861446568644,5.0,1.294437e-06,0.0,0.0
208.38572156186075,5.0,1.259192e-06,0.0,0.0
208.3853136133994,5.0,1.217093e-06,0.0,0.0
208.38487750801755,5.0,1.265405e-06,0.0,0.0
208.38445359457816,5.0,1.303924e-06,0.0,0.0
208.38406761385545,5.0,1.207402e-06,0.0,0.0
208.38362434663685,5.0,1.203865e-06,0.0,0.0
208.38320535541985,5.0,1.321343e-06,0.0,0.0
208.38280814901165,5.0,1.300199e-06,0.0,0.0
208.3823666188948,5.0,1.247812e-06,0.0,0.0
208.38193613075032,5.0,1.310575e-06,0.0,0.0
208.3815111806844,5.0,1.310327e-06,0.0,0.0
208.381092197852,5.0,1.240973e-06,0.0,0.0
208.38067796409845,5.0,1.242675e-06,0.0,0.0
208.38027054219089,5.0,1.304041e-06,0.0,0.0
208.3798299280396,5.0,1.27079e-06,0.0,0.0
208.3794317824144,5.0,1.251014e-06,0.0,0.0
208.379015129092,5.0,1.309687e-06,0.0,0.0
208.37859309110664,5.0,1.290289e-06,0.0,0.0
208.3781849887237,5.0,1.342327e-06,0.0,0.0
208.3777613709236,5.0,1.319393e-06,0.0,0.0
208.37736249940187,5.0,1.371896e-06,0.0,0.0
208.3769157996749,5.0,1.343535e-06,0.0,0.0
208.37649596381507,5.0,1.289169e-06,0.0,0.0
208.3761086116652,5.0,1.346038e-06,0.0,0.0
208.3756921153181,5.0,1.312947e-06,0.0,0.0
208.37529354026736,5.0,1.298249e-06,0.0,0.0
208.37485308810412,5.0,1.277396e-06,0.0,0.0
208.37442062868377,5.0,1.278662e-06,0.0,0.0
208.37401405933,5.0,1.232576e-06,0.0,0.0
208.37361560417875,5.0,1.270702e-06,0.0,0.0
208.3731720557437,5.0,1.275374e-06,0.0,0.0
208.3727441470756,5.0,1.29074e-06,0.0,0.0
208.3723135410366,5.0,1.328051e-06,0.0,0.0
208.3719056622252,5.0,1.320863e-06,0.0,0.0
208.37148301739475,5.0,1.198307e-06,0.0,0.0
208.3710665607784,5.0,1.319728e-06,0.0,0.0
208.37067966634703,5.0,1.271575e-06,0.0,0.0
208.3702317562916,5.0,1.383305e-06,0.0,0.0
208.36983309502315,5.0,1.354885e-06,0.0,0.0
208.3694091710872,5.0,1.295062e-06,0.0,0.0
208.36896264167444,5.0,1.349996e-06,0.0,0.0
208.3685751813265,5.0,1.245746e-06,0.0,0.0
208.3681596374052,5.0,1.343084e-06,0.0,0.0
208.36775106767493,5.0,1.329914e-06,0.0,0.0
208.36732596352635,5.0,1.35912e-06,0.0,0.0
208.36689109505863,5.0,1.367123e-06,0.0,0.0
208.3664874342793,5.0,1.35295e-06,0.0,0.0
208.36608304186555,5.0,1.474225e-06,0.0,0.0
208.36564842905835,5.0,1.451088e-06,0.0,0.0
208.36524544937737,5.0,1.46839e-06,0.0,0.0
208.3648214063336,5.0,1.446446e-06,0.0,0.0
208.36438362015568,5.0,1.330132e-06,0.0,0.0
208.36397794626245,5.0,1.455686e-06,0.0,0.0
208.36356284339223,5.0,1.49972e-06,0.0,0.0
208.36315159149305,5.0,1.456428e-06,0.0,0.0
208.36274697647164,5.0,1.399429e-06,0.0,0.0
208.36231634646387,5.0,1.481487e-06,0.0,0.0
208.3618802891996,5.0,1.503868e-06,0.0,0.0
208.36143181833825,5.0,1.446475e-06,0.0,0.0
208.36101523049285,5.0,1.365028e-06,0.0,0.0
208.3606278995101,5.0,1.430104e-06,0.0,0.0
208.36020815664432,5.0,1.362074e-06,0.0,0.0
208.35979085842584,5.0,1.45832e-06,0.0,0.0
208.3593696915926,5.0,1.483408e-06,0.0,0.0
208.35893927797363,5.0,1.480061e-06,0.0,0.0
208.35855141900336,5.0,1.441658e-06,0.0,0.0
208.35811583370145,5.0,1.430599e-06,0.0,0.0
208.35773310146047,5.0,1.462104e-06,0.0,0.0
208.35729320443224,5.0,1.516135e-06,0.0,0.0
208.35688068848947,5.0,1.461114e-06,0.0,0.0
208.356474431582,5.0,1.498003e-06,0.0,0.0
208.356031584618,5.0,1.501467e-06,0.0,0.0
208.35564387114889,5.0,1.475288e-06,0.0,0.0
208.3552210099548,5.0,1.513064e-06,0.0,0.0
208.3547902004927,5.0,1.573688e-06,0.0,0.0
208.35435968641343,5.0,1.485532e-06,0.0,0.0
208.35395306253648,5.0,1.46497e-06,0.0,0.0
208.3535395260424,5.0,1.493798e-06,0.0,0.0
208.35309634163087,5.0,1.495297e-06,0.0,0.0
208.3526819851864,5.0,1.584034e-06,0.0,0.0
208.35228286651693,5.0,1.453387e-06,0.0,0.0
208.3518433673972,5.0,1.447552e-06,0.0,0.0
208.3514125657924,5.0,1.439228e-06,0.0,0.0
208.35101047241488,5.0,1.510809e-06,0.0,0.0
208.35060305620664,5.0,1.481341e-06,0.0,0.0
208.35016270729065,5.0,1.463297e-06,0.0,0.0
208.34977178335265,5.0,1.415974e-06,0.0,0.0
208.3493397742168,5.0,1.425578e-06,0.0,0.0
208.34891963304247,5.0,1.370761e-06,0.0,0.0
208.34852629113547,5.0,1.388733e-06,0.0,0.0
208.34808343754497,5.0,1.408727e-06,0.0,0.0
208.34769390215584,5.0,1.381486e-06,0.0,0.0
208.3472713398412,5.0,1.288179e-06,0.0,0.0
208.34684159953545,5.0,1.393273e-06,0.0,0.0
208.3464487543683,5.0,1.376247e-06,0.0,0.0
208.34600694508444,5.0,1.348133e-06,0.0,0.0
208.34559107594208,5.0,1.396649e-06,0.0,0.0
208.34519948488835,5.0,1.429202e-06,0.0,0.0
208.3447699865471,5.0,1.390639e-06,0.0,0.0
208.34434724185107,5.0,1.395412e-06,0.0,0.0
208.34393007247743,5.0,1.361186e-06,0.0,0.0
208.3435060352204,5.0,1.418521e-06,0.0,0.0
208.34307089989167,5.0,1.424734e-06,0.0,0.0
208.3426830767606,5.0,1.393273e-06,0.0,0.0
208.34225323225155,5.0,1.404682e-06,0.0,0.0
208.34182246722773,5.0,1.404202e-06,0.0,0.0
208.34138704570404,5.0,1.391483e-06,0.0,0.0
208.34096297764592,5.0,1.385619e-06,0.0,0.0
208.34055282992583,5.0,1.380016e-06,0.0,0.0
208.34014039244147,5.0,1.337801e-06,0.0,0.0
208.3397165547832,5.0,1.273977e-06,0.0,0.0
208.33931763810057,5.0,1.320092e-06,0.0,0.0
208.3388751316193,5.0,1.311753e-06,0.0,0.0
208.338470197202,5.0,1.358276e-06,0.0,0.0
208.3380583718912,5.0,1.371853e-06,0.0,0.0
208.33764741706676,5.0,1.413151e-06,0.0,0.0
208.3372430678456,5.0,1.456152e-06,0.0,0.0
208.3368123750388,5.0,1.423061e-06,0.0,0.0
208.3364041490113,5.0,1.443594e-06,0.0,0.0
208.3359812177071,5.0,1.459994e-06,0.0,0.0
208.33556511912977,5.0,1.489389e-06,0.0,0.0
208.3351542665916,5.0,1.465669e-06,0.0,0.0
208.33473067380584,5.0,1.453154e-06,0.0,0.0
208.3342960960813,5.0,1.451044e-06,0.0,0.0
208.33388826205987,5.0,1.397988e-06,0.0,0.0
208.33346199478493,5.0,1.407956e-06,0.0,0.0
208.33304680853337,5.0,1.401277e-06,0.0,0.0
208.33265931741457,5.0,1.377761e-06,0.0,0.0
208.33221354235823,5.0,1.392546e-06,0.0,0.0
208.3317894743001,5.0,1.453445e-06,0.0,0.0
208.33134925725048,5.0,1.408887e-06,0.0,0.0
208.3309639043599,5.0,1.395121e-06,0.0,0.0
208.3305267795916,5.0,1.392254e-06,0.0,0.0
208.3301192048668,5.0,1.40669e-06,0.0,0.0
208.32971726520552,5.0,1.336681e-06,0.0,0.0
208.329286476016,5.0,1.29953e-06,0.0,0.0
208.32887846135287,5.0,1.349748e-06,0.0,0.0
208.3284497369069,5.0,1.28751e-06,0.0,0.0
208.32803963219925,5.0,1.344117e-06,0.0,0.0
208.3276262278628,5.0,1.381719e-06,0.0,0.0
208.3272026907072,5.0,1.460445e-06,0.0,0.0
208.32680369865088,5.0,1.393011e-06,0.0,0.0
208.3263797497006,5.0,1.352135e-06,0.0,0.0
208.3259317330293,5.0,1.401553e-06,0.0,0.0
208.32553241774272,5.0,1.388529e-06,0.0,0.0
208.3251275305585,5.0,1.450404e-06,0.0,0.0
208.3247075996597,5.0,1.455832e-06,0.0,0.0
208.32429974533224,5.0,1.503155e-06,0.0,0.0
208.32386204888712,5.0,1.486085e-06,0.0,0.0
208.3234380058433,5.0,1.46417e-06,0.0,0.0
208.32303003688105,5.0,1.409979e-06,0.0,0.0
208.3226070291224,5.0,1.264489e-06,0.0,0.0
208.32219077500704,5.0,1.338529e-06,0.0,0.0
208.32175973560365,5.0,1.41999e-06,0.0,0.0
208.3213180996088,5.0,1.470937e-06,0.0,0.0
208.3209210272106,5.0,1.497538e-06,0.0,0.0
208.32050223710905,5.0,1.490669e-06,0.0,0.0
208.32007219989188,5.0,1.460547e-06,0.0,0.0
208.31967330156664,5.0,1.452165e-06,0.0,0.0
208.31924925852283,5.0,1.501816e-06,0.0,0.0
208.31882316099905,5.0,1.421664e-06,0.0,0.0
208.31840477605783,5.0,1.397158e-06,0.0,0.0
208.31798198410104,5.0,1.387772e-06,0.0,0.0
208.31759429426967,5.0,1.414679e-06,0.0,0.0
208.31717891761767,5.0,1.406079e-06,0.0,0.0
208.31676536097683,5.0,1.422231e-06,0.0,0.0
208.31634148894747,5.0,1.401728e-06,0.0,0.0
208.3159129350645,5.0,1.338136e-06,0.0,0.0
208.31551711644784,5.0,1.461667e-06,0.0,0.0
208.31510201357764,5.0,1.438952e-06,0.0,0.0
208.31466169984787,5.0,1.426321e-06,0.0,0.0
208.3142710655829,5.0,1.424371e-06,0.0,0.0
208.31383893357923,5.0,1.427412e-06,0.0,0.0
208.31339437833725,5.0,1.42197e-06,0.0,0.0
208.31296967031116,5.0,1.456676e-06,0.0,0.0
208.3125678359996,5.0,1.437205e-06,0.0,0.0
208.31216727195087,5.0,1.435488e-06,0.0,0.0
208.31174025304,5.0,1.358057e-06,0.0,0.0
208.31129670744173,5.0,1.420442e-06,0.0,0.0
208.31089794015207,5.0,1.420602e-06,0.0,0.0
208.3104741023137,5.0,1.425622e-06,0.0,0.0
208.3100629160888,5.0,1.435168e-06,0.0,0.0
208.3096478745672,5.0,1.433626e-06,0.0,0.0
208.3092242493022,5.0,1.452136e-06,0.0,0.0
208.3088055894769,5.0,1.429667e-06,0.0,0.0
208.3083856723688,5.0,1.413573e-06,0.0,0.0
208.30795850213613,5.0,1.404042e-06,0.0,0.0
208.30757064362825,5.0,1.35423e-06,0.0,0.0
208.3071547347384,5.0,1.344597e-06,0.0,0.0
208.3067472447828,5.0,1.337175e-06,0.0,0.0
208.30631055657747,5.0,1.363922e-06,0.0,0.0
208.30589540666892,5.0,1.297987e-06,0.0,0.0
208.305493767382,5.0,1.320441e-06,0.0,0.0
208.3050504135034,5.0,1.357243e-06,0.0,0.0
208.3046446687949,5.0,1.372449e-06,0.0,0.0
208.30424139315355,5.0,1.337612e-06,0.0,0.0
208.30380558791808,5.0,1.419845e-06,0.0,0.0
208.30337502899184,5.0,1.40311e-06,0.0,0.0
208.30296988938065,5.0,1.445107e-06,0.0,0.0
208.3025580553316,5.0,1.43447e-06,0.0,0.0
208.30212235516257,5.0,1.360197e-06,0.0,0.0
208.30169849162897,5.0,1.411347e-06,0.0,0.0
208.30126670291,5.0,1.38623e-06,0.0,0.0
208.30085889189763,5.0,1.340784e-06,0.0,0.0
208.30042803448728,5.0,1.470733e-06,0.0,0.0
208.30001027223844,5.0,1.482724e-06,0.0,0.0
208.29960417951028,5.0,1.476379e-06,0.0,0.0
208.2992036635728,5.0,1.470151e-06,0.0,0.0
208.2987865352489,5.0,1.437758e-06,0.0,0.0
208.298357326058,5.0,1.403649e-06,0.0,0.0
208.2979340793925,5.0,1.413937e-06,0.0,0.0
208.29753506645488,5.0,1.340537e-06,0.0,0.0
208.29711795112289,5.0,1.424865e-06,0.0,0.0
208.2967123038226,5.0,1.392269e-06,0.0,0.0
208.29627926511287,5.0,1.314897e-06,0.0,0.0
208.29588942326316,5.0,1.305467e-06,0.0,0.0
208.29544105555647,5.0,1.302818e-06,0.0,0.0
208.2950254613563,5.0,1.223176e-06,0.0,0.0
208.2946177205224,5.0,1.202076e-06,0.0,0.0
208.29421593460407,5.0,1.191424e-06,0.0,0.0
208.2937699905995,5.0,1.254361e-06,0.0,0.0
208.29334636683555,5.0,1.215725e-06,0.0,0.0
208.29290389505945,5.0,1.200184e-06,0.0,0.0
208.29250490200107,5.0,1.211491e-06,0.0,0.0
208.29208902090505,5.0,1.290988e-06,0.0,0.0
208.29167394582856,5.0,1.251596e-06,0.0,0.0
208.2912618614569,5.0,1.335604e-06,0.0,0.0
208.29082799063497,5.0,1.395558e-06,0.0,0.0
208.29040407266288,5.0,1.323628e-06,0.0,0.0
208.28999900467315,5.0,1.350447e-06,0.0,0.0
208.2895692664084,5.0,1.358887e-06,0.0,0.0
208.2891575194577,5.0,1.371227e-06,0.0,0.0
208.2887523922734,5.0,1.417517e-06,0.0,0.0
208.28832158717256,5.0,1.384411e-06,0.0,0.0
208.28791346242824,5.0,1.380555e-06,0.0,0.0
208.2874930343837,5.0,1.346256e-06,0.0,0.0
208.287088537098,5.0,1.348541e-06,0.0,0.0
208.2866893587953,5.0,1.332257e-06,0.0,0.0
208.2862405760821,5.0,1.378736e-06,0.0,0.0
208.2858506955256,5.0,1.403358e-06,0.0,0.0
208.2854179213316,5.0,1.388107e-06,0.0,0.0
208.2849720801485,5.0,1.378474e-06,0.0,0.0
208.28459478031488,5.0,1.344219e-06,0.0,0.0
208.2841692982296,5.0,1.358509e-06,0.0,0.0
208.28374180427235,5.0,1.384426e-06,0.0,0.0
208.28332170607956,5.0,1.413631e-06,0.0,0.0
208.28290300859808,5.0,1.398323e-06,0.0,0.0
208.28248002864925,5.0,1.349021e-06,0.0,0.0
208.2820371177397,5.0,1.32827e-06,0.0,0.0
208.28162151194087,5.0,1.298235e-06,0.0,0.0
208.2812221653689,5.0,1.303706e-06,0.0,0.0
208.28079482092576,5.0,1.33198e-06,0.0,0.0
208.2803640748893,5.0,1.286506e-06,0.0,0.0
208.27995819551256,5.0,1.35522e-06,0.0,0.0
208.2795452010516,5.0,1.318636e-06,0.0,0.0
208.279135363146,5.0,1.285633e-06,0.0,0.0
208.2787323368456,5.0,1.292676e-06,0.0,0.0
208.27828754972865,5.0,1.242806e-06,0.0,0.0
208.27788858232424,5.0,1.249166e-06,0.0,0.0
208.2774644392232,5.0,1.284323e-06,0.0,0.0
208.27705368400467,5.0,1.236054e-06,0.0,0.0
208.27663608726408,5.0,1.239212e-06,0.0,0.0
208.2762147824889,5.0,1.263514e-06,0.0,0.0
208.2758186272412,5.0,1.295062e-06,0.0,0.0
208.27537596003737,5.0,1.327557e-06,0.0,0.0
208.27497078329137,5.0,1.321532e-06,0.0,0.0
208.27455918662508,5.0,1.334847e-06,0.0,0.0
208.27414384230568,5.0,1.334673e-06,0.0,0.0
208.27369938474567,5.0,1.286506e-06,0.0,0.0
208.27326758332205,5.0,1.365057e-06,0.0,0.0
208.27287666995684,5.0,1.359236e-06,0.0,0.0
208.27242850550104,5.0,1.398192e-06,0.0,0.0
208.27201149356972,5.0,1.358771e-06,0.0,0.0
208.27160535176097,5.0,1.379536e-06,0.0,0.0
208.27120462207915,5.0,1.3596e-06,0.0,0.0
208.27075728638863,5.0,1.358945e-06,0.0,0.0
208.270365244585,5.0,1.358872e-06,0.0,0.0
208.26993423021088,5.0,1.365974e-06,0.0,0.0
208.2695264887872,5.0,1.358436e-06,0.0,0.0
208.26910327203805,5.0,1.352906e-06,0.0,0.0
208.2686879565373,5.0,1.401131e-06,0.0,0.0
208.2682892599168,5.0,1.365246e-06,0.0,0.0
208.26784937880683,5.0,1.324413e-06,0.0,0.0
208.2674202538645,5.0,1.349021e-06,0.0,0.0
208.267027208438,5.0,1.348133e-06,0.0,0.0
208.2666118487972,5.0,1.368622e-06,0.0,0.0
208.26617217819776,5.0,1.377732e-06,0.0,0.0
208.26578694058983,5.0,1.347304e-06,0.0,0.0
208.2653478683985,5.0,1.348293e-06,0.0,0.0
208.26494788034256,5.0,1.369903e-06,0.0,0.0
208.26453486800236,5.0,1.349079e-06,0.0,0.0
208.2640916530927,5.0,1.362991e-06,0.0,0.0
208.2636998713264,5.0,1.341614e-06,0.0,0.0
208.26327843364248,5.0,1.351189e-06,0.0,0.0
208.26283923900635,5.0,1.325752e-06,0.0,0.0
208.26240534099463,5.0,1.345223e-06,0.0,0.0
208.2619999798442,5.0,1.308814e-06,0.0,0.0
208.2615983465012,5.0,1.296648e-06,0.0,0.0
208.26115529835428,5.0,1.338485e-06,0.0,0.0
208.2607301639705,5.0,1.255234e-06,0.0,0.0
208.26029953189587,5.0,1.231616e-06,0.0,0.0
208.2598917181852,5.0,1.244291e-06,0.0,0.0
208.25946599660813,5.0,1.303604e-06,0.0,0.0
208.2590643635656,5.0,1.286608e-06,0.0,0.0
208.25866302013276,5.0,1.259381e-06,0.0,0.0
208.2582169195624,5.0,1.321256e-06,0.0,0.0
208.2578313324205,5.0,1.292472e-06,0.0,0.0
208.25739168151708,5.0,1.281835e-06,0.0,0.0
208.25698880057857,5.0,1.295281e-06,0.0,0.0
208.25657320045,5.0,1.296459e-06,0.0,0.0
208.25616086602875,5.0,1.297303e-06,0.0,0.0
208.25575519923365,5.0,1.283377e-06,0.0,0.0
208.25531307414937,5.0,1.308377e-06,0.0,0.0
208.25491607969053,5.0,1.295048e-06,0.0,0.0
208.2544956885436,5.0,1.282126e-06,0.0,0.0
208.25405253279897,5.0,1.281005e-06,0.0,0.0
208.2536463989373,5.0,1.284992e-06,0.0,0.0
208.25324351645992,5.0,1.300868e-06,0.0,0.0
208.25280761483097,5.0,1.302338e-06,0.0,0.0
208.2523958691475,5.0,1.298919e-06,0.0,0.0
208.2519482818644,5.0,1.30861e-06,0.0,0.0
208.2515329197156,5.0,1.250795e-06,0.0,0.0
208.25112440934083,5.0,1.280641e-06,0.0,0.0
208.25072237856725,5.0,1.310516e-06,0.0,0.0
208.25027687206364,5.0,1.28946e-06,0.0,0.0
208.24986713370708,5.0,1.250766e-06,0.0,0.0
208.24945640888583,5.0,1.228473e-06,0.0,0.0
208.24904479028504,5.0,1.342967e-06,0.0,0.0
208.24863160293089,5.0,1.36008e-06,0.0,0.0
208.2482075645176,5.0,1.356078e-06,0.0,0.0
208.24780830310524,5.0,1.358901e-06,0.0,0.0
208.2473665699156,5.0,1.365726e-06,0.0,0.0
208.24696053549044,5.0,1.373599e-06,0.0,0.0
208.24654782973704,5.0,1.402834e-06,0.0,0.0
208.24613780074952,5.0,1.39483e-06,0.0,0.0
208.2457345120822,5.0,1.339053e-06,0.0,0.0
208.24529064019245,5.0,1.389082e-06,0.0,0.0
208.2448787283718,5.0,1.401306e-06,0.0,0.0
208.24447147877112,5.0,1.368433e-06,0.0,0.0
208.24402857531896,5.0,1.419292e-06,0.0,0.0
208.2436269082412,5.0,1.460357e-06,0.0,0.0
208.24322186741563,5.0,1.45199e-06,0.0,0.0
208.2427881217408,5.0,1.41385e-06,0.0,0.0
208.24235747441443,5.0,1.397508e-06,0.0,0.0
208.2419254536356,5.0,1.405439e-06,0.0,0.0
208.2414812893184,5.0,1.451655e-06,0.0,0.0
208.24110293952748,5.0,1.470718e-06,0.0,0.0
208.24067800048485,5.0,1.475884e-06,0.0,0.0
208.24024866563423,5.0,1.436114e-06,0.0,0.0
208.2398408370345,5.0,1.406821e-06,0.0,0.0
208.239410138806,5.0,1.408e-06,0.0,0.0
208.2390088311841,5.0,1.385546e-06,0.0,0.0
208.23860154777185,5.0,1.351174e-06,0.0,0.0
208.2381635678724,5.0,1.353736e-06,0.0,0.0
208.23777834791528,5.0,1.288528e-06,0.0,0.0
208.2373385167164,5.0,1.253968e-06,0.0,0.0
208.2369394518636,5.0,1.27207e-06,0.0,0.0
208.2365158290933,5.0,1.270339e-06,0.0,0.0
208.2361009650519,5.0,1.178501e-06,0.0,0.0
208.2356937942044,5.0,1.201741e-06,0.0,0.0
208.23527003228213,5.0,1.21881e-06,0.0,0.0
208.2348405515768,5.0,1.246968e-06,0.0,0.0
208.2344237695322,5.0,1.249136e-06,0.0,0.0
208.2340049483153,5.0,1.271634e-06,0.0,0.0
208.2335739851788,5.0,1.228633e-06,0.0,0.0
208.23315322086225,5.0,1.191365e-06,0.0,0.0
208.23275072609556,5.0,1.257096e-06,0.0,0.0
208.23232668154344,5.0,1.267865e-06,0.0,0.0
208.2318832403886,5.0,1.295237e-06,0.0,0.0
208.23147907669212,5.0,1.283086e-06,0.0,0.0
208.231068454608,5.0,1.292196e-06,0.0,0.0
208.23065646050955,5.0,1.282635e-06,0.0,0.0
208.230251452356,5.0,1.280088e-06,0.0,0.0
208.2298093089744,5.0,1.264183e-06,0.0,0.0
208.2293940775662,5.0,1.30586e-06,0.0,0.0
208.22899221761864,5.0,1.328008e-06,0.0,0.0
208.22854889153396,5.0,1.339416e-06,0.0,0.0
208.2281610946835,5.0,1.335706e-06,0.0,0.0
208.22773510656464,5.0,1.329186e-06,0.0,0.0
208.2273043000565,5.0,1.282679e-06,0.0,0.0
208.22689637418225,5.0,1.218999e-06,0.0,0.0
208.22647159838087,5.0,1.27207e-06,0.0,0.0
208.22606937396105,5.0,1.246124e-06,0.0,0.0
208.225668427349,5.0,1.252512e-06,0.0,0.0
208.2252409468076,5.0,1.257111e-06,0.0,0.0
208.22482068896107,5.0,1.221691e-06,0.0,0.0
208.22439855572892,5.0,1.222448e-06,0.0,0.0
208.22397461274247,5.0,1.214721e-06,0.0,0.0
208.22357607324005,5.0,1.207023e-06,0.0,0.0
208.2231485373761,5.0,1.137058e-06,0.0,0.0
208.22272489606365,5.0,1.193621e-06,0.0,0.0
208.2222797663273,5.0,1.184613e-06,0.0,0.0
208.22188598184007,5.0,1.193097e-06,0.0,0.0
208.22145923563,5.0,1.17594e-06,0.0,0.0
208.22103351925807,5.0,1.144537e-06,0.0,0.0
208.22060089438727,5.0,1.177032e-06,0.0,0.0
208.22018578337125,5.0,1.174209e-06,0.0,0.0
208.2197777643065,5.0,1.1667e-06,0.0,0.0
208.2193468861211,5.0,1.159249e-06,0.0,0.0
208.21893896097225,5.0,1.156644e-06,0.0,0.0
208.2185234367672,5.0,1.2042e-06,0.0,0.0
208.21811582119847,5.0,1.190143e-06,0.0,0.0
208.21771453018053,5.0,1.092514e-06,0.0,0.0
208.2172839456533,5.0,1.17466e-06,0.0,0.0
208.21687574912696,5.0,1.210748e-06,0.0,0.0
208.21644659494123,5.0,1.180801e-06,0.0,0.0
208.21603673799248,5.0,1.223219e-06,0.0,0.0
208.21564371638783,5.0,1.235487e-06,0.0,0.0
208.21519926269457,5.0,1.231179e-06,0.0,0.0
208.21478176031297,5.0,1.237e-06,0.0,0.0
208.2143765615561,5.0,1.253502e-06,0.0,0.0
208.2139285711676,5.0,1.271939e-06,0.0,0.0
208.21351148233543,5.0,1.230117e-06,0.0,0.0
208.21310514330025,5.0,1.23425e-06,0.0,0.0
208.2127046599724,5.0,1.174179e-06,0.0,0.0
208.21225740311712,5.0,1.310938e-06,0.0,0.0
208.211833239298,5.0,1.3182e-06,0.0,0.0
208.21143407177888,5.0,1.289678e-06,0.0,0.0
208.210990536754,5.0,1.063876e-06,0.0,0.0
208.2105953315892,5.0,1.346867e-06,0.0,0.0
208.2101874928437,5.0,1.301538e-06,0.0,0.0
208.20975663673457,5.0,1.298584e-06,0.0,0.0
208.20933526129707,5.0,1.324224e-06,0.0,0.0
208.20891808716607,5.0,1.303066e-06,0.0,0.0
208.2084984200744,5.0,1.279332e-06,0.0,0.0
208.20811110436972,5.0,1.317676e-06,0.0,0.0
208.2076698677889,5.0,1.268447e-06,0.0,0.0
208.2072457997308,5.0,1.216031e-06,0.0,0.0
208.2068468611424,5.0,1.187829e-06,0.0,0.0
208.2064231701197,5.0,1.251145e-06,0.0,0.0
208.20601647455024,5.0,1.281165e-06,0.0,0.0
208.20559076104487,5.0,1.280641e-06,0.0,0.0
208.205175491412,5.0,1.265187e-06,0.0,0.0
208.2047627913396,5.0,1.263121e-06,0.0,0.0
208.20433859795483,5.0,1.2112e-06,0.0,0.0
208.20390767183864,5.0,1.233013e-06,0.0,0.0
208.2035054723136,5.0,1.207329e-06,0.0,0.0
208.20309753120816,5.0,1.131382e-06,0.0,0.0
208.20265791586945,5.0,1.117587e-06,0.0,0.0
208.2022342980694,5.0,1.119377e-06,0.0,0.0
208.20179931964168,5.0,1.106222e-06,0.0,0.0
208.20136855618907,5.0,1.118431e-06,0.0,0.0
208.2009627192535,5.0,1.086082e-06,0.0,0.0
208.2005504778164,5.0,1.108812e-06,0.0,0.0
208.2001221202792,5.0,1.073e-06,0.0,0.0
208.19973683244933,5.0,1.054417e-06,0.0,0.0
208.19929319862104,5.0,1.024804e-06,0.0,0.0
208.1988942812453,5.0,1.04327e-06,0.0,0.0
208.19847054354923,5.0,1.024309e-06,0.0,0.0
208.198059498782,5.0,1.036417e-06,0.0,0.0
208.1976433088164,5.0,1.035951e-06,0.0,0.0
208.19722062278248,5.0,1.018809e-06,0.0,0.0
208.19682504546105,5.0,1.065564e-06,0.0,0.0
208.19638180033087,5.0,1.087334e-06,0.0,0.0
208.19595412487195,5.0,1.094522e-06,0.0,0.0
208.1955663558153,5.0,1.130597e-06,0.0,0.0
208.1951507804508,5.0,1.089385e-06,0.0,0.0
208.19472684960976,5.0,1.103093e-06,0.0,0.0
208.194318808352,5.0,1.09004e-06,0.0,0.0
208.19388315350247,5.0,1.118606e-06,0.0,0.0
208.1934593309204,5.0,1.12399e-06,0.0,0.0
208.19301837497017,5.0,1.11977e-06,0.0,0.0
208.1926115259544,5.0,1.147419e-06,0.0,0.0
208.19221046237269,5.0,1.159875e-06,0.0,0.0
208.1917795333158,5.0,1.137625e-06,0.0,0.0
208.19134898195864,5.0,1.149674e-06,0.0,0.0
208.1909414550065,5.0,1.140565e-06,0.0,0.0
208.19052635116407,5.0,1.096676e-06,0.0,0.0
208.1901024058664,5.0,1.030217e-06,0.0,0.0
208.1897168256415,5.0,1.187873e-06,0.0,0.0
208.18927073368596,5.0,1.154433e-06,0.0,0.0
208.18887171782208,5.0,1.174121e-06,0.0,0.0
208.18844807940235,5.0,1.158522e-06,0.0,0.0
208.18803893927057,5.0,1.182299e-06,0.0,0.0
208.18761854226764,5.0,1.178312e-06,0.0,0.0
208.18720027352396,5.0,1.168315e-06,0.0,0.0
208.18679207593544,5.0,1.166147e-06,0.0,0.0
208.1863614004472,5.0,1.206325e-06,0.0,0.0
208.18595487848395,5.0,1.198641e-06,0.0,0.0
208.1855412557412,5.0,1.246633e-06,0.0,0.0
208.18512615449703,5.0,1.253298e-06,0.0,0.0
208.1846840176593,5.0,1.238936e-06,0.0,0.0
208.1842989394899,5.0,1.240944e-06,0.0,0.0
208.1838613384197,5.0,1.228036e-06,0.0,0.0
208.18341485630816,5.0,1.249471e-06,0.0,0.0
208.18302941538144,5.0,1.232067e-06,0.0,0.0
208.18260707128053,5.0,1.226581e-06,0.0,0.0
208.1821907901058,5.0,1.209715e-06,0.0,0.0
208.18175966530544,5.0,1.144712e-06,0.0,0.0
208.1813176382533,5.0,1.071647e-06,0.0,0.0
208.18091889001403,5.0,1.103283e-06,0.0,0.0
208.180473779701,5.0,1.10468e-06,0.0,0.0
208.1800585174452,5.0,1.095512e-06,0.0,0.0
208.17967074197307,5.0,1.130669e-06,0.0,0.0
208.17924334086743,5.0,1.140521e-06,0.0,0.0
208.17882306847105,5.0,1.097855e-06,0.0,0.0
208.1784047176565,5.0,1.106222e-06,0.0,0.0
208.17798188492756,5.0,1.112814e-06,0.0,0.0
208.17759412249737,5.0,1.120061e-06,0.0,0.0
208.17717884623795,5.0,1.100881e-06,0.0,0.0
208.1767655992752,5.0,1.049862e-06,0.0,0.0
208.17633248199857,5.0,1.053253e-06,0.0,0.0
208.17591374068067,5.0,1.074804e-06,0.0,0.0
208.17551860151983,5.0,1.088891e-06,0.0,0.0
208.17507527840965,5.0,1.088905e-06,0.0,0.0
208.17466501027727,5.0,1.039007e-06,0.0,0.0
208.1742640189761,5.0,9.615324e-07,0.0,0.0
208.1738263870664,5.0,1.03339e-06,0.0,0.0
208.1733957115781,5.0,9.975483e-07,0.0,0.0
208.17297087744527,5.0,1.025473e-06,0.0,0.0
208.17255663356204,5.0,1.076827e-06,0.0,0.0
208.1721681166936,5.0,1.07997e-06,0.0,0.0
208.17172131675952,5.0,1.01875e-06,0.0,0.0
208.17128756768716,5.0,1.040971e-06,0.0,0.0
208.1708796187092,5.0,1.003966e-06,0.0,0.0
208.17045148738967,5.0,1.029941e-06,0.0,0.0
208.1700515968191,5.0,1.017746e-06,0.0,0.0
208.16964900494656,5.0,1.017557e-06,0.0,0.0
208.16922532871067,5.0,1.002714e-06,0.0,0.0
208.16881738098803,5.0,9.563810000000002e-07,0.0,0.0
208.16838162726145,5.0,9.764917e-07,0.0,0.0
208.1679785312644,5.0,9.636424e-07,0.0,0.0
208.16757182959523,5.0,1.012813e-06,0.0,0.0
208.1671394523584,5.0,1.013512e-06,0.0,0.0
208.16673616015075,5.0,1.045933e-06,0.0,0.0
208.16631241843984,5.0,1.028078e-06,0.0,0.0
208.1658759793877,5.0,1.043765e-06,0.0,0.0
208.1654679924912,5.0,1.046152e-06,0.0,0.0
208.16505243023744,5.0,1.05174e-06,0.0,0.0
208.16464219740595,5.0,1.042281e-06,0.0,0.0
208.1642383681902,5.0,9.543292000000002e-07,0.0,0.0
208.16379496180585,5.0,9.319047e-07,0.0,0.0
208.16338206141384,5.0,8.538773e-07,0.0,0.0
208.1629758071816,5.0,7.953204e-07,0.0,0.0
208.1625327656612,5.0,7.812196000000001e-07,0.0,0.0
208.1621174960283,5.0,7.869676e-07,0.0,0.0
208.16169932140832,5.0,7.966592e-07,0.0,0.0
208.16125150996584,5.0,7.972412e-07,0.0,0.0
208.16086024713857,5.0,7.739145000000001e-07,0.0,0.0
208.16042877467544,5.0,8.122006000000001e-07,0.0,0.0
208.15998475702227,5.0,8.407368999999999e-07,0.0,0.0
208.15960604132823,5.0,8.269271e-07,0.0,0.0
208.15918172495927,5.0,8.689967e-07,0.0,0.0
208.1587673380152,5.0,9.091018e-07,0.0,0.0
208.15834392098367,5.0,9.133801e-07,0.0,0.0
208.1579584770163,5.0,9.715004e-07,0.0,0.0
208.15751981261428,5.0,1.013017e-06,0.0,0.0
208.15711308724937,5.0,1.044202e-06,0.0,0.0
208.1567119055534,5.0,1.094028e-06,0.0,0.0
208.15628123059443,5.0,1.108026e-06,0.0,0.0
208.15587351027432,5.0,1.090739e-06,0.0,0.0
208.15544347091807,5.0,1.098218e-06,0.0,0.0
208.1550191310828,5.0,1.123626e-06,0.0,0.0
208.15464014782248,5.0,1.082095e-06,0.0,0.0
208.15419639558007,5.0,1.054781e-06,0.0,0.0
208.15376445677296,5.0,1.100751e-06,0.0,0.0
208.15333378128472,5.0,1.083201e-06,0.0,0.0
208.1529253787569,5.0,1.086417e-06,0.0,0.0
208.15250741544304,5.0,1.102337e-06,0.0,0.0
208.1520766808602,5.0,1.072942e-06,0.0,0.0
208.1516488207506,5.0,1.07153e-06,0.0,0.0
208.15124266760589,5.0,1.101871e-06,0.0,0.0
208.15082995595304,5.0,1.104709e-06,0.0,0.0
208.15038609915072,5.0,1.096632e-06,0.0,0.0
208.14998221666784,5.0,1.086184e-06,0.0,0.0
208.14957192231185,5.0,1.106921e-06,0.0,0.0
208.1491597368224,5.0,1.108332e-06,0.0,0.0
208.1487545356626,5.0,1.092601e-06,0.0,0.0
208.148333335318,5.0,1.102802e-06,0.0,0.0
208.14791591834145,5.0,1.097476e-06,0.0,0.0
208.1474961315772,5.0,1.110515e-06,0.0,0.0
208.1470915305694,5.0,1.077933e-06,0.0,0.0
208.14669207480452,5.0,1.029315e-06,0.0,0.0
208.14624354320227,5.0,1.064138e-06,0.0,0.0
208.14583941542617,5.0,1.042747e-06,0.0,0.0
208.14542130953552,5.0,1.042645e-06,0.0,0.0
208.1449764624004,5.0,1.024295e-06,0.0,0.0
208.1445843824341,5.0,1.021326e-06,0.0,0.0
208.14417370164864,5.0,1.029126e-06,0.0,0.0
208.14374576240849,5.0,1.040797e-06,0.0,0.0
208.14332507976104,5.0,1.01488e-06,0.0,0.0
208.1429071433026,5.0,1.060602e-06,0.0,0.0
208.14248484334817,5.0,1.13959e-06,0.0,0.0
208.14204152127556,5.0,1.108841e-06,0.0,0.0
208.14162624888536,5.0,1.091816e-06,0.0,0.0
208.14120671520996,5.0,1.053049e-06,0.0,0.0
208.14079854050132,5.0,1.062508e-06,0.0,0.0
208.14036090317555,5.0,1.085078e-06,0.0,0.0
208.13995991777657,5.0,1.054941e-06,0.0,0.0
208.1395496294097,5.0,1.039007e-06,0.0,0.0
208.1391210666769,5.0,1.0238e-06,0.0,0.0
208.1387156862023,5.0,1.096269e-06,0.0,0.0
208.13828221811752,5.0,1.106251e-06,0.0,0.0
208.13789295158423,5.0,1.094915e-06,0.0,0.0
208.1374446755443,5.0,1.118693e-06,0.0,0.0
208.13705837831708,5.0,1.10695e-06,0.0,0.0
208.13664247066825,5.0,1.117485e-06,0.0,0.0
208.13621998250872,5.0,1.133172e-06,0.0,0.0
208.13581203478603,5.0,1.137189e-06,0.0,0.0
208.13538135929772,5.0,1.189852e-06,0.0,0.0
208.13495361982183,5.0,1.147288e-06,0.0,0.0
208.1345525446948,5.0,1.170658e-06,0.0,0.0
208.13413699578533,5.0,1.141234e-06,0.0,0.0
208.13371549875427,5.0,1.129767e-06,0.0,0.0
208.13328483199857,5.0,1.147506e-06,0.0,0.0
208.13287665356248,5.0,1.132852e-06,0.0,0.0
208.13244786214065,5.0,1.111912e-06,0.0,0.0
208.1320042647446,5.0,1.120192e-06,0.0,0.0
208.13160690005807,5.0,1.110515e-06,0.0,0.0
208.1312000975963,5.0,1.097855e-06,0.0,0.0
208.13076828051692,5.0,1.104054e-06,0.0,0.0
208.13033715197545,5.0,1.082197e-06,0.0,0.0
208.12992897666533,5.0,1.076784e-06,0.0,0.0
208.12951152856945,5.0,1.087858e-06,0.0,0.0
208.12910538922443,5.0,1.107896e-06,0.0,0.0
208.12870513368216,5.0,1.069304e-06,0.0,0.0
208.12828783385396,5.0,1.068067e-06,0.0,0.0
208.12785891327667,5.0,1.021952e-06,0.0,0.0
208.12741493153763,5.0,1.044362e-06,0.0,0.0
208.1270364223112,5.0,9.682844e-07,0.0,0.0
208.1266046499618,5.0,1.031891e-06,0.0,0.0
208.1261890420685,5.0,1.042645e-06,0.0,0.0
208.12578109095372,5.0,1.073757e-06,0.0,0.0
208.1253504153244,5.0,1.093591e-06,0.0,0.0
208.12492101466592,5.0,1.090579e-06,0.0,0.0
208.12452775035223,5.0,1.093416e-06,0.0,0.0
208.12411164690596,5.0,1.114196e-06,0.0,0.0
208.12367226791676,5.0,1.071094e-06,0.0,0.0
208.12327199679612,5.0,1.097942e-06,0.0,0.0
208.12284825392447,5.0,1.107604e-06,0.0,0.0
208.12240273747744,5.0,1.116292e-06,0.0,0.0
208.12197974833987,5.0,1.127788e-06,0.0,0.0
208.121563888851,5.0,1.111286e-06,0.0,0.0
208.12117698124044,5.0,1.11945e-06,0.0,0.0
208.12072904524297,5.0,1.123437e-06,0.0,0.0
208.12029482023507,5.0,1.101565e-06,0.0,0.0
208.11990656009587,5.0,1.134365e-06,0.0,0.0
208.11945979615288,5.0,1.107561e-06,0.0,0.0
208.11907258297185,5.0,1.138804e-06,0.0,0.0
208.1186570354012,5.0,1.122244e-06,0.0,0.0
208.11823213090733,5.0,1.149718e-06,0.0,0.0
208.11782372934744,5.0,1.086315e-06,0.0,0.0
208.11741555374624,5.0,1.108026e-06,0.0,0.0
208.1169948451184,5.0,1.127133e-06,0.0,0.0
208.11656537356183,5.0,1.123961e-06,0.0,0.0
208.11619115167403,5.0,1.17466e-06,0.0,0.0
208.1157428884148,5.0,1.178836e-06,0.0,0.0
208.11531782947853,5.0,1.207736e-06,0.0,0.0
208.11491990298097,5.0,1.103705e-06,0.0,0.0
208.11447462162005,5.0,1.209177e-06,0.0,0.0
208.11405907745333,5.0,1.18211e-06,0.0,0.0
208.1136715829305,5.0,1.146138e-06,0.0,0.0
208.11324403311588,5.0,1.181979e-06,0.0,0.0
208.11280093847893,5.0,1.217049e-06,0.0,0.0
208.1123599555997,5.0,1.208027e-06,0.0,0.0
208.1119297566638,5.0,1.174951e-06,0.0,0.0
208.1115391324216,5.0,1.166016e-06,0.0,0.0
208.11112385391644,5.0,1.170105e-06,0.0,0.0
208.11072373790552,5.0,1.13943e-06,0.0,0.0
208.1102963522079,5.0,1.152977e-06,0.0,0.0
208.10985824596756,5.0,1.170774e-06,0.0,0.0
208.1094570572085,5.0,1.160704e-06,0.0,0.0
208.1090350084997,5.0,1.204433e-06,0.0,0.0
208.108658074008,5.0,1.178894e-06,0.0,0.0
208.10821252871943,5.0,1.165725e-06,0.0,0.0
208.10779273878256,5.0,1.226479e-06,0.0,0.0
208.10737162923527,5.0,1.174238e-06,0.0,0.0
208.10694171638613,5.0,1.20436e-06,0.0,0.0
208.10655395395605,5.0,1.214241e-06,0.0,0.0
208.10613868965592,5.0,1.19739e-06,0.0,0.0
208.10571688460493,5.0,1.222754e-06,0.0,0.0
208.10530916692343,5.0,1.256587e-06,0.0,0.0
208.1048725919509,5.0,1.244291e-06,0.0,0.0
208.1044490948071,5.0,1.260487e-06,0.0,0.0
208.1040400984099,5.0,1.294364e-06,0.0,0.0
208.1036263654805,5.0,1.296576e-06,0.0,0.0
208.1032026170056,5.0,1.27386e-06,0.0,0.0
208.10280387755725,5.0,1.265784e-06,0.0,0.0
208.1023621697803,5.0,1.264852e-06,0.0,0.0
208.10193127217607,5.0,1.320426e-06,0.0,0.0
208.101514890022,5.0,1.349777e-06,0.0,0.0
208.1010718485016,5.0,1.303051e-06,0.0,0.0
208.1006621955928,5.0,1.341818e-06,0.0,0.0
208.1002609270286,5.0,1.308334e-06,0.0,0.0
208.09982357485248,5.0,1.302804e-06,0.0,0.0
208.09941563008087,5.0,1.327877e-06,0.0,0.0
208.0989955003372,5.0,1.35084e-06,0.0,0.0
208.0985907040916,5.0,1.353605e-06,0.0,0.0
208.09819155951027,5.0,1.378168e-06,0.0,0.0
208.0977758107648,5.0,1.421009e-06,0.0,0.0
208.09735293813324,5.0,1.398148e-06,0.0,0.0
208.09692073685585,5.0,1.392618e-06,0.0,0.0
208.0965143130884,5.0,1.418739e-06,0.0,0.0
208.09611639616284,5.0,1.439155e-06,0.0,0.0
208.0957181374777,5.0,1.398599e-06,0.0,0.0
208.09527502209545,5.0,1.466135e-06,0.0,0.0
208.0948512753168,5.0,1.464185e-06,0.0,0.0
208.09440548226232,5.0,1.401771e-06,0.0,0.0
208.09398310316587,5.0,1.447668e-06,0.0,0.0
208.0935956186736,5.0,1.411288e-06,0.0,0.0
208.09318034904072,5.0,1.386536e-06,0.0,0.0
208.09273206564148,5.0,1.336244e-06,0.0,0.0
208.09233358189516,5.0,1.410313e-06,0.0,0.0
208.09190983023475,5.0,1.339125e-06,0.0,0.0
208.09146371348103,5.0,1.411594e-06,0.0,0.0
208.09106209965168,5.0,1.391338e-06,0.0,0.0
208.0906603909457,5.0,1.369888e-06,0.0,0.0
208.0902344219145,5.0,1.430293e-06,0.0,0.0
208.08981510123087,5.0,1.364184e-06,0.0,0.0
208.08939579870355,5.0,1.341468e-06,0.0,0.0
208.08897126760172,5.0,1.357635e-06,0.0,0.0
208.0885834928136,5.0,1.30081e-06,0.0,0.0
208.08814490511665,5.0,1.303095e-06,0.0,0.0
208.08775701385508,5.0,1.279521e-06,0.0,0.0
208.0873219206989,5.0,1.27891e-06,0.0,0.0
208.0868836883837,5.0,1.25001e-06,0.0,0.0
208.0864991884292,5.0,1.211345e-06,0.0,0.0
208.0860632659817,5.0,1.203472e-06,0.0,0.0
208.08565194980844,5.0,1.225897e-06,0.0,0.0
208.08524723399145,5.0,1.204637e-06,0.0,0.0
208.08481633389457,5.0,1.232431e-06,0.0,0.0
208.08438997606385,5.0,1.19397e-06,0.0,0.0
208.08398636527525,5.0,1.286171e-06,0.0,0.0
208.08357109872773,5.0,1.309949e-06,0.0,0.0
208.083128054122,5.0,1.32386e-06,0.0,0.0
208.0827268758976,5.0,1.319524e-06,0.0,0.0
208.08231101047133,5.0,1.353925e-06,0.0,0.0
208.08186888179088,5.0,1.319873e-06,0.0,0.0
208.0814383698664,5.0,1.340828e-06,0.0,0.0
208.0810228223188,5.0,1.32386e-06,0.0,0.0
208.08059912637,5.0,1.304477e-06,0.0,0.0
208.08021345296143,5.0,1.339562e-06,0.0,0.0
208.07976755561387,5.0,1.279725e-06,0.0,0.0
208.07936881497707,5.0,1.24448e-06,0.0,0.0
208.07894507643076,5.0,1.247143e-06,0.0,0.0
208.0785362092431,5.0,1.339635e-06,0.0,0.0
208.07811537238635,5.0,1.33198e-06,0.0,0.0
208.07769758389148,5.0,1.308843e-06,0.0,0.0
208.07729960584984,5.0,1.309265e-06,0.0,0.0
208.0768587424133,5.0,1.302571e-06,0.0,0.0
208.0764518643418,5.0,1.291584e-06,0.0,0.0
208.07603819703496,5.0,1.265449e-06,0.0,0.0
208.07562913467257,5.0,1.267981e-06,0.0,0.0
208.07522672497743,5.0,1.228385e-06,0.0,0.0
208.0747819027844,5.0,1.231165e-06,0.0,0.0
208.0743581562008,5.0,1.202672e-06,0.0,0.0
208.0739140990068,5.0,1.224878e-06,0.0,0.0
208.07351852941235,5.0,1.222477e-06,0.0,0.0
208.0731028318251,5.0,1.219712e-06,0.0,0.0
208.07268715633316,5.0,1.23099e-06,0.0,0.0
208.07227162335323,5.0,1.224224e-06,0.0,0.0
208.07184860331995,5.0,1.210283e-06,0.0,0.0
208.0714159625992,5.0,1.19154e-06,0.0,0.0
208.07099198902628,5.0,1.201988e-06,0.0,0.0
208.07057907492836,5.0,1.177948e-06,0.0,0.0
208.07016809756587,5.0,1.187625e-06,0.0,0.0
208.06975645360168,5.0,1.14186e-06,0.0,0.0
208.0693320491896,5.0,1.116525e-06,0.0,0.0
208.06892410659813,5.0,1.135544e-06,0.0,0.0
208.0685058591179,5.0,1.083361e-06,0.0,0.0
208.0680908707388,5.0,1.092601e-06,0.0,0.0
208.0676994035381,5.0,1.077511e-06,0.0,0.0
208.06726997655784,5.0,1.177803e-06,0.0,0.0
208.06682905040648,5.0,1.199194e-06,0.0,0.0
208.0664303113364,5.0,1.226595e-06,0.0,0.0
208.06600631252888,5.0,1.250737e-06,0.0,0.0
208.06559189115217,5.0,1.199442e-06,0.0,0.0
208.0651828700533,5.0,1.226799e-06,0.0,0.0
208.06475304039208,5.0,1.197535e-06,0.0,0.0
208.0643223658972,5.0,1.200315e-06,0.0,0.0
208.06391418577823,5.0,1.182721e-06,0.0,0.0
208.06349401300764,5.0,1.205262e-06,0.0,0.0
208.06307847699608,5.0,1.207765e-06,0.0,0.0
208.0626901108469,5.0,1.183085e-06,0.0,0.0
208.06224188937372,5.0,1.218272e-06,0.0,0.0
208.06181822692605,5.0,1.189794e-06,0.0,0.0
208.06137514171328,5.0,1.160777e-06,0.0,0.0
208.06094601076967,5.0,1.148059e-06,0.0,0.0
208.06054616745675,5.0,1.128632e-06,0.0,0.0
208.0601426955556,5.0,1.094697e-06,0.0,0.0
208.05972038894228,5.0,1.096356e-06,0.0,0.0
208.05929968929456,5.0,1.075663e-06,0.0,0.0
208.0588759478912,5.0,1.053166e-06,0.0,0.0
208.0584733726204,5.0,1.017223e-06,0.0,0.0
208.05803830033287,5.0,1.005232e-06,0.0,0.0
208.05765446885704,5.0,9.690411000000002e-07,0.0,0.0
208.05723073091792,5.0,9.703799000000002e-07,0.0,0.0
208.0567961261985,5.0,9.509095e-07,0.0,0.0
208.05638817847583,5.0,9.068754e-07,0.0,0.0
208.05597677111948,5.0,9.01462e-07,0.0,0.0
208.05556390613447,5.0,8.619827000000001e-07,0.0,0.0
208.0551486599268,5.0,8.821517000000001e-07,0.0,0.0
208.05472483279144,5.0,8.704956000000001e-07,0.0,0.0
208.05429392840213,5.0,8.643110000000001e-07,0.0,0.0
208.0538858319608,5.0,8.07282e-07,0.0,0.0
208.05344619196228,5.0,8.870265e-07,0.0,0.0
208.0530304542922,5.0,9.133219e-07,0.0,0.0
208.05262265152365,5.0,9.230862e-07,0.0,0.0
208.05222037655096,5.0,9.37609e-07,0.0,0.0
208.0517746753416,5.0,9.849318e-07,0.0,0.0
208.05133584371663,5.0,9.90447e-07,0.0,0.0
208.05095049277,5.0,9.606592e-07,0.0,0.0
208.05052410415516,5.0,9.326468e-07,0.0,0.0
208.050100413414,5.0,9.315409e-07,0.0,0.0
208.0497151947449,5.0,9.026699e-07,0.0,0.0
208.04926921356488,5.0,8.881325e-07,0.0,0.0
208.04887047323885,5.0,8.549396e-07,0.0,0.0
208.04844673036712,5.0,8.922652000000001e-07,0.0,0.0
208.04803606629025,5.0,8.557108e-07,0.0,0.0
208.04763147596137,5.0,8.347852e-07,0.0,0.0
208.0471883363473,5.0,8.129864000000001e-07,0.0,0.0
208.0467932033672,5.0,7.626950000000001e-07,0.0,0.0
208.046365602792,5.0,7.995258999999999e-07,0.0,0.0
208.0459205018957,5.0,7.784984e-07,0.0,0.0
208.04553629116995,5.0,7.700582999999999e-07,0.0,0.0
208.0451270458736,5.0,7.21222e-07,0.0,0.0
208.04468463862807,5.0,7.080671e-07,0.0,0.0
208.0442853600653,5.0,7.333438000000001e-07,0.0,0.0
208.04386136290265,5.0,7.759227e-07,0.0,0.0
208.0434601132524,5.0,7.440102999999999e-07,0.0,0.0
208.043021812468,5.0,8.196511999999999e-07,0.0,0.0
208.04259306692748,5.0,8.065253000000001e-07,0.0,0.0
208.0421778014181,5.0,5.328184e-07,0.0,0.0
208.04174888934656,5.0,3.049354e-07,0.0,0.0
208.04130603795224,5.0,1.73517e-07,0.0,0.0
208.04091003873305,5.0,1.0647640000000003e-07,0.0,0.0
208.4289375,10.0,2.239336e-05,0.0,0.0
208.4289375,10.0,-2.211469e-06,0.0,0.0
208.4289375,10.0,-1.292399e-06,0.0,0.0
208.4289375,10.0,-7.01184e-07,0.0,0.0
208.4288113364917,10.0,-2.509914e-07,0.0,0.0
208.4286275794348,10.0,9.19099e-08,0.0,0.0
208.42840048707623,10.0,3.625901e-07,0.0,0.0
208.4281432842457,10.0,3.3430110000000004e-07,0.0,0.0
208.42784047174447,10.0,4.289905000000001e-07,0.0,0.0
208.42749688171205,10.0,4.864851000000001e-07,0.0,0.0
208.42707329605963,10.0,8.360657000000001e-07,0.0,0.0
208.42669216040647,10.0,8.962816e-07,0.0,0.0
208.42626185857216,10.0,8.186616e-07,0.0,0.0
208.425831138477,10.0,9.277283e-07,0.0,0.0
208.42539679922217,10.0,1.064065e-06,0.0,0.0
208.42499236549656,10.0,1.082488e-06,0.0,0.0
208.42458874059545,10.0,1.082328e-06,0.0,0.0
208.42415964811323,10.0,1.08633e-06,0.0,0.0
208.42375092932937,10.0,1.105131e-06,0.0,0.0
208.42332591007116,10.0,1.084627e-06,0.0,0.0
208.42289514971625,10.0,9.971700000000002e-07,0.0,0.0
208.4224705299984,10.0,9.583891e-07,0.0,0.0
208.42204320967824,10.0,1.021486e-06,0.0,0.0
208.42161597857617,10.0,1.043925e-06,0.0,0.0
208.42120661387688,10.0,1.059918e-06,0.0,0.0
208.42079852061653,10.0,1.075488e-06,0.0,0.0
208.4203677413968,10.0,1.122011e-06,0.0,0.0
208.41993708374173,10.0,1.169014e-06,0.0,0.0
208.41954085080224,10.0,1.165667e-06,0.0,0.0
208.4191213286,10.0,1.036358e-06,0.0,0.0
208.41869190565265,10.0,1.006731e-06,0.0,0.0
208.4183065752104,10.0,1.117354e-06,0.0,0.0
208.4178696278652,10.0,1.139953e-06,0.0,0.0
208.4174678237804,10.0,1.123088e-06,0.0,0.0
208.41705885764932,10.0,1.16475e-06,0.0,0.0
208.41664348240008,10.0,1.058594e-06,0.0,0.0
208.41623885978248,10.0,9.778305e-07,0.0,0.0
208.4158016879,10.0,1.015069e-06,0.0,0.0
208.41537089188836,10.0,1.009495e-06,0.0,0.0
208.41494090622123,10.0,9.476644e-07,0.0,0.0
208.4145535282852,10.0,1.00318e-06,0.0,0.0
208.41413812879324,10.0,9.666692e-07,0.0,0.0
208.4137165119476,10.0,9.388896000000002e-07,0.0,0.0
208.4132785791156,10.0,8.984935000000001e-07,0.0,0.0
208.4128436864241,10.0,9.112118e-07,0.0,0.0
208.4124355555764,10.0,8.984935000000001e-07,0.0,0.0
208.41201990285043,10.0,1.004795e-06,0.0,0.0
208.41160485941492,10.0,1.108754e-06,0.0,0.0
208.41118915978487,10.0,1.145527e-06,0.0,0.0
208.41077335670903,10.0,1.115055e-06,0.0,0.0
208.41035441742903,10.0,1.122651e-06,0.0,0.0
208.40990830351296,10.0,1.093635e-06,0.0,0.0
208.4095227229604,10.0,1.079039e-06,0.0,0.0
208.4090983040489,10.0,1.066903e-06,0.0,0.0
208.4086838736464,10.0,1.04752e-06,0.0,0.0
208.40828479874412,10.0,1.113614e-06,0.0,0.0
208.40784103784324,10.0,1.090462e-06,0.0,0.0
208.40742523404631,10.0,1.101289e-06,0.0,0.0
208.40701822038932,10.0,1.145105e-06,0.0,0.0
208.4066207813403,10.0,1.139997e-06,0.0,0.0
208.4061784432049,10.0,1.135762e-06,0.0,0.0
208.405784959098,10.0,1.043052e-06,0.0,0.0
208.4053558580005,10.0,1.033593e-06,0.0,0.0
208.4049216028364,10.0,1.067456e-06,0.0,0.0
208.404521070692,10.0,7.235649000000001e-07,0.0,0.0
208.40411483209328,10.0,7.2892e-07,0.0,0.0
208.40369757774627,10.0,8.392090000000001e-07,0.0,0.0
208.40324979204817,10.0,8.365023e-07,0.0,0.0
208.4028444180814,10.0,8.527713000000001e-07,0.0,0.0
208.4024270948668,10.0,8.340721000000001e-07,0.0,0.0
208.40199640681888,10.0,7.586059e-07,0.0,0.0
208.4015808608096,10.0,6.823975000000001e-07,0.0,0.0
208.4011657857332,10.0,7.873605e-07,0.0,0.0
208.4007193336108,10.0,8.353672000000001e-07,0.0,0.0
208.4003192679349,10.0,9.867799000000002e-07,0.0,0.0
208.3998970287685,10.0,9.157811e-07,0.0,0.0
208.39946277673795,10.0,8.06991e-07,0.0,0.0
208.3990625075172,10.0,8.106871999999999e-07,0.0,0.0
208.39866101087696,10.0,8.739880000000001e-07,0.0,0.0
208.39823522476533,10.0,1.019114e-06,0.0,0.0
208.397827481705,10.0,1.008812e-06,0.0,0.0
208.3973965797016,10.0,9.376236e-07,0.0,0.0
208.3969721663824,10.0,9.652722e-07,0.0,0.0
208.39658286439573,10.0,9.996147000000003e-07,0.0,0.0
208.396155666398,10.0,9.928917e-07,0.0,0.0
208.3957304333684,10.0,1.046967e-06,0.0,0.0
208.3953358894146,10.0,9.480136e-07,0.0,0.0
208.39491167127048,10.0,9.036594e-07,0.0,0.0
208.3944654752508,10.0,1.04311e-06,0.0,0.0
208.39404990353347,10.0,1.023276e-06,0.0,0.0
208.39363979710845,10.0,1.02559e-06,0.0,0.0
208.39323606801787,10.0,1.102409e-06,0.0,0.0
208.39280523621616,10.0,1.105713e-06,0.0,0.0
208.39237472246296,10.0,1.13195e-06,0.0,0.0
208.39194533513384,10.0,1.13454e-06,0.0,0.0
208.39155789297604,10.0,1.127977e-06,0.0,0.0
208.39114232423813,10.0,1.082284e-06,0.0,0.0
208.3906979233536,10.0,1.064705e-06,0.0,0.0
208.39027435169024,10.0,1.064094e-06,0.0,0.0
208.38987578987937,10.0,1.089167e-06,0.0,0.0
208.3894521265424,10.0,1.054796e-06,0.0,0.0
208.38904257080043,10.0,1.105276e-06,0.0,0.0
208.3886504294856,10.0,1.059234e-06,0.0,0.0
208.38820499800744,10.0,1.164721e-06,0.0,0.0
208.38780718964765,10.0,1.187072e-06,0.0,0.0
208.3873818815381,10.0,1.151944e-06,0.0,0.0
208.38695811912405,10.0,1.040156e-06,0.0,0.0
208.3865175571546,10.0,1.090884e-06,0.0,0.0
208.38613558444013,10.0,1.239547e-06,0.0,0.0
208.3857115718004,10.0,1.246517e-06,0.0,0.0
208.38528790097712,10.0,1.249427e-06,0.0,0.0
208.3848892063353,10.0,1.283319e-06,0.0,0.0
208.3844655385066,10.0,1.279885e-06,0.0,0.0
208.38402558466464,10.0,1.265187e-06,0.0,0.0
208.3836242566341,10.0,1.295251e-06,0.0,0.0
208.38321928547356,10.0,1.278153e-06,0.0,0.0
208.382785587187,10.0,1.254157e-06,0.0,0.0
208.38235482286487,10.0,1.284468e-06,0.0,0.0
208.38192401093508,10.0,1.28086e-06,0.0,0.0
208.38150560468384,10.0,1.268651e-06,0.0,0.0
208.38107482932827,10.0,1.268054e-06,0.0,0.0
208.38065418921,10.0,1.276087e-06,0.0,0.0
208.38025174056108,10.0,1.277192e-06,0.0,0.0
208.3798277508917,10.0,1.267006e-06,0.0,0.0
208.379429011032,10.0,1.263485e-06,0.0,0.0
208.3790053417874,10.0,1.299442e-06,0.0,0.0
208.3785816255484,10.0,1.338572e-06,0.0,0.0
208.37820463240672,10.0,1.315886e-06,0.0,0.0
208.37775931721487,10.0,1.284905e-06,0.0,0.0
208.3773357501576,10.0,1.383611e-06,0.0,0.0
208.37693683035465,10.0,1.373715e-06,0.0,0.0
208.37651291654728,10.0,1.35036e-06,0.0,0.0
208.37609827344355,10.0,1.355191e-06,0.0,0.0
208.37569073337136,10.0,1.356821e-06,0.0,0.0
208.37526711150664,10.0,1.287044e-06,0.0,0.0
208.3748382430227,10.0,1.124296e-06,0.0,0.0
208.3744209815412,10.0,1.294524e-06,0.0,0.0
208.3740020410424,10.0,1.143882e-06,0.0,0.0
208.3735862433276,10.0,1.223307e-06,0.0,0.0
208.37315118255623,10.0,1.246139e-06,0.0,0.0
208.3727486833782,10.0,1.270921e-06,0.0,0.0
208.3723249008873,10.0,1.280408e-06,0.0,0.0
208.37188209259992,10.0,1.30829e-06,0.0,0.0
208.37147785912208,10.0,1.358276e-06,0.0,0.0
208.3710668227412,10.0,1.312772e-06,0.0,0.0
208.37063007224376,10.0,1.356064e-06,0.0,0.0
208.37024482071595,10.0,1.340217e-06,0.0,0.0
208.3698076681036,10.0,1.328182e-06,0.0,0.0
208.36937210287064,10.0,1.313892e-06,0.0,0.0
208.368985381929,10.0,1.202978e-06,0.0,0.0
208.36857292306587,10.0,1.212902e-06,0.0,0.0
208.3681600531126,10.0,1.244087e-06,0.0,0.0
208.36773428152185,10.0,1.352353e-06,0.0,0.0
208.3673147208848,10.0,1.341876e-06,0.0,0.0
208.36689558568293,10.0,1.363383e-06,0.0,0.0
208.3664708625416,10.0,1.294087e-06,0.0,0.0
208.36608279438,10.0,1.285633e-06,0.0,0.0
208.3656669900386,10.0,1.384193e-06,0.0,0.0
208.36522042268723,10.0,1.437089e-06,0.0,0.0
208.36483237429724,10.0,1.353299e-06,0.0,0.0
208.3643982436761,10.0,1.254986e-06,0.0,0.0
208.3639745008044,10.0,1.463399e-06,0.0,0.0
208.36356325752007,10.0,1.394103e-06,0.0,0.0
208.3631478782916,10.0,1.384062e-06,0.0,0.0
208.362724179504,10.0,1.400069e-06,0.0,0.0
208.36229366319748,10.0,1.422959e-06,0.0,0.0
208.3618557173666,10.0,1.435415e-06,0.0,0.0
208.3614549544472,10.0,1.407185e-06,0.0,0.0
208.36102420885769,10.0,1.36155e-06,0.0,0.0
208.36060908911844,10.0,1.316934e-06,0.0,0.0
208.3601855875272,10.0,1.367182e-06,0.0,0.0
208.35978640385667,10.0,1.41804e-06,0.0,0.0
208.35934671762635,10.0,1.431967e-06,0.0,0.0
208.35893834278343,10.0,1.449866e-06,0.0,0.0
208.3585229722392,10.0,1.493929e-06,0.0,0.0
208.358115611742,10.0,1.479217e-06,0.0,0.0
208.35771433687577,10.0,1.438922e-06,0.0,0.0
208.3572834539664,10.0,1.466309e-06,0.0,0.0
208.35687527676023,10.0,1.471548e-06,0.0,0.0
208.35644599121923,10.0,1.457622e-06,0.0,0.0
208.35604634737896,10.0,1.468608e-06,0.0,0.0
208.3556432542054,10.0,1.415392e-06,0.0,0.0
208.3551988838257,10.0,1.406152e-06,0.0,0.0
208.35476715560944,10.0,1.472348e-06,0.0,0.0
208.35437615395605,10.0,1.509135e-06,0.0,0.0
208.3539283558981,10.0,1.522611e-06,0.0,0.0
208.3535113043328,10.0,1.465902e-06,0.0,0.0
208.3531051754842,10.0,1.431326e-06,0.0,0.0
208.3527044441419,10.0,1.457054e-06,0.0,0.0
208.35225724544657,10.0,1.464767e-06,0.0,0.0
208.3518332024028,10.0,1.49892e-06,0.0,0.0
208.3514339599252,10.0,1.49112e-06,0.0,0.0
208.3509901080521,10.0,1.493303e-06,0.0,0.0
208.35058592378184,10.0,1.453969e-06,0.0,0.0
208.3501872294988,10.0,1.344059e-06,0.0,0.0
208.3497563797189,10.0,1.416192e-06,0.0,0.0
208.3493483178547,10.0,1.414825e-06,0.0,0.0
208.34891582781964,10.0,1.426437e-06,0.0,0.0
208.34850969501207,10.0,1.455832e-06,0.0,0.0
208.3481104432604,10.0,1.375971e-06,0.0,0.0
208.34766943066435,10.0,1.440334e-06,0.0,0.0
208.3472456627783,10.0,1.431225e-06,0.0,0.0
208.34684672038827,10.0,1.369917e-06,0.0,0.0
208.34640125164168,10.0,1.408785e-06,0.0,0.0
208.34601616812617,10.0,1.356806e-06,0.0,0.0
208.34559072005007,10.0,1.379958e-06,0.0,0.0
208.34517533924213,10.0,1.369335e-06,0.0,0.0
208.34476254866385,10.0,1.378823e-06,0.0,0.0
208.34433830986848,10.0,1.423497e-06,0.0,0.0
208.34390422610088,10.0,1.43412e-06,0.0,0.0
208.34349909868143,10.0,1.456428e-06,0.0,0.0
208.34309767814332,10.0,1.426553e-06,0.0,0.0
208.34265449765408,10.0,1.341687e-06,0.0,0.0
208.34222986820296,10.0,1.369102e-06,0.0,0.0
208.3417992381952,10.0,1.345863e-06,0.0,0.0
208.34139110955653,10.0,1.318142e-06,0.0,0.0
208.34096553605988,10.0,1.283261e-06,0.0,0.0
208.34055012083155,10.0,1.270164e-06,0.0,0.0
208.34012174305653,10.0,1.381428e-06,0.0,0.0
208.33971652938257,10.0,1.33524e-06,0.0,0.0
208.3392833285036,10.0,1.346169e-06,0.0,0.0
208.3388752015784,10.0,1.355758e-06,0.0,0.0
208.33844627848472,10.0,1.365843e-06,0.0,0.0
208.3380468336497,10.0,1.417589e-06,0.0,0.0
208.33764335120296,10.0,1.423134e-06,0.0,0.0
208.33723866945004,10.0,1.449516e-06,0.0,0.0
208.33681243956607,10.0,1.427892e-06,0.0,0.0
208.3363860102878,10.0,1.423337e-06,0.0,0.0
208.3359812165077,10.0,1.448847e-06,0.0,0.0
208.33555308283047,10.0,1.459965e-06,0.0,0.0
208.33513460346248,10.0,1.422246e-06,0.0,0.0
208.33473049166216,10.0,1.420471e-06,0.0,0.0
208.33429588808704,10.0,1.424036e-06,0.0,0.0
208.33386521494936,10.0,1.399167e-06,0.0,0.0
208.33345942453772,10.0,1.408771e-06,0.0,0.0
208.3330468139606,10.0,1.43738e-06,0.0,0.0
208.33261178742515,10.0,1.408858e-06,0.0,0.0
208.332187765238,10.0,1.369684e-06,0.0,0.0
208.33177183443829,10.0,1.421358e-06,0.0,0.0
208.3313488277124,10.0,1.338471e-06,0.0,0.0
208.3309199316816,10.0,1.371314e-06,0.0,0.0
208.33052667384365,10.0,1.381704e-06,0.0,0.0
208.33011100847128,10.0,1.389824e-06,0.0,0.0
208.32971409593137,10.0,1.330467e-06,0.0,0.0
208.32928540624252,10.0,1.29838e-06,0.0,0.0
208.32886121142457,10.0,1.292909e-06,0.0,0.0
208.32844845686927,10.0,1.313907e-06,0.0,0.0
208.3280052697534,10.0,1.377324e-06,0.0,0.0
208.3276244772832,10.0,1.389388e-06,0.0,0.0
208.32720043869983,10.0,1.458888e-06,0.0,0.0
208.32678274361305,10.0,1.422697e-06,0.0,0.0
208.32636063379624,10.0,1.443506e-06,0.0,0.0
208.32593069599068,10.0,1.469292e-06,0.0,0.0
208.32554068666457,10.0,1.427019e-06,0.0,0.0
208.32512514572045,10.0,1.473396e-06,0.0,0.0
208.3246829433138,10.0,1.445034e-06,0.0,0.0
208.3242834393317,10.0,1.471431e-06,0.0,0.0
208.32385949634528,10.0,1.393128e-06,0.0,0.0
208.32341307620692,10.0,1.413035e-06,0.0,0.0
208.32301181645104,10.0,1.450724e-06,0.0,0.0
208.32260507326083,10.0,1.383727e-06,0.0,0.0
208.32218891571924,10.0,1.407388e-06,0.0,0.0
208.3217401363221,10.0,1.424327e-06,0.0,0.0
208.32131591943363,10.0,1.400113e-06,0.0,0.0
208.3209171776431,10.0,1.415247e-06,0.0,0.0
208.32047173279648,10.0,1.439883e-06,0.0,0.0
208.32005629549352,10.0,1.430744e-06,0.0,0.0
208.3196691922236,10.0,1.390858e-06,0.0,0.0
208.31924182378808,10.0,1.415916e-06,0.0,0.0
208.3188214951805,10.0,1.403823e-06,0.0,0.0
208.31840300058832,10.0,1.413544e-06,0.0,0.0
208.31797975827905,10.0,1.351917e-06,0.0,0.0
208.31759249063057,10.0,1.326582e-06,0.0,0.0
208.3171773877604,10.0,1.337161e-06,0.0,0.0
208.31676432126017,10.0,1.367211e-06,0.0,0.0
208.316330709734,10.0,1.375287e-06,0.0,0.0
208.31590990494976,10.0,1.399763e-06,0.0,0.0
208.31550827803187,10.0,1.395209e-06,0.0,0.0
208.31507265320107,10.0,1.37357e-06,0.0,0.0
208.3146599977936,10.0,1.391483e-06,0.0,0.0
208.31425428404228,10.0,1.414548e-06,0.0,0.0
208.3138230962469,10.0,1.418244e-06,0.0,0.0
208.31339253988168,10.0,1.399603e-06,0.0,0.0
208.3129669453212,10.0,1.40359e-06,0.0,0.0
208.31255348751213,10.0,1.407607e-06,0.0,0.0
208.3121413606225,10.0,1.422581e-06,0.0,0.0
208.3117173724706,10.0,1.394888e-06,0.0,0.0
208.311283867543,10.0,1.409557e-06,0.0,0.0
208.31087594798228,10.0,1.438661e-06,0.0,0.0
208.3104466662353,10.0,1.414272e-06,0.0,0.0
208.31004670378377,10.0,1.426786e-06,0.0,0.0
208.3096432329796,10.0,1.414242e-06,0.0,0.0
208.3092202923132,10.0,1.414155e-06,0.0,0.0
208.30880187813216,10.0,1.409673e-06,0.0,0.0
208.30837608734427,10.0,1.399429e-06,0.0,0.0
208.30797354023903,10.0,1.38607e-06,0.0,0.0
208.30756625101145,10.0,1.336695e-06,0.0,0.0
208.30713464336344,10.0,1.350811e-06,0.0,0.0
208.30673016504028,10.0,1.364504e-06,0.0,0.0
208.30629543432747,10.0,1.351174e-06,0.0,0.0
208.3058704441765,10.0,1.360837e-06,0.0,0.0
208.30546054610303,10.0,1.331253e-06,0.0,0.0
208.3050453048748,10.0,1.360037e-06,0.0,0.0
208.3046356317688,10.0,1.393288e-06,0.0,0.0
208.30423248595704,10.0,1.397784e-06,0.0,0.0
208.30378839616867,10.0,1.435532e-06,0.0,0.0
208.3033643781393,10.0,1.432185e-06,0.0,0.0
208.30296314622336,10.0,1.399516e-06,0.0,0.0
208.30254172037803,10.0,1.409091e-06,0.0,0.0
208.3021099507125,10.0,1.435765e-06,0.0,0.0
208.3016933928468,10.0,1.44387e-06,0.0,0.0
208.30124541363725,10.0,1.437351e-06,0.0,0.0
208.3008547521896,10.0,1.411128e-06,0.0,0.0
208.30042245918165,10.0,1.414417e-06,0.0,0.0
208.2999986912956,10.0,1.429449e-06,0.0,0.0
208.2995995738052,10.0,1.47734e-06,0.0,0.0
208.29917425639832,10.0,1.479493e-06,0.0,0.0
208.29876153156232,10.0,1.451874e-06,0.0,0.0
208.29835247624845,10.0,1.46922e-06,0.0,0.0
208.29790921428344,10.0,1.484455e-06,0.0,0.0
208.29751239964088,10.0,1.481618e-06,0.0,0.0
208.29709685447284,10.0,1.460852e-06,0.0,0.0
208.29670392141995,10.0,1.429566e-06,0.0,0.0
208.29627464785932,10.0,1.406079e-06,0.0,0.0
208.2958516205788,10.0,1.418317e-06,0.0,0.0
208.2954356554226,10.0,1.377062e-06,0.0,0.0
208.2950198156877,10.0,1.302207e-06,0.0,0.0
208.2945966964895,10.0,1.269931e-06,0.0,0.0
208.29418885456369,10.0,1.365086e-06,0.0,0.0
208.29376503256697,10.0,1.3955e-06,0.0,0.0
208.29332710216687,10.0,1.362758e-06,0.0,0.0
208.2928998286783,10.0,1.375854e-06,0.0,0.0
208.29249961833676,10.0,1.349094e-06,0.0,0.0
208.29208412800008,10.0,1.312903e-06,0.0,0.0
208.2916408906878,10.0,1.28684e-06,0.0,0.0
208.2912367952347,10.0,1.331646e-06,0.0,0.0
208.29081032834551,10.0,1.343666e-06,0.0,0.0
208.29037978929875,10.0,1.337088e-06,0.0,0.0
208.2899750057271,10.0,1.339387e-06,0.0,0.0
208.2895637132908,10.0,1.36465e-06,0.0,0.0
208.28915221105856,10.0,1.366599e-06,0.0,0.0
208.2887475945052,10.0,1.376437e-06,0.0,0.0
208.28832698847708,10.0,1.397479e-06,0.0,0.0
208.28790621841287,10.0,1.379813e-06,0.0,0.0
208.28748262073967,10.0,1.355103e-06,0.0,0.0
208.2871000331166,10.0,1.352455e-06,0.0,0.0
208.2866566557524,10.0,1.349894e-06,0.0,0.0
208.2862317293348,10.0,1.389039e-06,0.0,0.0
208.28583728608191,10.0,1.380948e-06,0.0,0.0
208.2853931743425,10.0,1.344393e-06,0.0,0.0
208.2849680488508,10.0,1.374181e-06,0.0,0.0
208.28458011587784,10.0,1.378867e-06,0.0,0.0
208.28416434973707,10.0,1.382359e-06,0.0,0.0
208.28371742106373,10.0,1.376771e-06,0.0,0.0
208.28332961739247,10.0,1.358683e-06,0.0,0.0
208.28289516104567,10.0,1.349486e-06,0.0,0.0
208.2824714431883,10.0,1.333261e-06,0.0,0.0
208.2820323055756,10.0,1.313951e-06,0.0,0.0
208.2816171537444,10.0,1.38169e-06,0.0,0.0
208.2811762451288,10.0,1.310691e-06,0.0,0.0
208.28079115643564,10.0,1.337277e-06,0.0,0.0
208.28035275980787,10.0,1.277629e-06,0.0,0.0
208.2799524704256,10.0,1.265114e-06,0.0,0.0
208.2795304497612,10.0,1.274806e-06,0.0,0.0
208.27911381905267,10.0,1.250213e-06,0.0,0.0
208.27870786407092,10.0,1.256893e-06,0.0,0.0
208.27827513304268,10.0,1.28588e-06,0.0,0.0
208.2778848791229,10.0,1.271488e-06,0.0,0.0
208.2774359975841,10.0,1.302527e-06,0.0,0.0
208.2770369931501,10.0,1.315711e-06,0.0,0.0
208.27663227831664,10.0,1.284207e-06,0.0,0.0
208.27621159787165,10.0,1.327586e-06,0.0,0.0
208.27580356460965,10.0,1.306078e-06,0.0,0.0
208.2753727512756,10.0,1.279099e-06,0.0,0.0
208.2749428718796,10.0,1.330787e-06,0.0,0.0
208.27455529752177,10.0,1.316803e-06,0.0,0.0
208.27411213819968,10.0,1.327484e-06,0.0,0.0
208.27369527885537,10.0,1.324501e-06,0.0,0.0
208.27326463152903,10.0,1.381341e-06,0.0,0.0
208.27285676934568,10.0,1.412045e-06,0.0,0.0
208.2724260941048,10.0,1.424225e-06,0.0,0.0
208.27200820795184,10.0,1.411376e-06,0.0,0.0
208.27158747606816,10.0,1.415508e-06,0.0,0.0
208.271178680922,10.0,1.409775e-06,0.0,0.0
208.2707551117481,10.0,1.43364e-06,0.0,0.0
208.2703278473416,10.0,1.455512e-06,0.0,0.0
208.26990986580216,10.0,1.446155e-06,0.0,0.0
208.26948842727984,10.0,1.435532e-06,0.0,0.0
208.269100947376,10.0,1.454566e-06,0.0,0.0
208.26868594993704,10.0,1.462075e-06,0.0,0.0
208.26827789298943,10.0,1.464432e-06,0.0,0.0
208.26784692729956,10.0,1.448177e-06,0.0,0.0
208.26741816806089,10.0,1.414111e-06,0.0,0.0
208.2670239765334,10.0,1.401946e-06,0.0,0.0
208.26659133565863,10.0,1.384149e-06,0.0,0.0
208.26616920333217,10.0,1.385924e-06,0.0,0.0
208.26576855630344,10.0,1.379318e-06,0.0,0.0
208.26533037778208,10.0,1.404114e-06,0.0,0.0
208.26494515566796,10.0,1.418855e-06,0.0,0.0
208.26450378082887,10.0,1.436725e-06,0.0,0.0
208.26408876134005,10.0,1.456996e-06,0.0,0.0
208.26369756137973,10.0,1.467793e-06,0.0,0.0
208.26326784628088,10.0,1.460052e-06,0.0,0.0
208.2628268348205,10.0,1.429289e-06,0.0,0.0
208.2624030187232,10.0,1.413966e-06,0.0,0.0
208.2619980687228,10.0,1.383291e-06,0.0,0.0
208.26158038431268,10.0,1.418797e-06,0.0,0.0
208.261153157944,10.0,1.366818e-06,0.0,0.0
208.26072868126911,10.0,1.370441e-06,0.0,0.0
208.26029789118647,10.0,1.368477e-06,0.0,0.0
208.2598897853168,10.0,1.361012e-06,0.0,0.0
208.25946375073903,10.0,1.379012e-06,0.0,0.0
208.25905113060327,10.0,1.383145e-06,0.0,0.0
208.258661205711,10.0,1.371314e-06,0.0,0.0
208.2582151470676,10.0,1.35295e-06,0.0,0.0
208.2578161052797,10.0,1.358945e-06,0.0,0.0
208.25737362444752,10.0,1.352295e-06,0.0,0.0
208.25698836332856,10.0,1.363383e-06,0.0,0.0
208.2565563352269,10.0,1.364446e-06,0.0,0.0
208.25614567769776,10.0,1.33409e-06,0.0,0.0
208.25574121956987,10.0,1.327338e-06,0.0,0.0
208.255310435802,10.0,1.270877e-06,0.0,0.0
208.2549023736163,10.0,1.308421e-06,0.0,0.0
208.25447890310505,10.0,1.307722e-06,0.0,0.0
208.2540637790676,10.0,1.340755e-06,0.0,0.0
208.2536330476086,10.0,1.353255e-06,0.0,0.0
208.2532056165836,10.0,1.299122e-06,0.0,0.0
208.2528048509622,10.0,1.328925e-06,0.0,0.0
208.2523633259876,10.0,1.318083e-06,0.0,0.0
208.25193241928363,10.0,1.328677e-06,0.0,0.0
208.2515330688672,10.0,1.338223e-06,0.0,0.0
208.251128341524,10.0,1.33281e-06,0.0,0.0
208.25068574003225,10.0,1.347624e-06,0.0,0.0
208.25030042373064,10.0,1.359615e-06,0.0,0.0
208.24986262449045,10.0,1.337394e-06,0.0,0.0
208.24941784192345,10.0,1.368942e-06,0.0,0.0
208.24904029360707,10.0,1.3729e-06,0.0,0.0
208.2486291300625,10.0,1.357344e-06,0.0,0.0
208.24822639785185,10.0,1.347813e-06,0.0,0.0
208.24778106898927,10.0,1.335909e-06,0.0,0.0
208.24734956633847,10.0,1.329099e-06,0.0,0.0
208.24695783341207,10.0,1.273685e-06,0.0,0.0
208.2465169612117,10.0,1.352557e-06,0.0,0.0
208.2461291643613,10.0,1.501845e-06,0.0,0.0
208.24570916875533,10.0,1.342225e-06,0.0,0.0
208.24527864947385,10.0,1.324777e-06,0.0,0.0
208.24487067703416,10.0,1.358145e-06,0.0,0.0
208.24444064084108,10.0,1.358261e-06,0.0,0.0
208.24403226390723,10.0,1.412147e-06,0.0,0.0
208.2436382136148,10.0,1.413893e-06,0.0,0.0
208.2431944489314,10.0,1.440436e-06,0.0,0.0
208.24276330631196,10.0,1.417677e-06,0.0,0.0
208.24235515392687,10.0,1.37162e-06,0.0,0.0
208.24192456968007,10.0,1.458495e-06,0.0,0.0
208.24150598814987,10.0,1.462511e-06,0.0,0.0
208.24107544036457,10.0,1.47082e-06,0.0,0.0
208.24065463397324,10.0,1.461231e-06,0.0,0.0
208.240252459345,10.0,1.442255e-06,0.0,0.0
208.2398156068593,10.0,1.406122e-06,0.0,0.0
208.23940768123023,10.0,1.317152e-06,0.0,0.0
208.2389859181612,10.0,1.433524e-06,0.0,0.0
208.23858228988945,10.0,1.375811e-06,0.0,0.0
208.23818316403603,10.0,1.349428e-06,0.0,0.0
208.2377687542215,10.0,1.328241e-06,0.0,0.0
208.23734555660184,10.0,1.263848e-06,0.0,0.0
208.23691276866697,10.0,1.253225e-06,0.0,0.0
208.2365072047623,10.0,1.22645e-06,0.0,0.0
208.23607973505847,10.0,1.208362e-06,0.0,0.0
208.2356686335561,10.0,1.209817e-06,0.0,0.0
208.23526792403453,10.0,1.231107e-06,0.0,0.0
208.23483003040351,10.0,1.229957e-06,0.0,0.0
208.23442215399265,10.0,1.190478e-06,0.0,0.0
208.23400286258232,10.0,1.233871e-06,0.0,0.0
208.23358723163028,10.0,1.231063e-06,0.0,0.0
208.2331438009969,10.0,1.195265e-06,0.0,0.0
208.2327212254457,10.0,1.203327e-06,0.0,0.0
208.23232595504825,10.0,1.215623e-06,0.0,0.0
208.23188287980813,10.0,1.265886e-06,0.0,0.0
208.231455110714,10.0,1.258944e-06,0.0,0.0
208.23105467919973,10.0,1.276261e-06,0.0,0.0
208.23065223216065,10.0,1.225402e-06,0.0,0.0
208.2302069710313,10.0,1.286404e-06,0.0,0.0
208.22982000410457,10.0,1.272492e-06,0.0,0.0
208.2293841624347,10.0,1.282067e-06,0.0,0.0
208.2289812271336,10.0,1.273031e-06,0.0,0.0
208.2285615759579,10.0,1.242865e-06,0.0,0.0
208.2281423483581,10.0,1.265333e-06,0.0,0.0
208.2277392956538,10.0,1.278459e-06,0.0,0.0
208.2273036168676,10.0,1.255976e-06,0.0,0.0
208.22689550454132,10.0,1.211112e-06,0.0,0.0
208.22647043559624,10.0,1.236185e-06,0.0,0.0
208.2260547777234,10.0,1.220149e-06,0.0,0.0
208.22566711984192,10.0,1.220993e-06,0.0,0.0
208.2252203143809,10.0,1.209555e-06,0.0,0.0
208.2247963515736,10.0,1.232314e-06,0.0,0.0
208.2243975540761,10.0,1.195556e-06,0.0,0.0
208.22394978943768,10.0,1.169901e-06,0.0,0.0
208.22354954899544,10.0,1.182241e-06,0.0,0.0
208.22314647943688,10.0,1.194901e-06,0.0,0.0
208.22272325774836,10.0,1.170731e-06,0.0,0.0
208.2222777929252,10.0,1.171415e-06,0.0,0.0
208.22185410223608,10.0,1.158245e-06,0.0,0.0
208.22140821732745,10.0,1.159729e-06,0.0,0.0
208.2210229734115,10.0,1.150853e-06,0.0,0.0
208.2205986332896,10.0,1.164444e-06,0.0,0.0
208.22018373111612,10.0,1.156164e-06,0.0,0.0
208.21977601232544,10.0,1.175576e-06,0.0,0.0
208.21934547870043,10.0,1.151493e-06,0.0,0.0
208.21893732631167,10.0,1.122491e-06,0.0,0.0
208.2185214555828,10.0,1.110879e-06,0.0,0.0
208.2180979491964,10.0,1.181048e-06,0.0,0.0
208.21771266449812,10.0,1.182794e-06,0.0,0.0
208.21726613736783,10.0,1.155437e-06,0.0,0.0
208.21686747013555,10.0,1.174529e-06,0.0,0.0
208.21644362720644,10.0,1.207794e-06,0.0,0.0
208.2160348950504,10.0,1.180553e-06,0.0,0.0
208.21561315729625,10.0,1.137465e-06,0.0,0.0
208.21519593597432,10.0,1.165114e-06,0.0,0.0
208.2147797153212,10.0,1.197768e-06,0.0,0.0
208.2143575121869,10.0,1.203138e-06,0.0,0.0
208.21392672841904,10.0,1.223714e-06,0.0,0.0
208.21350925959453,10.0,1.185501e-06,0.0,0.0
208.21308842684485,10.0,1.148088e-06,0.0,0.0
208.21267974262403,10.0,1.157998e-06,0.0,0.0
208.21225575538773,10.0,1.154272e-06,0.0,0.0
208.21181855636607,10.0,1.128516e-06,0.0,0.0
208.211410472788,10.0,1.162014e-06,0.0,0.0
208.21098914727136,10.0,1.137305e-06,0.0,0.0
208.21057362749443,10.0,1.142136e-06,0.0,0.0
208.2101863243056,10.0,1.178443e-06,0.0,0.0
208.20975593474287,10.0,1.165594e-06,0.0,0.0
208.20931413660216,10.0,1.154855e-06,0.0,0.0
208.2089154443556,10.0,1.131571e-06,0.0,0.0
208.20849174684264,10.0,1.090535e-06,0.0,0.0
208.20807884898687,10.0,1.092048e-06,0.0,0.0
208.2076670735896,10.0,1.098655e-06,0.0,0.0
208.20724024851623,10.0,1.1355e-06,0.0,0.0
208.2068468121965,10.0,1.136825e-06,0.0,0.0
208.2064014025416,10.0,1.15906e-06,0.0,0.0
208.20599907034585,10.0,1.160079e-06,0.0,0.0
208.2055906486704,10.0,1.149121e-06,0.0,0.0
208.20517501771832,10.0,1.143402e-06,0.0,0.0
208.20476232836336,10.0,1.18246e-06,0.0,0.0
208.20432845168395,10.0,1.131892e-06,0.0,0.0
208.20390728362608,10.0,1.139444e-06,0.0,0.0
208.2035051194119,10.0,1.152192e-06,0.0,0.0
208.20306936238185,10.0,1.120061e-06,0.0,0.0
208.20265387702523,10.0,1.148612e-06,0.0,0.0
208.2022084959348,10.0,1.127832e-06,0.0,0.0
208.20182133905303,10.0,1.079505e-06,0.0,0.0
208.201386031066,10.0,1.124397e-06,0.0,0.0
208.20093712929105,10.0,1.11456e-06,0.0,0.0
208.20052180507,10.0,1.117194e-06,0.0,0.0
208.20013416976929,10.0,1.123815e-06,0.0,0.0
208.19971328612303,10.0,1.112159e-06,0.0,0.0
208.19929522650568,10.0,1.089196e-06,0.0,0.0
208.1988745264705,10.0,1.096298e-06,0.0,0.0
208.19844490746007,10.0,1.08745e-06,0.0,0.0
208.19805738211727,10.0,1.056367e-06,0.0,0.0
208.19764685145893,10.0,1.049892e-06,0.0,0.0
208.19724239870715,10.0,1.015374e-06,0.0,0.0
208.19679869629223,10.0,9.967189e-07,0.0,0.0
208.1963852102566,10.0,1.068984e-06,0.0,0.0
208.19598025572697,10.0,1.037362e-06,0.0,0.0
208.1955372420004,10.0,1.083201e-06,0.0,0.0
208.1951340231824,10.0,1.09445e-06,0.0,0.0
208.1947299831264,10.0,1.124383e-06,0.0,0.0
208.1942953090104,10.0,1.123684e-06,0.0,0.0
208.1938644516001,10.0,1.075357e-06,0.0,0.0
208.1934583542818,10.0,1.177672e-06,0.0,0.0
208.19304537782608,10.0,1.145498e-06,0.0,0.0
208.1926109745596,10.0,1.126391e-06,0.0,0.0
208.19218689614303,10.0,1.153734e-06,0.0,0.0
208.191756440224,10.0,1.138935e-06,0.0,0.0
208.1913484509474,10.0,1.166976e-06,0.0,0.0
208.19091750257604,10.0,1.162509e-06,0.0,0.0
208.19051651444613,10.0,1.166147e-06,0.0,0.0
208.1901099080636,10.0,1.188033e-06,0.0,0.0
208.1896930272358,10.0,1.147375e-06,0.0,0.0
208.18928500673732,10.0,1.165783e-06,0.0,0.0
208.18884566616563,10.0,1.175606e-06,0.0,0.0
208.18842431389336,10.0,1.146735e-06,0.0,0.0
208.1880322264556,10.0,1.189692e-06,0.0,0.0
208.18760724271127,10.0,1.178487e-06,0.0,0.0
208.1872001743436,10.0,1.142878e-06,0.0,0.0
208.18677630640013,10.0,1.152424e-06,0.0,0.0
208.18633728454452,10.0,1.200053e-06,0.0,0.0
208.18595188266548,10.0,1.180655e-06,0.0,0.0
208.1855119751636,10.0,1.211491e-06,0.0,0.0
208.1850969556747,10.0,1.230292e-06,0.0,0.0
208.1847041030188,10.0,1.185501e-06,0.0,0.0
208.18427464715228,10.0,1.200096e-06,0.0,0.0
208.183851905032,10.0,1.21037e-06,0.0,0.0
208.18343603946755,10.0,1.220877e-06,0.0,0.0
208.18301205238149,10.0,1.178691e-06,0.0,0.0
208.1825770101142,10.0,1.183886e-06,0.0,0.0
208.18216146917007,10.0,1.144246e-06,0.0,0.0
208.18175227485108,10.0,1.125809e-06,0.0,0.0
208.18132711871309,10.0,1.125911e-06,0.0,0.0
208.18089208838927,10.0,1.11085e-06,0.0,0.0
208.1804681002548,10.0,1.176973e-06,0.0,0.0
208.18005714322783,10.0,1.066292e-06,0.0,0.0
208.1796406819286,10.0,1.074688e-06,0.0,0.0
208.17921874674184,10.0,1.10679e-06,0.0,0.0
208.17881057229425,10.0,1.126697e-06,0.0,0.0
208.1783844887156,10.0,1.091626e-06,0.0,0.0
208.177979332218,10.0,1.109933e-06,0.0,0.0
208.1775761515117,10.0,1.080451e-06,0.0,0.0
208.17717628801068,10.0,1.070934e-06,0.0,0.0
208.17674765111013,10.0,1.099092e-06,0.0,0.0
208.1763272371111,10.0,1.116787e-06,0.0,0.0
208.17590593568872,10.0,1.117922e-06,0.0,0.0
208.1754819374627,10.0,1.127424e-06,0.0,0.0
208.17507018270737,10.0,1.146211e-06,0.0,0.0
208.17465662038805,10.0,1.151668e-06,0.0,0.0
208.17423133209385,10.0,1.097273e-06,0.0,0.0
208.1738004321756,10.0,1.102948e-06,0.0,0.0
208.17339225407773,10.0,1.123452e-06,0.0,0.0
208.17296692952897,10.0,1.104941e-06,0.0,0.0
208.17255165989607,10.0,1.134817e-06,0.0,0.0
208.17212296080024,10.0,1.132925e-06,0.0,0.0
208.17171776445096,10.0,1.16165e-06,0.0,0.0
208.171293765472,10.0,1.177163e-06,0.0,0.0
208.17085342927672,10.0,1.179767e-06,0.0,0.0
208.1704465356202,10.0,1.174907e-06,0.0,0.0
208.17003227021124,10.0,1.146953e-06,0.0,0.0
208.16962380206488,10.0,1.136286e-06,0.0,0.0
208.16922164454823,10.0,1.11702e-06,0.0,0.0
208.1688029710836,10.0,1.139386e-06,0.0,0.0
208.16838302177823,10.0,1.133725e-06,0.0,0.0
208.1679550886996,10.0,1.141059e-06,0.0,0.0
208.16754349007417,10.0,1.112407e-06,0.0,0.0
208.16712984364756,10.0,1.139662e-06,0.0,0.0
208.1667058561584,10.0,1.141394e-06,0.0,0.0
208.1663068641776,10.0,1.090855e-06,0.0,0.0
208.1658653371651,10.0,1.11894e-06,0.0,0.0
208.16543466161525,10.0,1.100751e-06,0.0,0.0
208.1650356332213,10.0,1.10612e-06,0.0,0.0
208.16463099223208,10.0,1.074994e-06,0.0,0.0
208.16421036370363,10.0,1.071647e-06,0.0,0.0
208.1638019665976,10.0,1.059132e-06,0.0,0.0
208.1633649184741,10.0,1.033841e-06,0.0,0.0
208.16294117137,10.0,9.79504e-07,0.0,0.0
208.1625328898792,10.0,9.850337000000002e-07,0.0,0.0
208.16211894233012,10.0,9.604992e-07,0.0,0.0
208.1616949493151,10.0,9.606447e-07,0.0,0.0
208.161263598252,10.0,9.63526e-07,0.0,0.0
208.1608326937108,10.0,9.539071e-07,0.0,0.0
208.1604245185856,10.0,9.233045e-07,0.0,0.0
208.16000608617964,10.0,9.055511e-07,0.0,0.0
208.15957498751945,10.0,8.821953000000001e-07,0.0,0.0
208.1591754915341,10.0,9.125797e-07,0.0,0.0
208.15875175309347,10.0,9.1728e-07,0.0,0.0
208.15835301033536,10.0,9.579962000000002e-07,0.0,0.0
208.15790706255643,10.0,1.019871e-06,0.0,0.0
208.1575216151968,10.0,1.04733e-06,0.0,0.0
208.1570972555768,10.0,1.125954e-06,0.0,0.0
208.1566819901784,10.0,1.164721e-06,0.0,0.0
208.15626795721485,10.0,1.158856e-06,0.0,0.0
208.15584437419656,10.0,1.156237e-06,0.0,0.0
208.15541547329883,10.0,1.166278e-06,0.0,0.0
208.1550209116468,10.0,1.188644e-06,0.0,0.0
208.15460508613836,10.0,1.151973e-06,0.0,0.0
208.1541623225557,10.0,1.158798e-06,0.0,0.0
208.1537532065956,10.0,1.138775e-06,0.0,0.0
208.1533426076202,10.0,1.172448e-06,0.0,0.0
208.1528978245142,10.0,1.161708e-06,0.0,0.0
208.1524734711832,10.0,1.163236e-06,0.0,0.0
208.1520576400016,10.0,1.168126e-06,0.0,0.0
208.1516695930071,10.0,1.187698e-06,0.0,0.0
208.15122239526903,10.0,1.20062e-06,0.0,0.0
208.1507983997681,10.0,1.153865e-06,0.0,0.0
208.1503996548472,10.0,1.133027e-06,0.0,0.0
208.14995185194232,10.0,1.137611e-06,0.0,0.0
208.14956402279583,10.0,1.180713e-06,0.0,0.0
208.1491488136332,10.0,1.177221e-06,0.0,0.0
208.1487428665189,10.0,1.191656e-06,0.0,0.0
208.1483169970571,10.0,1.178923e-06,0.0,0.0
208.14788609416624,10.0,1.159526e-06,0.0,0.0
208.14748246132825,10.0,1.201479e-06,0.0,0.0
208.1470721941575,10.0,1.199282e-06,0.0,0.0
208.1466395232326,10.0,1.18617e-06,0.0,0.0
208.1462540798508,10.0,1.221444e-06,0.0,0.0
208.14581199314503,10.0,1.193563e-06,0.0,0.0
208.14537562745164,10.0,1.211869e-06,0.0,0.0
208.1449892560952,10.0,1.208944e-06,0.0,0.0
208.14455168306827,10.0,1.160064e-06,0.0,0.0
208.14414524977423,10.0,1.101944e-06,0.0,0.0
208.1437422823755,10.0,1.133172e-06,0.0,0.0
208.1433064020038,10.0,1.098379e-06,0.0,0.0
208.14287550034692,10.0,1.129229e-06,0.0,0.0
208.1424703033302,10.0,1.150023e-06,0.0,0.0
208.14205840409244,10.0,1.116423e-06,0.0,0.0
208.14162232326396,10.0,1.128719e-06,0.0,0.0
208.14119883053556,10.0,1.085093e-06,0.0,0.0
208.14076689757363,10.0,1.089735e-06,0.0,0.0
208.14035894985096,10.0,1.104694e-06,0.0,0.0
208.13992827436272,10.0,1.109802e-06,0.0,0.0
208.13952835935828,10.0,1.121531e-06,0.0,0.0
208.1391231903992,10.0,1.135486e-06,0.0,0.0
208.1386814813177,10.0,1.148815e-06,0.0,0.0
208.13829602866687,10.0,1.143329e-06,0.0,0.0
208.1378581402176,10.0,1.14525e-06,0.0,0.0
208.13745741087763,10.0,1.106659e-06,0.0,0.0
208.13701878748745,10.0,1.185457e-06,0.0,0.0
208.13661832894,10.0,1.212509e-06,0.0,0.0
208.13621267370732,10.0,1.221269e-06,0.0,0.0
208.1357799370532,10.0,1.207067e-06,0.0,0.0
208.135371761928,10.0,1.204418e-06,0.0,0.0
208.1349418899576,10.0,1.183158e-06,0.0,0.0
208.13452689175236,10.0,1.185283e-06,0.0,0.0
208.13411162211943,10.0,1.166904e-06,0.0,0.0
208.13371476904416,10.0,1.18812e-06,0.0,0.0
208.1332717282996,10.0,1.190856e-06,0.0,0.0
208.1328477372938,10.0,1.148495e-06,0.0,0.0
208.13240249446287,10.0,1.145469e-06,0.0,0.0
208.13200050615453,10.0,1.119522e-06,0.0,0.0
208.1315919544968,10.0,1.141452e-06,0.0,0.0
208.13117668486387,10.0,1.124718e-06,0.0,0.0
208.13076376634965,10.0,1.100387e-06,0.0,0.0
208.1303300339167,10.0,1.084438e-06,0.0,0.0
208.1299114898073,10.0,1.121123e-06,0.0,0.0
208.1295153283945,10.0,1.023131e-06,0.0,0.0
208.12907173099848,10.0,1.082401e-06,0.0,0.0
208.12868423987965,10.0,1.067136e-06,0.0,0.0
208.12825392576963,10.0,1.048378e-06,0.0,0.0
208.12782302686,10.0,1.04669e-06,0.0,0.0
208.12741507913728,10.0,1.070279e-06,0.0,0.0
208.12701409472217,10.0,1.033681e-06,0.0,0.0
208.1266073424661,10.0,1.03694e-06,0.0,0.0
208.1261912360503,10.0,1.043416e-06,0.0,0.0
208.1257426159636,10.0,1.048218e-06,0.0,0.0
208.1253410976856,10.0,1.095221e-06,0.0,0.0
208.12491042161005,10.0,1.095526e-06,0.0,0.0
208.12450871596985,10.0,1.11667e-06,0.0,0.0
208.12410164399657,10.0,1.172666e-06,0.0,0.0
208.1236614863336,10.0,1.124063e-06,0.0,0.0
208.12323749331847,10.0,1.172753e-06,0.0,0.0
208.1228387474351,10.0,1.170032e-06,0.0,0.0
208.12239409775927,10.0,1.211811e-06,0.0,0.0
208.12196862705275,10.0,1.17367e-06,0.0,0.0
208.12155307948203,10.0,1.156048e-06,0.0,0.0
208.1211239651428,10.0,1.098466e-06,0.0,0.0
208.1207387272624,10.0,1.164997e-06,0.0,0.0
208.12029479635683,10.0,1.1667e-06,0.0,0.0
208.11985436515087,10.0,1.177134e-06,0.0,0.0
208.11946914881264,10.0,1.155087e-06,0.0,0.0
208.11903341185936,10.0,1.205146e-06,0.0,0.0
208.11864563839532,10.0,1.125241e-06,0.0,0.0
208.11822270991448,10.0,1.204011e-06,0.0,0.0
208.11780361886207,10.0,1.134133e-06,0.0,0.0
208.11738350528464,10.0,1.145425e-06,0.0,0.0
208.1169791132656,10.0,1.201814e-06,0.0,0.0
208.11656818288705,10.0,1.146749e-06,0.0,0.0
208.11613670584688,10.0,1.226654e-06,0.0,0.0
208.11575148156967,10.0,1.198045e-06,0.0,0.0
208.11530872595367,10.0,1.194567e-06,0.0,0.0
208.11487262269887,10.0,1.196808e-06,0.0,0.0
208.11446295040923,10.0,1.219712e-06,0.0,0.0
208.11404712557527,10.0,1.22549e-06,0.0,0.0
208.1136315780046,10.0,1.216395e-06,0.0,0.0
208.11318868294845,10.0,1.229753e-06,0.0,0.0
208.11280346012217,10.0,1.221328e-06,0.0,0.0
208.11236644627795,10.0,1.260443e-06,0.0,0.0
208.11191949871264,10.0,1.263266e-06,0.0,0.0
208.11153428540104,10.0,1.263426e-06,0.0,0.0
208.1111124662576,10.0,1.280336e-06,0.0,0.0
208.1106952061612,10.0,1.245484e-06,0.0,0.0
208.110278946888,10.0,1.251043e-06,0.0,0.0
208.1098563555477,10.0,1.210952e-06,0.0,0.0
208.1094264568416,10.0,1.221473e-06,0.0,0.0
208.10903528687163,10.0,1.245615e-06,0.0,0.0
208.108602018854,10.0,1.188935e-06,0.0,0.0
208.10822126809356,10.0,1.191773e-06,0.0,0.0
208.10777928137404,10.0,1.214794e-06,0.0,0.0
208.10735554069177,10.0,1.199704e-06,0.0,0.0
208.10695458917172,10.0,1.214576e-06,0.0,0.0
208.1065153387192,10.0,1.228502e-06,0.0,0.0
208.10611573469288,10.0,1.216322e-06,0.0,0.0
208.10570981996756,10.0,1.231601e-06,0.0,0.0
208.10527711340387,10.0,1.223845e-06,0.0,0.0
208.10484621787816,10.0,1.238193e-06,0.0,0.0
208.10443887015128,10.0,1.222972e-06,0.0,0.0
208.10402344298404,10.0,1.238674e-06,0.0,0.0
208.1035998689254,10.0,1.299079e-06,0.0,0.0
208.10321442156572,10.0,1.292807e-06,0.0,0.0
208.10276812613893,10.0,1.31136e-06,0.0,0.0
208.10233012317136,10.0,1.352179e-06,0.0,0.0
208.10189922254344,10.0,1.355627e-06,0.0,0.0
208.10147544097168,10.0,1.365624e-06,0.0,0.0
208.10106082214352,10.0,1.340755e-06,0.0,0.0
208.1006729647844,10.0,1.347216e-06,0.0,0.0
208.10022542472916,10.0,1.318505e-06,0.0,0.0
208.09982617620315,10.0,1.332723e-06,0.0,0.0
208.09940193389312,10.0,1.385823e-06,0.0,0.0
208.09899699677084,10.0,1.389752e-06,0.0,0.0
208.09856717047893,10.0,1.401946e-06,0.0,0.0
208.09815546161067,10.0,1.442488e-06,0.0,0.0
208.0977501997944,10.0,1.491382e-06,0.0,0.0
208.09731952294635,10.0,1.445776e-06,0.0,0.0
208.09691134838823,10.0,1.476685e-06,0.0,0.0
208.09649055100323,10.0,1.485212e-06,0.0,0.0
208.09608650109163,10.0,1.520675e-06,0.0,0.0
208.0956877320557,10.0,1.505061e-06,0.0,0.0
208.095239266666,10.0,1.499779e-06,0.0,0.0
208.09482661088649,10.0,1.520311e-06,0.0,0.0
208.09441703289724,10.0,1.498003e-06,0.0,0.0
208.09397171056747,10.0,1.512235e-06,0.0,0.0
208.09356954715372,10.0,1.457651e-06,0.0,0.0
208.09316867187795,10.0,1.449182e-06,0.0,0.0
208.0927407375511,10.0,1.448177e-06,0.0,0.0
208.0922970711717,10.0,1.425855e-06,0.0,0.0
208.09187332938308,10.0,1.38882e-06,0.0,0.0
208.0914712114493,10.0,1.447814e-06,0.0,0.0
208.09103593688928,10.0,1.433582e-06,0.0,0.0
208.0906206698656,10.0,1.426277e-06,0.0,0.0
208.09022175883305,10.0,1.443463e-06,0.0,0.0
208.08979419474383,10.0,1.42763e-06,0.0,0.0
208.08936947883703,10.0,1.398876e-06,0.0,0.0
208.08895931339623,10.0,1.391512e-06,0.0,0.0
208.0885437658256,10.0,1.332446e-06,0.0,0.0
208.08815628050567,10.0,1.367342e-06,0.0,0.0
208.08773150407012,10.0,1.376669e-06,0.0,0.0
208.08731200964115,10.0,1.339475e-06,0.0,0.0
208.08688816987208,10.0,1.329492e-06,0.0,0.0
208.08646443178748,10.0,1.355133e-06,0.0,0.0
208.0860540327729,10.0,1.3026e-06,0.0,0.0
208.0856363225197,10.0,1.2987e-06,0.0,0.0
208.0852149522296,10.0,1.308683e-06,0.0,0.0
208.08481871106324,10.0,1.357956e-06,0.0,0.0
208.0843758796352,10.0,1.357665e-06,0.0,0.0
208.08394692260177,10.0,1.374225e-06,0.0,0.0
208.0835591471684,10.0,1.374923e-06,0.0,0.0
208.0831441554733,10.0,1.421227e-06,0.0,0.0
208.0826997465612,10.0,1.395354e-06,0.0,0.0
208.0822679631468,10.0,1.44013e-06,0.0,0.0
208.0818456370268,10.0,1.421242e-06,0.0,0.0
208.08142911777315,10.0,1.446329e-06,0.0,0.0
208.08101197896943,10.0,1.403008e-06,0.0,0.0
208.08059670933653,10.0,1.45426e-06,0.0,0.0
208.0801598144344,10.0,1.46011e-06,0.0,0.0
208.07977459929864,10.0,1.435139e-06,0.0,0.0
208.07933456351256,10.0,1.398541e-06,0.0,0.0
208.07893581776904,10.0,1.365624e-06,0.0,0.0
208.07849230617288,10.0,1.397508e-06,0.0,0.0
208.0781045422901,10.0,1.380962e-06,0.0,0.0
208.0776887229464,10.0,1.416585e-06,0.0,0.0
208.07728984686128,10.0,1.384484e-06,0.0,0.0
208.07684964493023,10.0,1.319611e-06,0.0,0.0
208.07641919684457,10.0,1.330016e-06,0.0,0.0
208.07601862823847,10.0,1.333625e-06,0.0,0.0
208.07561237524368,10.0,1.331078e-06,0.0,0.0
208.0751726259109,10.0,1.300752e-06,0.0,0.0
208.07478740595388,10.0,1.308086e-06,0.0,0.0
208.07434865543888,10.0,1.205175e-06,0.0,0.0
208.073903560036,10.0,1.299588e-06,0.0,0.0
208.07351833641036,10.0,1.270964e-06,0.0,0.0
208.0730935323172,10.0,1.160559e-06,0.0,0.0
208.07267826517503,10.0,1.269233e-06,0.0,0.0
208.0722492687823,10.0,1.263426e-06,0.0,0.0
208.07180670233967,10.0,1.271983e-06,0.0,0.0
208.07140746502503,10.0,1.239969e-06,0.0,0.0
208.0709832166192,10.0,1.265958e-06,0.0,0.0
208.0705711127501,10.0,1.285385e-06,0.0,0.0
208.07015747997036,10.0,1.24675e-06,0.0,0.0
208.06973226755824,10.0,1.243563e-06,0.0,0.0
208.06933799618167,10.0,1.196167e-06,0.0,0.0
208.06889386632812,10.0,1.192428e-06,0.0,0.0
208.068490265,10.0,1.191074e-06,0.0,0.0
208.06808085969888,10.0,1.168883e-06,0.0,0.0
208.0676675309683,10.0,1.173292e-06,0.0,0.0
208.0672613986515,10.0,1.167005e-06,0.0,0.0
208.06682004522483,10.0,1.197724e-06,0.0,0.0
208.06639655249643,10.0,1.242646e-06,0.0,0.0
208.06599233158744,10.0,1.27079e-06,0.0,0.0
208.06556174795185,10.0,1.287175e-06,0.0,0.0
208.0651537041439,10.0,1.236389e-06,0.0,0.0
208.06475183234568,10.0,1.260472e-06,0.0,0.0
208.0643148589521,10.0,1.259163e-06,0.0,0.0
208.06388820969283,10.0,1.212873e-06,0.0,0.0
208.0634840100984,10.0,1.245236e-06,0.0,0.0
208.0630684590564,10.0,1.239605e-06,0.0,0.0
208.0626367029199,10.0,1.209701e-06,0.0,0.0
208.0622104226856,10.0,1.214212e-06,0.0,0.0
208.06180939405087,10.0,1.181965e-06,0.0,0.0
208.0613674096424,10.0,1.207212e-06,0.0,0.0
208.06093696154497,10.0,1.164226e-06,0.0,0.0
208.06053816303435,10.0,1.135282e-06,0.0,0.0
208.06013408114768,10.0,1.086213e-06,0.0,0.0
208.0596909298356,10.0,1.153472e-06,0.0,0.0
208.0592953674077,10.0,1.138309e-06,0.0,0.0
208.0588684490052,10.0,1.117412e-06,0.0,0.0
208.05846654745503,10.0,1.057706e-06,0.0,0.0
208.05802967653136,10.0,1.00235e-06,0.0,0.0
208.05762770226323,10.0,9.73494e-07,0.0,0.0
208.0572224797848,10.0,9.684591000000002e-07,0.0,0.0
208.05678839361087,10.0,9.418727e-07,0.0,0.0
208.05636415774487,10.0,9.151699e-07,0.0,0.0
208.05595222324223,10.0,9.122159e-07,0.0,0.0
208.05555200860755,10.0,9.244395e-07,0.0,0.0
208.05514890101145,10.0,9.195501000000002e-07,0.0,0.0
208.05470377243395,10.0,8.929346000000001e-07,0.0,0.0
208.0542716176014,10.0,9.206269e-07,0.0,0.0
208.05388128728688,10.0,9.634969000000002e-07,0.0,0.0
208.05343299981217,10.0,9.534415e-07,0.0,0.0
208.05301700804887,10.0,9.909418e-07,0.0,0.0
208.0525943711796,10.0,1.051885e-06,0.0,0.0
208.05220892877688,10.0,1.044595e-06,0.0,0.0
208.05176207860532,10.0,1.059714e-06,0.0,0.0
208.05132439569428,10.0,1.014516e-06,0.0,0.0
208.0509394031398,10.0,9.281503e-07,0.0,0.0
208.050496777924,10.0,9.300129e-07,0.0,0.0
208.05008123035327,10.0,9.540818000000002e-07,0.0,0.0
208.04969176249088,10.0,9.410578000000002e-07,0.0,0.0
208.0492614783276,10.0,9.28223e-07,0.0,0.0
208.0488530755732,10.0,9.000213999999999e-07,0.0,0.0
208.0484221690916,10.0,9.135838e-07,0.0,0.0
208.0480032194465,10.0,9.256037e-07,0.0,0.0
208.04761573006968,10.0,8.922361000000001e-07,0.0,0.0
208.04717391362243,10.0,8.626375000000001e-07,0.0,0.0
208.04678138980952,10.0,8.488132e-07,0.0,0.0
208.046351178332,10.0,8.722709000000001e-07,0.0,0.0
208.04590539527007,10.0,8.644129e-07,0.0,0.0
208.04552017531304,10.0,8.617353000000001e-07,0.0,0.0
208.0450955065714,10.0,8.690258e-07,0.0,0.0
208.044680230312,10.0,8.919305000000001e-07,0.0,0.0
208.04426642887185,10.0,9.044743e-07,0.0,0.0
208.0438427035444,10.0,8.696225000000001e-07,0.0,0.0
208.04340923436007,10.0,8.485804e-07,0.0,0.0
208.0430038562968,10.0,9.157229e-07,0.0,0.0
208.04260332850296,10.0,9.560608e-07,0.0,0.0
208.04216000681367,10.0,9.862852e-07,0.0,0.0
208.0417343301949,10.0,9.606156e-07,0.0,0.0
208.04130365470664,10.0,9.976502000000002e-07,0.0,0.0
208.04089544700813,10.0,9.685173000000002e-07,0.0,0.0
208.4289375,15.0,2.268645e-05,0.0,0.0
208.4289375,15.0,-2.00975e-06,0.0,0.0
208.4289375,15.0,-1.08422e-06,0.0,0.0
208.4289375,15.0,-4.939648000000001e-07,0.0,0.0
208.4288190276264,15.0,-4.850153e-08,0.0,0.0
208.4286391503612,15.0,2.9327930000000004e-07,0.0,0.0
208.4283922399216,15.0,5.608454e-07,0.0,0.0
208.4281508100372,15.0,4.5515480000000004e-07,0.0,0.0
208.42785767708972,15.0,5.743350000000001e-07,0.0,0.0
208.4275033840817,15.0,6.678601000000001e-07,0.0,0.0
208.42709510571825,15.0,8.026691000000001e-07,0.0,0.0
208.42668694580303,15.0,8.435454000000001e-07,0.0,0.0
208.4262564051904,15.0,8.833886e-07,0.0,0.0
208.42583490645544,15.0,9.558717e-07,0.0,0.0
208.42541746676352,15.0,9.539508e-07,0.0,0.0
208.4249974616857,15.0,9.394716e-07,0.0,0.0
208.4245929119324,15.0,1.044144e-06,0.0,0.0
208.42419354842147,15.0,1.124645e-06,0.0,0.0
208.4237452248481,15.0,1.116423e-06,0.0,0.0
208.423340660434,15.0,9.165378e-07,0.0,0.0
208.42292232696448,15.0,1.009263e-06,0.0,0.0
208.4224776317913,15.0,1.104636e-06,0.0,0.0
208.4220623232472,15.0,1.044522e-06,0.0,0.0
208.4216465282936,15.0,9.644718e-07,0.0,0.0
208.4212014374836,15.0,1.035965e-06,0.0,0.0
208.42080241716053,15.0,1.105378e-06,0.0,0.0
208.42037841030648,15.0,1.189415e-06,0.0,0.0
208.41994275647315,15.0,1.102817e-06,0.0,0.0
208.4195557762037,15.0,1.071152e-06,0.0,0.0
208.41912673078224,15.0,9.753712e-07,0.0,0.0
208.4187260960384,15.0,9.288196e-07,0.0,0.0
208.41829899375944,15.0,9.958458000000002e-07,0.0,0.0
208.4178741928828,15.0,1.090681e-06,0.0,0.0
208.41746544935603,15.0,1.109525e-06,0.0,0.0
208.41706359740448,15.0,1.067805e-06,0.0,0.0
208.4166625530761,15.0,1.096283e-06,0.0,0.0
208.41621638727304,15.0,1.142369e-06,0.0,0.0
208.4158282749876,15.0,1.046545e-06,0.0,0.0
208.41539374857751,15.0,9.425858e-07,0.0,0.0
208.4149456870176,15.0,9.834039e-07,0.0,0.0
208.41457108428824,15.0,1.105131e-06,0.0,0.0
208.41414227730704,15.0,1.04995e-06,0.0,0.0
208.41371939668096,15.0,1.118096e-06,0.0,0.0
208.41328852921785,15.0,1.18246e-06,0.0,0.0
208.41288061341453,15.0,1.160108e-06,0.0,0.0
208.4124526192689,15.0,1.056163e-06,0.0,0.0
208.4120093491724,15.0,1.073597e-06,0.0,0.0
208.41161102740327,15.0,1.099121e-06,0.0,0.0
208.411204664115,15.0,1.077889e-06,0.0,0.0
208.4107722398469,15.0,1.146822e-06,0.0,0.0
208.41036412157231,15.0,1.211141e-06,0.0,0.0
208.40993331200733,15.0,1.180888e-06,0.0,0.0
208.4095168096893,15.0,1.176973e-06,0.0,0.0
208.40912947592724,15.0,1.144406e-06,0.0,0.0
208.40868662255497,15.0,1.099528e-06,0.0,0.0
208.40829188023227,15.0,1.122127e-06,0.0,0.0
208.4078641058503,15.0,1.103093e-06,0.0,0.0
208.40741718120367,15.0,1.070759e-06,0.0,0.0
208.40701589282097,15.0,9.28645e-07,0.0,0.0
208.40660918572388,15.0,9.764044000000002e-07,0.0,0.0
208.40621272679533,15.0,1.001958e-06,0.0,0.0
208.40578418884488,15.0,1.025503e-06,0.0,0.0
208.4053533771876,15.0,1.000444e-06,0.0,0.0
208.40494636855925,15.0,9.176147e-07,0.0,0.0
208.40453188979149,15.0,1.023684e-06,0.0,0.0
208.40410678533803,15.0,1.054592e-06,0.0,0.0
208.40372138345893,15.0,9.878713000000002e-07,0.0,0.0
208.4032759245057,15.0,9.595678000000002e-07,0.0,0.0
208.4028369603716,15.0,9.982759e-07,0.0,0.0
208.402428811228,15.0,9.823852e-07,0.0,0.0
208.40201158291185,15.0,9.919313e-07,0.0,0.0
208.40159631327893,15.0,9.617361e-07,0.0,0.0
208.40115302161453,15.0,9.967334000000002e-07,0.0,0.0
208.40072840586265,15.0,9.645009e-07,0.0,0.0
208.400333653238,15.0,1.041713e-06,0.0,0.0
208.39988971458007,15.0,1.092209e-06,0.0,0.0
208.3994857232004,15.0,1.075226e-06,0.0,0.0
208.3990756384536,15.0,1.044173e-06,0.0,0.0
208.3986630325584,15.0,1.140856e-06,0.0,0.0
208.3982573595684,15.0,1.160006e-06,0.0,0.0
208.39781577732413,15.0,1.117616e-06,0.0,0.0
208.39741857717567,15.0,1.001768e-06,0.0,0.0
208.3969992135344,15.0,1.026317e-06,0.0,0.0
208.39658020410755,15.0,1.064051e-06,0.0,0.0
208.3961689522064,15.0,1.106659e-06,0.0,0.0
208.395741721584,15.0,1.090506e-06,0.0,0.0
208.39534847580916,15.0,1.058506e-06,0.0,0.0
208.39490304864668,15.0,1.084511e-06,0.0,0.0
208.3944798450168,15.0,1.139619e-06,0.0,0.0
208.3940770208603,15.0,1.071108e-06,0.0,0.0
208.3936773966232,15.0,1.071036e-06,0.0,0.0
208.39322946340212,15.0,1.131222e-06,0.0,0.0
208.39280579839556,15.0,1.079927e-06,0.0,0.0
208.3923701893668,15.0,1.081076e-06,0.0,0.0
208.39196026077545,15.0,1.055261e-06,0.0,0.0
208.3915450255629,15.0,1.027802e-06,0.0,0.0
208.39112989489888,15.0,1.06926e-06,0.0,0.0
208.39072871510203,15.0,1.092238e-06,0.0,0.0
208.3902881674015,15.0,1.150911e-06,0.0,0.0
208.38987635587577,15.0,1.141147e-06,0.0,0.0
208.389468482842,15.0,1.111694e-06,0.0,0.0
208.3890252679324,15.0,1.034394e-06,0.0,0.0
208.38864247409307,15.0,9.840733000000002e-07,0.0,0.0
208.38821870620697,15.0,1.131237e-06,0.0,0.0
208.38779784448045,15.0,1.111577e-06,0.0,0.0
208.3873773196491,15.0,1.026463e-06,0.0,0.0
208.38694850948767,15.0,9.879877000000002e-07,0.0,0.0
208.38656087277343,15.0,1.022083e-06,0.0,0.0
208.3861457988024,15.0,1.071254e-06,0.0,0.0
208.38570125553687,15.0,1.127846e-06,0.0,0.0
208.3853145576468,15.0,1.168766e-06,0.0,0.0
208.38487844520344,15.0,1.155044e-06,0.0,0.0
208.38447575251377,15.0,1.168402e-06,0.0,0.0
208.384055784956,15.0,1.179476e-06,0.0,0.0
208.3836259633117,15.0,1.231572e-06,0.0,0.0
208.3832257288913,15.0,1.218737e-06,0.0,0.0
208.38279862220304,15.0,1.190579e-06,0.0,0.0
208.38236803526596,15.0,1.172783e-06,0.0,0.0
208.38193747347952,15.0,1.137072e-06,0.0,0.0
208.3815220100224,15.0,1.195076e-06,0.0,0.0
208.38109853925536,15.0,1.145032e-06,0.0,0.0
208.38069102372688,15.0,1.047854e-06,0.0,0.0
208.3802600262436,15.0,1.136796e-06,0.0,0.0
208.37982926136712,15.0,1.22386e-06,0.0,0.0
208.37942108624188,15.0,1.232183e-06,0.0,0.0
208.379002312888,15.0,1.272841e-06,0.0,0.0
208.37861431657248,15.0,1.235894e-06,0.0,0.0
208.37819670252983,15.0,1.284818e-06,0.0,0.0
208.37778004593417,15.0,1.304143e-06,0.0,0.0
208.37734966200844,15.0,1.331689e-06,0.0,0.0
208.37694985891267,15.0,1.340843e-06,0.0,0.0
208.37653710680084,15.0,1.237786e-06,0.0,0.0
208.37609409307424,15.0,1.218898e-06,0.0,0.0
208.37570155538404,15.0,1.280234e-06,0.0,0.0
208.37527186206236,15.0,1.24464e-06,0.0,0.0
208.3748409157856,15.0,1.132052e-06,0.0,0.0
208.374432852267,15.0,1.118329e-06,0.0,0.0
208.3740166609523,15.0,1.140521e-06,0.0,0.0
208.37360133801567,15.0,1.149034e-06,0.0,0.0
208.37316371817127,15.0,1.147899e-06,0.0,0.0
208.37276264768497,15.0,1.160064e-06,0.0,0.0
208.37232488785577,15.0,1.250068e-06,0.0,0.0
208.37189423755,15.0,1.279695e-06,0.0,0.0
208.37149129399813,15.0,1.263848e-06,0.0,0.0
208.371081476363,15.0,1.139473e-06,0.0,0.0
208.37064283376105,15.0,1.164299e-06,0.0,0.0
208.3702554102127,15.0,1.146065e-06,0.0,0.0
208.36981994731903,15.0,1.200708e-06,0.0,0.0
208.36938202910147,15.0,1.205452e-06,0.0,0.0
208.36897571366765,15.0,1.212509e-06,0.0,0.0
208.3685836115881,15.0,1.217399e-06,0.0,0.0
208.3681732868181,15.0,1.205262e-06,0.0,0.0
208.367744900914,15.0,1.292748e-06,0.0,0.0
208.3673367018036,15.0,1.255379e-06,0.0,0.0
208.36690589055928,15.0,1.325432e-06,0.0,0.0
208.3664836577964,15.0,1.292196e-06,0.0,0.0
208.36608243833248,15.0,1.362496e-06,0.0,0.0
208.36566708253343,15.0,1.407854e-06,0.0,0.0
208.36524021035336,15.0,1.438748e-06,0.0,0.0
208.36483208384416,15.0,1.402106e-06,0.0,0.0
208.36440140522035,15.0,1.299224e-06,0.0,0.0
208.36397803648345,15.0,1.355002e-06,0.0,0.0
208.3635903796764,15.0,1.395078e-06,0.0,0.0
208.36314688682887,15.0,1.393302e-06,0.0,0.0
208.36272345927216,15.0,1.354783e-06,0.0,0.0
208.36230455420247,15.0,1.305976e-06,0.0,0.0
208.36188435851585,15.0,1.32712e-06,0.0,0.0
208.3614570014134,15.0,1.33412e-06,0.0,0.0
208.3610414021276,15.0,1.28214e-06,0.0,0.0
208.36061436029036,15.0,1.441251e-06,0.0,0.0
208.36020804825247,15.0,1.382185e-06,0.0,0.0
208.3597844836412,15.0,1.349807e-06,0.0,0.0
208.35935284832576,15.0,1.396213e-06,0.0,0.0
208.35893715934893,15.0,1.302629e-06,0.0,0.0
208.35852200857036,15.0,1.374719e-06,0.0,0.0
208.35813440627635,15.0,1.37552e-06,0.0,0.0
208.3577133389212,15.0,1.366934e-06,0.0,0.0
208.3573054139388,15.0,1.399239e-06,0.0,0.0
208.35687474387217,15.0,1.388515e-06,0.0,0.0
208.35644494439407,15.0,1.394743e-06,0.0,0.0
208.35605714091716,15.0,1.217923e-06,0.0,0.0
208.3556416833543,15.0,1.317356e-06,0.0,0.0
208.355197221488,15.0,1.393651e-06,0.0,0.0
208.3547983041123,15.0,1.385066e-06,0.0,0.0
208.35437421103984,15.0,1.437395e-06,0.0,0.0
208.3539275563971,15.0,1.422697e-06,0.0,0.0
208.35353658389343,15.0,1.425462e-06,0.0,0.0
208.35312095470525,15.0,1.408858e-06,0.0,0.0
208.35267892033045,15.0,1.44224e-06,0.0,0.0
208.35225507740137,15.0,1.464956e-06,0.0,0.0
208.35182794305865,15.0,1.499924e-06,0.0,0.0
208.35140982829003,15.0,1.448527e-06,0.0,0.0
208.35098833173703,15.0,1.46676e-06,0.0,0.0
208.35060095179333,15.0,1.412132e-06,0.0,0.0
208.3501855498181,15.0,1.380904e-06,0.0,0.0
208.3497551794816,15.0,1.366905e-06,0.0,0.0
208.34934718481065,15.0,1.336462e-06,0.0,0.0
208.34891813389407,15.0,1.26299e-06,0.0,0.0
208.34852427673007,15.0,1.277906e-06,0.0,0.0
208.34809167859208,15.0,1.308406e-06,0.0,0.0
208.3476694612345,15.0,1.325869e-06,0.0,0.0
208.3472686954441,15.0,1.37242e-06,0.0,0.0
208.3468396479288,15.0,1.303139e-06,0.0,0.0
208.3464225993849,15.0,1.361041e-06,0.0,0.0
208.34600392880355,15.0,1.366789e-06,0.0,0.0
208.34559872455364,15.0,1.424851e-06,0.0,0.0
208.34519859735823,15.0,1.416134e-06,0.0,0.0
208.34475102104173,15.0,1.366003e-06,0.0,0.0
208.3443518271116,15.0,1.406021e-06,0.0,0.0
208.3439282533764,15.0,1.324821e-06,0.0,0.0
208.34348423338716,15.0,1.358247e-06,0.0,0.0
208.34309677246688,15.0,1.288485e-06,0.0,0.0
208.342681479262,15.0,1.297405e-06,0.0,0.0
208.34225198943807,15.0,1.367327e-06,0.0,0.0
208.34180951982503,15.0,1.33265e-06,0.0,0.0
208.34138597721025,15.0,1.289169e-06,0.0,0.0
208.3409823268948,15.0,1.216424e-06,0.0,0.0
208.3405490737813,15.0,1.199485e-06,0.0,0.0
208.34013342166205,15.0,1.270208e-06,0.0,0.0
208.33973140190068,15.0,1.254855e-06,0.0,0.0
208.33930478484956,15.0,1.277993e-06,0.0,0.0
208.3388965878713,15.0,1.287612e-06,0.0,0.0
208.33847237092425,15.0,1.331733e-06,0.0,0.0
208.338070041416,15.0,1.341687e-06,0.0,0.0
208.3376692427108,15.0,1.327004e-06,0.0,0.0
208.33722245561515,15.0,1.381704e-06,0.0,0.0
208.33682343818208,15.0,1.391119e-06,0.0,0.0
208.3363998704108,15.0,1.417589e-06,0.0,0.0
208.33599539328068,15.0,1.401248e-06,0.0,0.0
208.33556495541217,15.0,1.335793e-06,0.0,0.0
208.33514938004768,15.0,1.369786e-06,0.0,0.0
208.3347431492741,15.0,1.29496e-06,0.0,0.0
208.33431732946505,15.0,1.318229e-06,0.0,0.0
208.33388640272585,15.0,1.248249e-06,0.0,0.0
208.33345916715905,15.0,1.274922e-06,0.0,0.0
208.3330437869253,15.0,1.287146e-06,0.0,0.0
208.332616083372,15.0,1.271663e-06,0.0,0.0
208.33223084454752,15.0,1.252774e-06,0.0,0.0
208.3318000044557,15.0,1.334483e-06,0.0,0.0
208.33136248668723,15.0,1.30634e-06,0.0,0.0
208.3309385437008,15.0,1.277003e-06,0.0,0.0
208.33055089423493,15.0,1.26446e-06,0.0,0.0
208.33010801585635,15.0,1.253298e-06,0.0,0.0
208.3296916104219,15.0,1.239605e-06,0.0,0.0
208.3292928980196,15.0,1.292734e-06,0.0,0.0
208.32886886093968,15.0,1.232183e-06,0.0,0.0
208.3284671077864,15.0,1.222143e-06,0.0,0.0
208.32804640417288,15.0,1.206732e-06,0.0,0.0
208.3276151817592,15.0,1.201945e-06,0.0,0.0
208.32721782602027,15.0,1.298045e-06,0.0,0.0
208.32680029785985,15.0,1.342603e-06,0.0,0.0
208.3263592595187,15.0,1.323846e-06,0.0,0.0
208.325929014196,15.0,1.359484e-06,0.0,0.0
208.32553863241168,15.0,1.353284e-06,0.0,0.0
208.3251230619657,15.0,1.368753e-06,0.0,0.0
208.32470389911725,15.0,1.403881e-06,0.0,0.0
208.3242957016074,15.0,1.407243e-06,0.0,0.0
208.3238649108436,15.0,1.370223e-06,0.0,0.0
208.32343408302123,15.0,1.405904e-06,0.0,0.0
208.32303511598204,15.0,1.401437e-06,0.0,0.0
208.32263044530023,15.0,1.269975e-06,0.0,0.0
208.32220991621617,15.0,1.298496e-06,0.0,0.0
208.3217632953153,15.0,1.388107e-06,0.0,0.0
208.3213392749427,15.0,1.3143e-06,0.0,0.0
208.32089470718057,15.0,1.363253e-06,0.0,0.0
208.3204917152061,15.0,1.35634e-06,0.0,0.0
208.32008224873144,15.0,1.296881e-06,0.0,0.0
208.31966670171204,15.0,1.278764e-06,0.0,0.0
208.31923990374435,15.0,1.338834e-06,0.0,0.0
208.31883190511945,15.0,1.283013e-06,0.0,0.0
208.3184010939792,15.0,1.183347e-06,0.0,0.0
208.31799833638263,15.0,1.23441e-06,0.0,0.0
208.3175895536032,15.0,1.263485e-06,0.0,0.0
208.3171757997556,15.0,1.292748e-06,0.0,0.0
208.31676902941584,15.0,1.294407e-06,0.0,0.0
208.31633817742724,15.0,1.300315e-06,0.0,0.0
208.31590983506547,15.0,1.220018e-06,0.0,0.0
208.3155129599211,15.0,1.277236e-06,0.0,0.0
208.315097407724,15.0,1.294844e-06,0.0,0.0
208.31468205470972,15.0,1.327513e-06,0.0,0.0
208.31423400586968,15.0,1.324835e-06,0.0,0.0
208.3138447680986,15.0,1.339169e-06,0.0,0.0
208.31341167615648,15.0,1.329347e-06,0.0,0.0
208.31298807802287,15.0,1.346183e-06,0.0,0.0
208.3125505700534,15.0,1.352499e-06,0.0,0.0
208.3121349420984,15.0,1.344699e-06,0.0,0.0
208.31171348169565,15.0,1.326815e-06,0.0,0.0
208.31130555957452,15.0,1.359949e-06,0.0,0.0
208.3108747261035,15.0,1.331558e-06,0.0,0.0
208.31044500109533,15.0,1.357475e-06,0.0,0.0
208.31004520852048,15.0,1.341759e-06,0.0,0.0
208.3096416633008,15.0,1.377062e-06,0.0,0.0
208.30921948112032,15.0,1.363995e-06,0.0,0.0
208.30881143701487,15.0,1.368549e-06,0.0,0.0
208.3083808309764,15.0,1.370936e-06,0.0,0.0
208.3079762761895,15.0,1.380817e-06,0.0,0.0
208.3075652349957,15.0,1.373905e-06,0.0,0.0
208.30714979073187,15.0,1.370165e-06,0.0,0.0
208.30672613542865,15.0,1.378343e-06,0.0,0.0
208.30631830056936,15.0,1.383552e-06,0.0,0.0
208.30588755794344,15.0,1.418535e-06,0.0,0.0
208.305461111703,15.0,1.409615e-06,0.0,0.0
208.30504873139927,15.0,1.391556e-06,0.0,0.0
208.3046582887372,15.0,1.40669e-06,0.0,0.0
208.3042328379802,15.0,1.416731e-06,0.0,0.0
208.30381344174316,15.0,1.440945e-06,0.0,0.0
208.3033939419248,15.0,1.434601e-06,0.0,0.0
208.3029688480221,15.0,1.48527e-06,0.0,0.0
208.30254195122296,15.0,1.4455e-06,0.0,0.0
208.3021105924564,15.0,1.454813e-06,0.0,0.0
208.30169379204509,15.0,1.450593e-06,0.0,0.0
208.30126322875225,15.0,1.456705e-06,0.0,0.0
208.30085503074056,15.0,1.469598e-06,0.0,0.0
208.30042423791772,15.0,1.413078e-06,0.0,0.0
208.3000058869224,15.0,1.446999e-06,0.0,0.0
208.29960008229403,15.0,1.491295e-06,0.0,0.0
208.29920015002864,15.0,1.513705e-06,0.0,0.0
208.29876940267408,15.0,1.484586e-06,0.0,0.0
208.29836139037613,15.0,1.506167e-06,0.0,0.0
208.29793091955017,15.0,1.490946e-06,0.0,0.0
208.29753139414248,15.0,1.509616e-06,0.0,0.0
208.2971266196828,15.0,1.543929e-06,0.0,0.0
208.29670696310296,15.0,1.505236e-06,0.0,0.0
208.29627604055133,15.0,1.511566e-06,0.0,0.0
208.29586779521543,15.0,1.572102e-06,0.0,0.0
208.29543691897487,15.0,1.51094e-06,0.0,0.0
208.29502154801568,15.0,1.563589e-06,0.0,0.0
208.294634023894,15.0,1.517023e-06,0.0,0.0
208.29421289388483,15.0,1.503824e-06,0.0,0.0
208.2937667649088,15.0,1.497683e-06,0.0,0.0
208.2933428742084,15.0,1.421999e-06,0.0,0.0
208.29291916005752,15.0,1.404711e-06,0.0,0.0
208.2925128076292,15.0,1.432796e-06,0.0,0.0
208.2920966711133,15.0,1.438777e-06,0.0,0.0
208.29167142450856,15.0,1.370863e-06,0.0,0.0
208.2912433990172,15.0,1.358974e-06,0.0,0.0
208.29081251886663,15.0,1.307344e-06,0.0,0.0
208.29040473503687,15.0,1.374792e-06,0.0,0.0
208.2899818726184,15.0,1.357272e-06,0.0,0.0
208.28957879303275,15.0,1.33703e-06,0.0,0.0
208.28917917386013,15.0,1.421242e-06,0.0,0.0
208.288749924182,15.0,1.446024e-06,0.0,0.0
208.28832914021345,15.0,1.433305e-06,0.0,0.0
208.28791145201697,15.0,1.462249e-06,0.0,0.0
208.2874903990144,15.0,1.443856e-06,0.0,0.0
208.28708639298767,15.0,1.395645e-06,0.0,0.0
208.2866872995129,15.0,1.408829e-06,0.0,0.0
208.28624997342507,15.0,1.432039e-06,0.0,0.0
208.2858168834264,15.0,1.423134e-06,0.0,0.0
208.28543090161548,15.0,1.436056e-06,0.0,0.0
208.28498687546903,15.0,1.398425e-06,0.0,0.0
208.28457144038217,15.0,1.387962e-06,0.0,0.0
208.28416043896743,15.0,1.405497e-06,0.0,0.0
208.2837652132415,15.0,1.363107e-06,0.0,0.0
208.2833239938473,15.0,1.382243e-06,0.0,0.0
208.2829000231388,15.0,1.366483e-06,0.0,0.0
208.28245267181688,15.0,1.340362e-06,0.0,0.0
208.28203720762752,15.0,1.377251e-06,0.0,0.0
208.2816284502868,15.0,1.396154e-06,0.0,0.0
208.28123484325496,15.0,1.359047e-06,0.0,0.0
208.2807930626342,15.0,1.363485e-06,0.0,0.0
208.28036939805472,15.0,1.329827e-06,0.0,0.0
208.2799234383789,15.0,1.38121e-06,0.0,0.0
208.27954695707595,15.0,1.385124e-06,0.0,0.0
208.27911596287484,15.0,1.364999e-06,0.0,0.0
208.27871837452977,15.0,1.349821e-06,0.0,0.0
208.27830212488928,15.0,1.344815e-06,0.0,0.0
208.27787707759703,15.0,1.328284e-06,0.0,0.0
208.2774695512936,15.0,1.346096e-06,0.0,0.0
208.27705442725608,15.0,1.342516e-06,0.0,0.0
208.27663882409783,15.0,1.328561e-06,0.0,0.0
208.27623541610745,15.0,1.397479e-06,0.0,0.0
208.2758031611993,15.0,1.377761e-06,0.0,0.0
208.2753672829568,15.0,1.348992e-06,0.0,0.0
208.27498212676656,15.0,1.352979e-06,0.0,0.0
208.274548386983,15.0,1.342894e-06,0.0,0.0
208.27413306470177,15.0,1.389009e-06,0.0,0.0
208.27371190017067,15.0,1.366483e-06,0.0,0.0
208.27328106550064,15.0,1.391323e-06,0.0,0.0
208.27287920985944,15.0,1.393069e-06,0.0,0.0
208.27245519183003,15.0,1.43041e-06,0.0,0.0
208.2720141028676,15.0,1.536668e-06,0.0,0.0
208.2715989232425,15.0,1.50656e-06,0.0,0.0
208.27118401324356,15.0,1.508102e-06,0.0,0.0
208.2707764087394,15.0,1.490247e-06,0.0,0.0
208.27034147658853,15.0,1.484863e-06,0.0,0.0
208.26990691286863,15.0,1.523003e-06,0.0,0.0
208.26952677985992,15.0,1.47504e-06,0.0,0.0
208.2690936562204,15.0,1.495602e-06,0.0,0.0
208.26870132258165,15.0,1.552064e-06,0.0,0.0
208.26827199950213,15.0,1.508481e-06,0.0,0.0
208.26784927805687,15.0,1.48105e-06,0.0,0.0
208.2674456019536,15.0,1.485867e-06,0.0,0.0
208.26700284747247,15.0,1.478023e-06,0.0,0.0
208.26662241639312,15.0,1.427965e-06,0.0,0.0
208.26619867793264,15.0,1.397377e-06,0.0,0.0
208.26576714542844,15.0,1.453256e-06,0.0,0.0
208.26535913118457,15.0,1.429318e-06,0.0,0.0
208.26492816414057,15.0,1.440654e-06,0.0,0.0
208.2644980502409,15.0,1.451379e-06,0.0,0.0
208.26410157021712,15.0,1.469627e-06,0.0,0.0
208.26369403072985,15.0,1.4627e-06,0.0,0.0
208.26326256065752,15.0,1.468041e-06,0.0,0.0
208.26284064333743,15.0,1.488239e-06,0.0,0.0
208.2624239163341,15.0,1.454755e-06,0.0,0.0
208.26199487056635,15.0,1.460663e-06,0.0,0.0
208.26157646031467,15.0,1.440087e-06,0.0,0.0
208.2611609690348,15.0,1.460998e-06,0.0,0.0
208.26071485904316,15.0,1.445602e-06,0.0,0.0
208.26031608578955,15.0,1.454362e-06,0.0,0.0
208.2598919677028,15.0,1.420107e-06,0.0,0.0
208.25948768182417,15.0,1.44454e-06,0.0,0.0
208.25906938798428,15.0,1.410677e-06,0.0,0.0
208.25865733224387,15.0,1.371955e-06,0.0,0.0
208.2582521960736,15.0,1.320921e-06,0.0,0.0
208.25780979575208,15.0,1.350432e-06,0.0,0.0
208.25741354871928,15.0,1.403139e-06,0.0,0.0
208.256992933802,15.0,1.402674e-06,0.0,0.0
208.25655758192133,15.0,1.389068e-06,0.0,0.0
208.25617680112973,15.0,1.366338e-06,0.0,0.0
208.2557481670835,15.0,1.374472e-06,0.0,0.0
208.255327659256,15.0,1.46417e-06,0.0,0.0
208.25490670265893,15.0,1.439388e-06,0.0,0.0
208.2544830792771,15.0,1.449705e-06,0.0,0.0
208.25404473551745,15.0,1.439155e-06,0.0,0.0
208.25362912241548,15.0,1.423905e-06,0.0,0.0
208.2532242471576,15.0,1.412423e-06,0.0,0.0
208.25280024636564,15.0,1.459019e-06,0.0,0.0
208.25235900506692,15.0,1.450564e-06,0.0,0.0
208.2519736486684,15.0,1.433349e-06,0.0,0.0
208.25153855701697,15.0,1.412191e-06,0.0,0.0
208.25111933248007,15.0,1.405482e-06,0.0,0.0
208.25071333280408,15.0,1.366716e-06,0.0,0.0
208.2502949345015,15.0,1.403314e-06,0.0,0.0
208.24985465354024,15.0,1.408771e-06,0.0,0.0
208.24944742630663,15.0,1.402164e-06,0.0,0.0
208.24903323183213,15.0,1.365232e-06,0.0,0.0
208.24864577954847,15.0,1.413486e-06,0.0,0.0
208.2482127420704,15.0,1.427747e-06,0.0,0.0
208.24779042072728,15.0,1.388937e-06,0.0,0.0
208.24739180352364,15.0,1.406821e-06,0.0,0.0
208.2469436009393,15.0,1.400811e-06,0.0,0.0
208.24655735736812,15.0,1.399589e-06,0.0,0.0
208.246140805929,15.0,1.41481e-06,0.0,0.0
208.2457187341572,15.0,1.399516e-06,0.0,0.0
208.2452854947004,15.0,1.434033e-06,0.0,0.0
208.24488660346256,15.0,1.435212e-06,0.0,0.0
208.24443734540364,15.0,1.423119e-06,0.0,0.0
208.24403861268263,15.0,1.438544e-06,0.0,0.0
208.2436342737693,15.0,1.480366e-06,0.0,0.0
208.2432134166963,15.0,1.481705e-06,0.0,0.0
208.24277586234751,15.0,1.517808e-06,0.0,0.0
208.24236428548647,15.0,1.467008e-06,0.0,0.0
208.24193354719912,15.0,1.423919e-06,0.0,0.0
208.2415174547304,15.0,1.447581e-06,0.0,0.0
208.2410854410372,15.0,1.47149e-06,0.0,0.0
208.24066418570084,15.0,1.487118e-06,0.0,0.0
208.24026328288429,15.0,1.547989e-06,0.0,0.0
208.23982803851013,15.0,1.472828e-06,0.0,0.0
208.2394290151132,15.0,1.476816e-06,0.0,0.0
208.23900517218416,15.0,1.463137e-06,0.0,0.0
208.23859119143427,15.0,1.387176e-06,0.0,0.0
208.238182131082,15.0,1.363718e-06,0.0,0.0
208.23775195021244,15.0,1.362409e-06,0.0,0.0
208.23736306947848,15.0,1.341454e-06,0.0,0.0
208.23692297406035,15.0,1.284585e-06,0.0,0.0
208.23651616126844,15.0,1.307388e-06,0.0,0.0
208.2361182313268,15.0,1.323715e-06,0.0,0.0
208.23567510609652,15.0,1.247245e-06,0.0,0.0
208.23526270955816,15.0,1.329987e-06,0.0,0.0
208.23485398374444,15.0,1.299108e-06,0.0,0.0
208.23441815158728,15.0,1.319175e-06,0.0,0.0
208.23397270341567,15.0,1.351931e-06,0.0,0.0
208.23359539128248,15.0,1.295484e-06,0.0,0.0
208.23317002650847,15.0,1.203283e-06,0.0,0.0
208.23274259712423,15.0,1.272696e-06,0.0,0.0
208.2323118067398,15.0,1.256005e-06,0.0,0.0
208.231902442978,15.0,1.35506e-06,0.0,0.0
208.23146747081387,15.0,1.387598e-06,0.0,0.0
208.23105241690476,15.0,1.349719e-06,0.0,0.0
208.23066429315543,15.0,1.380322e-06,0.0,0.0
208.23023772348367,15.0,1.340668e-06,0.0,0.0
208.22981748384856,15.0,1.362554e-06,0.0,0.0
208.22939463979137,15.0,1.348846e-06,0.0,0.0
208.2289995975508,15.0,1.369219e-06,0.0,0.0
208.22857413858264,15.0,1.374836e-06,0.0,0.0
208.2281585420509,15.0,1.205422e-06,0.0,0.0
208.22775016278385,15.0,1.25455e-06,0.0,0.0
208.22732488597023,15.0,1.312394e-06,0.0,0.0
208.2268941219632,15.0,1.252483e-06,0.0,0.0
208.22649104178063,15.0,1.292094e-06,0.0,0.0
208.2260684150832,15.0,1.233493e-06,0.0,0.0
208.22565281192493,15.0,1.21606e-06,0.0,0.0
208.22524599409604,15.0,1.296183e-06,0.0,0.0
208.22482056941595,15.0,1.261462e-06,0.0,0.0
208.2243848580492,15.0,1.20551e-06,0.0,0.0
208.22398160063585,15.0,1.200868e-06,0.0,0.0
208.22356997661365,15.0,1.258668e-06,0.0,0.0
208.22314737685247,15.0,1.245862e-06,0.0,0.0
208.22274170166733,15.0,1.260298e-06,0.0,0.0
208.22231602339,15.0,1.229782e-06,0.0,0.0
208.22187991050444,15.0,1.191336e-06,0.0,0.0
208.22143149263,15.0,1.239328e-06,0.0,0.0
208.221015082547,15.0,1.265886e-06,0.0,0.0
208.22060467983368,15.0,1.222405e-06,0.0,0.0
208.2201977053728,15.0,1.253036e-06,0.0,0.0
208.21976596566168,15.0,1.171924e-06,0.0,0.0
208.219375251204,15.0,1.192617e-06,0.0,0.0
208.2189275295783,15.0,1.213601e-06,0.0,0.0
208.21852783453963,15.0,1.229811e-06,0.0,0.0
208.21812618035648,15.0,1.197666e-06,0.0,0.0
208.21769302818072,15.0,1.221764e-06,0.0,0.0
208.21729448602008,15.0,1.182081e-06,0.0,0.0
208.21685404426023,15.0,1.2276e-06,0.0,0.0
208.2164241086485,15.0,1.228531e-06,0.0,0.0
208.21603195907116,15.0,1.210195e-06,0.0,0.0
208.21562352052,15.0,1.270644e-06,0.0,0.0
208.21521154199704,15.0,1.271153e-06,0.0,0.0
208.2147887820813,15.0,1.243068e-06,0.0,0.0
208.21434898639035,15.0,1.237044e-06,0.0,0.0
208.21394119628047,15.0,1.209206e-06,0.0,0.0
208.21352603162475,15.0,1.251872e-06,0.0,0.0
208.21311051184784,15.0,1.291264e-06,0.0,0.0
208.21266832320367,15.0,1.253851e-06,0.0,0.0
208.212251720191,15.0,1.237509e-06,0.0,0.0
208.2118436118938,15.0,1.189648e-06,0.0,0.0
208.21141015480111,15.0,1.257009e-06,0.0,0.0
208.21098629165763,15.0,1.204127e-06,0.0,0.0
208.2106040565084,15.0,1.084452e-06,0.0,0.0
208.21016347652423,15.0,1.250315e-06,0.0,0.0
208.20974911609656,15.0,1.218068e-06,0.0,0.0
208.20933830308067,15.0,1.291482e-06,0.0,0.0
208.2089099125012,15.0,1.200169e-06,0.0,0.0
208.2085126647958,15.0,1.262539e-06,0.0,0.0
208.20809725420168,15.0,1.213819e-06,0.0,0.0
208.20766014652247,15.0,1.188891e-06,0.0,0.0
208.2072586241169,15.0,1.206048e-06,0.0,0.0
208.2068330081352,15.0,1.172055e-06,0.0,0.0
208.2064248125357,15.0,1.103646e-06,0.0,0.0
208.20600680677296,15.0,1.156717e-06,0.0,0.0
208.20559159272764,15.0,1.168984e-06,0.0,0.0
208.20520010175983,15.0,1.035602e-06,0.0,0.0
208.20475372891843,15.0,1.182576e-06,0.0,0.0
208.20433533878057,15.0,1.174456e-06,0.0,0.0
208.2039207935308,15.0,1.154185e-06,0.0,0.0
208.20350161669435,15.0,1.148554e-06,0.0,0.0
208.2030586797225,15.0,1.172841e-06,0.0,0.0
208.20267275035124,15.0,1.206135e-06,0.0,0.0
208.2022491269392,15.0,1.210283e-06,0.0,0.0
208.2018129398414,15.0,1.221022e-06,0.0,0.0
208.20138921395568,15.0,1.177323e-06,0.0,0.0
208.20094022222776,15.0,1.187509e-06,0.0,0.0
208.2005406764582,15.0,1.114327e-06,0.0,0.0
208.2001363497248,15.0,1.198365e-06,0.0,0.0
208.1997151564103,15.0,1.182081e-06,0.0,0.0
208.19930723142787,15.0,1.161854e-06,0.0,0.0
208.1988739180568,15.0,1.135428e-06,0.0,0.0
208.19848034105408,15.0,1.128821e-06,0.0,0.0
208.19804653659156,15.0,1.162625e-06,0.0,0.0
208.19765882388248,15.0,1.146705e-06,0.0,0.0
208.19723343094185,15.0,1.133449e-06,0.0,0.0
208.1968028710784,15.0,1.128225e-06,0.0,0.0
208.19639473944133,15.0,1.139662e-06,0.0,0.0
208.19595734885036,15.0,1.102308e-06,0.0,0.0
208.1955674561974,15.0,1.139662e-06,0.0,0.0
208.1951530412716,15.0,1.146764e-06,0.0,0.0
208.19472865388275,15.0,1.145658e-06,0.0,0.0
208.19428412595843,15.0,1.14771e-06,0.0,0.0
208.19388971669363,15.0,1.127031e-06,0.0,0.0
208.19346368393784,15.0,1.13697e-06,0.0,0.0
208.193034550644,15.0,1.068809e-06,0.0,0.0
208.1926259720372,15.0,1.13713e-06,0.0,0.0
208.1921783496996,15.0,1.133783e-06,0.0,0.0
208.19177844222887,15.0,1.155538e-06,0.0,0.0
208.19135482442888,15.0,1.121065e-06,0.0,0.0
208.1909111969472,15.0,1.121982e-06,0.0,0.0
208.19052389838788,15.0,1.132139e-06,0.0,0.0
208.19009579876703,15.0,1.189852e-06,0.0,0.0
208.189716135098,15.0,1.170105e-06,0.0,0.0
208.189272990473,15.0,1.168519e-06,0.0,0.0
208.18888006609853,15.0,1.135209e-06,0.0,0.0
208.18845217711123,15.0,1.162232e-06,0.0,0.0
208.18800915675803,15.0,1.170745e-06,0.0,0.0
208.1876358599065,15.0,1.148874e-06,0.0,0.0
208.18721450550896,15.0,1.14007e-06,0.0,0.0
208.18679674033285,15.0,1.188877e-06,0.0,0.0
208.1863694218328,15.0,1.193315e-06,0.0,0.0
208.1859451272036,15.0,1.199951e-06,0.0,0.0
208.18550275958128,15.0,1.186942e-06,0.0,0.0
208.18511912287008,15.0,1.199151e-06,0.0,0.0
208.18470943050784,15.0,1.19071e-06,0.0,0.0
208.18426305940457,15.0,1.194363e-06,0.0,0.0
208.1838645673353,15.0,1.190856e-06,0.0,0.0
208.1834405700961,15.0,1.170207e-06,0.0,0.0
208.18299786308,15.0,1.183507e-06,0.0,0.0
208.1826016732012,15.0,1.157503e-06,0.0,0.0
208.182206173983,15.0,1.1761e-06,0.0,0.0
208.18175814099428,15.0,1.158915e-06,0.0,0.0
208.18132104345813,15.0,1.149921e-06,0.0,0.0
208.18089014056727,15.0,1.151973e-06,0.0,0.0
208.1804866622357,15.0,1.152788e-06,0.0,0.0
208.18007657728043,15.0,1.137407e-06,0.0,0.0
208.17966485191545,15.0,1.100401e-06,0.0,0.0
208.17925290977865,15.0,1.101449e-06,0.0,0.0
208.17881583443125,15.0,1.118053e-06,0.0,0.0
208.1784078860664,15.0,1.044231e-06,0.0,0.0
208.1779854736677,15.0,1.026827e-06,0.0,0.0
208.17759798917533,15.0,1.091918e-06,0.0,0.0
208.1771827195425,15.0,1.100925e-06,0.0,0.0
208.17676111455268,15.0,1.104971e-06,0.0,0.0
208.1763336421548,15.0,1.127017e-06,0.0,0.0
208.17590274243324,15.0,1.13227e-06,0.0,0.0
208.17550052431832,15.0,1.106077e-06,0.0,0.0
208.17509169507088,15.0,1.06082e-06,0.0,0.0
208.17467614780108,15.0,1.055538e-06,0.0,0.0
208.17422829512964,15.0,1.030552e-06,0.0,0.0
208.17382801913516,15.0,1.017819e-06,0.0,0.0
208.1733971144926,15.0,1.017805e-06,0.0,0.0
208.1729725981033,15.0,1.000371e-06,0.0,0.0
208.17255826301172,15.0,1.016699e-06,0.0,0.0
208.172142055002,15.0,1.087363e-06,0.0,0.0
208.17171964241976,15.0,1.070308e-06,0.0,0.0
208.17129564278244,15.0,1.040913e-06,0.0,0.0
208.17088781711243,15.0,1.041379e-06,0.0,0.0
208.17043896525087,15.0,1.026041e-06,0.0,0.0
208.1700400799637,15.0,1.066801e-06,0.0,0.0
208.1696362111257,15.0,1.054897e-06,0.0,0.0
208.1692146336869,15.0,1.037784e-06,0.0,0.0
208.16880668054256,15.0,1.045904e-06,0.0,0.0
208.16836515050247,15.0,1.071123e-06,0.0,0.0
208.1679796986363,15.0,1.050066e-06,0.0,0.0
208.16754631165847,15.0,1.008855e-06,0.0,0.0
208.16713643781435,15.0,1.034437e-06,0.0,0.0
208.1667331366412,15.0,1.033302e-06,0.0,0.0
208.1663026895452,15.0,1.02089e-06,0.0,0.0
208.16587448904076,15.0,1.01437e-06,0.0,0.0
208.16545584920271,15.0,1.000502e-06,0.0,0.0
208.16504058668272,15.0,9.993964e-07,0.0,0.0
208.1646528109996,15.0,1.03435e-06,0.0,0.0
208.1642282153365,15.0,9.991636000000002e-07,0.0,0.0
208.16379708808813,15.0,9.821088e-07,0.0,0.0
208.1633891427421,15.0,9.533978e-07,0.0,0.0
208.16295007347333,15.0,8.953939e-07,0.0,0.0
208.16253412729185,15.0,8.3544e-07,0.0,0.0
208.16211857972115,15.0,7.928029000000001e-07,0.0,0.0
208.161676478302,15.0,7.967901e-07,0.0,0.0
208.16125248528684,15.0,7.464696e-07,0.0,0.0
208.1608534928681,15.0,7.450435000000001e-07,0.0,0.0
208.1604061049937,15.0,7.750350000000001e-07,0.0,0.0
208.1599932974389,15.0,7.965136000000001e-07,0.0,0.0
208.15961172311447,15.0,8.036586000000001e-07,0.0,0.0
208.15917030778243,15.0,8.54634e-07,0.0,0.0
208.15877859797936,15.0,8.976349e-07,0.0,0.0
208.15834782222524,15.0,9.234791e-07,0.0,0.0
208.15794779980172,15.0,9.254145e-07,0.0,0.0
208.15751649204847,15.0,9.46864e-07,0.0,0.0
208.15709785639044,15.0,9.922223e-07,0.0,0.0
208.156712863836,15.0,1.036868e-06,0.0,0.0
208.15626640855092,15.0,1.074644e-06,0.0,0.0
208.15586716410647,15.0,1.087436e-06,0.0,0.0
208.15544342705724,15.0,1.081644e-06,0.0,0.0
208.15500103596264,15.0,1.076332e-06,0.0,0.0
208.154627694598,15.0,1.116452e-06,0.0,0.0
208.1541851819561,15.0,1.126537e-06,0.0,0.0
208.1537614390844,15.0,1.104912e-06,0.0,0.0
208.15332404417592,15.0,1.107721e-06,0.0,0.0
208.1528970482804,15.0,1.11002e-06,0.0,0.0
208.15249578940544,15.0,1.136286e-06,0.0,0.0
208.15208653039247,15.0,1.106702e-06,0.0,0.0
208.15165167233067,15.0,1.084409e-06,0.0,0.0
208.15124501052776,15.0,1.070381e-06,0.0,0.0
208.15081979078528,15.0,1.051623e-06,0.0,0.0
208.1503888878944,15.0,1.075809e-06,0.0,0.0
208.14998553443596,15.0,1.085267e-06,0.0,0.0
208.14957560210405,15.0,1.086941e-06,0.0,0.0
208.14915066352287,15.0,1.095148e-06,0.0,0.0
208.1487456144612,15.0,1.098291e-06,0.0,0.0
208.14831471157032,15.0,1.083463e-06,0.0,0.0
208.14790653644508,15.0,1.06619e-06,0.0,0.0
208.14748438583985,15.0,1.092165e-06,0.0,0.0
208.147081205012,15.0,1.10337e-06,0.0,0.0
208.1466815835236,15.0,1.075139e-06,0.0,0.0
208.14624073127305,15.0,1.070599e-06,0.0,0.0
208.1458208860592,15.0,1.048029e-06,0.0,0.0
208.14540256713448,15.0,1.040637e-06,0.0,0.0
208.14497953443683,15.0,1.085078e-06,0.0,0.0
208.1445917720068,15.0,1.04004e-06,0.0,0.0
208.14417649574733,15.0,1.012886e-06,0.0,0.0
208.14373899599687,15.0,1.022461e-06,0.0,0.0
208.14332876122657,15.0,1.002918e-06,0.0,0.0
208.1428983116325,15.0,9.891228e-07,0.0,0.0
208.1424743388305,15.0,9.991199e-07,0.0,0.0
208.1420464117012,15.0,1.005639e-06,0.0,0.0
208.141614915926,15.0,1.014487e-06,0.0,0.0
208.14119697780697,15.0,1.030974e-06,0.0,0.0
208.14078671893364,15.0,1.046879e-06,0.0,0.0
208.14036272770224,15.0,1.071676e-06,0.0,0.0
208.13996135400612,15.0,1.057648e-06,0.0,0.0
208.13952360689,15.0,1.040215e-06,0.0,0.0
208.13911650555724,15.0,9.462237e-07,0.0,0.0
208.13871478366423,15.0,1.061155e-06,0.0,0.0
208.13828410758427,15.0,1.063192e-06,0.0,0.0
208.13787616119183,15.0,1.087203e-06,0.0,0.0
208.13744726535208,15.0,1.099004e-06,0.0,0.0
208.13704729303012,15.0,1.103952e-06,0.0,0.0
208.13664394209823,15.0,1.087668e-06,0.0,0.0
208.13622141848887,15.0,1.081833e-06,0.0,0.0
208.13580285622223,15.0,1.078486e-06,0.0,0.0
208.135377075341,15.0,1.162232e-06,0.0,0.0
208.1349530767336,15.0,1.123248e-06,0.0,0.0
208.1345434905949,15.0,1.134395e-06,0.0,0.0
208.1341237186,15.0,1.09899e-06,0.0,0.0
208.1337046399813,15.0,1.153196e-06,0.0,0.0
208.13327374251216,15.0,1.138658e-06,0.0,0.0
208.1328509348741,15.0,1.114953e-06,0.0,0.0
208.13243511387955,15.0,1.096152e-06,0.0,0.0
208.13201959637192,15.0,1.094479e-06,0.0,0.0
208.13157655040104,15.0,1.129723e-06,0.0,0.0
208.13118846100195,15.0,1.142835e-06,0.0,0.0
208.13076465835115,15.0,1.106135e-06,0.0,0.0
208.1303269699885,15.0,1.098757e-06,0.0,0.0
208.12994176601896,15.0,1.110151e-06,0.0,0.0
208.12949965134007,15.0,1.068533e-06,0.0,0.0
208.12909444512172,15.0,1.093096e-06,0.0,0.0
208.12869472444936,15.0,1.066699e-06,0.0,0.0
208.1282640488044,15.0,1.093387e-06,0.0,0.0
208.12785587544928,15.0,1.011344e-06,0.0,0.0
208.12742497621,15.0,1.071574e-06,0.0,0.0
208.12702472749936,15.0,1.018285e-06,0.0,0.0
208.12661859370647,15.0,1.027351e-06,0.0,0.0
208.12620022343168,15.0,1.016611e-06,0.0,0.0
208.12575250219373,15.0,1.038759e-06,0.0,0.0
208.12535350977504,15.0,1.068271e-06,0.0,0.0
208.12493002283216,15.0,1.060165e-06,0.0,0.0
208.1244861374384,15.0,1.083317e-06,0.0,0.0
208.1240918467164,15.0,1.132532e-06,0.0,0.0
208.12368282756148,15.0,1.129127e-06,0.0,0.0
208.12325300294512,15.0,1.139619e-06,0.0,0.0
208.12283171560543,15.0,1.093358e-06,0.0,0.0
208.12241414599583,15.0,1.170803e-06,0.0,0.0
208.121993970392,15.0,1.111912e-06,0.0,0.0
208.1215787007592,15.0,1.124645e-06,0.0,0.0
208.121135376056,15.0,1.126886e-06,0.0,0.0
208.12071395474268,15.0,1.133929e-06,0.0,0.0
208.12030623157577,15.0,1.149761e-06,0.0,0.0
208.1198753274584,15.0,1.141758e-06,0.0,0.0
208.11948094655213,15.0,1.12089e-06,0.0,0.0
208.11905867745173,15.0,1.141045e-06,0.0,0.0
208.1186394859556,15.0,1.118766e-06,0.0,0.0
208.11823544669463,15.0,1.167879e-06,0.0,0.0
208.11781204343285,15.0,1.124426e-06,0.0,0.0
208.1173924611936,15.0,1.068387e-06,0.0,0.0
208.11696690431955,15.0,1.147011e-06,0.0,0.0
208.11656547694787,15.0,1.167733e-06,0.0,0.0
208.11616414941497,15.0,1.191453e-06,0.0,0.0
208.11573749651453,15.0,1.160748e-06,0.0,0.0
208.11532954445445,15.0,1.17968e-06,0.0,0.0
208.114895255914,15.0,1.169072e-06,0.0,0.0
208.1144712680572,15.0,1.161054e-06,0.0,0.0
208.1140600237744,15.0,1.145192e-06,0.0,0.0
208.1136444817924,15.0,1.137319e-06,0.0,0.0
208.1132213958768,15.0,1.137712e-06,0.0,0.0
208.1127907250752,15.0,1.127584e-06,0.0,0.0
208.11236629546428,15.0,1.175518e-06,0.0,0.0
208.11195506887108,15.0,1.18537e-06,0.0,0.0
208.1115395279269,15.0,1.166933e-06,0.0,0.0
208.1110961952156,15.0,1.145614e-06,0.0,0.0
208.1107036114192,15.0,1.124921e-06,0.0,0.0
208.1102830945916,15.0,1.124572e-06,0.0,0.0
208.10985133639304,15.0,1.150285e-06,0.0,0.0
208.1094355554032,15.0,1.163469e-06,0.0,0.0
208.10902012498897,15.0,1.176435e-06,0.0,0.0
208.108632357394,15.0,1.150183e-06,0.0,0.0
208.10821171227727,15.0,1.136825e-06,0.0,0.0
208.1077940756492,15.0,1.168766e-06,0.0,0.0
208.10737309309127,15.0,1.146109e-06,0.0,0.0
208.10694378345116,15.0,1.140957e-06,0.0,0.0
208.10655629233227,15.0,1.177861e-06,0.0,0.0
208.1061204214008,15.0,1.157576e-06,0.0,0.0
208.10569693303609,15.0,1.187378e-06,0.0,0.0
208.10529818479685,15.0,1.195469e-06,0.0,0.0
208.10485722117448,15.0,1.21881e-06,0.0,0.0
208.10447155009305,15.0,1.246663e-06,0.0,0.0
208.10403551295835,15.0,1.233886e-06,0.0,0.0
208.10362024332545,15.0,1.263572e-06,0.0,0.0
208.10320179658865,15.0,1.24384e-06,0.0,0.0
208.1027847778323,15.0,1.27143e-06,0.0,0.0
208.1023627185725,15.0,1.218257e-06,0.0,0.0
208.10193149752288,15.0,1.268854e-06,0.0,0.0
208.10150776047183,15.0,1.304885e-06,0.0,0.0
208.10107279718875,15.0,1.288514e-06,0.0,0.0
208.10068529944337,15.0,1.292239e-06,0.0,0.0
208.10025480062453,15.0,1.302178e-06,0.0,0.0
208.09982389919324,15.0,1.241366e-06,0.0,0.0
208.0994157235957,15.0,1.301698e-06,0.0,0.0
208.09899534083328,15.0,1.33393e-06,0.0,0.0
208.09857664605187,15.0,1.326873e-06,0.0,0.0
208.09819142609484,15.0,1.345616e-06,0.0,0.0
208.0977428251022,15.0,1.385793e-06,0.0,0.0
208.097343588504,15.0,1.366148e-06,0.0,0.0
208.09691933938163,15.0,1.378707e-06,0.0,0.0
208.0965125916481,15.0,1.407447e-06,0.0,0.0
208.0960862329668,15.0,1.40327e-06,0.0,0.0
208.09567236689665,15.0,1.373977e-06,0.0,0.0
208.09526601862413,15.0,1.394277e-06,0.0,0.0
208.09483534364847,15.0,1.424283e-06,0.0,0.0
208.09440163856817,15.0,1.378343e-06,0.0,0.0
208.0939967236438,15.0,1.420049e-06,0.0,0.0
208.09357865573088,15.0,1.367778e-06,0.0,0.0
208.09315129571127,15.0,1.402455e-06,0.0,0.0
208.0927271984029,15.0,1.381588e-06,0.0,0.0
208.0923190224168,15.0,1.351757e-06,0.0,0.0
208.0918881249476,15.0,1.341439e-06,0.0,0.0
208.09146188279004,15.0,1.415596e-06,0.0,0.0
208.0910497315732,15.0,1.383305e-06,0.0,0.0
208.09065912203832,15.0,1.365057e-06,0.0,0.0
208.0902129662907,15.0,1.419539e-06,0.0,0.0
208.08981422401533,15.0,1.33703e-06,0.0,0.0
208.08938998199045,15.0,1.32322e-06,0.0,0.0
208.08894138135392,15.0,1.32469e-06,0.0,0.0
208.08855388715008,15.0,1.240638e-06,0.0,0.0
208.08813861397564,15.0,1.28019e-06,0.0,0.0
208.0877354252784,15.0,1.222972e-06,0.0,0.0
208.0873088847472,15.0,1.244844e-06,0.0,0.0
208.08688314917177,15.0,1.238091e-06,0.0,0.0
208.0864775410093,15.0,1.238572e-06,0.0,0.0
208.0860619945,15.0,1.244829e-06,0.0,0.0
208.0856507973893,15.0,1.272027e-06,0.0,0.0
208.08524596771684,15.0,1.272332e-06,0.0,0.0
208.0848028191984,15.0,1.260662e-06,0.0,0.0
208.08438901995865,15.0,1.272827e-06,0.0,0.0
208.08398509045983,15.0,1.307286e-06,0.0,0.0
208.08354177100165,15.0,1.311273e-06,0.0,0.0
208.08313759118715,15.0,1.322522e-06,0.0,0.0
208.0827336029948,15.0,1.319844e-06,0.0,0.0
208.0822987392436,15.0,1.320848e-06,0.0,0.0
208.08186062233207,15.0,1.303721e-06,0.0,0.0
208.0814363792004,15.0,1.348264e-06,0.0,0.0
208.08099293517583,15.0,1.301072e-06,0.0,0.0
208.0806051661192,15.0,1.289256e-06,0.0,0.0
208.0801894553728,15.0,1.302731e-06,0.0,0.0
208.07975855632023,15.0,1.293505e-06,0.0,0.0
208.0793508375412,15.0,1.314111e-06,0.0,0.0
208.07892016205287,15.0,1.290886e-06,0.0,0.0
208.0785199320874,15.0,1.372842e-06,0.0,0.0
208.07811354832188,15.0,1.302193e-06,0.0,0.0
208.07771641771063,15.0,1.32792e-06,0.0,0.0
208.07728837116213,15.0,1.297012e-06,0.0,0.0
208.0768497210148,15.0,1.256252e-06,0.0,0.0
208.07644974821687,15.0,1.260298e-06,0.0,0.0
208.07602697976048,15.0,1.221517e-06,0.0,0.0
208.07561112639652,15.0,1.279826e-06,0.0,0.0
208.07520500086403,15.0,1.237393e-06,0.0,0.0
208.07477227954843,15.0,1.230452e-06,0.0,0.0
208.07434114925505,15.0,1.193126e-06,0.0,0.0
208.0739327467272,15.0,1.176857e-06,0.0,0.0
208.07351614284568,15.0,1.153734e-06,0.0,0.0
208.0730842853584,15.0,1.159337e-06,0.0,0.0
208.07265755375457,15.0,1.199121e-06,0.0,0.0
208.07224941782752,15.0,1.231136e-06,0.0,0.0
208.0718239152068,15.0,1.232096e-06,0.0,0.0
208.07139323971847,15.0,1.168213e-06,0.0,0.0
208.07099007601903,15.0,1.188688e-06,0.0,0.0
208.0705806497145,15.0,1.201086e-06,0.0,0.0
208.07014666967035,15.0,1.173932e-06,0.0,0.0
208.0697612268469,15.0,1.15062e-06,0.0,0.0
208.06931985623936,15.0,1.146924e-06,0.0,0.0
208.06892086421755,15.0,1.124048e-06,0.0,0.0
208.0684973770562,15.0,1.08192e-06,0.0,0.0
208.06808398042503,15.0,1.120323e-06,0.0,0.0
208.06767348434647,15.0,1.090142e-06,0.0,0.0
208.0672451339833,15.0,1.120701e-06,0.0,0.0
208.0668514022786,15.0,1.151726e-06,0.0,0.0
208.0664058311881,15.0,1.151668e-06,0.0,0.0
208.06598381336704,15.0,1.208697e-06,0.0,0.0
208.0655965869329,15.0,1.153458e-06,0.0,0.0
208.06518131730007,15.0,1.161796e-06,0.0,0.0
208.06473319211668,15.0,1.136767e-06,0.0,0.0
208.0643347034964,15.0,1.132052e-06,0.0,0.0
208.0639107069696,15.0,1.141889e-06,0.0,0.0
208.0634646817404,15.0,1.108085e-06,0.0,0.0
208.06306347432823,15.0,1.095948e-06,0.0,0.0
208.06266192693732,15.0,1.095177e-06,0.0,0.0
208.062235668928,15.0,1.098408e-06,0.0,0.0
208.06180522881715,15.0,1.051376e-06,0.0,0.0
208.06136800555973,15.0,1.064851e-06,0.0,0.0
208.06096637565048,15.0,1.037391e-06,0.0,0.0
208.06054577055605,15.0,1.005232e-06,0.0,0.0
208.06011448147848,15.0,9.702053e-07,0.0,0.0
208.05971690473612,15.0,9.405921e-07,0.0,0.0
208.0592884470209,15.0,9.735086e-07,0.0,0.0
208.05886441715649,15.0,9.273062e-07,0.0,0.0
208.0584522911957,15.0,8.949719e-07,0.0,0.0
208.0580370215628,15.0,8.796196e-07,0.0,0.0
208.0576492468936,15.0,8.559728e-07,0.0,0.0
208.05722553125847,15.0,8.508941e-07,0.0,0.0
208.05680653457367,15.0,8.574134e-07,0.0,0.0
208.05638645434937,15.0,8.107162999999999e-07,0.0,0.0
208.05595956827364,15.0,8.199858999999999e-07,0.0,0.0
208.05554760262885,15.0,8.386705e-07,0.0,0.0
208.05513462013928,15.0,8.417701000000001e-07,0.0,0.0
208.05471088267365,15.0,8.491333999999999e-07,0.0,0.0
208.05427808194875,15.0,8.578936e-07,0.0,0.0
208.0538549127629,15.0,8.405914000000001e-07,0.0,0.0
208.05344016533567,15.0,9.479409e-07,0.0,0.0
208.05302462439155,15.0,9.973592e-07,0.0,1.0
208.05260879888303,15.0,9.895739000000002e-07,0.0,1.0
208.0522126472032,15.0,1.00609e-06,0.0,1.0
208.05176843300887,15.0,9.608193e-07,0.0,1.0
208.05134443999376,15.0,9.663636e-07,0.0,1.0
208.05090245545796,15.0,9.483483e-07,0.0,1.0
208.0505030094677,15.0,9.041687e-07,0.0,1.0
208.05008801950916,15.0,8.587812999999999e-07,0.0,1.0
208.04969705799607,15.0,7.625495000000001e-07,0.0,1.0
208.0492670238256,15.0,8.44957e-07,0.0,1.0
208.04884478277995,15.0,8.028583000000001e-07,0.0,1.0
208.04842817863369,15.0,8.233910000000001e-07,0.0,1.0
208.04801084221367,15.0,8.728675000000001e-07,0.0,1.0
208.04762362435017,15.0,8.35018e-07,0.0,1.0
208.04720456286827,15.0,8.320931000000001e-07,0.0,1.0
208.04678773048803,15.0,8.356583e-07,0.0,1.0
208.0463587853301,15.0,8.717616000000001e-07,0.0,1.0
208.04593479633664,15.0,8.839561e-07,0.0,1.0
208.0454914412198,15.0,9.040959e-07,0.0,1.0
208.0451033964546,15.0,9.146897e-07,0.0,1.0
208.04468756164428,15.0,9.325595e-07,0.0,1.0
208.04425643135085,15.0,9.30464e-07,0.0,1.0
208.0438487091052,15.0,8.943171e-07,0.0,1.0
208.0434180355425,15.0,9.21209e-07,0.0,1.0
208.04299816242207,15.0,9.591313000000003e-07,0.0,1.0
208.04261039540924,15.0,9.861251000000002e-07,0.0,1.0
208.04216961131488,15.0,9.907235e-07,0.0,1.0
208.04174562383687,15.0,1.01504e-06,0.0,1.0
208.041309888884,15.0,1.049528e-06,0.0,1.0
208.04087875721024,15.0,1.026827e-06,0.0,1.0
208.4289375,20.0,2.275099e-05,0.0,0.0
208.4289375,20.0,-1.851236e-06,0.0,0.0
208.4289375,20.0,-9.045616e-07,0.0,0.0
208.4289375,20.0,-3.050518e-07,0.0,0.0
208.42881886560977,20.0,1.463777e-07,0.0,0.0
208.4286417461936,20.0,4.924514e-07,0.0,0.0
208.42840229719803,20.0,7.617346000000001e-07,0.0,0.0
208.42813390000623,20.0,5.982147e-07,0.0,0.0
208.4278381370165,20.0,4.242174e-07,0.0,0.0
208.4274802529065,20.0,5.206093e-07,0.0,0.0
208.4270855107976,20.0,7.518246999999999e-07,0.0,0.0
208.4266867467556,20.0,8.315837e-07,0.0,0.0
208.4262560018994,20.0,8.538773e-07,0.0,0.0
208.4258139620673,20.0,9.345385e-07,0.0,0.0
208.42541698239603,20.0,1.062595e-06,0.0,0.0
208.4249971471028,20.0,1.00465e-06,0.0,0.0
208.4245814944593,20.0,1.067834e-06,0.0,0.0
208.42414731530684,20.0,1.152701e-06,0.0,0.0
208.42376192252163,20.0,1.12009e-06,0.0,0.0
208.4233205464402,20.0,1.113236e-06,0.0,0.0
208.42289668447333,20.0,1.066714e-06,0.0,0.0
208.4224922199195,20.0,1.050197e-06,0.0,0.0
208.422061493944,20.0,1.142733e-06,0.0,0.0
208.42164551935252,20.0,1.091379e-06,0.0,0.0
208.42122233604013,20.0,1.074441e-06,0.0,0.0
208.4207915043996,20.0,1.145076e-06,0.0,0.0
208.42036084194396,20.0,1.11894e-06,0.0,0.0
208.41996561462656,20.0,1.166118e-06,0.0,0.0
208.4195432305736,20.0,1.116787e-06,0.0,0.0
208.41912620751287,20.0,1.172477e-06,0.0,0.0
208.4187259032479,20.0,1.0902e-06,0.0,0.0
208.41829854765487,20.0,1.054053e-06,0.0,0.0
208.4178737392216,20.0,1.137072e-06,0.0,0.0
208.41746481085147,20.0,1.16296e-06,0.0,0.0
208.41704941131167,20.0,1.193432e-06,0.0,0.0
208.4166210982784,20.0,1.138425e-06,0.0,0.0
208.41623577183523,20.0,1.100692e-06,0.0,0.0
208.4158051815328,20.0,1.131659e-06,0.0,0.0
208.41536804640688,20.0,1.164997e-06,0.0,0.0
208.41496659722287,20.0,1.121371e-06,0.0,0.0
208.41455774070616,20.0,1.123e-06,0.0,0.0
208.4141214706888,20.0,9.983196e-07,0.0,0.0
208.41369770030127,20.0,1.089182e-06,0.0,0.0
208.41328055305047,20.0,1.203502e-06,0.0,0.0
208.4128753136712,20.0,1.189997e-06,0.0,0.0
208.4124273839751,20.0,1.234206e-06,0.0,0.0
208.41201006473705,20.0,1.203414e-06,0.0,0.0
208.4115947692338,20.0,1.229579e-06,0.0,0.0
208.4112023397415,20.0,1.188542e-06,0.0,0.0
208.4107730805884,20.0,1.204739e-06,0.0,0.0
208.41034219232395,20.0,1.084234e-06,0.0,0.0
208.40991360709967,20.0,1.057895e-06,0.0,0.0
208.4095179318988,20.0,1.18422e-06,0.0,0.0
208.40909506512767,20.0,1.16248e-06,0.0,0.0
208.40870993840568,20.0,1.137058e-06,0.0,0.0
208.40827929587087,20.0,1.206441e-06,0.0,0.0
208.40783978368043,20.0,1.231558e-06,0.0,0.0
208.4074404690901,20.0,1.22757e-06,0.0,0.0
208.40702555084027,20.0,1.209715e-06,0.0,0.0
208.40660130740423,20.0,1.173888e-06,0.0,0.0
208.40621592497013,20.0,1.141423e-06,0.0,0.0
208.405770099788,20.0,1.142354e-06,0.0,0.0
208.4053460589256,20.0,1.099994e-06,0.0,0.0
208.40494638216623,20.0,1.209744e-06,0.0,0.0
208.4045233774463,20.0,1.239794e-06,0.0,0.0
208.40409008317005,20.0,1.151624e-06,0.0,0.0
208.4036988428419,20.0,1.11894e-06,0.0,0.0
208.40327747461387,20.0,1.170949e-06,0.0,0.0
208.40283877861967,20.0,1.196211e-06,0.0,0.0
208.4024082616791,20.0,1.131863e-06,0.0,0.0
208.40198657732483,20.0,1.12447e-06,0.0,0.0
208.40157108310177,20.0,1.041495e-06,0.0,0.0
208.401138919187,20.0,1.102977e-06,0.0,0.0
208.400753521676,20.0,1.093154e-06,0.0,0.0
208.40031125546133,20.0,1.167398e-06,0.0,0.0
208.3998873565397,20.0,1.140535e-06,0.0,0.0
208.3994838353876,20.0,1.036969e-06,0.0,0.0
208.3990646021988,20.0,1.063061e-06,0.0,0.0
208.3986453041425,20.0,1.032036e-06,0.0,0.0
208.3982425219324,20.0,1.005203e-06,0.0,0.0
208.3978186993664,20.0,1.104214e-06,0.0,0.0
208.3974200821628,20.0,1.046094e-06,0.0,0.0
208.3969749318865,20.0,9.952782e-07,0.0,0.0
208.3965597522616,20.0,1.022665e-06,0.0,0.0
208.3961724212789,20.0,1.039065e-06,0.0,0.0
208.3957443737344,20.0,9.898649e-07,0.0,0.0
208.39531358454485,20.0,1.01667e-06,0.0,0.0
208.39490541484128,20.0,9.752985e-07,0.0,0.0
208.3944830705717,20.0,1.013657e-06,0.0,0.0
208.39406766169628,20.0,1.104912e-06,0.0,0.0
208.3936524757184,20.0,1.179898e-06,0.0,0.0
208.39320703464728,20.0,1.183129e-06,0.0,0.0
208.39281988214364,20.0,1.158274e-06,0.0,0.0
208.39238909582505,20.0,1.195192e-06,0.0,0.0
208.39196309721743,20.0,1.138556e-06,0.0,0.0
208.391519741159,20.0,1.13764e-06,0.0,0.0
208.3911197249532,20.0,1.190856e-06,0.0,0.0
208.39071392886737,20.0,1.162683e-06,0.0,0.0
208.3902806054084,20.0,1.125096e-06,0.0,0.0
208.3898570016443,20.0,1.250097e-06,0.0,0.0
208.38944256136105,20.0,1.191787e-06,0.0,0.0
208.38902695820275,20.0,1.110689e-06,0.0,0.0
208.38863930032124,20.0,1.130902e-06,0.0,0.0
208.38821716597676,20.0,1.187669e-06,0.0,0.0
208.3877991143937,20.0,1.194043e-06,0.0,0.0
208.38737239150217,20.0,1.112436e-06,0.0,0.0
208.3869487543832,20.0,9.835785e-07,0.0,0.0
208.38656240290769,20.0,1.079708e-06,0.0,0.0
208.38611952332525,20.0,1.149761e-06,0.0,0.0
208.3857009334345,20.0,1.191816e-06,0.0,0.0
208.3852928489789,20.0,1.183522e-06,0.0,0.0
208.38486194608808,20.0,1.228778e-06,0.0,0.0
208.38445534806925,20.0,1.19998e-06,0.0,0.0
208.3840420682343,20.0,1.267006e-06,0.0,0.0
208.38362651403705,20.0,1.301974e-06,0.0,0.0
208.3832259334806,20.0,1.337699e-06,0.0,0.0
208.3827847304504,20.0,1.296939e-06,0.0,0.0
208.3823608898408,20.0,1.311331e-06,0.0,0.0
208.3819145427568,20.0,1.29774e-06,0.0,0.0
208.381493944786,20.0,1.273496e-06,0.0,0.0
208.38107580534663,20.0,1.290493e-06,0.0,0.0
208.38069063087008,20.0,1.301247e-06,0.0,0.0
208.3802420993567,20.0,1.33265e-06,0.0,0.0
208.3798434891993,20.0,1.314038e-06,0.0,0.0
208.37941954024905,20.0,1.157474e-06,0.0,0.0
208.3790130926072,20.0,1.396926e-06,0.0,0.0
208.3785866229161,20.0,1.379623e-06,0.0,0.0
208.37817397075,20.0,1.430875e-06,0.0,0.0
208.37777335413205,20.0,1.371445e-06,0.0,0.0
208.3773344411154,20.0,1.362583e-06,0.0,0.0
208.3769265129463,20.0,1.379638e-06,0.0,0.0
208.37650877388745,20.0,1.358014e-06,0.0,0.0
208.3761030851176,20.0,1.355103e-06,0.0,0.0
208.37570294299627,20.0,1.342472e-06,0.0,0.0
208.37525566845324,20.0,1.272216e-06,0.0,0.0
208.37484953017963,20.0,1.191787e-06,0.0,0.0
208.3744332893274,20.0,1.185574e-06,0.0,0.0
208.37400929631227,20.0,1.166307e-06,0.0,0.0
208.373574086776,20.0,1.213077e-06,0.0,0.0
208.37316165513548,20.0,1.234948e-06,0.0,0.0
208.37275619829967,20.0,1.233682e-06,0.0,0.0
208.37232546412025,20.0,1.291555e-06,0.0,0.0
208.3718904079767,20.0,1.286578e-06,0.0,0.0
208.371486541178,20.0,1.284177e-06,0.0,0.0
208.37105421797023,20.0,1.342327e-06,0.0,0.0
208.3706384215564,20.0,1.32338e-06,0.0,0.0
208.3702348263648,20.0,1.313165e-06,0.0,0.0
208.36980863528865,20.0,1.305219e-06,0.0,0.0
208.36940098469063,20.0,1.279433e-06,0.0,0.0
208.3689768758562,20.0,1.303604e-06,0.0,0.0
208.36857402080096,20.0,1.241526e-06,0.0,0.0
208.3681738371667,20.0,1.307897e-06,0.0,0.0
208.36772636499387,20.0,1.325578e-06,0.0,0.0
208.3673377696408,20.0,1.326582e-06,0.0,0.0
208.3669037649624,20.0,1.257024e-06,0.0,0.0
208.3664566433084,20.0,1.360779e-06,0.0,0.0
208.3660693245076,20.0,1.29627e-06,0.0,0.0
208.36565383601865,20.0,1.26638e-06,0.0,0.0
208.36522929961205,20.0,1.279681e-06,0.0,0.0
208.36482140188508,20.0,1.270702e-06,0.0,0.0
208.3643904535137,20.0,1.230437e-06,0.0,0.0
208.36398778070125,20.0,1.253269e-06,0.0,0.0
208.36357750591364,20.0,1.337612e-06,0.0,0.0
208.36313426462127,20.0,1.320819e-06,0.0,0.0
208.36271327276984,20.0,1.317705e-06,0.0,0.0
208.362317079946,20.0,1.367021e-06,0.0,0.0
208.3618746067722,20.0,1.377615e-06,0.0,0.0
208.3614454125814,20.0,1.374327e-06,0.0,0.0
208.36102062847803,20.0,1.405439e-06,0.0,0.0
208.3606049187948,20.0,1.414475e-06,0.0,0.0
208.3601975737248,20.0,1.398061e-06,0.0,0.0
208.3597661153667,20.0,1.356748e-06,0.0,0.0
208.35937488273947,20.0,1.40167e-06,0.0,0.0
208.35892726847,20.0,1.428212e-06,0.0,0.0
208.35852755304592,20.0,1.370863e-06,0.0,0.0
208.3581221228096,20.0,1.364737e-06,0.0,0.0
208.3577030336328,20.0,1.364315e-06,0.0,0.0
208.35729481811185,20.0,1.360677e-06,0.0,0.0
208.35686391522097,20.0,1.382199e-06,0.0,0.0
208.3564335529932,20.0,1.402586e-06,0.0,0.0
208.35604419137013,20.0,1.398177e-06,0.0,0.0
208.35561696137137,20.0,1.43201e-06,0.0,0.0
208.3552105606856,20.0,1.378809e-06,0.0,0.0
208.35478659628475,20.0,1.43057e-06,0.0,0.0
208.354346913997,20.0,1.401029e-06,0.0,0.0
208.35393923797693,20.0,1.433553e-06,0.0,0.0
208.35352432591893,20.0,1.426553e-06,0.0,0.0
208.35310897520617,20.0,1.393506e-06,0.0,0.0
208.3526677592184,20.0,1.41238e-06,0.0,0.0
208.3522442164613,20.0,1.380176e-06,0.0,0.0
208.35184562427204,20.0,1.39256e-06,0.0,0.0
208.35140052805767,20.0,1.357999e-06,0.0,0.0
208.35099793841388,20.0,1.275475e-06,0.0,0.0
208.35058905483007,20.0,1.39988e-06,0.0,0.0
208.35017367663147,20.0,1.398876e-06,0.0,0.0
208.34976132253487,20.0,1.371678e-06,0.0,0.0
208.3493270946553,20.0,1.331078e-06,0.0,0.0
208.34890887927963,20.0,1.377164e-06,0.0,0.0
208.34851131958595,20.0,1.344801e-06,0.0,0.0
208.3480897245472,20.0,1.349181e-06,0.0,0.0
208.34768022444453,20.0,1.347347e-06,0.0,0.0
208.34725080359243,20.0,1.373992e-06,0.0,0.0
208.346858441856,20.0,1.379769e-06,0.0,0.0
208.34641214032268,20.0,1.377397e-06,0.0,0.0
208.34599140181928,20.0,1.362248e-06,0.0,0.0
208.3456037373112,20.0,1.35228e-06,0.0,0.0
208.3451881152193,20.0,1.325287e-06,0.0,0.0
208.3447393319954,20.0,1.343491e-06,0.0,0.0
208.3443494692814,20.0,1.335182e-06,0.0,0.0
208.34391699865992,20.0,1.358421e-06,0.0,0.0
208.34347134508363,20.0,1.341017e-06,0.0,0.0
208.3430799886601,20.0,1.308275e-06,0.0,0.0
208.3426685777054,20.0,1.325927e-06,0.0,0.0
208.34224109256607,20.0,1.316104e-06,0.0,0.0
208.34181058168127,20.0,1.253298e-06,0.0,0.0
208.34137374492465,20.0,1.275446e-06,0.0,0.0
208.3409714574483,20.0,1.233435e-06,0.0,0.0
208.3405505582,20.0,1.235647e-06,0.0,0.0
208.3401197974672,20.0,1.220586e-06,0.0,0.0
208.33972083355096,20.0,1.294567e-06,0.0,0.0
208.33929339541007,20.0,1.333814e-06,0.0,0.0
208.33886892876853,20.0,1.359993e-06,0.0,0.0
208.3384587745232,20.0,1.403387e-06,0.0,0.0
208.3380432057852,20.0,1.405366e-06,0.0,0.0
208.33765579804776,20.0,1.403125e-06,0.0,0.0
208.33723099589864,20.0,1.433524e-06,0.0,0.0
208.33681158464384,20.0,1.412729e-06,0.0,0.0
208.33639210428305,20.0,1.404143e-06,0.0,0.0
208.33596691320835,20.0,1.406937e-06,0.0,0.0
208.33557922377648,20.0,1.368244e-06,0.0,0.0
208.33516412466287,20.0,1.365799e-06,0.0,0.0
208.33471761872687,20.0,1.36852e-06,0.0,0.0
208.33428393223005,20.0,1.430264e-06,0.0,0.0
208.33387576252647,20.0,1.39742e-06,0.0,0.0
208.33344674529764,20.0,1.40164e-06,0.0,0.0
208.3330311355128,20.0,1.415014e-06,0.0,0.0
208.3326228809183,20.0,1.412875e-06,0.0,0.0
208.3322209255066,20.0,1.422843e-06,0.0,0.0
208.33177519948248,20.0,1.449895e-06,0.0,0.0
208.33135124135177,20.0,1.385954e-06,0.0,0.0
208.33095118991457,20.0,1.338805e-06,0.0,0.0
208.33051105098343,20.0,1.380962e-06,0.0,0.0
208.3301051035203,20.0,1.396053e-06,0.0,0.0
208.32970440146144,20.0,1.371533e-06,0.0,0.0
208.3292737000472,20.0,1.351043e-06,0.0,0.0
208.32886559127328,20.0,1.359309e-06,0.0,0.0
208.32843494389155,20.0,1.254666e-06,0.0,0.0
208.3280192986756,20.0,1.296241e-06,0.0,0.0
208.32763186531247,20.0,1.310109e-06,0.0,0.0
208.32721127779496,20.0,1.352659e-06,0.0,0.0
208.3268031985368,20.0,1.351189e-06,0.0,0.0
208.32636567499767,20.0,1.36478e-06,0.0,0.0
208.3259187559505,20.0,1.380147e-06,0.0,0.0
208.3255333574143,20.0,1.380715e-06,0.0,0.0
208.32511176953727,20.0,1.419379e-06,0.0,0.0
208.32469459441887,20.0,1.442764e-06,0.0,0.0
208.324286627228,20.0,1.447348e-06,0.0,0.0
208.3238558629284,20.0,1.504159e-06,0.0,0.0
208.3234237810544,20.0,1.427121e-06,0.0,0.0
208.3230169668344,20.0,1.391614e-06,0.0,0.0
208.32261935214584,20.0,1.417066e-06,0.0,0.0
208.32217605867507,20.0,1.394903e-06,0.0,0.0
208.3217472174566,20.0,1.417924e-06,0.0,0.0
208.32131665416367,20.0,1.421096e-06,0.0,0.0
208.32089039890687,20.0,1.442473e-06,0.0,0.0
208.3204868403103,20.0,1.419568e-06,0.0,0.0
208.32007143478492,20.0,1.41139e-06,0.0,0.0
208.31963918314025,20.0,1.358276e-06,0.0,0.0
208.31923550900632,20.0,1.387132e-06,0.0,0.0
208.3188115107297,20.0,1.335997e-06,0.0,0.0
208.3184120733144,20.0,1.317938e-06,0.0,0.0
208.31800655086005,20.0,1.315784e-06,0.0,0.0
208.31757873946316,20.0,1.28457e-06,0.0,0.0
208.31716600134556,20.0,1.267414e-06,0.0,0.0
208.31676000423903,20.0,1.238514e-06,0.0,0.0
208.31632946596287,20.0,1.22645e-06,0.0,0.0
208.31590176475285,20.0,1.335706e-06,0.0,0.0
208.31550206151692,20.0,1.34646e-06,0.0,0.0
208.31508698644052,20.0,1.333741e-06,0.0,0.0
208.31469661671423,20.0,1.319335e-06,0.0,0.0
208.31424947724983,20.0,1.293112e-06,0.0,0.0
208.31381287172056,20.0,1.328517e-06,0.0,0.0
208.31338219623228,20.0,1.300956e-06,0.0,0.0
208.3129780535164,20.0,1.355103e-06,0.0,0.0
208.31256689528465,20.0,1.370034e-06,0.0,0.0
208.31213023759008,20.0,1.349239e-06,0.0,0.0
208.3117063446324,20.0,1.340508e-06,0.0,0.0
208.31130710803413,20.0,1.337641e-06,0.0,0.0
208.31086542084768,20.0,1.333334e-06,0.0,0.0
208.3104592715706,20.0,1.380715e-06,0.0,0.0
208.3100462548796,20.0,1.37194e-06,0.0,0.0
208.30963641172784,20.0,1.3752e-06,0.0,0.0
208.3092329537484,20.0,1.350389e-06,0.0,0.0
208.3087885543225,20.0,1.341323e-06,0.0,0.0
208.30839405321845,20.0,1.329288e-06,0.0,0.0
208.30796918407685,20.0,1.313529e-06,0.0,0.0
208.30755527624737,20.0,1.33783e-06,0.0,0.0
208.3071385958501,20.0,1.333727e-06,0.0,0.0
208.30671696661736,20.0,1.326582e-06,0.0,0.0
208.30629905829463,20.0,1.337379e-06,0.0,0.0
208.3058782344878,20.0,1.340959e-06,0.0,0.0
208.30544971101068,20.0,1.359775e-06,0.0,0.0
208.30504977590496,20.0,1.311826e-06,0.0,0.0
208.3046468668776,20.0,1.321052e-06,0.0,0.0
208.30420183661795,20.0,1.38981e-06,0.0,0.0
208.30380294425652,20.0,1.362016e-06,0.0,0.0
208.30337897765196,20.0,1.359207e-06,0.0,0.0
208.30293138632652,20.0,1.361521e-06,0.0,0.0
208.30254151727272,20.0,1.416091e-06,0.0,0.0
208.3021263916156,20.0,1.342487e-06,0.0,0.0
208.3017069415885,20.0,1.390785e-06,0.0,0.0
208.30126031788967,20.0,1.437293e-06,0.0,0.0
208.30083670249425,20.0,1.3674e-06,0.0,0.0
208.3004377396936,20.0,1.398468e-06,0.0,0.0
208.29999493274323,20.0,1.385517e-06,0.0,0.0
208.29959924750247,20.0,1.429449e-06,0.0,0.0
208.29919135458047,20.0,1.448221e-06,0.0,0.0
208.2987603795704,20.0,1.411812e-06,0.0,0.0
208.29835233903984,20.0,1.38802e-06,0.0,0.0
208.2979217790997,20.0,1.415843e-06,0.0,0.0
208.29752106446745,20.0,1.43431e-06,0.0,0.0
208.2971147464961,20.0,1.407912e-06,0.0,0.0
208.2966740936028,20.0,1.39109e-06,0.0,0.0
208.2962885533813,20.0,1.420165e-06,0.0,0.0
208.29584976572409,20.0,1.405788e-06,0.0,0.0
208.2954496819549,20.0,1.40944e-06,0.0,0.0
208.2950268884045,20.0,1.382272e-06,0.0,0.0
208.2945936891844,20.0,1.361492e-06,0.0,0.0
208.2941790464964,20.0,1.382126e-06,0.0,0.0
208.29377195825177,20.0,1.342545e-06,0.0,0.0
208.2933314416452,20.0,1.31104e-06,0.0,0.0
208.29290739860136,20.0,1.349981e-06,0.0,0.0
208.2925019867897,20.0,1.359149e-06,0.0,0.0
208.29207315332795,20.0,1.32389e-06,0.0,0.0
208.291657633551,20.0,1.257416e-06,0.0,0.0
208.29123243392448,20.0,1.310167e-06,0.0,0.0
208.2908244234028,20.0,1.290042e-06,0.0,0.0
208.29039365600252,20.0,1.318534e-06,0.0,0.0
208.28996830401115,20.0,1.325083e-06,0.0,0.0
208.28958054208627,20.0,1.396751e-06,0.0,0.0
208.2891461081888,20.0,1.395107e-06,0.0,0.0
208.28874295147585,20.0,1.422275e-06,0.0,0.0
208.28831913638476,20.0,1.449807e-06,0.0,0.0
208.28792011612805,20.0,1.441178e-06,0.0,0.0
208.28747528098256,20.0,1.440756e-06,0.0,0.0
208.28707253306985,20.0,1.39483e-06,0.0,0.0
208.28667229888205,20.0,1.381413e-06,0.0,0.0
208.28624431488296,20.0,1.381108e-06,0.0,0.0
208.2858239810328,20.0,1.402906e-06,0.0,0.0
208.2854055821604,20.0,1.436259e-06,0.0,0.0
208.2849831916924,20.0,1.375884e-06,0.0,0.0
208.28456682250783,20.0,1.380889e-06,0.0,0.0
208.28415225855537,20.0,1.459252e-06,0.0,0.0
208.28372795003128,20.0,1.447217e-06,0.0,0.0
208.283333351948,20.0,1.449531e-06,0.0,0.0
208.28288958150765,20.0,1.412292e-06,0.0,0.0
208.2824638020076,20.0,1.419161e-06,0.0,0.0
208.28204792091148,20.0,1.432098e-06,0.0,0.0
208.281604615994,20.0,1.409877e-06,0.0,0.0
208.2812093478311,20.0,1.38965e-06,0.0,0.0
208.28078063628587,20.0,1.411667e-06,0.0,0.0
208.28034966517427,20.0,1.432069e-06,0.0,0.0
208.27994226427853,20.0,1.4299e-06,0.0,0.0
208.27952730167368,20.0,1.419961e-06,0.0,0.0
208.27910288957835,20.0,1.373686e-06,0.0,0.0
208.27871773784207,20.0,1.354827e-06,0.0,0.0
208.2782718720954,20.0,1.396838e-06,0.0,0.0
208.27787328038684,20.0,1.356908e-06,0.0,0.0
208.2774492329112,20.0,1.408858e-06,0.0,0.0
208.27703997159367,20.0,1.369699e-06,0.0,0.0
208.27661944808767,20.0,1.376975e-06,0.0,0.0
208.2762010095012,20.0,1.380802e-06,0.0,0.0
208.27580374050683,20.0,1.35845e-06,0.0,0.0
208.27536247725124,20.0,1.393739e-06,0.0,0.0
208.27495630756505,20.0,1.397755e-06,0.0,0.0
208.27454268301648,20.0,1.377193e-06,0.0,0.0
208.27412700310344,20.0,1.389708e-06,0.0,0.0
208.27368448040085,20.0,1.42811e-06,0.0,0.0
208.27328516463476,20.0,1.466222e-06,0.0,0.0
208.27284554082053,20.0,1.452427e-06,0.0,0.0
208.272414709578,20.0,1.471824e-06,0.0,0.0
208.27201363817727,20.0,1.465058e-06,0.0,0.0
208.2716066573197,20.0,1.427252e-06,0.0,0.0
208.2711907299684,20.0,1.426146e-06,0.0,0.0
208.2707421344044,20.0,1.439737e-06,0.0,0.0
208.27034316700005,20.0,1.439461e-06,0.0,0.0
208.26991933003487,20.0,1.393491e-06,0.0,0.0
208.26951289393483,20.0,1.502209e-06,0.0,0.0
208.26908623712217,20.0,1.494569e-06,0.0,0.0
208.268672351586,20.0,1.496475e-06,0.0,0.0
208.2682656445801,20.0,1.500506e-06,0.0,0.0
208.267834898646,20.0,1.490058e-06,0.0,0.0
208.26742715261344,20.0,1.489156e-06,0.0,0.0
208.26700950647128,20.0,1.447886e-06,0.0,0.0
208.2665880343141,20.0,1.469729e-06,0.0,0.0
208.26620270065573,20.0,1.476321e-06,0.0,0.0
208.2657556083251,20.0,1.45314e-06,0.0,0.0
208.26534137241947,20.0,1.448876e-06,0.0,0.0
208.2649330171568,20.0,1.452834e-06,0.0,0.0
208.2644892260144,20.0,1.416309e-06,0.0,0.0
208.26408551236287,20.0,1.478344e-06,0.0,0.0
208.26368673794505,20.0,1.48156e-06,0.0,0.0
208.26325622375543,20.0,1.470646e-06,0.0,0.0
208.262834820198,20.0,1.489956e-06,0.0,0.0
208.2624155414724,20.0,1.506254e-06,0.0,0.0
208.26199165318664,20.0,1.457607e-06,0.0,0.0
208.26155431792367,20.0,1.401873e-06,0.0,0.0
208.2611391806332,20.0,1.45314e-06,0.0,0.0
208.26071733615527,20.0,1.413588e-06,0.0,0.0
208.26030955833028,20.0,1.424822e-06,0.0,0.0
208.2598786728856,20.0,1.404551e-06,0.0,0.0
208.2594735975004,20.0,1.40554e-06,0.0,0.0
208.259061727344,20.0,1.432039e-06,0.0,0.0
208.2586311468612,20.0,1.44259e-06,0.0,0.0
208.25822659403715,20.0,1.453984e-06,0.0,0.0
208.25782537869367,20.0,1.431676e-06,0.0,0.0
208.2574041390725,20.0,1.416862e-06,0.0,0.0
208.25695735052147,20.0,1.425957e-06,0.0,0.0
208.2565683419625,20.0,1.435939e-06,0.0,0.0
208.2561542906647,20.0,1.411376e-06,0.0,0.0
208.25572981255007,20.0,1.424705e-06,0.0,0.0
208.25532168039365,20.0,1.432432e-06,0.0,0.0
208.25489089371584,20.0,1.447057e-06,0.0,0.0
208.25446512788747,20.0,1.43089e-06,0.0,0.0
208.25405197488155,20.0,1.432432e-06,0.0,0.0
208.25363948562023,20.0,1.43786e-06,0.0,0.0
208.25321566241345,20.0,1.422144e-06,0.0,0.0
208.25278240329925,20.0,1.354463e-06,0.0,0.0
208.252374434204,20.0,1.435561e-06,0.0,0.0
208.25194479321408,20.0,1.439912e-06,0.0,0.0
208.251529162262,20.0,1.439941e-06,0.0,0.0
208.2511042736241,20.0,1.385764e-06,0.0,0.0
208.25071887286956,20.0,1.423541e-06,0.0,0.0
208.25027339258327,20.0,1.406821e-06,0.0,0.0
208.24984318698236,20.0,1.426684e-06,0.0,0.0
208.24945078236453,20.0,1.451568e-06,0.0,0.0
208.249041379238,20.0,1.476932e-06,0.0,0.0
208.2486210796992,20.0,1.50525e-06,0.0,0.0
208.2482026628132,20.0,1.494511e-06,0.0,0.0
208.24778557684,20.0,1.348482e-06,0.0,0.0
208.2473635431344,20.0,1.389286e-06,0.0,0.0
208.24695737578213,20.0,1.47066e-06,0.0,0.0
208.24654440463596,20.0,1.449458e-06,0.0,0.0
208.24610967087352,20.0,1.448265e-06,0.0,0.0
208.24570857127685,20.0,1.428663e-06,0.0,0.0
208.2452870928452,20.0,1.462191e-06,0.0,0.0
208.24485452108047,20.0,1.493143e-06,0.0,0.0
208.24443876255253,20.0,1.49096e-06,0.0,0.0
208.24402342635656,20.0,1.52296e-06,0.0,0.0
208.24361607440028,20.0,1.503402e-06,0.0,0.0
208.24321431571852,20.0,1.53204e-06,0.0,0.0
208.2427835032072,20.0,1.554043e-06,0.0,0.0
208.24234431622403,20.0,1.552587e-06,0.0,0.0
208.2418992951023,20.0,1.572e-06,0.0,0.0
208.24147565767,20.0,1.606575e-06,0.0,0.0
208.24108829489649,20.0,1.562104e-06,0.0,0.0
208.24065916911448,20.0,1.583758e-06,0.0,0.0
208.2402335813945,20.0,1.52571e-06,0.0,0.0
208.23981391139483,20.0,1.453634e-06,0.0,0.0
208.2393947935801,20.0,1.447625e-06,0.0,0.0
208.23899195566125,20.0,1.376568e-06,0.0,0.0
208.2385825766816,20.0,1.437962e-06,0.0,0.0
208.2381694260182,20.0,1.401335e-06,0.0,0.0
208.2377632073517,20.0,1.367371e-06,0.0,0.0
208.2373323985643,20.0,1.329856e-06,0.0,0.0
208.23692398070403,20.0,1.353517e-06,0.0,0.0
208.2365053113224,20.0,1.325636e-06,0.0,0.0
208.23607493992785,20.0,1.296183e-06,0.0,0.0
208.23569900127504,20.0,1.288863e-06,0.0,0.0
208.2352522769952,20.0,1.310778e-06,0.0,0.0
208.2348158262628,20.0,1.301363e-06,0.0,0.0
208.23442977279768,20.0,1.273773e-06,0.0,0.0
208.23398589384377,20.0,1.274195e-06,0.0,0.0
208.2335703740668,20.0,1.221721e-06,0.0,0.0
208.2331551600215,20.0,1.297522e-06,0.0,0.0
208.23274743867177,20.0,1.289591e-06,0.0,0.0
208.23231088937945,20.0,1.244451e-06,0.0,0.0
208.2318868450504,20.0,1.285705e-06,0.0,0.0
208.23143813534887,20.0,1.340348e-06,0.0,0.0
208.2310394796232,20.0,1.342589e-06,0.0,0.0
208.23063549626852,20.0,1.347275e-06,0.0,0.0
208.23021388588649,20.0,1.294946e-06,0.0,0.0
208.22980570847537,20.0,1.302615e-06,0.0,0.0
208.22936855983244,20.0,1.342079e-06,0.0,0.0
208.22896667879792,20.0,1.331326e-06,0.0,0.0
208.22855798032865,20.0,1.356661e-06,0.0,0.0
208.22812796720808,20.0,1.3182e-06,0.0,0.0
208.2277232305703,20.0,1.307984e-06,0.0,0.0
208.22730175798608,20.0,1.331631e-06,0.0,0.0
208.2268815116011,20.0,1.326174e-06,0.0,0.0
208.2264536340657,20.0,1.345092e-06,0.0,0.0
208.22605327596827,20.0,1.34026e-06,0.0,0.0
208.22565067255863,20.0,1.327193e-06,0.0,0.0
208.2252265748384,20.0,1.304055e-06,0.0,0.0
208.22481838413043,20.0,1.310764e-06,0.0,0.0
208.22438257777023,20.0,1.291468e-06,0.0,0.0
208.22395876996563,20.0,1.316846e-06,0.0,0.0
208.223573413826,20.0,1.293127e-06,0.0,0.0
208.22313022671008,20.0,1.263048e-06,0.0,0.0
208.2227097601108,20.0,1.304579e-06,0.0,0.0
208.2222786821864,20.0,1.278924e-06,0.0,0.0
208.22183855525412,20.0,1.275039e-06,0.0,0.0
208.2214391305444,20.0,1.251712e-06,0.0,0.0
208.2210244046109,20.0,1.239183e-06,0.0,0.0
208.22058149824247,20.0,1.212087e-06,0.0,0.0
208.22017016756269,20.0,1.153137e-06,0.0,0.0
208.21976986710263,20.0,1.174732e-06,0.0,0.0
208.21933150199416,20.0,1.236011e-06,0.0,0.0
208.21894621069336,20.0,1.218563e-06,0.0,0.0
208.21850493154471,20.0,1.257649e-06,0.0,0.0
208.2180992458393,20.0,1.232504e-06,0.0,0.0
208.2176992356024,20.0,1.259556e-06,0.0,0.0
208.21726871589,20.0,1.215973e-06,0.0,0.0
208.2168604989446,20.0,1.180335e-06,0.0,0.0
208.216429840941,20.0,1.234948e-06,0.0,0.0
208.21603043858,20.0,1.260327e-06,0.0,0.0
208.21562516717876,20.0,1.226741e-06,0.0,0.0
208.21518250245927,20.0,1.17092e-06,0.0,0.0
208.21478811356823,20.0,1.266104e-06,0.0,0.0
208.21435947718248,20.0,1.244451e-06,0.0,0.0
208.2139131855492,20.0,1.277949e-06,0.0,0.0
208.2134925117481,20.0,1.245542e-06,0.0,0.0
208.21307698680275,20.0,1.253851e-06,0.0,0.0
208.21266417099923,20.0,1.279157e-06,0.0,0.0
208.2122580989137,20.0,1.273249e-06,0.0,0.0
208.21182740307285,20.0,1.2581e-06,0.0,0.0
208.2113924235656,20.0,1.266322e-06,0.0,0.0
208.2109885284381,20.0,1.263339e-06,0.0,0.0
208.2105845696123,20.0,1.276014e-06,0.0,0.0
208.2101416060632,20.0,1.256572e-06,0.0,0.0
208.2097374440895,20.0,1.276043e-06,0.0,0.0
208.20932386266344,20.0,1.303357e-06,0.0,0.0
208.2089250921208,20.0,1.299137e-06,0.0,0.0
208.20848047621496,20.0,1.261113e-06,0.0,0.0
208.20807752421163,20.0,1.260123e-06,0.0,0.0
208.2076773126788,20.0,1.252061e-06,0.0,0.0
208.20724823002263,20.0,1.265158e-06,0.0,0.0
208.20683998747427,20.0,1.279303e-06,0.0,0.0
208.2064064717408,20.0,1.249136e-06,0.0,0.0
208.2059825989093,20.0,1.24154e-06,0.0,0.0
208.20560007538333,20.0,1.2206e-06,0.0,0.0
208.20515667254372,20.0,1.235647e-06,0.0,0.0
208.20473157496292,20.0,1.225897e-06,0.0,0.0
208.20433706174128,20.0,1.245018e-06,0.0,0.0
208.2038927960666,20.0,1.179651e-06,0.0,0.0
208.20346781469465,20.0,1.217733e-06,0.0,0.0
208.2030659578593,20.0,1.227629e-06,0.0,0.0
208.20266498650247,20.0,1.222463e-06,0.0,0.0
208.20223836823763,20.0,1.22581e-06,0.0,0.0
208.2018078902824,20.0,1.217777e-06,0.0,0.0
208.2013713833724,20.0,1.180291e-06,0.0,0.0
208.20092415516544,20.0,1.198016e-06,0.0,0.0
208.2005386344528,20.0,1.213179e-06,0.0,0.0
208.2001176999052,20.0,1.17025e-06,0.0,0.0
208.19969940241845,20.0,1.168402e-06,0.0,0.0
208.19929120481103,20.0,1.146604e-06,0.0,0.0
208.1988670464988,20.0,1.1425e-06,0.0,0.0
208.19845600991044,20.0,1.138353e-06,0.0,0.0
208.1980405218232,20.0,1.132474e-06,0.0,0.0
208.1976530612288,20.0,1.11894e-06,0.0,0.0
208.19720771169128,20.0,1.131237e-06,0.0,0.0
208.19680970620408,20.0,1.133783e-06,0.0,0.0
208.19638547544653,20.0,1.113673e-06,0.0,0.0
208.19593688187624,20.0,1.099354e-06,0.0,0.0
208.1955628194297,20.0,1.143242e-06,0.0,0.0
208.1951334214,20.0,1.119828e-06,0.0,0.0
208.19471232357145,20.0,1.150111e-06,0.0,0.0
208.19430442079093,20.0,1.161883e-06,0.0,0.0
208.1938734778413,20.0,1.182212e-06,0.0,0.0
208.1934439250973,20.0,1.199005e-06,0.0,0.0
208.1930004600437,20.0,1.220178e-06,0.0,0.0
208.19261246399915,20.0,1.230714e-06,0.0,0.0
208.19219525358832,20.0,1.229564e-06,0.0,0.0
208.19176455535973,20.0,1.238499e-06,0.0,0.0
208.19135642571507,20.0,1.228909e-06,0.0,0.0
208.1909246058921,20.0,1.151115e-06,0.0,0.0
208.19050060722068,20.0,1.1948e-06,0.0,0.0
208.19011990764247,20.0,1.177192e-06,0.0,0.0
208.18967689212425,20.0,1.169014e-06,0.0,0.0
208.1892638210216,20.0,1.155946e-06,0.0,0.0
208.1888550655941,20.0,1.200096e-06,0.0,0.0
208.188411619951,20.0,1.210545e-06,0.0,0.0
208.18801564683,20.0,1.238921e-06,0.0,0.0
208.1876004049909,20.0,1.202949e-06,0.0,0.0
208.1871853777917,20.0,1.197419e-06,0.0,0.0
208.18677768775623,20.0,1.238834e-06,0.0,0.0
208.1863470103121,20.0,1.22418e-06,0.0,0.0
208.18593871856527,20.0,1.180466e-06,0.0,0.0
208.1855230350831,20.0,1.239343e-06,0.0,0.0
208.1850798479672,20.0,1.261971e-06,0.0,0.0
208.18469097094967,20.0,1.238514e-06,0.0,0.0
208.1842678781369,20.0,1.245207e-06,0.0,0.0
208.18382966798416,20.0,1.24886e-06,0.0,0.0
208.18342172026152,20.0,1.2417e-06,0.0,0.0
208.18300267088844,20.0,1.23815e-06,0.0,0.0
208.18258739635644,20.0,1.221997e-06,0.0,0.0
208.18215196675715,20.0,1.236258e-06,0.0,0.0
208.1817669779008,20.0,1.219509e-06,0.0,0.0
208.18132593086256,20.0,1.216395e-06,0.0,0.0
208.1808826734796,20.0,1.222405e-06,0.0,0.0
208.18045494807888,20.0,1.153647e-06,0.0,0.0
208.18005420526296,20.0,1.148685e-06,0.0,0.0
208.17965162528745,20.0,1.144639e-06,0.0,0.0
208.17922762736544,20.0,1.125911e-06,0.0,0.0
208.1788195223344,20.0,1.105247e-06,0.0,0.0
208.17838398891644,20.0,1.109831e-06,0.0,0.0
208.17798044687683,20.0,1.139313e-06,0.0,0.0
208.17757444630612,20.0,1.122986e-06,0.0,0.0
208.17714160168504,20.0,1.083841e-06,0.0,0.0
208.1767385196121,20.0,1.085617e-06,0.0,0.0
208.17631488929516,20.0,1.117267e-06,0.0,0.0
208.1759160290133,20.0,1.110064e-06,0.0,0.0
208.17547060119543,20.0,1.093998e-06,0.0,0.0
208.17507936270863,20.0,1.074193e-06,0.0,0.0
208.1746675691324,20.0,1.066044e-06,0.0,0.0
208.17424028583727,20.0,1.005305e-06,0.0,0.0
208.1738097145121,20.0,1.04231e-06,0.0,0.0
208.17337307848476,20.0,9.954092000000002e-07,0.0,0.0
208.17297099141504,20.0,9.403011e-07,0.0,0.0
208.17255034762127,20.0,8.430652000000001e-07,0.0,0.0
208.1721198318048,20.0,8.958159e-07,0.0,0.0
208.1717014650104,20.0,9.11954e-07,0.0,0.0
208.17129351759056,20.0,9.561481e-07,0.0,0.0
208.17085487781867,20.0,9.614596e-07,0.0,0.0
208.1704542175936,20.0,1.034714e-06,0.0,0.0
208.1700146000016,20.0,1.014821e-06,0.0,0.0
208.1696153631228,20.0,1.017499e-06,0.0,0.0
208.16920915564003,20.0,1.063032e-06,0.0,0.0
208.16879014038804,20.0,1.051318e-06,0.0,0.0
208.16836863883276,20.0,1.045322e-06,0.0,0.0
208.1679376962112,20.0,1.048407e-06,0.0,0.0
208.1675499335314,20.0,1.035922e-06,0.0,0.0
208.16713466389848,20.0,1.016626e-06,0.0,0.0
208.1666909540232,20.0,1.075648e-06,0.0,0.0
208.16629221174787,20.0,1.060063e-06,0.0,0.0
208.1658684688761,20.0,1.11718e-06,0.0,0.0
208.16546697379903,20.0,1.077511e-06,0.0,0.0
208.1650299813444,20.0,1.055509e-06,0.0,0.0
208.16461499627587,20.0,1.078413e-06,0.0,0.0
208.1642170823832,20.0,1.048247e-06,0.0,0.0
208.16378909561925,20.0,1.050605e-06,0.0,0.0
208.16335842555267,20.0,1.019347e-06,0.0,0.0
208.1629512753572,20.0,9.682844e-07,0.0,0.0
208.16253726240453,20.0,9.512441e-07,0.0,0.0
208.16212226672727,20.0,9.674841000000002e-07,0.0,0.0
208.16167921858036,20.0,9.497599e-07,0.0,0.0
208.1612498214348,20.0,9.465148e-07,0.0,0.0
208.16082901113708,20.0,9.400683e-07,0.0,0.0
208.1604112036456,20.0,9.637733e-07,0.0,0.0
208.15999009022343,20.0,9.301002e-07,0.0,0.0
208.15958583269304,20.0,9.645009e-07,0.0,0.0
208.15918677359608,20.0,9.660289000000002e-07,0.0,0.0
208.1587381027701,20.0,9.796931e-07,0.0,0.0
208.15834828052647,20.0,1.001143e-06,0.0,0.0
208.1579192693658,20.0,1.002758e-06,0.0,0.0
208.1575256950645,20.0,9.83302e-07,0.0,0.0
208.15708305989384,20.0,1.014021e-06,0.0,0.0
208.15669345026296,20.0,1.067252e-06,0.0,0.0
208.156262866336,20.0,1.102031e-06,0.0,0.0
208.15584075640967,20.0,1.110937e-06,0.0,0.0
208.1554235609173,20.0,1.15369e-06,0.0,0.0
208.15500491569057,20.0,1.122331e-06,0.0,0.0
208.15458463014184,20.0,1.099019e-06,0.0,0.0
208.15419905725489,20.0,9.429641e-07,0.0,0.0
208.15375144412977,20.0,1.086824e-06,0.0,0.0
208.153315184202,20.0,1.103239e-06,0.0,0.0
208.1528842813112,20.0,1.117907e-06,0.0,0.0
208.15248021704,20.0,1.111694e-06,0.0,0.0
208.15206942255944,20.0,1.082532e-06,0.0,0.0
208.15165386836216,20.0,1.0644e-06,0.0,0.0
208.1512464490885,20.0,1.084554e-06,0.0,0.0
208.1508095016832,20.0,1.064676e-06,0.0,0.0
208.1503672800872,20.0,1.033884e-06,0.0,0.0
208.14998228753268,20.0,1.060544e-06,0.0,0.0
208.14954918947407,20.0,1.064895e-06,0.0,0.0
208.14913903050595,20.0,1.071603e-06,0.0,0.0
208.14873526179392,20.0,1.102715e-06,0.0,0.0
208.1483043617904,20.0,1.091801e-06,0.0,0.0
208.1478961883036,20.0,1.105989e-06,0.0,0.0
208.14747145458105,20.0,1.129898e-06,0.0,0.0
208.1470693167666,20.0,1.084831e-06,0.0,0.0
208.14666897839368,20.0,1.083594e-06,0.0,0.0
208.14622183698705,20.0,1.10727e-06,0.0,0.0
208.1458105402498,20.0,1.069639e-06,0.0,0.0
208.14539909664884,20.0,1.08192e-06,0.0,0.0
208.1449520648962,20.0,1.072709e-06,0.0,0.0
208.14456457377736,20.0,1.052787e-06,0.0,0.0
208.1441490272265,20.0,1.016524e-06,0.0,0.0
208.14372557433356,20.0,1.006963e-06,0.0,0.0
208.1433176257852,20.0,9.585492000000002e-07,0.0,0.0
208.14288672289436,20.0,9.554497e-07,0.0,0.0
208.14246045311705,20.0,9.907817e-07,0.0,0.0
208.14201740557849,20.0,1.013686e-06,0.0,0.0
208.14161067072183,20.0,9.979995e-07,0.0,0.0
208.1412094814174,20.0,1.066772e-06,0.0,0.0
208.1407783516007,20.0,1.008928e-06,0.0,0.0
208.14033869350936,20.0,1.065797e-06,0.0,0.0
208.13993973376296,20.0,1.108783e-06,0.0,0.0
208.1395246826564,20.0,1.078792e-06,0.0,0.0
208.13910065037365,20.0,1.087494e-06,0.0,0.0
208.13869322875567,20.0,1.102235e-06,0.0,0.0
208.13826948602065,20.0,1.117092e-06,0.0,0.0
208.13787074374528,20.0,1.113702e-06,0.0,0.0
208.137423636776,20.0,1.130218e-06,0.0,0.0
208.13703841681897,20.0,1.15826e-06,0.0,0.0
208.1366175172884,20.0,1.171487e-06,0.0,0.0
208.13619933880287,20.0,1.169625e-06,0.0,0.0
208.1357913942488,20.0,1.210152e-06,0.0,0.0
208.13536049194096,20.0,1.250592e-06,0.0,0.0
208.13495379440587,20.0,1.187538e-06,0.0,0.0
208.1345406171416,20.0,1.132052e-06,0.0,0.0
208.13410631462628,20.0,1.206165e-06,0.0,0.0
208.1336820241572,20.0,1.194479e-06,0.0,0.0
208.13326756241656,20.0,1.242297e-06,0.0,0.0
208.13284416917304,20.0,1.181776e-06,0.0,0.0
208.13241372108732,20.0,1.201348e-06,0.0,0.0
208.13199317226247,20.0,1.206572e-06,0.0,0.0
208.1315748729164,20.0,1.150402e-06,0.0,0.0
208.1311898779709,20.0,1.169145e-06,0.0,0.0
208.13074112210543,20.0,1.17904e-06,0.0,0.0
208.13031657098185,20.0,1.086519e-06,0.0,0.0
208.1299186429223,20.0,1.086883e-06,0.0,0.0
208.129512182114,20.0,1.107721e-06,0.0,0.0
208.12908572380573,20.0,1.140172e-06,0.0,0.0
208.1286733315005,20.0,1.107575e-06,0.0,0.0
208.128272922198,20.0,1.123553e-06,0.0,0.0
208.1278342534844,20.0,1.073146e-06,0.0,0.0
208.12740620078168,20.0,1.137465e-06,0.0,0.0
208.1270079925788,20.0,1.088003e-06,0.0,0.0
208.12659244500807,20.0,1.125532e-06,0.0,0.0
208.1261558707356,20.0,1.143213e-06,0.0,0.0
208.12577042811168,20.0,1.134496e-06,0.0,0.0
208.1253297249382,20.0,1.160777e-06,0.0,0.0
208.12493072928817,20.0,1.186228e-06,0.0,0.0
208.1244866573292,20.0,1.191394e-06,0.0,0.0
208.1240716656341,20.0,1.197768e-06,0.0,0.0
208.123659256332,20.0,1.225126e-06,0.0,0.0
208.12325387627115,20.0,1.245935e-06,0.0,0.0
208.12282297338027,20.0,1.243345e-06,0.0,0.0
208.12238752862208,20.0,1.218097e-06,0.0,0.0
208.12193865531688,20.0,1.26251e-06,0.0,0.0
208.12155116419805,20.0,1.225591e-06,0.0,0.0
208.12113561662727,20.0,1.216074e-06,0.0,0.0
208.1207143698452,20.0,1.231703e-06,0.0,0.0
208.120306654364,20.0,1.219596e-06,0.0,0.0
208.1198757514732,20.0,1.259265e-06,0.0,0.0
208.11944675958168,20.0,1.232984e-06,0.0,0.0
208.11905871921385,20.0,1.282475e-06,0.0,0.0
208.11862284816763,20.0,1.242312e-06,0.0,0.0
208.11823863008448,20.0,1.294233e-06,0.0,0.0
208.11779986601715,20.0,1.227148e-06,0.0,0.0
208.11739323768165,20.0,1.234017e-06,0.0,0.0
208.11696841546225,20.0,1.274675e-06,0.0,0.0
208.11655286208443,20.0,1.275272e-06,0.0,0.0
208.1161650930278,20.0,1.311026e-06,0.0,0.0
208.11573849593853,20.0,1.306369e-06,0.0,0.0
208.11529485340247,20.0,1.322362e-06,0.0,0.0
208.1148958550199,20.0,1.329288e-06,0.0,0.0
208.11447211728623,20.0,1.309847e-06,0.0,0.0
208.1140326385861,20.0,1.267836e-06,0.0,0.0
208.1136243822252,20.0,1.280889e-06,0.0,0.0
208.11322194520395,20.0,1.280729e-06,0.0,0.0
208.11279149937363,20.0,1.328313e-06,0.0,0.0
208.11235315361003,20.0,1.365508e-06,0.0,0.0
208.1119291605949,20.0,1.394917e-06,0.0,0.0
208.11152174361388,20.0,1.363529e-06,0.0,0.0
208.1110974233928,20.0,1.365712e-06,0.0,0.0
208.1106826709148,20.0,1.307315e-06,0.0,0.0
208.1102831934084,20.0,1.328866e-06,0.0,0.0
208.1098435896183,20.0,1.330511e-06,0.0,0.0
208.1094354232548,20.0,1.321619e-06,0.0,0.0
208.10901996347704,20.0,1.347988e-06,0.0,0.0
208.10861297047137,20.0,1.281645e-06,0.0,0.0
208.10821202951527,20.0,1.358698e-06,0.0,0.0
208.10776548891383,20.0,1.389664e-06,0.0,0.0
208.10737295692087,20.0,1.305671e-06,0.0,0.0
208.1069436219392,20.0,1.301654e-06,0.0,0.0
208.1065008517301,20.0,1.319248e-06,0.0,0.0
208.10611335595,20.0,1.305219e-06,0.0,0.0
208.10569639270676,20.0,1.363791e-06,0.0,0.0
208.1052800327348,20.0,1.334862e-06,0.0,0.0
208.1048573164296,20.0,1.324937e-06,0.0,0.0
208.10442640661864,20.0,1.375884e-06,0.0,0.0
208.104026560678,20.0,1.40132e-06,0.0,0.0
208.1036209090004,20.0,1.400607e-06,0.0,0.0
208.10317858061163,20.0,1.360284e-06,0.0,0.0
208.10275483773992,20.0,1.431647e-06,0.0,0.0
208.10235633964407,20.0,1.430177e-06,0.0,0.0
208.10193260261937,20.0,1.462904e-06,0.0,0.0
208.1014884532082,20.0,1.48204e-06,0.0,0.0
208.10107318492587,20.0,1.450739e-06,0.0,0.0
208.1006579160772,20.0,1.454231e-06,0.0,0.0
208.10023239253,20.0,1.416163e-06,0.0,0.0
208.09982444383377,20.0,1.365406e-06,0.0,0.0
208.0993937683455,20.0,1.43006e-06,0.0,0.0
208.09896878610687,20.0,1.431094e-06,0.0,0.0
208.09858157375515,20.0,1.438893e-06,0.0,0.0
208.09816574162005,20.0,1.491018e-06,0.0,0.0
208.09775556604163,20.0,1.537657e-06,0.0,0.0
208.09733084947436,20.0,1.505701e-06,0.0,0.0
208.09689994887788,20.0,1.515713e-06,0.0,0.0
208.0964971961893,20.0,1.534761e-06,0.0,0.0
208.0960885622646,20.0,1.556662e-06,0.0,0.0
208.0956747170061,20.0,1.493841e-06,0.0,0.0
208.0952677039964,20.0,1.56241e-06,0.0,0.0
208.0948267369398,20.0,1.556022e-06,0.0,0.0
208.09440273282632,20.0,1.537424e-06,0.0,0.0
208.09395554932487,20.0,1.570181e-06,0.0,0.0
208.0935680613719,20.0,1.536551e-06,0.0,0.0
208.09315279519967,20.0,1.497101e-06,0.0,0.0
208.0927286572145,20.0,1.505221e-06,0.0,0.0
208.0922975238855,20.0,1.507069e-06,0.0,0.0
208.09187295106912,20.0,1.412351e-06,0.0,0.0
208.0914642160919,20.0,1.488763e-06,0.0,0.0
208.0910375480861,20.0,1.44451e-06,0.0,0.0
208.09066090609116,20.0,1.441469e-06,0.0,0.0
208.090214571934,20.0,1.503664e-06,0.0,0.0
208.08978120451528,20.0,1.425302e-06,0.0,0.0
208.08939158163167,20.0,1.420602e-06,0.0,0.0
208.08894315878013,20.0,1.39726e-06,0.0,0.0
208.08854335032652,20.0,1.354187e-06,0.0,0.0
208.0881401267172,20.0,1.360619e-06,0.0,0.0
208.08771783257336,20.0,1.361142e-06,0.0,0.0
208.0872996853074,20.0,1.365333e-06,0.0,0.0
208.0868794361072,20.0,1.371227e-06,0.0,0.0
208.0864751425133,20.0,1.358523e-06,0.0,0.0
208.0860637719262,20.0,1.366454e-06,0.0,0.0
208.0856485405021,20.0,1.390799e-06,0.0,0.0
208.0852039233284,20.0,1.378226e-06,0.0,0.0
208.08480542266412,20.0,1.389053e-06,0.0,0.0
208.08438142964908,20.0,1.402441e-06,0.0,0.0
208.08393349339036,20.0,1.423643e-06,0.0,0.0
208.0835441043036,20.0,1.385706e-06,0.0,0.0
208.08312883467065,20.0,1.452165e-06,0.0,0.0
208.082708999278,20.0,1.426582e-06,0.0,0.0
208.0822912242064,20.0,1.470427e-06,0.0,0.0
208.08186272229824,20.0,1.408815e-06,0.0,0.0
208.08143872928312,20.0,1.431079e-06,0.0,0.0
208.08099609721785,20.0,1.396227e-06,0.0,0.0
208.0805912495036,20.0,1.439912e-06,0.0,0.0
208.08019205201572,20.0,1.437787e-06,0.0,0.0
208.07976137270785,20.0,1.437002e-06,0.0,0.0
208.07935320140223,20.0,1.390988e-06,0.0,0.0
208.0789210284697,20.0,1.351684e-06,0.0,0.0
208.0785145819413,20.0,1.374079e-06,0.0,0.0
208.0780982991431,20.0,1.371591e-06,0.0,0.0
208.07767595498035,20.0,1.389199e-06,0.0,0.0
208.0772758080321,20.0,1.336157e-06,0.0,0.0
208.0768373371911,20.0,1.292719e-06,0.0,0.0
208.076409231612,20.0,1.302644e-06,0.0,0.0
208.0760125953853,20.0,1.289096e-06,0.0,0.0
208.0755970454169,20.0,1.355787e-06,0.0,0.0
208.0751823503772,20.0,1.299821e-06,0.0,0.0
208.0747746434096,20.0,1.336695e-06,0.0,0.0
208.07433411666983,20.0,1.253517e-06,0.0,0.0
208.07391468893084,20.0,1.265405e-06,0.0,0.0
208.07351930996103,20.0,1.270033e-06,0.0,0.0
208.07307653975187,20.0,1.248045e-06,0.0,0.0
208.07266127081425,20.0,1.160195e-06,0.0,0.0
208.07223559662768,20.0,1.180015e-06,0.0,0.0
208.07182764652265,20.0,1.210181e-06,0.0,0.0
208.07139316589883,20.0,1.203298e-06,0.0,0.0
208.07096917779,20.0,1.200446e-06,0.0,0.0
208.07055857760835,20.0,1.162407e-06,0.0,0.0
208.07014694375377,20.0,1.153225e-06,0.0,0.0
208.0697232058785,20.0,1.117121e-06,0.0,0.0
208.06932445763923,20.0,1.104039e-06,0.0,0.0
208.06888110378387,20.0,1.118548e-06,0.0,0.0
208.06849588798227,20.0,1.090346e-06,0.0,0.0
208.0680658168341,20.0,1.140783e-06,0.0,0.0
208.0676783190887,20.0,1.124601e-06,0.0,0.0
208.06724885808808,20.0,1.171895e-06,0.0,0.0
208.06681841542408,20.0,1.219538e-06,0.0,0.0
208.06641024029884,20.0,1.264736e-06,0.0,0.0
208.065988912794,20.0,1.283319e-06,0.0,0.0
208.06557364978767,20.0,1.309236e-06,0.0,0.0
208.06514071419704,20.0,1.295426e-06,0.0,0.0
208.06473729322977,20.0,1.300417e-06,0.0,0.0
208.064313556322,20.0,1.266992e-06,0.0,0.0
208.06391481404657,20.0,1.247492e-06,0.0,0.0
208.0634692451713,20.0,1.242079e-06,0.0,0.0
208.0630536945208,20.0,1.228604e-06,0.0,0.0
208.06264333528804,20.0,1.210341e-06,0.0,0.0
208.06223963002884,20.0,1.187364e-06,0.0,0.0
208.06180872993056,20.0,1.163076e-06,0.0,0.0
208.06137210667285,20.0,1.136606e-06,0.0,0.0
208.06094836950567,20.0,1.105087e-06,0.0,0.0
208.06053920103616,20.0,1.108318e-06,0.0,0.0
208.0601187603451,20.0,1.060238e-06,0.0,0.0
208.0597005832469,20.0,1.028238e-06,0.0,0.0
208.05927013153155,20.0,1.022825e-06,0.0,0.0
208.0588619546143,20.0,9.63104e-07,0.0,0.0
208.0584318025124,20.0,8.010974999999999e-07,0.0,0.0
208.05804213424284,20.0,7.358758000000001e-07,0.0,0.0
208.057632679458,20.0,8.055940000000001e-07,0.0,0.0
208.05722948784816,20.0,7.987692e-07,0.0,0.0
208.0567851924068,20.0,8.264178e-07,0.0,0.0
208.05636813746528,20.0,8.381466999999999e-07,0.0,0.0
208.05596245771167,20.0,8.467905e-07,0.0,0.0
208.0555221886824,20.0,8.890638e-07,0.0,0.0
208.05512133762485,20.0,8.982024e-07,0.0,0.0
208.05471598423847,20.0,9.150826e-07,0.0,0.0
208.0542827198356,20.0,9.709911e-07,0.0,0.0
208.0538522717499,20.0,1.01242e-06,0.0,0.0
208.05344475630287,20.0,1.07658e-06,0.0,0.0
208.0530300125572,20.0,1.084118e-06,0.0,0.0
208.05259652012927,20.0,1.065127e-06,0.0,0.0
208.05217114754703,20.0,1.040302e-06,0.0,0.0
208.0517596157347,20.0,1.023829e-06,0.0,0.0
208.05133527052587,20.0,9.702198e-07,0.0,0.0
208.05090436691648,20.0,9.412761e-07,0.0,0.0
208.0505025606355,20.0,8.908246000000001e-07,0.0,0.0
208.05009479981604,20.0,9.517244e-07,0.0,0.0
208.0496577967014,20.0,9.537471e-07,0.0,0.0
208.04927280771852,20.0,9.261566e-07,0.0,0.0
208.04883259475832,20.0,8.902862000000001e-07,0.0,0.0
208.04843384902168,20.0,9.119831e-07,0.0,0.0
208.04799040042408,20.0,9.134383e-07,0.0,0.0
208.04761136983848,20.0,8.962234e-07,0.0,0.0
208.0471873631368,20.0,8.894567e-07,0.0,0.0
208.0467717751604,20.0,9.060896e-07,0.0,0.0
208.0463483045837,20.0,9.361829e-07,0.0,0.0
208.04591740711453,20.0,8.850911000000001e-07,0.0,0.0
208.04551665550275,20.0,9.351061e-07,0.0,0.0
208.04510989865136,20.0,9.027426e-07,0.0,0.0
208.04466685507407,20.0,9.523064000000002e-07,0.0,0.0
208.04425618905796,20.0,9.808573e-07,0.0,0.0
208.0438459341821,20.0,9.321084e-07,0.0,0.0
208.04340086069567,20.0,9.546056e-07,0.0,0.0
208.0429982042592,20.0,1.050415e-06,0.0,0.0
208.0425893977587,20.0,1.053573e-06,0.0,0.0
208.0421738542142,20.0,1.059059e-06,0.0,0.0
208.0417264753572,20.0,1.035092e-06,0.0,0.0
208.0412922565778,20.0,1.050837e-06,0.0,0.0
208.04088431312337,20.0,9.829819e-07,0.0,0.0
208.4289375,25.0,2.263876e-05,0.0,0.0
208.4289375,25.0,-1.867709e-06,0.0,0.0
208.4289375,25.0,-9.085343e-07,0.0,0.0
208.4289375,25.0,-3.1349190000000005e-07,0.0,0.0
208.4288214026685,25.0,1.344015e-07,0.0,0.0
208.428649448266,25.0,4.766625000000001e-07,0.0,0.0
208.42841091293928,25.0,7.339695000000001e-07,0.0,0.0
208.42814313856613,25.0,6.770279e-07,0.0,0.0
208.4278487928007,25.0,6.009941e-07,0.0,0.0
208.427492949472,25.0,6.386981e-07,0.0,0.0
208.42708504722972,25.0,8.369243e-07,0.0,0.0
208.42668849017875,25.0,7.875351e-07,0.0,0.0
208.4262575569537,25.0,9.610085e-07,0.0,0.0
208.4258268587252,25.0,1.018765e-06,0.0,0.0
208.4254188641216,25.0,9.723299e-07,0.0,0.0
208.42499914734103,25.0,1.067936e-06,0.0,0.0
208.42458375431823,25.0,1.08713e-06,0.0,0.0
208.42417071674592,25.0,1.087523e-06,0.0,0.0
208.4237588394593,25.0,1.173117e-06,0.0,0.0
208.42332136436488,25.0,1.103501e-06,0.0,0.0
208.42289058920773,25.0,1.084642e-06,0.0,0.0
208.422487090546,25.0,1.006149e-06,0.0,0.0
208.42206356029607,25.0,1.044536e-06,0.0,0.0
208.42166211469,25.0,1.112916e-06,0.0,0.0
208.4212266367372,25.0,1.056309e-06,0.0,0.0
208.42079435009924,25.0,1.015826e-06,0.0,0.0
208.42036356628813,25.0,1.104258e-06,0.0,0.0
208.4199329278904,25.0,1.159307e-06,0.0,0.0
208.41954638276388,25.0,1.146094e-06,0.0,0.0
208.41912963461755,25.0,1.120672e-06,0.0,0.0
208.41872833400203,25.0,1.075387e-06,0.0,0.0
208.41830081433463,25.0,9.785581000000003e-07,0.0,0.0
208.41786606899956,25.0,1.003718e-06,0.0,0.0
208.41747780388647,25.0,1.027016e-06,0.0,0.0
208.4170388544537,25.0,1.097054e-06,0.0,0.0
208.4166297412728,25.0,1.095614e-06,0.0,0.0
208.41622663968084,25.0,9.431678e-07,0.0,0.0
208.41578922673105,25.0,1.009408e-06,0.0,0.0
208.41539941739285,25.0,1.08825e-06,0.0,0.0
208.4149756903484,25.0,9.903015e-07,0.0,0.0
208.4145482043048,25.0,9.745709e-07,0.0,0.0
208.41412433135844,25.0,1.025648e-06,0.0,0.0
208.41370054911349,25.0,1.05449e-06,0.0,0.0
208.4133018186956,25.0,1.058244e-06,0.0,0.0
208.41287227195977,25.0,1.041393e-06,0.0,0.0
208.4124426603496,25.0,9.050709e-07,0.0,0.0
208.41201838892337,25.0,1.122404e-06,0.0,0.0
208.41160282371573,25.0,1.089342e-06,0.0,0.0
208.41119541927029,25.0,1.043227e-06,0.0,0.0
208.41077184668492,25.0,1.031949e-06,0.0,0.0
208.4103380625024,25.0,1.075721e-06,0.0,0.0
208.4099370051348,25.0,1.057691e-06,0.0,0.0
208.40952123143035,25.0,1.061213e-06,0.0,0.0
208.40911384919525,25.0,1.063396e-06,0.0,0.0
208.4087121241481,25.0,1.071545e-06,0.0,0.0
208.4082813792768,25.0,1.070424e-06,0.0,0.0
208.4078421075604,25.0,1.001288e-06,0.0,0.0
208.40743208317252,25.0,9.695505e-07,0.0,0.0
208.40701576541355,25.0,9.676151000000002e-07,0.0,0.0
208.40661638857333,25.0,9.602227e-07,0.0,0.0
208.40621033852403,25.0,9.504583e-07,0.0,0.0
208.40577758530287,25.0,9.330834e-07,0.0,0.0
208.40534675258647,25.0,1.029097e-06,0.0,0.0
208.4049387602529,25.0,9.504874e-07,0.0,0.0
208.4045278839637,25.0,9.508221e-07,0.0,0.0
208.404095134798,25.0,1.005275e-06,0.0,0.0
208.40370232727057,25.0,9.641954e-07,0.0,0.0
208.40328160591625,25.0,9.707728e-07,0.0,0.0
208.40284214775656,25.0,1.005566e-06,0.0,0.0
208.40241142622236,25.0,9.801734e-07,0.0,0.0
208.4019791783182,25.0,9.562937e-07,0.0,0.0
208.40156111647624,25.0,9.732321e-07,0.0,0.0
208.40114968201027,25.0,9.311043e-07,0.0,0.0
208.40074535888485,25.0,8.855859e-07,0.0,0.0
208.40031456969527,25.0,9.041833e-07,0.0,0.0
208.3998836722261,25.0,9.822688e-07,0.0,0.0
208.39947949701636,25.0,1.079403e-06,0.0,0.0
208.399055537096,25.0,1.078399e-06,0.0,0.0
208.39864874084145,25.0,1.02917e-06,0.0,0.0
208.39824602202896,25.0,9.792129e-07,0.0,0.0
208.397809845588,25.0,9.360956e-07,0.0,0.0
208.39742303799125,25.0,8.874922e-07,0.0,0.0
208.3969783884546,25.0,9.081559e-07,0.0,0.0
208.3965700134113,25.0,9.550422000000002e-07,0.0,0.0
208.39618945477395,25.0,1.024106e-06,0.0,0.0
208.39574107720892,25.0,9.974610000000002e-07,0.0,0.0
208.39531741534407,25.0,9.584473e-07,0.0,0.0
208.39491814776767,25.0,9.714713e-07,0.0,0.0
208.39449415014016,25.0,1.040185e-06,0.0,0.0
208.39407038686653,25.0,1.058826e-06,0.0,0.0
208.3936561660545,25.0,1.009408e-06,0.0,0.0
208.39321040596968,25.0,1.01664e-06,0.0,0.0
208.3928231490871,25.0,9.994546000000002e-07,0.0,0.0
208.3923876516288,25.0,1.05887e-06,0.0,0.0
208.3919637086424,25.0,1.062814e-06,0.0,0.0
208.39152376057396,25.0,1.01226e-06,0.0,0.0
208.3911199755619,25.0,1.02476e-06,0.0,0.0
208.3907264991464,25.0,1.057662e-06,0.0,0.0
208.39029584862456,25.0,1.093809e-06,0.0,0.0
208.38987095250627,25.0,1.110762e-06,0.0,0.0
208.38946147285804,25.0,1.02479e-06,0.0,0.0
208.38904645710767,25.0,1.067776e-06,0.0,0.0
208.38865876769387,25.0,1.053966e-06,0.0,0.0
208.3882239354356,25.0,1.060325e-06,0.0,0.0
208.38779148634285,25.0,1.040593e-06,0.0,0.0
208.38740266767743,25.0,9.144132e-07,0.0,0.0
208.38695519329423,25.0,8.930510000000001e-07,0.0,0.0
208.38653951067727,25.0,8.986680999999999e-07,0.0,0.0
208.38613068863216,25.0,9.229552e-07,0.0,0.0
208.38572804213285,25.0,9.372161e-07,0.0,0.0
208.3852960873629,25.0,1.023465e-06,0.0,0.0
208.38487244454848,25.0,1.11213e-06,0.0,0.0
208.38447055223247,25.0,1.101464e-06,0.0,0.0
208.38404981199463,25.0,1.114298e-06,0.0,0.0
208.38361943486848,25.0,1.14087e-06,0.0,0.0
208.38320102655408,25.0,1.139866e-06,0.0,0.0
208.3828038123895,25.0,1.114022e-06,0.0,0.0
208.38236254007805,25.0,1.147375e-06,0.0,0.0
208.3819318926301,25.0,1.140448e-06,0.0,0.0
208.38151512026008,25.0,1.144886e-06,0.0,0.0
208.3810997907379,25.0,1.057997e-06,0.0,0.0
208.38066241213045,25.0,1.081731e-06,0.0,0.0
208.3802771466929,25.0,1.074775e-06,0.0,0.0
208.37983694286416,25.0,1.091437e-06,0.0,0.0
208.3794126937418,25.0,1.101871e-06,0.0,0.0
208.37900677769915,25.0,1.144945e-06,0.0,0.0
208.37858968925755,25.0,1.128603e-06,0.0,0.0
208.3781680650296,25.0,1.180146e-06,0.0,0.0
208.37778298151403,25.0,1.20874e-06,0.0,0.0
208.37734368636777,25.0,1.284512e-06,0.0,0.0
208.37694429008235,25.0,1.302862e-06,0.0,0.0
208.37653044601527,25.0,1.298948e-06,0.0,0.0
208.37609721416956,25.0,1.243141e-06,0.0,0.0
208.37571741004533,25.0,1.184613e-06,0.0,0.0
208.37527457297247,25.0,1.213266e-06,0.0,0.0
208.37485056090696,25.0,1.150096e-06,0.0,0.0
208.37440515233945,25.0,1.117442e-06,0.0,0.0
208.37401970497976,25.0,1.130524e-06,0.0,0.0
208.37359483999452,25.0,1.13163e-06,0.0,0.0
208.3731792663445,25.0,1.148263e-06,0.0,0.0
208.3727497240729,25.0,1.111155e-06,0.0,0.0
208.3723189803638,25.0,1.169348e-06,0.0,0.0
208.371888196596,25.0,1.21379e-06,0.0,0.0
208.37148457389125,25.0,1.253051e-06,0.0,0.0
208.37107433664588,25.0,1.257416e-06,0.0,0.0
208.37065898725865,25.0,1.22757e-06,0.0,0.0
208.37025064260385,25.0,1.198001e-06,0.0,0.0
208.3698257099011,25.0,1.184846e-06,0.0,0.0
208.3693908649804,25.0,1.149427e-06,0.0,0.0
208.3689869933048,25.0,1.057691e-06,0.0,0.0
208.368582416744,25.0,1.071428e-06,0.0,0.0
208.3681439616484,25.0,1.137785e-06,0.0,0.0
208.36775626577065,25.0,1.187858e-06,0.0,0.0
208.367321396533,25.0,1.199602e-06,0.0,0.0
208.36687841320847,25.0,1.237961e-06,0.0,0.0
208.3664933565736,25.0,1.230161e-06,0.0,0.0
208.36606249897727,25.0,1.316468e-06,0.0,0.0
208.3656507070683,25.0,1.33201e-06,0.0,0.0
208.3652457408512,25.0,1.252178e-06,0.0,0.0
208.36480931365827,25.0,1.238892e-06,0.0,0.0
208.36437855578083,25.0,1.2409e-06,0.0,0.0
208.36399272024704,25.0,1.287524e-06,0.0,0.0
208.36355552990787,25.0,1.351887e-06,0.0,0.0
208.3631449142652,25.0,1.347071e-06,0.0,0.0
208.3627409515225,25.0,1.329929e-06,0.0,0.0
208.36230997880452,25.0,1.371329e-06,0.0,0.0
208.3618736071832,25.0,1.297856e-06,0.0,0.0
208.36142578912663,25.0,1.32696e-06,0.0,0.0
208.3610080559774,25.0,1.33524e-06,0.0,0.0
208.360620509271,25.0,1.383058e-06,0.0,0.0
208.36020183736807,25.0,1.369946e-06,0.0,0.0
208.35978489390936,25.0,1.329216e-06,0.0,0.0
208.35936282246203,25.0,1.328604e-06,0.0,0.0
208.35893263485528,25.0,1.370834e-06,0.0,0.0
208.3585435006824,25.0,1.413355e-06,0.0,0.0
208.3581278697303,25.0,1.32389e-06,0.0,0.0
208.35772694605808,25.0,1.395441e-06,0.0,0.0
208.3572859969553,25.0,1.369306e-06,0.0,0.0
208.35686891284777,25.0,1.346823e-06,0.0,0.0
208.3564630615502,25.0,1.369888e-06,0.0,0.0
208.3560228324836,25.0,1.352673e-06,0.0,0.0
208.3556350568004,25.0,1.273525e-06,0.0,0.0
208.3552138939058,25.0,1.3276e-06,0.0,0.0
208.35478315354405,25.0,1.38818e-06,0.0,0.0
208.35435252561072,25.0,1.317268e-06,0.0,0.0
208.3539451048109,25.0,1.345019e-06,0.0,0.0
208.3535303742462,25.0,1.401888e-06,0.0,0.0
208.35309719960617,25.0,1.366512e-06,0.0,0.0
208.35267441505903,25.0,1.374909e-06,0.0,0.0
208.35227443930137,25.0,1.404784e-06,0.0,0.0
208.3518356554065,25.0,1.427019e-06,0.0,0.0
208.35140497991827,25.0,1.388471e-06,0.0,0.0
208.3510030105716,25.0,1.397479e-06,0.0,0.0
208.35059463343256,25.0,1.380977e-06,0.0,0.0
208.3501548303905,25.0,1.407607e-06,0.0,0.0
208.34976538263527,25.0,1.347726e-06,0.0,0.0
208.34933191655452,25.0,1.370368e-06,0.0,0.0
208.34893317772435,25.0,1.358145e-06,0.0,0.0
208.34850918470923,25.0,1.330554e-06,0.0,0.0
208.3480741047468,25.0,1.327862e-06,0.0,0.0
208.3476864994472,25.0,1.336506e-06,0.0,0.0
208.34725605136205,25.0,1.358349e-06,0.0,0.0
208.3468643394868,25.0,1.378328e-06,0.0,0.0
208.34641747406596,25.0,1.404143e-06,0.0,0.0
208.3459978157908,25.0,1.370747e-06,0.0,0.0
208.3456100956952,25.0,1.393273e-06,0.0,0.0
208.34519351676232,25.0,1.374181e-06,0.0,0.0
208.3447452058483,25.0,1.327193e-06,0.0,0.0
208.34435460334967,25.0,1.345004e-06,0.0,0.0
208.34392222005,25.0,1.269524e-06,0.0,0.0
208.34347745120567,25.0,1.256267e-06,0.0,0.0
208.3430894552901,25.0,1.289533e-06,0.0,0.0
208.34267363014928,25.0,1.223307e-06,0.0,0.0
208.34224518600428,25.0,1.280976e-06,0.0,0.0
208.34180173600177,25.0,1.246633e-06,0.0,0.0
208.3413606507904,25.0,1.258129e-06,0.0,0.0
208.34097529063664,25.0,1.227381e-06,0.0,0.0
208.3405403415265,25.0,1.210836e-06,0.0,0.0
208.34012479395585,25.0,1.207285e-06,0.0,0.0
208.339724710194,25.0,1.178982e-06,0.0,0.0
208.339297299208,25.0,1.180961e-06,0.0,0.0
208.33888912408275,25.0,1.227017e-06,0.0,0.0
208.3384628260233,25.0,1.221575e-06,0.0,0.0
208.3380612539248,25.0,1.237422e-06,0.0,0.0
208.3376596271976,25.0,1.254259e-06,0.0,0.0
208.337213865856,25.0,1.264139e-06,0.0,0.0
208.33681480080213,25.0,1.266046e-06,0.0,0.0
208.3363908357284,25.0,1.260836e-06,0.0,0.0
208.3359870620835,25.0,1.238324e-06,0.0,0.0
208.3355546980195,25.0,1.032706e-06,0.0,0.0
208.33514390730812,25.0,1.201712e-06,0.0,0.0
208.33473962702007,25.0,1.189925e-06,0.0,0.0
208.33430893157976,25.0,1.155247e-06,0.0,0.0
208.333872229992,25.0,1.167486e-06,0.0,0.0
208.3334483914697,25.0,1.207882e-06,0.0,0.0
208.33303919802745,25.0,1.212582e-06,0.0,0.0
208.33261870108012,25.0,1.156193e-06,0.0,0.0
208.3322004892772,25.0,1.209861e-06,0.0,0.0
208.3317695181656,25.0,1.248118e-06,0.0,0.0
208.33136152331463,25.0,1.120396e-06,0.0,0.0
208.3309307357728,25.0,1.188033e-06,0.0,0.0
208.3305140741136,25.0,1.17805e-06,0.0,0.0
208.33012680534503,25.0,1.126609e-06,0.0,0.0
208.3296842066088,25.0,1.186985e-06,0.0,0.0
208.3292898055741,25.0,1.191453e-06,0.0,0.0
208.32886144622543,25.0,1.181179e-06,0.0,0.0
208.32841669021053,25.0,1.209351e-06,0.0,0.0
208.3280388919992,25.0,1.245906e-06,0.0,0.0
208.32760688757836,25.0,1.240405e-06,0.0,0.0
208.32721138049567,25.0,1.331951e-06,0.0,0.0
208.32678244394376,25.0,1.362656e-06,0.0,0.0
208.32635158653343,25.0,1.298555e-06,0.0,0.0
208.32594437777817,25.0,1.351291e-06,0.0,0.0
208.32552954302457,25.0,1.385706e-06,0.0,0.0
208.32512144237305,25.0,1.336157e-06,0.0,0.0
208.32471950001943,25.0,1.342152e-06,0.0,0.0
208.3242738065436,25.0,1.39694e-06,0.0,0.0
208.32385016969303,25.0,1.431676e-06,0.0,0.0
208.3234500020796,25.0,1.35749e-06,0.0,0.0
208.3230094849126,25.0,1.410895e-06,0.0,0.0
208.3225939067377,25.0,1.362525e-06,0.0,0.0
208.32217949840108,25.0,1.46516e-06,0.0,0.0
208.3217354221952,25.0,1.416643e-06,0.0,0.0
208.32134135790287,25.0,1.425404e-06,0.0,0.0
208.32090797487336,25.0,1.352615e-06,0.0,0.0
208.3204616958135,25.0,1.254608e-06,0.0,0.0
208.3200719628209,25.0,1.388864e-06,0.0,0.0
208.3196582731833,25.0,1.337583e-06,0.0,0.0
208.31923278717755,25.0,1.251203e-06,0.0,0.0
208.3188249652441,25.0,1.364111e-06,0.0,0.0
208.3183939941325,25.0,1.235647e-06,0.0,0.0
208.31799105125265,25.0,1.262335e-06,0.0,0.0
208.31758137059748,25.0,1.246357e-06,0.0,0.0
208.31716806581883,25.0,1.293301e-06,0.0,0.0
208.3167616119952,25.0,1.093023e-06,0.0,0.0
208.31632022987463,25.0,1.300752e-06,0.0,0.0
208.31592263036177,25.0,1.266017e-06,0.0,0.0
208.3155041118648,25.0,1.195847e-06,0.0,0.0
208.31508377749884,25.0,1.216162e-06,0.0,0.0
208.31467458419337,25.0,1.288194e-06,0.0,0.0
208.31425072070567,25.0,1.259483e-06,0.0,0.0
208.3138144126941,25.0,1.236855e-06,0.0,0.0
208.31338371459967,25.0,1.236869e-06,0.0,0.0
208.312979293484,25.0,1.246473e-06,0.0,0.0
208.3125684453444,25.0,1.247434e-06,0.0,0.0
208.3121315575972,25.0,1.173001e-06,0.0,0.0
208.31170752003968,25.0,1.154287e-06,0.0,0.0
208.3113089245164,25.0,1.129374e-06,0.0,0.0
208.31086693924803,25.0,1.21491e-06,0.0,0.0
208.31043648830595,25.0,1.169275e-06,0.0,0.0
208.31004861095903,25.0,1.272303e-06,0.0,0.0
208.30963298000697,25.0,1.21785e-06,0.0,0.0
208.30923097053272,25.0,1.290216e-06,0.0,0.0
208.30880427226944,25.0,1.256456e-06,0.0,0.0
208.30837877391747,25.0,1.27191e-06,0.0,0.0
208.30797176250647,25.0,1.219072e-06,0.0,0.0
208.30754467175265,25.0,1.249427e-06,0.0,0.0
208.30712705558796,25.0,1.236956e-06,0.0,0.0
208.30672198390627,25.0,1.285851e-06,0.0,0.0
208.30628799402183,25.0,1.339562e-06,0.0,0.0
208.3058993020524,25.0,1.370383e-06,0.0,0.0
208.3054516979228,25.0,1.396693e-06,0.0,0.0
208.30503582467483,25.0,1.398148e-06,0.0,0.0
208.3046479166493,25.0,1.387962e-06,0.0,0.0
208.30422432458863,25.0,1.36919e-06,0.0,0.0
208.30380569944924,25.0,1.408436e-06,0.0,0.0
208.30338568405915,25.0,1.446999e-06,0.0,0.0
208.302959094024,25.0,1.43901e-06,0.0,0.0
208.3025161292584,25.0,1.426291e-06,0.0,0.0
208.30210946973847,25.0,1.431137e-06,0.0,0.0
208.30170836941647,25.0,1.380467e-06,0.0,0.0
208.30127773940876,25.0,1.424356e-06,0.0,0.0
208.30084699569963,25.0,1.397115e-06,0.0,0.0
208.3004141581172,25.0,1.4205e-06,0.0,0.0
208.30000816935896,25.0,1.407563e-06,0.0,0.0
208.2995914191549,25.0,1.459615e-06,0.0,0.0
208.2991695904844,25.0,1.478198e-06,0.0,0.0
208.29876876257927,25.0,1.446388e-06,0.0,0.0
208.2983305606629,25.0,1.452325e-06,0.0,0.0
208.2979223600232,25.0,1.445427e-06,0.0,0.0
208.29750350973688,25.0,1.41529e-06,0.0,0.0
208.2970980162444,25.0,1.478053e-06,0.0,0.0
208.2966981353642,25.0,1.469321e-06,0.0,0.0
208.2962676190577,25.0,1.469423e-06,0.0,0.0
208.2958596031143,25.0,1.411434e-06,0.0,0.0
208.2954290868078,25.0,1.424865e-06,0.0,0.0
208.2950292818385,25.0,1.423454e-06,0.0,0.0
208.29462429122128,25.0,1.441775e-06,0.0,0.0
208.294181074736,25.0,1.422392e-06,0.0,0.0
208.29375168523384,25.0,1.410255e-06,0.0,0.0
208.29335062547807,25.0,1.432883e-06,0.0,0.0
208.29291297298576,25.0,1.445471e-06,0.0,0.0
208.29249223094345,25.0,1.441978e-06,0.0,0.0
208.29207662115863,25.0,1.451801e-06,0.0,0.0
208.29164337813128,25.0,1.41171e-06,0.0,0.0
208.29125808995343,25.0,1.418957e-06,0.0,0.0
208.29081628346907,25.0,1.400665e-06,0.0,0.0
208.2903737892304,25.0,1.399603e-06,0.0,0.0
208.2899881328848,25.0,1.432301e-06,0.0,0.0
208.28955628300716,25.0,1.413995e-06,0.0,0.0
208.28916860080992,25.0,1.455803e-06,0.0,0.0
208.28874113421,25.0,1.501961e-06,0.0,0.0
208.28832083493407,25.0,1.510751e-06,0.0,0.0
208.28790214715488,25.0,1.463006e-06,0.0,0.0
208.28747879877568,25.0,1.450288e-06,0.0,0.0
208.28709125869588,25.0,1.39547e-06,0.0,0.0
208.28667612803187,25.0,1.43185e-06,0.0,0.0
208.28622849677336,25.0,1.422362e-06,0.0,0.0
208.28583924871103,25.0,1.391032e-06,0.0,0.0
208.28540573126256,25.0,1.394073e-06,0.0,0.0
208.28495924232817,25.0,1.452907e-06,0.0,0.0
208.2845993629608,25.0,1.452325e-06,0.0,0.0
208.28415631978737,25.0,1.452761e-06,0.0,0.0
208.2837310583949,25.0,1.445485e-06,0.0,0.0
208.2833363979443,25.0,1.43575e-06,0.0,0.0
208.28289166295977,25.0,1.43559e-06,0.0,0.0
208.28246565705257,25.0,1.469787e-06,0.0,0.0
208.2820388239224,25.0,1.477601e-06,0.0,0.0
208.28162184123465,25.0,1.531967e-06,0.0,0.0
208.2812163828401,25.0,1.506007e-06,0.0,0.0
208.2807830642636,25.0,1.463341e-06,0.0,0.0
208.28035220685328,25.0,1.434266e-06,0.0,0.0
208.27994471572248,25.0,1.4572e-06,0.0,0.0
208.27953032480383,25.0,1.377979e-06,0.0,0.0
208.27912234985536,25.0,1.392182e-06,0.0,0.0
208.2787203022613,25.0,1.38297e-06,0.0,0.0
208.27827471998972,25.0,1.418419e-06,0.0,0.0
208.27788145585407,25.0,1.427354e-06,0.0,0.0
208.2774538654643,25.0,1.469205e-06,0.0,0.0
208.2770427178754,25.0,1.426917e-06,0.0,0.0
208.2766295245666,25.0,1.440349e-06,0.0,0.0
208.2762055315515,25.0,1.434179e-06,0.0,0.0
208.27580683334097,25.0,1.395718e-06,0.0,0.0
208.2753648597484,25.0,1.362569e-06,0.0,0.0
208.27493406451853,25.0,1.359105e-06,0.0,0.0
208.2745450113021,25.0,1.373657e-06,0.0,0.0
208.2741298594709,25.0,1.426379e-06,0.0,0.0
208.2736867491577,25.0,1.411274e-06,0.0,0.0
208.27326273112817,25.0,1.405293e-06,0.0,0.0
208.27286409487408,25.0,1.428198e-06,0.0,0.0
208.27241734221795,25.0,1.41692e-06,0.0,0.0
208.2719973706089,25.0,1.462744e-06,0.0,0.0
208.27159243731907,25.0,1.512803e-06,0.0,0.0
208.27119306698503,25.0,1.495326e-06,0.0,0.0
208.27074483020004,25.0,1.534747e-06,0.0,0.0
208.2703541726981,25.0,1.507215e-06,0.0,0.0
208.2699221759165,25.0,1.531676e-06,0.0,0.0
208.26951545840967,25.0,1.452077e-06,0.0,0.0
208.2690992595618,25.0,1.443012e-06,0.0,0.0
208.26867670248825,25.0,1.497741e-06,0.0,0.0
208.268277030522,25.0,1.522829e-06,0.0,0.0
208.26783775875063,25.0,1.526874e-06,0.0,0.0
208.26740944884983,25.0,1.513457e-06,0.0,0.0
208.26701200151965,25.0,1.471373e-06,0.0,0.0
208.2665964539489,25.0,1.439359e-06,0.0,0.0
208.2662034302544,25.0,1.452077e-06,0.0,0.0
208.26577415940125,25.0,1.420529e-06,0.0,0.0
208.2653342300987,25.0,1.428285e-06,0.0,0.0
208.2649355570933,25.0,1.414839e-06,0.0,0.0
208.2645200846173,25.0,1.467677e-06,0.0,0.0
208.2640768697076,25.0,1.496912e-06,0.0,0.0
208.26368896652716,25.0,1.447639e-06,0.0,0.0
208.2632653209256,25.0,1.446751e-06,0.0,0.0
208.2628277315237,25.0,1.465829e-06,0.0,0.0
208.26239712425624,25.0,1.431516e-06,0.0,0.0
208.2619941191812,25.0,1.412656e-06,0.0,0.0
208.26158498059905,25.0,1.448541e-06,0.0,0.0
208.26114203700064,25.0,1.501292e-06,0.0,0.0
208.26071944576944,25.0,1.45816e-06,0.0,0.0
208.2603009172436,25.0,1.475681e-06,0.0,0.0
208.2598803049543,25.0,1.500754e-06,0.0,0.0
208.25945193586145,25.0,1.538036e-06,0.0,0.0
208.25905192233623,25.0,1.467677e-06,0.0,0.0
208.25864925849103,25.0,1.470209e-06,0.0,0.0
208.25822539971364,25.0,1.498687e-06,0.0,0.0
208.25781752281367,25.0,1.388777e-06,0.0,0.0
208.2573818337396,25.0,1.458247e-06,0.0,0.0
208.2569789879618,25.0,1.481516e-06,0.0,0.0
208.2565726323888,25.0,1.485823e-06,0.0,0.0
208.25613986988688,25.0,1.467895e-06,0.0,0.0
208.2557362394149,25.0,1.470267e-06,0.0,0.0
208.25531264662925,25.0,1.458553e-06,0.0,0.0
208.25487633255247,25.0,1.478416e-06,0.0,0.0
208.25449021151084,25.0,1.486245e-06,0.0,0.0
208.25405279800344,25.0,1.496708e-06,0.0,0.0
208.2536371948452,25.0,1.474982e-06,0.0,0.0
208.2531934878336,25.0,1.469452e-06,0.0,0.0
208.2528075817828,25.0,1.451204e-06,0.0,0.0
208.25237067604883,25.0,1.426219e-06,0.0,0.0
208.251923121878,25.0,1.469714e-06,0.0,0.0
208.2515227166271,25.0,1.44307e-06,0.0,0.0
208.25111668678247,25.0,1.37715e-06,0.0,0.0
208.25069906862595,25.0,1.3588e-06,0.0,0.0
208.25029101262368,25.0,1.421999e-06,0.0,0.0
208.24986033713543,25.0,1.461653e-06,0.0,0.0
208.24943019460963,25.0,1.477238e-06,0.0,0.0
208.24904034524465,25.0,1.431545e-06,0.0,0.0
208.2486061174884,25.0,1.446737e-06,0.0,0.0
208.2482247504428,25.0,1.471795e-06,0.0,0.0
208.2477833108332,25.0,1.439781e-06,0.0,0.0
208.24735155657984,25.0,1.450302e-06,0.0,0.0
208.2469605022366,25.0,1.387962e-06,0.0,0.0
208.2465201429136,25.0,1.485241e-06,0.0,0.0
208.24611296701323,25.0,1.439694e-06,0.0,0.0
208.24571168146227,25.0,1.338747e-06,0.0,0.0
208.24528095709857,25.0,1.403285e-06,0.0,0.0
208.24487299003053,25.0,1.485576e-06,0.0,0.0
208.24444316211867,25.0,1.462802e-06,0.0,0.0
208.24402769977416,25.0,1.493259e-06,0.0,0.0
208.2436400466744,25.0,1.571956e-06,0.0,0.0
208.24319617372367,25.0,1.578184e-06,0.0,0.0
208.24277219975903,25.0,1.567969e-06,0.0,0.0
208.2423337180968,25.0,1.534587e-06,0.0,0.0
208.2419257453832,25.0,1.552631e-06,0.0,0.0
208.2415173092362,25.0,1.596782e-06,0.0,0.0
208.2410790679372,25.0,1.446271e-06,0.0,0.0
208.24066391323188,25.0,1.545981e-06,0.0,0.0
208.2402376357068,25.0,1.551482e-06,0.0,0.0
208.2398297096371,25.0,1.53677e-06,0.0,0.0
208.23939551700167,25.0,1.447843e-06,0.0,0.0
208.2389913874712,25.0,1.49633e-06,0.0,0.0
208.23858748168607,25.0,1.487395e-06,0.0,0.0
208.2381967796972,25.0,1.487089e-06,0.0,0.0
208.2377498479266,25.0,1.40864e-06,0.0,0.0
208.23732620511225,25.0,1.40311e-06,0.0,0.0
208.2369274688008,25.0,1.395674e-06,0.0,0.0
208.2364833338404,25.0,1.315362e-06,0.0,0.0
208.23608966115407,25.0,1.341657e-06,0.0,0.0
208.23568020533628,25.0,1.325447e-06,0.0,0.0
208.23525083870248,25.0,1.297332e-06,0.0,0.0
208.23482998102708,25.0,1.281514e-06,0.0,0.0
208.23441198266727,25.0,1.339169e-06,0.0,0.0
208.23399135571356,25.0,1.298817e-06,0.0,0.0
208.23357539024644,25.0,1.22351e-06,0.0,0.0
208.2331421208833,25.0,1.258944e-06,0.0,0.0
208.23273877028583,25.0,1.336375e-06,0.0,0.0
208.23231519472748,25.0,1.33022e-06,0.0,0.0
208.23187266300232,25.0,1.328575e-06,0.0,0.0
208.23146736182952,25.0,1.326538e-06,0.0,0.0
208.2310552791358,25.0,1.329579e-06,0.0,0.0
208.23063961917745,25.0,1.418695e-06,0.0,0.0
208.23021755375112,25.0,1.441731e-06,0.0,0.0
208.22980962811687,25.0,1.415436e-06,0.0,0.0
208.22937307870137,25.0,1.436594e-06,0.0,0.0
208.2289708966264,25.0,1.400607e-06,0.0,0.0
208.22856310754747,25.0,1.413646e-06,0.0,0.0
208.22813211845428,25.0,1.373424e-06,0.0,0.0
208.22772763313483,25.0,1.269931e-06,0.0,0.0
208.22730371516275,25.0,1.255888e-06,0.0,0.0
208.22690475372224,25.0,1.232504e-06,0.0,0.0
208.22645826156,25.0,1.242617e-06,0.0,0.0
208.22604312426947,25.0,1.240711e-06,0.0,0.0
208.22565604996603,25.0,1.247026e-06,0.0,0.0
208.2252307799226,25.0,1.272827e-06,0.0,0.0
208.2247998542915,25.0,1.259032e-06,0.0,0.0
208.22439197380228,25.0,1.222637e-06,0.0,0.0
208.2239661149224,25.0,1.236069e-06,0.0,0.0
208.2235505681101,25.0,1.27063e-06,0.0,0.0
208.22312169968632,25.0,1.298627e-06,0.0,0.0
208.22271625126712,25.0,1.307781e-06,0.0,0.0
208.22229271378808,25.0,1.269465e-06,0.0,0.0
208.2218523576548,25.0,1.25065e-06,0.0,0.0
208.2214214566104,25.0,1.176915e-06,0.0,0.0
208.2210208848288,25.0,1.191351e-06,0.0,0.0
208.22061485262876,25.0,1.213426e-06,0.0,0.0
208.22017352449043,25.0,1.251465e-06,0.0,0.0
208.21978107021985,25.0,1.265318e-06,0.0,0.0
208.21935101399563,25.0,1.240187e-06,0.0,0.0
208.21892811028448,25.0,1.255947e-06,0.0,0.0
208.2185282596548,25.0,1.268258e-06,0.0,0.0
208.2180952405936,25.0,1.224005e-06,0.0,0.0
208.2177027240286,25.0,1.269e-06,0.0,0.0
208.2172732048402,25.0,1.285909e-06,0.0,0.0
208.21685032362865,25.0,1.283435e-06,0.0,0.0
208.21643406402504,25.0,1.257504e-06,0.0,0.0
208.21601789634852,25.0,1.254943e-06,0.0,0.0
208.21563045632172,25.0,1.279725e-06,0.0,0.0
208.21521024359728,25.0,1.292385e-06,0.0,0.0
208.21476369950017,25.0,1.313252e-06,0.0,0.0
208.21436483388663,25.0,1.318404e-06,0.0,0.0
208.2139412144417,25.0,1.319335e-06,0.0,0.0
208.21349825542995,25.0,1.332097e-06,0.0,0.0
208.2130830063282,25.0,1.336797e-06,0.0,0.0
208.21269345172425,25.0,1.332839e-06,0.0,0.0
208.21226302169012,25.0,1.333814e-06,0.0,0.0
208.21182153316565,25.0,1.265988e-06,0.0,0.0
208.21142286316683,25.0,1.308435e-06,0.0,0.0
208.2109989201804,25.0,1.294902e-06,0.0,0.0
208.2105625021224,25.0,1.334352e-06,0.0,0.0
208.21015149042952,25.0,1.330249e-06,0.0,0.0
208.20974658483223,25.0,1.285953e-06,0.0,0.0
208.20931557251373,25.0,1.295091e-06,0.0,0.0
208.20890748821623,25.0,1.303022e-06,0.0,0.0
208.20848493765808,25.0,1.260574e-06,0.0,0.0
208.2080814765181,25.0,1.302891e-06,0.0,0.0
208.20768217042107,25.0,1.259963e-06,0.0,0.0
208.20723369060264,25.0,1.255365e-06,0.0,0.0
208.20684445333083,25.0,1.221299e-06,0.0,0.0
208.20641133115151,25.0,1.231179e-06,0.0,0.0
208.20596507547896,25.0,1.273234e-06,0.0,0.0
208.2055885452081,25.0,1.209861e-06,0.0,0.0
208.20516200236912,25.0,1.094886e-06,0.0,0.0
208.20475263660907,25.0,1.138018e-06,0.0,0.0
208.2043278386912,25.0,1.199049e-06,0.0,0.0
208.20389716232816,25.0,1.199252e-06,0.0,0.0
208.20347295076704,25.0,1.183245e-06,0.0,0.0
208.20308518833687,25.0,1.198394e-06,0.0,0.0
208.20266966856,25.0,1.214517e-06,0.0,0.0
208.20222253317803,25.0,1.168286e-06,0.0,0.0
208.20178840313676,25.0,1.195353e-06,0.0,0.0
208.20135770709643,25.0,1.192675e-06,0.0,0.0
208.20095085462336,25.0,1.176362e-06,0.0,0.0
208.2005371003032,25.0,1.220818e-06,0.0,0.0
208.20012149978493,25.0,1.199995e-06,0.0,0.0
208.19972231873285,25.0,1.181092e-06,0.0,0.0
208.19928056044796,25.0,1.156543e-06,0.0,0.0
208.1988869064104,25.0,1.149238e-06,0.0,0.0
208.1984601433156,25.0,1.134278e-06,0.0,0.0
208.19804780565408,25.0,1.125096e-06,0.0,0.0
208.19765682087487,25.0,1.12722e-06,0.0,0.0
208.19721080042376,25.0,1.121341e-06,0.0,0.0
208.1968119080624,25.0,1.105887e-06,0.0,0.0
208.19636987849097,25.0,1.104461e-06,0.0,0.0
208.1959845942684,25.0,1.068576e-06,0.0,0.0
208.19555170246068,25.0,1.1144e-06,0.0,0.0
208.19513612543085,25.0,1.135733e-06,0.0,0.0
208.1946925743092,25.0,1.147593e-06,0.0,0.0
208.19430677934,25.0,1.146065e-06,0.0,0.0
208.19386956386103,25.0,1.157503e-06,0.0,0.0
208.193445301466,25.0,1.189241e-06,0.0,0.0
208.19300280802025,25.0,1.177585e-06,0.0,0.0
208.1926154021938,25.0,1.167471e-06,0.0,0.0
208.192198021462,25.0,1.187378e-06,0.0,0.0
208.191767457941,25.0,1.194188e-06,0.0,0.0
208.19133657733576,25.0,1.189619e-06,0.0,0.0
208.19092851287368,25.0,1.179244e-06,0.0,0.0
208.19051122464325,25.0,1.158071e-06,0.0,0.0
208.1900898721493,25.0,1.1956e-06,0.0,0.0
208.18970474315324,25.0,1.176377e-06,0.0,0.0
208.18925780337136,25.0,1.176377e-06,0.0,0.0
208.1888591568666,25.0,1.194188e-06,0.0,0.0
208.188435088866,25.0,1.173248e-06,0.0,0.0
208.18802729749075,25.0,1.182823e-06,0.0,0.0
208.187604288252,25.0,1.179884e-06,0.0,0.0
208.18718850969816,25.0,1.128748e-06,0.0,0.0
208.18678954671407,25.0,1.181063e-06,0.0,0.0
208.18634950530267,25.0,1.167544e-06,0.0,0.0
208.18591839774956,25.0,1.171677e-06,0.0,0.0
208.18551777021787,25.0,1.181412e-06,0.0,0.0
208.185111225178,25.0,1.157605e-06,0.0,0.0
208.18469414525683,25.0,1.153574e-06,0.0,0.0
208.18427797257613,25.0,1.135268e-06,0.0,0.0
208.18385575487017,25.0,1.092441e-06,0.0,0.0
208.18342358714716,25.0,1.15078e-06,0.0,0.0
208.18301690055688,25.0,1.154069e-06,0.0,0.0
208.18260084795992,25.0,1.171924e-06,0.0,0.0
208.18217623233488,25.0,1.144217e-06,0.0,0.0
208.18174760555743,25.0,1.12658e-06,0.0,0.0
208.1813169300692,25.0,1.145221e-06,0.0,0.0
208.18088088438665,25.0,1.127701e-06,0.0,0.0
208.1804783068582,25.0,1.080043e-06,0.0,0.0
208.18005864476967,25.0,1.089895e-06,0.0,0.0
208.1796394616664,25.0,1.099441e-06,0.0,0.0
208.17923566529967,25.0,1.066714e-06,0.0,0.0
208.17880015326912,25.0,1.061388e-06,0.0,0.0
208.17841242435685,25.0,1.06456e-06,0.0,0.0
208.17796659005987,25.0,1.110035e-06,0.0,0.0
208.1775793789737,25.0,1.113731e-06,0.0,0.0
208.177164119728,25.0,1.103239e-06,0.0,0.0
208.17673746354973,25.0,1.07332e-06,0.0,0.0
208.17632974214607,25.0,1.072767e-06,0.0,0.0
208.17589906665785,25.0,1.008753e-06,0.0,0.0
208.1754964855133,25.0,1.111548e-06,0.0,0.0
208.17508776493705,25.0,1.011387e-06,0.0,0.0
208.17464874506976,25.0,9.3774e-07,0.0,0.0
208.17422500726715,25.0,1.011707e-06,0.0,0.0
208.17380313777903,25.0,1.012057e-06,0.0,0.0
208.1733829750441,25.0,1.032837e-06,0.0,0.0
208.17295531049533,25.0,1.045599e-06,0.0,0.0
208.17253976292469,25.0,9.756332000000002e-07,0.0,0.0
208.1721132215397,25.0,7.584895e-07,0.0,0.0
208.1717275467776,25.0,1.023334e-06,0.0,0.0
208.17128231375983,25.0,1.038105e-06,0.0,0.0
208.1708510989885,25.0,1.017252e-06,0.0,0.0
208.1704595725056,25.0,1.005275e-06,0.0,0.0
208.17001898139097,25.0,1.009859e-06,0.0,0.0
208.16963121449407,25.0,1.071909e-06,0.0,0.0
208.1692107729561,25.0,1.028966e-06,0.0,0.0
208.1687930061543,25.0,1.080727e-06,0.0,0.0
208.16837169494,25.0,1.003835e-06,0.0,0.0
208.16794152363505,25.0,1.066132e-06,0.0,0.0
208.1675537545784,25.0,1.070206e-06,0.0,0.0
208.1671436426752,25.0,1.006512e-06,0.0,0.0
208.1667396777784,25.0,9.390787e-07,0.0,0.0
208.1662959008244,25.0,9.698851000000002e-07,0.0,0.0
208.16587216391656,25.0,1.002714e-06,0.0,0.0
208.1654701559667,25.0,9.864016e-07,0.0,0.0
208.1650346080488,25.0,9.778596000000002e-07,0.0,0.0
208.16463130955623,25.0,1.00839e-06,0.0,0.0
208.16422644319235,25.0,1.01958e-06,0.0,0.0
208.16379200308984,25.0,1.020788e-06,0.0,0.0
208.16336132609817,25.0,9.292271e-07,0.0,0.0
208.1629549703977,25.0,9.473879e-07,0.0,0.0
208.1625410794693,25.0,9.303767000000002e-07,0.0,0.0
208.16209828703367,25.0,8.470961e-07,0.0,0.0
208.16168276831604,25.0,7.869821e-07,0.0,0.0
208.16125295315257,25.0,7.862836000000001e-07,0.0,0.0
208.16083167126453,25.0,7.974159e-07,0.0,0.0
208.16041432994163,25.0,8.046918000000001e-07,0.0,0.0
208.1599939112704,25.0,8.190254e-07,0.0,0.0
208.1595754793281,25.0,8.810748000000001e-07,0.0,0.0
208.15919025937103,25.0,8.505885e-07,0.0,0.0
208.1587417978105,25.0,8.820061000000001e-07,0.0,0.0
208.1583432997147,25.0,8.981296999999999e-07,0.0,0.0
208.15792234394647,25.0,9.057403e-07,0.0,0.0
208.1575295227381,25.0,9.538926e-07,0.0,0.0
208.15708591871547,25.0,9.845826e-07,0.0,0.0
208.1566737126532,25.0,1.06229e-06,0.0,0.0
208.15627308961064,25.0,1.114255e-06,0.0,0.0
208.15583440753355,25.0,1.139255e-06,0.0,0.0
208.15542645981088,25.0,1.106324e-06,0.0,0.0
208.15500845879976,25.0,1.004344e-06,0.0,0.0
208.15459347373127,25.0,9.837531e-07,0.0,0.0
208.1541569337091,25.0,1.057502e-06,0.0,0.0
208.1537551347317,25.0,1.078937e-06,0.0,0.0
208.1533308941164,25.0,1.100198e-06,0.0,0.0
208.15288741302896,25.0,1.06571e-06,0.0,0.0
208.15246073472525,25.0,1.117965e-06,0.0,0.0
208.15207351793893,25.0,1.092776e-06,0.0,0.0
208.1516585298492,25.0,1.092747e-06,0.0,0.0
208.15121243332183,25.0,1.123772e-06,0.0,0.0
208.1508249490909,25.0,1.023946e-06,0.0,0.0
208.15038970399527,25.0,1.041262e-06,0.0,0.0
208.1499407891648,25.0,1.082371e-06,0.0,0.0
208.1495664653416,25.0,1.083172e-06,0.0,0.0
208.1491371945996,25.0,1.008957e-06,0.0,0.0
208.148733947896,25.0,1.072505e-06,0.0,0.0
208.1483192370046,25.0,1.07933e-06,0.0,0.0
208.14788166771336,25.0,1.097404e-06,0.0,0.0
208.14747583813025,25.0,1.103122e-06,0.0,0.0
208.14706084643515,25.0,1.040884e-06,0.0,0.0
208.1466730777608,25.0,1.114924e-06,0.0,0.0
208.14624525289696,25.0,1.115652e-06,0.0,0.0
208.14580229169383,25.0,1.094551e-06,0.0,0.0
208.14540685650067,25.0,1.040884e-06,0.0,0.0
208.14498478283508,25.0,1.023727e-06,0.0,0.0
208.1445417346881,25.0,1.033564e-06,0.0,0.0
208.14415781417932,25.0,1.029999e-06,0.0,0.0
208.14373407656336,25.0,1.016e-06,0.0,0.0
208.1432993941528,25.0,1.024673e-06,0.0,0.0
208.14289144643007,25.0,8.211355000000001e-07,0.0,0.0
208.1424659482718,25.0,8.909410000000001e-07,0.0,0.0
208.1420501235173,25.0,1.006192e-06,0.0,0.0
208.14161536220476,25.0,9.907235e-07,0.0,0.0
208.141191619333,25.0,1.017077e-06,0.0,0.0
208.14076034737087,25.0,1.039283e-06,0.0,0.0
208.14035239964824,25.0,1.017499e-06,0.0,0.0
208.13992195156248,25.0,1.008666e-06,0.0,0.0
208.13952165044992,25.0,9.992073e-07,0.0,0.0
208.13911573551087,25.0,1.104796e-06,0.0,0.0
208.13869833579707,25.0,1.022723e-06,0.0,0.0
208.1382903880744,25.0,1.031513e-06,0.0,0.0
208.137866198552,25.0,1.027729e-06,0.0,0.0
208.1374546569793,25.0,1.031178e-06,0.0,0.0
208.1370396692027,25.0,1.049557e-06,0.0,0.0
208.13661314326507,25.0,1.017732e-06,0.0,0.0
208.13620696932887,25.0,1.038643e-06,0.0,0.0
208.13578272020652,25.0,1.030872e-06,0.0,0.0
208.1353837290706,25.0,1.052802e-06,0.0,0.0
208.13493476363948,25.0,1.007371e-06,0.0,0.0
208.13451916384813,25.0,1.045759e-06,0.0,0.0
208.134103622904,25.0,1.046545e-06,0.0,0.0
208.13370896915356,25.0,1.031571e-06,0.0,0.0
208.1332800175806,25.0,1.011373e-06,0.0,0.0
208.132840778542,25.0,1.02476e-06,0.0,0.0
208.13239961575928,25.0,1.015273e-06,0.0,0.0
208.13201804690803,25.0,1.010863e-06,0.0,0.0
208.13158394202824,25.0,9.530486e-07,0.0,0.0
208.1311721010921,25.0,9.649375000000002e-07,0.0,0.0
208.1307718188893,25.0,8.782808e-07,0.0,0.0
208.13033370528376,25.0,9.497016e-07,0.0,0.0
208.12990569391764,25.0,9.965443e-07,0.0,0.0
208.1295076004904,25.0,9.368814e-07,0.0,0.0
208.12909233085747,25.0,9.2767e-07,0.0,0.0
208.12870009253336,25.0,9.524665e-07,0.0,0.0
208.12825361778903,25.0,9.808864e-07,0.0,0.0
208.127829624774,25.0,9.489595e-07,0.0,0.0
208.12743087669276,25.0,9.588257e-07,0.0,0.0
208.1270068894835,25.0,9.302894000000002e-07,0.0,0.0
208.1265928608917,25.0,9.461655e-07,0.0,0.0
208.12618406036472,25.0,9.27248e-07,0.0,0.0
208.12575424165507,25.0,9.284558e-07,0.0,0.0
208.12533306009223,25.0,9.781943e-07,0.0,0.0
208.12491561941704,25.0,9.933719e-07,0.0,0.0
208.12449520331907,25.0,9.931391e-07,0.0,0.0
208.124076769278,25.0,1.01942e-06,0.0,0.0
208.12369131657948,25.0,1.017906e-06,0.0,0.0
208.1232432048308,25.0,1.031847e-06,0.0,0.0
208.12281946792288,25.0,9.977666000000002e-07,0.0,0.0
208.1224207256476,25.0,9.853684e-07,0.0,0.0
208.12197581363424,25.0,1.027132e-06,0.0,0.0
208.12156026943595,25.0,1.003194e-06,0.0,0.0
208.12114471849284,25.0,1.016757e-06,0.0,0.0
208.12072159422647,25.0,1.023815e-06,0.0,0.0
208.12031364918977,25.0,1.054912e-06,0.0,0.0
208.1198775239509,25.0,1.045264e-06,0.0,0.0
208.1194537810792,25.0,9.927899e-07,0.0,0.0
208.1190683703284,25.0,1.039225e-06,0.0,0.0
208.1186317962189,25.0,1.01047e-06,0.0,0.0
208.11824650366816,25.0,1.062392e-06,0.0,0.0
208.1178100994682,25.0,1.024528e-06,0.0,0.0
208.11740238456983,25.0,1.076638e-06,0.0,0.0
208.11697875542555,25.0,1.078486e-06,0.0,0.0
208.11656348579265,25.0,1.084569e-06,0.0,0.0
208.11617599436883,25.0,1.097374e-06,0.0,0.0
208.1157284007901,25.0,1.093635e-06,0.0,0.0
208.11530415860727,25.0,1.098291e-06,0.0,0.0
208.11490566723472,25.0,1.089007e-06,0.0,0.0
208.11445853192723,25.0,1.064371e-06,0.0,0.0
208.11404269979212,25.0,1.04119e-06,0.0,0.0
208.11363343728664,25.0,1.076391e-06,0.0,0.0
208.11323040446268,25.0,1.101478e-06,0.0,0.0
208.11278595750707,25.0,1.071021e-06,0.0,0.0
208.1123622128393,25.0,1.064938e-06,0.0,0.0
208.11191726303275,25.0,1.11117e-06,0.0,0.0
208.1115227542317,25.0,1.107313e-06,0.0,0.0
208.1111074845988,25.0,1.140244e-06,0.0,0.0
208.11069113027824,25.0,1.116321e-06,0.0,0.0
208.11028295515297,25.0,1.103646e-06,0.0,0.0
208.10985938150048,25.0,1.081644e-06,0.0,0.0
208.10944612812943,25.0,1.070846e-06,0.0,0.0
208.1090308626484,25.0,1.135035e-06,0.0,0.0
208.1086057141528,25.0,1.11507e-06,0.0,0.0
208.10822071689697,25.0,1.110428e-06,0.0,0.0
208.1077752982748,25.0,1.117325e-06,0.0,0.0
208.1073768082373,25.0,1.014094e-06,0.0,0.0
208.10695256507884,25.0,1.109278e-06,0.0,0.0
208.10651091293607,25.0,1.092441e-06,0.0,0.0
208.10612314387944,25.0,1.03841e-06,0.0,0.0
208.1057039423552,25.0,1.062479e-06,0.0,0.0
208.10527303946432,25.0,1.166467e-06,0.0,0.0
208.10486509331196,25.0,1.098961e-06,0.0,0.0
208.1044341942008,25.0,9.858049e-07,0.0,0.0
208.10403486530927,25.0,1.011053e-06,0.0,0.0
208.10363041584392,25.0,1.147637e-06,0.0,0.0
208.10318738552968,25.0,1.109671e-06,0.0,0.0
208.10276339251456,25.0,1.198277e-06,0.0,0.0
208.1023255901546,25.0,1.0699e-06,0.0,0.0
208.10194014279497,25.0,1.203764e-06,0.0,0.0
208.1014914134693,25.0,1.195265e-06,0.0,0.0
208.10108241231848,25.0,1.167253e-06,0.0,0.0
208.10066687137436,25.0,1.218141e-06,0.0,0.0
208.100256201283,25.0,1.200155e-06,0.0,0.0
208.09982094547544,25.0,1.148233e-06,0.0,0.0
208.0993967001069,25.0,1.202105e-06,0.0,0.0
208.09899223868007,25.0,1.211389e-06,0.0,0.0
208.0985610770689,25.0,1.194101e-06,0.0,0.0
208.09817472724487,25.0,1.242501e-06,0.0,0.0
208.0977509843732,25.0,1.252803e-06,0.0,0.0
208.0973145374531,25.0,1.259526e-06,0.0,0.0
208.0969065897304,25.0,1.272085e-06,0.0,0.0
208.0964841784181,25.0,1.286186e-06,0.0,0.0
208.0960964105988,25.0,1.311084e-06,0.0,0.0
208.09568085640151,25.0,1.298526e-06,0.0,0.0
208.09525116550483,25.0,1.271575e-06,0.0,0.0
208.094830242308,25.0,1.222303e-06,0.0,0.0
208.09441254367457,25.0,1.181601e-06,0.0,0.0
208.09399200598244,25.0,1.163629e-06,0.0,0.0
208.09354867989768,25.0,1.064385e-06,0.0,0.0
208.0931427901702,25.0,1.207125e-06,0.0,0.0
208.09273957680523,25.0,1.239969e-06,0.0,0.0
208.0923041698508,25.0,1.240551e-06,0.0,0.0
208.09187304068965,25.0,1.237568e-06,0.0,0.0
208.09146734761657,25.0,1.23927e-06,0.0,0.0
208.0910551165356,25.0,1.227294e-06,0.0,0.0
208.09062556154365,25.0,1.251043e-06,0.0,0.0
208.0902203751316,25.0,1.271779e-06,0.0,0.0
208.0897968790486,25.0,1.228444e-06,0.0,0.0
208.08936323770035,25.0,1.290828e-06,0.0,0.0
208.08895099648367,25.0,1.243563e-06,0.0,0.0
208.0885630951647,25.0,1.202105e-06,0.0,0.0
208.08814768648287,25.0,1.19656e-06,0.0,0.0
208.08772424534803,25.0,1.129709e-06,0.0,0.0
208.0872933416604,25.0,1.156062e-06,0.0,0.0
208.08688562246527,25.0,1.149485e-06,0.0,0.0
208.08645855149945,25.0,1.150314e-06,0.0,0.0
208.086057704024,25.0,1.179287e-06,0.0,0.0
208.0856552282456,25.0,1.180451e-06,0.0,0.0
208.08520971746367,25.0,1.159875e-06,0.0,0.0
208.084810725575,25.0,1.170411e-06,0.0,0.0
208.08438723284664,25.0,1.160588e-06,0.0,0.0
208.08393860590965,25.0,1.194217e-06,0.0,0.0
208.083550552318,25.0,1.19886e-06,0.0,0.0
208.08313528268508,25.0,1.200635e-06,0.0,0.0
208.08271410146,25.0,1.15436e-06,0.0,0.0
208.08228354491231,25.0,1.167602e-06,0.0,0.0
208.08184428129343,25.0,1.168184e-06,0.0,0.0
208.08144481344556,25.0,1.215492e-06,0.0,0.0
208.08102179413547,25.0,1.192369e-06,0.0,0.0
208.08058783654835,25.0,1.194989e-06,0.0,0.0
208.08017431071755,25.0,1.156834e-06,0.0,0.0
208.0797675671822,25.0,1.238266e-06,0.0,0.0
208.07933666210448,25.0,1.218694e-06,0.0,0.0
208.07892848394,25.0,1.21622e-06,0.0,0.0
208.07851149501045,25.0,1.203196e-06,0.0,0.0
208.0780898659552,25.0,1.204098e-06,0.0,0.0
208.07770464599807,25.0,1.23182e-06,0.0,0.0
208.07725761717072,25.0,1.192151e-06,0.0,0.0
208.076858624752,25.0,1.161883e-06,0.0,0.0
208.0764343815936,25.0,1.212582e-06,0.0,0.0
208.07602626606,25.0,1.164473e-06,0.0,0.0
208.0756032201251,25.0,1.167602e-06,0.0,0.0
208.07518763935545,25.0,1.157721e-06,0.0,0.0
208.0747718036832,25.0,1.164532e-06,0.0,0.0
208.07434879416056,25.0,1.111708e-06,0.0,0.0
208.0739183460749,25.0,1.139138e-06,0.0,0.0
208.07349881990137,25.0,1.118402e-06,0.0,0.0
208.0730689417576,25.0,1.106309e-06,0.0,0.0
208.07269391931968,25.0,1.108099e-06,0.0,0.0
208.0722462096028,25.0,1.107386e-06,0.0,0.0
208.0718101994231,25.0,1.151115e-06,0.0,0.0
208.0714022536968,25.0,1.124499e-06,0.0,0.0
208.07097914565216,25.0,1.106309e-06,0.0,0.0
208.0705641539571,25.0,1.101362e-06,0.0,0.0
208.0701766694648,25.0,1.072636e-06,0.0,0.0
208.06972850878927,25.0,1.038003e-06,0.0,0.0
208.0693391037406,25.0,9.857758e-07,0.0,0.0
208.0689052680172,25.0,1.011416e-06,0.0,0.0
208.0684815303404,25.0,1.01389e-06,0.0,0.0
208.06809920954916,25.0,1.036999e-06,0.0,0.0
208.06765588430235,25.0,1.036082e-06,0.0,0.0
208.06723073458087,25.0,1.076725e-06,0.0,0.0
208.06683580961607,25.0,1.11424e-06,0.0,0.0
208.0663914281631,25.0,1.135748e-06,0.0,0.0
208.06598807848664,25.0,1.104156e-06,0.0,0.0
208.06557815223732,25.0,1.105742e-06,0.0,0.0
208.06516259804008,25.0,1.125605e-06,0.0,0.0
208.06475341686703,25.0,1.147622e-06,0.0,0.0
208.06431785865928,25.0,1.121254e-06,0.0,0.0
208.06390155508532,25.0,1.124848e-06,0.0,0.0
208.0635020820108,25.0,1.077453e-06,0.0,0.0
208.0630590404904,25.0,1.076231e-06,0.0,0.0
208.06264376423087,25.0,1.051507e-06,0.0,0.0
208.06222104087308,25.0,1.070803e-06,0.0,0.0
208.06181286845072,25.0,1.02655e-06,0.0,0.0
208.0613761648308,25.0,1.01421e-06,0.0,0.0
208.0609526721024,25.0,9.372452e-07,0.0,0.0
208.06051102522488,25.0,8.467905e-07,0.0,0.0
208.06010468607212,25.0,6.339542000000001e-07,0.0,0.0
208.0597040396491,25.0,7.969356e-07,0.0,0.0
208.0592733641608,25.0,8.511414999999999e-07,0.0,0.0
208.0588651928892,25.0,8.768111e-07,0.0,0.0
208.05843455397127,25.0,8.238567000000001e-07,0.0,0.0
208.05804635875472,25.0,7.640774000000001e-07,0.0,0.0
208.05763673630807,25.0,7.760827000000001e-07,0.0,0.0
208.0572336309692,25.0,7.962080000000001e-07,0.0,0.0
208.056789247028,25.0,8.219066999999999e-07,0.0,0.0
208.0563772944243,25.0,7.950439e-07,0.0,0.0
208.05596973927905,25.0,7.852359000000001e-07,0.0,0.0
208.05552669113203,25.0,8.487986999999999e-07,0.0,0.0
208.05511853088927,25.0,8.290662999999999e-07,0.0,0.0
208.0547166249551,25.0,8.542847000000001e-07,0.0,0.0
208.05428572143265,25.0,8.744537e-07,0.0,0.0
208.0538468025057,25.0,8.318019999999999e-07,0.0,0.0
208.0534468762408,25.0,9.057403e-07,0.0,0.0
208.0530238208721,25.0,9.411451000000002e-07,0.0,0.0
208.0525903575609,25.0,8.780625999999999e-07,0.0,0.0
208.0521763294313,25.0,8.561619e-07,0.0,0.0
208.0517694024164,25.0,8.516654000000001e-07,0.0,0.0
208.0513387269281,25.0,8.062634e-07,0.0,0.0
208.05091030151243,25.0,8.055504e-07,0.0,0.0
208.05051401602296,25.0,8.031930000000001e-07,0.0,0.0
208.05008237122303,25.0,8.314237000000001e-07,0.0,0.0
208.04970510788343,25.0,8.328207000000001e-07,0.0,0.0
208.0492596401756,25.0,8.788483999999999e-07,0.0,0.0
208.04883178855627,25.0,8.127536000000001e-07,0.0,0.0
208.04843665051908,25.0,7.808994e-07,0.0,0.0
208.04799323149973,25.0,8.007773e-07,0.0,0.0
208.04760574553023,25.0,7.772614000000001e-07,0.0,0.0
208.0471897074108,25.0,7.316557e-07,0.0,0.0
208.0467736928496,25.0,7.17293e-07,0.0,0.0
208.0463506293947,25.0,7.775816e-07,0.0,0.0
208.04591972650385,25.0,8.126372000000001e-07,0.0,0.0
208.0455189607137,25.0,8.182542e-07,0.0,0.0
208.0451127446704,25.0,8.757488e-07,0.0,0.0
208.04466969652344,25.0,8.634088000000001e-07,0.0,0.0
208.04425810811256,25.0,8.787756e-07,0.0,0.0
208.04383408297585,25.0,8.957286e-07,0.0,0.0
208.04340318008497,25.0,8.897331999999999e-07,0.0,0.0
208.04300075559289,25.0,9.34655e-07,0.0,0.0
208.04259279408933,25.0,9.228388e-07,0.0,0.0
208.04217724491264,25.0,9.272771e-07,0.0,0.0
208.0417292768344,25.0,9.323849e-07,0.0,0.0
208.04129480646424,25.0,9.257928e-07,0.0,0.0
208.0408868610687,25.0,8.873758e-07,0.0,0.0
208.4289375,30.0,2.264342e-05,0.0,0.0
208.4289375,30.0,-2.001485e-06,0.0,0.0
208.4289375,30.0,-1.043489e-06,0.0,0.0
208.4289375,30.0,-4.409085000000001e-07,0.0,0.0
208.42881418192596,30.0,1.132139e-08,0.0,0.0
208.42862800646708,30.0,3.624446e-07,0.0,0.0
208.42838976519823,30.0,6.363844e-07,0.0,0.0
208.42813406800587,30.0,6.598275e-07,0.0,0.0
208.42783021423057,30.0,6.22982e-07,0.0,0.0
208.427457802572,30.0,6.380578000000001e-07,0.0,0.0
208.42707484740865,30.0,8.011411e-07,0.0,0.0
208.4266624508857,30.0,8.102651999999999e-07,0.0,0.0
208.42625659848252,30.0,8.700007999999999e-07,0.0,0.0
208.4258258412769,30.0,9.310461e-07,0.0,0.0
208.42539883532183,30.0,1.00171e-06,0.0,0.0
208.42499813322743,30.0,9.340147e-07,0.0,0.0
208.42458250783417,30.0,9.803625000000003e-07,0.0,0.0
208.4241443898658,30.0,1.081818e-06,0.0,0.0
208.4237565939353,30.0,1.116379e-06,0.0,0.0
208.42332179189532,30.0,1.162203e-06,0.0,0.0
208.422897878224,30.0,1.171808e-06,0.0,0.0
208.4224503254316,30.0,1.07575e-06,0.0,0.0
208.4220345058218,30.0,1.126798e-06,0.0,0.0
208.42161873312148,30.0,1.118082e-06,0.0,0.0
208.42120055187704,30.0,1.044507e-06,0.0,0.0
208.42079240176707,30.0,1.156412e-06,0.0,0.0
208.420361737648,30.0,1.170643e-06,0.0,0.0
208.41993080354555,30.0,1.167209e-06,0.0,0.0
208.41953471564,30.0,1.18652e-06,0.0,0.0
208.4191273123316,30.0,1.200344e-06,0.0,0.0
208.41868463649496,30.0,1.180568e-06,0.0,0.0
208.41829933312133,30.0,1.197186e-06,0.0,0.0
208.4178618366309,30.0,1.195935e-06,0.0,0.0
208.4174607432984,30.0,1.131295e-06,0.0,0.0
208.41705076683127,30.0,1.124572e-06,0.0,0.0
208.4166154153052,30.0,1.108929e-06,0.0,0.0
208.41623254028303,30.0,1.089895e-06,0.0,0.0
208.4157925815032,30.0,1.141365e-06,0.0,0.0
208.41536866516785,30.0,1.161083e-06,0.0,0.0
208.41496679957376,30.0,1.18243e-06,0.0,0.0
208.41454555147985,30.0,1.159191e-06,0.0,0.0
208.41411427034456,30.0,1.150984e-06,0.0,0.0
208.41369675499408,30.0,9.69012e-07,0.0,0.0
208.41328010009693,30.0,1.082924e-06,0.0,0.0
208.41285754508448,30.0,1.123146e-06,0.0,0.0
208.41242683635951,30.0,1.165172e-06,0.0,0.0
208.412009183069,30.0,1.159846e-06,0.0,0.0
208.41157828162116,30.0,1.183187e-06,0.0,0.0
208.4112015579552,30.0,1.175373e-06,0.0,0.0
208.410772206276,30.0,1.145774e-06,0.0,0.0
208.4103316184569,30.0,1.100023e-06,0.0,0.0
208.40991261744708,30.0,9.82327e-07,0.0,0.0
208.40951647853484,30.0,1.044624e-06,0.0,0.0
208.4090848776441,30.0,1.106469e-06,0.0,0.0
208.4087070152061,30.0,1.082371e-06,0.0,0.0
208.40826222157807,30.0,1.184977e-06,0.0,0.0
208.4078381853197,30.0,1.169625e-06,0.0,0.0
208.40743901314244,30.0,1.255423e-06,0.0,0.0
208.40701513735004,30.0,1.221357e-06,0.0,0.0
208.40659103677328,30.0,1.14525e-06,0.0,0.0
208.40616882386595,30.0,1.109554e-06,0.0,0.0
208.40576818487924,30.0,1.142762e-06,0.0,0.0
208.40534462114687,30.0,1.133725e-06,0.0,0.0
208.40490285656068,30.0,1.169072e-06,0.0,0.0
208.4045040445356,30.0,1.153443e-06,0.0,0.0
208.40408894342923,30.0,1.212233e-06,0.0,0.0
208.40367364600257,30.0,1.234919e-06,0.0,0.0
208.4032452806466,30.0,1.059103e-06,0.0,0.0
208.40283735983283,30.0,1.126115e-06,0.0,0.0
208.40240647968224,30.0,1.135952e-06,0.0,0.0
208.40198409411244,30.0,1.139531e-06,0.0,0.0
208.40156885889988,30.0,1.143926e-06,0.0,0.0
208.40113194884657,30.0,1.072403e-06,0.0,0.0
208.40070828101784,30.0,1.026288e-06,0.0,0.0
208.4003095918225,30.0,1.067237e-06,0.0,0.0
208.39988600194937,30.0,9.907526e-07,0.0,0.0
208.39943706406737,30.0,1.120367e-06,0.0,0.0
208.3990766230128,30.0,9.822979e-07,0.0,0.0
208.39863854822804,30.0,1.148423e-06,0.0,0.0
208.39821468028464,30.0,1.12383e-06,0.0,0.0
208.3978158129376,30.0,1.141685e-06,0.0,0.0
208.3973922750656,30.0,1.148102e-06,0.0,0.0
208.3969883433878,30.0,1.091685e-06,0.0,0.0
208.39656948486143,30.0,1.127148e-06,0.0,0.0
208.39614110331763,30.0,1.083055e-06,0.0,0.0
208.3957369627969,30.0,1.154069e-06,0.0,0.0
208.395323056728,30.0,1.179476e-06,0.0,0.0
208.39488049065767,30.0,1.113862e-06,0.0,0.0
208.39449475213712,30.0,1.027016e-06,0.0,0.0
208.39406459378725,30.0,1.130102e-06,0.0,0.0
208.39364943532948,30.0,1.167311e-06,0.0,0.0
208.3932258627625,30.0,1.148073e-06,0.0,0.0
208.3927949143912,30.0,1.137523e-06,0.0,0.0
208.3923567625324,30.0,1.120919e-06,0.0,0.0
208.39195583637508,30.0,1.061388e-06,0.0,0.0
208.39154422849109,30.0,1.178996e-06,0.0,0.0
208.39110938795457,30.0,1.168213e-06,0.0,0.0
208.39068569632545,30.0,1.175576e-06,0.0,0.0
208.39030029982888,30.0,1.148597e-06,0.0,0.0
208.38986291165577,30.0,1.195862e-06,0.0,0.0
208.38941617560624,30.0,1.17741e-06,0.0,0.0
208.3890308874284,30.0,1.197142e-06,0.0,0.0
208.38861653355096,30.0,1.120861e-06,0.0,0.0
208.3881925655502,30.0,1.173597e-06,0.0,0.0
208.38779375166104,30.0,1.172142e-06,0.0,0.0
208.3873699612953,30.0,1.163324e-06,0.0,0.0
208.3869240980718,30.0,1.064211e-06,0.0,0.0
208.38654759525608,30.0,1.172113e-06,0.0,0.0
208.3861240319345,30.0,1.272972e-06,0.0,0.0
208.3857000901618,30.0,1.244945e-06,0.0,0.0
208.38528226579984,30.0,1.200606e-06,0.0,0.0
208.38487730514305,30.0,1.263616e-06,0.0,0.0
208.3844293060468,30.0,1.206878e-06,0.0,0.0
208.3840372506656,30.0,1.247332e-06,0.0,0.0
208.38363892268697,30.0,1.399589e-06,0.0,0.0
208.38319503706603,30.0,1.381282e-06,0.0,0.0
208.38277116912263,30.0,1.345339e-06,0.0,0.0
208.38234752034435,30.0,1.34595e-06,0.0,0.0
208.381902279918,30.0,1.365188e-06,0.0,0.0
208.38147904442388,30.0,1.341672e-06,0.0,0.0
208.38107617389656,30.0,1.341294e-06,0.0,0.0
208.3806761791236,30.0,1.33345e-06,0.0,0.0
208.3802473987166,30.0,1.33086e-06,0.0,0.0
208.379816426306,30.0,1.248191e-06,0.0,0.0
208.37940861565127,30.0,1.145992e-06,0.0,0.0
208.37898707193392,30.0,1.222812e-06,0.0,0.0
208.3785833390472,30.0,1.33799e-06,0.0,0.0
208.37818416567512,30.0,1.417182e-06,0.0,0.0
208.37775385164744,30.0,1.459746e-06,0.0,0.0
208.37734547185988,30.0,1.478722e-06,0.0,0.0
208.37691450024948,30.0,1.475681e-06,0.0,0.0
208.37649401249064,30.0,1.479944e-06,0.0,0.0
208.37608959054944,30.0,1.436565e-06,0.0,0.0
208.37569029909716,30.0,1.432345e-06,0.0,0.0
208.3752597358043,30.0,1.420936e-06,0.0,0.0
208.3748181927978,30.0,1.349137e-06,0.0,0.0
208.37442122243948,30.0,1.313922e-06,0.0,0.0
208.3740021687124,30.0,1.302295e-06,0.0,0.0
208.373571889736,30.0,1.316817e-06,0.0,0.0
208.37314814686428,30.0,1.302833e-06,0.0,0.0
208.3727243289496,30.0,1.315042e-06,0.0,0.0
208.3723256149833,30.0,1.406428e-06,0.0,0.0
208.37190169371644,30.0,1.416527e-06,0.0,0.0
208.37145438905023,30.0,1.414446e-06,0.0,0.0
208.37103934176764,30.0,1.462366e-06,0.0,0.0
208.37063037100776,30.0,1.470456e-06,0.0,0.0
208.37022718031645,30.0,1.339475e-06,0.0,0.0
208.3697963220456,30.0,1.311826e-06,0.0,0.0
208.36938806138096,30.0,1.361259e-06,0.0,0.0
208.36896152715929,30.0,1.377004e-06,0.0,0.0
208.36854645208288,30.0,1.351582e-06,0.0,0.0
208.3681590443454,30.0,1.306602e-06,0.0,0.0
208.3677336109455,30.0,1.35653e-06,0.0,0.0
208.3673027762754,30.0,1.35036e-06,0.0,0.0
208.36689467029976,30.0,1.312801e-06,0.0,0.0
208.36646974922584,30.0,1.311375e-06,0.0,0.0
208.36605433399748,30.0,1.375578e-06,0.0,0.0
208.36566662108183,30.0,1.359236e-06,0.0,0.0
208.36523958762996,30.0,1.387845e-06,0.0,0.0
208.3648091404456,30.0,1.367502e-06,0.0,0.0
208.36438329935743,30.0,1.404653e-06,0.0,0.0
208.3639779080072,30.0,1.392546e-06,0.0,0.0
208.36356235819804,30.0,1.360808e-06,0.0,0.0
208.36312593207248,30.0,1.360997e-06,0.0,0.0
208.36270206412908,30.0,1.345921e-06,0.0,0.0
208.36230325277464,30.0,1.289009e-06,0.0,0.0
208.36186166207253,30.0,1.275213e-06,0.0,0.0
208.3614306683688,30.0,1.262422e-06,0.0,0.0
208.3610135534756,30.0,1.203589e-06,0.0,0.0
208.3606074057859,30.0,1.353343e-06,0.0,0.0
208.36020673951333,30.0,1.272405e-06,0.0,0.0
208.35975972165065,30.0,1.366454e-06,0.0,0.0
208.3593529170468,30.0,1.386768e-06,0.0,0.0
208.358937184752,30.0,1.343549e-06,0.0,0.0
208.3585292918601,30.0,1.420776e-06,0.0,0.0
208.3581147288472,30.0,1.309862e-06,0.0,0.0
208.35769110681923,30.0,1.455061e-06,0.0,0.0
208.35727469916569,30.0,1.425185e-06,0.0,0.0
208.35685186550688,30.0,1.386346e-06,0.0,0.0
208.35642238214865,30.0,1.364519e-06,0.0,0.0
208.35602977036683,30.0,1.338238e-06,0.0,0.0
208.35561444341127,30.0,1.474706e-06,0.0,0.0
208.3551967556039,30.0,1.436347e-06,0.0,0.0
208.35478842129683,30.0,1.407432e-06,0.0,0.0
208.35434970112004,30.0,1.381821e-06,0.0,0.0
208.35392605803276,30.0,1.42811e-06,0.0,0.0
208.3535190088964,30.0,1.418302e-06,0.0,0.0
208.3530942157591,30.0,1.45848e-06,0.0,0.0
208.35267878351743,30.0,1.452267e-06,0.0,0.0
208.3522497838396,30.0,1.438719e-06,0.0,0.0
208.35180724388968,30.0,1.424181e-06,0.0,0.0
208.3514109738601,30.0,1.445049e-06,0.0,0.0
208.35098950956512,30.0,1.339373e-06,0.0,0.0
208.35057185771788,30.0,1.384149e-06,0.0,0.0
208.350161654201,30.0,1.422741e-06,0.0,0.0
208.34973791132927,30.0,1.468812e-06,0.0,0.0
208.34933898798968,30.0,1.430759e-06,0.0,0.0
208.3488980796845,30.0,1.399079e-06,0.0,0.0
208.34851620863444,30.0,1.360881e-06,0.0,0.0
208.34808131963928,30.0,1.373133e-06,0.0,0.0
208.34766797795905,30.0,1.352746e-06,0.0,0.0
208.3472613224621,30.0,1.355394e-06,0.0,0.0
208.34683021490892,30.0,1.321663e-06,0.0,0.0
208.3464027035569,30.0,1.309934e-06,0.0,0.0
208.3460038365025,30.0,1.298074e-06,0.0,0.0
208.3455886206989,30.0,1.310094e-06,0.0,0.0
208.34515326485285,30.0,1.335269e-06,0.0,0.0
208.34475100407096,30.0,1.338194e-06,0.0,0.0
208.3443273612566,30.0,1.297769e-06,0.0,0.0
208.3438882639452,30.0,1.328852e-06,0.0,0.0
208.34350469940608,30.0,1.39566e-06,0.0,0.0
208.34306878631355,30.0,1.371474e-06,0.0,0.0
208.34265323874283,30.0,1.382228e-06,0.0,0.0
208.3422285880468,30.0,1.375185e-06,0.0,0.0
208.34182057498933,30.0,1.202556e-06,0.0,0.0
208.3413850361057,30.0,1.30065e-06,0.0,0.0
208.3409613932913,30.0,1.269262e-06,0.0,0.0
208.340520948852,30.0,1.296139e-06,0.0,0.0
208.3401136633684,30.0,1.351145e-06,0.0,0.0
208.33971208710847,30.0,1.350563e-06,0.0,0.0
208.33928129453133,30.0,1.37731e-06,0.0,0.0
208.33887310005343,30.0,1.382185e-06,0.0,0.0
208.33844368570465,30.0,1.428285e-06,0.0,0.0
208.3380440496864,30.0,1.416105e-06,0.0,0.0
208.3376408204044,30.0,1.385532e-06,0.0,0.0
208.33719666421888,30.0,1.454231e-06,0.0,0.0
208.33681054271344,30.0,1.445398e-06,0.0,0.0
208.33637383017137,30.0,1.442851e-06,0.0,0.0
208.33597172026188,30.0,1.43511e-06,0.0,0.0
208.3355511461018,30.0,1.398512e-06,0.0,0.0
208.3351326152741,30.0,1.373322e-06,0.0,0.0
208.33472813890643,30.0,1.398468e-06,0.0,0.0
208.3342936097102,30.0,1.336157e-06,0.0,0.0
208.33386277504013,30.0,1.332533e-06,0.0,0.0
208.33343176557275,30.0,1.410532e-06,0.0,0.0
208.3330241764492,30.0,1.429755e-06,0.0,0.0
208.33260855500987,30.0,1.423148e-06,0.0,0.0
208.33218397886384,30.0,1.426932e-06,0.0,0.0
208.33175383524008,30.0,1.395965e-06,0.0,0.0
208.3313460219751,30.0,1.362074e-06,0.0,0.0
208.3309152169676,30.0,1.334483e-06,0.0,0.0
208.3304949893825,30.0,1.372435e-06,0.0,0.0
208.33010719253207,30.0,1.32159e-06,0.0,0.0
208.3296911240614,30.0,1.283144e-06,0.0,0.0
208.32928285469995,30.0,1.307053e-06,0.0,0.0
208.3288438697836,30.0,1.348075e-06,0.0,0.0
208.32844450230417,30.0,1.358479e-06,0.0,0.0
208.32803084851992,30.0,1.30471e-06,0.0,0.0
208.32758769167216,30.0,1.422057e-06,0.0,0.0
208.3271969371888,30.0,1.370237e-06,0.0,0.0
208.3267673013628,30.0,1.348046e-06,0.0,0.0
208.32634499549823,30.0,1.324021e-06,0.0,0.0
208.32592836521,30.0,1.364315e-06,0.0,0.0
208.3255105977646,30.0,1.38607e-06,0.0,0.0
208.32508910855967,30.0,1.438326e-06,0.0,0.0
208.32470354421088,30.0,1.407665e-06,0.0,0.0
208.3242566053168,30.0,1.431996e-06,0.0,0.0
208.32385776488624,30.0,1.432854e-06,0.0,0.0
208.32343377593287,30.0,1.407301e-06,0.0,0.0
208.32299009163947,30.0,1.393186e-06,0.0,0.0
208.32258581249124,30.0,1.312583e-06,0.0,0.0
208.32218671942456,30.0,1.421489e-06,0.0,0.0
208.32175614038167,30.0,1.372231e-06,0.0,0.0
208.3213142390416,30.0,1.402674e-06,0.0,0.0
208.32089044804212,30.0,1.390174e-06,0.0,0.0
208.3204864550981,30.0,1.407083e-06,0.0,0.0
208.320054313944,30.0,1.434906e-06,0.0,0.0
208.31964406613204,30.0,1.435561e-06,0.0,0.0
208.3192401169888,30.0,1.419045e-06,0.0,0.0
208.31880957516768,30.0,1.369524e-06,0.0,0.0
208.31840138007647,30.0,1.398206e-06,0.0,0.0
208.31797797240603,30.0,1.371023e-06,0.0,0.0
208.31757470752115,30.0,1.37699e-06,0.0,0.0
208.31717424479584,30.0,1.357505e-06,0.0,0.0
208.31674608698088,30.0,1.363951e-06,0.0,0.0
208.31632539929504,30.0,1.387787e-06,0.0,0.0
208.31590416209616,30.0,1.393564e-06,0.0,0.0
208.31548049943603,30.0,1.363747e-06,0.0,0.0
208.31506836712225,30.0,1.410721e-06,0.0,0.0
208.3146573579523,30.0,1.408815e-06,0.0,0.0
208.3142334900089,30.0,1.400505e-06,0.0,0.0
208.313798661682,30.0,1.399269e-06,0.0,0.0
208.3133905547776,30.0,1.371751e-06,0.0,0.0
208.3129647136276,30.0,1.405875e-06,0.0,0.0
208.31254960778583,30.0,1.396125e-06,0.0,0.0
208.31210683986225,30.0,1.392444e-06,0.0,0.0
208.31171140775896,30.0,1.403256e-06,0.0,0.0
208.31129250254563,30.0,1.378081e-06,0.0,0.0
208.3108520310216,30.0,1.406137e-06,0.0,0.0
208.31044471083828,30.0,1.426626e-06,0.0,0.0
208.310029607168,30.0,1.405235e-06,0.0,0.0
208.309621298818,30.0,1.384236e-06,0.0,0.0
208.30921929194685,30.0,1.377615e-06,0.0,0.0
208.3087887037397,30.0,1.451423e-06,0.0,0.0
208.3083805936084,30.0,1.398628e-06,0.0,0.0
208.3079527889506,30.0,1.376276e-06,0.0,0.0
208.30755231762905,30.0,1.371867e-06,0.0,0.0
208.30714967350627,30.0,1.318505e-06,0.0,0.0
208.3067049930441,30.0,1.299559e-06,0.0,0.0
208.30628603440832,30.0,1.323177e-06,0.0,0.0
208.30588172271064,30.0,1.326873e-06,0.0,0.0
208.30543323525967,30.0,1.321838e-06,0.0,0.0
208.3050339414285,30.0,1.338034e-06,0.0,0.0
208.3046291325704,30.0,1.302062e-06,0.0,0.0
208.30420905098785,30.0,1.302673e-06,0.0,0.0
208.303791511067,30.0,1.3791e-06,0.0,0.0
208.3033702245736,30.0,1.30618e-06,0.0,0.0
208.3029399193492,30.0,1.397857e-06,0.0,0.0
208.30251349386532,30.0,1.409207e-06,0.0,0.0
208.30209139309449,30.0,1.370092e-06,0.0,0.0
208.3017062868387,30.0,1.460299e-06,0.0,0.0
208.30125949289584,30.0,1.213732e-06,0.0,0.0
208.30082348789244,30.0,1.168548e-06,0.0,0.0
208.30042459583888,30.0,1.414825e-06,0.0,0.0
208.3000010337236,30.0,1.373017e-06,0.0,0.0
208.29956526741665,30.0,1.437351e-06,0.0,0.0
208.2991776307024,30.0,1.457622e-06,0.0,0.0
208.29874870828448,30.0,1.415086e-06,0.0,0.0
208.29836015340297,30.0,1.366119e-06,0.0,0.0
208.29792018787248,30.0,1.39224e-06,0.0,0.0
208.2975135866112,30.0,1.398294e-06,0.0,0.0
208.2970976217185,30.0,1.417662e-06,0.0,0.0
208.29667503189137,30.0,1.377499e-06,0.0,0.0
208.29627494450668,30.0,1.396984e-06,0.0,0.0
208.2958363214388,30.0,1.41011e-06,0.0,0.0
208.29543988287887,30.0,1.413267e-06,0.0,0.0
208.295024816794,30.0,1.368942e-06,0.0,0.0
208.29458187982212,30.0,1.285269e-06,0.0,0.0
208.2941666096356,30.0,1.384818e-06,0.0,0.0
208.29373954988,30.0,1.336055e-06,0.0,0.0
208.29333176246783,30.0,1.281893e-06,0.0,0.0
208.2928991133317,30.0,1.31072e-06,0.0,0.0
208.29246399274376,30.0,1.351364e-06,0.0,0.0
208.2920627762312,30.0,1.358785e-06,0.0,0.0
208.29166165552527,30.0,1.32485e-06,0.0,0.0
208.29121542152328,30.0,1.341788e-06,0.0,0.0
208.2908160636595,30.0,1.320892e-06,0.0,0.0
208.29039315659924,30.0,1.306689e-06,0.0,0.0
208.2899579537493,30.0,1.321649e-06,0.0,0.0
208.28957162500328,30.0,1.334847e-06,0.0,0.0
208.2891562728168,30.0,1.354318e-06,0.0,0.0
208.28874811085024,30.0,1.389577e-06,0.0,0.0
208.28831128972664,30.0,1.4135e-06,0.0,0.0
208.28789547151595,30.0,1.412613e-06,0.0,0.0
208.28749410973325,30.0,1.445413e-06,0.0,0.0
208.28706514959543,30.0,1.438602e-06,0.0,0.0
208.28667776965176,30.0,1.437045e-06,0.0,0.0
208.2862487951353,30.0,1.432883e-06,0.0,0.0
208.2858058871188,30.0,1.437511e-06,0.0,0.0
208.28539136947225,30.0,1.45458e-06,0.0,0.0
208.28498827862973,30.0,1.494962e-06,0.0,0.0
208.2845595165478,30.0,1.424545e-06,0.0,0.0
208.28417194012744,30.0,1.427354e-06,0.0,0.0
208.283744161989,30.0,1.440611e-06,0.0,0.0
208.28330093476893,30.0,1.457622e-06,0.0,0.0
208.282871689248,30.0,1.444743e-06,0.0,0.0
208.28248289394864,30.0,1.431821e-06,0.0,0.0
208.2820397597076,30.0,1.423803e-06,0.0,0.0
208.2816182674515,30.0,1.481021e-06,0.0,0.0
208.28119430525228,30.0,1.417007e-06,0.0,0.0
208.28076275730643,30.0,1.46142e-06,0.0,0.0
208.28035442316897,30.0,1.403838e-06,0.0,0.0
208.27992376891703,30.0,1.399283e-06,0.0,0.0
208.27950517617631,30.0,1.387569e-06,0.0,0.0
208.27912133929271,30.0,1.362627e-06,0.0,0.0
208.27868869076428,30.0,1.35701e-06,0.0,0.0
208.278289792439,30.0,1.341483e-06,0.0,0.0
208.27784984207767,30.0,1.369001e-06,0.0,0.0
208.27746476208287,30.0,1.414111e-06,0.0,0.0
208.2770277723372,30.0,1.408058e-06,0.0,0.0
208.2766122823477,30.0,1.423585e-06,0.0,0.0
208.2762245930446,30.0,1.436507e-06,0.0,0.0
208.27578515831064,30.0,1.402615e-06,0.0,0.0
208.27534528635607,30.0,1.408771e-06,0.0,0.0
208.27495988105508,30.0,1.44307e-06,0.0,0.0
208.27452194557668,30.0,1.403285e-06,0.0,0.0
208.2741060944321,30.0,1.396387e-06,0.0,0.0
208.27369050126484,30.0,1.38332e-06,0.0,0.0
208.2732791629641,30.0,1.432229e-06,0.0,0.0
208.27283980645765,30.0,1.339708e-06,0.0,0.0
208.27240906605164,30.0,1.386492e-06,0.0,0.0
208.27200738025627,30.0,1.400665e-06,0.0,0.0
208.2715996274873,30.0,1.369859e-06,0.0,0.0
208.27118436215173,30.0,1.352819e-06,0.0,0.0
208.27074573591665,30.0,1.418855e-06,0.0,0.0
208.27033508670684,30.0,1.416643e-06,0.0,0.0
208.26990445669907,30.0,1.349355e-06,0.0,0.0
208.2695023099575,30.0,1.325607e-06,0.0,0.0
208.26909438305887,30.0,1.319291e-06,0.0,0.0
208.26867969973875,30.0,1.398337e-06,0.0,0.0
208.2682647469207,30.0,1.37047e-06,0.0,0.0
208.26783050319585,30.0,1.393346e-06,0.0,0.0
208.267402880904,30.0,1.457738e-06,0.0,0.0
208.26700329878756,30.0,1.425025e-06,0.0,0.0
208.26658800310489,30.0,1.425942e-06,0.0,0.0
208.26617383494496,30.0,1.423701e-06,0.0,0.0
208.26576687938413,30.0,1.434644e-06,0.0,0.0
208.26533136749703,30.0,1.420558e-06,0.0,0.0
208.26493983044887,30.0,1.440916e-06,0.0,0.0
208.26449716626928,30.0,1.396998e-06,0.0,0.0
208.26408212056816,30.0,1.423032e-06,0.0,0.0
208.26369292557035,30.0,1.420864e-06,0.0,0.0
208.2632624968612,30.0,1.391061e-06,0.0,0.0
208.2628267133276,30.0,1.369888e-06,0.0,0.0
208.262384984885,30.0,1.42194e-06,0.0,0.0
208.261961141956,30.0,1.379216e-06,0.0,0.0
208.26157653456127,30.0,1.392735e-06,0.0,0.0
208.2611337365584,30.0,1.487395e-06,0.0,0.0
208.260712977764,30.0,1.437103e-06,0.0,0.0
208.26027973525265,30.0,1.40295e-06,0.0,0.0
208.2598838565724,30.0,1.416731e-06,0.0,0.0
208.25944554659708,30.0,1.410794e-06,0.0,0.0
208.2590459245998,30.0,1.373017e-06,0.0,0.0
208.25864248011376,30.0,1.388529e-06,0.0,0.0
208.2582376617891,30.0,1.449866e-06,0.0,0.0
208.25779882373487,30.0,1.413078e-06,0.0,0.0
208.2573831735734,30.0,1.450491e-06,0.0,0.0
208.25696673724056,30.0,1.484193e-06,0.0,0.0
208.25655149900635,30.0,1.452892e-06,0.0,0.0
208.2561639202763,30.0,1.443565e-06,0.0,0.0
208.25573739509124,30.0,1.505919e-06,0.0,0.0
208.25529371748456,30.0,1.485198e-06,0.0,0.0
208.2548947511,30.0,1.507346e-06,0.0,0.0
208.25445971815284,30.0,1.475099e-06,0.0,0.0
208.2540455403501,30.0,1.42357e-06,0.0,0.0
208.25361808494287,30.0,1.474647e-06,0.0,0.0
208.25321255108227,30.0,1.481894e-06,0.0,0.0
208.2527888141745,30.0,1.440218e-06,0.0,0.0
208.2523489053667,30.0,1.445573e-06,0.0,0.0
208.25191901819133,30.0,1.471053e-06,0.0,0.0
208.25153007775128,30.0,1.442255e-06,0.0,0.0
208.25109676001188,30.0,1.408887e-06,0.0,0.0
208.25068155465664,30.0,1.421446e-06,0.0,0.0
208.2502741246912,30.0,1.386565e-06,0.0,0.0
208.2498433636636,30.0,1.384586e-06,0.0,0.0
208.2494354105192,30.0,1.375971e-06,0.0,0.0
208.2490200472688,30.0,1.406544e-06,0.0,0.0
208.24860883401644,30.0,1.449851e-06,0.0,0.0
208.24820193040267,30.0,1.460648e-06,0.0,0.0
208.247769871488,30.0,1.406093e-06,0.0,0.0
208.24736174005687,30.0,1.43073e-06,0.0,0.0
208.246931087448,30.0,1.326116e-06,0.0,0.0
208.2465317347273,30.0,1.388471e-06,0.0,0.0
208.2461134298815,30.0,1.387947e-06,0.0,0.0
208.24569610827828,30.0,1.248787e-06,0.0,0.0
208.24526557296008,30.0,1.405118e-06,0.0,0.0
208.2448576724111,30.0,1.447712e-06,0.0,0.0
208.24442654188,30.0,1.441178e-06,0.0,0.0
208.24402622663888,30.0,1.453605e-06,0.0,0.0
208.2436166113834,30.0,1.45362e-06,0.0,0.0
208.24319089113249,30.0,1.478853e-06,0.0,0.0
208.2427601246832,30.0,1.472101e-06,0.0,0.0
208.24235213148003,30.0,1.481181e-06,0.0,0.0
208.2419198575165,30.0,1.55982e-06,0.0,0.0
208.24149583948716,30.0,1.567852e-06,0.0,0.0
208.24105937822577,30.0,1.517445e-06,0.0,0.0
208.2406406687924,30.0,1.575216e-06,0.0,0.0
208.2402374224508,30.0,1.53904e-06,0.0,0.0
208.2398133543927,30.0,1.453445e-06,0.0,0.0
208.2394146121173,30.0,1.520617e-06,0.0,0.0
208.23896866528625,30.0,1.510634e-06,0.0,0.0
208.2385779362722,30.0,1.489039e-06,0.0,0.0
208.23816701027903,30.0,1.473425e-06,0.0,0.0
208.23773190669897,30.0,1.448643e-06,0.0,0.0
208.237342462338,30.0,1.369932e-06,0.0,0.0
208.2369092464516,30.0,1.377804e-06,0.0,0.0
208.2364629755569,30.0,1.271124e-06,0.0,0.0
208.2360861609604,30.0,1.319611e-06,0.0,0.0
208.23565904822047,30.0,1.289241e-06,0.0,0.0
208.2352241887691,30.0,1.2651e-06,0.0,0.0
208.23482750720703,30.0,1.256878e-06,0.0,0.0
208.234403814364,30.0,1.17968e-06,0.0,0.0
208.23395721782583,30.0,1.292661e-06,0.0,0.0
208.2335697611273,30.0,1.290304e-06,0.0,0.0
208.2331546238368,30.0,1.346096e-06,0.0,0.0
208.2327299259624,30.0,1.28684e-06,0.0,0.0
208.2322879497333,30.0,1.269786e-06,0.0,0.0
208.2318798546493,30.0,1.273598e-06,0.0,0.0
208.23145176950035,30.0,1.283261e-06,0.0,0.0
208.23103655945587,30.0,1.295732e-06,0.0,0.0
208.23061044349893,30.0,1.255758e-06,0.0,0.0
208.23022499613927,30.0,1.384091e-06,0.0,0.0
208.2297876488361,30.0,1.299006e-06,0.0,0.0
208.2293748025852,30.0,1.341148e-06,0.0,0.0
208.2289454052676,30.0,1.283406e-06,0.0,0.0
208.2285454696416,30.0,1.307548e-06,0.0,0.0
208.22814236657808,30.0,1.362147e-06,0.0,0.0
208.22769788641645,30.0,1.350243e-06,0.0,0.0
208.22731145206967,30.0,1.335662e-06,0.0,0.0
208.22686974626487,30.0,1.364926e-06,0.0,0.0
208.226439086322,30.0,1.383843e-06,0.0,0.0
208.2260517619658,30.0,1.346227e-06,0.0,0.0
208.22563668823616,30.0,1.331937e-06,0.0,0.0
208.2252337932868,30.0,1.301116e-06,0.0,0.0
208.2248073708469,30.0,1.310094e-06,0.0,0.0
208.22437382662844,30.0,1.316803e-06,0.0,0.0
208.2239595597136,30.0,1.300519e-06,0.0,0.0
208.22354655040456,30.0,1.29317e-06,0.0,0.0
208.22313114469327,30.0,1.245236e-06,0.0,0.0
208.2226879868616,30.0,1.192035e-06,0.0,0.0
208.2222889384504,30.0,1.183915e-06,0.0,0.0
208.2218651515138,30.0,1.256878e-06,0.0,0.0
208.2214295145328,30.0,1.264067e-06,0.0,0.0
208.2209851130088,30.0,1.259294e-06,0.0,0.0
208.22059104860955,30.0,1.223481e-06,0.0,0.0
208.2201823243261,30.0,1.230204e-06,0.0,0.0
208.219752543111,30.0,1.138469e-06,0.0,0.0
208.21934452656183,30.0,1.195411e-06,0.0,0.0
208.21891254831567,30.0,1.1878e-06,0.0,0.0
208.21851757233657,30.0,1.228167e-06,0.0,0.0
208.21809193152328,30.0,1.244509e-06,0.0,0.0
208.21767784601488,30.0,1.27629e-06,0.0,0.0
208.21727091760013,30.0,1.265827e-06,0.0,0.0
208.2168403537064,30.0,1.260225e-06,0.0,0.0
208.21641178576647,30.0,1.198481e-06,0.0,0.0
208.21602510752416,30.0,1.281704e-06,0.0,0.0
208.2156052358184,30.0,1.263252e-06,0.0,0.0
208.215198061102,30.0,1.277134e-06,0.0,0.0
208.2147661751208,30.0,1.274006e-06,0.0,0.0
208.21433550284223,30.0,1.242719e-06,0.0,0.0
208.21390736454947,30.0,1.245688e-06,0.0,0.0
208.2135099669831,30.0,1.283537e-06,0.0,0.0
208.2130813406039,30.0,1.287292e-06,0.0,0.0
208.212666070971,30.0,1.308072e-06,0.0,0.0
208.2122195955286,30.0,1.329987e-06,0.0,0.0
208.2118314091315,30.0,1.343695e-06,0.0,0.0
208.21139698530985,30.0,1.3276e-06,0.0,0.0
208.2109494076176,30.0,1.297318e-06,0.0,0.0
208.21055606571943,30.0,1.321794e-06,0.0,0.0
208.21016080800027,30.0,1.324384e-06,0.0,0.0
208.20971468908243,30.0,1.336608e-06,0.0,0.0
208.20932697278937,30.0,1.306355e-06,0.0,0.0
208.20889976984537,30.0,1.310094e-06,0.0,0.0
208.20849981782484,30.0,1.279957e-06,0.0,0.0
208.20806981949423,30.0,1.306355e-06,0.0,0.0
208.2076585987984,30.0,1.309585e-06,0.0,0.0
208.20725298289128,30.0,1.300665e-06,0.0,0.0
208.20682224460396,30.0,1.315741e-06,0.0,0.0
208.20641420541503,30.0,1.298875e-06,0.0,0.0
208.20599369747384,30.0,1.311564e-06,0.0,0.0
208.2055643907132,30.0,1.286913e-06,0.0,0.0
208.20514278883087,30.0,1.255976e-06,0.0,0.0
208.20474826010167,30.0,1.250257e-06,0.0,0.0
208.20430554131048,30.0,1.250926e-06,0.0,0.0
208.2039094763912,30.0,1.280816e-06,0.0,0.0
208.2034880955852,30.0,1.267501e-06,0.0,0.0
208.20304507657315,30.0,1.259934e-06,0.0,0.0
208.20264026865303,30.0,1.258028e-06,0.0,0.0
208.2022465319187,30.0,1.261331e-06,0.0,0.0
208.20180101553308,30.0,1.248074e-06,0.0,0.0
208.20137704156843,30.0,1.257344e-06,0.0,0.0
208.20092922579528,30.0,1.246051e-06,0.0,0.0
208.2005119848398,30.0,1.249457e-06,0.0,0.0
208.20012410460805,30.0,1.214881e-06,0.0,0.0
208.1997048193631,30.0,1.201217e-06,0.0,0.0
208.1992778173852,30.0,1.181994e-06,0.0,0.0
208.198872290662,30.0,1.18716e-06,0.0,0.0
208.19842578932696,30.0,1.170323e-06,0.0,0.0
208.1980345057221,30.0,1.167413e-06,0.0,0.0
208.19761934545784,30.0,1.167369e-06,0.0,0.0
208.1972204952452,30.0,1.128516e-06,0.0,0.0
208.1967858099758,30.0,1.173234e-06,0.0,0.0
208.19636727039185,30.0,1.183784e-06,0.0,0.0
208.19596581621116,30.0,1.172899e-06,0.0,0.0
208.1955290085852,30.0,1.197302e-06,0.0,0.0
208.195127038626,30.0,1.182721e-06,0.0,0.0
208.19472240015503,30.0,1.206936e-06,0.0,0.0
208.1942885096072,30.0,1.202643e-06,0.0,0.0
208.19384684094788,30.0,1.220993e-06,0.0,0.0
208.1934178020352,30.0,1.256456e-06,0.0,0.0
208.1930233217429,30.0,1.27012e-06,0.0,0.0
208.1926076629971,30.0,1.261258e-06,0.0,0.0
208.19219132172023,30.0,1.271721e-06,0.0,0.0
208.1917426398954,30.0,1.257169e-06,0.0,0.0
208.19134822450303,30.0,1.246328e-06,0.0,0.0
208.19091046262216,30.0,1.233042e-06,0.0,0.0
208.1905091373613,30.0,1.215609e-06,0.0,0.0
208.19010169340504,30.0,1.230917e-06,0.0,0.0
208.18966402813007,30.0,1.24803e-06,0.0,0.0
208.18926306368348,30.0,1.231776e-06,0.0,0.0
208.18883937318128,30.0,1.252964e-06,0.0,0.0
208.18842910300768,30.0,1.275417e-06,0.0,0.0
208.18801202291465,30.0,1.283319e-06,0.0,0.0
208.18760590723048,30.0,1.283406e-06,0.0,0.0
208.1872051233981,30.0,1.292879e-06,0.0,0.0
208.1867581673262,30.0,1.297769e-06,0.0,0.0
208.18635142141667,30.0,1.305612e-06,0.0,0.0
208.1859352289165,30.0,1.277454e-06,0.0,0.0
208.18550536569208,30.0,1.262451e-06,0.0,0.0
208.18508471069103,30.0,1.245047e-06,0.0,0.0
208.18469942251323,30.0,1.26331e-06,0.0,0.0
208.18425167121012,30.0,1.275228e-06,0.0,0.0
208.18383789503636,30.0,1.288194e-06,0.0,0.0
208.18342894764348,30.0,1.241642e-06,0.0,0.0
208.1829955912632,30.0,1.255728e-06,0.0,0.0
208.18256926596388,30.0,1.278124e-06,0.0,0.0
208.18214934467912,30.0,1.230073e-06,0.0,0.0
208.1817470369241,30.0,1.224456e-06,0.0,0.0
208.1813107187187,30.0,1.268258e-06,0.0,0.0
208.1808800405582,30.0,1.268621e-06,0.0,0.0
208.18045200806404,30.0,1.230044e-06,0.0,0.0
208.18005304689336,30.0,1.188033e-06,0.0,0.0
208.17963512726527,30.0,1.169741e-06,0.0,0.0
208.17921397429896,30.0,1.147433e-06,0.0,0.0
208.17880602657627,30.0,1.155655e-06,0.0,0.0
208.17837511961656,30.0,1.14023e-06,0.0,0.0
208.1779696433431,30.0,1.134627e-06,0.0,0.0
208.17756465197627,30.0,1.168373e-06,0.0,0.0
208.17713950009016,30.0,1.136897e-06,0.0,0.0
208.176735707566,30.0,1.132605e-06,0.0,0.0
208.17630065193052,30.0,1.150489e-06,0.0,0.0
208.1759129722756,30.0,1.136548e-06,0.0,0.0
208.1754671987537,30.0,1.125605e-06,0.0,0.0
208.17506548958536,30.0,1.129403e-06,0.0,0.0
208.1746545182972,30.0,1.111446e-06,0.0,0.0
208.17423077542543,30.0,1.096254e-06,0.0,0.0
208.17379594067145,30.0,1.10353e-06,0.0,0.0
208.173365490234,30.0,1.048073e-06,0.0,0.0
208.17295954681023,30.0,9.567157e-07,0.0,0.0
208.172546451838,30.0,8.769421e-07,0.0,0.0
208.17210819037768,30.0,8.785136999999999e-07,0.0,0.0
208.17169987308984,30.0,9.186915e-07,0.0,0.0
208.1712914708304,30.0,9.182113e-07,0.0,0.0
208.1708603351153,30.0,9.163632e-07,0.0,0.0
208.1704298962516,30.0,9.306241e-07,0.0,0.0
208.1700393210321,30.0,9.749929e-07,0.0,0.0
208.1696051456709,30.0,1.007298e-06,0.0,0.0
208.16921505664905,30.0,1.03857e-06,0.0,0.0
208.16878589343676,30.0,1.067441e-06,0.0,0.0
208.16836207989223,30.0,1.072156e-06,0.0,0.0
208.1679494480712,30.0,1.045977e-06,0.0,0.0
208.16753417181167,30.0,1.047796e-06,0.0,0.0
208.16714668069287,30.0,1.083099e-06,0.0,0.0
208.1667022750076,30.0,1.049775e-06,0.0,0.0
208.1662817584064,30.0,1.108914e-06,0.0,0.0
208.165873581237,30.0,1.094624e-06,0.0,0.0
208.1654435511824,30.0,1.080407e-06,0.0,0.0
208.16503450653883,30.0,1.070701e-06,0.0,0.0
208.16462071701,30.0,1.058244e-06,0.0,0.0
208.1641969684002,30.0,1.051565e-06,0.0,0.0
208.16378648397304,30.0,1.065899e-06,0.0,0.0
208.163362815891,30.0,1.065739e-06,0.0,0.0
208.16293881869365,30.0,1.065346e-06,0.0,0.0
208.16249592215007,30.0,1.050706e-06,0.0,0.0
208.16209133891408,30.0,1.058492e-06,0.0,0.0
208.1616919058953,30.0,1.058957e-06,0.0,0.0
208.16126122658423,30.0,1.04752e-06,0.0,0.0
208.1608192347184,30.0,1.022141e-06,0.0,0.0
208.16041128642723,30.0,1.050779e-06,0.0,0.0
208.159989907532,30.0,1.04116e-06,0.0,0.0
208.15957436658783,30.0,1.0074e-06,0.0,0.0
208.15918715340683,30.0,9.889627e-07,0.0,0.0
208.1587379443121,30.0,9.553914e-07,0.0,0.0
208.15833059928167,30.0,9.782816e-07,0.0,0.0
208.15790633826856,30.0,9.71937e-07,0.0,0.0
208.15750448496624,30.0,9.741052e-07,0.0,0.0
208.1570963803668,30.0,1.021966e-06,0.0,0.0
208.156681110734,30.0,1.059452e-06,0.0,0.0
208.15626667228,30.0,1.09135e-06,0.0,0.0
208.1558429670252,30.0,1.140143e-06,0.0,0.0
208.15540952048715,30.0,1.17383e-06,0.0,0.0
208.15500366559328,30.0,1.201857e-06,0.0,0.0
208.15458679116057,30.0,1.179826e-06,0.0,0.0
208.15416005414968,30.0,1.123801e-06,0.0,0.0
208.1537345923525,30.0,1.156906e-06,0.0,0.0
208.15334056314177,30.0,1.13844e-06,0.0,0.0
208.15289574511803,30.0,1.127511e-06,0.0,0.0
208.15247119637652,30.0,1.16165e-06,0.0,0.0
208.15205620816155,30.0,1.133842e-06,0.0,0.0
208.15162689711656,30.0,1.113949e-06,0.0,0.0
208.15122209892647,30.0,1.119071e-06,0.0,0.0
208.15078827801304,30.0,1.045482e-06,0.0,0.0
208.1503993696,30.0,1.12351e-06,0.0,0.0
208.1499518066917,30.0,1.130611e-06,0.0,0.0
208.14955112746247,30.0,1.13211e-06,0.0,0.0
208.14914821212656,30.0,1.150096e-06,0.0,0.0
208.14874220694,30.0,1.163688e-06,0.0,0.0
208.1483165049177,30.0,1.068969e-06,0.0,0.0
208.14788041210568,30.0,1.117602e-06,0.0,0.0
208.14747788170675,30.0,1.151158e-06,0.0,0.0
208.14705792695864,30.0,1.118024e-06,0.0,0.0
208.14663903214432,30.0,1.095963e-06,0.0,0.0
208.14623544777544,30.0,1.115346e-06,0.0,0.0
208.14580018292344,30.0,1.105698e-06,0.0,0.0
208.1453751713548,30.0,1.091845e-06,0.0,0.0
208.14496718724763,30.0,1.064123e-06,0.0,0.0
208.14455164046385,30.0,1.059176e-06,0.0,0.0
208.1441638774076,30.0,1.070337e-06,0.0,0.0
208.14371749085475,30.0,1.074281e-06,0.0,0.0
208.1432939981264,30.0,1.046006e-06,0.0,0.0
208.1428955059944,30.0,1.062363e-06,0.0,0.0
208.1424477980768,30.0,1.055028e-06,0.0,0.0
208.142032250779,30.0,1.05612e-06,0.0,0.0
208.141616418644,30.0,1.036082e-06,0.0,0.0
208.14119843991628,30.0,1.065215e-06,0.0,0.0
208.1407505462864,30.0,1.048524e-06,0.0,0.0
208.14035180401103,30.0,1.030028e-06,0.0,0.0
208.1399064195472,30.0,1.096036e-06,0.0,0.0
208.1395043154916,30.0,1.130436e-06,0.0,0.0
208.1391130237908,30.0,1.113687e-06,0.0,0.0
208.13870683371687,30.0,1.092078e-06,0.0,0.0
208.13827417317728,30.0,1.114546e-06,0.0,0.0
208.13785154308377,30.0,1.119552e-06,0.0,0.0
208.1374357811339,30.0,1.102642e-06,0.0,0.0
208.13703746159928,30.0,1.108216e-06,0.0,0.0
208.1366330251443,30.0,1.083899e-06,0.0,0.0
208.13618922900497,30.0,1.12495e-06,0.0,0.0
208.13579436128745,30.0,1.136883e-06,0.0,0.0
208.1353669940013,30.0,1.169275e-06,0.0,0.0
208.13492022829976,30.0,1.103312e-06,0.0,0.0
208.13453455858476,30.0,1.102453e-06,0.0,0.0
208.1341127969996,30.0,1.056265e-06,0.0,0.0
208.13369547531988,30.0,1.091539e-06,0.0,0.0
208.13326457225605,30.0,1.070279e-06,0.0,0.0
208.132823538916,30.0,1.098626e-06,0.0,0.0
208.132424799886,30.0,1.090899e-06,0.0,0.0
208.1320013071576,30.0,1.112247e-06,0.0,0.0
208.1315653521204,30.0,1.10417e-06,0.0,0.0
208.13117757982607,30.0,1.098771e-06,0.0,0.0
208.13074870804493,30.0,1.081542e-06,0.0,0.0
208.13031803255663,30.0,1.108361e-06,0.0,0.0
208.12990986225367,30.0,1.099921e-06,0.0,0.0
208.12948872278048,30.0,1.060354e-06,0.0,0.0
208.1290846079616,30.0,1.050794e-06,0.0,0.0
208.12868596865533,30.0,9.962969e-07,0.0,0.0
208.1282373783253,30.0,1.00999e-06,0.0,0.0
208.12783427790305,30.0,1.017441e-06,0.0,0.0
208.1274146376164,30.0,1.000546e-06,0.0,0.0
208.1270087732632,30.0,9.728974e-07,0.0,0.0
208.12660878667745,30.0,9.363721e-07,0.0,0.0
208.1261660170377,30.0,9.355863e-07,0.0,0.0
208.1257392525831,30.0,9.739742e-07,0.0,0.0
208.12534542958224,30.0,9.683718e-07,0.0,0.0
208.12490062395045,30.0,9.979703e-07,0.0,0.0
208.12447660913696,30.0,1.030508e-06,0.0,0.0
208.1240891190548,30.0,1.045279e-06,0.0,0.0
208.1236741214424,30.0,1.064094e-06,0.0,0.0
208.12324542976447,30.0,1.051842e-06,0.0,0.0
208.12283748078548,30.0,1.081513e-06,0.0,0.0
208.1224034856104,30.0,1.055683e-06,0.0,0.0
208.12195638617476,30.0,1.055494e-06,0.0,0.0
208.1215411170424,30.0,1.038163e-06,0.0,0.0
208.12112584078292,30.0,1.042237e-06,0.0,0.0
208.1207254327592,30.0,1.00951e-06,0.0,0.0
208.12029820420017,30.0,1.043416e-06,0.0,0.0
208.1198602839137,30.0,1.099193e-06,0.0,0.0
208.1194591285849,30.0,1.116787e-06,0.0,0.0
208.11903705071137,30.0,1.166714e-06,0.0,0.0
208.11866034049936,30.0,1.112698e-06,0.0,0.0
208.11821456318944,30.0,1.140346e-06,0.0,0.0
208.11780415512348,30.0,1.106921e-06,0.0,0.0
208.1173918327735,30.0,1.105596e-06,0.0,0.0
208.11694370493967,30.0,1.113687e-06,0.0,0.0
208.1165440954332,30.0,1.112407e-06,0.0,0.0
208.11614067287667,30.0,1.084642e-06,0.0,0.0
208.11571828419287,30.0,1.070119e-06,0.0,0.0
208.11531033647023,30.0,1.117325e-06,0.0,0.0
208.1148796568147,30.0,1.129229e-06,0.0,0.0
208.11445153789327,30.0,1.115593e-06,0.0,0.0
208.11404081036844,30.0,1.089182e-06,0.0,0.0
208.11364822230703,30.0,1.08208e-06,0.0,0.0
208.11320316158543,30.0,1.061344e-06,0.0,0.0
208.1127710604884,30.0,1.086402e-06,0.0,0.0
208.11234805785145,30.0,1.118082e-06,0.0,0.0
208.11193152946447,30.0,1.119828e-06,0.0,0.0
208.1115143771352,30.0,1.108914e-06,0.0,0.0
208.11109882956447,30.0,1.1191e-06,0.0,0.0
208.11070516564516,30.0,1.115972e-06,0.0,0.0
208.110276101198,30.0,1.126042e-06,0.0,0.0
208.109836218061,30.0,1.110297e-06,0.0,0.0
208.1094377108068,30.0,1.124834e-06,0.0,0.0
208.1090142350312,30.0,1.155175e-06,0.0,0.0
208.1085993095812,30.0,1.140696e-06,0.0,0.0
208.10819149791024,30.0,1.123219e-06,0.0,0.0
208.107760691792,30.0,1.131935e-06,0.0,0.0
208.10736901709336,30.0,1.100139e-06,0.0,0.0
208.1069218360965,30.0,1.142544e-06,0.0,0.0
208.1065212788749,30.0,1.130597e-06,0.0,0.0
208.10611504472075,30.0,1.130669e-06,0.0,0.0
208.10569777060783,30.0,1.167209e-06,0.0,0.0
208.1052898228852,30.0,1.154447e-06,0.0,0.0
208.10485106180636,30.0,1.169363e-06,0.0,0.0
208.10440551674043,30.0,1.18147e-06,0.0,0.0
208.1040198456141,30.0,1.223365e-06,0.0,0.0
208.10359509916023,30.0,1.245717e-06,0.0,0.0
208.1031803462789,30.0,1.216322e-06,0.0,0.0
208.10277327460616,30.0,1.205291e-06,0.0,0.0
208.1023426009781,30.0,1.187349e-06,0.0,0.0
208.10190936797773,30.0,1.198947e-06,0.0,0.0
208.1014858752494,30.0,1.212407e-06,0.0,0.0
208.1010482059648,30.0,1.197754e-06,0.0,0.0
208.10063814414903,30.0,1.237669e-06,0.0,0.0
208.10023445166527,30.0,1.21264e-06,0.0,0.0
208.09980355419617,30.0,1.217923e-06,0.0,0.0
208.0993956064735,30.0,1.224005e-06,0.0,0.0
208.09897130485916,30.0,1.217617e-06,0.0,0.0
208.09856867576656,30.0,1.230277e-06,0.0,0.0
208.098168260053,30.0,1.279797e-06,0.0,0.0
208.09775724737247,30.0,1.301538e-06,0.0,0.0
208.09733268528936,30.0,1.282955e-06,0.0,0.0
208.09689821651708,30.0,1.295237e-06,0.0,0.0
208.09647446856337,30.0,1.310444e-06,0.0,0.0
208.09607597554947,30.0,1.320979e-06,0.0,0.0
208.0956554388675,30.0,1.292006e-06,0.0,0.0
208.09525324465457,30.0,1.314475e-06,0.0,0.0
208.09482925062548,30.0,1.33623e-06,0.0,0.0
208.09438569078483,30.0,1.342327e-06,0.0,0.0
208.0939591856257,30.0,1.317356e-06,0.0,0.0
208.09357141656903,30.0,1.33604e-06,0.0,0.0
208.0931558689983,30.0,1.332359e-06,0.0,0.0
208.0927100439885,30.0,1.327455e-06,0.0,0.0
208.09228654583407,30.0,1.285167e-06,0.0,0.0
208.09188755341532,30.0,1.25925e-06,0.0,0.0
208.0914389555008,30.0,1.254753e-06,0.0,0.0
208.09102397043236,30.0,1.260341e-06,0.0,0.0
208.0906362000159,30.0,1.290697e-06,0.0,0.0
208.090214620288,30.0,1.305772e-06,0.0,0.0
208.0897834933345,30.0,1.262597e-06,0.0,0.0
208.08937532029103,30.0,1.309993e-06,0.0,0.0
208.0889462325788,30.0,1.228196e-06,0.0,0.0
208.08854636688136,30.0,1.207372e-06,0.0,0.0
208.08814291595144,30.0,1.217923e-06,0.0,0.0
208.08769863099448,30.0,1.199005e-06,0.0,0.0
208.08731240181996,30.0,1.217384e-06,0.0,0.0
208.08687640195467,30.0,1.160181e-06,0.0,0.0
208.0864524033313,30.0,1.171473e-06,0.0,0.0
208.0860431004077,30.0,1.21734e-06,0.0,0.0
208.0856296736492,30.0,1.191191e-06,0.0,0.0
208.0852056806341,30.0,1.195294e-06,0.0,0.0
208.08480718539337,30.0,1.197972e-06,0.0,0.0
208.0843656281419,30.0,1.197113e-06,0.0,0.0
208.0839351684778,30.0,1.213761e-06,0.0,0.0
208.08354690016432,30.0,1.197695e-06,0.0,0.0
208.08313135408184,30.0,1.224107e-06,0.0,0.0
208.0827106639652,30.0,1.247216e-06,0.0,0.0
208.0822639826661,30.0,1.270848e-06,0.0,0.0
208.0818649884229,30.0,1.289183e-06,0.0,0.0
208.0814412514256,30.0,1.236956e-06,0.0,0.0
208.08099862021416,30.0,1.258377e-06,0.0,0.0
208.0805836285191,30.0,1.265813e-06,0.0,0.0
208.08017026749044,30.0,1.284803e-06,0.0,0.0
208.07976389144156,30.0,1.26558e-06,0.0,0.0
208.0793334433558,30.0,1.271226e-06,0.0,0.0
208.07892526849585,30.0,1.291264e-06,0.0,0.0
208.07850700904336,30.0,1.307082e-06,0.0,0.0
208.0780861934392,30.0,1.257882e-06,0.0,0.0
208.07770119766,30.0,1.229811e-06,0.0,0.0
208.07725357823472,30.0,1.207547e-06,0.0,0.0
208.07685483753568,30.0,1.192559e-06,0.0,0.0
208.0764306116116,30.0,1.194887e-06,0.0,0.0
208.07602327259195,30.0,1.180641e-06,0.0,0.0
208.0755987319241,30.0,1.154374e-06,0.0,0.0
208.07518318435336,30.0,1.171895e-06,0.0,0.0
208.07476823084923,30.0,1.180713e-06,0.0,0.0
208.0743448944307,30.0,1.134933e-06,0.0,0.0
208.0739118870264,30.0,1.170614e-06,0.0,0.0
208.07348789877287,30.0,1.164561e-06,0.0,0.0
208.07307514293464,30.0,1.185923e-06,0.0,0.0
208.07266491454132,30.0,1.194741e-06,0.0,0.0
208.07224117166965,30.0,1.201348e-06,0.0,0.0
208.07180561683285,30.0,1.198612e-06,0.0,0.0
208.0713974417076,30.0,1.250446e-06,0.0,0.0
208.070973269996,30.0,1.142107e-06,0.0,0.0
208.070557725612,30.0,1.109482e-06,0.0,0.0
208.07012769232796,30.0,1.094842e-06,0.0,0.0
208.06974246824612,30.0,1.064647e-06,0.0,0.0
208.06932206011768,30.0,1.048698e-06,0.0,0.0
208.06890023527896,30.0,1.056207e-06,0.0,0.0
208.06847624226384,30.0,1.057473e-06,0.0,0.0
208.06806454503825,30.0,1.140084e-06,0.0,0.0
208.06764945193257,30.0,1.126173e-06,0.0,0.0
208.0672252396196,30.0,1.117762e-06,0.0,0.0
208.06681683709172,30.0,1.12351e-06,0.0,0.0
208.0663861670252,30.0,1.149747e-06,0.0,0.0
208.0659822864345,30.0,1.125241e-06,0.0,0.0
208.06557199201683,30.0,1.127875e-06,0.0,0.0
208.0651567281949,30.0,1.119537e-06,0.0,0.0
208.06474859334605,30.0,1.12514e-06,0.0,0.0
208.06431232043937,30.0,1.13697e-06,0.0,0.0
208.06388807249616,30.0,1.132241e-06,0.0,0.0
208.06348462263017,30.0,1.11571e-06,0.0,0.0
208.0630520464564,30.0,1.075445e-06,0.0,0.0
208.06263677682347,30.0,1.065491e-06,0.0,0.0
208.0622155513335,30.0,1.096167e-06,0.0,0.0
208.0617695131532,30.0,1.020075e-06,0.0,0.0
208.06137062064693,30.0,1.045904e-06,0.0,0.0
208.06094688351524,30.0,1.016961e-06,0.0,0.0
208.06050432238183,30.0,1.014239e-06,0.0,0.0
208.06009889770888,30.0,9.909418e-07,0.0,0.0
208.05969854492727,30.0,1.014327e-06,0.0,0.0
208.0592676489568,30.0,9.879586e-07,0.0,0.0
208.0588600616217,30.0,9.444921e-07,0.0,0.0
208.05842947881283,30.0,9.642099e-07,0.0,0.0
208.05802968802092,30.0,9.180221e-07,0.0,0.0
208.05762465759005,30.0,9.032519e-07,0.0,0.0
208.05722454115457,30.0,8.96398e-07,0.0,0.0
208.05678295963736,30.0,9.113137e-07,0.0,0.0
208.0563595305664,30.0,8.656789e-07,0.0,0.0
208.05595863045008,30.0,8.745847e-07,0.0,0.0
208.0555205309116,30.0,8.764036e-07,0.0,0.0
208.05511349131083,30.0,8.692732e-07,0.0,0.0
208.05471204439417,30.0,8.950883e-07,0.0,0.0
208.0542813689059,30.0,9.226496000000002e-07,0.0,0.0
208.05385069883928,30.0,9.59335e-07,0.0,0.0
208.0534208494416,30.0,9.589421e-07,0.0,0.0
208.05302780798948,30.0,9.317446e-07,0.0,0.0
208.0525947861717,30.0,8.936331000000001e-07,0.0,0.0
208.05216894096057,30.0,8.675415e-07,0.0,0.0
208.05174141251368,30.0,8.411588999999999e-07,0.0,0.0
208.0513336921936,30.0,8.334027000000001e-07,0.0,0.0
208.0509030167053,30.0,8.281058e-07,0.0,0.0
208.05050057587488,30.0,8.377538e-07,0.0,0.0
208.0500920369205,30.0,8.647621000000001e-07,0.0,0.0
208.04965599570505,30.0,8.206553000000001e-07,0.0,0.0
208.04927099841208,30.0,7.782364e-07,0.0,0.0
208.0488306049844,30.0,7.955387e-07,0.0,0.0
208.04843161852952,30.0,7.401249999999999e-07,0.0,0.0
208.0480078756578,30.0,7.539346999999999e-07,0.0,0.0
208.04757236929785,30.0,7.345516000000001e-07,0.0,0.0
208.0471848716221,30.0,7.384515e-07,0.0,0.0
208.0467544519932,30.0,7.414928e-07,0.0,0.0
208.0463235491024,30.0,7.732741999999999e-07,0.0,0.0
208.04591537445697,30.0,7.958442000000001e-07,0.0,0.0
208.0454949160087,30.0,8.145435e-07,0.0,0.0
208.04509017588825,30.0,8.561183e-07,0.0,0.0
208.04469062119884,30.0,8.715870000000001e-07,0.0,0.0
208.0442597221634,30.0,8.826319000000001e-07,0.0,0.0
208.04383808409128,30.0,8.745264000000001e-07,0.0,0.0
208.0434194545676,30.0,9.343057e-07,0.0,0.0
208.04299571169588,30.0,9.351934e-07,0.0,0.0
208.04255886037527,30.0,9.431824e-07,0.0,0.0
208.04214359190624,30.0,9.3157e-07,0.0,0.0
208.041720899653,30.0,9.378855e-07,0.0,0.0
208.04131272380343,30.0,8.936622000000001e-07,0.0,0.0
208.04087675315773,30.0,8.405186e-07,0.0,0.0
208.4289375,35.0,2.265006e-05,0.0,0.0
208.4289375,35.0,-1.926295e-06,0.0,0.0
208.4289375,35.0,-9.732612e-07,0.0,0.0
208.4289375,35.0,-3.7295100000000004e-07,0.0,0.0
208.4288190601451,35.0,7.399649e-08,0.0,0.0
208.42863931112976,35.0,4.188914e-07,0.0,0.0
208.4283898628784,35.0,6.846676000000001e-07,0.0,0.0
208.4281343171203,35.0,6.19475e-07,0.0,0.0
208.42783851416056,35.0,5.39847e-07,0.0,0.0
208.42748055989992,35.0,6.825867000000001e-07,0.0,0.0
208.42707265398337,35.0,8.565257e-07,0.0,0.0
208.42665961027788,35.0,8.830102000000001e-07,0.0,0.0
208.4262341082264,35.0,7.729250000000001e-07,0.0,0.0
208.42583997903185,35.0,9.740324e-07,0.0,0.0
208.4253955895188,35.0,9.39137e-07,0.0,0.0
208.4249928311569,35.0,1.023029e-06,0.0,0.0
208.42458390133703,35.0,1.110471e-06,0.0,0.0
208.42416886242592,35.0,1.044507e-06,0.0,0.0
208.42375798431007,35.0,1.074528e-06,0.0,0.0
208.42332333075808,35.0,1.145585e-06,0.0,0.0
208.42289934353556,35.0,1.148379e-06,0.0,0.0
208.422452080627,35.0,1.172506e-06,0.0,0.0
208.42203673595088,35.0,1.214008e-06,0.0,0.0
208.42162808485236,35.0,1.201712e-06,0.0,0.0
208.42122513839527,35.0,1.196662e-06,0.0,0.0
208.42078013634364,35.0,1.156295e-06,0.0,0.0
208.420341160584,35.0,1.117573e-06,0.0,0.0
208.41994497112728,35.0,1.264241e-06,0.0,0.0
208.4195312111505,35.0,1.299777e-06,0.0,0.0
208.41911085274648,35.0,1.243796e-06,0.0,0.0
208.4187097540692,35.0,1.234541e-06,0.0,0.0
208.4182921943588,35.0,1.252352e-06,0.0,0.0
208.41787117773907,35.0,1.226465e-06,0.0,0.0
208.41744090637192,35.0,1.130553e-06,0.0,0.0
208.41705340422584,35.0,1.134904e-06,0.0,0.0
208.4166381140696,35.0,1.109816e-06,0.0,0.0
208.4162346084331,35.0,1.096516e-06,0.0,0.0
208.4157951227428,35.0,1.123582e-06,0.0,0.0
208.41537121977925,35.0,1.052176e-06,0.0,0.0
208.41496915439825,35.0,9.958312000000002e-07,0.0,0.0
208.41453272213016,35.0,1.01469e-06,0.0,0.0
208.414116859422,35.0,1.060776e-06,0.0,0.0
208.4136986663836,35.0,1.08259e-06,0.0,0.0
208.4132908673785,35.0,1.090899e-06,0.0,0.0
208.412860191858,35.0,1.070584e-06,0.0,0.0
208.41242887287063,35.0,1.005144e-06,0.0,0.0
208.41202149178264,35.0,9.360083e-07,0.0,0.0
208.4115970861829,35.0,1.033215e-06,0.0,0.0
208.4111818721376,35.0,9.993528e-07,0.0,0.0
208.41075202207892,35.0,1.036024e-06,0.0,0.0
208.41034410504088,35.0,1.008302e-06,0.0,0.0
208.40991315956745,35.0,9.839714e-07,0.0,0.0
208.4095120895537,35.0,9.459181e-07,0.0,0.0
208.40910495248903,35.0,9.880459000000002e-07,0.0,0.0
208.40866654455485,35.0,9.634969000000002e-07,0.0,0.0
208.40826567757173,35.0,1.050925e-06,0.0,0.0
208.4078417350049,35.0,9.735959e-07,0.0,0.0
208.40744212833235,35.0,1.100329e-06,0.0,0.0
208.40699957786967,35.0,1.071603e-06,0.0,0.0
208.40660273011423,35.0,8.041970000000001e-07,0.0,0.0
208.4061950597305,35.0,9.823998e-07,0.0,0.0
208.4057637653638,35.0,9.476789e-07,0.0,0.0
208.40534166582103,35.0,9.505748e-07,0.0,0.0
208.40492501113303,35.0,9.153446e-07,0.0,0.0
208.40450713766623,35.0,1.031978e-06,0.0,0.0
208.4041198574904,35.0,1.042747e-06,0.0,0.0
208.4036769271451,35.0,8.585339e-07,0.0,0.0
208.40324828773703,35.0,1.033579e-06,0.0,0.0
208.4028554742944,35.0,1.070104e-06,0.0,0.0
208.4024092552015,35.0,1.021457e-06,0.0,0.0
208.4019876531928,35.0,9.596406e-07,0.0,0.0
208.40155876981044,35.0,1.023844e-06,0.0,0.0
208.40113959265807,35.0,1.003922e-06,0.0,0.0
208.40073578918853,35.0,9.661162e-07,0.0,0.0
208.4003007474664,35.0,9.100186000000002e-07,0.0,0.0
208.3998752521049,35.0,9.428622e-07,0.0,0.0
208.3994667838109,35.0,9.367941e-07,0.0,0.0
208.39905149301083,35.0,9.945798000000002e-07,0.0,0.0
208.39866411306716,35.0,1.035252e-06,0.0,0.0
208.39821763330508,35.0,1.036591e-06,0.0,0.0
208.39782983307904,35.0,1.003384e-06,0.0,0.0
208.39739552337304,35.0,9.961805e-07,0.0,0.0
208.39699139179007,35.0,1.049222e-06,0.0,0.0
208.3965729441325,35.0,9.274518e-07,0.0,0.0
208.3961451124952,35.0,9.996729000000003e-07,0.0,0.0
208.39573998253127,35.0,1.088178e-06,0.0,0.0
208.3953140798241,35.0,1.040346e-06,0.0,0.0
208.39488795660407,35.0,1.033288e-06,0.0,0.0
208.39448417293252,35.0,1.082066e-06,0.0,0.0
208.39406861873533,35.0,1.066248e-06,0.0,0.0
208.3936255772149,35.0,1.0761e-06,0.0,0.0
208.39320602421745,35.0,1.063032e-06,0.0,0.0
208.39280885925035,35.0,1.095454e-06,0.0,0.0
208.39236708417,35.0,1.051638e-06,0.0,0.0
208.39194910118223,35.0,1.080334e-06,0.0,0.0
208.39153964828503,35.0,1.060238e-06,0.0,0.0
208.3911194922076,35.0,1.101624e-06,0.0,0.0
208.39070093702807,35.0,1.05724e-06,0.0,0.0
208.3902843445387,35.0,1.042528e-06,0.0,0.0
208.38986235958907,35.0,1.034554e-06,0.0,0.0
208.3894321735268,35.0,1.083172e-06,0.0,0.0
208.3890428699389,35.0,1.061635e-06,0.0,0.0
208.3886276586865,35.0,1.011838e-06,0.0,0.0
208.38822670858127,35.0,1.114182e-06,0.0,0.0
208.3877857820021,35.0,1.13307e-06,0.0,0.0
208.38736196824945,35.0,1.127628e-06,0.0,0.0
208.3869607924537,35.0,1.147142e-06,0.0,0.0
208.3865229804932,35.0,1.133332e-06,0.0,0.0
208.38611549188911,35.0,1.153952e-06,0.0,0.0
208.38571406776003,35.0,1.137407e-06,0.0,0.0
208.38528334679123,35.0,1.149747e-06,0.0,0.0
208.3848752585552,35.0,9.904616e-07,0.0,0.0
208.3844462176878,35.0,1.153006e-06,0.0,0.0
208.38402125282576,35.0,1.153516e-06,0.0,0.0
208.38364306355223,35.0,1.183114e-06,0.0,0.0
208.38319849278324,35.0,1.192893e-06,0.0,0.0
208.3827747746636,35.0,1.156412e-06,0.0,0.0
208.38233621262003,35.0,1.172652e-06,0.0,0.0
208.38192817716143,35.0,1.198932e-06,0.0,0.0
208.38151097470063,35.0,1.165638e-06,0.0,0.0
208.3810957540288,35.0,1.219101e-06,0.0,0.0
208.3806526569208,35.0,1.207969e-06,0.0,0.0
208.38024554051356,35.0,1.210807e-06,0.0,0.0
208.37983315587803,35.0,1.242981e-06,0.0,0.0
208.37939338646564,35.0,1.230146e-06,0.0,0.0
208.37899119590287,35.0,1.243898e-06,0.0,0.0
208.37857553053047,35.0,1.239823e-06,0.0,0.0
208.37818743457328,35.0,1.257067e-06,0.0,0.0
208.37775661030187,35.0,1.249398e-06,0.0,0.0
208.37734834378085,35.0,1.291715e-06,0.0,0.0
208.37691768797427,35.0,1.345703e-06,0.0,0.0
208.37649782709727,35.0,1.313005e-06,0.0,0.0
208.37611053053493,35.0,1.29269e-06,0.0,0.0
208.3756695092113,35.0,1.259963e-06,0.0,0.0
208.37527766004928,35.0,1.325709e-06,0.0,0.0
208.3748467238921,35.0,1.27875e-06,0.0,0.0
208.3744015504504,35.0,1.258144e-06,0.0,0.0
208.3739783474045,35.0,1.181499e-06,0.0,0.0
208.37357570135555,35.0,1.167704e-06,0.0,0.0
208.37317581562965,35.0,1.163527e-06,0.0,0.0
208.37272798548497,35.0,1.178865e-06,0.0,0.0
208.3723042476113,35.0,1.200984e-06,0.0,0.0
208.37190545530729,35.0,1.161563e-06,0.0,0.0
208.371458790957,35.0,1.306194e-06,0.0,0.0
208.3710431638308,35.0,1.246997e-06,0.0,0.0
208.37065539094831,35.0,1.290275e-06,0.0,0.0
208.3702302579727,35.0,1.325781e-06,0.0,0.0
208.36981089320227,35.0,1.248467e-06,0.0,0.0
208.36939141278089,35.0,1.26884e-06,0.0,0.0
208.368965962732,35.0,1.235167e-06,0.0,0.0
208.36857810069503,35.0,1.228516e-06,0.0,0.0
208.3681403628028,35.0,1.205699e-06,0.0,0.0
208.3677162827431,35.0,1.234599e-06,0.0,0.0
208.36731724029568,35.0,1.273118e-06,0.0,0.0
208.3668745238924,35.0,1.223249e-06,0.0,0.0
208.36648943632096,35.0,1.205088e-06,0.0,0.0
208.36605812444105,35.0,1.207023e-06,0.0,0.0
208.36564299495672,35.0,1.235327e-06,0.0,0.0
208.3652385900064,35.0,1.313863e-06,0.0,0.0
208.36481253371448,35.0,1.288427e-06,0.0,0.0
208.3643760967825,35.0,1.280612e-06,0.0,0.0
208.3639738904734,35.0,1.290799e-06,0.0,0.0
208.36356662764928,35.0,1.278342e-06,0.0,0.0
208.3631232722693,35.0,1.307926e-06,0.0,0.0
208.36270421061147,35.0,1.324661e-06,0.0,0.0
208.36230710845896,35.0,1.268752e-06,0.0,0.0
208.36186556079875,35.0,1.306427e-06,0.0,0.0
208.36143466176944,35.0,1.375127e-06,0.0,0.0
208.361019011546,35.0,1.373119e-06,0.0,0.0
208.36059624124167,35.0,1.370587e-06,0.0,0.0
208.36018827497404,35.0,1.245295e-06,0.0,0.0
208.3597643820348,35.0,1.350563e-06,0.0,0.0
208.35936538961604,35.0,1.351902e-06,0.0,0.0
208.3589182691107,35.0,1.353517e-06,0.0,0.0
208.3585329127121,35.0,1.35228e-06,0.0,0.0
208.35811098457071,35.0,1.36673e-06,0.0,0.0
208.35769424402065,35.0,1.349341e-06,0.0,0.0
208.35728621075864,35.0,1.241773e-06,0.0,0.0
208.35685542156904,35.0,1.264954e-06,0.0,0.0
208.356447915224,35.0,1.376728e-06,0.0,0.0
208.3560334994058,35.0,1.374021e-06,0.0,0.0
208.3556078728044,35.0,1.354507e-06,0.0,0.0
208.35522247558848,35.0,1.322565e-06,0.0,0.0
208.354777278484,35.0,1.358247e-06,0.0,0.0
208.3543385741052,35.0,1.381864e-06,0.0,0.0
208.35393080830457,35.0,1.339096e-06,0.0,0.0
208.3535138014448,35.0,1.282431e-06,0.0,0.0
208.35309822844653,35.0,1.323264e-06,0.0,0.0
208.35266096926085,35.0,1.422013e-06,0.0,0.0
208.3522592444096,35.0,1.414301e-06,0.0,0.0
208.3518354533272,35.0,1.414985e-06,0.0,0.0
208.35139532299584,35.0,1.401611e-06,0.0,0.0
208.35099341118377,35.0,1.412438e-06,0.0,0.0
208.350577838726,35.0,1.398235e-06,0.0,0.0
208.3501649345556,35.0,1.443477e-06,0.0,0.0
208.3497591519828,35.0,1.410255e-06,0.0,0.0
208.3493283627932,35.0,1.418433e-06,0.0,0.0
208.34892011982407,35.0,1.391832e-06,0.0,0.0
208.34850038253012,35.0,1.382054e-06,0.0,0.0
208.3480807003272,35.0,1.309614e-06,0.0,0.0
208.34767108367896,35.0,1.43137e-06,0.0,0.0
208.347247540922,35.0,1.35343e-06,0.0,0.0
208.3468489237183,35.0,1.344393e-06,0.0,0.0
208.34640354955167,35.0,1.329434e-06,0.0,0.0
208.34598062375656,35.0,1.309687e-06,0.0,0.0
208.34559293922436,35.0,1.357534e-06,0.0,0.0
208.34517761400383,35.0,1.365115e-06,0.0,0.0
208.3447486036634,35.0,1.355904e-06,0.0,0.0
208.3443404504989,35.0,1.355715e-06,0.0,0.0
208.3439071791377,35.0,1.346169e-06,0.0,0.0
208.34350202863325,35.0,1.294087e-06,0.0,0.0
208.3430844695849,35.0,1.300083e-06,0.0,0.0
208.3426574460932,35.0,1.253633e-06,0.0,0.0
208.34223233048053,35.0,1.256733e-06,0.0,0.0
208.34178779250783,35.0,1.239328e-06,0.0,0.0
208.34136352194247,35.0,1.242865e-06,0.0,0.0
208.3409618724719,35.0,1.191205e-06,0.0,0.0
208.34052362975612,35.0,1.248089e-06,0.0,0.0
208.3401225434328,35.0,1.297405e-06,0.0,0.0
208.3397172509028,35.0,1.270513e-06,0.0,0.0
208.3392836694021,35.0,1.277076e-06,0.0,0.0
208.33889459661927,35.0,1.278022e-06,0.0,0.0
208.33844647557208,35.0,1.262451e-06,0.0,0.0
208.338046916725,35.0,1.297682e-06,0.0,0.0
208.3376434090888,35.0,1.276683e-06,0.0,0.0
208.3372206593426,35.0,1.361434e-06,0.0,0.0
208.3368125751784,35.0,1.361201e-06,0.0,0.0
208.33638204155332,35.0,1.283654e-06,0.0,0.0
208.335977873372,35.0,1.288863e-06,0.0,0.0
208.33556675519276,35.0,1.374938e-06,0.0,0.0
208.3351234357345,35.0,1.289431e-06,0.0,0.0
208.33472393744697,35.0,1.306777e-06,0.0,0.0
208.33430745722413,35.0,1.329492e-06,0.0,0.0
208.33386571711537,35.0,1.320164e-06,0.0,0.0
208.33343485970505,35.0,1.335036e-06,0.0,0.0
208.33303570330787,35.0,1.358363e-06,0.0,0.0
208.33263118017305,35.0,1.320892e-06,0.0,0.0
208.33218812347093,35.0,1.324326e-06,0.0,0.0
208.3317640512752,35.0,1.349908e-06,0.0,0.0
208.33136503201592,35.0,1.366207e-06,0.0,0.0
208.33091831328616,35.0,1.299515e-06,0.0,0.0
208.3304988354137,35.0,1.302949e-06,0.0,0.0
208.33009395945064,35.0,1.288368e-06,0.0,0.0
208.32969448758828,35.0,1.30081e-06,0.0,0.0
208.3292781244488,35.0,1.259235e-06,0.0,0.0
208.32885550580332,35.0,1.245033e-06,0.0,0.0
208.32842584942264,35.0,1.261666e-06,0.0,0.0
208.32803450246888,35.0,1.263572e-06,0.0,0.0
208.32760085304028,35.0,1.262757e-06,0.0,0.0
208.32722040511047,35.0,1.314955e-06,0.0,0.0
208.3267781465656,35.0,1.304215e-06,0.0,0.0
208.32633911856632,35.0,1.328081e-06,0.0,0.0
208.3259534614688,35.0,1.371707e-06,0.0,0.0
208.3255134874916,35.0,1.373512e-06,0.0,0.0
208.32510710222104,35.0,1.378343e-06,0.0,0.0
208.3247066227277,35.0,1.342691e-06,0.0,0.0
208.3242757653173,35.0,1.368244e-06,0.0,0.0
208.3238358045267,35.0,1.374123e-06,0.0,0.0
208.3234371813592,35.0,1.338893e-06,0.0,0.0
208.323013217516,35.0,1.35033e-06,0.0,0.0
208.32257855312383,35.0,1.349137e-06,0.0,0.0
208.32216545842115,35.0,1.323409e-06,0.0,0.0
208.32175932873577,35.0,1.332446e-06,0.0,0.0
208.32132845550603,35.0,1.35733e-06,0.0,0.0
208.3208939296339,35.0,1.319248e-06,0.0,0.0
208.32044587344413,35.0,1.332548e-06,0.0,0.0
208.32007117210412,35.0,1.345237e-06,0.0,0.0
208.3196431471128,35.0,1.314009e-06,0.0,0.0
208.31922071318127,35.0,1.321314e-06,0.0,0.0
208.3188126537446,35.0,1.169217e-06,0.0,0.0
208.31838150342512,35.0,1.169625e-06,0.0,0.0
208.31797716135867,35.0,1.107066e-06,0.0,0.0
208.31757861660057,35.0,1.178414e-06,0.0,0.0
208.31717894011064,35.0,1.202556e-06,0.0,0.0
208.3167495760929,35.0,1.269655e-06,0.0,0.0
208.31632855478685,35.0,1.278764e-06,0.0,0.0
208.31590802891296,35.0,1.30634e-06,0.0,0.0
208.31548418598396,35.0,1.302426e-06,0.0,0.0
208.31507171819496,35.0,1.321401e-06,0.0,0.0
208.3146582168736,35.0,1.314489e-06,0.0,0.0
208.31423266582996,35.0,1.319844e-06,0.0,0.0
208.31380208130264,35.0,1.345921e-06,0.0,0.0
208.31339422454104,35.0,1.346009e-06,0.0,0.0
208.31296933788457,35.0,1.345645e-06,0.0,0.0
208.31254246117712,35.0,1.367182e-06,0.0,0.0
208.3121246984392,35.0,1.387438e-06,0.0,0.0
208.3117197811092,35.0,1.451321e-06,0.0,0.0
208.31128589544008,35.0,1.479304e-06,0.0,0.0
208.3108617621248,35.0,1.387918e-06,0.0,0.0
208.3104487186468,35.0,1.366891e-06,0.0,0.0
208.3100332054964,35.0,1.34483e-06,0.0,0.0
208.30960756077369,35.0,1.301785e-06,0.0,0.0
208.30920084375376,35.0,1.315319e-06,0.0,0.0
208.30880394121564,35.0,1.246139e-06,0.0,0.0
208.30837863941,35.0,1.258522e-06,0.0,0.0
208.30793101739368,35.0,1.307591e-06,0.0,0.0
208.30755603232743,35.0,1.356559e-06,0.0,0.0
208.30712634586,35.0,1.40506e-06,0.0,0.0
208.30672607833625,35.0,1.395863e-06,0.0,0.0
208.30629893579075,35.0,1.408363e-06,0.0,0.0
208.30586814901784,35.0,1.486143e-06,0.0,0.0
208.3054622963785,35.0,1.498556e-06,0.0,0.0
208.30504955299503,35.0,1.486085e-06,0.0,0.0
208.3046344289576,35.0,1.470922e-06,0.0,0.0
208.3042317654057,35.0,1.48447e-06,0.0,0.0
208.30379142497185,35.0,1.491237e-06,0.0,0.0
208.30336720850457,35.0,1.507186e-06,0.0,0.0
208.3029652862905,35.0,1.496883e-06,0.0,0.0
208.3025281343641,35.0,1.544729e-06,0.0,0.0
208.3021130612608,35.0,1.521257e-06,0.0,0.0
208.3016960833714,35.0,1.490786e-06,0.0,0.0
208.3012479981462,35.0,1.536027e-06,0.0,0.0
208.30084304451208,35.0,1.525637e-06,0.0,0.0
208.3004253378988,35.0,1.484572e-06,0.0,0.0
208.29998091057763,35.0,1.481283e-06,0.0,0.0
208.29957787716967,35.0,1.47261e-06,0.0,0.0
208.2991780174836,35.0,1.521737e-06,0.0,0.0
208.29874926670672,35.0,1.537337e-06,0.0,0.0
208.29834111298223,35.0,1.557346e-06,0.0,0.0
208.29791258901685,35.0,1.50947e-06,0.0,0.0
208.29751660542664,35.0,1.519918e-06,0.0,0.0
208.29710147476268,35.0,1.531836e-06,0.0,0.0
208.2966633435344,35.0,1.561013e-06,0.0,0.0
208.29626171447595,35.0,1.559063e-06,0.0,0.0
208.29584688500435,35.0,1.604771e-06,0.0,0.0
208.29543885588424,35.0,1.651948e-06,0.0,0.0
208.2949961024372,35.0,1.571054e-06,0.0,0.0
208.29460006392796,35.0,1.566383e-06,0.0,0.0
208.29419260285107,35.0,1.568944e-06,0.0,0.0
208.29376164537928,35.0,1.576642e-06,0.0,0.0
208.29332037261847,35.0,1.567154e-06,0.0,0.0
208.29289672883152,35.0,1.562017e-06,0.0,0.0
208.29249225995315,35.0,1.54115e-06,0.0,0.0
208.29206118790225,35.0,1.532579e-06,0.0,0.0
208.291645834888,35.0,1.502485e-06,0.0,0.0
208.2912406324748,35.0,1.49566e-06,0.0,0.0
208.290814764576,35.0,1.504421e-06,0.0,0.0
208.29037859778305,35.0,1.53968e-06,0.0,0.0
208.28997575478067,35.0,1.528999e-06,0.0,0.0
208.2895689065372,35.0,1.543522e-06,0.0,0.0
208.28913663670576,35.0,1.57686e-06,0.0,0.0
208.2887324028576,35.0,1.559369e-06,0.0,0.0
208.28830845879995,35.0,1.552879e-06,0.0,0.0
208.2879094223165,35.0,1.55723e-06,0.0,0.0
208.2874632543442,35.0,1.529523e-06,0.0,0.0
208.287073167276,35.0,1.498469e-06,0.0,0.0
208.2866603011988,35.0,1.474342e-06,0.0,0.0
208.2862344131552,35.0,1.459252e-06,0.0,0.0
208.28581494448733,35.0,1.463704e-06,0.0,0.0
208.2853955831388,35.0,1.469598e-06,0.0,0.0
208.28497092053516,35.0,1.470427e-06,0.0,0.0
208.28458317264568,35.0,1.471577e-06,0.0,0.0
208.28414453697548,35.0,1.478489e-06,0.0,0.0
208.2837205741496,35.0,1.441338e-06,0.0,0.0
208.28332203002333,35.0,1.437293e-06,0.0,0.0
208.2828791482467,35.0,1.43869e-06,0.0,0.0
208.28245089088333,35.0,1.463326e-06,0.0,0.0
208.28203530960224,35.0,1.450157e-06,0.0,0.0
208.2816093732676,35.0,1.41887e-06,0.0,0.0
208.28120242351105,35.0,1.418317e-06,0.0,0.0
208.28077828076596,35.0,1.473498e-06,0.0,0.0
208.28033928195097,35.0,1.468623e-06,0.0,0.0
208.27993137655,35.0,1.438661e-06,0.0,0.0
208.2795144746408,35.0,1.412525e-06,0.0,0.0
208.2791079596747,35.0,1.414912e-06,0.0,0.0
208.278707197567,35.0,1.39905e-06,0.0,0.0
208.2782764103056,35.0,1.427412e-06,0.0,0.0
208.27786823325212,35.0,1.394801e-06,0.0,0.0
208.2774376817758,35.0,1.387045e-06,0.0,0.0
208.2770295190802,35.0,1.400185e-06,0.0,0.0
208.27661500931424,35.0,1.349326e-06,0.0,0.0
208.27619143567287,35.0,1.331922e-06,0.0,0.0
208.27579239659312,35.0,1.289256e-06,0.0,0.0
208.27536880630976,35.0,1.303342e-06,0.0,0.0
208.27492294824728,35.0,1.325912e-06,0.0,0.0
208.2745306620032,35.0,1.310022e-06,0.0,0.0
208.27411522089693,35.0,1.317356e-06,0.0,0.0
208.2736975547614,35.0,1.370863e-06,0.0,0.0
208.2732495916644,35.0,1.394903e-06,0.0,0.0
208.27285103045327,35.0,1.444452e-06,0.0,0.0
208.27242716226323,35.0,1.511304e-06,0.0,0.0
208.2719829590959,35.0,1.472363e-06,0.0,0.0
208.27157974841603,35.0,1.504784e-06,0.0,0.0
208.27118012158937,35.0,1.536158e-06,0.0,0.0
208.27075087862045,35.0,1.572655e-06,0.0,0.0
208.2703430218588,35.0,1.604843e-06,0.0,0.0
208.26991223266924,35.0,1.591659e-06,0.0,0.0
208.26951111368652,35.0,1.571228e-06,0.0,0.0
208.2691041903317,35.0,1.608554e-06,0.0,0.0
208.2686754579859,35.0,1.547101e-06,0.0,0.0
208.2682628275477,35.0,1.559849e-06,0.0,0.0
208.26783884261863,35.0,1.580673e-06,0.0,0.0
208.2674080079485,35.0,1.59211e-06,0.0,0.0
208.2670226060694,35.0,1.581386e-06,0.0,0.0
208.2665979729686,35.0,1.576947e-06,0.0,0.0
208.2661824574452,35.0,1.579567e-06,0.0,0.0
208.2657523764266,35.0,1.585591e-06,0.0,0.0
208.2653444520552,35.0,1.563589e-06,0.0,0.0
208.26491387093168,35.0,1.576234e-06,0.0,0.0
208.26449318349287,35.0,1.57363e-06,0.0,0.0
208.26407490661688,35.0,1.569977e-06,0.0,0.0
208.2636894137768,35.0,1.446431e-06,0.0,0.0
208.2632408616909,35.0,1.486667e-06,0.0,0.0
208.26283707852213,35.0,1.511304e-06,0.0,0.0
208.2624184520412,35.0,1.492634e-06,0.0,0.0
208.26199443952123,35.0,1.516179e-06,0.0,0.0
208.2615576347741,35.0,1.547203e-06,0.0,0.0
208.2611424696898,35.0,1.533452e-06,0.0,0.0
208.26071982724704,35.0,1.455817e-06,0.0,0.0
208.2602887431352,35.0,1.455483e-06,0.0,0.0
208.25988093185407,35.0,1.471024e-06,0.0,0.0
208.2594524519319,35.0,1.4338e-06,0.0,0.0
208.2590369599488,35.0,1.459965e-06,0.0,0.0
208.2586489963357,35.0,1.437802e-06,0.0,0.0
208.2582255035875,35.0,1.535547e-06,0.0,0.0
208.2578067017853,35.0,1.475855e-06,0.0,0.0
208.25738663455232,35.0,1.476874e-06,0.0,0.0
208.2569600063512,35.0,1.400767e-06,0.0,0.0
208.25655873876616,35.0,1.373221e-06,0.0,0.0
208.25615674590796,35.0,1.384396e-06,0.0,0.0
208.2557316167135,35.0,1.425709e-06,0.0,0.0
208.25532337042088,35.0,1.401757e-06,0.0,0.0
208.25489281158048,35.0,1.39061e-06,0.0,0.0
208.25446761092448,35.0,1.384862e-06,0.0,0.0
208.25404095941389,35.0,1.376262e-06,0.0,0.0
208.2536237457055,35.0,1.342487e-06,0.0,0.0
208.25321842250767,35.0,1.380628e-06,0.0,0.0
208.25279452881236,35.0,1.33086e-06,0.0,0.0
208.25235383301933,35.0,1.327324e-06,0.0,0.0
208.25192267998568,35.0,1.317836e-06,0.0,0.0
208.25152220553016,35.0,1.315231e-06,0.0,0.0
208.25111620890345,35.0,1.331631e-06,0.0,0.0
208.25069856393452,35.0,1.281674e-06,0.0,0.0
208.250267683784,35.0,1.294902e-06,0.0,0.0
208.24985949134012,35.0,1.337612e-06,0.0,0.0
208.2494289975896,35.0,1.321343e-06,0.0,0.0
208.24902922419156,35.0,1.323715e-06,0.0,0.0
208.2486239289969,35.0,1.325272e-06,0.0,0.0
208.24820492682545,35.0,1.299617e-06,0.0,0.0
208.2477741607541,35.0,1.316657e-06,0.0,0.0
208.2473661205224,35.0,1.322041e-06,0.0,0.0
208.2469352419198,35.0,1.335939e-06,0.0,0.0
208.2465195816532,35.0,1.304885e-06,0.0,0.0
208.2461322295032,35.0,1.342501e-06,0.0,0.0
208.2457117853361,35.0,1.342734e-06,0.0,0.0
208.2452653763661,35.0,1.473731e-06,0.0,0.0
208.24487302568363,35.0,1.394525e-06,0.0,0.0
208.2444429064465,35.0,1.43754e-06,0.0,0.0
208.24401852298888,35.0,1.399632e-06,0.0,0.0
208.24360300471787,35.0,1.44307e-06,0.0,0.0
208.2431724198636,35.0,1.460357e-06,0.0,0.0
208.24277224291984,35.0,1.4619e-06,0.0,0.0
208.2423485020697,35.0,1.495646e-06,0.0,0.0
208.2419031214914,35.0,1.502514e-06,0.0,0.0
208.24148038424,35.0,1.513865e-06,0.0,0.0
208.2410647577978,35.0,1.510605e-06,0.0,0.0
208.24065343052544,35.0,1.438937e-06,0.0,0.0
208.2402484477533,35.0,1.437991e-06,0.0,0.0
208.2398178645478,35.0,1.445937e-06,0.0,0.0
208.2394098713446,35.0,1.429391e-06,0.0,0.0
208.2389884896416,35.0,1.342167e-06,0.0,0.0
208.23857307904785,35.0,1.38233e-06,0.0,0.0
208.23818545095205,35.0,1.359876e-06,0.0,0.0
208.23775467048057,35.0,1.348235e-06,0.0,0.0
208.2373332892411,35.0,1.360095e-06,0.0,0.0
208.23691534726296,35.0,1.289198e-06,0.0,0.0
208.2364945093728,35.0,1.301669e-06,0.0,0.0
208.23607638041676,35.0,1.276567e-06,0.0,0.0
208.2356912771728,35.0,1.263979e-06,0.0,0.0
208.2352426112589,35.0,1.266075e-06,0.0,0.0
208.2348189434302,35.0,1.286986e-06,0.0,0.0
208.23442000104012,35.0,1.282388e-06,0.0,0.0
208.2339961330968,35.0,1.266744e-06,0.0,0.0
208.23357251529671,35.0,1.256805e-06,0.0,0.0
208.2331445314612,35.0,1.285109e-06,0.0,0.0
208.23272180504543,35.0,1.271153e-06,0.0,0.0
208.2322911263828,35.0,1.272361e-06,0.0,0.0
208.23188320033063,35.0,1.404653e-06,0.0,0.0
208.231455618828,35.0,1.250257e-06,0.0,0.0
208.23104029360755,35.0,1.24026e-06,0.0,0.0
208.2306309215255,35.0,1.240944e-06,0.0,0.0
208.23022809897452,35.0,1.263572e-06,0.0,0.0
208.2297969643784,35.0,1.270324e-06,0.0,0.0
208.22937203566045,35.0,1.265274e-06,0.0,0.0
208.22896272847447,35.0,1.263572e-06,0.0,0.0
208.22854750847137,35.0,1.247434e-06,0.0,0.0
208.2281192858916,35.0,1.251814e-06,0.0,0.0
208.22773395664743,35.0,1.272041e-06,0.0,0.0
208.22728960991972,35.0,1.260836e-06,0.0,0.0
208.2268950606405,35.0,1.288368e-06,0.0,0.0
208.22647004855563,35.0,1.25017e-06,0.0,0.0
208.2260547855493,35.0,1.242108e-06,0.0,0.0
208.2256253762773,35.0,1.211156e-06,0.0,0.0
208.2252203964672,35.0,1.279492e-06,0.0,0.0
208.22479675961668,35.0,1.253153e-06,0.0,0.0
208.22437293573805,35.0,1.147142e-06,0.0,0.0
208.2239709713224,35.0,1.219305e-06,0.0,0.0
208.22355062895647,35.0,1.258231e-06,0.0,0.0
208.223120070644,35.0,1.216933e-06,0.0,0.0
208.22270163256428,35.0,1.181979e-06,0.0,0.0
208.2222894691641,35.0,1.183827e-06,0.0,0.0
208.2218627819508,35.0,1.123568e-06,0.0,0.0
208.22143190180017,35.0,1.168097e-06,0.0,0.0
208.2210155594101,35.0,1.144304e-06,0.0,0.0
208.2206003795449,35.0,1.160282e-06,0.0,0.0
208.2201626079828,35.0,1.137654e-06,0.0,0.0
208.21977708752047,35.0,1.137581e-06,0.0,0.0
208.2193372839677,35.0,1.106309e-06,0.0,0.0
208.218917638552,35.0,1.14966e-06,0.0,0.0
208.21852319324967,35.0,1.157241e-06,0.0,0.0
208.21809108232696,35.0,1.171327e-06,0.0,0.0
208.217712469701,35.0,1.151406e-06,0.0,0.0
208.2172842466984,35.0,1.194552e-06,0.0,0.0
208.21684535542937,35.0,1.187276e-06,0.0,0.0
208.2164243467748,35.0,1.165638e-06,0.0,0.0
208.2160320757404,35.0,1.175489e-06,0.0,0.0
208.21559862704572,35.0,1.16165e-06,0.0,0.0
208.21517568831712,35.0,1.157707e-06,0.0,0.0
208.21479024612304,35.0,1.161563e-06,0.0,0.0
208.21435162537773,35.0,1.179069e-06,0.0,0.0
208.21392770945425,35.0,1.200504e-06,0.0,0.0
208.21348374020272,35.0,1.190783e-06,0.0,0.0
208.21309022645505,35.0,1.156848e-06,0.0,0.0
208.21268079152108,35.0,1.130436e-06,0.0,0.0
208.21225144544903,35.0,1.055058e-06,0.0,0.0
208.2118209050156,35.0,1.180088e-06,0.0,0.0
208.21138993493545,35.0,1.148175e-06,0.0,0.0
208.210986265769,35.0,1.125445e-06,0.0,0.0
208.21057652587365,35.0,1.197812e-06,0.0,0.0
208.2101612555452,35.0,1.209861e-06,0.0,0.0
208.2097149614557,35.0,1.130757e-06,0.0,0.0
208.2093273365051,35.0,1.163833e-06,0.0,0.0
208.20890000179756,35.0,1.197113e-06,0.0,0.0
208.20849940446905,35.0,1.148175e-06,0.0,0.0
208.20808412985045,35.0,1.164197e-06,0.0,0.0
208.2076704490825,35.0,1.106164e-06,0.0,0.0
208.2072640742172,35.0,1.05823e-06,0.0,0.0
208.206833176748,35.0,1.085937e-06,0.0,0.0
208.2063990013022,35.0,1.14576e-06,0.0,0.0
208.20599432194507,35.0,1.080582e-06,0.0,0.0
208.2055914599703,35.0,1.068256e-06,0.0,0.0
208.20514863671923,35.0,1.035631e-06,0.0,0.0
208.20474260876315,35.0,1.086184e-06,0.0,0.0
208.20433001554272,35.0,1.122971e-06,0.0,0.0
208.20388611290824,35.0,1.108958e-06,0.0,0.0
208.20345947394205,35.0,1.149412e-06,0.0,0.0
208.2030584091484,35.0,1.138178e-06,0.0,0.0
208.20265632490367,35.0,1.139488e-06,0.0,0.0
208.2022311633015,35.0,1.121894e-06,0.0,0.0
208.2018002119528,35.0,1.119537e-06,0.0,0.0
208.20136258896105,35.0,1.118417e-06,0.0,0.0
208.20093834997945,35.0,1.080509e-06,0.0,0.0
208.20052998187472,35.0,1.096909e-06,0.0,0.0
208.20013482346133,35.0,1.075372e-06,0.0,0.0
208.19969080216464,35.0,1.087421e-06,0.0,0.0
208.199286908458,35.0,1.073218e-06,0.0,0.0
208.1988681359533,35.0,1.044347e-06,0.0,0.0
208.19842220698223,35.0,1.02527e-06,0.0,0.0
208.1980454100164,35.0,1.015433e-06,0.0,0.0
208.1976277345373,35.0,1.013759e-06,0.0,0.0
208.19722304570345,35.0,1.036839e-06,0.0,0.0
208.1967890485273,35.0,1.036358e-06,0.0,0.0
208.19636490454795,35.0,1.022301e-06,0.0,0.0
208.19595285298453,35.0,1.044624e-06,0.0,0.0
208.1955373332076,35.0,1.021821e-06,0.0,0.0
208.19512833676816,35.0,1.026827e-06,0.0,0.0
208.1947255360965,35.0,1.057313e-06,0.0,0.0
208.194280477221,35.0,1.081033e-06,0.0,0.0
208.19384950597828,35.0,1.058739e-06,0.0,0.0
208.19345806115308,35.0,1.068693e-06,0.0,0.0
208.193016968634,35.0,1.057895e-06,0.0,0.0
208.19260145096348,35.0,1.090259e-06,0.0,0.0
208.19218565329768,35.0,1.101973e-06,0.0,0.0
208.19177020585883,35.0,1.105305e-06,0.0,0.0
208.19133777685505,35.0,1.132474e-06,0.0,0.0
208.1909140589977,35.0,1.113673e-06,0.0,0.0
208.19050833328245,35.0,1.106688e-06,0.0,0.0
208.19008094952736,35.0,1.122171e-06,0.0,0.0
208.18966978332972,35.0,1.13729e-06,0.0,0.0
208.18926896363183,35.0,1.121341e-06,0.0,0.0
208.1888306798525,35.0,1.148568e-06,0.0,0.0
208.1884225760532,35.0,1.150431e-06,0.0,0.0
208.1880041844562,35.0,1.140826e-06,0.0,0.0
208.18759882360484,35.0,1.13697e-06,0.0,0.0
208.187199073989,35.0,1.117631e-06,0.0,0.0
208.1867683985008,35.0,1.117092e-06,0.0,0.0
208.18634610543216,35.0,1.117383e-06,0.0,0.0
208.18592870859217,35.0,1.079126e-06,0.0,0.0
208.18550473623148,35.0,1.108143e-06,0.0,0.0
208.1850905835724,35.0,1.110355e-06,0.0,0.0
208.18468150593776,35.0,1.109685e-06,0.0,0.0
208.18425167015985,35.0,1.110733e-06,0.0,0.0
208.18385934318908,35.0,1.136708e-06,0.0,0.0
208.18341281466,35.0,1.246633e-06,0.0,0.0
208.1829920652228,35.0,1.090317e-06,0.0,0.0
208.1825741963353,35.0,1.111868e-06,0.0,0.0
208.1821892037809,35.0,1.115783e-06,0.0,0.0
208.1817403865154,35.0,1.054112e-06,0.0,0.0
208.18130490018217,35.0,1.102642e-06,0.0,0.0
208.18087399612247,35.0,1.084511e-06,0.0,0.0
208.1804686576135,35.0,1.044769e-06,0.0,0.0
208.1800568500294,35.0,1.062988e-06,0.0,0.0
208.1796413024587,35.0,1.063119e-06,0.0,0.0
208.17923702472336,35.0,1.009394e-06,0.0,0.0
208.1787984365796,35.0,1.056498e-06,0.0,0.0
208.17840290385763,35.0,1.080072e-06,0.0,0.0
208.1779796735602,35.0,1.047447e-06,0.0,0.0
208.17756383126323,35.0,1.079447e-06,0.0,0.0
208.17715271585527,35.0,1.124019e-06,0.0,0.0
208.1767289729836,35.0,1.154476e-06,0.0,0.0
208.17630644675384,35.0,1.158114e-06,0.0,0.0
208.1758865848413,35.0,1.083317e-06,0.0,0.0
208.17546027836667,35.0,1.098015e-06,0.0,0.0
208.17507250573155,35.0,1.166904e-06,0.0,0.0
208.1746572396772,35.0,1.17757e-06,0.0,0.0
208.17423206618503,35.0,1.210195e-06,0.0,0.0
208.17381273584445,35.0,1.177716e-06,0.0,0.0
208.17338904313027,35.0,1.152788e-06,0.0,0.0
208.1729403262545,35.0,1.128821e-06,0.0,0.0
208.1725250565468,35.0,1.130858e-06,0.0,0.0
208.17210951104323,35.0,1.089793e-06,0.0,0.0
208.17171360164323,35.0,1.056673e-06,0.0,0.0
208.17128507168047,35.0,1.117165e-06,0.0,0.0
208.17084608939643,35.0,1.185559e-06,0.0,0.0
208.1704459936644,35.0,1.205452e-06,0.0,0.0
208.1700328895004,35.0,1.210617e-06,0.0,0.0
208.16960759785604,35.0,1.21929e-06,0.0,0.0
208.1692006206832,35.0,1.173234e-06,0.0,0.0
208.16877687216052,35.0,1.168577e-06,0.0,0.0
208.16837813130152,35.0,1.190288e-06,0.0,0.0
208.16792989679388,35.0,1.191802e-06,0.0,0.0
208.16754445469104,35.0,1.216162e-06,0.0,0.0
208.16712489031883,35.0,1.228676e-06,0.0,0.0
208.16670537125327,35.0,1.207358e-06,0.0,0.0
208.16628847647613,35.0,1.212262e-06,0.0,0.0
208.1658672082692,35.0,1.190972e-06,0.0,0.0
208.16543644199527,35.0,1.183114e-06,0.0,0.0
208.16502835765564,35.0,1.205713e-06,0.0,0.0
208.1646332791481,35.0,1.201319e-06,0.0,0.0
208.16418995789448,35.0,1.208638e-06,0.0,0.0
208.1637912191088,35.0,1.1909e-06,0.0,0.0
208.16336722856795,35.0,1.193563e-06,0.0,0.0
208.1629204411672,35.0,1.183522e-06,0.0,0.0
208.16251999296784,35.0,1.106746e-06,0.0,0.0
208.16211416740103,35.0,1.124543e-06,0.0,0.0
208.1616965979992,35.0,1.0808e-06,0.0,0.0
208.1612656988341,35.0,1.033986e-06,0.0,0.0
208.1608242770147,35.0,9.750365e-07,0.0,0.0
208.16042552877548,35.0,1.016291e-06,0.0,0.0
208.1599808725194,35.0,1.016349e-06,0.0,0.0
208.15956560951304,35.0,1.030174e-06,0.0,0.0
208.15917811839424,35.0,1.042063e-06,0.0,0.0
208.15874914460463,35.0,1.004169e-06,0.0,0.0
208.1583412009668,35.0,9.779760000000002e-07,0.0,0.0
208.15791052547848,35.0,9.514624000000002e-07,0.0,0.0
208.15750908568663,35.0,1.00107e-06,0.0,0.0
208.1571017768564,35.0,1.068431e-06,0.0,0.0
208.1566859447213,35.0,1.132677e-06,0.0,0.0
208.1562707146504,35.0,1.142631e-06,0.0,0.0
208.1558381165935,35.0,1.218039e-06,0.0,0.0
208.15541801813768,35.0,1.207125e-06,0.0,0.0
208.1550240390028,35.0,1.265187e-06,0.0,0.0
208.1545807062915,35.0,1.291221e-06,0.0,0.0
208.1541651653473,35.0,1.280656e-06,0.0,0.0
208.15373877819565,35.0,1.26379e-06,0.0,0.0
208.1533306030704,35.0,1.25049e-06,0.0,0.0
208.15289993137435,35.0,1.222274e-06,0.0,0.0
208.1524765852036,35.0,1.214095e-06,0.0,0.0
208.1520332601548,35.0,1.191394e-06,0.0,0.0
208.15165019326523,35.0,1.233813e-06,0.0,0.0
208.1512262053241,35.0,1.225853e-06,0.0,0.0
208.15079201109364,35.0,1.177235e-06,0.0,0.0
208.15038405794928,35.0,1.120861e-06,0.0,0.0
208.14995636224128,35.0,1.233886e-06,0.0,0.0
208.14955548400343,35.0,1.194989e-06,0.0,0.0
208.1491533249576,35.0,1.201392e-06,0.0,0.0
208.14872886792864,35.0,1.147957e-06,0.0,0.0
208.1483204599792,35.0,1.096822e-06,0.0,0.0
208.1478847626828,35.0,1.171924e-06,0.0,0.0
208.14748138196308,35.0,1.201857e-06,0.0,0.0
208.1470622834996,35.0,1.154796e-06,0.0,0.0
208.14664276320363,35.0,1.170469e-06,0.0,0.0
208.1462392921019,35.0,1.153574e-06,0.0,0.0
208.14580391103567,35.0,1.186403e-06,0.0,0.0
208.14537934357057,35.0,1.161214e-06,0.0,0.0
208.1449764596686,35.0,1.124965e-06,0.0,0.0
208.1445417942819,35.0,1.125154e-06,0.0,0.0
208.1441376090551,35.0,1.118722e-06,0.0,0.0
208.14373387756623,35.0,1.109627e-06,0.0,0.0
208.14329898584413,35.0,1.076289e-06,0.0,0.0
208.14286853775843,35.0,1.099921e-06,0.0,0.0
208.1424629044523,35.0,1.108478e-06,0.0,0.0
208.1420501839864,35.0,1.09541e-06,0.0,0.0
208.14160684763533,35.0,1.05433e-06,0.0,0.0
208.14119060912884,35.0,1.027773e-06,0.0,0.0
208.14075948425716,35.0,1.07527e-06,0.0,0.0
208.140351763937,35.0,1.057066e-06,0.0,0.0
208.13992086646783,35.0,1.073888e-06,0.0,0.0
208.13952070696405,35.0,1.062392e-06,0.0,0.0
208.13911468528548,35.0,1.093795e-06,0.0,0.0
208.13871705845327,35.0,1.08924e-06,0.0,0.0
208.13827423071183,35.0,1.09199e-06,0.0,0.0
208.1378647819816,35.0,1.088134e-06,0.0,0.0
208.13745304618172,35.0,1.063308e-06,0.0,0.0
208.1370099980348,35.0,1.111825e-06,0.0,0.0
208.13662876360112,35.0,1.121603e-06,0.0,0.0
208.1362047695968,35.0,1.121793e-06,0.0,0.0
208.13577274756625,35.0,1.083317e-06,0.0,0.0
208.135364576014,35.0,1.057881e-06,0.0,0.0
208.13493390052568,35.0,1.054796e-06,0.0,0.0
208.1345175575551,35.0,1.064589e-06,0.0,0.0
208.13409460052867,35.0,1.116816e-06,0.0,0.0
208.1336865317864,35.0,1.102817e-06,0.0,0.0
208.13326256910565,35.0,1.098728e-06,0.0,0.0
208.13282507442688,35.0,1.04247e-06,0.0,0.0
208.13241689930163,35.0,1.037886e-06,0.0,0.0
208.1319970516145,35.0,1.050284e-06,0.0,0.0
208.1315815078609,35.0,1.068474e-06,0.0,0.0
208.13114714579729,35.0,1.064807e-06,0.0,0.0
208.13076192584023,35.0,1.043751e-06,0.0,0.0
208.1303208780592,35.0,1.001172e-06,0.0,0.0
208.12992188882225,35.0,1.086519e-06,0.0,0.0
208.12947682811617,35.0,1.036082e-06,0.0,0.0
208.12908422685285,35.0,1.073218e-06,0.0,0.0
208.12867406109413,35.0,1.080174e-06,0.0,0.0
208.12824606162908,35.0,1.031818e-06,0.0,0.0
208.12782514559407,35.0,9.965443e-07,0.0,0.0
208.1274072157805,35.0,9.99542e-07,0.0,0.0
208.1270054397696,35.0,9.837677000000002e-07,0.0,0.0
208.1265974412622,35.0,9.72228e-07,0.0,0.0
208.1261819001696,35.0,9.866926e-07,0.0,0.0
208.1257674679462,35.0,9.758078000000002e-07,0.0,0.0
208.12533471844887,35.0,9.594514e-07,0.0,0.0
208.12491072607247,35.0,9.71937e-07,0.0,0.0
208.12450544463965,35.0,9.906071e-07,0.0,0.0
208.12407749861745,35.0,9.564828000000002e-07,0.0,0.0
208.12366222606883,35.0,1.040302e-06,0.0,0.0
208.1232361415736,35.0,1.051565e-06,0.0,0.0
208.12282819821772,35.0,1.077817e-06,0.0,0.0
208.12239775013205,35.0,1.038934e-06,0.0,0.0
208.12197336902324,35.0,1.059117e-06,0.0,0.0
208.12153004711195,35.0,1.050503e-06,0.0,0.0
208.1211277733516,35.0,1.037479e-06,0.0,0.0
208.12072305372976,35.0,1.032793e-06,0.0,0.0
208.12028892403328,35.0,1.048727e-06,0.0,0.0
208.11986443606023,35.0,1.059234e-06,0.0,0.0
208.11945258964928,35.0,1.037042e-06,0.0,0.0
208.11905208226577,35.0,1.045773e-06,0.0,0.0
208.11864955095976,35.0,1.083012e-06,0.0,0.0
208.11820435234284,35.0,1.085631e-06,0.0,0.0
208.1178173729188,35.0,1.08745e-06,0.0,0.0
208.11738137287287,35.0,1.061097e-06,0.0,0.0
208.11697829578745,35.0,1.09883e-06,0.0,0.0
208.116558881762,35.0,1.131979e-06,0.0,0.0
208.11612904444647,35.0,1.164415e-06,0.0,0.0
208.11572804353497,35.0,1.170658e-06,0.0,0.0
208.11530082353588,35.0,1.146589e-06,0.0,0.0
208.11487555882547,35.0,1.128617e-06,0.0,0.0
208.11446741511648,35.0,1.161869e-06,0.0,0.0
208.11405186754573,35.0,1.153923e-06,0.0,0.0
208.11361643919847,35.0,1.135908e-06,0.0,0.0
208.1131927005954,35.0,1.115375e-06,0.0,0.0
208.11279395235616,35.0,1.161869e-06,0.0,0.0
208.1123536009906,35.0,1.140754e-06,0.0,0.0
208.1119224742994,35.0,1.162567e-06,0.0,0.0
208.1115222294181,35.0,1.197812e-06,0.0,0.0
208.11111581853896,35.0,1.166467e-06,0.0,0.0
208.1106739929224,35.0,1.180626e-06,0.0,0.0
208.1102814573966,35.0,1.111272e-06,0.0,0.0
208.1098512579541,35.0,1.143417e-06,0.0,0.0
208.10940813706893,35.0,1.13924e-06,0.0,0.0
208.109010862729,35.0,1.169363e-06,0.0,0.0
208.1085955884141,35.0,1.140303e-06,0.0,0.0
208.10820315632108,35.0,1.167151e-06,0.0,0.0
208.10777368218476,35.0,1.139852e-06,0.0,0.0
208.10735088129493,35.0,1.120803e-06,0.0,0.0
208.1069352863764,35.0,1.085238e-06,0.0,0.0
208.1065189689384,35.0,1.099965e-06,0.0,0.0
208.10608682883512,35.0,1.062683e-06,0.0,0.0
208.10570882254527,35.0,1.064705e-06,0.0,0.0
208.10526409768127,35.0,1.198379e-06,0.0,0.0
208.1048719103871,35.0,1.172652e-06,0.0,0.0
208.1044415090227,35.0,1.182605e-06,0.0,0.0
208.1039984608757,35.0,1.261942e-06,0.0,0.0
208.10360193490183,35.0,1.172899e-06,0.0,0.0
208.103194886056,35.0,1.095876e-06,0.0,0.0
208.10276353532075,35.0,1.177948e-06,0.0,0.0
208.10233308785044,35.0,1.185501e-06,0.0,0.0
208.1018989069877,35.0,1.167296e-06,0.0,0.0
208.10145157061467,35.0,1.213295e-06,0.0,0.0
208.10106357032768,35.0,1.24528e-06,0.0,0.0
208.10064826061384,35.0,1.275024e-06,0.0,0.0
208.10022471509956,35.0,1.28524e-06,0.0,0.0
208.09982969353516,35.0,1.25829e-06,0.0,0.0
208.0993860965032,35.0,1.252542e-06,0.0,0.0
208.0989819636122,35.0,1.246604e-06,0.0,0.0
208.09857163402737,35.0,1.232955e-06,0.0,0.0
208.0981592283217,35.0,1.262451e-06,0.0,0.0
208.09775339600225,35.0,1.276901e-06,0.0,0.0
208.097310995166,35.0,1.279273e-06,0.0,0.0
208.0969145448909,35.0,1.260429e-06,0.0,0.0
208.0964936172328,35.0,1.302207e-06,0.0,0.0
208.09607546737263,35.0,1.335866e-06,0.0,0.0
208.09566280151668,35.0,1.361346e-06,0.0,0.0
208.09523639371787,35.0,1.327295e-06,0.0,0.0
208.09481649037647,35.0,1.321561e-06,0.0,0.0
208.09439776158567,35.0,1.353372e-06,0.0,0.0
208.093973672201,35.0,1.369102e-06,0.0,0.0
208.09355868487916,35.0,1.408771e-06,0.0,0.0
208.09312847414813,35.0,1.373453e-06,0.0,0.0
208.09272382860533,35.0,1.343884e-06,0.0,0.0
208.0923000875528,35.0,1.304521e-06,0.0,0.0
208.09185894676628,35.0,1.291264e-06,0.0,0.0
208.09145235458968,35.0,1.282548e-06,0.0,0.0
208.09103873590425,35.0,1.255219e-06,0.0,0.0
208.09062986979697,35.0,1.249282e-06,0.0,0.0
208.0902273841432,35.0,1.269291e-06,0.0,0.0
208.08978213165264,35.0,1.287932e-06,0.0,0.0
208.08938289134807,35.0,1.346503e-06,0.0,0.0
208.08895889833292,35.0,1.307708e-06,0.0,0.0
208.08854878027583,35.0,1.250533e-06,0.0,0.0
208.08813018084712,35.0,1.266249e-06,0.0,0.0
208.08770992724905,35.0,1.213237e-06,0.0,0.0
208.0873134277521,35.0,1.204899e-06,0.0,0.0
208.08687130945972,35.0,1.175853e-06,0.0,0.0
208.08644105249024,35.0,1.201886e-06,0.0,0.0
208.0860535582952,35.0,1.113774e-06,0.0,0.0
208.0856184579122,35.0,1.09071e-06,0.0,0.0
208.08523539205413,35.0,1.153443e-06,0.0,0.0
208.08479622722533,35.0,1.140987e-06,0.0,0.0
208.0843558982841,35.0,1.130189e-06,0.0,0.0
208.0839709020776,35.0,1.139168e-06,0.0,0.0
208.0835352768113,35.0,1.161621e-06,0.0,0.0
208.0831197340709,35.0,1.160617e-06,0.0,0.0
208.08272084922396,35.0,1.183551e-06,0.0,0.0
208.0822929757354,35.0,1.199238e-06,0.0,0.0
208.08185452941217,35.0,1.193679e-06,0.0,0.0
208.08140844053088,35.0,1.241293e-06,0.0,0.0
208.08098644098547,35.0,1.239459e-06,0.0,0.0
208.08058305463825,35.0,1.235589e-06,0.0,0.0
208.08018422965625,35.0,1.273103e-06,0.0,0.0
208.07975392810667,35.0,1.287917e-06,0.0,0.0
208.07934597894337,35.0,1.266861e-06,0.0,0.0
208.0789128336043,35.0,1.263266e-06,0.0,0.0
208.07850713224147,35.0,1.263106e-06,0.0,0.0
208.07809010195427,35.0,1.24707e-06,0.0,0.0
208.0776680503138,35.0,1.255248e-06,0.0,0.0
208.07726736708204,35.0,1.224587e-06,0.0,0.0
208.0768438762589,35.0,1.201595e-06,0.0,0.0
208.07640219483457,35.0,1.213702e-06,0.0,0.0
208.07600320887417,35.0,1.217297e-06,0.0,0.0
208.07558738650883,35.0,1.160704e-06,0.0,0.0
208.0751963795769,35.0,1.147215e-06,0.0,0.0
208.07476628393783,35.0,1.17028e-06,0.0,0.0
208.074325174872,35.0,1.13291e-06,0.0,0.0
208.07392720592176,35.0,1.118548e-06,0.0,0.0
208.0735096486553,35.0,1.161592e-06,0.0,0.0
208.0730668816433,35.0,1.156877e-06,0.0,0.0
208.07265133750204,35.0,1.161461e-06,0.0,0.0
208.072227237156,35.0,1.197128e-06,0.0,0.0
208.07181906488395,35.0,1.210719e-06,0.0,0.0
208.07138815913996,35.0,1.172288e-06,0.0,0.0
208.0709619245808,35.0,1.156091e-06,0.0,0.0
208.07057443645883,35.0,1.131237e-06,0.0,0.0
208.0701313919416,35.0,1.110209e-06,0.0,0.0
208.06972979620767,35.0,1.077831e-06,0.0,0.0
208.06931451470416,35.0,1.072243e-06,0.0,0.0
208.06891552531548,35.0,1.046486e-06,0.0,0.0
208.06847003547216,35.0,1.155204e-06,0.0,0.0
208.0680547658393,35.0,1.192311e-06,0.0,0.0
208.06766671276927,35.0,1.17514e-06,0.0,0.0
208.0672393670252,35.0,1.144581e-06,0.0,0.0
208.06681880043297,35.0,1.124994e-06,0.0,0.0
208.0664002944308,35.0,1.13697e-06,0.0,0.0
208.06597675667453,35.0,1.143912e-06,0.0,0.0
208.0655618932008,35.0,1.107052e-06,0.0,0.0
208.0651505908264,35.0,1.112028e-06,0.0,0.0
208.064726853038,35.0,1.127919e-06,0.0,0.0
208.06432786061927,35.0,1.084307e-06,0.0,0.0
208.06388465220053,35.0,1.067601e-06,0.0,0.0
208.06344694816087,35.0,1.062494e-06,0.0,0.0
208.06305967571683,35.0,1.058695e-06,0.0,0.0
208.06264350051103,35.0,1.062639e-06,0.0,0.0
208.06222104781173,35.0,1.056978e-06,0.0,0.0
208.061788331995,35.0,1.059409e-06,0.0,0.0
208.06134849518463,35.0,1.01926e-06,0.0,0.0
208.06094085221545,35.0,1.056003e-06,0.0,0.0
208.06052567712297,35.0,1.049222e-06,0.0,0.0
208.06010984955623,35.0,1.052205e-06,0.0,0.0
208.05971322778308,35.0,1.046632e-06,0.0,0.0
208.059277795106,35.0,1.016946e-06,0.0,0.0
208.0588511819132,35.0,1.00529e-06,0.0,0.0
208.0584351595697,35.0,1.012639e-06,0.0,0.0
208.0580190984541,35.0,9.752548000000002e-07,0.0,0.0
208.05763187864656,35.0,9.587675000000003e-07,0.0,0.0
208.05721131635093,35.0,9.311771e-07,0.0,0.0
208.05680337153711,35.0,9.263895e-07,0.0,0.0
208.05636136751792,35.0,9.125943e-07,0.0,0.0
208.05593126434167,35.0,9.34946e-07,0.0,0.0
208.0555419725528,35.0,9.266223e-07,0.0,0.0
208.05512669629337,35.0,9.52743e-07,0.0,0.0
208.05470684886163,35.0,9.786454e-07,0.0,0.0
208.0542984493494,35.0,9.535433e-07,0.0,0.0
208.05386452896025,35.0,9.526993e-07,0.0,0.0
208.05342597545092,35.0,9.673386e-07,0.0,0.0
208.05300786203995,35.0,9.349169e-07,0.0,0.0
208.052586894195,35.0,8.154748e-07,0.0,0.0
208.0521778445197,35.0,8.375355e-07,0.0,0.0
208.0517538515045,35.0,8.144561000000001e-07,0.0,0.0
208.05131691652792,35.0,7.952622e-07,0.0,0.0
208.0509190930265,35.0,8.312782000000001e-07,0.0,0.0
208.05049510001143,35.0,8.075731e-07,0.0,0.0
208.05008191581047,35.0,8.133211000000001e-07,0.0,0.0
208.0496712388544,35.0,8.229690000000001e-07,0.0,0.0
208.0492432925996,35.0,8.054631e-07,0.0,0.0
208.0488496294305,35.0,7.928757000000001e-07,0.0,0.0
208.04840291194444,35.0,7.422786e-07,0.0,0.0
208.0480079018286,35.0,7.755007e-07,0.0,0.0
208.04760799952336,35.0,7.699563999999999e-07,0.0,0.0
208.047164958003,35.0,7.726629999999999e-07,0.0,0.0
208.0467549710874,35.0,7.619673999999999e-07,0.0,0.0
208.04634497128887,35.0,7.891503999999999e-07,0.0,0.0
208.0458999807321,35.0,7.962662000000001e-07,0.0,0.0
208.0455067450716,35.0,7.819616999999999e-07,0.0,0.0
208.045074780598,35.0,8.339703e-07,0.0,0.0
208.04466459999088,35.0,8.552452e-07,0.0,0.0
208.04426357180915,35.0,9.184296e-07,0.0,0.0
208.04382597678,35.0,8.978968e-07,0.0,0.0
208.04339860946857,35.0,9.108189e-07,0.0,0.0
208.04299815449568,35.0,9.132491e-07,0.0,0.0
208.0425693136804,35.0,9.334181e-07,0.0,0.0
208.0421543219853,35.0,9.033683000000002e-07,0.0,0.0
208.041729683501,35.0,8.833595e-07,0.0,0.0
208.04128515949,35.0,8.509669000000001e-07,0.0,0.0
208.04088666260685,35.0,8.284405e-07,0.0,0.0
208.4289375,40.0,2.265399e-05,0.0,0.0
208.4289375,40.0,-1.936336e-06,0.0,0.0
208.4289375,40.0,-9.864016e-07,0.0,0.0
208.4289375,40.0,-3.799360000000001e-07,0.0,0.0
208.42881889081664,40.0,7.291964999999998e-08,0.0,0.0
208.42864179149743,40.0,4.227331000000001e-07,0.0,0.0
208.4284025389974,40.0,6.941264000000001e-07,0.0,0.0
208.42813430126577,40.0,6.827177000000001e-07,0.0,0.0
208.42783855949364,40.0,6.561313000000001e-07,0.0,0.0
208.42748063715493,40.0,8.075731e-07,0.0,0.0
208.42708619730476,40.0,9.223731e-07,0.0,0.0
208.42668711256567,40.0,9.464129e-07,0.0,0.0
208.42625643640537,40.0,9.25691e-07,0.0,0.0
208.4258351149033,40.0,9.780197000000003e-07,0.0,0.0
208.42541769146248,40.0,1.109351e-06,0.0,0.0
208.4249978108196,40.0,1.027176e-06,0.0,0.0
208.42458228271403,40.0,9.948708000000002e-07,0.0,0.0
208.4241931549761,40.0,1.096312e-06,0.0,0.0
208.4237631345773,40.0,1.167675e-06,0.0,0.0
208.4233216627788,40.0,1.087566e-06,0.0,0.0
208.42289736139168,40.0,1.099936e-06,0.0,0.0
208.42249296947432,40.0,1.212073e-06,0.0,0.0
208.42207474135216,40.0,1.287277e-06,0.0,0.0
208.4216470185501,40.0,1.263674e-06,0.0,0.0
208.42122332827083,40.0,1.234323e-06,0.0,0.0
208.4207928179228,40.0,1.268651e-06,0.0,0.0
208.42036206143325,40.0,1.286404e-06,0.0,0.0
208.41996696610187,40.0,1.271968e-06,0.0,0.0
208.4195448404906,40.0,1.181761e-06,0.0,0.0
208.41913377103785,40.0,1.288194e-06,0.0,0.0
208.41873056210324,40.0,1.2612e-06,0.0,0.0
208.4182997810759,40.0,1.255888e-06,0.0,0.0
208.41787491279,40.0,1.263979e-06,0.0,0.0
208.4174664163754,40.0,1.221968e-06,0.0,0.0
208.41705122178573,40.0,1.276247e-06,0.0,0.0
208.41664113861816,40.0,1.218985e-06,0.0,0.0
208.41623723944903,40.0,1.148874e-06,0.0,0.0
208.4158066378083,40.0,1.169101e-06,0.0,0.0
208.41539837769565,40.0,1.195222e-06,0.0,0.0
208.41497385252168,40.0,1.200082e-06,0.0,0.0
208.41455820318183,40.0,1.16849e-06,0.0,0.0
208.41412211454625,40.0,1.139357e-06,0.0,0.0
208.4136984892419,40.0,1.215609e-06,0.0,0.0
208.4133017230436,40.0,1.250446e-06,0.0,0.0
208.41287565337973,40.0,1.212902e-06,0.0,0.0
208.41242779581853,40.0,1.127526e-06,0.0,0.0
208.41201021035968,40.0,1.121894e-06,0.0,0.0
208.4116039209504,40.0,1.130495e-06,0.0,0.0
208.4112035123632,40.0,1.129287e-06,0.0,0.0
208.41077296607384,40.0,1.172841e-06,0.0,0.0
208.4103421513132,40.0,1.198277e-06,0.0,0.0
208.40993393850687,40.0,1.127279e-06,0.0,0.0
208.4095177245443,40.0,1.061388e-06,0.0,0.0
208.4091109931028,40.0,1.063672e-06,0.0,0.0
208.4087099843992,40.0,1.072432e-06,0.0,0.0
208.4082793311636,40.0,1.10468e-06,0.0,0.0
208.40784833014936,40.0,1.098771e-06,0.0,0.0
208.4074402142492,40.0,1.107444e-06,0.0,0.0
208.40702511279733,40.0,1.146036e-06,0.0,0.0
208.40661751468727,40.0,1.198961e-06,0.0,0.0
208.4062156763428,40.0,1.189357e-06,0.0,0.0
208.4057695254472,40.0,1.162756e-06,0.0,0.0
208.4053458826328,40.0,1.133551e-06,0.0,0.0
208.40494599629665,40.0,1.078544e-06,0.0,0.0
208.40452302227064,40.0,1.098961e-06,0.0,0.0
208.40410732236776,40.0,9.814394e-07,0.0,0.0
208.40370074288623,40.0,1.108812e-06,0.0,0.0
208.4032687727993,40.0,1.141729e-06,0.0,0.0
208.4028407611564,40.0,1.1058e-06,0.0,0.0
208.4024417639228,40.0,1.008739e-06,0.0,0.0
208.40199966831804,40.0,1.004635e-06,0.0,0.0
208.40158431695167,40.0,1.116932e-06,0.0,0.0
208.40116896393744,40.0,1.04362e-06,0.0,0.0
208.40072190416257,40.0,1.017252e-06,0.0,0.0
208.4003226814717,40.0,1.01261e-06,0.0,0.0
208.3998989135856,40.0,1.098073e-06,0.0,0.0
208.3994514113516,40.0,1.030698e-06,0.0,0.0
208.399063759928,40.0,9.906653e-07,0.0,0.0
208.39865528680056,40.0,9.571522000000002e-07,0.0,0.0
208.3982531472305,40.0,1.039632e-06,0.0,0.0
208.39781659606749,40.0,1.053268e-06,0.0,0.0
208.39739040655647,40.0,1.06066e-06,0.0,0.0
208.3969871338257,40.0,9.989162e-07,0.0,0.0
208.3965718090988,40.0,9.116047e-07,0.0,0.0
208.39618401175483,40.0,9.430369e-07,0.0,0.0
208.3957540387275,40.0,9.851647000000002e-07,0.0,0.0
208.39531212738203,40.0,9.426294e-07,0.0,0.0
208.3949152385334,40.0,9.820506e-07,0.0,0.0
208.39449479339007,40.0,1.075256e-06,0.0,0.0
208.39405156562023,40.0,1.078763e-06,0.0,0.0
208.3936450262061,40.0,1.130291e-06,0.0,0.0
208.393241991372,40.0,1.106222e-06,0.0,0.0
208.39280606639187,40.0,1.093489e-06,0.0,0.0
208.39237525853392,40.0,1.092296e-06,0.0,0.0
208.3919459297705,40.0,1.042135e-06,0.0,0.0
208.39155832747653,40.0,1.072083e-06,0.0,0.0
208.39111552926,40.0,1.113964e-06,0.0,0.0
208.3906978542801,40.0,1.077817e-06,0.0,0.0
208.39029986901645,40.0,1.098335e-06,0.0,0.0
208.3898590264068,40.0,1.00302e-06,0.0,0.0
208.38945238655623,40.0,1.050896e-06,0.0,0.0
208.3890388822041,40.0,1.083448e-06,0.0,0.0
208.3886512560254,40.0,1.066554e-06,0.0,0.0
208.38822694081247,40.0,1.135908e-06,0.0,0.0
208.38779637810572,40.0,1.099688e-06,0.0,0.0
208.3873882939416,40.0,1.047025e-06,0.0,0.0
208.38696212310683,40.0,1.03499e-06,0.0,0.0
208.38654972163283,40.0,1.083186e-06,0.0,0.0
208.38613732029987,40.0,1.083652e-06,0.0,0.0
208.38571362494648,40.0,1.076274e-06,0.0,0.0
208.38529345041377,40.0,1.062333e-06,0.0,0.0
208.38487233876936,40.0,1.056833e-06,0.0,0.0
208.3844425115916,40.0,1.047301e-06,0.0,0.0
208.3840550973604,40.0,1.033332e-06,0.0,0.0
208.3836397999337,40.0,1.174121e-06,0.0,0.0
208.38319557644263,40.0,1.218126e-06,0.0,0.0
208.3827866476107,40.0,1.178603e-06,0.0,0.0
208.38237264545424,40.0,1.171895e-06,0.0,0.0
208.3819251571888,40.0,1.124325e-06,0.0,0.0
208.38150703497703,40.0,1.150765e-06,0.0,0.0
208.3810919646841,40.0,1.099805e-06,0.0,0.0
208.38065590912404,40.0,1.122302e-06,0.0,0.0
208.3802705036233,40.0,1.152119e-06,0.0,0.0
208.3798299180108,40.0,1.155902e-06,0.0,0.0
208.3794316338912,40.0,1.137989e-06,0.0,0.0
208.3790151162316,40.0,1.213746e-06,0.0,0.0
208.37859294451005,40.0,1.201406e-06,0.0,0.0
208.3781841388918,40.0,1.199005e-06,0.0,0.0
208.37775393410487,40.0,1.156543e-06,0.0,0.0
208.37736229425064,40.0,1.182081e-06,0.0,0.0
208.37691542857613,40.0,1.220353e-06,0.0,0.0
208.3765300494373,40.0,1.23425e-06,0.0,0.0
208.3761074039949,40.0,1.345179e-06,0.0,0.0
208.37569144888096,40.0,1.387234e-06,0.0,0.0
208.37528361494523,40.0,1.344248e-06,0.0,0.0
208.3748529801258,40.0,1.256194e-06,0.0,0.0
208.37442049614967,40.0,1.218286e-06,0.0,0.0
208.373996903364,40.0,1.180029e-06,0.0,0.0
208.37361564484817,40.0,1.174965e-06,0.0,0.0
208.3731726248893,40.0,1.213528e-06,0.0,0.0
208.3727444089816,40.0,1.209046e-06,0.0,0.0
208.37231346061017,40.0,1.290988e-06,0.0,0.0
208.37190533026777,40.0,1.284876e-06,0.0,0.0
208.37148291126505,40.0,1.333086e-06,0.0,0.0
208.37106750386687,40.0,1.286957e-06,0.0,0.0
208.3706357605052,40.0,1.249355e-06,0.0,0.0
208.3702319489439,40.0,1.271022e-06,0.0,0.0
208.3698084312012,40.0,1.194552e-06,0.0,0.0
208.36940950786163,40.0,1.218257e-06,0.0,0.0
208.36896321637064,40.0,1.263121e-06,0.0,0.0
208.3685730028025,40.0,1.269538e-06,0.0,0.0
208.3681602339503,40.0,1.172957e-06,0.0,0.0
208.36773426589036,40.0,1.219654e-06,0.0,0.0
208.3673260680248,40.0,1.282198e-06,0.0,0.0
208.3668954607573,40.0,1.377979e-06,0.0,0.0
208.36647070985396,40.0,1.339897e-06,0.0,0.0
208.36608305474087,40.0,1.39873e-06,0.0,0.0
208.3656673932266,40.0,1.42488e-06,0.0,0.0
208.36522033529732,40.0,1.480221e-06,0.0,0.0
208.3648216740289,40.0,1.445907e-06,0.0,0.0
208.3643977310425,40.0,1.409164e-06,0.0,0.0
208.36399337601773,40.0,1.455235e-06,0.0,0.0
208.3635622692913,40.0,1.428809e-06,0.0,0.0
208.36314669615243,40.0,1.411623e-06,0.0,0.0
208.36272318967448,40.0,1.461507e-06,0.0,0.0
208.36231506345905,40.0,1.44665e-06,0.0,0.0
208.36188440805577,40.0,1.390392e-06,0.0,0.0
208.3614573399003,40.0,1.379653e-06,0.0,0.0
208.36103138786217,40.0,1.432461e-06,0.0,0.0
208.3605989175719,40.0,1.41043e-06,0.0,0.0
208.36020556979207,40.0,1.394321e-06,0.0,0.0
208.3597763551257,40.0,1.403896e-06,0.0,0.0
208.35935349657808,40.0,1.387307e-06,0.0,0.0
208.3589379224105,40.0,1.390057e-06,0.0,0.0
208.3585389628028,40.0,1.450346e-06,0.0,0.0
208.35813491291984,40.0,1.418681e-06,0.0,0.0
208.35771362128537,40.0,1.40928e-06,0.0,0.0
208.35730553169947,40.0,1.432607e-06,0.0,0.0
208.35686859168288,40.0,1.431341e-06,0.0,0.0
208.3564448045721,40.0,1.414111e-06,0.0,0.0
208.35605798631863,40.0,1.36561e-06,0.0,0.0
208.35561441008983,40.0,1.451903e-06,0.0,0.0
208.355196819302,40.0,1.47715e-06,0.0,0.0
208.3547987338214,40.0,1.483975e-06,0.0,0.0
208.35435776402616,40.0,1.525434e-06,0.0,0.0
208.35392720246247,40.0,1.488908e-06,0.0,0.0
208.3535274111128,40.0,1.504464e-06,0.0,0.0
208.35312195847905,40.0,1.527267e-06,0.0,0.0
208.3527032908504,40.0,1.526321e-06,0.0,0.0
208.35225585568048,40.0,1.559005e-06,0.0,0.0
208.3518187627248,40.0,1.551976e-06,0.0,0.0
208.35143324699092,40.0,1.535154e-06,0.0,0.0
208.3509896138312,40.0,1.570312e-06,0.0,0.0
208.35058553622,40.0,1.500593e-06,0.0,0.0
208.35018643755407,40.0,1.460809e-06,0.0,0.0
208.34975590976148,40.0,1.491906e-06,0.0,0.0
208.34934794277805,40.0,1.538428e-06,0.0,0.0
208.34891683671893,40.0,1.503722e-06,0.0,0.0
208.34851577245192,40.0,1.490189e-06,0.0,0.0
208.34810892867736,40.0,1.522392e-06,0.0,0.0
208.3476677923856,40.0,1.489403e-06,0.0,0.0
208.3472761427784,40.0,1.491368e-06,0.0,0.0
208.34684527846028,40.0,1.496155e-06,0.0,0.0
208.34640334492056,40.0,1.454391e-06,0.0,0.0
208.34600419053567,40.0,1.45915e-06,0.0,0.0
208.34558897649035,40.0,1.558277e-06,0.0,0.0
208.3451748360613,40.0,1.55723e-06,0.0,0.0
208.3447680396307,40.0,1.483088e-06,0.0,0.0
208.34433747784368,40.0,1.488981e-06,0.0,0.0
208.3439296947245,40.0,1.517634e-06,0.0,0.0
208.3435127183338,40.0,1.501045e-06,0.0,0.0
208.34306958017896,40.0,1.470267e-06,0.0,0.0
208.3426601183144,40.0,1.469889e-06,0.0,0.0
208.3422584179868,40.0,1.498382e-06,0.0,0.0
208.34182118156767,40.0,1.434528e-06,0.0,0.0
208.34139007943625,40.0,1.434033e-06,0.0,0.0
208.34096416044585,40.0,1.401495e-06,0.0,0.0
208.3405512688815,40.0,1.426466e-06,0.0,0.0
208.34013897936984,40.0,1.406603e-06,0.0,0.0
208.3397149661468,40.0,1.332286e-06,0.0,0.0
208.33931597372808,40.0,1.348249e-06,0.0,0.0
208.3388736412969,40.0,1.368942e-06,0.0,0.0
208.33846863284944,40.0,1.378095e-06,0.0,0.0
208.3380566337586,40.0,1.416396e-06,0.0,0.0
208.33764577770853,40.0,1.398599e-06,0.0,0.0
208.3372417324594,40.0,1.449633e-06,0.0,0.0
208.3368108137481,40.0,1.469685e-06,0.0,0.0
208.33640265868888,40.0,1.468114e-06,0.0,0.0
208.3359795406743,40.0,1.468448e-06,0.0,0.0
208.33556413318684,40.0,1.438093e-06,0.0,0.0
208.3351767188228,40.0,1.429842e-06,0.0,0.0
208.3347292035841,40.0,1.458524e-06,0.0,0.0
208.33430531659027,40.0,1.426306e-06,0.0,0.0
208.33386388479008,40.0,1.403256e-06,0.0,0.0
208.3334573055457,40.0,1.416236e-06,0.0,0.0
208.333044100444,40.0,1.452237e-06,0.0,0.0
208.33262880019177,40.0,1.468827e-06,0.0,0.0
208.33220882532683,40.0,1.46711e-06,0.0,0.0
208.3317914247368,40.0,1.506458e-06,0.0,0.0
208.33136354771867,40.0,1.508408e-06,0.0,0.0
208.330939729804,40.0,1.479333e-06,0.0,0.0
208.33053157598596,40.0,1.456283e-06,0.0,0.0
208.33010912801996,40.0,1.444714e-06,0.0,0.0
208.3296928197149,40.0,1.4049e-06,0.0,0.0
208.3292944843521,40.0,1.39336e-06,0.0,0.0
208.3288541719566,40.0,1.390639e-06,0.0,0.0
208.32844729854693,40.0,1.42309e-06,0.0,0.0
208.3280330067549,40.0,1.473847e-06,0.0,0.0
208.32761771117808,40.0,1.465189e-06,0.0,0.0
208.32721946003383,40.0,1.46385e-06,0.0,0.0
208.3267766584669,40.0,1.475215e-06,0.0,0.0
208.3263665719672,40.0,1.482069e-06,0.0,0.0
208.3259550748108,40.0,1.440028e-06,0.0,0.0
208.32551192164945,40.0,1.539971e-06,0.0,0.0
208.32511298826788,40.0,1.562774e-06,0.0,0.0
208.32470676412288,40.0,1.534863e-06,0.0,0.0
208.32427427409587,40.0,1.541906e-06,0.0,0.0
208.32386650829528,40.0,1.523033e-06,0.0,0.0
208.323435741846,40.0,1.559543e-06,0.0,0.0
208.32301991918104,40.0,1.584369e-06,0.0,0.0
208.3225969401707,40.0,1.536508e-06,0.0,0.0
208.3222115803144,40.0,1.532622e-06,0.0,0.0
208.3217650507843,40.0,1.500375e-06,0.0,0.0
208.3213274842536,40.0,1.528271e-06,0.0,0.0
208.32089660410304,40.0,1.485911e-06,0.0,0.0
208.32047205740625,40.0,1.511187e-06,0.0,0.0
208.32006990419703,40.0,1.511886e-06,0.0,0.0
208.31966898570312,40.0,1.554217e-06,0.0,0.0
208.31922184394315,40.0,1.408102e-06,0.0,0.0
208.31883316531471,40.0,1.452194e-06,0.0,0.0
208.31839886273212,40.0,1.433422e-06,0.0,0.0
208.3179944002405,40.0,1.423978e-06,0.0,0.0
208.3175764285355,40.0,1.452965e-06,0.0,0.0
208.31720005143748,40.0,1.427325e-06,0.0,0.0
208.3167535181447,40.0,1.396416e-06,0.0,0.0
208.31631697731828,40.0,1.412162e-06,0.0,0.0
208.315931058012,40.0,1.355991e-06,0.0,0.0
208.315486988338,40.0,1.409047e-06,0.0,0.0
208.31509279304643,40.0,1.397479e-06,0.0,0.0
208.3146842898004,40.0,1.468899e-06,0.0,0.0
208.3142540120961,40.0,1.432461e-06,0.0,0.0
208.3138232471483,40.0,1.432796e-06,0.0,0.0
208.3133882315304,40.0,1.467459e-06,0.0,0.0
208.31298451271385,40.0,1.444758e-06,0.0,0.0
208.3125794682773,40.0,1.4861e-06,0.0,0.0
208.3121364254032,40.0,1.444481e-06,0.0,0.0
208.31171480469,40.0,1.500841e-06,0.0,0.0
208.31129653794432,40.0,1.498382e-06,0.0,0.0
208.3108757962328,40.0,1.508291e-06,0.0,0.0
208.31044684707305,40.0,1.484892e-06,0.0,0.0
208.3100471917353,40.0,1.488574e-06,0.0,0.0
208.3096439685196,40.0,1.452427e-06,0.0,0.0
208.3091997840889,40.0,1.487366e-06,0.0,0.0
208.3088134931192,40.0,1.488588e-06,0.0,0.0
208.30837770365017,40.0,1.530163e-06,0.0,0.0
208.30797482442773,40.0,1.519758e-06,0.0,0.0
208.30755476405915,40.0,1.513297e-06,0.0,0.0
208.30713629217783,40.0,1.456909e-06,0.0,0.0
208.30673255406973,40.0,1.487017e-06,0.0,0.0
208.3062979442452,40.0,1.519453e-06,0.0,0.0
208.3059100195496,40.0,1.548382e-06,0.0,0.0
208.3054641124718,40.0,1.530076e-06,0.0,0.0
208.3050483762658,40.0,1.569919e-06,0.0,0.0
208.30463827094167,40.0,1.382941e-06,0.0,0.0
208.3042344304369,40.0,1.544948e-06,0.0,0.0
208.30380368861205,40.0,1.511391e-06,0.0,0.0
208.303378410292,40.0,1.479726e-06,0.0,0.0
208.3029712880016,40.0,1.523294e-06,0.0,0.0
208.30252800717204,40.0,1.578082e-06,0.0,0.0
208.30211279975327,40.0,1.560096e-06,0.0,0.0
208.30169545103047,40.0,1.564316e-06,0.0,0.0
208.3012472819034,40.0,1.585911e-06,0.0,0.0
208.3008563782637,40.0,1.544642e-06,0.0,0.0
208.3004242228528,40.0,1.548149e-06,0.0,0.0
208.3000174403772,40.0,1.572291e-06,0.0,0.0
208.29960153367784,40.0,1.589753e-06,0.0,0.0
208.2991784041536,40.0,1.60349e-06,0.0,0.0
208.29877850212847,40.0,1.594861e-06,0.0,0.0
208.29833928607863,40.0,1.608831e-06,0.0,0.0
208.29795383365152,40.0,1.621534e-06,0.0,0.0
208.29751460942464,40.0,1.601496e-06,0.0,0.0
208.29710813507916,40.0,1.555163e-06,0.0,0.0
208.2967071081784,40.0,1.557739e-06,0.0,0.0
208.29627652407632,40.0,1.537031e-06,0.0,0.0
208.29585333876807,40.0,1.552238e-06,0.0,0.0
208.29543796214287,40.0,1.538821e-06,0.0,0.0
208.2950226091409,40.0,1.484746e-06,0.0,0.0
208.2945991639532,40.0,1.483015e-06,0.0,0.0
208.29419153783368,40.0,1.475797e-06,0.0,0.0
208.29376797198205,40.0,1.467619e-06,0.0,0.0
208.29332968333185,40.0,1.451655e-06,0.0,0.0
208.29289878044105,40.0,1.412584e-06,0.0,0.0
208.2924959705717,40.0,1.444903e-06,0.0,0.0
208.29208725497864,40.0,1.42795e-06,0.0,0.0
208.29167175678623,40.0,1.393069e-06,0.0,0.0
208.2912243681364,40.0,1.384149e-06,0.0,0.0
208.290825550818,40.0,1.372086e-06,0.0,0.0
208.2904016328459,40.0,1.387962e-06,0.0,0.0
208.289954522148,40.0,1.388922e-06,0.0,0.0
208.28957872582407,40.0,1.405875e-06,0.0,0.0
208.2891579133088,40.0,1.412322e-06,0.0,0.0
208.2887560915496,40.0,1.421999e-06,0.0,0.0
208.2883190681169,40.0,1.431006e-06,0.0,0.0
208.2878923173312,40.0,1.41449e-06,0.0,0.0
208.2874897872884,40.0,1.392094e-06,0.0,0.0
208.2870859436538,40.0,1.351335e-06,0.0,0.0
208.2866870887508,40.0,1.379332e-06,0.0,0.0
208.2862564652964,40.0,1.354463e-06,0.0,0.0
208.2858348728084,40.0,1.382272e-06,0.0,0.0
208.28541527590303,40.0,1.441033e-06,0.0,0.0
208.28499148300264,40.0,1.445471e-06,0.0,0.0
208.28457835474475,40.0,1.36967e-06,0.0,0.0
208.28416658731464,40.0,1.408029e-06,0.0,0.0
208.28373975540728,40.0,1.393986e-06,0.0,0.0
208.28330912705036,40.0,1.424341e-06,0.0,0.0
208.28290097267347,40.0,1.382417e-06,0.0,0.0
208.2824773133623,40.0,1.395572e-06,0.0,0.0
208.28206193255429,40.0,1.431705e-06,0.0,0.0
208.2816184741272,40.0,1.441527e-06,0.0,0.0
208.2812001495548,40.0,1.421577e-06,0.0,0.0
208.28079191838,40.0,1.392851e-06,0.0,0.0
208.28036133550447,40.0,1.429784e-06,0.0,0.0
208.2799310983008,40.0,1.431938e-06,0.0,0.0
208.27954414238667,40.0,1.365028e-06,0.0,0.0
208.27911294370796,40.0,1.36708e-06,0.0,0.0
208.278715839182,40.0,1.343433e-06,0.0,0.0
208.27828769673127,40.0,1.418593e-06,0.0,0.0
208.27786372594755,40.0,1.409804e-06,0.0,0.0
208.2774515872385,40.0,1.391905e-06,0.0,0.0
208.27703603966785,40.0,1.416221e-06,0.0,0.0
208.27664852738167,40.0,1.468783e-06,0.0,0.0
208.2762247969233,40.0,1.404042e-06,0.0,0.0
208.27580580077543,40.0,1.398483e-06,0.0,0.0
208.2753856780396,40.0,1.396693e-06,0.0,0.0
208.2749583362346,40.0,1.401801e-06,0.0,0.0
208.27454609667123,40.0,1.383843e-06,0.0,0.0
208.27413284188387,40.0,1.393331e-06,0.0,0.0
208.27370912402648,40.0,1.417182e-06,0.0,0.0
208.27327655089576,40.0,1.369102e-06,0.0,0.0
208.2728458091752,40.0,1.427441e-06,0.0,0.0
208.2724376012032,40.0,1.426786e-06,0.0,0.0
208.27202197486963,40.0,1.430235e-06,0.0,0.0
208.27158963422343,40.0,1.455817e-06,0.0,0.0
208.27116761109573,40.0,1.483961e-06,0.0,0.0
208.27076687988247,40.0,1.484863e-06,0.0,0.0
208.27032869226144,40.0,1.508903e-06,0.0,0.0
208.26994344956407,40.0,1.524095e-06,0.0,0.0
208.26950175137137,40.0,1.518943e-06,0.0,0.0
208.26909630864796,40.0,1.53399e-06,0.0,0.0
208.26869669670845,40.0,1.535096e-06,0.0,0.0
208.2682659774416,40.0,1.482884e-06,0.0,0.0
208.2678581644585,40.0,1.517459e-06,0.0,0.0
208.2674260628725,40.0,1.528795e-06,0.0,0.0
208.26701906912388,40.0,1.533524e-06,0.0,0.0
208.26662189864965,40.0,1.548076e-06,0.0,0.0
208.2661789063181,40.0,1.515393e-06,0.0,0.0
208.265765624872,40.0,1.530192e-06,0.0,0.0
208.265357455455,40.0,1.529406e-06,0.0,0.0
208.26491132913577,40.0,1.481312e-06,0.0,0.0
208.26451004898777,40.0,1.524444e-06,0.0,0.0
208.26410261351336,40.0,1.469962e-06,0.0,0.0
208.2636874550556,40.0,1.472756e-06,0.0,0.0
208.2632386707965,40.0,1.498978e-06,0.0,0.0
208.262848822698,40.0,1.538618e-06,0.0,0.0
208.2624162869276,40.0,1.522654e-06,0.0,0.0
208.26197057597847,40.0,1.451772e-06,0.0,0.0
208.26155494191343,40.0,1.49275e-06,0.0,0.0
208.26114443295396,40.0,1.476001e-06,0.0,0.0
208.26074013189933,40.0,1.439199e-06,0.0,0.0
208.26029627441824,40.0,1.416483e-06,0.0,0.0
208.2598829446564,40.0,1.476859e-06,0.0,0.0
208.25947687364751,40.0,1.364839e-06,0.0,0.0
208.2590489714928,40.0,1.359906e-06,0.0,0.0
208.25867359144047,40.0,1.435925e-06,0.0,0.0
208.2582263939836,40.0,1.374661e-06,0.0,0.0
208.257827743384,40.0,1.363864e-06,0.0,0.0
208.25740372870007,40.0,1.417982e-06,0.0,0.0
208.25695681691187,40.0,1.429202e-06,0.0,0.0
208.25656949255577,40.0,1.4283e-06,0.0,0.0
208.25615430718403,40.0,1.428038e-06,0.0,0.0
208.2557467161845,40.0,1.399894e-06,0.0,0.0
208.2553216047403,40.0,1.392676e-06,0.0,0.0
208.25488615173333,40.0,1.418419e-06,0.0,0.0
208.25448287226573,40.0,1.406384e-06,0.0,0.0
208.25407771462227,40.0,1.345717e-06,0.0,0.0
208.25363460566325,40.0,1.397202e-06,0.0,0.0
208.25321332440768,40.0,1.423308e-06,0.0,0.0
208.25279538667104,40.0,1.476015e-06,0.0,0.0
208.2523741326904,40.0,1.443172e-06,0.0,0.0
208.25194459294187,40.0,1.399298e-06,0.0,0.0
208.25153526145664,40.0,1.372056e-06,0.0,0.0
208.2511414088449,40.0,1.337496e-06,0.0,0.0
208.25069739967392,40.0,1.358509e-06,0.0,0.0
208.250265770234,40.0,1.414912e-06,0.0,0.0
208.2498748704621,40.0,1.44224e-06,0.0,0.0
208.24942793896176,40.0,1.397013e-06,0.0,0.0
208.24903731394105,40.0,1.395762e-06,0.0,0.0
208.2486220747476,40.0,1.315377e-06,0.0,0.0
208.24820302213467,40.0,1.385793e-06,0.0,0.0
208.2477951198925,40.0,1.429726e-06,0.0,0.0
208.24736419426137,40.0,1.435867e-06,0.0,0.0
208.24695794613697,40.0,1.448585e-06,0.0,0.0
208.2465448409635,40.0,1.431094e-06,0.0,0.0
208.24611753778845,40.0,1.462264e-06,0.0,0.0
208.24571191881537,40.0,1.429929e-06,0.0,0.0
208.2452878037172,40.0,1.484295e-06,0.0,0.0
208.24485535924768,40.0,1.461143e-06,0.0,0.0
208.24444007787324,40.0,1.435372e-06,0.0,0.0
208.24402455809627,40.0,1.503824e-06,0.0,0.0
208.24361726417803,40.0,1.419321e-06,0.0,0.0
208.24321540214672,40.0,1.262524e-06,0.0,0.0
208.24278459021687,40.0,1.620079e-06,0.0,0.0
208.24234564311487,40.0,1.606037e-06,0.0,0.0
208.24192181909424,40.0,1.590452e-06,0.0,0.0
208.24147722313472,40.0,1.578272e-06,0.0,0.0
208.2410746775876,40.0,1.556968e-06,0.0,0.0
208.2406744901768,40.0,1.600463e-06,0.0,0.0
208.24024611194145,40.0,1.59895e-06,0.0,0.0
208.23983832340056,40.0,1.531822e-06,0.0,0.0
208.23940471862483,40.0,1.51011e-06,0.0,0.0
208.23899965605708,40.0,1.434601e-06,0.0,0.0
208.2385981142185,40.0,1.472115e-06,0.0,0.0
208.2381608040956,40.0,1.395863e-06,0.0,0.0
208.23775922131867,40.0,1.443957e-06,0.0,0.0
208.2373350274553,40.0,1.425244e-06,0.0,0.0
208.23693615777364,40.0,1.313107e-06,0.0,0.0
208.23649285185203,40.0,1.414781e-06,0.0,0.0
208.2360976836709,40.0,1.146167e-06,0.0,0.0
208.23568968439065,40.0,1.248292e-06,0.0,0.0
208.2352589240184,40.0,1.238906e-06,0.0,0.0
208.23482824853008,40.0,1.172491e-06,0.0,0.0
208.23442005066457,40.0,1.210865e-06,0.0,0.0
208.23400088045165,40.0,1.172419e-06,0.0,0.0
208.2335852789733,40.0,1.248191e-06,0.0,0.0
208.23314220303263,40.0,1.254477e-06,0.0,0.0
208.23273796717024,40.0,1.210225e-06,0.0,0.0
208.23232409760436,40.0,1.268083e-06,0.0,0.0
208.23188070825933,40.0,1.25001e-06,0.0,0.0
208.2314528179052,40.0,1.281369e-06,0.0,0.0
208.2310649654672,40.0,1.265944e-06,0.0,0.0
208.2306492789276,40.0,1.166569e-06,0.0,0.0
208.2302041325288,40.0,1.23847e-06,0.0,0.0
208.22981694830008,40.0,1.176828e-06,0.0,0.0
208.22938107801588,40.0,1.100678e-06,0.0,0.0
208.22897811869336,40.0,1.262961e-06,0.0,0.0
208.2285582367042,40.0,1.184249e-06,0.0,0.0
208.2281394090622,40.0,1.162014e-06,0.0,0.0
208.22773583256404,40.0,1.161708e-06,0.0,0.0
208.22730083133172,40.0,1.240493e-06,0.0,0.0
208.22691319733093,40.0,1.180597e-06,0.0,0.0
208.22646708749667,40.0,1.269538e-06,0.0,0.0
208.22605170668868,40.0,1.264954e-06,0.0,0.0
208.22566386087723,40.0,1.205291e-06,0.0,0.0
208.22523763835196,40.0,1.228371e-06,0.0,0.0
208.22480693903603,40.0,1.2401e-06,0.0,0.0
208.2243990831076,40.0,1.240682e-06,0.0,0.0
208.22397522618184,40.0,1.24739e-06,0.0,0.0
208.2235477356163,40.0,1.204666e-06,0.0,0.0
208.22312935567103,40.0,1.212742e-06,0.0,0.0
208.22272437408776,40.0,1.255728e-06,0.0,0.0
208.22229009699385,40.0,1.150882e-06,0.0,0.0
208.2218595823772,40.0,1.158784e-06,0.0,0.0
208.2214277707729,40.0,1.196458e-06,0.0,0.0
208.22102046261247,40.0,1.148306e-06,0.0,0.0
208.2206050602647,40.0,1.160151e-06,0.0,0.0
208.22018052568492,40.0,1.222084e-06,0.0,0.0
208.21976675658345,40.0,1.219232e-06,0.0,0.0
208.21934307974905,40.0,1.232343e-06,0.0,0.0
208.21891449561392,40.0,1.188571e-06,0.0,0.0
208.2185193639569,40.0,1.17968e-06,0.0,0.0
208.2181040109427,40.0,1.213382e-06,0.0,0.0
208.21770934810448,40.0,1.231601e-06,0.0,0.0
208.21728073249304,40.0,1.212014e-06,0.0,0.0
208.21685719655312,40.0,1.234381e-06,0.0,0.0
208.21644309917383,40.0,1.230117e-06,0.0,0.0
208.216018396142,40.0,1.241526e-06,0.0,0.0
208.2156393166788,40.0,1.221415e-06,0.0,0.0
208.21519534162903,40.0,1.149747e-06,0.0,0.0
208.21476345673872,40.0,1.260676e-06,0.0,0.0
208.2143722076668,40.0,1.22741e-06,0.0,0.0
208.21392482975327,40.0,1.229899e-06,0.0,0.0
208.2135064664976,40.0,1.232416e-06,0.0,0.0
208.21309089369376,40.0,1.275053e-06,0.0,0.0
208.21269946686,40.0,1.256558e-06,0.0,0.0
208.21225312093395,40.0,1.238426e-06,0.0,0.0
208.21182914853472,40.0,1.171778e-06,0.0,0.0
208.2113897384411,40.0,1.226901e-06,0.0,0.0
208.2109861874117,40.0,1.256019e-06,0.0,0.0
208.21057097645505,40.0,1.247521e-06,0.0,0.0
208.21015888343604,40.0,1.276014e-06,0.0,0.0
208.2097535145353,40.0,1.281311e-06,0.0,0.0
208.20932267986527,40.0,1.255816e-06,0.0,0.0
208.20891468666207,40.0,1.254477e-06,0.0,0.0
208.20849418050148,40.0,1.227221e-06,0.0,0.0
208.2080754949447,40.0,1.237597e-06,0.0,0.0
208.207689774702,40.0,1.239212e-06,0.0,0.0
208.20724101453,40.0,1.247405e-06,0.0,0.0
208.206842372312,40.0,1.251407e-06,0.0,0.0
208.2064184733904,40.0,1.213019e-06,0.0,0.0
208.2059734557621,40.0,1.188921e-06,0.0,0.0
208.2055856320709,40.0,1.169712e-06,0.0,0.0
208.20517058523663,40.0,1.253415e-06,0.0,0.0
208.2047428993204,40.0,1.18812e-06,0.0,0.0
208.2043350598773,40.0,1.172841e-06,0.0,0.0
208.2039044980904,40.0,1.233624e-06,0.0,0.0
208.20348184436887,40.0,1.232984e-06,0.0,0.0
208.2030656756388,40.0,1.243359e-06,0.0,0.0
208.20267860567176,40.0,1.269756e-06,0.0,0.0
208.2022309517724,40.0,1.230248e-06,0.0,0.0
208.20180728705,40.0,1.217326e-06,0.0,0.0
208.2013656559708,40.0,1.198976e-06,0.0,0.0
208.20093500288928,40.0,1.12073e-06,0.0,0.0
208.20054610226916,40.0,1.205393e-06,0.0,0.0
208.20013049248436,40.0,1.19365e-06,0.0,0.0
208.19968757497543,40.0,1.163993e-06,0.0,0.0
208.1993022117608,40.0,1.123786e-06,0.0,0.0
208.1988651208066,40.0,1.09445e-06,0.0,0.0
208.19846375315328,40.0,1.099266e-06,0.0,0.0
208.198054397992,40.0,1.106659e-06,0.0,0.0
208.1976250617216,40.0,1.146909e-06,0.0,0.0
208.19722005045512,40.0,1.133158e-06,0.0,0.0
208.19679638002896,40.0,1.085107e-06,0.0,0.0
208.19639777043884,40.0,1.085427e-06,0.0,0.0
208.19594999647407,40.0,1.119697e-06,0.0,0.0
208.1955501546076,40.0,1.140754e-06,0.0,0.0
208.1951472690764,40.0,1.127381e-06,0.0,0.0
208.1947237266249,40.0,1.177061e-06,0.0,0.0
208.19427868181288,40.0,1.167282e-06,0.0,0.0
208.19388494187567,40.0,1.147288e-06,0.0,0.0
208.1934575242269,40.0,1.173641e-06,0.0,0.0
208.1930141976113,40.0,1.190172e-06,0.0,0.0
208.19260748927505,40.0,1.188324e-06,0.0,0.0
208.19220692042663,40.0,1.19771e-06,0.0,0.0
208.19177604527653,40.0,1.171749e-06,0.0,0.0
208.1913363590748,40.0,1.185588e-06,0.0,0.0
208.19093734519285,40.0,1.194785e-06,0.0,0.0
208.19051330214907,40.0,1.217923e-06,0.0,0.0
208.19009816561177,40.0,1.194581e-06,0.0,0.0
208.18969068596644,40.0,1.221342e-06,0.0,0.0
208.18925961255897,40.0,1.205932e-06,0.0,0.0
208.18886800666857,40.0,1.140055e-06,0.0,0.0
208.1884207673672,40.0,1.178982e-06,0.0,0.0
208.18802037281603,40.0,1.186811e-06,0.0,0.0
208.18761425373367,40.0,1.206121e-06,0.0,0.0
208.1871967368554,40.0,1.227207e-06,0.0,0.0
208.186788902834,40.0,1.201406e-06,0.0,0.0
208.1863498806113,40.0,1.168155e-06,0.0,0.0
208.18594959767768,40.0,1.231077e-06,0.0,0.0
208.18553668664035,40.0,1.220295e-06,0.0,0.0
208.18509341877223,40.0,1.204593e-06,0.0,0.0
208.18470146656483,40.0,1.178458e-06,0.0,0.0
208.18427212901256,40.0,1.15794e-06,0.0,0.0
208.18384100204807,40.0,1.189386e-06,0.0,0.0
208.18343305099648,40.0,1.172317e-06,0.0,0.0
208.18301679266995,40.0,1.13275e-06,0.0,0.0
208.1825853729217,40.0,1.171138e-06,0.0,0.0
208.18216375720405,40.0,1.186563e-06,0.0,0.0
208.181762635195,40.0,1.150431e-06,0.0,0.0
208.18132536772097,40.0,1.140783e-06,0.0,0.0
208.1808942316172,40.0,1.223219e-06,0.0,0.0
208.18046934653324,40.0,1.221895e-06,0.0,0.0
208.18005515360107,40.0,1.187509e-06,0.0,0.0
208.1796431812768,40.0,1.170047e-06,0.0,0.0
208.17921893321164,40.0,1.16782e-06,0.0,0.0
208.178820195444,40.0,1.147477e-06,0.0,0.0
208.1783822490887,40.0,1.130189e-06,0.0,0.0
208.1779760677356,40.0,1.138251e-06,0.0,0.0
208.177561069414,40.0,1.151711e-06,0.0,0.0
208.17717357866408,40.0,1.137043e-06,0.0,0.0
208.17674521209992,40.0,1.135821e-06,0.0,0.0
208.1763247837644,40.0,1.120323e-06,0.0,0.0
208.17590664188307,40.0,1.119799e-06,0.0,0.0
208.17548389406252,40.0,1.087727e-06,0.0,0.0
208.17506751087288,40.0,1.091714e-06,0.0,0.0
208.17465676939852,40.0,1.104578e-06,0.0,0.0
208.1742327812672,40.0,1.09183e-06,0.0,0.0
208.17380961369884,40.0,1.105989e-06,0.0,0.0
208.17338984684983,40.0,1.075168e-06,0.0,0.0
208.17296396713112,40.0,1.063308e-06,0.0,0.0
208.1725486788692,40.0,1.071123e-06,0.0,0.0
208.17212051636832,40.0,1.081644e-06,0.0,0.0
208.17171483073847,40.0,1.037639e-06,0.0,0.0
208.1712910825549,40.0,1.078253e-06,0.0,0.0
208.17085053546137,40.0,1.076958e-06,0.0,0.0
208.17046531550432,40.0,1.070832e-06,0.0,0.0
208.17002845296008,40.0,1.097564e-06,0.0,0.0
208.169620615746,40.0,1.119115e-06,0.0,0.0
208.16921874457068,40.0,1.10305e-06,0.0,0.0
208.16878829972063,40.0,1.106702e-06,0.0,0.0
208.16838012260408,40.0,1.132386e-06,0.0,0.0
208.16795182926867,40.0,1.095032e-06,0.0,0.0
208.16754150040424,40.0,1.058521e-06,0.0,0.0
208.16714906851692,40.0,1.048917e-06,0.0,0.0
208.16670391814543,40.0,1.082575e-06,0.0,0.0
208.1663051790267,40.0,1.066859e-06,0.0,0.0
208.16588168447328,40.0,1.083739e-06,0.0,0.0
208.16543335958963,40.0,1.09445e-06,0.0,0.0
208.1650341973983,40.0,1.084612e-06,0.0,0.0
208.16462939580788,40.0,1.109016e-06,0.0,0.0
208.1642088343037,40.0,1.091539e-06,0.0,0.0
208.1638006537568,40.0,1.055756e-06,0.0,0.0
208.1633697523352,40.0,1.084758e-06,0.0,0.0
208.1629388762218,40.0,1.095148e-06,0.0,0.0
208.1625306782716,40.0,1.079403e-06,0.0,0.0
208.16211600501143,40.0,1.075445e-06,0.0,0.0
208.16169251654145,40.0,1.049892e-06,0.0,0.0
208.16126160858207,40.0,1.042645e-06,0.0,0.0
208.16082027438105,40.0,1.038978e-06,0.0,0.0
208.1604232165882,40.0,9.836949e-07,0.0,0.0
208.16000477277967,40.0,1.042252e-06,0.0,0.0
208.15958436597467,40.0,1.02492e-06,0.0,0.0
208.15917422759097,40.0,9.926589e-07,0.0,0.0
208.1587459714344,40.0,9.564101e-07,0.0,0.0
208.15835307504716,40.0,9.850337000000002e-07,0.0,0.0
208.15790965186068,40.0,9.682262e-07,0.0,0.0
208.15751260573327,40.0,9.557843e-07,0.0,0.0
208.157097051536,40.0,9.678915000000002e-07,0.0,0.0
208.1566823538492,40.0,1.012304e-06,0.0,0.0
208.1562668603921,40.0,1.025794e-06,0.0,0.0
208.15584118986345,40.0,1.02054e-06,0.0,0.0
208.15542471930817,40.0,1.033564e-06,0.0,0.0
208.15500660944627,40.0,1.097796e-06,0.0,0.0
208.1545916177512,40.0,1.112188e-06,0.0,0.0
208.15415542060893,40.0,1.124979e-06,0.0,0.0
208.15376997324927,40.0,1.127351e-06,0.0,0.0
208.1533294773029,40.0,1.134802e-06,0.0,0.0
208.1528858945072,40.0,1.140026e-06,0.0,0.0
208.1524817463244,40.0,1.155422e-06,0.0,0.0
208.15207111631508,40.0,1.132299e-06,0.0,0.0
208.15165584005564,40.0,1.140521e-06,0.0,0.0
208.1512479316173,40.0,1.148175e-06,0.0,0.0
208.1508225239396,40.0,1.127613e-06,0.0,0.0
208.1503872843855,40.0,1.127453e-06,0.0,0.0
208.1499839061504,40.0,1.095817e-06,0.0,0.0
208.14955060825244,40.0,1.105494e-06,0.0,0.0
208.14914436790744,40.0,1.110922e-06,0.0,0.0
208.14874131232,40.0,1.089124e-06,0.0,0.0
208.14830529531304,40.0,1.098277e-06,0.0,0.0
208.1478971193121,40.0,1.130291e-06,0.0,0.0
208.14747259246107,40.0,1.107968e-06,0.0,0.0
208.14707059378813,40.0,1.101609e-06,0.0,0.0
208.14667011627373,40.0,1.097316e-06,0.0,0.0
208.1462423741289,40.0,1.100343e-06,0.0,0.0
208.14582239074767,40.0,1.08013e-06,0.0,0.0
208.14540062607264,40.0,1.075721e-06,0.0,0.0
208.14497688320088,40.0,1.058172e-06,0.0,0.0
208.14459321223367,40.0,1.057168e-06,0.0,0.0
208.1441504486511,40.0,1.038934e-06,0.0,0.0
208.1437262779345,40.0,1.022185e-06,0.0,0.0
208.14333116247667,40.0,1.009073e-06,0.0,0.0
208.14288743190167,40.0,1.011387e-06,0.0,0.0
208.142460757792,40.0,1.044842e-06,0.0,0.0
208.1420454881592,40.0,1.036475e-06,0.0,0.0
208.14160188849385,40.0,1.038206e-06,0.0,0.0
208.1411867030554,40.0,1.035165e-06,0.0,0.0
208.14077860038125,40.0,1.03502e-06,0.0,0.0
208.1403476974904,40.0,1.026798e-06,0.0,0.0
208.1399397305172,40.0,1.026958e-06,0.0,0.0
208.1395247087852,40.0,1.045511e-06,0.0,0.0
208.13911699099808,40.0,1.0558e-06,0.0,0.0
208.13871568461883,40.0,1.072913e-06,0.0,0.0
208.13826975967984,40.0,1.068998e-06,0.0,0.0
208.13787101740448,40.0,1.049528e-06,0.0,0.0
208.137447268802,40.0,1.043503e-06,0.0,0.0
208.13706059156408,40.0,1.068038e-06,0.0,0.0
208.1366172654793,40.0,1.089313e-06,0.0,0.0
208.1361993653452,40.0,1.12447e-06,0.0,0.0
208.13580130638007,40.0,1.089182e-06,0.0,0.0
208.1353605095673,40.0,1.022447e-06,0.0,0.0
208.13493026461035,40.0,1.095483e-06,0.0,0.0
208.134540090128,40.0,1.061184e-06,0.0,0.0
208.1341245425573,40.0,1.05612e-06,0.0,0.0
208.1336823589569,40.0,1.060151e-06,0.0,0.0
208.1332969115972,40.0,1.072651e-06,0.0,0.0
208.13285910954983,40.0,1.111301e-06,0.0,0.0
208.13241283285504,40.0,1.087101e-06,0.0,0.0
208.1319920866688,40.0,1.089793e-06,0.0,0.0
208.1315876367552,40.0,1.057459e-06,0.0,0.0
208.1311885349044,40.0,1.090957e-06,0.0,0.0
208.13075763199103,40.0,1.101929e-06,0.0,0.0
208.13033617361387,40.0,1.083419e-06,0.0,0.0
208.12991691543448,40.0,1.082342e-06,0.0,0.0
208.1294931725628,40.0,1.025794e-06,0.0,0.0
208.12911186282653,40.0,1.049397e-06,0.0,0.0
208.12866881930128,40.0,1.03694e-06,0.0,0.0
208.1282576622185,40.0,1.037421e-06,0.0,0.0
208.1278477019819,40.0,9.626237e-07,0.0,0.0
208.127405386554,40.0,9.385985e-07,0.0,0.0
208.12700718489407,40.0,9.65505e-07,0.0,0.0
208.12659163986427,40.0,9.706855e-07,0.0,0.0
208.12617723676848,40.0,1.015389e-06,0.0,0.0
208.12576999468456,40.0,9.769428000000002e-07,0.0,0.0
208.125338862252,40.0,1.012537e-06,0.0,0.0
208.12493091138964,40.0,1.011213e-06,0.0,0.0
208.12451418403424,40.0,1.026434e-06,0.0,0.0
208.12407113588728,40.0,1.063323e-06,0.0,0.0
208.1236837861213,40.0,1.003937e-06,0.0,0.0
208.1232597888668,40.0,1.046763e-06,0.0,0.0
208.12282231255057,40.0,1.044755e-06,0.0,0.0
208.12239163805688,40.0,1.066524e-06,0.0,0.0
208.12198856449103,40.0,1.092762e-06,0.0,0.0
208.12157869090305,40.0,1.12009e-06,0.0,0.0
208.1211356427561,40.0,1.115375e-06,0.0,0.0
208.12071439606208,40.0,1.061882e-06,0.0,0.0
208.1202965357808,40.0,1.02249e-06,0.0,0.0
208.1198757728512,40.0,1.052715e-06,0.0,0.0
208.11947061274424,40.0,1.031338e-06,0.0,0.0
208.11905874514352,40.0,1.079243e-06,0.0,0.0
208.11862829230725,40.0,1.07332e-06,0.0,0.0
208.11824284916892,40.0,1.095803e-06,0.0,0.0
208.11782261884852,40.0,1.075692e-06,0.0,0.0
208.11740064965144,40.0,1.091568e-06,0.0,0.0
208.11697665160645,40.0,1.093213e-06,0.0,0.0
208.116564924398,40.0,1.144959e-06,0.0,0.0
208.11615019028545,40.0,1.125809e-06,0.0,0.0
208.1157262985288,40.0,1.113309e-06,0.0,0.0
208.1153181208145,40.0,1.10417e-06,0.0,0.0
208.11488722051263,40.0,1.14835e-06,0.0,0.0
208.11446105530203,40.0,1.169406e-06,0.0,0.0
208.11404882771163,40.0,1.147535e-06,0.0,0.0
208.11365857325487,40.0,1.131964e-06,0.0,0.0
208.1132124776607,40.0,1.132445e-06,0.0,0.0
208.11277952800083,40.0,1.152992e-06,0.0,0.0
208.11237181110664,40.0,1.149936e-06,0.0,0.0
208.11194138767937,40.0,1.171808e-06,0.0,0.0
208.11152556217084,40.0,1.166336e-06,0.0,0.0
208.11110160465995,40.0,1.179927e-06,0.0,0.0
208.11069427075813,40.0,1.177817e-06,0.0,0.0
208.1102707818454,40.0,1.157052e-06,0.0,0.0
208.10987203715453,40.0,1.173001e-06,0.0,0.0
208.1094248166021,40.0,1.160413e-06,0.0,0.0
208.1090245558133,40.0,1.143329e-06,0.0,0.0
208.10861923061623,40.0,1.154927e-06,0.0,0.0
208.10820074574423,40.0,1.126042e-06,0.0,0.0
208.10779257090624,40.0,1.137567e-06,0.0,0.0
208.1073616680154,40.0,1.124994e-06,0.0,0.0
208.10693153967875,40.0,1.129214e-06,0.0,0.0
208.10654177732707,40.0,1.135952e-06,0.0,0.0
208.10610760647387,40.0,1.132837e-06,0.0,0.0
208.10572571606136,40.0,1.148219e-06,0.0,0.0
208.1052848771473,40.0,1.162131e-06,0.0,0.0
208.10484534700063,40.0,1.146167e-06,0.0,0.0
208.1044596688152,40.0,1.168039e-06,0.0,0.0
208.104021275891,40.0,1.171822e-06,0.0,0.0
208.10360545038247,40.0,1.205626e-06,0.0,0.0
208.1031894659274,40.0,1.211025e-06,0.0,0.0
208.10278174560733,40.0,1.24058e-06,0.0,0.0
208.1023421767814,40.0,1.264387e-06,0.0,0.0
208.10191843390967,40.0,1.240376e-06,0.0,0.0
208.101473482818,40.0,1.267239e-06,0.0,0.0
208.10107095413008,40.0,1.240274e-06,0.0,0.0
208.1006705131269,40.0,1.267312e-06,0.0,0.0
208.10024269882544,40.0,1.262975e-06,0.0,0.0
208.09982226880243,40.0,1.248321e-06,0.0,0.0
208.09940384821192,40.0,1.270673e-06,0.0,0.0
208.09898082226783,40.0,1.249951e-06,0.0,0.0
208.09859332701865,40.0,1.229593e-06,0.0,0.0
208.0981568224732,40.0,1.22856e-06,0.0,0.0
208.09775476222856,40.0,1.253502e-06,0.0,0.0
208.09733102532076,40.0,1.263907e-06,0.0,0.0
208.096932032902,40.0,1.247026e-06,0.0,0.0
208.0965077854564,40.0,1.228531e-06,0.0,0.0
208.0960719923346,40.0,1.343244e-06,0.0,0.0
208.0956842268428,40.0,1.321358e-06,0.0,0.0
208.0952539190844,40.0,1.335939e-06,0.0,0.0
208.09482301867624,40.0,1.335982e-06,0.0,0.0
208.09441484106827,40.0,1.344859e-06,0.0,0.0
208.093994258046,40.0,1.35538e-06,0.0,0.0
208.09357898841307,40.0,1.352731e-06,0.0,0.0
208.09313566758087,40.0,1.304128e-06,0.0,0.0
208.0927144169136,40.0,1.347566e-06,0.0,0.0
208.09231861121543,40.0,1.262204e-06,0.0,0.0
208.0918760162673,40.0,1.194232e-06,0.0,0.0
208.0914470895929,40.0,1.316293e-06,0.0,0.0
208.0910473885641,40.0,1.276407e-06,0.0,0.0
208.0906443885169,40.0,1.272711e-06,0.0,0.0
208.09019991255047,40.0,1.285996e-06,0.0,0.0
208.0898011605453,40.0,1.265915e-06,0.0,0.0
208.0893771675302,40.0,1.295572e-06,0.0,0.0
208.08897447729396,40.0,1.254288e-06,0.0,0.0
208.08853909729208,40.0,1.211069e-06,0.0,0.0
208.0881353992778,40.0,1.168708e-06,0.0,0.0
208.0877317018588,40.0,1.180233e-06,0.0,0.0
208.0872970065163,40.0,1.172288e-06,0.0,0.0
208.08688906116848,40.0,1.193941e-06,0.0,0.0
208.0864627491277,40.0,1.160719e-06,0.0,0.0
208.08604719864925,40.0,1.175882e-06,0.0,0.0
208.085659988376,40.0,1.158303e-06,0.0,0.0
208.08521399613588,40.0,1.156513e-06,0.0,0.0
208.08481469506424,40.0,1.229433e-06,0.0,0.0
208.08439151585569,40.0,1.20874e-06,0.0,0.0
208.08394307487845,40.0,1.232067e-06,0.0,0.0
208.08355661388256,40.0,1.223525e-06,0.0,0.0
208.08314032075327,40.0,1.246226e-06,0.0,0.0
208.08271822349596,40.0,1.301509e-06,0.0,0.0
208.08228753200623,40.0,1.298584e-06,0.0,0.0
208.0818480591488,40.0,1.314314e-06,0.0,0.0
208.0814480151864,40.0,1.270935e-06,0.0,0.0
208.081025073715,40.0,1.329434e-06,0.0,0.0
208.0805920408031,40.0,1.278284e-06,0.0,0.0
208.08017759393545,40.0,1.259439e-06,0.0,0.0
208.07977031575533,40.0,1.250621e-06,0.0,0.0
208.07933941319567,40.0,1.246488e-06,0.0,0.0
208.0789113460847,40.0,1.23147e-06,0.0,0.0
208.07851513676303,40.0,1.249675e-06,0.0,0.0
208.07810863062616,40.0,1.247885e-06,0.0,0.0
208.07770785300207,40.0,1.271808e-06,0.0,0.0
208.07727717751385,40.0,1.229477e-06,0.0,0.0
208.0768690543414,40.0,1.171546e-06,0.0,0.0
208.07643851820487,40.0,1.215798e-06,0.0,0.0
208.07601466856147,40.0,1.198874e-06,0.0,0.0
208.07563547197125,40.0,1.184555e-06,0.0,0.0
208.0751921874256,40.0,1.149761e-06,0.0,0.0
208.07476819259728,40.0,1.174238e-06,0.0,0.0
208.0743389178176,40.0,1.122651e-06,0.0,0.0
208.0739220027984,40.0,1.145774e-06,0.0,0.0
208.0735032954674,40.0,1.169014e-06,0.0,0.0
208.07308774789672,40.0,1.206106e-06,0.0,0.0
208.07269706752,40.0,1.234686e-06,0.0,0.0
208.07226703442257,40.0,1.262684e-06,0.0,0.0
208.07182599774703,40.0,1.258944e-06,0.0,0.0
208.0713827294656,40.0,1.242166e-06,0.0,0.0
208.07099728633992,40.0,1.234381e-06,0.0,0.0
208.07056780233623,40.0,1.190536e-06,0.0,0.0
208.07015577937304,40.0,1.070308e-06,0.0,0.0
208.06975071135545,40.0,1.160035e-06,0.0,0.0
208.06932026732056,40.0,1.108303e-06,0.0,0.0
208.06891231959787,40.0,1.13713e-06,0.0,0.0
208.0684914541718,40.0,1.154709e-06,0.0,0.0
208.06807619116543,40.0,1.190288e-06,0.0,0.0
208.06768839507689,40.0,1.219159e-06,0.0,0.0
208.0672395804637,40.0,1.211985e-06,0.0,0.0
208.0668356981592,40.0,1.223307e-06,0.0,0.0
208.06641635085043,40.0,1.219858e-06,0.0,0.0
208.06597095273568,40.0,1.214939e-06,0.0,0.0
208.065579653414,40.0,1.215798e-06,0.0,0.0
208.065168191984,40.0,1.216496e-06,0.0,0.0
208.0647412545228,40.0,1.176624e-06,0.0,0.0
208.06431035163192,40.0,1.177279e-06,0.0,0.0
208.06390218116243,40.0,1.187625e-06,0.0,0.0
208.0634790570005,40.0,1.183245e-06,0.0,0.0
208.06306378736767,40.0,1.167355e-06,0.0,0.0
208.0626760249376,40.0,1.167864e-06,0.0,0.0
208.06222842900303,40.0,1.174296e-06,0.0,0.0
208.06180468613127,40.0,1.14151e-06,0.0,0.0
208.06136335712736,40.0,1.122651e-06,0.0,0.0
208.0609326816391,40.0,1.137436e-06,0.0,0.0
208.06053345751613,40.0,1.127701e-06,0.0,0.0
208.06012857373616,40.0,1.061577e-06,0.0,0.0
208.05970816168505,40.0,1.130931e-06,0.0,0.0
208.05926097993697,40.0,1.101929e-06,0.0,0.0
208.0588622359088,40.0,1.100285e-06,0.0,0.0
208.05843849897707,40.0,1.083143e-06,0.0,0.0
208.0580508409473,40.0,1.027132e-06,0.0,0.0
208.05762228391845,40.0,1.020569e-06,0.0,0.0
208.05723728735657,40.0,1.035572e-06,0.0,0.0
208.0567935287068,40.0,1.031978e-06,0.0,0.0
208.0563529866336,40.0,1.041379e-06,0.0,0.0
208.05596754404405,40.0,1.023334e-06,0.0,0.0
208.05553117084176,40.0,9.576033e-07,0.0,0.0
208.05512280892933,40.0,1.022272e-06,0.0,0.0
208.05472096906607,40.0,1.027991e-06,0.0,0.0
208.05429029827368,40.0,1.017164e-06,0.0,0.0
208.05385158473484,40.0,1.079155e-06,0.0,0.0
208.0534516699484,40.0,1.079636e-06,0.0,0.0
208.0530392736606,40.0,1.026376e-06,0.0,0.0
208.0525956735669,40.0,9.180367e-07,0.0,0.0
208.0521801259962,40.0,9.637442e-07,0.0,0.0
208.0517505638624,40.0,9.107316e-07,0.0,0.0
208.0513426161397,40.0,8.993957000000001e-07,0.0,0.0
208.05091194065145,40.0,8.914358000000001e-07,0.0,0.0
208.05051039223693,40.0,7.467461e-07,0.0,0.0
208.05010294625956,40.0,8.162024e-07,0.0,0.0
208.04966469293183,40.0,9.021751e-07,0.0,0.0
208.04927924214007,40.0,8.662319e-07,0.0,0.0
208.04883967091624,40.0,8.257484000000001e-07,0.0,0.0
208.04844062229355,40.0,8.136121000000001e-07,0.0,0.0
208.0479979901529,40.0,8.093193e-07,0.0,0.0
208.04758272052004,40.0,8.062198e-07,0.0,0.0
208.04719308856048,40.0,7.928611000000001e-07,0.0,0.0
208.0467629211342,40.0,7.837078999999999e-07,0.0,0.0
208.0463322456459,40.0,8.058705e-07,0.0,0.0
208.0459240759424,40.0,8.688221e-07,0.0,0.0
208.0455055451687,40.0,8.716743000000001e-07,0.0,0.0
208.04509949196355,40.0,9.163196e-07,0.0,0.0
208.04469954514497,40.0,9.086216e-07,0.0,0.0
208.0442515118972,40.0,9.213691e-07,0.0,0.0
208.0438522693352,40.0,9.392679e-07,0.0,0.0
208.04342852667747,40.0,1.008069e-06,0.0,0.0
208.04298448785693,40.0,1.02185e-06,0.0,0.0
208.0425692115975,40.0,9.689975000000002e-07,0.0,0.0
208.04218172047868,40.0,9.367068e-07,0.0,0.0
208.04175187245835,40.0,9.326614e-07,0.0,0.0
208.04130956792528,40.0,9.149662e-07,0.0,0.0
208.0408858238208,40.0,8.7425e-07,0.0,0.0
208.4289375,45.0,2.064279e-05,1.0,0.0
208.4289375,45.0,-3.632187e-06,1.0,0.0
208.4289375,45.0,-2.643428e-06,1.0,0.0
208.4289375,45.0,-2.027533e-06,1.0,0.0
208.4288189704932,45.0,-1.566281e-06,1.0,0.0
208.42864186425328,45.0,-1.21216e-06,1.0,0.0
208.42840269679613,45.0,-9.361102e-07,1.0,0.0
208.4281345547464,45.0,-7.230847000000001e-07,1.0,0.0
208.42784598257887,45.0,-5.593611e-07,1.0,0.0
208.42748552541013,45.0,-4.312751000000001e-07,1.0,0.0
208.42709580495904,45.0,-3.3147810000000004e-07,1.0,0.0
208.4266877691642,45.0,-2.564484e-07,1.0,0.0
208.4262570191773,45.0,-1.954177e-07,1.0,0.0
208.42582628897463,45.0,-1.5078690000000002e-07,1.0,0.0
208.4254181662898,45.0,-1.1386870000000001e-07,1.0,0.0
208.42499839448897,45.0,-8.694769e-08,1.0,0.0
208.42458289416103,45.0,-6.567279e-08,1.0,0.0
208.42416975817287,45.0,-4.8399670000000004e-08,1.0,0.0
208.42376327633664,45.0,-3.611785e-08,1.0,0.0
208.42333239454808,45.0,-2.556772e-08,1.0,0.0
208.422898011742,45.0,-1.820445e-08,1.0,0.0
208.42249345156776,45.0,-1.2150850000000001e-08,1.0,0.0
208.4220902768621,45.0,-7.0867829999999995e-09,1.0,0.0
208.4216511434689,45.0,-4.540198e-09,1.0,0.0
208.421227340469,45.0,-8.003552999999998e-10,1.0,0.0
208.42079298164268,45.0,9.313226e-10,1.0,0.0
208.42036220090816,45.0,2.590241e-09,1.0,0.0
208.41996721905528,45.0,4.394678e-09,1.0,0.0
208.4195566886878,45.0,3.914465e-09,1.0,0.0
208.4191278522329,45.0,6.475601999999999e-09,1.0,0.0
208.41872693882044,45.0,5.602486999999999e-09,1.0,0.0
208.4183000170352,45.0,7.0722309999999996e-09,1.0,0.0
208.4178857694787,45.0,6.853951999999999e-09,1.0,0.0
208.4174811483502,45.0,6.868503999999999e-09,1.0,0.0
208.41705291142577,45.0,7.814377999999998e-09,1.0,0.0
208.41663458435545,45.0,7.028574999999999e-09,1.0,0.0
208.41623015260487,45.0,7.712514999999999e-09,1.0,0.0
208.41580593547832,45.0,7.392372999999999e-09,1.0,0.0
208.41536425184813,45.0,8.149072999999999e-09,1.0,0.0
208.41497882038425,45.0,7.523339999999998e-09,1.0,0.0
208.41454464902336,45.0,7.348716999999999e-09,1.0,0.0
208.41412929329047,45.0,7.945345999999999e-09,1.0,0.0
208.41370898958544,45.0,7.494236e-09,1.0,0.0
208.41329140765737,45.0,7.581547999999998e-09,1.0,0.0
208.41286993599203,45.0,7.479684e-09,1.0,0.0
208.4124392800236,45.0,7.246853999999999e-09,1.0,0.0
208.41202390911047,45.0,8.105416999999998e-09,1.0,0.0
208.4116087473844,45.0,6.883055999999999e-09,1.0,0.0
208.4112127815945,45.0,8.221831999999998e-09,1.0,0.0
208.41076917461183,45.0,6.737536999999999e-09,1.0,0.0
208.4103452503972,45.0,7.654306999999999e-09,1.0,0.0
208.40994551748497,45.0,7.697962999999999e-09,1.0,0.0
208.40953211572327,45.0,6.7084329999999995e-09,1.0,0.0
208.409098914516,45.0,8.323695999999998e-09,1.0,0.0
208.4087187582328,45.0,6.752088999999999e-09,1.0,0.0
208.4082758680868,45.0,7.727066999999999e-09,1.0,0.0
208.40785210473928,45.0,7.130437999999999e-09,1.0,0.0
208.40745168291352,45.0,7.348716999999999e-09,1.0,0.0
208.40702920077663,45.0,7.683410999999999e-09,1.0,0.0
208.4065964193324,45.0,6.8102959999999995e-09,1.0,0.0
208.40620337569828,45.0,7.465132999999999e-09,1.0,0.0
208.40578300777796,45.0,7.174094e-09,1.0,0.0
208.40534346765403,45.0,7.654306999999999e-09,1.0,0.0
208.40495843458675,45.0,7.1886459999999995e-09,1.0,0.0
208.4045200692308,45.0,6.548362e-09,1.0,0.0
208.40410470740133,45.0,7.945345999999999e-09,1.0,0.0
208.40368906808672,45.0,6.3009789999999996e-09,1.0,0.0
208.40326538200748,45.0,7.974449999999999e-09,1.0,0.0
208.40285037668903,45.0,6.664777e-09,1.0,0.0
208.4024198603825,45.0,7.014022999999999e-09,1.0,0.0
208.40200017044276,45.0,7.2031979999999995e-09,1.0,0.0
208.4015846784596,45.0,5.951732999999999e-09,1.0,0.0
208.40114587216087,45.0,7.858033999999998e-09,1.0,0.0
208.40072187931867,45.0,6.359186999999999e-09,1.0,0.0
208.40032260982164,45.0,7.348716999999999e-09,1.0,0.0
208.39989898879847,45.0,7.014022999999999e-09,1.0,0.0
208.3994518282784,45.0,6.970366999999999e-09,1.0,0.0
208.3990764345723,45.0,7.552443999999998e-09,1.0,0.0
208.3986488032956,45.0,6.373738999999999e-09,1.0,0.0
208.39822497629345,45.0,7.581547999999998e-09,1.0,0.0
208.39782993139576,45.0,6.461049999999999e-09,1.0,0.0
208.39738603443487,45.0,7.305060999999998e-09,1.0,0.0
208.39700090543883,45.0,6.912159999999999e-09,1.0,0.0
208.39657195438943,45.0,6.490153999999999e-09,1.0,0.0
208.3961620548253,45.0,7.436028999999998e-09,1.0,0.0
208.39576081800047,45.0,6.679329e-09,1.0,0.0
208.39532318395072,45.0,7.217749999999999e-09,1.0,0.0
208.39489251140492,45.0,6.53381e-09,1.0,0.0
208.3944891701055,45.0,6.7084329999999995e-09,1.0,0.0
208.39407983253136,45.0,7.130437999999999e-09,1.0,0.0
208.39366431652715,45.0,6.417394999999999e-09,1.0,0.0
208.39321776639,45.0,6.883055999999999e-09,1.0,0.0
208.3927972132612,45.0,6.548362e-09,1.0,0.0
208.39239548832364,45.0,7.14499e-09,1.0,0.0
208.39194779904207,45.0,6.53381e-09,1.0,0.0
208.3915477954994,45.0,5.849869999999999e-09,1.0,0.0
208.391144454348,45.0,7.334164999999999e-09,1.0,0.0
208.39072153729083,45.0,6.344634999999999e-09,1.0,0.0
208.3902763727334,45.0,7.0722309999999996e-09,1.0,0.0
208.38988293258188,45.0,5.966284999999999e-09,1.0,0.0
208.3894555973024,45.0,6.650225e-09,1.0,0.0
208.3890440634664,45.0,7.246853999999999e-09,1.0,0.0
208.38863090215247,45.0,6.184564e-09,1.0,0.0
208.38820721480303,45.0,6.7957439999999996e-09,1.0,0.0
208.3878083419624,45.0,6.068149e-09,1.0,0.0
208.387366771564,45.0,6.883055999999999e-09,1.0,0.0
208.38698148785392,45.0,6.242771999999999e-09,1.0,0.0
208.38654777151007,45.0,5.9371809999999995e-09,1.0,0.0
208.38613239070213,45.0,6.853951999999999e-09,1.0,0.0
208.38573025756943,45.0,6.15546e-09,1.0,0.0
208.38530344647697,45.0,6.344634999999999e-09,1.0,0.0
208.3848727709887,45.0,6.548362e-09,1.0,0.0
208.38446750562912,45.0,6.3155309999999995e-09,1.0,0.0
208.38405568435115,45.0,6.8248479999999994e-09,1.0,0.0
208.38361996985697,45.0,6.009940999999999e-09,1.0,0.0
208.3831962019709,45.0,6.461049999999999e-09,1.0,0.0
208.3827973129538,45.0,6.024493e-09,1.0,0.0
208.38235667937496,45.0,6.6065699999999994e-09,1.0,0.0
208.3819259126744,45.0,6.184564e-09,1.0,0.0
208.3815080386556,45.0,6.388290999999999e-09,1.0,0.0
208.38109285427376,45.0,6.7084329999999995e-09,1.0,0.0
208.38070104319385,45.0,5.3114489999999996e-09,1.0,0.0
208.38025508782363,45.0,6.722984999999999e-09,1.0,0.0
208.37983121806408,45.0,6.15546e-09,1.0,0.0
208.37943219809563,45.0,6.3009789999999996e-09,1.0,0.0
208.37900823009488,45.0,6.548362e-09,1.0,0.0
208.37859335736016,45.0,5.4278639999999995e-09,1.0,0.0
208.37818488951265,45.0,6.431947e-09,1.0,0.0
208.37775445729653,45.0,5.646143e-09,1.0,0.0
208.3773623152198,45.0,6.170012e-09,1.0,0.0
208.37691567887336,45.0,6.3155309999999995e-09,1.0,0.0
208.37651457933296,45.0,5.9371809999999995e-09,1.0,0.0
208.3761078531302,45.0,6.519257999999999e-09,1.0,0.0
208.37569149468817,45.0,5.878973999999999e-09,1.0,0.0
208.37528347865808,45.0,6.3009789999999996e-09,1.0,0.0
208.37485269130767,45.0,6.111803999999999e-09,1.0,0.0
208.3744203656928,45.0,6.184564e-09,1.0,0.0
208.37401388975724,45.0,6.170012e-09,1.0,0.0
208.3735975299362,45.0,5.602486999999999e-09,1.0,0.0
208.3731722421973,45.0,6.431947e-09,1.0,0.0
208.37274415899316,45.0,5.893525999999999e-09,1.0,0.0
208.37231332432304,45.0,5.951732999999999e-09,1.0,0.0
208.3719050134608,45.0,5.9371809999999995e-09,1.0,0.0
208.3714820576768,45.0,5.878973999999999e-09,1.0,0.0
208.3710665034795,45.0,6.344634999999999e-09,1.0,0.0
208.3706346009316,45.0,5.573384e-09,1.0,0.0
208.3702304982822,45.0,6.184564e-09,1.0,0.0
208.36980653028144,45.0,5.849869999999999e-09,1.0,0.0
208.36940763195616,45.0,6.039045e-09,1.0,0.0
208.36896121546013,45.0,6.417394999999999e-09,1.0,0.0
208.36857177498305,45.0,4.9330989999999995e-09,1.0,0.0
208.36815877178984,45.0,6.475601999999999e-09,1.0,0.0
208.367732928806,45.0,5.7043509999999995e-09,1.0,0.0
208.3673385495392,45.0,5.966284999999999e-09,1.0,0.0
208.36689398279492,45.0,5.980836999999999e-09,1.0,0.0
208.36649106379568,45.0,5.296897e-09,1.0,0.0
208.3660816930704,45.0,6.431947e-09,1.0,0.0
208.3656660659404,45.0,5.486071999999999e-09,1.0,0.0
208.36521938568308,45.0,6.2136679999999995e-09,1.0,0.0
208.36482044570388,45.0,5.908077999999999e-09,1.0,0.0
208.36439653052412,45.0,5.878973999999999e-09,1.0,0.0
208.363991943536,45.0,5.9371809999999995e-09,1.0,0.0
208.36357362013337,45.0,5.413312e-09,1.0,0.0
208.36314530773365,45.0,6.170012e-09,1.0,0.0
208.36272209907057,45.0,5.675247e-09,1.0,0.0
208.36229119935248,45.0,5.7043509999999995e-09,1.0,0.0
208.36188302647616,45.0,5.646143e-09,1.0,0.0
208.3614559014389,45.0,5.369656999999999e-09,1.0,0.0
208.3610405179004,45.0,6.3009789999999996e-09,1.0,0.0
208.36059769483424,45.0,5.3405529999999994e-09,1.0,0.0
208.36018325695096,45.0,6.097251999999999e-09,1.0,0.0
208.3597842904753,45.0,5.3405529999999994e-09,1.0,0.0
208.3593447756033,45.0,6.402842999999999e-09,1.0,0.0
208.35893666327712,45.0,5.908077999999999e-09,1.0,0.0
208.35852134666976,45.0,5.195034e-09,1.0,0.0
208.35811424875823,45.0,6.635672999999999e-09,1.0,0.0
208.35771302963948,45.0,4.9476509999999995e-09,1.0,0.0
208.3572821466734,45.0,5.733454999999999e-09,1.0,0.0
208.35687410593715,45.0,5.122273999999999e-09,1.0,0.0
208.3564442545208,45.0,5.733454999999999e-09,1.0,0.0
208.356034763772,45.0,6.009940999999999e-09,1.0,0.0
208.35564124503009,45.0,5.2241379999999995e-09,1.0,0.0
208.3551970455144,45.0,6.126355999999999e-09,1.0,0.0
208.35481107647345,45.0,5.195034e-09,1.0,0.0
208.35437459089013,45.0,6.140908e-09,1.0,0.0
208.35392670752964,45.0,5.864421999999999e-09,1.0,0.0
208.353509095094,45.0,4.9330989999999995e-09,1.0,0.0
208.35310319112725,45.0,6.519257999999999e-09,1.0,0.0
208.352702909508,45.0,4.642061e-09,1.0,0.0
208.3522720278584,45.0,5.8207659999999995e-09,1.0,0.0
208.35183148925088,45.0,5.573384e-09,1.0,0.0
208.35143247193776,45.0,5.631591e-09,1.0,0.0
208.351008584824,45.0,5.980836999999999e-09,1.0,0.0
208.3505734285736,45.0,4.729371999999999e-09,1.0,0.0
208.3501635165347,45.0,6.519257999999999e-09,1.0,0.0
208.34976250092728,45.0,5.093169999999999e-09,1.0,0.0
208.3493245576416,45.0,5.617038999999999e-09,1.0,0.0
208.3489165639844,45.0,5.296897e-09,1.0,0.0
208.34849658012104,45.0,5.384208999999999e-09,1.0,0.0
208.34810912342252,45.0,6.650225e-09,1.0,0.0
208.34769274401063,45.0,4.9476509999999995e-09,1.0,0.0
208.3472442748128,45.0,5.689799e-09,1.0,0.0
208.34685363965127,45.0,5.573384e-09,1.0,0.0
208.34642116430723,45.0,5.369656999999999e-09,1.0,0.0
208.34601454249795,45.0,5.966284999999999e-09,1.0,0.0
208.34559843498076,45.0,4.5693009999999994e-09,1.0,0.0
208.345173296766,45.0,6.635672999999999e-09,1.0,0.0
208.34476132947063,45.0,5.0640659999999994e-09,1.0,0.0
208.34433709141376,45.0,5.471519999999999e-09,1.0,0.0
208.34390621668484,45.0,5.631591e-09,1.0,0.0
208.3435044460608,45.0,5.034963e-09,1.0,0.0
208.34309655948863,45.0,6.271875e-09,1.0,0.0
208.34268142882465,45.0,5.034963e-09,1.0,0.0
208.34223279220177,45.0,5.631591e-09,1.0,0.0
208.34179793093057,45.0,5.180482e-09,1.0,0.0
208.34138955218285,45.0,5.733454999999999e-09,1.0,0.0
208.34096360475888,45.0,5.369656999999999e-09,1.0,0.0
208.34054830070568,45.0,4.729371999999999e-09,1.0,0.0
208.34012014020328,45.0,6.3009789999999996e-09,1.0,0.0
208.3397349242072,45.0,4.642061e-09,1.0,0.0
208.3392907731869,45.0,5.966284999999999e-09,1.0,0.0
208.33889215490143,45.0,5.16593e-09,1.0,0.0
208.33844415913356,45.0,5.005858999999999e-09,1.0,0.0
208.33805770052547,45.0,6.3300829999999994e-09,1.0,0.0
208.33764128093307,45.0,4.598404999999999e-09,1.0,0.0
208.3372370502697,45.0,5.762558e-09,1.0,0.0
208.3368109730878,45.0,5.136826e-09,1.0,0.0
208.3363852497132,45.0,5.398760999999999e-09,1.0,0.0
208.3359799522576,45.0,5.471519999999999e-09,1.0,0.0
208.33556460586985,45.0,4.496541999999999e-09,1.0,0.0
208.3351334565268,45.0,6.15546e-09,1.0,0.0
208.3347480505392,45.0,4.758476e-09,1.0,0.0
208.33430494154507,45.0,5.878973999999999e-09,1.0,0.0
208.33386343013933,45.0,4.962202999999999e-09,1.0,0.0
208.3334783693641,45.0,5.3405529999999994e-09,1.0,0.0
208.33304418498727,45.0,5.8353179999999994e-09,1.0,0.0
208.3326289737697,45.0,4.860339999999999e-09,1.0,0.0
208.3322087755029,45.0,5.878973999999999e-09,1.0,0.0
208.3317914486269,45.0,4.874891999999999e-09,1.0,0.0
208.33136334777384,45.0,5.9371809999999995e-09,1.0,0.0
208.33093970495943,45.0,5.093169999999999e-09,1.0,0.0
208.3305314851773,45.0,4.540198e-09,1.0,0.0
208.3301092717268,45.0,6.271875e-09,1.0,0.0
208.32969275164857,45.0,4.496541999999999e-09,1.0,0.0
208.32929438446456,45.0,5.966284999999999e-09,1.0,0.0
208.32885401473635,45.0,4.758476e-09,1.0,0.0
208.32844697950196,45.0,4.874891999999999e-09,1.0,0.0
208.32803270121207,45.0,6.3300829999999994e-09,1.0,0.0
208.32761701654067,45.0,4.249159e-09,1.0,0.0
208.32721870974828,45.0,6.009940999999999e-09,1.0,0.0
208.3267760582927,45.0,4.9476509999999995e-09,1.0,0.0
208.32636632552624,45.0,5.893525999999999e-09,1.0,0.0
208.32595529735565,45.0,5.195034e-09,1.0,0.0
208.3255121441884,45.0,4.278263e-09,1.0,0.0
208.32511330678588,45.0,6.271875e-09,1.0,0.0
208.32470710047977,45.0,4.467437999999999e-09,1.0,0.0
208.3242743670952,45.0,5.515175999999999e-09,1.0,0.0
208.32385154909196,45.0,4.889443999999999e-09,1.0,0.0
208.3234358557017,45.0,4.9476509999999995e-09,1.0,0.0
208.32302011392116,45.0,6.242771999999999e-09,1.0,0.0
208.32260481868423,45.0,4.5547489999999995e-09,1.0,0.0
208.3222096575444,45.0,5.77711e-09,1.0,0.0
208.3217654261692,45.0,4.976754999999999e-09,1.0,0.0
208.32132784825217,45.0,5.282345e-09,1.0,0.0
208.3208969681016,45.0,4.7148209999999996e-09,1.0,0.0
208.32047288569788,45.0,5.296897e-09,1.0,0.0
208.32008481090963,45.0,5.529728e-09,1.0,0.0
208.31966926333888,45.0,4.671165e-09,1.0,0.0
208.3192578320547,45.0,5.733454999999999e-09,1.0,0.0
208.31882325706823,45.0,5.005858999999999e-09,1.0,0.0
208.3183995892396,45.0,5.034963e-09,1.0,0.0
208.31799526577748,45.0,5.3114489999999996e-09,1.0,0.0
208.31757735423585,45.0,4.8166839999999996e-09,1.0,0.0
208.3172008853869,45.0,6.3009789999999996e-09,1.0,0.0
208.31675471900272,45.0,4.3364709999999995e-09,1.0,0.0
208.31631768501907,45.0,5.631591e-09,1.0,0.0
208.3159318836549,45.0,4.612956999999999e-09,1.0,0.0
208.31548826704068,45.0,4.8457879999999994e-09,1.0,0.0
208.31508437535723,45.0,6.1991159999999995e-09,1.0,0.0
208.3146852627715,45.0,4.278263e-09,1.0,0.0
208.3142548081768,45.0,5.791662e-09,1.0,0.0
208.3138127940812,45.0,4.78758e-09,1.0,0.0
208.31341630262912,45.0,5.093169999999999e-09,1.0,0.0
208.31299579426263,45.0,5.660695e-09,1.0,0.0
208.31255238479656,45.0,4.380126e-09,1.0,0.0
208.31213656063824,45.0,5.631591e-09,1.0,0.0
208.3117152375108,45.0,5.049515e-09,1.0,0.0
208.311307061784,45.0,5.631591e-09,1.0,0.0
208.3108702807434,45.0,4.7148209999999996e-09,1.0,0.0
208.31046860317656,45.0,5.296897e-09,1.0,0.0
208.3100600787812,45.0,5.980836999999999e-09,1.0,0.0
208.3096296561804,45.0,4.089087999999999e-09,1.0,0.0
208.30922498436868,45.0,5.878973999999999e-09,1.0,0.0
208.3088011673481,45.0,4.4528859999999995e-09,1.0,0.0
208.30840217492943,45.0,5.689799e-09,1.0,0.0
208.3079785371,45.0,4.962202999999999e-09,1.0,0.0
208.3075398486564,45.0,4.263711e-09,1.0,0.0
208.30713067115653,45.0,5.8207659999999995e-09,1.0,0.0
208.30672782158365,45.0,4.423782e-09,1.0,0.0
208.3062969241145,45.0,5.646143e-09,1.0,0.0
208.30588890711724,45.0,4.423782e-09,1.0,0.0
208.30546272822392,45.0,5.16593e-09,1.0,0.0
208.30506141363915,45.0,5.369656999999999e-09,1.0,0.0
208.30465960682167,45.0,4.598404999999999e-09,1.0,0.0
208.30421337758028,45.0,5.573384e-09,1.0,0.0
208.3038142377233,45.0,4.642061e-09,1.0,0.0
208.3033905672468,45.0,5.471519999999999e-09,1.0,0.0
208.30296692443244,45.0,4.976754999999999e-09,1.0,0.0
208.3025272037188,45.0,4.903995e-09,1.0,0.0
208.30211936960984,45.0,6.009940999999999e-09,1.0,0.0
208.30171745173936,45.0,4.1764e-09,1.0,0.0
208.30128654819896,45.0,5.762558e-09,1.0,0.0
208.30084769073656,45.0,4.511093999999999e-09,1.0,0.0
208.30040261132007,45.0,5.3114489999999996e-09,1.0,0.0
208.3000170957397,45.0,5.4278639999999995e-09,1.0,0.0
208.2995915954924,45.0,4.3364709999999995e-09,1.0,0.0
208.29917744852327,45.0,5.631591e-09,1.0,0.0
208.2987700927412,45.0,4.394678e-09,1.0,0.0
208.29834732496,45.0,5.4424159999999995e-09,1.0,0.0
208.2979311564508,45.0,5.384208999999999e-09,1.0,0.0
208.29751413711904,45.0,4.394678e-09,1.0,0.0
208.29712603953453,45.0,5.384208999999999e-09,1.0,0.0
208.29670647161933,45.0,4.4528859999999995e-09,1.0,0.0
208.2962895670548,45.0,5.0640659999999994e-09,1.0,0.0
208.2958611355008,45.0,5.180482e-09,1.0,0.0
208.29543751587937,45.0,5.093169999999999e-09,1.0,0.0
208.29502931656992,45.0,5.631591e-09,1.0,0.0
208.2946109946288,45.0,4.612956999999999e-09,1.0,0.0
208.2942021460871,45.0,5.908077999999999e-09,1.0,0.0
208.2937549064552,45.0,4.307367e-09,1.0,0.0
208.2933557251073,45.0,5.602486999999999e-09,1.0,0.0
208.29290966513472,45.0,4.394678e-09,1.0,0.0
208.29248834350227,45.0,5.180482e-09,1.0,0.0
208.29207282900424,45.0,5.791662e-09,1.0,0.0
208.2916851711228,45.0,4.1764e-09,1.0,0.0
208.2912546461928,45.0,5.529728e-09,1.0,0.0
208.2908126204889,45.0,4.671165e-09,1.0,0.0
208.2904137501571,45.0,5.0640659999999994e-09,1.0,0.0
208.2899899369553,45.0,5.122273999999999e-09,1.0,0.0
208.2895769473633,45.0,4.467437999999999e-09,1.0,0.0
208.2891650587996,45.0,5.3405529999999994e-09,1.0,0.0
208.288738372657,45.0,4.365574999999999e-09,1.0,0.0
208.2883445146609,45.0,5.4278639999999995e-09,1.0,0.0
208.2878994083422,45.0,4.612956999999999e-09,1.0,0.0
208.28747575705344,45.0,5.005858999999999e-09,1.0,0.0
208.28708843669807,45.0,5.296897e-09,1.0,0.0
208.2866729129204,45.0,3.987224999999999e-09,1.0,0.0
208.28624463954307,45.0,5.631591e-09,1.0,0.0
208.28583662359964,45.0,4.5693009999999994e-09,1.0,0.0
208.28540293033228,45.0,5.54428e-09,1.0,0.0
208.28497878078167,45.0,4.9330989999999995e-09,1.0,0.0
208.28459578896093,45.0,4.4528859999999995e-09,1.0,0.0
208.28415293956607,45.0,5.267793e-09,1.0,0.0
208.28372822956572,45.0,4.249159e-09,1.0,0.0
208.28333373544447,45.0,5.238689e-09,1.0,0.0
208.28288951918995,45.0,4.307367e-09,1.0,0.0
208.28246332694016,45.0,4.802132e-09,1.0,0.0
208.28204797907412,45.0,5.3114489999999996e-09,1.0,0.0
208.2816130897492,45.0,4.467437999999999e-09,1.0,0.0
208.2811890258799,45.0,5.486071999999999e-09,1.0,0.0
208.28079025859023,45.0,4.612956999999999e-09,1.0,0.0
208.280366196496,45.0,5.4278639999999995e-09,1.0,0.0
208.2799647717009,45.0,4.8312359999999995e-09,1.0,0.0
208.27952775557588,45.0,4.612956999999999e-09,1.0,0.0
208.2791126824826,45.0,5.369656999999999e-09,1.0,0.0
208.27871558421123,45.0,3.9435689999999995e-09,1.0,0.0
208.27828714026404,45.0,5.4278639999999995e-09,1.0,0.0
208.27786309079332,45.0,4.205504e-09,1.0,0.0
208.27745094118745,45.0,5.107721999999999e-09,1.0,0.0
208.2770354217668,45.0,5.748006999999999e-09,1.0,0.0
208.2766476805039,45.0,4.001776999999999e-09,1.0,0.0
208.2762239220856,45.0,5.573384e-09,1.0,0.0
208.2758052096634,45.0,4.394678e-09,1.0,0.0
208.2753798586036,45.0,4.962202999999999e-09,1.0,0.0
208.27495594615533,45.0,4.903995e-09,1.0,0.0
208.27454602624977,45.0,4.365574999999999e-09,1.0,0.0
208.2741272280288,45.0,5.2241379999999995e-09,1.0,0.0
208.27370746583796,45.0,4.540198e-09,1.0,0.0
208.27327697769337,45.0,5.398760999999999e-09,1.0,0.0
208.27284625672456,45.0,4.4528859999999995e-09,1.0,0.0
208.2724382648324,45.0,4.365574999999999e-09,1.0,0.0
208.2720227956187,45.0,5.7189029999999995e-09,1.0,0.0
208.27157950395429,45.0,3.885361e-09,1.0,0.0
208.27116821439367,45.0,5.631591e-09,1.0,0.0
208.2707673974836,45.0,4.205504e-09,1.0,0.0
208.2703295935229,45.0,5.195034e-09,1.0,0.0
208.26992162071983,45.0,4.612956999999999e-09,1.0,0.0
208.26950279447067,45.0,4.612956999999999e-09,1.0,0.0
208.2690972746015,45.0,5.646143e-09,1.0,0.0
208.2686973963892,45.0,4.205504e-09,1.0,0.0
208.26824959255487,45.0,5.296897e-09,1.0,0.0
208.26785836213728,45.0,4.1764e-09,1.0,0.0
208.26742643202067,45.0,4.5547489999999995e-09,1.0,0.0
208.2670195814608,45.0,5.093169999999999e-09,1.0,0.0
208.26659466540752,45.0,4.307367e-09,1.0,0.0
208.2661796222908,45.0,5.398760999999999e-09,1.0,0.0
208.26576588606653,45.0,4.365574999999999e-09,1.0,0.0
208.26534231436287,45.0,4.612956999999999e-09,1.0,0.0
208.2649139385038,45.0,5.369656999999999e-09,1.0,0.0
208.26451870604777,45.0,4.991306999999999e-09,1.0,0.0
208.26410315632464,45.0,5.631591e-09,1.0,0.0
208.26366484389587,45.0,3.8562579999999994e-09,1.0,0.0
208.2632793283155,45.0,5.398760999999999e-09,1.0,0.0
208.26283966784064,45.0,4.394678e-09,1.0,0.0
208.2623953405344,45.0,5.3405529999999994e-09,1.0,0.0
208.2619708465945,45.0,5.2095859999999996e-09,1.0,0.0
208.26155515431228,45.0,3.783498e-09,1.0,0.0
208.26112563385217,45.0,5.7189029999999995e-09,1.0,0.0
208.26074000436745,45.0,3.929017e-09,1.0,0.0
208.26029644112967,45.0,5.3114489999999996e-09,1.0,0.0
208.2598831850053,45.0,4.147296e-09,1.0,0.0
208.25947761657844,45.0,4.874891999999999e-09,1.0,0.0
208.25903423596944,45.0,5.54428e-09,1.0,0.0
208.25865059533376,45.0,3.9435689999999995e-09,1.0,0.0
208.2582270575969,45.0,5.369656999999999e-09,1.0,0.0
208.25782816357096,45.0,4.1764e-09,1.0,0.0
208.2573847653782,45.0,5.0640659999999994e-09,1.0,0.0
208.2569997273432,45.0,5.384208999999999e-09,1.0,0.0
208.2565704275831,45.0,4.40923e-09,1.0,0.0
208.2561551892674,45.0,4.8166839999999996e-09,1.0,0.0
208.25574741513688,45.0,3.79805e-09,1.0,0.0
208.25532234697707,45.0,5.296897e-09,1.0,0.0
208.25489158345212,45.0,4.423782e-09,1.0,0.0
208.2544880743121,45.0,4.016329e-09,1.0,0.0
208.25407817694995,45.0,5.762558e-09,1.0,0.0
208.25366232074987,45.0,3.7107379999999997e-09,1.0,0.0
208.2532159701952,45.0,4.991306999999999e-09,1.0,0.0
208.25278234260708,45.0,4.205504e-09,1.0,0.0
208.25239286075453,45.0,4.78758e-09,1.0,0.0
208.251944774622,45.0,4.380126e-09,1.0,0.0
208.25152944521207,45.0,4.612956999999999e-09,1.0,0.0
208.251121710512,45.0,5.369656999999999e-09,1.0,0.0
208.25071947163184,45.0,3.783498e-09,1.0,0.0
208.2502890014992,45.0,5.369656999999999e-09,1.0,0.0
208.2498649225317,45.0,4.671165e-09,1.0,0.0
208.24945301744444,45.0,3.987224999999999e-09,1.0,0.0
208.24900969177096,45.0,5.631591e-09,1.0,0.0
208.2486289072408,45.0,3.565218999999999e-09,1.0,0.0
208.24820516339267,45.0,4.78758e-09,1.0,0.0
208.2477865873108,45.0,4.642061e-09,1.0,0.0
208.247365024962,45.0,5.151378e-09,1.0,0.0
208.24693455445703,45.0,4.40923e-09,1.0,0.0
208.24654585911424,45.0,4.103639999999999e-09,1.0,0.0
208.24613039492488,45.0,4.802132e-09,1.0,0.0
208.2457098117172,45.0,4.511093999999999e-09,1.0,0.0
208.2453015609597,45.0,4.3510229999999994e-09,1.0,0.0
208.2448641265233,45.0,4.423782e-09,1.0,0.0
208.2444403586373,45.0,4.671165e-09,1.0,0.0
208.2440532720924,45.0,4.9330989999999995e-09,1.0,0.0
208.24360992128257,45.0,3.79805e-09,1.0,0.0
208.24319348247116,45.0,5.151378e-09,1.0,0.0
208.2427950657228,45.0,3.899913e-09,1.0,0.0
208.2423547999596,45.0,5.3114489999999996e-09,1.0,0.0
208.2419240981028,45.0,4.758476e-09,1.0,0.0
208.24150571122271,45.0,4.263711e-09,1.0,0.0
208.24106278087743,45.0,4.976754999999999e-09,1.0,0.0
208.24067506111152,45.0,4.1764e-09,1.0,0.0
208.2402468074866,45.0,5.2095859999999996e-09,1.0,0.0
208.23981588599105,45.0,3.929017e-09,1.0,0.0
208.23940805133097,45.0,5.093169999999999e-09,1.0,0.0
208.2389860647673,45.0,4.991306999999999e-09,1.0,0.0
208.23859852468743,45.0,3.5361149999999996e-09,1.0,0.0
208.2381826991789,45.0,5.602486999999999e-09,1.0,0.0
208.237767988677,45.0,3.6088749999999997e-09,1.0,0.0
208.2373355458752,45.0,5.3405529999999994e-09,1.0,0.0
208.23693684195896,45.0,4.656613e-09,1.0,0.0
208.23652120374064,45.0,4.016329e-09,1.0,0.0
208.23608929040984,45.0,5.3260009999999995e-09,1.0,0.0
208.23566745772044,45.0,4.292815e-09,1.0,0.0
208.2352667571249,45.0,4.903995e-09,1.0,0.0
208.23482869264623,45.0,4.001776999999999e-09,1.0,0.0
208.2343981544528,45.0,5.253241e-09,1.0,0.0
208.2339954825541,45.0,4.8166839999999996e-09,1.0,0.0
208.2335868779483,45.0,3.565218999999999e-09,1.0,0.0
208.2331482969828,45.0,5.0640659999999994e-09,1.0,0.0
208.2327245040824,45.0,4.583852999999999e-09,1.0,0.0
208.23232586452744,45.0,5.005858999999999e-09,1.0,0.0
208.23190174463053,45.0,4.1764e-09,1.0,0.0
208.23145436791907,45.0,4.365574999999999e-09,1.0,0.0
208.2310539106104,45.0,5.3405529999999994e-09,1.0,0.0
208.23065143473409,45.0,4.365574999999999e-09,1.0,0.0
208.23022736682915,45.0,4.903995e-09,1.0,0.0
208.2298081754867,45.0,3.8271539999999996e-09,1.0,0.0
208.2293885854972,45.0,5.2241379999999995e-09,1.0,0.0
208.2289849217724,45.0,4.7148209999999996e-09,1.0,0.0
208.22857509224025,45.0,3.4196999999999997e-09,1.0,0.0
208.22813212747465,45.0,4.991306999999999e-09,1.0,0.0
208.22773026860207,45.0,4.394678e-09,1.0,0.0
208.2273150606044,45.0,4.5693009999999994e-09,1.0,0.0
208.22691606222176,45.0,3.987224999999999e-09,1.0,0.0
208.2264922239512,45.0,4.423782e-09,1.0,0.0
208.22605528252672,45.0,4.874891999999999e-09,1.0,0.0
208.22564463945577,45.0,4.278263e-09,1.0,0.0
208.2252406294417,45.0,4.8457879999999994e-09,1.0,0.0
208.224809574286,45.0,4.001776999999999e-09,1.0,0.0
208.22440137377316,45.0,4.540198e-09,1.0,0.0
208.22397785352675,45.0,4.78758e-09,1.0,0.0
208.22354959993368,45.0,3.899913e-09,1.0,0.0
208.22313153351567,45.0,4.8457879999999994e-09,1.0,0.0
208.22272708977223,45.0,4.481989999999999e-09,1.0,0.0
208.2222928410132,45.0,4.78758e-09,1.0,0.0
208.2218621411394,45.0,3.8417059999999995e-09,1.0,0.0
208.22143124217828,45.0,4.612956999999999e-09,1.0,0.0
208.2210145818815,45.0,4.700269e-09,1.0,0.0
208.220626780014,45.0,3.8417059999999995e-09,1.0,0.0
208.22018418824769,45.0,4.976754999999999e-09,1.0,0.0
208.219760145204,45.0,3.8271539999999996e-09,1.0,0.0
208.21936157000596,45.0,5.093169999999999e-09,1.0,0.0
208.2189149913828,45.0,4.612956999999999e-09,1.0,0.0
208.21852990444955,45.0,3.5070119999999997e-09,1.0,0.0
208.2181075576013,45.0,5.180482e-09,1.0,0.0
208.2177118655451,45.0,4.540198e-09,1.0,0.0
208.2172830640505,45.0,4.263711e-09,1.0,0.0
208.21685927287112,45.0,4.627509e-09,1.0,0.0
208.2164453741003,45.0,3.754394e-09,1.0,0.0
208.2160295463176,45.0,5.471519999999999e-09,1.0,0.0
208.21560497623915,45.0,3.4342519999999996e-09,1.0,0.0
208.21521982450287,45.0,4.9476509999999995e-09,1.0,0.0
208.21477421946864,45.0,4.423782e-09,1.0,0.0
208.21435034556137,45.0,4.278263e-09,1.0,0.0
208.21395038936208,45.0,4.976754999999999e-09,1.0,0.0
208.2135101626776,45.0,4.481989999999999e-09,1.0,0.0
208.21309485920608,45.0,4.802132e-09,1.0,0.0
208.21267939501672,45.0,4.205504e-09,1.0,0.0
208.2122657364544,45.0,4.525646e-09,1.0,0.0
208.21184201806847,45.0,4.118191999999999e-09,1.0,0.0
208.21140880181883,45.0,5.005858999999999e-09,1.0,0.0
208.21096245372544,45.0,4.278263e-09,1.0,0.0
208.21058604505768,45.0,4.161848e-09,1.0,0.0
208.21015963738617,45.0,5.122273999999999e-09,1.0,0.0
208.20975058822103,45.0,3.885361e-09,1.0,0.0
208.2093253579484,45.0,4.423782e-09,1.0,0.0
208.2088980205773,45.0,4.642061e-09,1.0,0.0
208.20849716916555,45.0,4.147296e-09,1.0,0.0
208.20808201733436,45.0,4.9476509999999995e-09,1.0,0.0
208.20769266540069,45.0,4.263711e-09,1.0,0.0
208.20726252772525,45.0,4.9330989999999995e-09,1.0,0.0
208.20684082428,45.0,3.6088749999999997e-09,1.0,0.0
208.2064226199763,45.0,4.292815e-09,1.0,0.0
208.2059990271906,45.0,5.093169999999999e-09,1.0,0.0
208.20558530625988,45.0,4.016329e-09,1.0,0.0
208.2051763228784,45.0,4.642061e-09,1.0,0.0
208.2047524799493,45.0,4.3364709999999995e-09,1.0,0.0
208.20432600778256,45.0,4.612956999999999e-09,1.0,0.0
208.20390769919928,45.0,3.885361e-09,1.0,0.0
208.2034857514032,45.0,4.496541999999999e-09,1.0,0.0
208.2030821338437,45.0,4.5693009999999994e-09,1.0,0.0
208.20268255257747,45.0,4.263711e-09,1.0,0.0
208.2022340738816,45.0,4.758476e-09,1.0,0.0
208.2018100297268,45.0,4.423782e-09,1.0,0.0
208.20136810273453,45.0,4.307367e-09,1.0,0.0
208.20093747858988,45.0,4.889443999999999e-09,1.0,0.0
208.200549757984,45.0,4.016329e-09,1.0,0.0
208.20013456510583,45.0,4.962202999999999e-09,1.0,0.0
208.1997134055111,45.0,4.292815e-09,1.0,0.0
208.19930539012944,45.0,4.40923e-09,1.0,0.0
208.19887978009683,45.0,4.0599839999999995e-09,1.0,0.0
208.1984729985984,45.0,4.5547489999999995e-09,1.0,0.0
208.19802992359857,45.0,4.642061e-09,1.0,0.0
208.197646683232,45.0,3.885361e-09,1.0,0.0
208.19722299038892,45.0,4.860339999999999e-09,1.0,0.0
208.19680123198097,45.0,3.739842e-09,1.0,0.0
208.19640031020387,45.0,4.9330989999999995e-09,1.0,0.0
208.195953012932,45.0,4.365574999999999e-09,1.0,0.0
208.19555242511825,45.0,3.6234269999999996e-09,1.0,0.0
208.19514961954977,45.0,4.642061e-09,1.0,0.0
208.1947255586824,45.0,4.40923e-09,1.0,0.0
208.194280299737,45.0,4.3219189999999996e-09,1.0,0.0
208.19388661710784,45.0,4.598404999999999e-09,1.0,0.0
208.1934598731032,45.0,4.263711e-09,1.0,0.0
208.1930339929251,45.0,4.903995e-09,1.0,0.0
208.19261707368747,45.0,3.9435689999999995e-09,1.0,0.0
208.19218623795769,45.0,4.5693009999999994e-09,1.0,0.0
208.19177835409377,45.0,4.5693009999999994e-09,1.0,0.0
208.19134763507387,45.0,4.598404999999999e-09,1.0,0.0
208.19091861196864,45.0,4.3364709999999995e-09,1.0,0.0
208.19052460232223,45.0,4.016329e-09,1.0,0.0
208.19010930696817,45.0,4.685717e-09,1.0,0.0
208.1896700282807,45.0,4.307367e-09,1.0,0.0
208.1892695177847,45.0,4.627509e-09,1.0,0.0
208.1888608767551,45.0,4.016329e-09,1.0,0.0
208.18844773270249,45.0,4.307367e-09,1.0,0.0
208.18800468455555,45.0,4.758476e-09,1.0,0.0
208.1876068342135,45.0,3.929017e-09,1.0,0.0
208.18719985573583,45.0,4.8457879999999994e-09,1.0,0.0
208.18678188592017,45.0,4.263711e-09,1.0,0.0
208.1863596985079,45.0,4.423782e-09,1.0,0.0
208.1859290754264,45.0,4.874891999999999e-09,1.0,0.0
208.1855120383883,45.0,3.361491999999999e-09,1.0,0.0
208.18512457506327,45.0,4.729371999999999e-09,1.0,0.0
208.18468199929845,45.0,4.263711e-09,1.0,0.0
208.18428809114943,45.0,4.598404999999999e-09,1.0,0.0
208.18385921571564,45.0,3.9435689999999995e-09,1.0,0.0
208.18341292767144,45.0,4.3364709999999995e-09,1.0,0.0
208.1829919246225,45.0,4.234607e-09,1.0,0.0
208.18260415700848,45.0,4.016329e-09,1.0,0.0
208.18218863512,45.0,4.5547489999999995e-09,1.0,0.0
208.1817577337523,45.0,3.9435689999999995e-09,1.0,0.0
208.1813160121515,45.0,4.5693009999999994e-09,1.0,0.0
208.1808787656836,45.0,3.6088749999999997e-09,1.0,0.0
208.1804930313569,45.0,3.812602e-09,1.0,0.0
208.18005587705832,45.0,4.758476e-09,1.0,0.0
208.1796450456386,45.0,3.2305249999999997e-09,1.0,0.0
208.1792407298508,45.0,4.656613e-09,1.0,0.0
208.1788098281143,45.0,3.885361e-09,1.0,0.0
208.17840165298904,45.0,3.783498e-09,1.0,0.0
208.1779781392048,45.0,4.205504e-09,1.0,0.0
208.17759092195715,45.0,2.954038999999999e-09,1.0,0.0
208.1771756563909,45.0,5.005858999999999e-09,1.0,0.0
208.17676279000176,45.0,4.234607e-09,1.0,0.0
208.17632911085715,45.0,4.511093999999999e-09,1.0,0.0
208.17590536798537,45.0,4.8457879999999994e-09,1.0,0.0
208.17550033735927,45.0,4.525646e-09,1.0,0.0
208.17507125485577,45.0,4.540198e-09,1.0,0.0
208.1746557108304,45.0,3.754394e-09,1.0,0.0
208.174230587914,45.0,4.234607e-09,1.0,0.0
208.17382241278867,45.0,4.0745359999999994e-09,1.0,0.0
208.1733917373004,45.0,4.481989999999999e-09,1.0,0.0
208.17296601997137,45.0,4.147296e-09,1.0,0.0
208.1725524318817,45.0,3.870809e-09,1.0,0.0
208.17214018843623,45.0,5.238689e-09,1.0,0.0
208.17171594527773,45.0,3.812602e-09,1.0,0.0
208.1712752481481,45.0,4.9330989999999995e-09,1.0,0.0
208.1708810005716,45.0,4.3364709999999995e-09,1.0,0.0
208.1704575032272,45.0,3.5361149999999996e-09,1.0,0.0
208.17004750958728,45.0,4.511093999999999e-09,1.0,0.0
208.16962891021623,45.0,4.001776999999999e-09,1.0,0.0
208.16920866439543,45.0,4.394678e-09,1.0,0.0
208.16880094111383,45.0,3.5943229999999998e-09,1.0,0.0
208.1683702631654,45.0,4.307367e-09,1.0,0.0
208.1679645522213,45.0,4.612956999999999e-09,1.0,0.0
208.1675522891876,45.0,3.0122459999999998e-09,1.0,0.0
208.16714206663576,45.0,4.0599839999999995e-09,1.0,0.0
208.166737790067,45.0,3.6525309999999995e-09,1.0,0.0
208.16629383154603,45.0,3.870809e-09,1.0,0.0
208.16588111566665,45.0,3.754394e-09,1.0,0.0
208.16547455133403,45.0,3.6961859999999998e-09,1.0,0.0
208.16503123187584,45.0,4.3364709999999995e-09,1.0,0.0
208.16462850916307,45.0,3.8271539999999996e-09,1.0,0.0
208.16422361752,45.0,4.671165e-09,1.0,0.0
208.1637894365687,45.0,4.278263e-09,1.0,0.0
208.16335853367784,45.0,3.8417059999999995e-09,1.0,0.0
208.1629516444385,45.0,4.467437999999999e-09,1.0,0.0
208.16253822171967,45.0,3.390596e-09,1.0,0.0
208.16209517624247,45.0,5.005858999999999e-09,1.0,0.0
208.1616796286717,45.0,4.0599839999999995e-09,1.0,0.0
208.16125038842293,45.0,4.481989999999999e-09,1.0,0.0
208.1608424420641,45.0,4.263711e-09,1.0,0.0
208.16041153861028,45.0,4.5547489999999995e-09,1.0,0.0
208.15999049891008,45.0,4.220054999999999e-09,1.0,0.0
208.15960273125825,45.0,3.8417059999999995e-09,1.0,0.0
208.1591645134345,45.0,4.496541999999999e-09,1.0,0.0
208.1587792900464,45.0,4.3510229999999994e-09,1.0,0.0
208.15833973320767,45.0,4.307367e-09,1.0,0.0
208.15794044286395,45.0,4.307367e-09,1.0,0.0
208.15749777076624,45.0,3.754394e-09,1.0,0.0
208.1571013667158,45.0,5.107721999999999e-09,1.0,0.0
208.15669401481568,45.0,3.6088749999999997e-09,1.0,0.0
208.15626251260755,45.0,4.263711e-09,1.0,0.0
208.15585456831016,45.0,4.511093999999999e-09,1.0,0.0
208.15542366904248,45.0,4.030881e-09,1.0,0.0
208.15502354363844,45.0,4.860339999999999e-09,1.0,0.0
208.1546175500989,45.0,3.914465e-09,1.0,0.0
208.15417555760823,45.0,4.220054999999999e-09,1.0,0.0
208.15375181473647,45.0,4.001776999999999e-09,1.0,0.0
208.1533150649246,45.0,4.5693009999999994e-09,1.0,0.0
208.15290751225248,45.0,3.477908e-09,1.0,0.0
208.1524851022837,45.0,3.783498e-09,1.0,0.0
208.1520698260244,45.0,5.2095859999999996e-09,1.0,0.0
208.1516380459053,45.0,3.448803999999999e-09,1.0,0.0
208.15123411281104,45.0,4.190952e-09,1.0,0.0
208.15081037105128,45.0,4.220054999999999e-09,1.0,0.0
208.1504116456325,45.0,4.700269e-09,1.0,0.0
208.1499651706076,45.0,4.089087999999999e-09,1.0,0.0
208.1495493245882,45.0,3.6379789999999996e-09,1.0,0.0
208.14916183346932,45.0,5.2241379999999995e-09,1.0,0.0
208.1487355973217,45.0,3.4924599999999997e-09,1.0,0.0
208.1483274252309,45.0,3.9581209999999995e-09,1.0,0.0
208.1478926712817,45.0,4.3364709999999995e-09,1.0,0.0
208.14746868348664,45.0,3.79805e-09,1.0,0.0
208.14708465811805,45.0,4.874891999999999e-09,1.0,0.0
208.1466459489401,45.0,3.972672999999999e-09,1.0,0.0
208.14622220093227,45.0,4.263711e-09,1.0,0.0
208.1458232104122,45.0,3.929017e-09,1.0,0.0
208.14537997288676,45.0,4.4528859999999995e-09,1.0,0.0
208.14497522761943,45.0,3.929017e-09,1.0,0.0
208.1445640801375,45.0,3.929017e-09,1.0,0.0
208.14414860248468,45.0,4.4528859999999995e-09,1.0,0.0
208.14374270815853,45.0,4.278263e-09,1.0,0.0
208.14331682430003,45.0,4.394678e-09,1.0,0.0
208.14288126967767,45.0,3.565218999999999e-09,1.0,0.0
208.1424327509796,45.0,3.929017e-09,1.0,0.0
208.14204730362,45.0,4.4383339999999995e-09,1.0,0.0
208.14162809599657,45.0,3.914465e-09,1.0,0.0
208.14120777079876,45.0,4.205504e-09,1.0,0.0
208.1407770953104,45.0,4.1764e-09,1.0,0.0
208.14035380319973,45.0,4.001776999999999e-09,1.0,0.0
208.13993841681605,45.0,4.743924e-09,1.0,0.0
208.1395143261533,45.0,3.754394e-09,1.0,0.0
208.1391353767449,45.0,4.4528859999999995e-09,1.0,0.0
208.13869159672896,45.0,4.103639999999999e-09,1.0,0.0
208.13827508665844,45.0,4.089087999999999e-09,1.0,0.0
208.13786885720992,45.0,4.3219189999999996e-09,1.0,0.0
208.1374669264067,45.0,3.870809e-09,1.0,0.0
208.13703041763452,45.0,4.78758e-09,1.0,0.0
208.13661487006388,45.0,3.899913e-09,1.0,0.0
208.1362174046352,45.0,4.3364709999999995e-09,1.0,0.0
208.13578922517965,45.0,4.5547489999999995e-09,1.0,0.0
208.13535855140356,45.0,4.40923e-09,1.0,0.0
208.13495192378053,45.0,4.7148209999999996e-09,1.0,0.0
208.1345382505881,45.0,3.6088749999999997e-09,1.0,0.0
208.1341041822739,45.0,4.729371999999999e-09,1.0,0.0
208.13368062106176,45.0,4.0745359999999994e-09,1.0,0.0
208.13328119460496,45.0,4.511093999999999e-09,1.0,0.0
208.1328420032725,45.0,4.612956999999999e-09,1.0,0.0
208.13241132778424,45.0,4.467437999999999e-09,1.0,0.0
208.1319899692472,45.0,4.3510229999999994e-09,1.0,0.0
208.1316021949548,45.0,3.768946e-09,1.0,0.0
208.1311869253219,45.0,4.380126e-09,1.0,0.0
208.13073799393888,45.0,3.9435689999999995e-09,1.0,0.0
208.13033900272475,45.0,3.899913e-09,1.0,0.0
208.12991500917315,45.0,4.1764e-09,1.0,0.0
208.1295088737789,45.0,3.812602e-09,1.0,0.0
208.12908169351869,45.0,5.122273999999999e-09,1.0,0.0
208.12867048339223,45.0,3.5070119999999997e-09,1.0,0.0
208.12827003941555,45.0,4.4383339999999995e-09,1.0,0.0
208.12783163590453,45.0,4.249159e-09,1.0,0.0
208.12742391245865,45.0,3.6088749999999997e-09,1.0,0.0
208.12700506741643,45.0,4.118191999999999e-09,1.0,0.0
208.1265898003732,45.0,3.376044e-09,1.0,0.0
208.12615393697337,45.0,4.729371999999999e-09,1.0,0.0
208.1257684859484,45.0,3.972672999999999e-09,1.0,0.0
208.12532759181488,45.0,4.0454319999999996e-09,1.0,0.0
208.1249296390002,45.0,4.1764e-09,1.0,0.0
208.1245126224322,45.0,3.6088749999999997e-09,1.0,0.0
208.12406957428524,45.0,4.5693009999999994e-09,1.0,0.0
208.12365737936824,45.0,3.9581209999999995e-09,1.0,0.0
208.12325216517573,45.0,4.132744e-09,1.0,0.0
208.12282126228487,45.0,4.292815e-09,1.0,0.0
208.1223903604164,45.0,4.147296e-09,1.0,0.0
208.12196462041985,45.0,4.496541999999999e-09,1.0,0.0
208.12157684473664,45.0,3.667083e-09,1.0,0.0
208.1211391682118,45.0,4.758476e-09,1.0,0.0
208.1207151800076,45.0,4.0599839999999995e-09,1.0,0.0
208.12028176069788,45.0,4.016329e-09,1.0,0.0
208.1198738129752,45.0,4.263711e-09,1.0,0.0
208.11944356294737,45.0,3.6379789999999996e-09,1.0,0.0
208.11904395840023,45.0,4.598404999999999e-09,1.0,0.0
208.1186399631764,45.0,3.783498e-09,1.0,0.0
208.1181957224228,45.0,4.0599839999999995e-09,1.0,0.0
208.11780953279737,45.0,4.423782e-09,1.0,0.0
208.1173837432285,45.0,4.190952e-09,1.0,0.0
208.11697804957137,45.0,4.3364709999999995e-09,1.0,0.0
208.1165625086272,45.0,3.914465e-09,1.0,0.0
208.11613183157036,45.0,4.642061e-09,1.0,0.0
208.11572727217583,45.0,4.147296e-09,1.0,0.0
208.11530353760847,45.0,4.0599839999999995e-09,1.0,0.0
208.1149045368854,45.0,4.365574999999999e-09,1.0,0.0
208.11445754813528,45.0,3.6379789999999996e-09,1.0,0.0
208.1140422823516,45.0,5.2241379999999995e-09,1.0,0.0
208.11362673755823,45.0,3.8417059999999995e-09,1.0,0.0
208.1131843768389,45.0,4.4528859999999995e-09,1.0,0.0
208.11278507209664,45.0,4.263711e-09,1.0,0.0
208.11236108322248,45.0,3.972672999999999e-09,1.0,0.0
208.11191462875624,45.0,4.5693009999999994e-09,1.0,0.0
208.111513599302,45.0,3.201421e-09,1.0,0.0
208.11110650743336,45.0,5.267793e-09,1.0,0.0
208.11069055818567,45.0,3.565218999999999e-09,1.0,0.0
208.1102823830604,45.0,3.899913e-09,1.0,0.0
208.1098514855913,45.0,4.089087999999999e-09,1.0,0.0
208.10944389152647,45.0,3.667083e-09,1.0,0.0
208.1090293254555,45.0,5.0640659999999994e-09,1.0,0.0
208.1086143337604,45.0,3.361491999999999e-09,1.0,0.0
208.10821680272105,45.0,4.278263e-09,1.0,0.0
208.107773920636,45.0,4.234607e-09,1.0,0.0
208.10734992970987,45.0,3.972672999999999e-09,1.0,0.0
208.10694994146604,45.0,4.612956999999999e-09,1.0,0.0
208.10650965783285,45.0,3.1141099999999997e-09,1.0,0.0
208.10611131798527,45.0,4.5693009999999994e-09,1.0,0.0
208.10570471273664,45.0,4.0454319999999996e-09,1.0,0.0
208.10527224180697,45.0,4.0454319999999996e-09,1.0,0.0
208.10486429224653,45.0,4.030881e-09,1.0,0.0
208.10443362217995,45.0,3.5943229999999998e-09,1.0,0.0
208.1040174907864,45.0,4.976754999999999e-09,1.0,0.0
208.10362972172976,45.0,3.070454e-09,1.0,0.0
208.1031865119999,45.0,4.758476e-09,1.0,0.0
208.10276301155344,45.0,3.6088749999999997e-09,1.0,0.0
208.1023252454646,45.0,4.263711e-09,1.0,0.0
208.1018945709073,45.0,4.365574999999999e-09,1.0,0.0
208.101491285736,45.0,3.7252899999999997e-09,1.0,0.0
208.10108199765523,45.0,4.9330989999999995e-09,1.0,0.0
208.1006392208196,45.0,3.5943229999999998e-09,1.0,0.0
208.10023546752063,45.0,4.0599839999999995e-09,1.0,0.0
208.09982106938284,45.0,4.205504e-09,1.0,0.0
208.09942232710756,45.0,4.205504e-09,1.0,0.0
208.09897759303888,45.0,4.78758e-09,1.0,0.0
208.0985617675304,45.0,3.6961859999999998e-09,1.0,0.0
208.09817455434936,45.0,4.8457879999999994e-09,1.0,0.0
208.0977457778617,45.0,3.812602e-09,1.0,0.0
208.0973378355607,45.0,4.118191999999999e-09,1.0,0.0
208.09690693200693,45.0,4.4528859999999995e-09,1.0,0.0
208.09648458555247,45.0,3.8417059999999995e-09,1.0,0.0
208.09609682071883,45.0,4.627509e-09,1.0,0.0
208.09565639712824,45.0,3.667083e-09,1.0,0.0
208.0952326542565,45.0,3.929017e-09,1.0,0.0
208.09483365835112,45.0,4.001776999999999e-09,1.0,0.0
208.09438947121896,45.0,3.972672999999999e-09,1.0,0.0
208.0939635282408,45.0,4.598404999999999e-09,1.0,0.0
208.09356193293587,45.0,3.6961859999999998e-09,1.0,0.0
208.0931604902672,45.0,4.860339999999999e-09,1.0,0.0
208.0927344987768,45.0,3.8417059999999995e-09,1.0,0.0
208.092290204034,45.0,4.0599839999999995e-09,1.0,0.0
208.0918912175792,45.0,4.103639999999999e-09,1.0,0.0
208.09144274886685,45.0,3.783498e-09,1.0,0.0
208.091027479234,45.0,5.0640659999999994e-09,1.0,0.0
208.0906399827481,45.0,3.085006e-09,1.0,0.0
208.09021795133876,45.0,4.3364709999999995e-09,1.0,0.0
208.08978704844787,45.0,4.030881e-09,1.0,0.0
208.089378874594,45.0,4.132744e-09,1.0,0.0
208.08895030388263,45.0,4.234607e-09,1.0,0.0
208.08854977493783,45.0,4.161848e-09,1.0,0.0
208.08814698062872,45.0,5.0640659999999994e-09,1.0,0.0
208.087702044668,45.0,4.758476e-09,1.0,0.0
208.08731550275508,45.0,4.8166839999999996e-09,1.0,0.0
208.08687930833625,45.0,3.6525309999999995e-09,1.0,0.0
208.08643150860047,45.0,4.161848e-09,1.0,0.0
208.086056574434,45.0,4.3219189999999996e-09,1.0,0.0
208.0856262012548,45.0,3.6816349999999998e-09,1.0,0.0
208.08520667123463,45.0,4.147296e-09,1.0,0.0
208.08479849851656,45.0,4.0599839999999995e-09,1.0,0.0
208.08436759321853,45.0,3.8417059999999995e-09,1.0,0.0
208.08396160995488,45.0,4.511093999999999e-09,1.0,0.0
208.08354930384127,45.0,2.9394869999999996e-09,1.0,0.0
208.08313375627057,45.0,4.394678e-09,1.0,0.0
208.08269013716023,45.0,3.8271539999999996e-09,1.0,0.0
208.0822738702745,45.0,3.9435689999999995e-09,1.0,0.0
208.0818671517264,45.0,3.972672999999999e-09,1.0,0.0
208.0814199287004,45.0,4.118191999999999e-09,1.0,0.0
208.081000514838,45.0,3.972672999999999e-09,1.0,0.0
208.08058492044475,45.0,3.5361149999999996e-09,1.0,0.0
208.08014994020644,45.0,4.3510229999999994e-09,1.0,0.0
208.07974693650755,45.0,3.754394e-09,1.0,0.0
208.07934203852096,45.0,4.089087999999999e-09,1.0,0.0
208.07892395671453,45.0,3.972672999999999e-09,1.0,0.0
208.0784796808969,45.0,3.6088749999999997e-09,1.0,0.0
208.0781017181164,45.0,4.860339999999999e-09,1.0,0.0
208.07767664332545,45.0,3.6961859999999998e-09,1.0,0.0
208.07726373864972,45.0,4.423782e-09,1.0,0.0
208.0768397666956,45.0,3.899913e-09,1.0,0.0
208.0764112546499,45.0,3.6088749999999997e-09,1.0,0.0
208.0760147309805,45.0,4.0454319999999996e-09,1.0,0.0
208.0755998985545,45.0,3.5361149999999996e-09,1.0,0.0
208.07518477865835,45.0,4.642061e-09,1.0,0.0
208.07477707833567,45.0,3.201421e-09,1.0,0.0
208.074337040375,45.0,4.030881e-09,1.0,0.0
208.07389254478844,45.0,3.9435689999999995e-09,1.0,0.0
208.073507552234,45.0,3.448803999999999e-09,1.0,0.0
208.07307979372487,45.0,5.034963e-09,1.0,0.0
208.0726642461542,45.0,2.968591e-09,1.0,0.0
208.0722377943986,45.0,4.511093999999999e-09,1.0,0.0
208.0718296236044,45.0,3.8562579999999994e-09,1.0,0.0
208.07139484472745,45.0,4.089087999999999e-09,1.0,0.0
208.07094705522545,45.0,4.40923e-09,1.0,0.0
208.07056010292425,45.0,3.259628999999999e-09,1.0,0.0
208.07014457190496,45.0,5.034963e-09,1.0,0.0
208.0697214742916,45.0,3.667083e-09,1.0,0.0
208.06931330458804,45.0,4.394678e-09,1.0,0.0
208.06888699331367,45.0,3.667083e-09,1.0,0.0
208.06848267161573,45.0,4.132744e-09,1.0,0.0
208.06806711861583,45.0,4.423782e-09,1.0,0.0
208.06765566431304,45.0,3.5070119999999997e-09,1.0,0.0
208.06725061080647,45.0,4.700269e-09,1.0,0.0
208.06680818165452,45.0,3.274181e-09,1.0,0.0
208.06641199246408,45.0,4.147296e-09,1.0,0.0
208.0659904925136,45.0,3.79805e-09,1.0,0.0
208.06554716933567,45.0,3.448803999999999e-09,1.0,0.0
208.0651417847077,45.0,4.278263e-09,1.0,0.0
208.06473822065075,45.0,3.783498e-09,1.0,0.0
208.0643027037684,45.0,3.899913e-09,1.0,0.0
208.06389453156643,45.0,3.870809e-09,1.0,0.0
208.06346999107743,45.0,3.5943229999999998e-09,1.0,0.0
208.06305472144456,45.0,4.773028e-09,1.0,0.0
208.0626254616152,45.0,3.477908e-09,1.0,0.0
208.0622402500121,45.0,4.292815e-09,1.0,0.0
208.06179652422136,45.0,4.001776999999999e-09,1.0,0.0
208.0613557121871,45.0,4.089087999999999e-09,1.0,0.0
208.06092503154755,45.0,4.467437999999999e-09,1.0,0.0
208.0605250480636,45.0,3.4051479999999997e-09,1.0,0.0
208.06011951287772,45.0,4.307367e-09,1.0,0.0
208.05970096642028,45.0,3.667083e-09,1.0,0.0
208.05925332073187,45.0,4.118191999999999e-09,1.0,0.0
208.05886188975188,45.0,3.870809e-09,1.0,0.0
208.0584313198012,45.0,3.972672999999999e-09,1.0,0.0
208.05804149708644,45.0,4.307367e-09,1.0,0.0
208.05760709815067,45.0,3.201421e-09,1.0,0.0
208.05722571778463,45.0,4.1764e-09,1.0,0.0
208.0567843688241,45.0,3.9435689999999995e-09,1.0,0.0
208.05635239634887,45.0,4.0454319999999996e-09,1.0,0.0
208.05593671716764,45.0,4.365574999999999e-09,1.0,0.0
208.0555212669616,45.0,2.895831e-09,1.0,0.0
208.05511414779025,45.0,4.7148209999999996e-09,1.0,0.0
208.05471241378973,45.0,3.6088749999999997e-09,1.0,0.0
208.0542817437232,45.0,4.496541999999999e-09,1.0,0.0
208.0538421724348,45.0,3.899913e-09,1.0,0.0
208.05344266028536,45.0,4.030881e-09,1.0,0.0
208.05301918525976,45.0,3.812602e-09,1.0,0.0
208.05258549589257,45.0,3.477908e-09,1.0,0.0
208.05217022671755,45.0,4.671165e-09,1.0,0.0
208.0517426969413,45.0,3.3323889999999996e-09,1.0,0.0
208.05133474602528,45.0,4.642061e-09,1.0,0.0
208.05090072505973,45.0,3.5361149999999996e-09,1.0,0.0
208.0504956657808,45.0,3.783498e-09,1.0,0.0
208.0500930467854,45.0,4.3364709999999995e-09,1.0,0.0
208.04965659251613,45.0,3.6088749999999997e-09,1.0,0.0
208.04925450404875,45.0,4.307367e-09,1.0,0.0
208.04883051699755,45.0,4.0599839999999995e-09,1.0,0.0
208.04843152457883,45.0,3.972672999999999e-09,1.0,0.0
208.04799868295896,45.0,4.307367e-09,1.0,0.0
208.0475824927661,45.0,3.1141099999999997e-09,1.0,0.0
208.0471972675992,45.0,4.671165e-09,1.0,0.0
208.0467492565018,45.0,3.6816349999999998e-09,1.0,0.0
208.04632313619663,45.0,4.118191999999999e-09,1.0,0.0
208.04592627703184,45.0,3.899913e-09,1.0,0.0
208.0454822543529,45.0,3.5215629999999997e-09,1.0,0.0
208.04507903546792,45.0,4.8166839999999996e-09,1.0,0.0
208.04467977055765,45.0,3.5943229999999998e-09,1.0,0.0
208.04425027830447,45.0,4.0599839999999995e-09,1.0,0.0
208.04384210317923,45.0,3.739842e-09,1.0,0.0
208.04340832011115,45.0,3.812602e-09,1.0,0.0
208.0429840720998,45.0,4.3510229999999994e-09,1.0,0.0
208.04257189486967,45.0,3.361491999999999e-09,1.0,0.0
208.04215843510323,45.0,4.8457879999999994e-09,1.0,0.0
208.04173327608777,45.0,3.3032849999999997e-09,1.0,0.0
208.04130259909607,45.0,4.8312359999999995e-09,1.0,0.0
208.04086511668777,45.0,2.168235e-09,1.0,0.0
